date,district,source,value
2026-09-08 00:43:51,Mono Basin,Lee Vining Intake Above Flow,58.6
2026-09-08 00:43:51,Mono Basin,Lee Vining Intake Below Flow,32.2
2026-09-08 00:43:51,Mono Basin,Walker Ck. Above Conduit Flow,2.0
2026-09-08 00:43:51,Mono Basin,L.V. Conduit Below Intake Flow,29.9
2026-09-08 00:43:51,Mono Basin,Walker Ck. Under Conduit Flow,3.0
2026-09-08 00:43:51,Mono Basin,Parker Ck. Under Conduit Flow,8.0
2026-09-08 00:43:51,Mono Basin,Parker Ck. Above Conduit Flow,9.0
2026-09-08 00:43:51,Mono Basin,Grant Lk. Spill Flow,0.0
2026-09-08 00:43:51,Mono Basin,Mono Gate 1 Return Ditch Flow,40.1
2026-09-08 00:43:51,Mono Basin,Grant Lk. Outflow,38.5
2026-09-08 00:43:51,Mono Basin,Rush Ck. at Damsite Flow,17.8
2026-09-08 00:43:51,Mono Basin,Flow to West Portal,0.0
2026-09-08 00:43:51,Long Valley,East Portal Flow,12.0
2026-09-08 00:43:51,Long Valley,OR Below EP Flow,57.0
2026-09-08 00:43:51,Long Valley,Hot Ck.at Hwy. Flow,5.0
2026-09-08 00:43:51,Long Valley,McGee Ck. Lower Sta. Flow,8.1
2026-09-08 00:43:51,Long Valley,Long Valley Current Outflow,570.7
2026-09-08 00:43:51,Long Valley,Rock Ck. Div. Flow,0.0
2026-09-08 00:43:51,Long Valley,Upper Gorge Total Release,35.7
2026-09-08 00:43:51,Northern Owens Valley,Rock Ck. At Owens River (PV) Flow,25.8
2026-09-08 00:43:51,Northern Owens Valley,Pleasant Valley Outflow,500.4
2026-09-08 00:43:51,Northern Owens Valley,Baker Ck. At LA Station Flow,6.2
2026-09-08 00:43:51,Northern Owens Valley,Big Pine Ck. USGS Flow,21.9
2026-09-08 00:43:51,Northern Owens Valley,O.R. Below Big Pine,477.0
2026-09-08 00:43:51,Northern Owens Valley,Fish Springs At RR Flow,30.1
2026-09-08 00:43:51,Northern Owens Valley,Tinemaha Reservoir Outflow,477.5
2026-09-08 00:43:51,Northern Owens Valley,Bishop Creek Through Plant 6,68.4
2026-09-08 00:43:51,Northern Owens Valley,Bishop Creek Around Plant 6,7.4
2026-09-08 00:43:51,Southern Owens Valley,Tinemaha Reservoir Outflow,477.5
2026-09-08 00:43:51,Southern Owens Valley,Indep. Ck. At Junction Flow,3.7
2026-09-08 00:43:51,Southern Owens Valley,LAA at Alabama Flow,422.0
2026-09-08 00:43:51,Southern Owens Valley,Cottonwood Ck. At LAA Flow,2.0
2026-09-08 00:43:51,Southern Owens Valley,LAA at Cottonwood Flow,468.0
2026-09-08 00:43:51,Southern Owens Valley,Haiwee LAA #1 Current Flow,0.0
2026-09-08 00:43:51,Southern Owens Valley,Haiwee LAA #2 Current Flow,146.9
2026-09-08 00:43:51,Southern Owens Valley,Reinhackel Flow,2.9
2026-09-08 00:43:51,Southern Owens Valley,Lubkin Spillgate Outflow,0.0
2026-09-08 00:43:51,Southern Owens Valley,Cartago Spillgate Outflow,0.0
2026-09-08 00:43:51,Southern Owens Valley,Lone Pine Creek Flow,7.5
2026-09-08 00:43:51,Lower Owens River Project,LORP Intake Flow,87.0
2026-09-08 00:43:51,Lower Owens River Project,LORP at Mazourka Canyon Road,0.0
2026-09-08 00:43:51,Lower Owens River Project,LORP at Reinhackle Springs,58.0
2026-09-08 00:43:51,Lower Owens River Project,LORP Above Pumpstation,49.0
2026-09-08 00:43:51,Lower Owens River Project,LORP At Pump Station Discharge Flow,38.0
2026-09-08 00:43:51,Southern District,Haiwee LAA #2 Current Flow,146.9
2026-09-08 00:43:51,Southern District,Haiwee LAA #1 Current Flow,0.0
2026-09-08 00:43:51,Southern District,LAA #1 Flow at Fairmont Reservoir,310.1
2026-09-08 00:43:51,Southern District,LAA #2 Flow at Fairmont Res.,169.7
2026-09-08 00:43:51,Southern District,Bouquet Reservoir Inflow,34.3
2026-09-08 00:43:51,Southern District,Bouquet Reservoir Outflow,0.7
2026-09-08 00:43:51,Southern District,LAA #1 at Soledad Flow,127.8
2026-09-08 00:43:51,Southern District,LAA #2 at Soledad Flow,244.9
2026-09-08 00:43:51,Long Valley,Release at Middle Gorge,0.0
2026-09-08 00:43:52,Mono Basin,Mono Lk. Elevation,6382.2
2026-09-08 00:43:52,Mono Basin,Grant Lk. Elevation,7128.6
2026-09-08 00:43:52,Long Valley,Long Valley Elevation,6769.1
2026-09-08 00:43:52,Northern Owens Valley,Pleasant Valley Elevation,4385.5
2026-09-08 00:43:52,Southern Owens Valley,LAA at Alabama Level,8.0
2026-09-08 00:43:52,Southern Owens Valley,LAA at Alabama Water Temp,66.5
2026-09-08 00:43:52,Southern Owens Valley,LAA at Cottonwood Level,9.0
2026-09-08 00:43:52,Southern Owens Valley,LAA at Cotton. Water Temp,67.4
2026-09-08 00:43:52,Southern Owens Valley,N. Haiwee Elevation,3757.2
2026-09-08 00:43:52,Southern Owens Valley,S. Haiwee Reservoir Elevation,3728.0
2026-09-08 00:43:52,Southern District,S. Haiwee Reservoir Elevation,3728.0
2026-09-08 00:43:52,Southern District,Fairmont Reservoir Elevation,3023.3
2026-09-08 00:43:52,Southern District,Bouquet Reservoir Elevation,2974.3
2026-09-08 01:43:51,Mono Basin,Lee Vining Intake Above Flow,34.3
2026-09-08 01:43:51,Mono Basin,Lee Vining Intake Below Flow,29.3
2026-09-08 01:43:51,Mono Basin,Walker Ck. Above Conduit Flow,2.0
2026-09-08 01:43:51,Mono Basin,L.V. Conduit Below Intake Flow,18.5
2026-09-08 01:43:51,Mono Basin,Walker Ck. Under Conduit Flow,3.0
2026-09-08 01:43:51,Mono Basin,Parker Ck. Under Conduit Flow,8.0
2026-09-08 01:43:51,Mono Basin,Parker Ck. Above Conduit Flow,9.0
2026-09-08 01:43:51,Mono Basin,Grant Lk. Spill Flow,0.0
2026-09-08 01:43:51,Mono Basin,Mono Gate 1 Return Ditch Flow,40.0
2026-09-08 01:43:51,Mono Basin,Grant Lk. Outflow,38.2
2026-09-08 01:43:51,Mono Basin,Rush Ck. at Damsite Flow,17.8
2026-09-08 01:43:51,Mono Basin,Flow to West Portal,0.0
2026-09-08 01:43:51,Long Valley,East Portal Flow,12.0
2026-09-08 01:43:51,Long Valley,OR Below EP Flow,57.0
2026-09-08 01:43:51,Long Valley,Hot Ck.at Hwy. Flow,5.0
2026-09-08 01:43:51,Long Valley,McGee Ck. Lower Sta. Flow,8.1
2026-09-08 01:43:51,Long Valley,Long Valley Current Outflow,568.7
2026-09-08 01:43:51,Long Valley,Rock Ck. Div. Flow,0.0
2026-09-08 01:43:51,Long Valley,Upper Gorge Total Release,34.2
2026-09-08 01:43:51,Northern Owens Valley,Rock Ck. At Owens River (PV) Flow,25.8
2026-09-08 01:43:51,Northern Owens Valley,Pleasant Valley Outflow,500.1
2026-09-08 01:43:51,Northern Owens Valley,Baker Ck. At LA Station Flow,6.2
2026-09-08 01:43:51,Northern Owens Valley,Big Pine Ck. USGS Flow,21.9
2026-09-08 01:43:51,Northern Owens Valley,O.R. Below Big Pine,477.7
2026-09-08 01:43:51,Northern Owens Valley,Fish Springs At RR Flow,30.1
2026-09-08 01:43:51,Northern Owens Valley,Tinemaha Reservoir Outflow,478.3
2026-09-08 01:43:51,Northern Owens Valley,Bishop Creek Through Plant 6,68.4
2026-09-08 01:43:51,Northern Owens Valley,Bishop Creek Around Plant 6,7.4
2026-09-08 01:43:51,Southern Owens Valley,Tinemaha Reservoir Outflow,478.3
2026-09-08 01:43:51,Southern Owens Valley,Indep. Ck. At Junction Flow,3.7
2026-09-08 01:43:51,Southern Owens Valley,LAA at Alabama Flow,423.0
2026-09-08 01:43:51,Southern Owens Valley,Cottonwood Ck. At LAA Flow,2.0
2026-09-08 01:43:51,Southern Owens Valley,LAA at Cottonwood Flow,468.0
2026-09-08 01:43:51,Southern Owens Valley,Haiwee LAA #1 Current Flow,0.0
2026-09-08 01:43:51,Southern Owens Valley,Haiwee LAA #2 Current Flow,146.6
2026-09-08 01:43:51,Southern Owens Valley,Reinhackel Flow,2.9
2026-09-08 01:43:51,Southern Owens Valley,Lubkin Spillgate Outflow,0.0
2026-09-08 01:43:51,Southern Owens Valley,Cartago Spillgate Outflow,0.0
2026-09-08 01:43:51,Southern Owens Valley,Lone Pine Creek Flow,7.5
2026-09-08 01:43:51,Lower Owens River Project,LORP Intake Flow,87.0
2026-09-08 01:43:51,Lower Owens River Project,LORP at Mazourka Canyon Road,0.0
2026-09-08 01:43:51,Lower Owens River Project,LORP at Reinhackle Springs,63.0
2026-09-08 01:43:51,Lower Owens River Project,LORP Above Pumpstation,48.0
2026-09-08 01:43:51,Lower Owens River Project,LORP At Pump Station Discharge Flow,37.0
2026-09-08 01:43:51,Southern District,Haiwee LAA #2 Current Flow,146.6
2026-09-08 01:43:51,Southern District,Haiwee LAA #1 Current Flow,0.0
2026-09-08 01:43:51,Southern District,LAA #1 Flow at Fairmont Reservoir,308.6
2026-09-08 01:43:51,Southern District,LAA #2 Flow at Fairmont Res.,169.7
2026-09-08 01:43:51,Southern District,Bouquet Reservoir Inflow,34.3
2026-09-08 01:43:51,Southern District,Bouquet Reservoir Outflow,0.7
2026-09-08 01:43:51,Southern District,LAA #1 at Soledad Flow,127.8
2026-09-08 01:43:51,Southern District,LAA #2 at Soledad Flow,244.9
2026-09-08 01:43:51,Long Valley,Release at Middle Gorge,0.0
2026-09-08 01:43:52,Mono Basin,Mono Lk. Elevation,6382.2
2026-09-08 01:43:52,Mono Basin,Grant Lk. Elevation,7128.7
2026-09-08 01:43:52,Long Valley,Long Valley Elevation,6769.1
2026-09-08 01:43:52,Northern Owens Valley,Pleasant Valley Elevation,4385.6
2026-09-08 01:43:52,Southern Owens Valley,LAA at Alabama Level,8.0
2026-09-08 01:43:52,Southern Owens Valley,LAA at Alabama Water Temp,66.0
2026-09-08 01:43:52,Southern Owens Valley,LAA at Cottonwood Level,9.0
2026-09-08 01:43:52,Southern Owens Valley,LAA at Cotton. Water Temp,67.2
2026-09-08 01:43:52,Southern Owens Valley,N. Haiwee Elevation,3757.2
2026-09-08 01:43:52,Southern Owens Valley,S. Haiwee Reservoir Elevation,3728.0
2026-09-08 01:43:52,Southern District,S. Haiwee Reservoir Elevation,3728.0
2026-09-08 01:43:52,Southern District,Fairmont Reservoir Elevation,3023.4
2026-09-08 01:43:52,Southern District,Bouquet Reservoir Elevation,2974.3
2026-09-08 02:43:52,Mono Basin,Lee Vining Intake Above Flow,27.4
2026-09-08 02:43:52,Mono Basin,Lee Vining Intake Below Flow,29.4
2026-09-08 02:43:52,Mono Basin,Walker Ck. Above Conduit Flow,2.0
2026-09-08 02:43:52,Mono Basin,L.V. Conduit Below Intake Flow,6.8
2026-09-08 02:43:52,Mono Basin,Walker Ck. Under Conduit Flow,3.0
2026-09-08 02:43:52,Mono Basin,Parker Ck. Under Conduit Flow,8.0
2026-09-08 02:43:52,Mono Basin,Parker Ck. Above Conduit Flow,9.0
2026-09-08 02:43:52,Mono Basin,Grant Lk. Spill Flow,0.0
2026-09-08 02:43:52,Mono Basin,Mono Gate 1 Return Ditch Flow,40.1
2026-09-08 02:43:52,Mono Basin,Grant Lk. Outflow,39.0
2026-09-08 02:43:52,Mono Basin,Rush Ck. at Damsite Flow,17.8
2026-09-08 02:43:52,Mono Basin,Flow to West Portal,0.0
2026-09-08 02:43:52,Long Valley,East Portal Flow,12.0
2026-09-08 02:43:52,Long Valley,OR Below EP Flow,57.0
2026-09-08 02:43:52,Long Valley,Hot Ck.at Hwy. Flow,5.0
2026-09-08 02:43:52,Long Valley,McGee Ck. Lower Sta. Flow,8.1
2026-09-08 02:43:52,Long Valley,Long Valley Current Outflow,571.0
2026-09-08 02:43:52,Long Valley,Rock Ck. Div. Flow,0.0
2026-09-08 02:43:52,Long Valley,Upper Gorge Total Release,35.7
2026-09-08 02:43:52,Northern Owens Valley,Rock Ck. At Owens River (PV) Flow,25.8
2026-09-08 02:43:52,Northern Owens Valley,Pleasant Valley Outflow,501.0
2026-09-08 02:43:52,Northern Owens Valley,Baker Ck. At LA Station Flow,6.2
2026-09-08 02:43:52,Northern Owens Valley,Big Pine Ck. USGS Flow,21.9
2026-09-08 02:43:52,Northern Owens Valley,O.R. Below Big Pine,478.2
2026-09-08 02:43:52,Northern Owens Valley,Fish Springs At RR Flow,30.1
2026-09-08 02:43:52,Northern Owens Valley,Tinemaha Reservoir Outflow,477.5
2026-09-08 02:43:52,Northern Owens Valley,Bishop Creek Through Plant 6,68.4
2026-09-08 02:43:52,Northern Owens Valley,Bishop Creek Around Plant 6,7.4
2026-09-08 02:43:52,Southern Owens Valley,Tinemaha Reservoir Outflow,477.5
2026-09-08 02:43:52,Southern Owens Valley,Indep. Ck. At Junction Flow,3.7
2026-09-08 02:43:52,Southern Owens Valley,LAA at Alabama Flow,422.0
2026-09-08 02:43:52,Southern Owens Valley,Cottonwood Ck. At LAA Flow,2.0
2026-09-08 02:43:52,Southern Owens Valley,LAA at Cottonwood Flow,468.0
2026-09-08 02:43:52,Southern Owens Valley,Haiwee LAA #1 Current Flow,0.0
2026-09-08 02:43:52,Southern Owens Valley,Haiwee LAA #2 Current Flow,146.6
2026-09-08 02:43:52,Southern Owens Valley,Reinhackel Flow,2.9
2026-09-08 02:43:52,Southern Owens Valley,Lubkin Spillgate Outflow,0.0
2026-09-08 02:43:52,Southern Owens Valley,Cartago Spillgate Outflow,0.0
2026-09-08 02:43:52,Southern Owens Valley,Lone Pine Creek Flow,7.5
2026-09-08 02:43:52,Lower Owens River Project,LORP Intake Flow,87.0
2026-09-08 02:43:52,Lower Owens River Project,LORP at Mazourka Canyon Road,0.0
2026-09-08 02:43:52,Lower Owens River Project,LORP at Reinhackle Springs,59.0
2026-09-08 02:43:52,Lower Owens River Project,LORP Above Pumpstation,49.0
2026-09-08 02:43:52,Lower Owens River Project,LORP At Pump Station Discharge Flow,38.0
2026-09-08 02:43:52,Southern District,Haiwee LAA #2 Current Flow,146.6
2026-09-08 02:43:52,Southern District,Haiwee LAA #1 Current Flow,0.0
2026-09-08 02:43:52,Southern District,LAA #1 Flow at Fairmont Reservoir,307.8
2026-09-08 02:43:52,Southern District,LAA #2 Flow at Fairmont Res.,169.7
2026-09-08 02:43:52,Southern District,Bouquet Reservoir Inflow,34.1
2026-09-08 02:43:52,Southern District,Bouquet Reservoir Outflow,0.5
2026-09-08 02:43:52,Southern District,LAA #1 at Soledad Flow,127.8
2026-09-08 02:43:52,Southern District,LAA #2 at Soledad Flow,244.9
2026-09-08 02:43:52,Long Valley,Release at Middle Gorge,6.5
2026-09-08 02:43:53,Mono Basin,Mono Lk. Elevation,6382.2
2026-09-08 02:43:53,Mono Basin,Grant Lk. Elevation,7128.6
2026-09-08 02:43:53,Long Valley,Long Valley Elevation,6769.1
2026-09-08 02:43:53,Northern Owens Valley,Pleasant Valley Elevation,4385.7
2026-09-08 02:43:53,Southern Owens Valley,LAA at Alabama Level,8.0
2026-09-08 02:43:53,Southern Owens Valley,LAA at Alabama Water Temp,65.9
2026-09-08 02:43:53,Southern Owens Valley,LAA at Cottonwood Level,9.0
2026-09-08 02:43:53,Southern Owens Valley,LAA at Cotton. Water Temp,67.2
2026-09-08 02:43:53,Southern Owens Valley,N. Haiwee Elevation,3757.2
2026-09-08 02:43:53,Southern Owens Valley,S. Haiwee Reservoir Elevation,3728.0
2026-09-08 02:43:53,Southern District,S. Haiwee Reservoir Elevation,3728.0
2026-09-08 02:43:53,Southern District,Fairmont Reservoir Elevation,3023.4
2026-09-08 02:43:53,Southern District,Bouquet Reservoir Elevation,2974.3
2026-09-08 03:43:51,Mono Basin,Lee Vining Intake Above Flow,24.9
2026-09-08 03:43:51,Mono Basin,Lee Vining Intake Below Flow,29.5
2026-09-08 03:43:51,Mono Basin,Mono Lk. Elevation,6382.2
2026-09-08 03:43:51,Mono Basin,Walker Ck. Above Conduit Flow,2.0
2026-09-08 03:43:51,Mono Basin,L.V. Conduit Below Intake Flow,1.0
2026-09-08 03:43:51,Mono Basin,Walker Ck. Under Conduit Flow,3.0
2026-09-08 03:43:51,Mono Basin,Parker Ck. Under Conduit Flow,8.0
2026-09-08 03:43:51,Mono Basin,Parker Ck. Above Conduit Flow,9.0
2026-09-08 03:43:51,Mono Basin,Grant Lk. Spill Flow,0.0
2026-09-08 03:43:51,Mono Basin,Mono Gate 1 Return Ditch Flow,40.2
2026-09-08 03:43:51,Mono Basin,Grant Lk. Elevation,7128.7
2026-09-08 03:43:51,Mono Basin,Grant Lk. Outflow,38.7
2026-09-08 03:43:51,Mono Basin,Rush Ck. at Damsite Flow,17.8
2026-09-08 03:43:51,Mono Basin,Flow to West Portal,0.0
2026-09-08 03:43:51,Long Valley,East Portal Flow,12.0
2026-09-08 03:43:51,Long Valley,OR Below EP Flow,57.0
2026-09-08 03:43:51,Long Valley,Hot Ck.at Hwy. Flow,5.0
2026-09-08 03:43:51,Long Valley,McGee Ck. Lower Sta. Flow,8.1
2026-09-08 03:43:51,Long Valley,Long Valley Elevation,6769.0
2026-09-08 03:43:51,Long Valley,Long Valley Current Outflow,568.9
2026-09-08 03:43:51,Long Valley,Rock Ck. Div. Flow,0.0
2026-09-08 03:43:51,Long Valley,Upper Gorge Total Release,34.9
2026-09-08 03:43:51,Northern Owens Valley,Rock Ck. At Owens River (PV) Flow,25.8
2026-09-08 03:43:51,Northern Owens Valley,Pleasant Valley Elevation,4385.8
2026-09-08 03:43:51,Northern Owens Valley,Pleasant Valley Outflow,500.8
2026-09-08 03:43:51,Northern Owens Valley,Baker Ck. At LA Station Flow,6.3
2026-09-08 03:43:51,Northern Owens Valley,Big Pine Ck. USGS Flow,21.9
2026-09-08 03:43:51,Northern Owens Valley,O.R. Below Big Pine,476.7
2026-09-08 03:43:51,Northern Owens Valley,Fish Springs At RR Flow,30.1
2026-09-08 03:43:51,Northern Owens Valley,Tinemaha Reservoir Outflow,477.5
2026-09-08 03:43:51,Northern Owens Valley,Bishop Creek Through Plant 6,69.0
2026-09-08 03:43:51,Northern Owens Valley,Bishop Creek Around Plant 6,7.4
2026-09-08 03:43:51,Southern Owens Valley,Tinemaha Reservoir Outflow,477.5
2026-09-08 03:43:51,Southern Owens Valley,Indep. Ck. At Junction Flow,3.7
2026-09-08 03:43:51,Southern Owens Valley,LAA at Alabama Flow,422.0
2026-09-08 03:43:51,Southern Owens Valley,LAA at Alabama Level,8.0
2026-09-08 03:43:51,Southern Owens Valley,LAA at Alabama Water Temp,65.5
2026-09-08 03:43:51,Southern Owens Valley,Cottonwood Ck. At LAA Flow,2.0
2026-09-08 03:43:51,Southern Owens Valley,LAA at Cottonwood Flow,468.0
2026-09-08 03:43:51,Southern Owens Valley,LAA at Cottonwood Level,9.0
2026-09-08 03:43:51,Southern Owens Valley,LAA at Cotton. Water Temp,67.2
2026-09-08 03:43:51,Southern Owens Valley,N. Haiwee Elevation,3757.2
2026-09-08 03:43:51,Southern Owens Valley,S. Haiwee Reservoir Elevation,3728.0
2026-09-08 03:43:51,Southern Owens Valley,Haiwee LAA #1 Current Flow,0.0
2026-09-08 03:43:51,Southern Owens Valley,Haiwee LAA #2 Current Flow,146.6
2026-09-08 03:43:51,Southern Owens Valley,Reinhackel Flow,2.9
2026-09-08 03:43:51,Southern Owens Valley,Lubkin Spillgate Outflow,0.2
2026-09-08 03:43:51,Southern Owens Valley,Cartago Spillgate Outflow,0.0
2026-09-08 03:43:51,Southern Owens Valley,Lone Pine Creek Flow,7.6
2026-09-08 03:43:51,Lower Owens River Project,LORP Intake Flow,87.0
2026-09-08 03:43:51,Lower Owens River Project,LORP at Mazourka Canyon Road,0.0
2026-09-08 03:43:51,Lower Owens River Project,LORP at Reinhackle Springs,60.0
2026-09-08 03:43:51,Lower Owens River Project,LORP Above Pumpstation,49.0
2026-09-08 03:43:51,Lower Owens River Project,LORP At Pump Station Discharge Flow,38.0
2026-09-08 03:43:51,Southern District,Haiwee LAA #2 Current Flow,146.6
2026-09-08 03:43:51,Southern District,S. Haiwee Reservoir Elevation,3728.0
2026-09-08 03:43:51,Southern District,Haiwee LAA #1 Current Flow,0.0
2026-09-08 03:43:51,Southern District,Fairmont Reservoir Elevation,3023.4
2026-09-08 03:43:51,Southern District,LAA #1 Flow at Fairmont Reservoir,309.1
2026-09-08 03:43:51,Southern District,LAA #2 Flow at Fairmont Res.,169.7
2026-09-08 03:43:51,Southern District,Bouquet Reservoir Elevation,2974.3
2026-09-08 03:43:51,Southern District,Bouquet Reservoir Inflow,34.0
2026-09-08 03:43:51,Southern District,Bouquet Reservoir Outflow,0.7
2026-09-08 03:43:51,Southern District,LAA #1 at Soledad Flow,123.7
2026-09-08 03:43:51,Southern District,LAA #2 at Soledad Flow,248.8
2026-09-08 03:43:51,Long Valley,Release at Middle Gorge,0.0
2026-09-08 04:28:53,Northern Owens Valley,Tinemaha Elevation,3861.6
2026-09-08 04:28:53,Southern Owens Valley,Tinemaha Elevation,3861.6
2026-09-08 04:43:54,Mono Basin,Lee Vining Intake Above Flow,24.2
2026-09-08 04:43:54,Mono Basin,Lee Vining Intake Below Flow,29.6
2026-09-08 04:43:54,Mono Basin,Mono Lk. Elevation,6382.2
2026-09-08 04:43:54,Mono Basin,Walker Ck. Above Conduit Flow,2.0
2026-09-08 04:43:54,Mono Basin,L.V. Conduit Below Intake Flow,0.5
2026-09-08 04:43:54,Mono Basin,Walker Ck. Under Conduit Flow,3.0
2026-09-08 04:43:54,Mono Basin,Parker Ck. Under Conduit Flow,8.0
2026-09-08 04:43:54,Mono Basin,Parker Ck. Above Conduit Flow,9.0
2026-09-08 04:43:54,Mono Basin,Grant Lk. Spill Flow,0.0
2026-09-08 04:43:54,Mono Basin,Mono Gate 1 Return Ditch Flow,40.1
2026-09-08 04:43:54,Mono Basin,Grant Lk. Elevation,7128.7
2026-09-08 04:43:54,Mono Basin,Grant Lk. Outflow,38.8
2026-09-08 04:43:54,Mono Basin,Rush Ck. at Damsite Flow,17.8
2026-09-08 04:43:54,Mono Basin,Flow to West Portal,0.0
2026-09-08 04:43:54,Long Valley,East Portal Flow,12.0
2026-09-08 04:43:54,Long Valley,OR Below EP Flow,57.0
2026-09-08 04:43:54,Long Valley,Hot Ck.at Hwy. Flow,5.0
2026-09-08 04:43:54,Long Valley,McGee Ck. Lower Sta. Flow,8.1
2026-09-08 04:43:54,Long Valley,Long Valley Elevation,6769.0
2026-09-08 04:43:54,Long Valley,Long Valley Current Outflow,570.6
2026-09-08 04:43:54,Long Valley,Rock Ck. Div. Flow,0.0
2026-09-08 04:43:54,Long Valley,Upper Gorge Total Release,34.0
2026-09-08 04:43:54,Northern Owens Valley,Rock Ck. At Owens River (PV) Flow,26.0
2026-09-08 04:43:54,Northern Owens Valley,Pleasant Valley Elevation,4385.9
2026-09-08 04:43:54,Northern Owens Valley,Pleasant Valley Outflow,501.6
2026-09-08 04:43:54,Northern Owens Valley,Baker Ck. At LA Station Flow,6.3
2026-09-08 04:43:54,Northern Owens Valley,Big Pine Ck. USGS Flow,21.9
2026-09-08 04:43:54,Northern Owens Valley,O.R. Below Big Pine,476.0
2026-09-08 04:43:54,Northern Owens Valley,Fish Springs At RR Flow,30.1
2026-09-08 04:43:54,Northern Owens Valley,Tinemaha Reservoir Outflow,477.5
2026-09-08 04:43:54,Northern Owens Valley,Bishop Creek Through Plant 6,69.0
2026-09-08 04:43:54,Northern Owens Valley,Bishop Creek Around Plant 6,7.4
2026-09-08 04:43:54,Southern Owens Valley,Tinemaha Reservoir Outflow,477.5
2026-09-08 04:43:54,Southern Owens Valley,Indep. Ck. At Junction Flow,3.7
2026-09-08 04:43:54,Southern Owens Valley,LAA at Alabama Flow,422.0
2026-09-08 04:43:54,Southern Owens Valley,LAA at Alabama Level,8.0
2026-09-08 04:43:54,Southern Owens Valley,LAA at Alabama Water Temp,65.1
2026-09-08 04:43:54,Southern Owens Valley,Cottonwood Ck. At LAA Flow,2.0
2026-09-08 04:43:54,Southern Owens Valley,LAA at Cottonwood Flow,468.0
2026-09-08 04:43:54,Southern Owens Valley,LAA at Cottonwood Level,9.0
2026-09-08 04:43:54,Southern Owens Valley,LAA at Cotton. Water Temp,67.2
2026-09-08 04:43:54,Southern Owens Valley,N. Haiwee Elevation,3757.2
2026-09-08 04:43:54,Southern Owens Valley,S. Haiwee Reservoir Elevation,3728.0
2026-09-08 04:43:54,Southern Owens Valley,Haiwee LAA #1 Current Flow,0.0
2026-09-08 04:43:54,Southern Owens Valley,Haiwee LAA #2 Current Flow,146.6
2026-09-08 04:43:54,Southern Owens Valley,Reinhackel Flow,2.9
2026-09-08 04:43:54,Southern Owens Valley,Lubkin Spillgate Outflow,0.7
2026-09-08 04:43:54,Southern Owens Valley,Cartago Spillgate Outflow,0.0
2026-09-08 04:43:54,Southern Owens Valley,Lone Pine Creek Flow,7.6
2026-09-08 04:43:54,Lower Owens River Project,LORP Intake Flow,87.0
2026-09-08 04:43:54,Lower Owens River Project,LORP at Mazourka Canyon Road,0.0
2026-09-08 04:43:54,Lower Owens River Project,LORP at Reinhackle Springs,60.0
2026-09-08 04:43:54,Lower Owens River Project,LORP Above Pumpstation,48.0
2026-09-08 04:43:54,Lower Owens River Project,LORP At Pump Station Discharge Flow,37.0
2026-09-08 04:43:54,Southern District,Haiwee LAA #2 Current Flow,146.6
2026-09-08 04:43:54,Southern District,S. Haiwee Reservoir Elevation,3728.0
2026-09-08 04:43:54,Southern District,Haiwee LAA #1 Current Flow,0.0
2026-09-08 04:43:54,Southern District,Fairmont Reservoir Elevation,3023.5
2026-09-08 04:43:54,Southern District,LAA #1 Flow at Fairmont Reservoir,308.1
2026-09-08 04:43:54,Southern District,LAA #2 Flow at Fairmont Res.,169.6
2026-09-08 04:43:54,Southern District,Bouquet Reservoir Elevation,2974.3
2026-09-08 04:43:54,Southern District,Bouquet Reservoir Inflow,33.8
2026-09-08 04:43:54,Southern District,Bouquet Reservoir Outflow,0.7
2026-09-08 04:43:54,Southern District,LAA #1 at Soledad Flow,123.7
2026-09-08 04:43:54,Southern District,LAA #2 at Soledad Flow,248.8
2026-09-08 04:43:54,Long Valley,Release at Middle Gorge,0.0
2026-09-08 04:58:53,Northern Owens Valley,Tinemaha Elevation,3861.6
2026-09-08 04:58:53,Southern Owens Valley,Tinemaha Elevation,3861.6
2026-09-08 05:28:53,Northern Owens Valley,Tinemaha Elevation,3861.6
2026-09-08 05:28:53,Southern Owens Valley,Tinemaha Elevation,3861.6
2026-09-08 05:43:53,Mono Basin,Walker Ck. Under Conduit Flow,3.0
2026-09-08 05:43:53,Long Valley,Hot Ck.at Hwy. Flow,5.0
2026-09-08 05:43:53,Long Valley,McGee Ck. Lower Sta. Flow,8.1
2026-09-08 05:43:53,Long Valley,Long Valley Current Outflow,564.4
2026-09-08 05:43:53,Long Valley,Rock Ck. Div. Flow,0.0
2026-09-08 05:43:53,Long Valley,Upper Gorge Total Release,34.8
2026-09-08 05:43:53,Northern Owens Valley,Rock Ck. At Owens River (PV) Flow,26.0
2026-09-08 05:43:53,Northern Owens Valley,Pleasant Valley Outflow,501.1
2026-09-08 05:43:53,Northern Owens Valley,Baker Ck. At LA Station Flow,6.3
2026-09-08 05:43:53,Northern Owens Valley,Big Pine Ck. USGS Flow,21.9
2026-09-08 05:43:53,Northern Owens Valley,O.R. Below Big Pine,475.3
2026-09-08 05:43:53,Northern Owens Valley,Fish Springs At RR Flow,30.1
2026-09-08 05:43:53,Northern Owens Valley,Tinemaha Reservoir Outflow,478.3
2026-09-08 05:43:53,Northern Owens Valley,Bishop Creek Through Plant 6,68.8
2026-09-08 05:43:53,Northern Owens Valley,Bishop Creek Around Plant 6,7.3
2026-09-08 05:43:53,Southern Owens Valley,Tinemaha Reservoir Outflow,478.3
2026-09-08 05:43:53,Southern Owens Valley,Indep. Ck. At Junction Flow,3.7
2026-09-08 05:43:53,Southern Owens Valley,LAA at Alabama Flow,422.0
2026-09-08 05:43:53,Southern Owens Valley,Cottonwood Ck. At LAA Flow,2.0
2026-09-08 05:43:53,Southern Owens Valley,LAA at Cottonwood Flow,467.0
2026-09-08 05:43:53,Southern Owens Valley,Haiwee LAA #1 Current Flow,0.0
2026-09-08 05:43:53,Southern Owens Valley,Haiwee LAA #2 Current Flow,146.6
2026-09-08 05:43:53,Southern Owens Valley,Reinhackel Flow,2.9
2026-09-08 05:43:53,Southern Owens Valley,Lubkin Spillgate Outflow,0.7
2026-09-08 05:43:53,Southern Owens Valley,Cartago Spillgate Outflow,0.0
2026-09-08 05:43:53,Southern Owens Valley,Lone Pine Creek Flow,7.7
2026-09-08 05:43:53,Lower Owens River Project,LORP Intake Flow,89.0
2026-09-08 05:43:53,Lower Owens River Project,LORP at Mazourka Canyon Road,0.0
2026-09-08 05:43:53,Lower Owens River Project,LORP at Reinhackle Springs,62.0
2026-09-08 05:43:53,Lower Owens River Project,LORP Above Pumpstation,50.0
2026-09-08 05:43:53,Lower Owens River Project,LORP At Pump Station Discharge Flow,38.0
2026-09-08 05:43:53,Southern District,Haiwee LAA #2 Current Flow,146.6
2026-09-08 05:43:53,Southern District,Haiwee LAA #1 Current Flow,0.0
2026-09-08 05:43:53,Long Valley,Release at Middle Gorge,0.0
2026-09-08 05:43:54,Mono Basin,Lee Vining Intake Above Flow,24.2
2026-09-08 05:43:54,Mono Basin,Lee Vining Intake Below Flow,29.5
2026-09-08 05:43:54,Mono Basin,Mono Lk. Elevation,6382.2
2026-09-08 05:43:54,Mono Basin,Walker Ck. Above Conduit Flow,2.0
2026-09-08 05:43:54,Mono Basin,L.V. Conduit Below Intake Flow,0.5
2026-09-08 05:43:54,Mono Basin,Parker Ck. Under Conduit Flow,8.0
2026-09-08 05:43:54,Mono Basin,Parker Ck. Above Conduit Flow,9.0
2026-09-08 05:43:54,Mono Basin,Grant Lk. Spill Flow,0.0
2026-09-08 05:43:54,Mono Basin,Mono Gate 1 Return Ditch Flow,40.3
2026-09-08 05:43:54,Mono Basin,Grant Lk. Elevation,7128.6
2026-09-08 05:43:54,Mono Basin,Grant Lk. Outflow,38.8
2026-09-08 05:43:54,Mono Basin,Rush Ck. at Damsite Flow,17.8
2026-09-08 05:43:54,Mono Basin,Flow to West Portal,0.0
2026-09-08 05:43:54,Long Valley,East Portal Flow,12.0
2026-09-08 05:43:54,Long Valley,OR Below EP Flow,57.0
2026-09-08 05:43:54,Long Valley,Long Valley Elevation,6769.0
2026-09-08 05:43:54,Northern Owens Valley,Pleasant Valley Elevation,4386.0
2026-09-08 05:43:54,Southern Owens Valley,LAA at Alabama Level,8.0
2026-09-08 05:43:54,Southern Owens Valley,LAA at Alabama Water Temp,64.8
2026-09-08 05:43:54,Southern Owens Valley,LAA at Cottonwood Level,9.0
2026-09-08 05:43:54,Southern Owens Valley,LAA at Cotton. Water Temp,66.9
2026-09-08 05:43:54,Southern Owens Valley,N. Haiwee Elevation,3757.2
2026-09-08 05:43:54,Southern Owens Valley,S. Haiwee Reservoir Elevation,3728.0
2026-09-08 05:43:54,Southern District,S. Haiwee Reservoir Elevation,3728.0
2026-09-08 05:43:54,Southern District,Fairmont Reservoir Elevation,3023.5
2026-09-08 05:43:54,Southern District,LAA #1 Flow at Fairmont Reservoir,307.3
2026-09-08 05:43:54,Southern District,LAA #2 Flow at Fairmont Res.,169.6
2026-09-08 05:43:54,Southern District,Bouquet Reservoir Elevation,2974.3
2026-09-08 05:43:54,Southern District,Bouquet Reservoir Inflow,38.4
2026-09-08 05:43:54,Southern District,Bouquet Reservoir Outflow,0.7
2026-09-08 05:43:54,Southern District,LAA #1 at Soledad Flow,123.7
2026-09-08 05:43:54,Southern District,LAA #2 at Soledad Flow,248.8
2026-09-08 05:58:53,Northern Owens Valley,Tinemaha Elevation,3861.6
2026-09-08 05:58:53,Southern Owens Valley,Tinemaha Elevation,3861.6
2026-09-08 06:28:53,Northern Owens Valley,Tinemaha Elevation,3861.6
2026-09-08 06:28:53,Southern Owens Valley,Tinemaha Elevation,3861.6
2026-09-08 06:43:54,Mono Basin,Lee Vining Intake Above Flow,23.4
2026-09-08 06:43:54,Mono Basin,Lee Vining Intake Below Flow,29.4
2026-09-08 06:43:54,Mono Basin,Mono Lk. Elevation,6382.2
2026-09-08 06:43:54,Mono Basin,Walker Ck. Above Conduit Flow,2.0
2026-09-08 06:43:54,Mono Basin,L.V. Conduit Below Intake Flow,0.5
2026-09-08 06:43:54,Mono Basin,Walker Ck. Under Conduit Flow,3.0
2026-09-08 06:43:54,Mono Basin,Parker Ck. Under Conduit Flow,8.0
2026-09-08 06:43:54,Mono Basin,Parker Ck. Above Conduit Flow,9.0
2026-09-08 06:43:54,Mono Basin,Grant Lk. Spill Flow,0.0
2026-09-08 06:43:54,Mono Basin,Mono Gate 1 Return Ditch Flow,40.3
2026-09-08 06:43:54,Mono Basin,Grant Lk. Elevation,7128.7
2026-09-08 06:43:54,Mono Basin,Grant Lk. Outflow,38.6
2026-09-08 06:43:54,Mono Basin,Rush Ck. at Damsite Flow,17.1
2026-09-08 06:43:54,Mono Basin,Flow to West Portal,0.0
2026-09-08 06:43:54,Long Valley,East Portal Flow,12.0
2026-09-08 06:43:54,Long Valley,OR Below EP Flow,57.0
2026-09-08 06:43:54,Long Valley,Hot Ck.at Hwy. Flow,5.0
2026-09-08 06:43:54,Long Valley,McGee Ck. Lower Sta. Flow,8.3
2026-09-08 06:43:54,Long Valley,Long Valley Elevation,6769.0
2026-09-08 06:43:54,Long Valley,Long Valley Current Outflow,567.8
2026-09-08 06:43:54,Long Valley,Rock Ck. Div. Flow,0.0
2026-09-08 06:43:54,Long Valley,Upper Gorge Total Release,35.2
2026-09-08 06:43:54,Northern Owens Valley,Rock Ck. At Owens River (PV) Flow,26.0
2026-09-08 06:43:54,Northern Owens Valley,Pleasant Valley Elevation,4386.1
2026-09-08 06:43:54,Northern Owens Valley,Pleasant Valley Outflow,501.4
2026-09-08 06:43:54,Northern Owens Valley,Baker Ck. At LA Station Flow,6.3
2026-09-08 06:43:54,Northern Owens Valley,Big Pine Ck. USGS Flow,22.1
2026-09-08 06:43:54,Northern Owens Valley,O.R. Below Big Pine,476.4
2026-09-08 06:43:54,Northern Owens Valley,Fish Springs At RR Flow,30.1
2026-09-08 06:43:54,Northern Owens Valley,Tinemaha Reservoir Outflow,477.5
2026-09-08 06:43:54,Northern Owens Valley,Bishop Creek Through Plant 6,70.4
2026-09-08 06:43:54,Northern Owens Valley,Bishop Creek Around Plant 6,7.3
2026-09-08 06:43:54,Southern Owens Valley,Tinemaha Reservoir Outflow,477.5
2026-09-08 06:43:54,Southern Owens Valley,Indep. Ck. At Junction Flow,4.0
2026-09-08 06:43:54,Southern Owens Valley,LAA at Alabama Flow,422.0
2026-09-08 06:43:54,Southern Owens Valley,LAA at Alabama Level,8.0
2026-09-08 06:43:54,Southern Owens Valley,LAA at Alabama Water Temp,64.6
2026-09-08 06:43:54,Southern Owens Valley,Cottonwood Ck. At LAA Flow,2.0
2026-09-08 06:43:54,Southern Owens Valley,LAA at Cottonwood Flow,465.0
2026-09-08 06:43:54,Southern Owens Valley,LAA at Cottonwood Level,9.0
2026-09-08 06:43:54,Southern Owens Valley,LAA at Cotton. Water Temp,66.9
2026-09-08 06:43:54,Southern Owens Valley,N. Haiwee Elevation,3757.2
2026-09-08 06:43:54,Southern Owens Valley,S. Haiwee Reservoir Elevation,3728.0
2026-09-08 06:43:54,Southern Owens Valley,Haiwee LAA #1 Current Flow,0.0
2026-09-08 06:43:54,Southern Owens Valley,Haiwee LAA #2 Current Flow,146.5
2026-09-08 06:43:54,Southern Owens Valley,Reinhackel Flow,2.9
2026-09-08 06:43:54,Southern Owens Valley,Lubkin Spillgate Outflow,1.9
2026-09-08 06:43:54,Southern Owens Valley,Cartago Spillgate Outflow,0.0
2026-09-08 06:43:54,Southern Owens Valley,Lone Pine Creek Flow,7.8
2026-09-08 06:43:54,Lower Owens River Project,LORP Intake Flow,89.0
2026-09-08 06:43:54,Lower Owens River Project,LORP at Mazourka Canyon Road,0.0
2026-09-08 06:43:54,Lower Owens River Project,LORP at Reinhackle Springs,62.0
2026-09-08 06:43:54,Lower Owens River Project,LORP Above Pumpstation,50.0
2026-09-08 06:43:54,Lower Owens River Project,LORP At Pump Station Discharge Flow,38.0
2026-09-08 06:43:54,Southern District,Haiwee LAA #2 Current Flow,146.5
2026-09-08 06:43:54,Southern District,S. Haiwee Reservoir Elevation,3728.0
2026-09-08 06:43:54,Southern District,Haiwee LAA #1 Current Flow,0.0
2026-09-08 06:43:54,Southern District,Fairmont Reservoir Elevation,3023.6
2026-09-08 06:43:54,Southern District,LAA #1 Flow at Fairmont Reservoir,306.5
2026-09-08 06:43:54,Southern District,LAA #2 Flow at Fairmont Res.,169.5
2026-09-08 06:43:54,Southern District,Bouquet Reservoir Elevation,2974.3
2026-09-08 06:43:54,Southern District,Bouquet Reservoir Inflow,38.1
2026-09-08 06:43:54,Southern District,Bouquet Reservoir Outflow,0.7
2026-09-08 06:43:54,Southern District,LAA #1 at Soledad Flow,127.9
2026-09-08 06:43:54,Southern District,LAA #2 at Soledad Flow,248.3
2026-09-08 06:43:54,Long Valley,Release at Middle Gorge,0.0
2026-09-08 06:58:53,Northern Owens Valley,Tinemaha Elevation,3861.6
2026-09-08 06:58:53,Southern Owens Valley,Tinemaha Elevation,3861.6
2026-09-08 07:28:53,Northern Owens Valley,Tinemaha Elevation,3861.6
2026-09-08 07:28:53,Southern Owens Valley,Tinemaha Elevation,3861.6
2026-09-08 07:43:54,Mono Basin,Lee Vining Intake Above Flow,23.8
2026-09-08 07:43:54,Mono Basin,Lee Vining Intake Below Flow,24.3
2026-09-08 07:43:54,Mono Basin,Walker Ck. Above Conduit Flow,2.0
2026-09-08 07:43:54,Mono Basin,L.V. Conduit Below Intake Flow,0.4
2026-09-08 07:43:54,Mono Basin,Walker Ck. Under Conduit Flow,3.0
2026-09-08 07:43:54,Mono Basin,Parker Ck. Under Conduit Flow,8.0
2026-09-08 07:43:54,Mono Basin,Parker Ck. Above Conduit Flow,9.0
2026-09-08 07:43:54,Mono Basin,Grant Lk. Spill Flow,0.0
2026-09-08 07:43:54,Mono Basin,Mono Gate 1 Return Ditch Flow,40.3
2026-09-08 07:43:54,Mono Basin,Grant Lk. Outflow,38.5
2026-09-08 07:43:54,Mono Basin,Rush Ck. at Damsite Flow,17.1
2026-09-08 07:43:54,Mono Basin,Flow to West Portal,0.0
2026-09-08 07:43:54,Long Valley,East Portal Flow,12.0
2026-09-08 07:43:54,Long Valley,OR Below EP Flow,57.0
2026-09-08 07:43:54,Long Valley,Hot Ck.at Hwy. Flow,5.0
2026-09-08 07:43:54,Long Valley,McGee Ck. Lower Sta. Flow,8.3
2026-09-08 07:43:54,Long Valley,Long Valley Current Outflow,568.6
2026-09-08 07:43:54,Long Valley,Rock Ck. Div. Flow,0.0
2026-09-08 07:43:54,Long Valley,Upper Gorge Total Release,35.9
2026-09-08 07:43:54,Northern Owens Valley,Rock Ck. At Owens River (PV) Flow,26.2
2026-09-08 07:43:54,Northern Owens Valley,Pleasant Valley Outflow,501.9
2026-09-08 07:43:54,Northern Owens Valley,Baker Ck. At LA Station Flow,6.3
2026-09-08 07:43:54,Northern Owens Valley,Big Pine Ck. USGS Flow,22.1
2026-09-08 07:43:54,Northern Owens Valley,O.R. Below Big Pine,475.3
2026-09-08 07:43:54,Northern Owens Valley,Fish Springs At RR Flow,30.1
2026-09-08 07:43:54,Northern Owens Valley,Tinemaha Reservoir Outflow,478.3
2026-09-08 07:43:54,Northern Owens Valley,Bishop Creek Through Plant 6,70.4
2026-09-08 07:43:54,Northern Owens Valley,Bishop Creek Around Plant 6,7.3
2026-09-08 07:43:54,Southern Owens Valley,Tinemaha Reservoir Outflow,478.3
2026-09-08 07:43:54,Southern Owens Valley,Indep. Ck. At Junction Flow,4.0
2026-09-08 07:43:54,Southern Owens Valley,LAA at Alabama Flow,422.0
2026-09-08 07:43:54,Southern Owens Valley,Cottonwood Ck. At LAA Flow,2.0
2026-09-08 07:43:54,Southern Owens Valley,LAA at Cottonwood Flow,464.0
2026-09-08 07:43:54,Southern Owens Valley,Haiwee LAA #1 Current Flow,0.0
2026-09-08 07:43:54,Southern Owens Valley,Haiwee LAA #2 Current Flow,146.5
2026-09-08 07:43:54,Southern Owens Valley,Reinhackel Flow,2.9
2026-09-08 07:43:54,Southern Owens Valley,Lubkin Spillgate Outflow,1.9
2026-09-08 07:43:54,Southern Owens Valley,Cartago Spillgate Outflow,0.0
2026-09-08 07:43:54,Southern Owens Valley,Lone Pine Creek Flow,7.9
2026-09-08 07:43:54,Lower Owens River Project,LORP Intake Flow,89.0
2026-09-08 07:43:54,Lower Owens River Project,LORP at Mazourka Canyon Road,0.0
2026-09-08 07:43:54,Lower Owens River Project,LORP at Reinhackle Springs,57.0
2026-09-08 07:43:54,Lower Owens River Project,LORP Above Pumpstation,50.0
2026-09-08 07:43:54,Lower Owens River Project,LORP At Pump Station Discharge Flow,38.0
2026-09-08 07:43:54,Southern District,Haiwee LAA #2 Current Flow,146.5
2026-09-08 07:43:54,Southern District,Haiwee LAA #1 Current Flow,0.0
2026-09-08 07:43:54,Southern District,LAA #1 Flow at Fairmont Reservoir,305.8
2026-09-08 07:43:54,Southern District,LAA #2 Flow at Fairmont Res.,169.6
2026-09-08 07:43:54,Southern District,Bouquet Reservoir Inflow,33.0
2026-09-08 07:43:54,Southern District,Bouquet Reservoir Outflow,0.7
2026-09-08 07:43:54,Southern District,LAA #1 at Soledad Flow,126.9
2026-09-08 07:43:54,Southern District,LAA #2 at Soledad Flow,248.3
2026-09-08 07:43:54,Long Valley,Release at Middle Gorge,0.0
2026-09-08 07:43:55,Mono Basin,Mono Lk. Elevation,6382.2
2026-09-08 07:43:55,Mono Basin,Grant Lk. Elevation,7128.7
2026-09-08 07:43:55,Long Valley,Long Valley Elevation,6769.0
2026-09-08 07:43:55,Northern Owens Valley,Pleasant Valley Elevation,4386.2
2026-09-08 07:43:55,Southern Owens Valley,LAA at Alabama Level,8.0
2026-09-08 07:43:55,Southern Owens Valley,LAA at Alabama Water Temp,64.3
2026-09-08 07:43:55,Southern Owens Valley,LAA at Cottonwood Level,9.0
2026-09-08 07:43:55,Southern Owens Valley,LAA at Cotton. Water Temp,66.7
2026-09-08 07:43:55,Southern Owens Valley,N. Haiwee Elevation,3757.2
2026-09-08 07:43:55,Southern Owens Valley,S. Haiwee Reservoir Elevation,3728.0
2026-09-08 07:43:55,Southern District,S. Haiwee Reservoir Elevation,3728.0
2026-09-08 07:43:55,Southern District,Fairmont Reservoir Elevation,3023.6
2026-09-08 07:43:55,Southern District,Bouquet Reservoir Elevation,2974.3
2026-09-08 07:58:52,Northern Owens Valley,Tinemaha Elevation,3861.6
2026-09-08 07:58:52,Southern Owens Valley,Tinemaha Elevation,3861.6
2026-09-08 08:28:53,Northern Owens Valley,Tinemaha Elevation,3861.6
2026-09-08 08:28:53,Southern Owens Valley,Tinemaha Elevation,3861.6
2026-09-08 08:43:54,Mono Basin,Lee Vining Intake Above Flow,22.6
2026-09-08 08:43:54,Mono Basin,Lee Vining Intake Below Flow,23.7
2026-09-08 08:43:54,Mono Basin,Mono Lk. Elevation,6382.2
2026-09-08 08:43:54,Mono Basin,Walker Ck. Above Conduit Flow,2.0
2026-09-08 08:43:54,Mono Basin,L.V. Conduit Below Intake Flow,0.5
2026-09-08 08:43:54,Mono Basin,Walker Ck. Under Conduit Flow,3.0
2026-09-08 08:43:54,Mono Basin,Parker Ck. Under Conduit Flow,8.0
2026-09-08 08:43:54,Mono Basin,Parker Ck. Above Conduit Flow,9.0
2026-09-08 08:43:54,Mono Basin,Grant Lk. Spill Flow,0.0
2026-09-08 08:43:54,Mono Basin,Mono Gate 1 Return Ditch Flow,40.0
2026-09-08 08:43:54,Mono Basin,Grant Lk. Elevation,7128.6
2026-09-08 08:43:54,Mono Basin,Grant Lk. Outflow,38.5
2026-09-08 08:43:54,Mono Basin,Rush Ck. at Damsite Flow,17.1
2026-09-08 08:43:54,Mono Basin,Flow to West Portal,0.0
2026-09-08 08:43:54,Long Valley,East Portal Flow,12.0
2026-09-08 08:43:54,Long Valley,OR Below EP Flow,57.0
2026-09-08 08:43:54,Long Valley,Hot Ck.at Hwy. Flow,5.0
2026-09-08 08:43:54,Long Valley,McGee Ck. Lower Sta. Flow,8.3
2026-09-08 08:43:54,Long Valley,Long Valley Elevation,6769.0
2026-09-08 08:43:54,Long Valley,Long Valley Current Outflow,14.0
2026-09-08 08:43:54,Long Valley,Rock Ck. Div. Flow,0.0
2026-09-08 08:43:54,Long Valley,Upper Gorge Total Release,33.6
2026-09-08 08:43:54,Northern Owens Valley,Rock Ck. At Owens River (PV) Flow,26.2
2026-09-08 08:43:54,Northern Owens Valley,Pleasant Valley Elevation,4386.0
2026-09-08 08:43:54,Northern Owens Valley,Pleasant Valley Outflow,501.0
2026-09-08 08:43:54,Northern Owens Valley,Baker Ck. At LA Station Flow,6.3
2026-09-08 08:43:54,Northern Owens Valley,Big Pine Ck. USGS Flow,22.1
2026-09-08 08:43:54,Northern Owens Valley,O.R. Below Big Pine,475.1
2026-09-08 08:43:54,Northern Owens Valley,Fish Springs At RR Flow,30.1
2026-09-08 08:43:54,Northern Owens Valley,Tinemaha Reservoir Outflow,478.3
2026-09-08 08:43:54,Northern Owens Valley,Bishop Creek Through Plant 6,71.4
2026-09-08 08:43:54,Northern Owens Valley,Bishop Creek Around Plant 6,6.9
2026-09-08 08:43:54,Southern Owens Valley,Tinemaha Reservoir Outflow,478.3
2026-09-08 08:43:54,Southern Owens Valley,Indep. Ck. At Junction Flow,4.0
2026-09-08 08:43:54,Southern Owens Valley,LAA at Alabama Flow,423.0
2026-09-08 08:43:54,Southern Owens Valley,LAA at Alabama Level,8.0
2026-09-08 08:43:54,Southern Owens Valley,LAA at Alabama Water Temp,64.2
2026-09-08 08:43:54,Southern Owens Valley,Cottonwood Ck. At LAA Flow,2.0
2026-09-08 08:43:54,Southern Owens Valley,LAA at Cottonwood Flow,463.0
2026-09-08 08:43:54,Southern Owens Valley,LAA at Cottonwood Level,9.0
2026-09-08 08:43:54,Southern Owens Valley,LAA at Cotton. Water Temp,66.7
2026-09-08 08:43:54,Southern Owens Valley,N. Haiwee Elevation,3757.2
2026-09-08 08:43:54,Southern Owens Valley,S. Haiwee Reservoir Elevation,3728.0
2026-09-08 08:43:54,Southern Owens Valley,Haiwee LAA #1 Current Flow,0.0
2026-09-08 08:43:54,Southern Owens Valley,Haiwee LAA #2 Current Flow,146.3
2026-09-08 08:43:54,Southern Owens Valley,Reinhackel Flow,2.9
2026-09-08 08:43:54,Southern Owens Valley,Lubkin Spillgate Outflow,0.7
2026-09-08 08:43:54,Southern Owens Valley,Cartago Spillgate Outflow,0.0
2026-09-08 08:43:54,Southern Owens Valley,Lone Pine Creek Flow,7.8
2026-09-08 08:43:54,Lower Owens River Project,LORP Intake Flow,89.0
2026-09-08 08:43:54,Lower Owens River Project,LORP at Mazourka Canyon Road,0.0
2026-09-08 08:43:54,Lower Owens River Project,LORP at Reinhackle Springs,63.0
2026-09-08 08:43:54,Lower Owens River Project,LORP Above Pumpstation,50.0
2026-09-08 08:43:54,Lower Owens River Project,LORP At Pump Station Discharge Flow,38.0
2026-09-08 08:43:54,Southern District,Haiwee LAA #2 Current Flow,146.3
2026-09-08 08:43:54,Southern District,S. Haiwee Reservoir Elevation,3728.0
2026-09-08 08:43:54,Southern District,Haiwee LAA #1 Current Flow,0.0
2026-09-08 08:43:54,Southern District,Fairmont Reservoir Elevation,3023.6
2026-09-08 08:43:54,Southern District,LAA #1 Flow at Fairmont Reservoir,307.5
2026-09-08 08:43:54,Southern District,LAA #2 Flow at Fairmont Res.,169.6
2026-09-08 08:43:54,Southern District,Bouquet Reservoir Elevation,2974.3
2026-09-08 08:43:54,Southern District,Bouquet Reservoir Inflow,37.9
2026-09-08 08:43:54,Southern District,Bouquet Reservoir Outflow,0.7
2026-09-08 08:43:54,Southern District,LAA #1 at Soledad Flow,126.9
2026-09-08 08:43:54,Southern District,LAA #2 at Soledad Flow,248.3
2026-09-08 08:43:54,Long Valley,Release at Middle Gorge,0.0
2026-09-08 08:58:53,Northern Owens Valley,Tinemaha Elevation,3861.6
2026-09-08 08:58:53,Southern Owens Valley,Tinemaha Elevation,3861.6
2026-09-08 09:28:53,Northern Owens Valley,Tinemaha Elevation,3861.6
2026-09-08 09:28:53,Southern Owens Valley,Tinemaha Elevation,3861.6
2026-09-08 09:43:54,Mono Basin,Lee Vining Intake Above Flow,23.1
2026-09-08 09:43:54,Mono Basin,Lee Vining Intake Below Flow,23.6
2026-09-08 09:43:54,Mono Basin,Mono Lk. Elevation,6382.2
2026-09-08 09:43:54,Mono Basin,Walker Ck. Above Conduit Flow,2.0
2026-09-08 09:43:54,Mono Basin,L.V. Conduit Below Intake Flow,0.5
2026-09-08 09:43:54,Mono Basin,Walker Ck. Under Conduit Flow,3.0
2026-09-08 09:43:54,Mono Basin,Parker Ck. Under Conduit Flow,8.0
2026-09-08 09:43:54,Mono Basin,Parker Ck. Above Conduit Flow,9.0
2026-09-08 09:43:54,Mono Basin,Grant Lk. Spill Flow,0.0
2026-09-08 09:43:54,Mono Basin,Mono Gate 1 Return Ditch Flow,40.0
2026-09-08 09:43:54,Mono Basin,Grant Lk. Elevation,7128.6
2026-09-08 09:43:54,Mono Basin,Grant Lk. Outflow,38.8
2026-09-08 09:43:54,Mono Basin,Rush Ck. at Damsite Flow,17.1
2026-09-08 09:43:54,Mono Basin,Flow to West Portal,0.0
2026-09-08 09:43:54,Long Valley,East Portal Flow,12.0
2026-09-08 09:43:54,Long Valley,OR Below EP Flow,57.0
2026-09-08 09:43:54,Long Valley,Hot Ck.at Hwy. Flow,5.0
2026-09-08 09:43:54,Long Valley,McGee Ck. Lower Sta. Flow,8.3
2026-09-08 09:43:54,Long Valley,Long Valley Elevation,6769.0
2026-09-08 09:43:54,Long Valley,Long Valley Current Outflow,0.1
2026-09-08 09:43:54,Long Valley,Rock Ck. Div. Flow,0.0
2026-09-08 09:43:54,Long Valley,Upper Gorge Total Release,33.7
2026-09-08 09:43:54,Northern Owens Valley,Rock Ck. At Owens River (PV) Flow,26.4
2026-09-08 09:43:54,Northern Owens Valley,Pleasant Valley Elevation,4385.7
2026-09-08 09:43:54,Northern Owens Valley,Pleasant Valley Outflow,499.9
2026-09-08 09:43:54,Northern Owens Valley,Baker Ck. At LA Station Flow,6.3
2026-09-08 09:43:54,Northern Owens Valley,Big Pine Ck. USGS Flow,22.1
2026-09-08 09:43:54,Northern Owens Valley,O.R. Below Big Pine,475.7
2026-09-08 09:43:54,Northern Owens Valley,Fish Springs At RR Flow,30.1
2026-09-08 09:43:54,Northern Owens Valley,Tinemaha Reservoir Outflow,477.5
2026-09-08 09:43:54,Northern Owens Valley,Bishop Creek Through Plant 6,73.0
2026-09-08 09:43:54,Northern Owens Valley,Bishop Creek Around Plant 6,6.7
2026-09-08 09:43:54,Southern Owens Valley,Tinemaha Reservoir Outflow,477.5
2026-09-08 09:43:54,Southern Owens Valley,Indep. Ck. At Junction Flow,4.0
2026-09-08 09:43:54,Southern Owens Valley,LAA at Alabama Flow,423.0
2026-09-08 09:43:54,Southern Owens Valley,LAA at Alabama Level,8.0
2026-09-08 09:43:54,Southern Owens Valley,LAA at Alabama Water Temp,64.2
2026-09-08 09:43:54,Southern Owens Valley,Cottonwood Ck. At LAA Flow,2.0
2026-09-08 09:43:54,Southern Owens Valley,LAA at Cottonwood Flow,462.0
2026-09-08 09:43:54,Southern Owens Valley,LAA at Cottonwood Level,9.0
2026-09-08 09:43:54,Southern Owens Valley,LAA at Cotton. Water Temp,66.7
2026-09-08 09:43:54,Southern Owens Valley,N. Haiwee Elevation,3757.2
2026-09-08 09:43:54,Southern Owens Valley,S. Haiwee Reservoir Elevation,3728.0
2026-09-08 09:43:54,Southern Owens Valley,Haiwee LAA #1 Current Flow,0.0
2026-09-08 09:43:54,Southern Owens Valley,Haiwee LAA #2 Current Flow,146.3
2026-09-08 09:43:54,Southern Owens Valley,Reinhackel Flow,2.9
2026-09-08 09:43:54,Southern Owens Valley,Lubkin Spillgate Outflow,0.7
2026-09-08 09:43:54,Southern Owens Valley,Cartago Spillgate Outflow,0.0
2026-09-08 09:43:54,Southern Owens Valley,Lone Pine Creek Flow,7.8
2026-09-08 09:43:54,Lower Owens River Project,LORP Intake Flow,89.0
2026-09-08 09:43:54,Lower Owens River Project,LORP at Mazourka Canyon Road,0.0
2026-09-08 09:43:54,Lower Owens River Project,LORP at Reinhackle Springs,63.0
2026-09-08 09:43:54,Lower Owens River Project,LORP Above Pumpstation,50.0
2026-09-08 09:43:54,Lower Owens River Project,LORP At Pump Station Discharge Flow,38.0
2026-09-08 09:43:54,Southern District,Haiwee LAA #2 Current Flow,146.3
2026-09-08 09:43:54,Southern District,S. Haiwee Reservoir Elevation,3728.0
2026-09-08 09:43:54,Southern District,Haiwee LAA #1 Current Flow,0.0
2026-09-08 09:43:54,Southern District,Fairmont Reservoir Elevation,3023.7
2026-09-08 09:43:54,Southern District,LAA #1 Flow at Fairmont Reservoir,305.5
2026-09-08 09:43:54,Southern District,LAA #2 Flow at Fairmont Res.,169.6
2026-09-08 09:43:54,Southern District,Bouquet Reservoir Elevation,2974.3
2026-09-08 09:43:54,Southern District,Bouquet Reservoir Inflow,37.3
2026-09-08 09:43:54,Southern District,Bouquet Reservoir Outflow,0.7
2026-09-08 09:43:54,Southern District,LAA #1 at Soledad Flow,126.9
2026-09-08 09:43:54,Southern District,LAA #2 at Soledad Flow,248.3
2026-09-08 09:43:54,Long Valley,Release at Middle Gorge,0.0
2026-09-08 09:58:53,Northern Owens Valley,Tinemaha Elevation,3861.6
2026-09-08 09:58:53,Southern Owens Valley,Tinemaha Elevation,3861.6
2026-09-08 10:13:52,Mono Basin,Lee Vining Intake Above Flow,23.0
2026-09-08 10:13:52,Mono Basin,Lee Vining Intake Below Flow,23.5
2026-09-08 10:13:52,Mono Basin,Walker Ck. Above Conduit Flow,2.0
2026-09-08 10:13:52,Mono Basin,L.V. Conduit Below Intake Flow,0.5
2026-09-08 10:13:52,Mono Basin,Walker Ck. Under Conduit Flow,3.0
2026-09-08 10:13:52,Mono Basin,Parker Ck. Under Conduit Flow,8.0
2026-09-08 10:13:52,Mono Basin,Parker Ck. Above Conduit Flow,9.0
2026-09-08 10:13:52,Mono Basin,Grant Lk. Spill Flow,0.0
2026-09-08 10:13:52,Mono Basin,Mono Gate 1 Return Ditch Flow,40.0
2026-09-08 10:13:52,Mono Basin,Grant Lk. Outflow,38.8
2026-09-08 10:13:52,Mono Basin,Rush Ck. at Damsite Flow,17.1
2026-09-08 10:13:52,Mono Basin,Flow to West Portal,0.0
2026-09-08 10:13:52,Long Valley,East Portal Flow,12.0
2026-09-08 10:13:52,Long Valley,OR Below EP Flow,57.0
2026-09-08 10:13:52,Long Valley,Hot Ck.at Hwy. Flow,5.0
2026-09-08 10:13:52,Long Valley,McGee Ck. Lower Sta. Flow,8.3
2026-09-08 10:13:52,Long Valley,Long Valley Current Outflow,0.1
2026-09-08 10:13:52,Long Valley,Rock Ck. Div. Flow,0.0
2026-09-08 10:13:52,Long Valley,Upper Gorge Total Release,32.8
2026-09-08 10:13:52,Long Valley,Release at Middle Gorge,0.0
2026-09-08 10:13:52,Northern Owens Valley,Rock Ck. At Owens River (PV) Flow,26.4
2026-09-08 10:13:52,Northern Owens Valley,Pleasant Valley Outflow,498.8
2026-09-08 10:13:52,Northern Owens Valley,Baker Ck. At LA Station Flow,6.3
2026-09-08 10:13:52,Northern Owens Valley,Big Pine Ck. USGS Flow,22.1
2026-09-08 10:13:52,Northern Owens Valley,O.R. Below Big Pine,474.9
2026-09-08 10:13:52,Northern Owens Valley,Fish Springs At RR Flow,30.1
2026-09-08 10:13:52,Northern Owens Valley,Tinemaha Reservoir Outflow,477.5
2026-09-08 10:13:52,Northern Owens Valley,Bishop Creek Through Plant 6,73.2
2026-09-08 10:13:52,Northern Owens Valley,Bishop Creek Around Plant 6,6.6
2026-09-08 10:13:52,Southern Owens Valley,Tinemaha Reservoir Outflow,477.5
2026-09-08 10:13:52,Southern Owens Valley,Indep. Ck. At Junction Flow,4.0
2026-09-08 10:13:52,Southern Owens Valley,LAA at Alabama Flow,423.0
2026-09-08 10:13:52,Southern Owens Valley,Cottonwood Ck. At LAA Flow,2.0
2026-09-08 10:13:52,Southern Owens Valley,LAA at Cottonwood Flow,462.0
2026-09-08 10:13:52,Southern Owens Valley,Haiwee LAA #1 Current Flow,0.0
2026-09-08 10:13:52,Southern Owens Valley,Haiwee LAA #2 Current Flow,146.0
2026-09-08 10:13:52,Southern Owens Valley,Reinhackel Flow,2.9
2026-09-08 10:13:52,Southern Owens Valley,Lubkin Spillgate Outflow,0.7
2026-09-08 10:13:52,Southern Owens Valley,Cartago Spillgate Outflow,0.0
2026-09-08 10:13:52,Southern Owens Valley,Lone Pine Creek Flow,7.8
2026-09-08 10:13:52,Lower Owens River Project,LORP Intake Flow,89.0
2026-09-08 10:13:52,Lower Owens River Project,LORP at Mazourka Canyon Road,0.0
2026-09-08 10:13:52,Lower Owens River Project,LORP at Reinhackle Springs,63.0
2026-09-08 10:13:52,Lower Owens River Project,LORP Above Pumpstation,49.0
2026-09-08 10:13:52,Lower Owens River Project,LORP At Pump Station Discharge Flow,38.0
2026-09-08 10:13:52,Southern District,Haiwee LAA #2 Current Flow,146.0
2026-09-08 10:13:52,Southern District,Haiwee LAA #1 Current Flow,0.0
2026-09-08 10:13:52,Southern District,LAA #1 Flow at Fairmont Reservoir,300.7
2026-09-08 10:13:52,Southern District,LAA #2 Flow at Fairmont Res.,169.6
2026-09-08 10:13:52,Southern District,Bouquet Reservoir Inflow,36.4
2026-09-08 10:13:52,Southern District,Bouquet Reservoir Outflow,0.7
2026-09-08 10:13:52,Southern District,LAA #1 at Soledad Flow,126.9
2026-09-08 10:13:52,Southern District,LAA #2 at Soledad Flow,248.3
2026-09-08 10:13:53,Mono Basin,Mono Lk. Elevation,6382.2
2026-09-08 10:13:53,Mono Basin,Grant Lk. Elevation,7128.6
2026-09-08 10:13:53,Long Valley,Long Valley Elevation,6769.0
2026-09-08 10:13:53,Northern Owens Valley,Pleasant Valley Elevation,4385.5
2026-09-08 10:13:53,Southern Owens Valley,LAA at Alabama Level,8.0
2026-09-08 10:13:53,Southern Owens Valley,LAA at Alabama Water Temp,64.6
2026-09-08 10:13:53,Southern Owens Valley,LAA at Cottonwood Level,9.0
2026-09-08 10:13:53,Southern Owens Valley,LAA at Cotton. Water Temp,66.7
2026-09-08 10:13:53,Southern Owens Valley,N. Haiwee Elevation,3757.2
2026-09-08 10:13:53,Southern Owens Valley,S. Haiwee Reservoir Elevation,3728.0
2026-09-08 10:13:53,Southern District,S. Haiwee Reservoir Elevation,3728.0
2026-09-08 10:13:53,Southern District,Fairmont Reservoir Elevation,3023.7
2026-09-08 10:13:53,Southern District,Bouquet Reservoir Elevation,2974.3
2026-09-08 10:28:52,Long Valley,Hot Ck.at Hwy. Flow,5.0
2026-09-08 10:28:52,Long Valley,McGee Ck. Lower Sta. Flow,8.3
2026-09-08 10:28:52,Long Valley,Long Valley Current Outflow,0.1
2026-09-08 10:28:52,Long Valley,Rock Ck. Div. Flow,0.0
2026-09-08 10:28:52,Long Valley,Release at Middle Gorge,0.0
2026-09-08 10:28:52,Northern Owens Valley,Rock Ck. At Owens River (PV) Flow,26.4
2026-09-08 10:28:52,Northern Owens Valley,Pleasant Valley Outflow,498.8
2026-09-08 10:28:52,Northern Owens Valley,Baker Ck. At LA Station Flow,6.3
2026-09-08 10:28:52,Northern Owens Valley,Big Pine Ck. USGS Flow,22.1
2026-09-08 10:28:52,Northern Owens Valley,O.R. Below Big Pine,475.2
2026-09-08 10:28:52,Northern Owens Valley,Fish Springs At RR Flow,30.1
2026-09-08 10:28:52,Northern Owens Valley,Tinemaha Reservoir Outflow,477.5
2026-09-08 10:28:52,Northern Owens Valley,Bishop Creek Through Plant 6,73.2
2026-09-08 10:28:52,Northern Owens Valley,Bishop Creek Around Plant 6,6.6
2026-09-08 10:28:52,Southern Owens Valley,Tinemaha Reservoir Outflow,477.5
2026-09-08 10:28:52,Southern Owens Valley,Indep. Ck. At Junction Flow,4.0
2026-09-08 10:28:52,Southern Owens Valley,LAA at Alabama Flow,424.0
2026-09-08 10:28:52,Southern Owens Valley,Cottonwood Ck. At LAA Flow,2.0
2026-09-08 10:28:52,Southern Owens Valley,LAA at Cottonwood Flow,462.0
2026-09-08 10:28:52,Southern Owens Valley,Haiwee LAA #1 Current Flow,0.0
2026-09-08 10:28:52,Southern Owens Valley,Haiwee LAA #2 Current Flow,146.0
2026-09-08 10:28:52,Southern Owens Valley,Reinhackel Flow,2.9
2026-09-08 10:28:52,Southern Owens Valley,Lubkin Spillgate Outflow,0.7
2026-09-08 10:28:52,Southern Owens Valley,Cartago Spillgate Outflow,0.0
2026-09-08 10:28:52,Southern Owens Valley,Lone Pine Creek Flow,7.8
2026-09-08 10:28:52,Lower Owens River Project,LORP Intake Flow,89.0
2026-09-08 10:28:52,Lower Owens River Project,LORP at Mazourka Canyon Road,0.0
2026-09-08 10:28:52,Lower Owens River Project,LORP at Reinhackle Springs,64.0
2026-09-08 10:28:52,Lower Owens River Project,LORP Above Pumpstation,48.0
2026-09-08 10:28:52,Lower Owens River Project,LORP At Pump Station Discharge Flow,37.0
2026-09-08 10:28:52,Southern District,Haiwee LAA #2 Current Flow,146.0
2026-09-08 10:28:52,Southern District,Haiwee LAA #1 Current Flow,0.0
2026-09-08 10:28:53,Mono Basin,Lee Vining Intake Above Flow,23.0
2026-09-08 10:28:53,Mono Basin,Lee Vining Intake Below Flow,23.5
2026-09-08 10:28:53,Mono Basin,Mono Lk. Elevation,6382.2
2026-09-08 10:28:53,Mono Basin,Walker Ck. Above Conduit Flow,2.0
2026-09-08 10:28:53,Mono Basin,L.V. Conduit Below Intake Flow,0.5
2026-09-08 10:28:53,Mono Basin,Walker Ck. Under Conduit Flow,3.0
2026-09-08 10:28:53,Mono Basin,Parker Ck. Under Conduit Flow,8.0
2026-09-08 10:28:53,Mono Basin,Parker Ck. Above Conduit Flow,9.0
2026-09-08 10:28:53,Mono Basin,Grant Lk. Spill Flow,0.0
2026-09-08 10:28:53,Mono Basin,Mono Gate 1 Return Ditch Flow,39.9
2026-09-08 10:28:53,Mono Basin,Grant Lk. Elevation,7128.6
2026-09-08 10:28:53,Mono Basin,Grant Lk. Outflow,38.5
2026-09-08 10:28:53,Mono Basin,Rush Ck. at Damsite Flow,17.1
2026-09-08 10:28:53,Mono Basin,Flow to West Portal,0.0
2026-09-08 10:28:53,Long Valley,East Portal Flow,12.0
2026-09-08 10:28:53,Long Valley,OR Below EP Flow,57.0
2026-09-08 10:28:53,Long Valley,Long Valley Elevation,6769.0
2026-09-08 10:28:53,Long Valley,Upper Gorge Total Release,32.8
2026-09-08 10:28:53,Northern Owens Valley,Pleasant Valley Elevation,4385.5
2026-09-08 10:28:53,Northern Owens Valley,Tinemaha Elevation,3861.6
2026-09-08 10:28:53,Southern Owens Valley,Tinemaha Elevation,3861.6
2026-09-08 10:28:53,Southern Owens Valley,LAA at Alabama Level,8.0
2026-09-08 10:28:53,Southern Owens Valley,LAA at Alabama Water Temp,64.8
2026-09-08 10:28:53,Southern Owens Valley,LAA at Cottonwood Level,9.0
2026-09-08 10:28:53,Southern Owens Valley,LAA at Cotton. Water Temp,66.7
2026-09-08 10:28:53,Southern Owens Valley,N. Haiwee Elevation,3757.2
2026-09-08 10:28:53,Southern Owens Valley,S. Haiwee Reservoir Elevation,3728.0
2026-09-08 10:28:53,Southern District,S. Haiwee Reservoir Elevation,3728.0
2026-09-08 10:28:53,Southern District,Fairmont Reservoir Elevation,3023.7
2026-09-08 10:28:53,Southern District,LAA #1 Flow at Fairmont Reservoir,299.1
2026-09-08 10:28:53,Southern District,LAA #2 Flow at Fairmont Res.,169.6
2026-09-08 10:28:53,Southern District,Bouquet Reservoir Elevation,2974.4
2026-09-08 10:28:53,Southern District,Bouquet Reservoir Inflow,32.1
2026-09-08 10:28:53,Southern District,Bouquet Reservoir Outflow,0.7
2026-09-08 10:28:53,Southern District,LAA #1 at Soledad Flow,126.9
2026-09-08 10:28:53,Southern District,LAA #2 at Soledad Flow,248.7
2026-09-08 10:43:54,Mono Basin,Lee Vining Intake Above Flow,23.5
2026-09-08 10:43:54,Mono Basin,Lee Vining Intake Below Flow,23.4
2026-09-08 10:43:54,Mono Basin,Mono Lk. Elevation,6382.2
2026-09-08 10:43:54,Mono Basin,Walker Ck. Above Conduit Flow,2.0
2026-09-08 10:43:54,Mono Basin,L.V. Conduit Below Intake Flow,0.5
2026-09-08 10:43:54,Mono Basin,Walker Ck. Under Conduit Flow,3.0
2026-09-08 10:43:54,Mono Basin,Parker Ck. Under Conduit Flow,8.0
2026-09-08 10:43:54,Mono Basin,Parker Ck. Above Conduit Flow,9.0
2026-09-08 10:43:54,Mono Basin,Grant Lk. Spill Flow,0.0
2026-09-08 10:43:54,Mono Basin,Mono Gate 1 Return Ditch Flow,39.9
2026-09-08 10:43:54,Mono Basin,Grant Lk. Elevation,7128.6
2026-09-08 10:43:54,Mono Basin,Grant Lk. Outflow,38.5
2026-09-08 10:43:54,Mono Basin,Rush Ck. at Damsite Flow,17.1
2026-09-08 10:43:54,Mono Basin,Flow to West Portal,0.0
2026-09-08 10:43:54,Long Valley,East Portal Flow,12.0
2026-09-08 10:43:54,Long Valley,OR Below EP Flow,57.0
2026-09-08 10:43:54,Long Valley,Hot Ck.at Hwy. Flow,5.0
2026-09-08 10:43:54,Long Valley,McGee Ck. Lower Sta. Flow,8.3
2026-09-08 10:43:54,Long Valley,Long Valley Elevation,6769.0
2026-09-08 10:43:54,Long Valley,Long Valley Current Outflow,0.1
2026-09-08 10:43:54,Long Valley,Rock Ck. Div. Flow,0.0
2026-09-08 10:43:54,Long Valley,Upper Gorge Total Release,33.4
2026-09-08 10:43:54,Northern Owens Valley,Rock Ck. At Owens River (PV) Flow,26.4
2026-09-08 10:43:54,Northern Owens Valley,Pleasant Valley Elevation,4385.3
2026-09-08 10:43:54,Northern Owens Valley,Pleasant Valley Outflow,497.5
2026-09-08 10:43:54,Northern Owens Valley,Baker Ck. At LA Station Flow,6.5
2026-09-08 10:43:54,Northern Owens Valley,Big Pine Ck. USGS Flow,22.1
2026-09-08 10:43:54,Northern Owens Valley,O.R. Below Big Pine,475.2
2026-09-08 10:43:54,Northern Owens Valley,Fish Springs At RR Flow,30.1
2026-09-08 10:43:54,Northern Owens Valley,Tinemaha Reservoir Outflow,477.5
2026-09-08 10:43:54,Northern Owens Valley,Bishop Creek Through Plant 6,69.7
2026-09-08 10:43:54,Northern Owens Valley,Bishop Creek Around Plant 6,6.5
2026-09-08 10:43:54,Southern Owens Valley,Tinemaha Reservoir Outflow,477.5
2026-09-08 10:43:54,Southern Owens Valley,Indep. Ck. At Junction Flow,4.0
2026-09-08 10:43:54,Southern Owens Valley,LAA at Alabama Flow,424.0
2026-09-08 10:43:54,Southern Owens Valley,LAA at Alabama Level,8.0
2026-09-08 10:43:54,Southern Owens Valley,LAA at Alabama Water Temp,64.8
2026-09-08 10:43:54,Southern Owens Valley,Cottonwood Ck. At LAA Flow,2.0
2026-09-08 10:43:54,Southern Owens Valley,LAA at Cottonwood Flow,462.0
2026-09-08 10:43:54,Southern Owens Valley,LAA at Cottonwood Level,9.0
2026-09-08 10:43:54,Southern Owens Valley,LAA at Cotton. Water Temp,66.7
2026-09-08 10:43:54,Southern Owens Valley,N. Haiwee Elevation,3757.2
2026-09-08 10:43:54,Southern Owens Valley,S. Haiwee Reservoir Elevation,3728.0
2026-09-08 10:43:54,Southern Owens Valley,Haiwee LAA #1 Current Flow,0.0
2026-09-08 10:43:54,Southern Owens Valley,Haiwee LAA #2 Current Flow,146.0
2026-09-08 10:43:54,Southern Owens Valley,Reinhackel Flow,2.9
2026-09-08 10:43:54,Southern Owens Valley,Lubkin Spillgate Outflow,0.0
2026-09-08 10:43:54,Southern Owens Valley,Cartago Spillgate Outflow,0.0
2026-09-08 10:43:54,Southern Owens Valley,Lone Pine Creek Flow,7.7
2026-09-08 10:43:54,Lower Owens River Project,LORP Intake Flow,89.0
2026-09-08 10:43:54,Lower Owens River Project,LORP at Mazourka Canyon Road,0.0
2026-09-08 10:43:54,Lower Owens River Project,LORP at Reinhackle Springs,64.0
2026-09-08 10:43:54,Lower Owens River Project,LORP Above Pumpstation,49.0
2026-09-08 10:43:54,Lower Owens River Project,LORP At Pump Station Discharge Flow,38.0
2026-09-08 10:43:54,Southern District,Haiwee LAA #2 Current Flow,146.0
2026-09-08 10:43:54,Southern District,S. Haiwee Reservoir Elevation,3728.0
2026-09-08 10:43:54,Southern District,Haiwee LAA #1 Current Flow,0.0
2026-09-08 10:43:54,Southern District,Fairmont Reservoir Elevation,3023.7
2026-09-08 10:43:54,Southern District,LAA #1 Flow at Fairmont Reservoir,303.1
2026-09-08 10:43:54,Southern District,LAA #2 Flow at Fairmont Res.,169.6
2026-09-08 10:43:54,Southern District,Bouquet Reservoir Elevation,2974.4
2026-09-08 10:43:54,Southern District,Bouquet Reservoir Inflow,37.0
2026-09-08 10:43:54,Southern District,Bouquet Reservoir Outflow,0.7
2026-09-08 10:43:54,Southern District,LAA #1 at Soledad Flow,127.3
2026-09-08 10:43:54,Southern District,LAA #2 at Soledad Flow,248.7
2026-09-08 10:43:54,Long Valley,Release at Middle Gorge,0.0
2026-09-08 10:58:52,Mono Basin,Lee Vining Intake Above Flow,23.5
2026-09-08 10:58:52,Mono Basin,Lee Vining Intake Below Flow,23.4
2026-09-08 10:58:52,Mono Basin,Walker Ck. Above Conduit Flow,2.0
2026-09-08 10:58:52,Mono Basin,L.V. Conduit Below Intake Flow,0.5
2026-09-08 10:58:52,Mono Basin,Walker Ck. Under Conduit Flow,3.0
2026-09-08 10:58:52,Mono Basin,Parker Ck. Under Conduit Flow,8.0
2026-09-08 10:58:52,Mono Basin,Parker Ck. Above Conduit Flow,9.0
2026-09-08 10:58:52,Mono Basin,Grant Lk. Spill Flow,0.0
2026-09-08 10:58:52,Mono Basin,Mono Gate 1 Return Ditch Flow,39.9
2026-09-08 10:58:52,Mono Basin,Grant Lk. Outflow,38.5
2026-09-08 10:58:52,Mono Basin,Rush Ck. at Damsite Flow,17.1
2026-09-08 10:58:52,Mono Basin,Flow to West Portal,0.0
2026-09-08 10:58:52,Long Valley,East Portal Flow,12.0
2026-09-08 10:58:52,Long Valley,OR Below EP Flow,57.0
2026-09-08 10:58:52,Long Valley,Hot Ck.at Hwy. Flow,5.0
2026-09-08 10:58:52,Long Valley,McGee Ck. Lower Sta. Flow,8.3
2026-09-08 10:58:52,Long Valley,Long Valley Current Outflow,0.1
2026-09-08 10:58:52,Long Valley,Rock Ck. Div. Flow,0.0
2026-09-08 10:58:52,Long Valley,Upper Gorge Total Release,32.9
2026-09-08 10:58:52,Long Valley,Release at Middle Gorge,0.0
2026-09-08 10:58:52,Northern Owens Valley,Rock Ck. At Owens River (PV) Flow,26.4
2026-09-08 10:58:52,Northern Owens Valley,Pleasant Valley Outflow,497.6
2026-09-08 10:58:52,Northern Owens Valley,Baker Ck. At LA Station Flow,6.5
2026-09-08 10:58:52,Northern Owens Valley,Big Pine Ck. USGS Flow,22.1
2026-09-08 10:58:52,Northern Owens Valley,O.R. Below Big Pine,475.1
2026-09-08 10:58:52,Northern Owens Valley,Fish Springs At RR Flow,30.1
2026-09-08 10:58:52,Northern Owens Valley,Tinemaha Reservoir Outflow,477.5
2026-09-08 10:58:52,Northern Owens Valley,Bishop Creek Through Plant 6,69.7
2026-09-08 10:58:52,Northern Owens Valley,Bishop Creek Around Plant 6,6.5
2026-09-08 10:58:52,Southern Owens Valley,Tinemaha Reservoir Outflow,477.5
2026-09-08 10:58:52,Southern Owens Valley,Indep. Ck. At Junction Flow,4.0
2026-09-08 10:58:52,Southern Owens Valley,LAA at Alabama Flow,424.0
2026-09-08 10:58:52,Southern Owens Valley,Cottonwood Ck. At LAA Flow,2.0
2026-09-08 10:58:52,Southern Owens Valley,LAA at Cottonwood Flow,462.0
2026-09-08 10:58:52,Southern Owens Valley,Haiwee LAA #1 Current Flow,0.0
2026-09-08 10:58:52,Southern Owens Valley,Haiwee LAA #2 Current Flow,146.0
2026-09-08 10:58:52,Southern Owens Valley,Reinhackel Flow,2.9
2026-09-08 10:58:52,Southern Owens Valley,Lubkin Spillgate Outflow,0.0
2026-09-08 10:58:52,Southern Owens Valley,Cartago Spillgate Outflow,0.0
2026-09-08 10:58:52,Southern Owens Valley,Lone Pine Creek Flow,7.7
2026-09-08 10:58:52,Lower Owens River Project,LORP Intake Flow,89.0
2026-09-08 10:58:52,Lower Owens River Project,LORP at Mazourka Canyon Road,0.0
2026-09-08 10:58:52,Lower Owens River Project,LORP at Reinhackle Springs,64.0
2026-09-08 10:58:52,Lower Owens River Project,LORP Above Pumpstation,49.0
2026-09-08 10:58:52,Lower Owens River Project,LORP At Pump Station Discharge Flow,38.0
2026-09-08 10:58:52,Southern District,Haiwee LAA #2 Current Flow,146.0
2026-09-08 10:58:52,Southern District,Haiwee LAA #1 Current Flow,0.0
2026-09-08 10:58:52,Southern District,LAA #1 Flow at Fairmont Reservoir,307.1
2026-09-08 10:58:52,Southern District,LAA #2 Flow at Fairmont Res.,169.6
2026-09-08 10:58:52,Southern District,Bouquet Reservoir Inflow,1.1
2026-09-08 10:58:52,Southern District,Bouquet Reservoir Outflow,0.7
2026-09-08 10:58:52,Southern District,LAA #1 at Soledad Flow,127.3
2026-09-08 10:58:52,Southern District,LAA #2 at Soledad Flow,248.7
2026-09-08 10:58:53,Mono Basin,Mono Lk. Elevation,6382.2
2026-09-08 10:58:53,Mono Basin,Grant Lk. Elevation,7128.6
2026-09-08 10:58:53,Long Valley,Long Valley Elevation,6769.0
2026-09-08 10:58:53,Northern Owens Valley,Pleasant Valley Elevation,4385.2
2026-09-08 10:58:53,Northern Owens Valley,Tinemaha Elevation,3861.6
2026-09-08 10:58:53,Southern Owens Valley,Tinemaha Elevation,3861.6
2026-09-08 10:58:53,Southern Owens Valley,LAA at Alabama Level,8.0
2026-09-08 10:58:53,Southern Owens Valley,LAA at Alabama Water Temp,64.8
2026-09-08 10:58:53,Southern Owens Valley,LAA at Cottonwood Level,9.0
2026-09-08 10:58:53,Southern Owens Valley,LAA at Cotton. Water Temp,66.8
2026-09-08 10:58:53,Southern Owens Valley,N. Haiwee Elevation,3757.2
2026-09-08 10:58:53,Southern Owens Valley,S. Haiwee Reservoir Elevation,3728.0
2026-09-08 10:58:53,Southern District,S. Haiwee Reservoir Elevation,3728.0
2026-09-08 10:58:53,Southern District,Fairmont Reservoir Elevation,3023.7
2026-09-08 10:58:53,Southern District,Bouquet Reservoir Elevation,2974.4
2026-09-08 11:13:53,Mono Basin,Lee Vining Intake Above Flow,23.1
2026-09-08 11:13:53,Mono Basin,Lee Vining Intake Below Flow,23.3
2026-09-08 11:13:53,Mono Basin,Mono Lk. Elevation,6382.2
2026-09-08 11:13:53,Mono Basin,Walker Ck. Above Conduit Flow,2.0
2026-09-08 11:13:53,Mono Basin,L.V. Conduit Below Intake Flow,0.5
2026-09-08 11:13:53,Mono Basin,Walker Ck. Under Conduit Flow,3.0
2026-09-08 11:13:53,Mono Basin,Parker Ck. Under Conduit Flow,8.0
2026-09-08 11:13:53,Mono Basin,Parker Ck. Above Conduit Flow,9.0
2026-09-08 11:13:53,Mono Basin,Grant Lk. Spill Flow,0.0
2026-09-08 11:13:53,Mono Basin,Mono Gate 1 Return Ditch Flow,39.9
2026-09-08 11:13:53,Mono Basin,Grant Lk. Elevation,7128.6
2026-09-08 11:13:53,Mono Basin,Grant Lk. Outflow,38.5
2026-09-08 11:13:53,Mono Basin,Rush Ck. at Damsite Flow,17.1
2026-09-08 11:13:53,Mono Basin,Flow to West Portal,0.0
2026-09-08 11:13:53,Long Valley,East Portal Flow,12.0
2026-09-08 11:13:53,Long Valley,OR Below EP Flow,57.0
2026-09-08 11:13:53,Long Valley,Hot Ck.at Hwy. Flow,5.0
2026-09-08 11:13:53,Long Valley,McGee Ck. Lower Sta. Flow,8.3
2026-09-08 11:13:53,Long Valley,Long Valley Elevation,6769.0
2026-09-08 11:13:53,Long Valley,Long Valley Current Outflow,0.1
2026-09-08 11:13:53,Long Valley,Rock Ck. Div. Flow,0.0
2026-09-08 11:13:53,Long Valley,Upper Gorge Total Release,33.1
2026-09-08 11:13:53,Long Valley,Release at Middle Gorge,0.0
2026-09-08 11:13:53,Northern Owens Valley,Rock Ck. At Owens River (PV) Flow,26.4
2026-09-08 11:13:53,Northern Owens Valley,Pleasant Valley Elevation,4385.1
2026-09-08 11:13:53,Northern Owens Valley,Pleasant Valley Outflow,497.7
2026-09-08 11:13:53,Northern Owens Valley,Baker Ck. At LA Station Flow,6.5
2026-09-08 11:13:53,Northern Owens Valley,Big Pine Ck. USGS Flow,22.1
2026-09-08 11:13:53,Northern Owens Valley,O.R. Below Big Pine,475.0
2026-09-08 11:13:53,Northern Owens Valley,Fish Springs At RR Flow,30.1
2026-09-08 11:13:53,Northern Owens Valley,Tinemaha Reservoir Outflow,477.5
2026-09-08 11:13:53,Northern Owens Valley,Bishop Creek Through Plant 6,69.7
2026-09-08 11:13:53,Northern Owens Valley,Bishop Creek Around Plant 6,6.5
2026-09-08 11:13:53,Southern Owens Valley,Tinemaha Reservoir Outflow,477.5
2026-09-08 11:13:53,Southern Owens Valley,Indep. Ck. At Junction Flow,4.0
2026-09-08 11:13:53,Southern Owens Valley,LAA at Alabama Flow,424.0
2026-09-08 11:13:53,Southern Owens Valley,LAA at Alabama Level,8.0
2026-09-08 11:13:53,Southern Owens Valley,LAA at Alabama Water Temp,65.3
2026-09-08 11:13:53,Southern Owens Valley,Cottonwood Ck. At LAA Flow,2.0
2026-09-08 11:13:53,Southern Owens Valley,LAA at Cottonwood Flow,461.0
2026-09-08 11:13:53,Southern Owens Valley,LAA at Cottonwood Level,8.9
2026-09-08 11:13:53,Southern Owens Valley,LAA at Cotton. Water Temp,66.9
2026-09-08 11:13:53,Southern Owens Valley,N. Haiwee Elevation,3757.2
2026-09-08 11:13:53,Southern Owens Valley,S. Haiwee Reservoir Elevation,3728.0
2026-09-08 11:13:53,Southern Owens Valley,Haiwee LAA #1 Current Flow,0.0
2026-09-08 11:13:53,Southern Owens Valley,Haiwee LAA #2 Current Flow,146.0
2026-09-08 11:13:53,Southern Owens Valley,Reinhackel Flow,2.9
2026-09-08 11:13:53,Southern Owens Valley,Lubkin Spillgate Outflow,0.0
2026-09-08 11:13:53,Southern Owens Valley,Cartago Spillgate Outflow,0.0
2026-09-08 11:13:53,Southern Owens Valley,Lone Pine Creek Flow,7.8
2026-09-08 11:13:53,Lower Owens River Project,LORP Intake Flow,89.0
2026-09-08 11:13:53,Lower Owens River Project,LORP at Mazourka Canyon Road,0.0
2026-09-08 11:13:53,Lower Owens River Project,LORP at Reinhackle Springs,64.0
2026-09-08 11:13:53,Lower Owens River Project,LORP Above Pumpstation,49.0
2026-09-08 11:13:53,Lower Owens River Project,LORP At Pump Station Discharge Flow,37.0
2026-09-08 11:13:53,Southern District,Haiwee LAA #2 Current Flow,146.0
2026-09-08 11:13:53,Southern District,S. Haiwee Reservoir Elevation,3728.0
2026-09-08 11:13:53,Southern District,Haiwee LAA #1 Current Flow,0.0
2026-09-08 11:13:53,Southern District,Fairmont Reservoir Elevation,3023.8
2026-09-08 11:13:53,Southern District,LAA #1 Flow at Fairmont Reservoir,307.8
2026-09-08 11:13:53,Southern District,LAA #2 Flow at Fairmont Res.,169.5
2026-09-08 11:13:53,Southern District,Bouquet Reservoir Elevation,2974.4
2026-09-08 11:13:53,Southern District,Bouquet Reservoir Inflow,1.1
2026-09-08 11:13:53,Southern District,Bouquet Reservoir Outflow,0.7
2026-09-08 11:13:53,Southern District,LAA #1 at Soledad Flow,127.3
2026-09-08 11:13:53,Southern District,LAA #2 at Soledad Flow,248.7
2026-09-08 11:28:53,Mono Basin,Lee Vining Intake Above Flow,23.1
2026-09-08 11:28:53,Mono Basin,Lee Vining Intake Below Flow,23.3
2026-09-08 11:28:53,Mono Basin,Mono Lk. Elevation,6382.2
2026-09-08 11:28:53,Mono Basin,Walker Ck. Above Conduit Flow,2.0
2026-09-08 11:28:53,Mono Basin,L.V. Conduit Below Intake Flow,0.5
2026-09-08 11:28:53,Mono Basin,Walker Ck. Under Conduit Flow,3.0
2026-09-08 11:28:53,Mono Basin,Parker Ck. Under Conduit Flow,8.0
2026-09-08 11:28:53,Mono Basin,Parker Ck. Above Conduit Flow,9.0
2026-09-08 11:28:53,Mono Basin,Grant Lk. Spill Flow,0.0
2026-09-08 11:28:53,Mono Basin,Mono Gate 1 Return Ditch Flow,40.0
2026-09-08 11:28:53,Mono Basin,Grant Lk. Elevation,7128.6
2026-09-08 11:28:53,Mono Basin,Grant Lk. Outflow,38.8
2026-09-08 11:28:53,Mono Basin,Rush Ck. at Damsite Flow,17.1
2026-09-08 11:28:53,Mono Basin,Flow to West Portal,0.0
2026-09-08 11:28:53,Long Valley,East Portal Flow,12.0
2026-09-08 11:28:53,Long Valley,OR Below EP Flow,57.0
2026-09-08 11:28:53,Long Valley,Hot Ck.at Hwy. Flow,5.0
2026-09-08 11:28:53,Long Valley,McGee Ck. Lower Sta. Flow,8.3
2026-09-08 11:28:53,Long Valley,Long Valley Elevation,6769.0
2026-09-08 11:28:53,Long Valley,Long Valley Current Outflow,0.1
2026-09-08 11:28:53,Long Valley,Rock Ck. Div. Flow,0.0
2026-09-08 11:28:53,Long Valley,Upper Gorge Total Release,33.7
2026-09-08 11:28:53,Long Valley,Release at Middle Gorge,0.0
2026-09-08 11:28:53,Northern Owens Valley,Rock Ck. At Owens River (PV) Flow,26.4
2026-09-08 11:28:53,Northern Owens Valley,Pleasant Valley Elevation,4385.0
2026-09-08 11:28:53,Northern Owens Valley,Pleasant Valley Outflow,496.5
2026-09-08 11:28:53,Northern Owens Valley,Baker Ck. At LA Station Flow,6.5
2026-09-08 11:28:53,Northern Owens Valley,Big Pine Ck. USGS Flow,22.1
2026-09-08 11:28:53,Northern Owens Valley,O.R. Below Big Pine,473.9
2026-09-08 11:28:53,Northern Owens Valley,Fish Springs At RR Flow,30.1
2026-09-08 11:28:53,Northern Owens Valley,Tinemaha Elevation,3861.6
2026-09-08 11:28:53,Northern Owens Valley,Tinemaha Reservoir Outflow,477.5
2026-09-08 11:28:53,Northern Owens Valley,Bishop Creek Through Plant 6,69.7
2026-09-08 11:28:53,Northern Owens Valley,Bishop Creek Around Plant 6,6.5
2026-09-08 11:28:53,Southern Owens Valley,Tinemaha Elevation,3861.6
2026-09-08 11:28:53,Southern Owens Valley,Tinemaha Reservoir Outflow,477.5
2026-09-08 11:28:53,Southern Owens Valley,Indep. Ck. At Junction Flow,4.0
2026-09-08 11:28:53,Southern Owens Valley,LAA at Alabama Flow,424.0
2026-09-08 11:28:53,Southern Owens Valley,LAA at Alabama Level,8.0
2026-09-08 11:28:53,Southern Owens Valley,LAA at Alabama Water Temp,65.3
2026-09-08 11:28:53,Southern Owens Valley,Cottonwood Ck. At LAA Flow,2.0
2026-09-08 11:28:53,Southern Owens Valley,LAA at Cottonwood Flow,461.0
2026-09-08 11:28:53,Southern Owens Valley,LAA at Cottonwood Level,8.9
2026-09-08 11:28:53,Southern Owens Valley,LAA at Cotton. Water Temp,66.9
2026-09-08 11:28:53,Southern Owens Valley,N. Haiwee Elevation,3757.2
2026-09-08 11:28:53,Southern Owens Valley,S. Haiwee Reservoir Elevation,3728.0
2026-09-08 11:28:53,Southern Owens Valley,Haiwee LAA #1 Current Flow,0.0
2026-09-08 11:28:53,Southern Owens Valley,Haiwee LAA #2 Current Flow,146.0
2026-09-08 11:28:53,Southern Owens Valley,Reinhackel Flow,2.9
2026-09-08 11:28:53,Southern Owens Valley,Lubkin Spillgate Outflow,0.0
2026-09-08 11:28:53,Southern Owens Valley,Cartago Spillgate Outflow,0.0
2026-09-08 11:28:53,Southern Owens Valley,Lone Pine Creek Flow,7.8
2026-09-08 11:28:53,Lower Owens River Project,LORP Intake Flow,89.0
2026-09-08 11:28:53,Lower Owens River Project,LORP at Mazourka Canyon Road,0.0
2026-09-08 11:28:53,Lower Owens River Project,LORP at Reinhackle Springs,62.0
2026-09-08 11:28:53,Lower Owens River Project,LORP Above Pumpstation,49.0
2026-09-08 11:28:53,Lower Owens River Project,LORP At Pump Station Discharge Flow,37.0
2026-09-08 11:28:53,Southern District,Haiwee LAA #2 Current Flow,146.0
2026-09-08 11:28:53,Southern District,S. Haiwee Reservoir Elevation,3728.0
2026-09-08 11:28:53,Southern District,Haiwee LAA #1 Current Flow,0.0
2026-09-08 11:28:53,Southern District,Fairmont Reservoir Elevation,3023.8
2026-09-08 11:28:53,Southern District,LAA #1 Flow at Fairmont Reservoir,307.7
2026-09-08 11:28:53,Southern District,LAA #2 Flow at Fairmont Res.,169.6
2026-09-08 11:28:53,Southern District,Bouquet Reservoir Elevation,2974.4
2026-09-08 11:28:53,Southern District,Bouquet Reservoir Inflow,1.1
2026-09-08 11:28:53,Southern District,Bouquet Reservoir Outflow,0.7
2026-09-08 11:28:53,Southern District,LAA #1 at Soledad Flow,127.3
2026-09-08 11:28:53,Southern District,LAA #2 at Soledad Flow,248.7
2026-09-08 11:43:54,Mono Basin,Lee Vining Intake Above Flow,23.1
2026-09-08 11:43:54,Mono Basin,Lee Vining Intake Below Flow,23.3
2026-09-08 11:43:54,Mono Basin,Mono Lk. Elevation,6382.2
2026-09-08 11:43:54,Mono Basin,Walker Ck. Above Conduit Flow,2.0
2026-09-08 11:43:54,Mono Basin,L.V. Conduit Below Intake Flow,0.5
2026-09-08 11:43:54,Mono Basin,Walker Ck. Under Conduit Flow,3.0
2026-09-08 11:43:54,Mono Basin,Parker Ck. Under Conduit Flow,8.0
2026-09-08 11:43:54,Mono Basin,Parker Ck. Above Conduit Flow,9.0
2026-09-08 11:43:54,Mono Basin,Grant Lk. Spill Flow,0.0
2026-09-08 11:43:54,Mono Basin,Mono Gate 1 Return Ditch Flow,40.0
2026-09-08 11:43:54,Mono Basin,Grant Lk. Elevation,7128.6
2026-09-08 11:43:54,Mono Basin,Grant Lk. Outflow,38.8
2026-09-08 11:43:54,Mono Basin,Rush Ck. at Damsite Flow,17.1
2026-09-08 11:43:54,Mono Basin,Flow to West Portal,0.0
2026-09-08 11:43:54,Long Valley,East Portal Flow,12.0
2026-09-08 11:43:54,Long Valley,OR Below EP Flow,57.0
2026-09-08 11:43:54,Long Valley,Hot Ck.at Hwy. Flow,5.0
2026-09-08 11:43:54,Long Valley,McGee Ck. Lower Sta. Flow,8.3
2026-09-08 11:43:54,Long Valley,Long Valley Elevation,6769.0
2026-09-08 11:43:54,Long Valley,Long Valley Current Outflow,0.1
2026-09-08 11:43:54,Long Valley,Rock Ck. Div. Flow,0.0
2026-09-08 11:43:54,Long Valley,Upper Gorge Total Release,33.1
2026-09-08 11:43:54,Northern Owens Valley,Rock Ck. At Owens River (PV) Flow,26.4
2026-09-08 11:43:54,Northern Owens Valley,Pleasant Valley Elevation,4384.9
2026-09-08 11:43:54,Northern Owens Valley,Pleasant Valley Outflow,495.7
2026-09-08 11:43:54,Northern Owens Valley,Baker Ck. At LA Station Flow,6.5
2026-09-08 11:43:54,Northern Owens Valley,Big Pine Ck. USGS Flow,22.1
2026-09-08 11:43:54,Northern Owens Valley,O.R. Below Big Pine,474.9
2026-09-08 11:43:54,Northern Owens Valley,Fish Springs At RR Flow,30.1
2026-09-08 11:43:54,Northern Owens Valley,Tinemaha Reservoir Outflow,477.5
2026-09-08 11:43:54,Northern Owens Valley,Bishop Creek Through Plant 6,69.7
2026-09-08 11:43:54,Northern Owens Valley,Bishop Creek Around Plant 6,6.5
2026-09-08 11:43:54,Southern Owens Valley,Tinemaha Reservoir Outflow,477.5
2026-09-08 11:43:54,Southern Owens Valley,Indep. Ck. At Junction Flow,4.0
2026-09-08 11:43:54,Southern Owens Valley,LAA at Alabama Flow,424.0
2026-09-08 11:43:54,Southern Owens Valley,LAA at Alabama Level,8.0
2026-09-08 11:43:54,Southern Owens Valley,LAA at Alabama Water Temp,65.3
2026-09-08 11:43:54,Southern Owens Valley,Cottonwood Ck. At LAA Flow,2.0
2026-09-08 11:43:54,Southern Owens Valley,LAA at Cottonwood Flow,462.0
2026-09-08 11:43:54,Southern Owens Valley,LAA at Cottonwood Level,9.0
2026-09-08 11:43:54,Southern Owens Valley,LAA at Cotton. Water Temp,67.0
2026-09-08 11:43:54,Southern Owens Valley,N. Haiwee Elevation,3757.2
2026-09-08 11:43:54,Southern Owens Valley,S. Haiwee Reservoir Elevation,3728.0
2026-09-08 11:43:54,Southern Owens Valley,Haiwee LAA #1 Current Flow,0.0
2026-09-08 11:43:54,Southern Owens Valley,Haiwee LAA #2 Current Flow,146.0
2026-09-08 11:43:54,Southern Owens Valley,Reinhackel Flow,2.9
2026-09-08 11:43:54,Southern Owens Valley,Lubkin Spillgate Outflow,0.0
2026-09-08 11:43:54,Southern Owens Valley,Cartago Spillgate Outflow,0.0
2026-09-08 11:43:54,Southern Owens Valley,Lone Pine Creek Flow,7.6
2026-09-08 11:43:54,Lower Owens River Project,LORP Intake Flow,88.0
2026-09-08 11:43:54,Lower Owens River Project,LORP at Mazourka Canyon Road,0.0
2026-09-08 11:43:54,Lower Owens River Project,LORP at Reinhackle Springs,62.0
2026-09-08 11:43:54,Lower Owens River Project,LORP Above Pumpstation,49.0
2026-09-08 11:43:54,Lower Owens River Project,LORP At Pump Station Discharge Flow,37.0
2026-09-08 11:43:54,Southern District,Haiwee LAA #2 Current Flow,146.0
2026-09-08 11:43:54,Southern District,S. Haiwee Reservoir Elevation,3728.0
2026-09-08 11:43:54,Southern District,Haiwee LAA #1 Current Flow,0.0
2026-09-08 11:43:54,Southern District,Fairmont Reservoir Elevation,3023.8
2026-09-08 11:43:54,Southern District,LAA #1 Flow at Fairmont Reservoir,302.5
2026-09-08 11:43:54,Southern District,LAA #2 Flow at Fairmont Res.,169.6
2026-09-08 11:43:54,Southern District,Bouquet Reservoir Elevation,2974.4
2026-09-08 11:43:54,Southern District,Bouquet Reservoir Inflow,1.1
2026-09-08 11:43:54,Southern District,Bouquet Reservoir Outflow,0.7
2026-09-08 11:43:54,Southern District,LAA #1 at Soledad Flow,127.3
2026-09-08 11:43:54,Southern District,LAA #2 at Soledad Flow,248.7
2026-09-08 11:43:54,Long Valley,Release at Middle Gorge,0.0
2026-09-08 11:58:52,Mono Basin,Lee Vining Intake Above Flow,23.1
2026-09-08 11:58:52,Mono Basin,Lee Vining Intake Below Flow,23.3
2026-09-08 11:58:52,Mono Basin,Walker Ck. Above Conduit Flow,2.0
2026-09-08 11:58:52,Mono Basin,L.V. Conduit Below Intake Flow,0.5
2026-09-08 11:58:52,Mono Basin,Walker Ck. Under Conduit Flow,3.0
2026-09-08 11:58:52,Mono Basin,Parker Ck. Under Conduit Flow,8.0
2026-09-08 11:58:52,Mono Basin,Parker Ck. Above Conduit Flow,9.0
2026-09-08 11:58:52,Mono Basin,Grant Lk. Spill Flow,0.0
2026-09-08 11:58:52,Mono Basin,Mono Gate 1 Return Ditch Flow,40.0
2026-09-08 11:58:52,Mono Basin,Grant Lk. Outflow,38.8
2026-09-08 11:58:52,Mono Basin,Rush Ck. at Damsite Flow,17.1
2026-09-08 11:58:52,Mono Basin,Flow to West Portal,0.0
2026-09-08 11:58:52,Long Valley,East Portal Flow,12.0
2026-09-08 11:58:52,Long Valley,OR Below EP Flow,57.0
2026-09-08 11:58:52,Long Valley,Hot Ck.at Hwy. Flow,5.0
2026-09-08 11:58:52,Long Valley,McGee Ck. Lower Sta. Flow,8.3
2026-09-08 11:58:52,Long Valley,Long Valley Current Outflow,0.1
2026-09-08 11:58:52,Long Valley,Rock Ck. Div. Flow,0.0
2026-09-08 11:58:52,Long Valley,Upper Gorge Total Release,33.1
2026-09-08 11:58:52,Long Valley,Release at Middle Gorge,0.0
2026-09-08 11:58:52,Northern Owens Valley,Rock Ck. At Owens River (PV) Flow,26.4
2026-09-08 11:58:52,Northern Owens Valley,Pleasant Valley Outflow,495.0
2026-09-08 11:58:52,Northern Owens Valley,Baker Ck. At LA Station Flow,6.5
2026-09-08 11:58:52,Northern Owens Valley,Big Pine Ck. USGS Flow,22.1
2026-09-08 11:58:52,Northern Owens Valley,O.R. Below Big Pine,474.9
2026-09-08 11:58:52,Northern Owens Valley,Fish Springs At RR Flow,30.1
2026-09-08 11:58:52,Northern Owens Valley,Tinemaha Reservoir Outflow,477.5
2026-09-08 11:58:52,Northern Owens Valley,Bishop Creek Through Plant 6,69.7
2026-09-08 11:58:52,Northern Owens Valley,Bishop Creek Around Plant 6,6.5
2026-09-08 11:58:52,Southern Owens Valley,Tinemaha Reservoir Outflow,477.5
2026-09-08 11:58:52,Southern Owens Valley,Indep. Ck. At Junction Flow,4.0
2026-09-08 11:58:52,Southern Owens Valley,LAA at Alabama Flow,424.0
2026-09-08 11:58:52,Southern Owens Valley,Cottonwood Ck. At LAA Flow,2.0
2026-09-08 11:58:52,Southern Owens Valley,LAA at Cottonwood Flow,462.0
2026-09-08 11:58:52,Southern Owens Valley,Haiwee LAA #1 Current Flow,0.0
2026-09-08 11:58:52,Southern Owens Valley,Haiwee LAA #2 Current Flow,146.0
2026-09-08 11:58:52,Southern Owens Valley,Reinhackel Flow,2.9
2026-09-08 11:58:52,Southern Owens Valley,Lubkin Spillgate Outflow,0.0
2026-09-08 11:58:52,Southern Owens Valley,Cartago Spillgate Outflow,0.0
2026-09-08 11:58:52,Southern Owens Valley,Lone Pine Creek Flow,7.6
2026-09-08 11:58:52,Lower Owens River Project,LORP Intake Flow,88.0
2026-09-08 11:58:52,Lower Owens River Project,LORP at Mazourka Canyon Road,0.0
2026-09-08 11:58:52,Lower Owens River Project,LORP at Reinhackle Springs,62.0
2026-09-08 11:58:52,Lower Owens River Project,LORP Above Pumpstation,49.0
2026-09-08 11:58:52,Lower Owens River Project,LORP At Pump Station Discharge Flow,38.0
2026-09-08 11:58:52,Southern District,Haiwee LAA #2 Current Flow,146.0
2026-09-08 11:58:52,Southern District,Haiwee LAA #1 Current Flow,0.0
2026-09-08 11:58:52,Southern District,LAA #1 Flow at Fairmont Reservoir,296.5
2026-09-08 11:58:52,Southern District,LAA #2 Flow at Fairmont Res.,169.6
2026-09-08 11:58:52,Southern District,Bouquet Reservoir Inflow,1.1
2026-09-08 11:58:52,Southern District,Bouquet Reservoir Outflow,0.7
2026-09-08 11:58:52,Southern District,LAA #1 at Soledad Flow,127.3
2026-09-08 11:58:52,Southern District,LAA #2 at Soledad Flow,248.7
2026-09-08 11:58:53,Mono Basin,Mono Lk. Elevation,6382.2
2026-09-08 11:58:53,Mono Basin,Grant Lk. Elevation,7128.6
2026-09-08 11:58:53,Long Valley,Long Valley Elevation,6769.0
2026-09-08 11:58:53,Northern Owens Valley,Pleasant Valley Elevation,4384.8
2026-09-08 11:58:53,Northern Owens Valley,Tinemaha Elevation,3861.6
2026-09-08 11:58:53,Southern Owens Valley,Tinemaha Elevation,3861.6
2026-09-08 11:58:53,Southern Owens Valley,LAA at Alabama Level,8.0
2026-09-08 11:58:53,Southern Owens Valley,LAA at Alabama Water Temp,65.3
2026-09-08 11:58:53,Southern Owens Valley,LAA at Cottonwood Level,9.0
2026-09-08 11:58:53,Southern Owens Valley,LAA at Cotton. Water Temp,67.0
2026-09-08 11:58:53,Southern Owens Valley,N. Haiwee Elevation,3757.2
2026-09-08 11:58:53,Southern Owens Valley,S. Haiwee Reservoir Elevation,3728.0
2026-09-08 11:58:53,Southern District,S. Haiwee Reservoir Elevation,3728.0
2026-09-08 11:58:53,Southern District,Fairmont Reservoir Elevation,3023.9
2026-09-08 11:58:53,Southern District,Bouquet Reservoir Elevation,2974.4
2026-09-08 12:13:52,Mono Basin,Lee Vining Intake Above Flow,22.6
2026-09-08 12:13:52,Mono Basin,Lee Vining Intake Below Flow,23.1
2026-09-08 12:13:52,Mono Basin,Walker Ck. Above Conduit Flow,2.0
2026-09-08 12:13:52,Mono Basin,L.V. Conduit Below Intake Flow,0.5
2026-09-08 12:13:52,Mono Basin,Walker Ck. Under Conduit Flow,3.0
2026-09-08 12:13:52,Mono Basin,Parker Ck. Under Conduit Flow,8.0
2026-09-08 12:13:52,Mono Basin,Parker Ck. Above Conduit Flow,9.0
2026-09-08 12:13:52,Mono Basin,Grant Lk. Spill Flow,0.0
2026-09-08 12:13:52,Mono Basin,Mono Gate 1 Return Ditch Flow,40.0
2026-09-08 12:13:52,Mono Basin,Grant Lk. Outflow,38.8
2026-09-08 12:13:52,Mono Basin,Rush Ck. at Damsite Flow,17.1
2026-09-08 12:13:52,Mono Basin,Flow to West Portal,0.0
2026-09-08 12:13:52,Long Valley,East Portal Flow,12.0
2026-09-08 12:13:52,Long Valley,OR Below EP Flow,57.0
2026-09-08 12:13:52,Long Valley,Hot Ck.at Hwy. Flow,5.0
2026-09-08 12:13:52,Long Valley,McGee Ck. Lower Sta. Flow,8.2
2026-09-08 12:13:52,Long Valley,Long Valley Current Outflow,0.1
2026-09-08 12:13:52,Long Valley,Rock Ck. Div. Flow,0.0
2026-09-08 12:13:52,Long Valley,Upper Gorge Total Release,33.4
2026-09-08 12:13:52,Long Valley,Release at Middle Gorge,0.0
2026-09-08 12:13:52,Northern Owens Valley,Rock Ck. At Owens River (PV) Flow,26.4
2026-09-08 12:13:52,Northern Owens Valley,Pleasant Valley Outflow,494.2
2026-09-08 12:13:52,Northern Owens Valley,Baker Ck. At LA Station Flow,6.5
2026-09-08 12:13:52,Northern Owens Valley,Big Pine Ck. USGS Flow,22.1
2026-09-08 12:13:52,Northern Owens Valley,O.R. Below Big Pine,475.2
2026-09-08 12:13:52,Northern Owens Valley,Fish Springs At RR Flow,30.1
2026-09-08 12:13:52,Northern Owens Valley,Tinemaha Reservoir Outflow,477.5
2026-09-08 12:13:52,Northern Owens Valley,Bishop Creek Through Plant 6,69.7
2026-09-08 12:13:52,Northern Owens Valley,Bishop Creek Around Plant 6,6.5
2026-09-08 12:13:52,Southern Owens Valley,Tinemaha Reservoir Outflow,477.5
2026-09-08 12:13:52,Southern Owens Valley,Indep. Ck. At Junction Flow,4.0
2026-09-08 12:13:52,Southern Owens Valley,LAA at Alabama Flow,424.0
2026-09-08 12:13:52,Southern Owens Valley,Cottonwood Ck. At LAA Flow,2.0
2026-09-08 12:13:52,Southern Owens Valley,LAA at Cottonwood Flow,462.0
2026-09-08 12:13:52,Southern Owens Valley,Haiwee LAA #1 Current Flow,0.0
2026-09-08 12:13:52,Southern Owens Valley,Haiwee LAA #2 Current Flow,146.0
2026-09-08 12:13:52,Southern Owens Valley,Reinhackel Flow,2.9
2026-09-08 12:13:52,Southern Owens Valley,Lubkin Spillgate Outflow,0.0
2026-09-08 12:13:52,Southern Owens Valley,Cartago Spillgate Outflow,0.0
2026-09-08 12:13:52,Southern Owens Valley,Lone Pine Creek Flow,7.6
2026-09-08 12:13:52,Lower Owens River Project,LORP Intake Flow,88.0
2026-09-08 12:13:52,Lower Owens River Project,LORP at Mazourka Canyon Road,0.0
2026-09-08 12:13:52,Lower Owens River Project,LORP at Reinhackle Springs,62.0
2026-09-08 12:13:52,Lower Owens River Project,LORP Above Pumpstation,48.0
2026-09-08 12:13:52,Lower Owens River Project,LORP At Pump Station Discharge Flow,37.0
2026-09-08 12:13:52,Southern District,Haiwee LAA #2 Current Flow,146.0
2026-09-08 12:13:52,Southern District,Haiwee LAA #1 Current Flow,0.0
2026-09-08 12:13:52,Southern District,LAA #1 Flow at Fairmont Reservoir,305.7
2026-09-08 12:13:52,Southern District,LAA #2 Flow at Fairmont Res.,169.7
2026-09-08 12:13:52,Southern District,Bouquet Reservoir Inflow,1.1
2026-09-08 12:13:52,Southern District,Bouquet Reservoir Outflow,0.7
2026-09-08 12:13:52,Southern District,LAA #1 at Soledad Flow,127.3
2026-09-08 12:13:52,Southern District,LAA #2 at Soledad Flow,248.7
2026-09-08 12:13:53,Mono Basin,Mono Lk. Elevation,6382.2
2026-09-08 12:13:53,Mono Basin,Grant Lk. Elevation,7128.6
2026-09-08 12:13:53,Long Valley,Long Valley Elevation,6769.0
2026-09-08 12:13:53,Northern Owens Valley,Pleasant Valley Elevation,4384.7
2026-09-08 12:13:53,Southern Owens Valley,LAA at Alabama Level,8.0
2026-09-08 12:13:53,Southern Owens Valley,LAA at Alabama Water Temp,65.8
2026-09-08 12:13:53,Southern Owens Valley,LAA at Cottonwood Level,9.0
2026-09-08 12:13:53,Southern Owens Valley,LAA at Cotton. Water Temp,67.2
2026-09-08 12:13:53,Southern Owens Valley,N. Haiwee Elevation,3757.2
2026-09-08 12:13:53,Southern Owens Valley,S. Haiwee Reservoir Elevation,3728.0
2026-09-08 12:13:53,Southern District,S. Haiwee Reservoir Elevation,3728.0
2026-09-08 12:13:53,Southern District,Fairmont Reservoir Elevation,3023.9
2026-09-08 12:13:53,Southern District,Bouquet Reservoir Elevation,2974.4
2026-09-08 12:28:52,Mono Basin,Lee Vining Intake Above Flow,22.6
2026-09-08 12:28:52,Mono Basin,Lee Vining Intake Below Flow,23.1
2026-09-08 12:28:52,Mono Basin,Walker Ck. Above Conduit Flow,2.0
2026-09-08 12:28:52,Mono Basin,L.V. Conduit Below Intake Flow,0.5
2026-09-08 12:28:52,Mono Basin,Walker Ck. Under Conduit Flow,3.0
2026-09-08 12:28:52,Mono Basin,Parker Ck. Under Conduit Flow,8.0
2026-09-08 12:28:52,Mono Basin,Parker Ck. Above Conduit Flow,9.0
2026-09-08 12:28:52,Mono Basin,Grant Lk. Spill Flow,0.0
2026-09-08 12:28:52,Mono Basin,Mono Gate 1 Return Ditch Flow,40.0
2026-09-08 12:28:52,Mono Basin,Grant Lk. Outflow,38.6
2026-09-08 12:28:52,Mono Basin,Rush Ck. at Damsite Flow,17.1
2026-09-08 12:28:52,Mono Basin,Flow to West Portal,0.0
2026-09-08 12:28:52,Long Valley,East Portal Flow,12.0
2026-09-08 12:28:52,Long Valley,OR Below EP Flow,57.0
2026-09-08 12:28:52,Long Valley,Hot Ck.at Hwy. Flow,5.0
2026-09-08 12:28:52,Long Valley,McGee Ck. Lower Sta. Flow,8.2
2026-09-08 12:28:52,Long Valley,Long Valley Current Outflow,0.1
2026-09-08 12:28:52,Long Valley,Rock Ck. Div. Flow,0.0
2026-09-08 12:28:52,Long Valley,Upper Gorge Total Release,33.8
2026-09-08 12:28:52,Long Valley,Release at Middle Gorge,0.0
2026-09-08 12:28:52,Northern Owens Valley,Rock Ck. At Owens River (PV) Flow,26.3
2026-09-08 12:28:52,Northern Owens Valley,Pleasant Valley Outflow,493.8
2026-09-08 12:28:52,Northern Owens Valley,Baker Ck. At LA Station Flow,6.5
2026-09-08 12:28:52,Northern Owens Valley,Big Pine Ck. USGS Flow,21.5
2026-09-08 12:28:52,Northern Owens Valley,O.R. Below Big Pine,474.7
2026-09-08 12:28:52,Northern Owens Valley,Fish Springs At RR Flow,32.3
2026-09-08 12:28:52,Northern Owens Valley,Tinemaha Reservoir Outflow,477.5
2026-09-08 12:28:52,Northern Owens Valley,Bishop Creek Through Plant 6,69.7
2026-09-08 12:28:52,Northern Owens Valley,Bishop Creek Around Plant 6,6.5
2026-09-08 12:28:52,Southern Owens Valley,Tinemaha Reservoir Outflow,477.5
2026-09-08 12:28:52,Southern Owens Valley,Indep. Ck. At Junction Flow,4.0
2026-09-08 12:28:52,Southern Owens Valley,LAA at Alabama Flow,424.0
2026-09-08 12:28:52,Southern Owens Valley,Cottonwood Ck. At LAA Flow,2.0
2026-09-08 12:28:52,Southern Owens Valley,LAA at Cottonwood Flow,462.0
2026-09-08 12:28:52,Southern Owens Valley,Haiwee LAA #1 Current Flow,0.0
2026-09-08 12:28:52,Southern Owens Valley,Haiwee LAA #2 Current Flow,146.0
2026-09-08 12:28:52,Southern Owens Valley,Reinhackel Flow,2.9
2026-09-08 12:28:52,Southern Owens Valley,Lubkin Spillgate Outflow,0.0
2026-09-08 12:28:52,Southern Owens Valley,Cartago Spillgate Outflow,0.0
2026-09-08 12:28:52,Southern Owens Valley,Lone Pine Creek Flow,7.6
2026-09-08 12:28:52,Lower Owens River Project,LORP Intake Flow,88.0
2026-09-08 12:28:52,Lower Owens River Project,LORP at Mazourka Canyon Road,0.0
2026-09-08 12:28:52,Lower Owens River Project,LORP at Reinhackle Springs,64.0
2026-09-08 12:28:52,Lower Owens River Project,LORP Above Pumpstation,48.0
2026-09-08 12:28:52,Lower Owens River Project,LORP At Pump Station Discharge Flow,37.0
2026-09-08 12:28:52,Southern District,Haiwee LAA #2 Current Flow,146.0
2026-09-08 12:28:52,Southern District,Haiwee LAA #1 Current Flow,0.0
2026-09-08 12:28:52,Southern District,LAA #1 Flow at Fairmont Reservoir,308.8
2026-09-08 12:28:52,Southern District,LAA #2 Flow at Fairmont Res.,169.7
2026-09-08 12:28:52,Southern District,Bouquet Reservoir Inflow,1.1
2026-09-08 12:28:52,Southern District,Bouquet Reservoir Outflow,0.7
2026-09-08 12:28:52,Southern District,LAA #1 at Soledad Flow,127.3
2026-09-08 12:28:52,Southern District,LAA #2 at Soledad Flow,248.7
2026-09-08 12:28:53,Northern Owens Valley,Tinemaha Elevation,3861.6
2026-09-08 12:28:53,Southern Owens Valley,Tinemaha Elevation,3861.6
2026-09-08 12:28:53,Mono Basin,Mono Lk. Elevation,6382.2
2026-09-08 12:28:53,Mono Basin,Grant Lk. Elevation,7128.6
2026-09-08 12:28:53,Long Valley,Long Valley Elevation,6769.0
2026-09-08 12:28:53,Northern Owens Valley,Pleasant Valley Elevation,4384.6
2026-09-08 12:28:53,Southern Owens Valley,LAA at Alabama Level,8.0
2026-09-08 12:28:53,Southern Owens Valley,LAA at Alabama Water Temp,66.1
2026-09-08 12:28:53,Southern Owens Valley,LAA at Cottonwood Level,9.0
2026-09-08 12:28:53,Southern Owens Valley,LAA at Cotton. Water Temp,67.2
2026-09-08 12:28:53,Southern Owens Valley,N. Haiwee Elevation,3757.2
2026-09-08 12:28:53,Southern Owens Valley,S. Haiwee Reservoir Elevation,3728.0
2026-09-08 12:28:53,Southern District,S. Haiwee Reservoir Elevation,3728.0
2026-09-08 12:28:53,Southern District,Fairmont Reservoir Elevation,3023.9
2026-09-08 12:28:53,Southern District,Bouquet Reservoir Elevation,2974.4
2026-09-08 12:43:54,Mono Basin,Lee Vining Intake Above Flow,23.0
2026-09-08 12:43:54,Mono Basin,Lee Vining Intake Below Flow,23.2
2026-09-08 12:43:54,Mono Basin,Mono Lk. Elevation,6382.2
2026-09-08 12:43:54,Mono Basin,Walker Ck. Above Conduit Flow,2.0
2026-09-08 12:43:54,Mono Basin,L.V. Conduit Below Intake Flow,0.5
2026-09-08 12:43:54,Mono Basin,Walker Ck. Under Conduit Flow,3.0
2026-09-08 12:43:54,Mono Basin,Parker Ck. Under Conduit Flow,8.0
2026-09-08 12:43:54,Mono Basin,Parker Ck. Above Conduit Flow,9.0
2026-09-08 12:43:54,Mono Basin,Grant Lk. Spill Flow,0.0
2026-09-08 12:43:54,Mono Basin,Mono Gate 1 Return Ditch Flow,40.0
2026-09-08 12:43:54,Mono Basin,Grant Lk. Elevation,7128.6
2026-09-08 12:43:54,Mono Basin,Grant Lk. Outflow,38.6
2026-09-08 12:43:54,Mono Basin,Rush Ck. at Damsite Flow,17.1
2026-09-08 12:43:54,Mono Basin,Flow to West Portal,0.0
2026-09-08 12:43:54,Long Valley,East Portal Flow,12.0
2026-09-08 12:43:54,Long Valley,OR Below EP Flow,57.0
2026-09-08 12:43:54,Long Valley,Hot Ck.at Hwy. Flow,5.0
2026-09-08 12:43:54,Long Valley,McGee Ck. Lower Sta. Flow,8.2
2026-09-08 12:43:54,Long Valley,Long Valley Elevation,6769.0
2026-09-08 12:43:54,Long Valley,Long Valley Current Outflow,0.1
2026-09-08 12:43:54,Long Valley,Rock Ck. Div. Flow,0.0
2026-09-08 12:43:54,Long Valley,Upper Gorge Total Release,33.0
2026-09-08 12:43:54,Northern Owens Valley,Rock Ck. At Owens River (PV) Flow,26.2
2026-09-08 12:43:54,Northern Owens Valley,Pleasant Valley Elevation,4384.6
2026-09-08 12:43:54,Northern Owens Valley,Pleasant Valley Outflow,493.9
2026-09-08 12:43:54,Northern Owens Valley,Baker Ck. At LA Station Flow,6.5
2026-09-08 12:43:54,Northern Owens Valley,Big Pine Ck. USGS Flow,21.5
2026-09-08 12:43:54,Northern Owens Valley,O.R. Below Big Pine,475.0
2026-09-08 12:43:54,Northern Owens Valley,Fish Springs At RR Flow,32.3
2026-09-08 12:43:54,Northern Owens Valley,Tinemaha Reservoir Outflow,477.5
2026-09-08 12:43:54,Northern Owens Valley,Bishop Creek Through Plant 6,71.2
2026-09-08 12:43:54,Northern Owens Valley,Bishop Creek Around Plant 6,6.3
2026-09-08 12:43:54,Southern Owens Valley,Tinemaha Reservoir Outflow,477.5
2026-09-08 12:43:54,Southern Owens Valley,Indep. Ck. At Junction Flow,3.7
2026-09-08 12:43:54,Southern Owens Valley,LAA at Alabama Flow,424.0
2026-09-08 12:43:54,Southern Owens Valley,LAA at Alabama Level,8.0
2026-09-08 12:43:54,Southern Owens Valley,LAA at Alabama Water Temp,66.1
2026-09-08 12:43:54,Southern Owens Valley,Cottonwood Ck. At LAA Flow,2.0
2026-09-08 12:43:54,Southern Owens Valley,LAA at Cottonwood Flow,463.0
2026-09-08 12:43:54,Southern Owens Valley,LAA at Cottonwood Level,9.0
2026-09-08 12:43:54,Southern Owens Valley,LAA at Cotton. Water Temp,67.4
2026-09-08 12:43:54,Southern Owens Valley,N. Haiwee Elevation,3757.2
2026-09-08 12:43:54,Southern Owens Valley,S. Haiwee Reservoir Elevation,3728.0
2026-09-08 12:43:54,Southern Owens Valley,Haiwee LAA #1 Current Flow,0.0
2026-09-08 12:43:54,Southern Owens Valley,Haiwee LAA #2 Current Flow,146.0
2026-09-08 12:43:54,Southern Owens Valley,Reinhackel Flow,2.9
2026-09-08 12:43:54,Southern Owens Valley,Lubkin Spillgate Outflow,0.0
2026-09-08 12:43:54,Southern Owens Valley,Cartago Spillgate Outflow,0.0
2026-09-08 12:43:54,Southern Owens Valley,Lone Pine Creek Flow,7.6
2026-09-08 12:43:54,Lower Owens River Project,LORP Intake Flow,88.0
2026-09-08 12:43:54,Lower Owens River Project,LORP at Mazourka Canyon Road,0.0
2026-09-08 12:43:54,Lower Owens River Project,LORP at Reinhackle Springs,64.0
2026-09-08 12:43:54,Lower Owens River Project,LORP Above Pumpstation,48.0
2026-09-08 12:43:54,Lower Owens River Project,LORP At Pump Station Discharge Flow,37.0
2026-09-08 12:43:54,Southern District,Haiwee LAA #2 Current Flow,146.0
2026-09-08 12:43:54,Southern District,S. Haiwee Reservoir Elevation,3728.0
2026-09-08 12:43:54,Southern District,Haiwee LAA #1 Current Flow,0.0
2026-09-08 12:43:54,Southern District,Fairmont Reservoir Elevation,3024.0
2026-09-08 12:43:54,Southern District,LAA #1 Flow at Fairmont Reservoir,304.8
2026-09-08 12:43:54,Southern District,LAA #2 Flow at Fairmont Res.,169.6
2026-09-08 12:43:54,Southern District,Bouquet Reservoir Elevation,2974.4
2026-09-08 12:43:54,Southern District,Bouquet Reservoir Inflow,1.1
2026-09-08 12:43:54,Southern District,Bouquet Reservoir Outflow,0.7
2026-09-08 12:43:54,Southern District,LAA #1 at Soledad Flow,127.3
2026-09-08 12:43:54,Southern District,LAA #2 at Soledad Flow,248.7
2026-09-08 12:43:54,Long Valley,Release at Middle Gorge,0.0
2026-09-08 12:58:52,Mono Basin,Lee Vining Intake Above Flow,23.0
2026-09-08 12:58:52,Mono Basin,Lee Vining Intake Below Flow,23.2
2026-09-08 12:58:52,Mono Basin,Walker Ck. Above Conduit Flow,2.0
2026-09-08 12:58:52,Mono Basin,L.V. Conduit Below Intake Flow,0.5
2026-09-08 12:58:52,Mono Basin,Walker Ck. Under Conduit Flow,3.0
2026-09-08 12:58:52,Mono Basin,Parker Ck. Under Conduit Flow,8.0
2026-09-08 12:58:52,Mono Basin,Parker Ck. Above Conduit Flow,9.0
2026-09-08 12:58:52,Mono Basin,Grant Lk. Spill Flow,0.0
2026-09-08 12:58:52,Mono Basin,Mono Gate 1 Return Ditch Flow,40.0
2026-09-08 12:58:52,Mono Basin,Grant Lk. Outflow,38.6
2026-09-08 12:58:52,Mono Basin,Rush Ck. at Damsite Flow,17.1
2026-09-08 12:58:52,Mono Basin,Flow to West Portal,0.0
2026-09-08 12:58:52,Long Valley,East Portal Flow,12.0
2026-09-08 12:58:52,Long Valley,OR Below EP Flow,57.0
2026-09-08 12:58:52,Long Valley,Hot Ck.at Hwy. Flow,5.0
2026-09-08 12:58:52,Long Valley,McGee Ck. Lower Sta. Flow,8.2
2026-09-08 12:58:52,Long Valley,Long Valley Current Outflow,0.1
2026-09-08 12:58:52,Long Valley,Rock Ck. Div. Flow,0.0
2026-09-08 12:58:52,Long Valley,Upper Gorge Total Release,33.3
2026-09-08 12:58:52,Long Valley,Release at Middle Gorge,0.0
2026-09-08 12:58:52,Northern Owens Valley,Rock Ck. At Owens River (PV) Flow,26.2
2026-09-08 12:58:52,Northern Owens Valley,Pleasant Valley Outflow,493.1
2026-09-08 12:58:52,Northern Owens Valley,Baker Ck. At LA Station Flow,6.5
2026-09-08 12:58:52,Northern Owens Valley,Big Pine Ck. USGS Flow,21.5
2026-09-08 12:58:52,Northern Owens Valley,O.R. Below Big Pine,476.0
2026-09-08 12:58:52,Northern Owens Valley,Fish Springs At RR Flow,32.3
2026-09-08 12:58:52,Northern Owens Valley,Tinemaha Reservoir Outflow,477.5
2026-09-08 12:58:52,Northern Owens Valley,Bishop Creek Through Plant 6,71.2
2026-09-08 12:58:52,Northern Owens Valley,Bishop Creek Around Plant 6,6.3
2026-09-08 12:58:52,Southern Owens Valley,Tinemaha Reservoir Outflow,477.5
2026-09-08 12:58:52,Southern Owens Valley,Indep. Ck. At Junction Flow,3.7
2026-09-08 12:58:52,Southern Owens Valley,LAA at Alabama Flow,424.0
2026-09-08 12:58:52,Southern Owens Valley,Cottonwood Ck. At LAA Flow,2.0
2026-09-08 12:58:52,Southern Owens Valley,LAA at Cottonwood Flow,463.0
2026-09-08 12:58:52,Southern Owens Valley,Haiwee LAA #1 Current Flow,0.0
2026-09-08 12:58:52,Southern Owens Valley,Haiwee LAA #2 Current Flow,146.0
2026-09-08 12:58:52,Southern Owens Valley,Reinhackel Flow,2.9
2026-09-08 12:58:52,Southern Owens Valley,Lubkin Spillgate Outflow,0.0
2026-09-08 12:58:52,Southern Owens Valley,Cartago Spillgate Outflow,0.0
2026-09-08 12:58:52,Southern Owens Valley,Lone Pine Creek Flow,7.6
2026-09-08 12:58:52,Lower Owens River Project,LORP Intake Flow,88.0
2026-09-08 12:58:52,Lower Owens River Project,LORP at Mazourka Canyon Road,0.0
2026-09-08 12:58:52,Lower Owens River Project,LORP at Reinhackle Springs,64.0
2026-09-08 12:58:52,Lower Owens River Project,LORP Above Pumpstation,50.0
2026-09-08 12:58:52,Lower Owens River Project,LORP At Pump Station Discharge Flow,38.0
2026-09-08 12:58:52,Southern District,Haiwee LAA #2 Current Flow,146.0
2026-09-08 12:58:52,Southern District,Haiwee LAA #1 Current Flow,0.0
2026-09-08 12:58:52,Southern District,LAA #1 Flow at Fairmont Reservoir,306.5
2026-09-08 12:58:52,Southern District,LAA #2 Flow at Fairmont Res.,169.7
2026-09-08 12:58:52,Southern District,Bouquet Reservoir Inflow,0.0
2026-09-08 12:58:52,Southern District,Bouquet Reservoir Outflow,0.7
2026-09-08 12:58:52,Southern District,LAA #1 at Soledad Flow,127.3
2026-09-08 12:58:52,Southern District,LAA #2 at Soledad Flow,248.7
2026-09-08 12:58:53,Northern Owens Valley,Tinemaha Elevation,3861.6
2026-09-08 12:58:53,Southern Owens Valley,Tinemaha Elevation,3861.6
2026-09-08 12:58:53,Mono Basin,Mono Lk. Elevation,6382.2
2026-09-08 12:58:53,Mono Basin,Grant Lk. Elevation,7128.6
2026-09-08 12:58:53,Long Valley,Long Valley Elevation,6769.0
2026-09-08 12:58:53,Northern Owens Valley,Pleasant Valley Elevation,4384.5
2026-09-08 12:58:53,Southern Owens Valley,LAA at Alabama Level,8.0
2026-09-08 12:58:53,Southern Owens Valley,LAA at Alabama Water Temp,66.1
2026-09-08 12:58:53,Southern Owens Valley,LAA at Cottonwood Level,9.0
2026-09-08 12:58:53,Southern Owens Valley,LAA at Cotton. Water Temp,67.4
2026-09-08 12:58:53,Southern Owens Valley,N. Haiwee Elevation,3757.2
2026-09-08 12:58:53,Southern Owens Valley,S. Haiwee Reservoir Elevation,3728.0
2026-09-08 12:58:53,Southern District,S. Haiwee Reservoir Elevation,3728.0
2026-09-08 12:58:53,Southern District,Fairmont Reservoir Elevation,3024.0
2026-09-08 12:58:53,Southern District,Bouquet Reservoir Elevation,2974.4
2026-09-08 13:13:53,Mono Basin,Lee Vining Intake Above Flow,22.6
2026-09-08 13:13:53,Mono Basin,Lee Vining Intake Below Flow,23.0
2026-09-08 13:13:53,Mono Basin,Mono Lk. Elevation,6382.2
2026-09-08 13:13:53,Mono Basin,Walker Ck. Above Conduit Flow,2.0
2026-09-08 13:13:53,Mono Basin,L.V. Conduit Below Intake Flow,0.5
2026-09-08 13:13:53,Mono Basin,Walker Ck. Under Conduit Flow,3.0
2026-09-08 13:13:53,Mono Basin,Parker Ck. Under Conduit Flow,8.0
2026-09-08 13:13:53,Mono Basin,Parker Ck. Above Conduit Flow,9.0
2026-09-08 13:13:53,Mono Basin,Grant Lk. Spill Flow,0.0
2026-09-08 13:13:53,Mono Basin,Mono Gate 1 Return Ditch Flow,40.0
2026-09-08 13:13:53,Mono Basin,Grant Lk. Elevation,7128.6
2026-09-08 13:13:53,Mono Basin,Grant Lk. Outflow,38.6
2026-09-08 13:13:53,Mono Basin,Rush Ck. at Damsite Flow,17.1
2026-09-08 13:13:53,Mono Basin,Flow to West Portal,0.0
2026-09-08 13:13:53,Long Valley,East Portal Flow,12.0
2026-09-08 13:13:53,Long Valley,OR Below EP Flow,57.0
2026-09-08 13:13:53,Long Valley,Hot Ck.at Hwy. Flow,5.0
2026-09-08 13:13:53,Long Valley,McGee Ck. Lower Sta. Flow,8.2
2026-09-08 13:13:53,Long Valley,Long Valley Elevation,6769.0
2026-09-08 13:13:53,Long Valley,Long Valley Current Outflow,0.1
2026-09-08 13:13:53,Long Valley,Rock Ck. Div. Flow,0.0
2026-09-08 13:13:53,Long Valley,Upper Gorge Total Release,32.9
2026-09-08 13:13:53,Long Valley,Release at Middle Gorge,0.0
2026-09-08 13:13:53,Northern Owens Valley,Rock Ck. At Owens River (PV) Flow,26.1
2026-09-08 13:13:53,Northern Owens Valley,Pleasant Valley Elevation,4384.4
2026-09-08 13:13:53,Northern Owens Valley,Pleasant Valley Outflow,493.3
2026-09-08 13:13:53,Northern Owens Valley,Baker Ck. At LA Station Flow,6.5
2026-09-08 13:13:53,Northern Owens Valley,Big Pine Ck. USGS Flow,21.5
2026-09-08 13:13:53,Northern Owens Valley,O.R. Below Big Pine,475.7
2026-09-08 13:13:53,Northern Owens Valley,Fish Springs At RR Flow,32.3
2026-09-08 13:13:53,Northern Owens Valley,Tinemaha Reservoir Outflow,477.5
2026-09-08 13:13:53,Northern Owens Valley,Bishop Creek Through Plant 6,71.2
2026-09-08 13:13:53,Northern Owens Valley,Bishop Creek Around Plant 6,6.3
2026-09-08 13:13:53,Southern Owens Valley,Tinemaha Reservoir Outflow,477.5
2026-09-08 13:13:53,Southern Owens Valley,Indep. Ck. At Junction Flow,3.7
2026-09-08 13:13:53,Southern Owens Valley,LAA at Alabama Flow,423.0
2026-09-08 13:13:53,Southern Owens Valley,LAA at Alabama Level,8.0
2026-09-08 13:13:53,Southern Owens Valley,LAA at Alabama Water Temp,66.5
2026-09-08 13:13:53,Southern Owens Valley,Cottonwood Ck. At LAA Flow,2.0
2026-09-08 13:13:53,Southern Owens Valley,LAA at Cottonwood Flow,463.0
2026-09-08 13:13:53,Southern Owens Valley,LAA at Cottonwood Level,9.0
2026-09-08 13:13:53,Southern Owens Valley,LAA at Cotton. Water Temp,67.5
2026-09-08 13:13:53,Southern Owens Valley,N. Haiwee Elevation,3757.2
2026-09-08 13:13:53,Southern Owens Valley,S. Haiwee Reservoir Elevation,3728.0
2026-09-08 13:13:53,Southern Owens Valley,Haiwee LAA #1 Current Flow,0.0
2026-09-08 13:13:53,Southern Owens Valley,Haiwee LAA #2 Current Flow,146.0
2026-09-08 13:13:53,Southern Owens Valley,Reinhackel Flow,2.9
2026-09-08 13:13:53,Southern Owens Valley,Lubkin Spillgate Outflow,0.0
2026-09-08 13:13:53,Southern Owens Valley,Cartago Spillgate Outflow,0.0
2026-09-08 13:13:53,Southern Owens Valley,Lone Pine Creek Flow,7.5
2026-09-08 13:13:53,Lower Owens River Project,LORP Intake Flow,88.0
2026-09-08 13:13:53,Lower Owens River Project,LORP at Mazourka Canyon Road,0.0
2026-09-08 13:13:53,Lower Owens River Project,LORP at Reinhackle Springs,64.0
2026-09-08 13:13:53,Lower Owens River Project,LORP Above Pumpstation,49.0
2026-09-08 13:13:53,Lower Owens River Project,LORP At Pump Station Discharge Flow,37.0
2026-09-08 13:13:53,Southern District,Haiwee LAA #2 Current Flow,146.0
2026-09-08 13:13:53,Southern District,S. Haiwee Reservoir Elevation,3728.0
2026-09-08 13:13:53,Southern District,Haiwee LAA #1 Current Flow,0.0
2026-09-08 13:13:53,Southern District,Fairmont Reservoir Elevation,3024.1
2026-09-08 13:13:53,Southern District,LAA #1 Flow at Fairmont Reservoir,303.1
2026-09-08 13:13:53,Southern District,LAA #2 Flow at Fairmont Res.,169.6
2026-09-08 13:13:53,Southern District,Bouquet Reservoir Elevation,2974.4
2026-09-08 13:13:53,Southern District,Bouquet Reservoir Inflow,0.0
2026-09-08 13:13:53,Southern District,Bouquet Reservoir Outflow,0.7
2026-09-08 13:13:53,Southern District,LAA #1 at Soledad Flow,127.3
2026-09-08 13:13:53,Southern District,LAA #2 at Soledad Flow,248.7
2026-09-08 13:28:53,Northern Owens Valley,Tinemaha Elevation,3861.6
2026-09-08 13:28:53,Southern Owens Valley,Tinemaha Elevation,3861.6
2026-09-08 13:28:53,Mono Basin,Lee Vining Intake Above Flow,22.6
2026-09-08 13:28:53,Mono Basin,Lee Vining Intake Below Flow,23.0
2026-09-08 13:28:53,Mono Basin,Mono Lk. Elevation,6382.2
2026-09-08 13:28:53,Mono Basin,Walker Ck. Above Conduit Flow,2.0
2026-09-08 13:28:53,Mono Basin,L.V. Conduit Below Intake Flow,0.5
2026-09-08 13:28:53,Mono Basin,Walker Ck. Under Conduit Flow,3.0
2026-09-08 13:28:53,Mono Basin,Parker Ck. Under Conduit Flow,8.0
2026-09-08 13:28:53,Mono Basin,Parker Ck. Above Conduit Flow,9.0
2026-09-08 13:28:53,Mono Basin,Grant Lk. Spill Flow,0.0
2026-09-08 13:28:53,Mono Basin,Mono Gate 1 Return Ditch Flow,40.0
2026-09-08 13:28:53,Mono Basin,Grant Lk. Elevation,7128.6
2026-09-08 13:28:53,Mono Basin,Grant Lk. Outflow,38.5
2026-09-08 13:28:53,Mono Basin,Rush Ck. at Damsite Flow,17.1
2026-09-08 13:28:53,Mono Basin,Flow to West Portal,0.0
2026-09-08 13:28:53,Long Valley,East Portal Flow,12.0
2026-09-08 13:28:53,Long Valley,OR Below EP Flow,57.0
2026-09-08 13:28:53,Long Valley,Hot Ck.at Hwy. Flow,5.0
2026-09-08 13:28:53,Long Valley,McGee Ck. Lower Sta. Flow,8.2
2026-09-08 13:28:53,Long Valley,Long Valley Elevation,6769.0
2026-09-08 13:28:53,Long Valley,Long Valley Current Outflow,0.1
2026-09-08 13:28:53,Long Valley,Rock Ck. Div. Flow,0.0
2026-09-08 13:28:53,Long Valley,Upper Gorge Total Release,33.5
2026-09-08 13:28:53,Long Valley,Release at Middle Gorge,0.0
2026-09-08 13:28:53,Northern Owens Valley,Rock Ck. At Owens River (PV) Flow,26.0
2026-09-08 13:28:53,Northern Owens Valley,Pleasant Valley Elevation,4384.3
2026-09-08 13:28:53,Northern Owens Valley,Pleasant Valley Outflow,492.8
2026-09-08 13:28:53,Northern Owens Valley,Baker Ck. At LA Station Flow,6.5
2026-09-08 13:28:53,Northern Owens Valley,Big Pine Ck. USGS Flow,21.5
2026-09-08 13:28:53,Northern Owens Valley,O.R. Below Big Pine,474.7
2026-09-08 13:28:53,Northern Owens Valley,Fish Springs At RR Flow,32.3
2026-09-08 13:28:53,Northern Owens Valley,Tinemaha Reservoir Outflow,476.6
2026-09-08 13:28:53,Northern Owens Valley,Bishop Creek Through Plant 6,71.2
2026-09-08 13:28:53,Northern Owens Valley,Bishop Creek Around Plant 6,6.3
2026-09-08 13:28:53,Southern Owens Valley,Tinemaha Reservoir Outflow,476.6
2026-09-08 13:28:53,Southern Owens Valley,Indep. Ck. At Junction Flow,3.7
2026-09-08 13:28:53,Southern Owens Valley,LAA at Alabama Flow,423.0
2026-09-08 13:28:53,Southern Owens Valley,LAA at Alabama Level,8.0
2026-09-08 13:28:53,Southern Owens Valley,LAA at Alabama Water Temp,66.5
2026-09-08 13:28:53,Southern Owens Valley,Cottonwood Ck. At LAA Flow,2.0
2026-09-08 13:28:53,Southern Owens Valley,LAA at Cottonwood Flow,463.0
2026-09-08 13:28:53,Southern Owens Valley,LAA at Cottonwood Level,9.0
2026-09-08 13:28:53,Southern Owens Valley,LAA at Cotton. Water Temp,67.5
2026-09-08 13:28:53,Southern Owens Valley,N. Haiwee Elevation,3757.2
2026-09-08 13:28:53,Southern Owens Valley,S. Haiwee Reservoir Elevation,3728.0
2026-09-08 13:28:53,Southern Owens Valley,Haiwee LAA #1 Current Flow,0.0
2026-09-08 13:28:53,Southern Owens Valley,Haiwee LAA #2 Current Flow,146.0
2026-09-08 13:28:53,Southern Owens Valley,Reinhackel Flow,2.9
2026-09-08 13:28:53,Southern Owens Valley,Lubkin Spillgate Outflow,0.0
2026-09-08 13:28:53,Southern Owens Valley,Cartago Spillgate Outflow,0.0
2026-09-08 13:28:53,Southern Owens Valley,Lone Pine Creek Flow,7.5
2026-09-08 13:28:53,Lower Owens River Project,LORP Intake Flow,88.0
2026-09-08 13:28:53,Lower Owens River Project,LORP at Mazourka Canyon Road,0.0
2026-09-08 13:28:53,Lower Owens River Project,LORP at Reinhackle Springs,62.0
2026-09-08 13:28:53,Lower Owens River Project,LORP Above Pumpstation,49.0
2026-09-08 13:28:53,Lower Owens River Project,LORP At Pump Station Discharge Flow,37.0
2026-09-08 13:28:53,Southern District,Haiwee LAA #2 Current Flow,146.0
2026-09-08 13:28:53,Southern District,S. Haiwee Reservoir Elevation,3728.0
2026-09-08 13:28:53,Southern District,Haiwee LAA #1 Current Flow,0.0
2026-09-08 13:28:53,Southern District,Fairmont Reservoir Elevation,3024.1
2026-09-08 13:28:53,Southern District,LAA #1 Flow at Fairmont Reservoir,295.5
2026-09-08 13:28:53,Southern District,LAA #2 Flow at Fairmont Res.,169.7
2026-09-08 13:28:53,Southern District,Bouquet Reservoir Elevation,2974.4
2026-09-08 13:28:53,Southern District,Bouquet Reservoir Inflow,0.0
2026-09-08 13:28:53,Southern District,Bouquet Reservoir Outflow,0.7
2026-09-08 13:28:53,Southern District,LAA #1 at Soledad Flow,127.3
2026-09-08 13:28:53,Southern District,LAA #2 at Soledad Flow,248.7
2026-09-08 13:43:53,Mono Basin,Lee Vining Intake Above Flow,22.4
2026-09-08 13:43:53,Mono Basin,Lee Vining Intake Below Flow,23.1
2026-09-08 13:43:53,Mono Basin,Walker Ck. Above Conduit Flow,2.0
2026-09-08 13:43:53,Mono Basin,L.V. Conduit Below Intake Flow,0.5
2026-09-08 13:43:53,Mono Basin,Walker Ck. Under Conduit Flow,3.0
2026-09-08 13:43:53,Mono Basin,Parker Ck. Under Conduit Flow,8.0
2026-09-08 13:43:53,Mono Basin,Parker Ck. Above Conduit Flow,9.0
2026-09-08 13:43:53,Mono Basin,Grant Lk. Outflow,38.5
2026-09-08 13:43:53,Mono Basin,Rush Ck. at Damsite Flow,17.1
2026-09-08 13:43:53,Long Valley,OR Below EP Flow,57.0
2026-09-08 13:43:53,Long Valley,Hot Ck.at Hwy. Flow,5.0
2026-09-08 13:43:53,Long Valley,McGee Ck. Lower Sta. Flow,8.2
2026-09-08 13:43:53,Long Valley,Long Valley Current Outflow,0.1
2026-09-08 13:43:53,Long Valley,Rock Ck. Div. Flow,0.0
2026-09-08 13:43:53,Long Valley,Upper Gorge Total Release,33.3
2026-09-08 13:43:53,Northern Owens Valley,Rock Ck. At Owens River (PV) Flow,26.0
2026-09-08 13:43:53,Northern Owens Valley,Pleasant Valley Outflow,492.4
2026-09-08 13:43:53,Northern Owens Valley,Baker Ck. At LA Station Flow,6.5
2026-09-08 13:43:53,Northern Owens Valley,Big Pine Ck. USGS Flow,21.5
2026-09-08 13:43:53,Northern Owens Valley,O.R. Below Big Pine,475.0
2026-09-08 13:43:53,Northern Owens Valley,Fish Springs At RR Flow,32.3
2026-09-08 13:43:53,Northern Owens Valley,Tinemaha Reservoir Outflow,476.6
2026-09-08 13:43:53,Northern Owens Valley,Bishop Creek Through Plant 6,71.2
2026-09-08 13:43:53,Northern Owens Valley,Bishop Creek Around Plant 6,6.3
2026-09-08 13:43:53,Southern Owens Valley,Tinemaha Reservoir Outflow,476.6
2026-09-08 13:43:53,Southern Owens Valley,Indep. Ck. At Junction Flow,3.7
2026-09-08 13:43:53,Southern Owens Valley,LAA at Alabama Flow,423.0
2026-09-08 13:43:53,Southern Owens Valley,Cottonwood Ck. At LAA Flow,2.0
2026-09-08 13:43:53,Southern Owens Valley,LAA at Cottonwood Flow,463.0
2026-09-08 13:43:53,Southern Owens Valley,Haiwee LAA #1 Current Flow,0.0
2026-09-08 13:43:53,Southern Owens Valley,Haiwee LAA #2 Current Flow,146.0
2026-09-08 13:43:53,Southern Owens Valley,Reinhackel Flow,2.9
2026-09-08 13:43:53,Southern Owens Valley,Lubkin Spillgate Outflow,0.0
2026-09-08 13:43:53,Southern Owens Valley,Cartago Spillgate Outflow,0.0
2026-09-08 13:43:53,Southern Owens Valley,Lone Pine Creek Flow,7.5
2026-09-08 13:43:53,Lower Owens River Project,LORP Intake Flow,88.0
2026-09-08 13:43:53,Lower Owens River Project,LORP at Mazourka Canyon Road,0.0
2026-09-08 13:43:53,Lower Owens River Project,LORP at Reinhackle Springs,62.0
2026-09-08 13:43:53,Lower Owens River Project,LORP Above Pumpstation,50.0
2026-09-08 13:43:53,Lower Owens River Project,LORP At Pump Station Discharge Flow,38.0
2026-09-08 13:43:53,Southern District,Haiwee LAA #2 Current Flow,146.0
2026-09-08 13:43:53,Southern District,Haiwee LAA #1 Current Flow,0.0
2026-09-08 13:43:53,Long Valley,Release at Middle Gorge,0.0
2026-09-08 13:43:54,Mono Basin,Mono Lk. Elevation,6382.2
2026-09-08 13:43:54,Mono Basin,Grant Lk. Spill Flow,0.0
2026-09-08 13:43:54,Mono Basin,Mono Gate 1 Return Ditch Flow,40.0
2026-09-08 13:43:54,Mono Basin,Grant Lk. Elevation,7128.6
2026-09-08 13:43:54,Mono Basin,Flow to West Portal,0.0
2026-09-08 13:43:54,Long Valley,East Portal Flow,12.0
2026-09-08 13:43:54,Long Valley,Long Valley Elevation,6769.0
2026-09-08 13:43:54,Northern Owens Valley,Pleasant Valley Elevation,4384.2
2026-09-08 13:43:54,Southern Owens Valley,LAA at Alabama Level,8.0
2026-09-08 13:43:54,Southern Owens Valley,LAA at Alabama Water Temp,66.5
2026-09-08 13:43:54,Southern Owens Valley,LAA at Cottonwood Level,9.0
2026-09-08 13:43:54,Southern Owens Valley,LAA at Cotton. Water Temp,67.7
2026-09-08 13:43:54,Southern Owens Valley,N. Haiwee Elevation,3757.2
2026-09-08 13:43:54,Southern Owens Valley,S. Haiwee Reservoir Elevation,3728.1
2026-09-08 13:43:54,Southern District,S. Haiwee Reservoir Elevation,3728.1
2026-09-08 13:43:54,Southern District,Fairmont Reservoir Elevation,3024.1
2026-09-08 13:43:54,Southern District,LAA #1 Flow at Fairmont Reservoir,307.4
2026-09-08 13:43:54,Southern District,LAA #2 Flow at Fairmont Res.,169.7
2026-09-08 13:43:54,Southern District,Bouquet Reservoir Elevation,2974.4
2026-09-08 13:43:54,Southern District,Bouquet Reservoir Inflow,0.0
2026-09-08 13:43:54,Southern District,Bouquet Reservoir Outflow,0.7
2026-09-08 13:43:54,Southern District,LAA #1 at Soledad Flow,127.3
2026-09-08 13:43:54,Southern District,LAA #2 at Soledad Flow,248.7
2026-09-08 13:58:52,Mono Basin,Lee Vining Intake Above Flow,22.4
2026-09-08 13:58:52,Mono Basin,Lee Vining Intake Below Flow,23.1
2026-09-08 13:58:52,Mono Basin,Walker Ck. Above Conduit Flow,2.0
2026-09-08 13:58:52,Mono Basin,L.V. Conduit Below Intake Flow,0.5
2026-09-08 13:58:52,Mono Basin,Walker Ck. Under Conduit Flow,3.0
2026-09-08 13:58:52,Mono Basin,Parker Ck. Under Conduit Flow,8.0
2026-09-08 13:58:52,Mono Basin,Parker Ck. Above Conduit Flow,9.0
2026-09-08 13:58:52,Mono Basin,Grant Lk. Spill Flow,0.0
2026-09-08 13:58:52,Mono Basin,Mono Gate 1 Return Ditch Flow,40.0
2026-09-08 13:58:52,Mono Basin,Grant Lk. Outflow,38.5
2026-09-08 13:58:52,Mono Basin,Rush Ck. at Damsite Flow,17.1
2026-09-08 13:58:52,Mono Basin,Flow to West Portal,0.0
2026-09-08 13:58:52,Long Valley,East Portal Flow,12.0
2026-09-08 13:58:52,Long Valley,OR Below EP Flow,57.0
2026-09-08 13:58:52,Long Valley,Hot Ck.at Hwy. Flow,5.0
2026-09-08 13:58:52,Long Valley,McGee Ck. Lower Sta. Flow,8.2
2026-09-08 13:58:52,Long Valley,Long Valley Current Outflow,0.1
2026-09-08 13:58:52,Long Valley,Rock Ck. Div. Flow,0.0
2026-09-08 13:58:52,Long Valley,Upper Gorge Total Release,34.1
2026-09-08 13:58:52,Long Valley,Release at Middle Gorge,0.0
2026-09-08 13:58:52,Northern Owens Valley,Rock Ck. At Owens River (PV) Flow,26.0
2026-09-08 13:58:52,Northern Owens Valley,Pleasant Valley Outflow,492.0
2026-09-08 13:58:52,Northern Owens Valley,Baker Ck. At LA Station Flow,6.5
2026-09-08 13:58:52,Northern Owens Valley,Big Pine Ck. USGS Flow,21.5
2026-09-08 13:58:52,Northern Owens Valley,O.R. Below Big Pine,474.8
2026-09-08 13:58:52,Northern Owens Valley,Fish Springs At RR Flow,32.3
2026-09-08 13:58:52,Northern Owens Valley,Tinemaha Reservoir Outflow,476.6
2026-09-08 13:58:52,Northern Owens Valley,Bishop Creek Through Plant 6,71.2
2026-09-08 13:58:52,Northern Owens Valley,Bishop Creek Around Plant 6,6.3
2026-09-08 13:58:52,Southern Owens Valley,Tinemaha Reservoir Outflow,476.6
2026-09-08 13:58:52,Southern Owens Valley,Indep. Ck. At Junction Flow,3.7
2026-09-08 13:58:52,Southern Owens Valley,LAA at Alabama Flow,423.0
2026-09-08 13:58:52,Southern Owens Valley,Cottonwood Ck. At LAA Flow,2.0
2026-09-08 13:58:52,Southern Owens Valley,LAA at Cottonwood Flow,463.0
2026-09-08 13:58:52,Southern Owens Valley,Haiwee LAA #1 Current Flow,0.0
2026-09-08 13:58:52,Southern Owens Valley,Haiwee LAA #2 Current Flow,146.0
2026-09-08 13:58:52,Southern Owens Valley,Reinhackel Flow,2.9
2026-09-08 13:58:52,Southern Owens Valley,Lubkin Spillgate Outflow,0.0
2026-09-08 13:58:52,Southern Owens Valley,Cartago Spillgate Outflow,0.0
2026-09-08 13:58:52,Southern Owens Valley,Lone Pine Creek Flow,7.5
2026-09-08 13:58:52,Lower Owens River Project,LORP Intake Flow,88.0
2026-09-08 13:58:52,Lower Owens River Project,LORP at Mazourka Canyon Road,0.0
2026-09-08 13:58:52,Lower Owens River Project,LORP at Reinhackle Springs,62.0
2026-09-08 13:58:52,Lower Owens River Project,LORP Above Pumpstation,49.0
2026-09-08 13:58:52,Lower Owens River Project,LORP At Pump Station Discharge Flow,38.0
2026-09-08 13:58:52,Southern District,Haiwee LAA #2 Current Flow,146.0
2026-09-08 13:58:52,Southern District,Haiwee LAA #1 Current Flow,0.0
2026-09-08 13:58:52,Southern District,LAA #1 Flow at Fairmont Reservoir,307.4
2026-09-08 13:58:52,Southern District,LAA #2 Flow at Fairmont Res.,169.6
2026-09-08 13:58:52,Southern District,Bouquet Reservoir Inflow,0.0
2026-09-08 13:58:52,Southern District,Bouquet Reservoir Outflow,0.7
2026-09-08 13:58:52,Southern District,LAA #1 at Soledad Flow,127.3
2026-09-08 13:58:52,Southern District,LAA #2 at Soledad Flow,248.7
2026-09-08 13:58:53,Northern Owens Valley,Tinemaha Elevation,3861.6
2026-09-08 13:58:53,Southern Owens Valley,Tinemaha Elevation,3861.6
2026-09-08 13:58:53,Mono Basin,Mono Lk. Elevation,6382.2
2026-09-08 13:58:53,Mono Basin,Grant Lk. Elevation,7128.6
2026-09-08 13:58:53,Long Valley,Long Valley Elevation,6769.0
2026-09-08 13:58:53,Northern Owens Valley,Pleasant Valley Elevation,4384.1
2026-09-08 13:58:53,Southern Owens Valley,LAA at Alabama Level,8.0
2026-09-08 13:58:53,Southern Owens Valley,LAA at Alabama Water Temp,66.5
2026-09-08 13:58:53,Southern Owens Valley,LAA at Cottonwood Level,9.0
2026-09-08 13:58:53,Southern Owens Valley,LAA at Cotton. Water Temp,67.7
2026-09-08 13:58:53,Southern Owens Valley,N. Haiwee Elevation,3757.2
2026-09-08 13:58:53,Southern Owens Valley,S. Haiwee Reservoir Elevation,3728.1
2026-09-08 13:58:53,Southern District,S. Haiwee Reservoir Elevation,3728.1
2026-09-08 13:58:53,Southern District,Fairmont Reservoir Elevation,3024.2
2026-09-08 13:58:53,Southern District,Bouquet Reservoir Elevation,2974.4
2026-09-08 14:13:52,Mono Basin,Lee Vining Intake Above Flow,22.8
2026-09-08 14:13:52,Mono Basin,Lee Vining Intake Below Flow,22.9
2026-09-08 14:13:52,Mono Basin,Walker Ck. Above Conduit Flow,2.0
2026-09-08 14:13:52,Mono Basin,L.V. Conduit Below Intake Flow,0.5
2026-09-08 14:13:52,Mono Basin,Walker Ck. Under Conduit Flow,3.0
2026-09-08 14:13:52,Mono Basin,Parker Ck. Under Conduit Flow,8.0
2026-09-08 14:13:52,Mono Basin,Parker Ck. Above Conduit Flow,9.0
2026-09-08 14:13:52,Mono Basin,Grant Lk. Spill Flow,0.0
2026-09-08 14:13:52,Mono Basin,Mono Gate 1 Return Ditch Flow,40.0
2026-09-08 14:13:52,Mono Basin,Grant Lk. Outflow,38.5
2026-09-08 14:13:52,Mono Basin,Rush Ck. at Damsite Flow,17.1
2026-09-08 14:13:52,Mono Basin,Flow to West Portal,0.0
2026-09-08 14:13:52,Long Valley,East Portal Flow,12.0
2026-09-08 14:13:52,Long Valley,OR Below EP Flow,57.0
2026-09-08 14:13:52,Long Valley,Hot Ck.at Hwy. Flow,5.0
2026-09-08 14:13:52,Long Valley,McGee Ck. Lower Sta. Flow,8.2
2026-09-08 14:13:52,Long Valley,Long Valley Current Outflow,0.1
2026-09-08 14:13:52,Long Valley,Rock Ck. Div. Flow,0.0
2026-09-08 14:13:52,Long Valley,Upper Gorge Total Release,33.4
2026-09-08 14:13:52,Long Valley,Release at Middle Gorge,0.0
2026-09-08 14:13:52,Northern Owens Valley,Rock Ck. At Owens River (PV) Flow,26.0
2026-09-08 14:13:52,Northern Owens Valley,Pleasant Valley Outflow,491.1
2026-09-08 14:13:52,Northern Owens Valley,Baker Ck. At LA Station Flow,6.5
2026-09-08 14:13:52,Northern Owens Valley,Big Pine Ck. USGS Flow,21.5
2026-09-08 14:13:52,Northern Owens Valley,O.R. Below Big Pine,474.7
2026-09-08 14:13:52,Northern Owens Valley,Fish Springs At RR Flow,32.3
2026-09-08 14:13:52,Northern Owens Valley,Tinemaha Reservoir Outflow,476.6
2026-09-08 14:13:52,Northern Owens Valley,Bishop Creek Through Plant 6,70.8
2026-09-08 14:13:52,Northern Owens Valley,Bishop Creek Around Plant 6,6.4
2026-09-08 14:13:52,Southern Owens Valley,Tinemaha Reservoir Outflow,476.6
2026-09-08 14:13:52,Southern Owens Valley,Indep. Ck. At Junction Flow,3.7
2026-09-08 14:13:52,Southern Owens Valley,LAA at Alabama Flow,422.0
2026-09-08 14:13:52,Southern Owens Valley,Cottonwood Ck. At LAA Flow,2.0
2026-09-08 14:13:52,Southern Owens Valley,LAA at Cottonwood Flow,463.0
2026-09-08 14:13:52,Southern Owens Valley,Haiwee LAA #1 Current Flow,0.0
2026-09-08 14:13:52,Southern Owens Valley,Haiwee LAA #2 Current Flow,146.0
2026-09-08 14:13:52,Southern Owens Valley,Reinhackel Flow,2.9
2026-09-08 14:13:52,Southern Owens Valley,Lubkin Spillgate Outflow,0.0
2026-09-08 14:13:52,Southern Owens Valley,Cartago Spillgate Outflow,0.0
2026-09-08 14:13:52,Southern Owens Valley,Lone Pine Creek Flow,7.5
2026-09-08 14:13:52,Lower Owens River Project,LORP Intake Flow,88.0
2026-09-08 14:13:52,Lower Owens River Project,LORP at Mazourka Canyon Road,0.0
2026-09-08 14:13:52,Lower Owens River Project,LORP at Reinhackle Springs,62.0
2026-09-08 14:13:52,Lower Owens River Project,LORP Above Pumpstation,49.0
2026-09-08 14:13:52,Lower Owens River Project,LORP At Pump Station Discharge Flow,38.0
2026-09-08 14:13:52,Southern District,Haiwee LAA #2 Current Flow,146.0
2026-09-08 14:13:52,Southern District,Haiwee LAA #1 Current Flow,0.0
2026-09-08 14:13:52,Southern District,LAA #1 Flow at Fairmont Reservoir,305.6
2026-09-08 14:13:52,Southern District,LAA #2 Flow at Fairmont Res.,169.6
2026-09-08 14:13:52,Southern District,Bouquet Reservoir Inflow,0.0
2026-09-08 14:13:52,Southern District,Bouquet Reservoir Outflow,0.7
2026-09-08 14:13:52,Southern District,LAA #1 at Soledad Flow,127.3
2026-09-08 14:13:52,Southern District,LAA #2 at Soledad Flow,248.7
2026-09-08 14:13:53,Mono Basin,Mono Lk. Elevation,6382.2
2026-09-08 14:13:53,Mono Basin,Grant Lk. Elevation,7128.6
2026-09-08 14:13:53,Long Valley,Long Valley Elevation,6769.0
2026-09-08 14:13:53,Northern Owens Valley,Pleasant Valley Elevation,4384.0
2026-09-08 14:13:53,Southern Owens Valley,LAA at Alabama Level,8.0
2026-09-08 14:13:53,Southern Owens Valley,LAA at Alabama Water Temp,67.4
2026-09-08 14:13:53,Southern Owens Valley,LAA at Cottonwood Level,9.0
2026-09-08 14:13:53,Southern Owens Valley,LAA at Cotton. Water Temp,67.9
2026-09-08 14:13:53,Southern Owens Valley,N. Haiwee Elevation,3757.2
2026-09-08 14:13:53,Southern Owens Valley,S. Haiwee Reservoir Elevation,3728.1
2026-09-08 14:13:53,Southern District,S. Haiwee Reservoir Elevation,3728.1
2026-09-08 14:13:53,Southern District,Fairmont Reservoir Elevation,3024.2
2026-09-08 14:13:53,Southern District,Bouquet Reservoir Elevation,2974.4
2026-09-08 14:28:53,Northern Owens Valley,Tinemaha Elevation,3861.6
2026-09-08 14:28:53,Southern Owens Valley,Tinemaha Elevation,3861.6
2026-09-08 14:28:53,Mono Basin,Lee Vining Intake Above Flow,22.8
2026-09-08 14:28:53,Mono Basin,Lee Vining Intake Below Flow,22.9
2026-09-08 14:28:53,Mono Basin,Mono Lk. Elevation,6382.2
2026-09-08 14:28:53,Mono Basin,Walker Ck. Above Conduit Flow,2.0
2026-09-08 14:28:53,Mono Basin,L.V. Conduit Below Intake Flow,0.5
2026-09-08 14:28:53,Mono Basin,Walker Ck. Under Conduit Flow,3.0
2026-09-08 14:28:53,Mono Basin,Parker Ck. Under Conduit Flow,8.0
2026-09-08 14:28:53,Mono Basin,Parker Ck. Above Conduit Flow,9.0
2026-09-08 14:28:53,Mono Basin,Grant Lk. Spill Flow,0.0
2026-09-08 14:28:53,Mono Basin,Mono Gate 1 Return Ditch Flow,40.0
2026-09-08 14:28:53,Mono Basin,Grant Lk. Elevation,7128.7
2026-09-08 14:28:53,Mono Basin,Grant Lk. Outflow,38.5
2026-09-08 14:28:53,Mono Basin,Rush Ck. at Damsite Flow,17.1
2026-09-08 14:28:53,Mono Basin,Flow to West Portal,0.0
2026-09-08 14:28:53,Long Valley,East Portal Flow,12.0
2026-09-08 14:28:53,Long Valley,OR Below EP Flow,57.0
2026-09-08 14:28:53,Long Valley,Hot Ck.at Hwy. Flow,5.0
2026-09-08 14:28:53,Long Valley,McGee Ck. Lower Sta. Flow,8.2
2026-09-08 14:28:53,Long Valley,Long Valley Elevation,6769.0
2026-09-08 14:28:53,Long Valley,Long Valley Current Outflow,0.1
2026-09-08 14:28:53,Long Valley,Rock Ck. Div. Flow,0.0
2026-09-08 14:28:53,Long Valley,Upper Gorge Total Release,32.9
2026-09-08 14:28:53,Long Valley,Release at Middle Gorge,0.0
2026-09-08 14:28:53,Northern Owens Valley,Rock Ck. At Owens River (PV) Flow,26.0
2026-09-08 14:28:53,Northern Owens Valley,Pleasant Valley Elevation,4383.9
2026-09-08 14:28:53,Northern Owens Valley,Pleasant Valley Outflow,491.3
2026-09-08 14:28:53,Northern Owens Valley,Baker Ck. At LA Station Flow,6.5
2026-09-08 14:28:53,Northern Owens Valley,Big Pine Ck. USGS Flow,21.5
2026-09-08 14:28:53,Northern Owens Valley,O.R. Below Big Pine,474.8
2026-09-08 14:28:53,Northern Owens Valley,Fish Springs At RR Flow,32.3
2026-09-08 14:28:53,Northern Owens Valley,Tinemaha Reservoir Outflow,476.6
2026-09-08 14:28:53,Northern Owens Valley,Bishop Creek Through Plant 6,70.8
2026-09-08 14:28:53,Northern Owens Valley,Bishop Creek Around Plant 6,6.4
2026-09-08 14:28:53,Southern Owens Valley,Tinemaha Reservoir Outflow,476.6
2026-09-08 14:28:53,Southern Owens Valley,Indep. Ck. At Junction Flow,3.7
2026-09-08 14:28:53,Southern Owens Valley,LAA at Alabama Flow,422.0
2026-09-08 14:28:53,Southern Owens Valley,LAA at Alabama Level,8.0
2026-09-08 14:28:53,Southern Owens Valley,LAA at Alabama Water Temp,67.4
2026-09-08 14:28:53,Southern Owens Valley,Cottonwood Ck. At LAA Flow,2.0
2026-09-08 14:28:53,Southern Owens Valley,LAA at Cottonwood Flow,463.0
2026-09-08 14:28:53,Southern Owens Valley,LAA at Cottonwood Level,9.0
2026-09-08 14:28:53,Southern Owens Valley,LAA at Cotton. Water Temp,67.9
2026-09-08 14:28:53,Southern Owens Valley,N. Haiwee Elevation,3757.2
2026-09-08 14:28:53,Southern Owens Valley,S. Haiwee Reservoir Elevation,3728.1
2026-09-08 14:28:53,Southern Owens Valley,Haiwee LAA #1 Current Flow,0.0
2026-09-08 14:28:53,Southern Owens Valley,Haiwee LAA #2 Current Flow,146.0
2026-09-08 14:28:53,Southern Owens Valley,Reinhackel Flow,2.9
2026-09-08 14:28:53,Southern Owens Valley,Lubkin Spillgate Outflow,0.0
2026-09-08 14:28:53,Southern Owens Valley,Cartago Spillgate Outflow,0.0
2026-09-08 14:28:53,Southern Owens Valley,Lone Pine Creek Flow,7.5
2026-09-08 14:28:53,Lower Owens River Project,LORP Intake Flow,88.0
2026-09-08 14:28:53,Lower Owens River Project,LORP at Mazourka Canyon Road,0.0
2026-09-08 14:28:53,Lower Owens River Project,LORP at Reinhackle Springs,61.0
2026-09-08 14:28:53,Lower Owens River Project,LORP Above Pumpstation,48.0
2026-09-08 14:28:53,Lower Owens River Project,LORP At Pump Station Discharge Flow,37.0
2026-09-08 14:28:53,Southern District,Haiwee LAA #2 Current Flow,146.0
2026-09-08 14:28:53,Southern District,S. Haiwee Reservoir Elevation,3728.1
2026-09-08 14:28:53,Southern District,Haiwee LAA #1 Current Flow,0.0
2026-09-08 14:28:53,Southern District,Fairmont Reservoir Elevation,3024.2
2026-09-08 14:28:53,Southern District,LAA #1 Flow at Fairmont Reservoir,299.1
2026-09-08 14:28:53,Southern District,LAA #2 Flow at Fairmont Res.,169.5
2026-09-08 14:28:53,Southern District,Bouquet Reservoir Elevation,2974.4
2026-09-08 14:28:53,Southern District,Bouquet Reservoir Inflow,0.0
2026-09-08 14:28:53,Southern District,Bouquet Reservoir Outflow,0.7
2026-09-08 14:28:53,Southern District,LAA #1 at Soledad Flow,127.3
2026-09-08 14:28:53,Southern District,LAA #2 at Soledad Flow,248.7
2026-09-08 14:43:54,Mono Basin,Lee Vining Intake Above Flow,22.4
2026-09-08 14:43:54,Mono Basin,Lee Vining Intake Below Flow,22.8
2026-09-08 14:43:54,Mono Basin,Mono Lk. Elevation,6382.2
2026-09-08 14:43:54,Mono Basin,Walker Ck. Above Conduit Flow,2.0
2026-09-08 14:43:54,Mono Basin,L.V. Conduit Below Intake Flow,0.5
2026-09-08 14:43:54,Mono Basin,Walker Ck. Under Conduit Flow,3.0
2026-09-08 14:43:54,Mono Basin,Parker Ck. Under Conduit Flow,8.0
2026-09-08 14:43:54,Mono Basin,Parker Ck. Above Conduit Flow,9.0
2026-09-08 14:43:54,Mono Basin,Grant Lk. Spill Flow,0.0
2026-09-08 14:43:54,Mono Basin,Mono Gate 1 Return Ditch Flow,40.0
2026-09-08 14:43:54,Mono Basin,Grant Lk. Elevation,7128.7
2026-09-08 14:43:54,Mono Basin,Grant Lk. Outflow,38.5
2026-09-08 14:43:54,Mono Basin,Rush Ck. at Damsite Flow,17.1
2026-09-08 14:43:54,Mono Basin,Flow to West Portal,0.0
2026-09-08 14:43:54,Long Valley,East Portal Flow,12.0
2026-09-08 14:43:54,Long Valley,OR Below EP Flow,56.0
2026-09-08 14:43:54,Long Valley,Hot Ck.at Hwy. Flow,5.0
2026-09-08 14:43:54,Long Valley,McGee Ck. Lower Sta. Flow,8.2
2026-09-08 14:43:54,Long Valley,Long Valley Elevation,6769.0
2026-09-08 14:43:54,Long Valley,Long Valley Current Outflow,0.1
2026-09-08 14:43:54,Long Valley,Rock Ck. Div. Flow,0.0
2026-09-08 14:43:54,Long Valley,Upper Gorge Total Release,33.2
2026-09-08 14:43:54,Northern Owens Valley,Rock Ck. At Owens River (PV) Flow,25.8
2026-09-08 14:43:54,Northern Owens Valley,Pleasant Valley Elevation,4383.8
2026-09-08 14:43:54,Northern Owens Valley,Pleasant Valley Outflow,490.9
2026-09-08 14:43:54,Northern Owens Valley,Baker Ck. At LA Station Flow,6.5
2026-09-08 14:43:54,Northern Owens Valley,Big Pine Ck. USGS Flow,21.5
2026-09-08 14:43:54,Northern Owens Valley,O.R. Below Big Pine,474.7
2026-09-08 14:43:54,Northern Owens Valley,Fish Springs At RR Flow,32.3
2026-09-08 14:43:54,Northern Owens Valley,Tinemaha Reservoir Outflow,476.6
2026-09-08 14:43:54,Northern Owens Valley,Bishop Creek Through Plant 6,70.8
2026-09-08 14:43:54,Northern Owens Valley,Bishop Creek Around Plant 6,6.4
2026-09-08 14:43:54,Southern Owens Valley,Tinemaha Reservoir Outflow,476.6
2026-09-08 14:43:54,Southern Owens Valley,Indep. Ck. At Junction Flow,3.7
2026-09-08 14:43:54,Southern Owens Valley,LAA at Alabama Flow,422.0
2026-09-08 14:43:54,Southern Owens Valley,LAA at Alabama Level,8.0
2026-09-08 14:43:54,Southern Owens Valley,LAA at Alabama Water Temp,67.4
2026-09-08 14:43:54,Southern Owens Valley,Cottonwood Ck. At LAA Flow,2.0
2026-09-08 14:43:54,Southern Owens Valley,LAA at Cottonwood Flow,464.0
2026-09-08 14:43:54,Southern Owens Valley,LAA at Cottonwood Level,9.0
2026-09-08 14:43:54,Southern Owens Valley,LAA at Cotton. Water Temp,68.2
2026-09-08 14:43:54,Southern Owens Valley,N. Haiwee Elevation,3757.2
2026-09-08 14:43:54,Southern Owens Valley,S. Haiwee Reservoir Elevation,3728.1
2026-09-08 14:43:54,Southern Owens Valley,Haiwee LAA #1 Current Flow,0.0
2026-09-08 14:43:54,Southern Owens Valley,Haiwee LAA #2 Current Flow,146.0
2026-09-08 14:43:54,Southern Owens Valley,Reinhackel Flow,2.9
2026-09-08 14:43:54,Southern Owens Valley,Lubkin Spillgate Outflow,0.0
2026-09-08 14:43:54,Southern Owens Valley,Cartago Spillgate Outflow,0.0
2026-09-08 14:43:54,Southern Owens Valley,Lone Pine Creek Flow,7.5
2026-09-08 14:43:54,Lower Owens River Project,LORP Intake Flow,88.0
2026-09-08 14:43:54,Lower Owens River Project,LORP at Mazourka Canyon Road,0.0
2026-09-08 14:43:54,Lower Owens River Project,LORP at Reinhackle Springs,61.0
2026-09-08 14:43:54,Lower Owens River Project,LORP Above Pumpstation,49.0
2026-09-08 14:43:54,Lower Owens River Project,LORP At Pump Station Discharge Flow,37.0
2026-09-08 14:43:54,Southern District,Haiwee LAA #2 Current Flow,146.0
2026-09-08 14:43:54,Southern District,S. Haiwee Reservoir Elevation,3728.1
2026-09-08 14:43:54,Southern District,Haiwee LAA #1 Current Flow,0.0
2026-09-08 14:43:54,Southern District,Fairmont Reservoir Elevation,3024.3
2026-09-08 14:43:54,Southern District,LAA #1 Flow at Fairmont Reservoir,309.2
2026-09-08 14:43:54,Southern District,LAA #2 Flow at Fairmont Res.,169.5
2026-09-08 14:43:54,Southern District,Bouquet Reservoir Elevation,2974.4
2026-09-08 14:43:54,Southern District,Bouquet Reservoir Inflow,0.0
2026-09-08 14:43:54,Southern District,Bouquet Reservoir Outflow,0.7
2026-09-08 14:43:54,Southern District,LAA #1 at Soledad Flow,127.3
2026-09-08 14:43:54,Southern District,LAA #2 at Soledad Flow,248.7
2026-09-08 14:43:54,Long Valley,Release at Middle Gorge,0.0
2026-09-08 14:58:52,Mono Basin,Lee Vining Intake Above Flow,22.4
2026-09-08 14:58:52,Mono Basin,Lee Vining Intake Below Flow,22.8
2026-09-08 14:58:52,Mono Basin,Walker Ck. Above Conduit Flow,2.0
2026-09-08 14:58:52,Mono Basin,L.V. Conduit Below Intake Flow,0.5
2026-09-08 14:58:52,Mono Basin,Walker Ck. Under Conduit Flow,3.0
2026-09-08 14:58:52,Mono Basin,Parker Ck. Under Conduit Flow,8.0
2026-09-08 14:58:52,Mono Basin,Parker Ck. Above Conduit Flow,9.0
2026-09-08 14:58:52,Mono Basin,Grant Lk. Spill Flow,0.0
2026-09-08 14:58:52,Mono Basin,Mono Gate 1 Return Ditch Flow,40.0
2026-09-08 14:58:52,Mono Basin,Grant Lk. Outflow,38.5
2026-09-08 14:58:52,Mono Basin,Rush Ck. at Damsite Flow,17.1
2026-09-08 14:58:52,Mono Basin,Flow to West Portal,0.0
2026-09-08 14:58:52,Long Valley,East Portal Flow,12.0
2026-09-08 14:58:52,Long Valley,OR Below EP Flow,56.0
2026-09-08 14:58:52,Long Valley,Hot Ck.at Hwy. Flow,5.0
2026-09-08 14:58:52,Long Valley,McGee Ck. Lower Sta. Flow,8.2
2026-09-08 14:58:52,Long Valley,Long Valley Current Outflow,0.1
2026-09-08 14:58:52,Long Valley,Rock Ck. Div. Flow,0.0
2026-09-08 14:58:52,Long Valley,Upper Gorge Total Release,33.2
2026-09-08 14:58:52,Long Valley,Release at Middle Gorge,0.0
2026-09-08 14:58:52,Northern Owens Valley,Rock Ck. At Owens River (PV) Flow,25.8
2026-09-08 14:58:52,Northern Owens Valley,Pleasant Valley Outflow,489.7
2026-09-08 14:58:52,Northern Owens Valley,Baker Ck. At LA Station Flow,6.3
2026-09-08 14:58:52,Northern Owens Valley,Big Pine Ck. USGS Flow,21.5
2026-09-08 14:58:52,Northern Owens Valley,O.R. Below Big Pine,474.9
2026-09-08 14:58:52,Northern Owens Valley,Fish Springs At RR Flow,32.3
2026-09-08 14:58:52,Northern Owens Valley,Tinemaha Reservoir Outflow,476.6
2026-09-08 14:58:52,Northern Owens Valley,Bishop Creek Through Plant 6,70.8
2026-09-08 14:58:52,Northern Owens Valley,Bishop Creek Around Plant 6,6.4
2026-09-08 14:58:52,Southern Owens Valley,Tinemaha Reservoir Outflow,476.6
2026-09-08 14:58:52,Southern Owens Valley,Indep. Ck. At Junction Flow,3.7
2026-09-08 14:58:52,Southern Owens Valley,LAA at Alabama Flow,422.0
2026-09-08 14:58:52,Southern Owens Valley,Cottonwood Ck. At LAA Flow,2.0
2026-09-08 14:58:52,Southern Owens Valley,LAA at Cottonwood Flow,464.0
2026-09-08 14:58:52,Southern Owens Valley,Haiwee LAA #1 Current Flow,0.0
2026-09-08 14:58:52,Southern Owens Valley,Haiwee LAA #2 Current Flow,146.0
2026-09-08 14:58:52,Southern Owens Valley,Reinhackel Flow,2.9
2026-09-08 14:58:52,Southern Owens Valley,Lubkin Spillgate Outflow,0.0
2026-09-08 14:58:52,Southern Owens Valley,Cartago Spillgate Outflow,0.0
2026-09-08 14:58:52,Southern Owens Valley,Lone Pine Creek Flow,7.5
2026-09-08 14:58:52,Lower Owens River Project,LORP Intake Flow,88.0
2026-09-08 14:58:52,Lower Owens River Project,LORP at Mazourka Canyon Road,0.0
2026-09-08 14:58:52,Lower Owens River Project,LORP at Reinhackle Springs,61.0
2026-09-08 14:58:52,Lower Owens River Project,LORP Above Pumpstation,50.0
2026-09-08 14:58:52,Lower Owens River Project,LORP At Pump Station Discharge Flow,38.0
2026-09-08 14:58:52,Southern District,Haiwee LAA #2 Current Flow,146.0
2026-09-08 14:58:52,Southern District,Haiwee LAA #1 Current Flow,0.0
2026-09-08 14:58:52,Southern District,LAA #1 Flow at Fairmont Reservoir,303.6
2026-09-08 14:58:52,Southern District,LAA #2 Flow at Fairmont Res.,169.5
2026-09-08 14:58:52,Southern District,Bouquet Reservoir Inflow,0.0
2026-09-08 14:58:52,Southern District,Bouquet Reservoir Outflow,0.7
2026-09-08 14:58:52,Southern District,LAA #1 at Soledad Flow,127.3
2026-09-08 14:58:52,Southern District,LAA #2 at Soledad Flow,248.7
2026-09-08 14:58:53,Northern Owens Valley,Tinemaha Elevation,3861.6
2026-09-08 14:58:53,Southern Owens Valley,Tinemaha Elevation,3861.6
2026-09-08 14:58:53,Mono Basin,Mono Lk. Elevation,6382.2
2026-09-08 14:58:53,Mono Basin,Grant Lk. Elevation,7128.7
2026-09-08 14:58:53,Long Valley,Long Valley Elevation,6769.0
2026-09-08 14:58:53,Northern Owens Valley,Pleasant Valley Elevation,4383.7
2026-09-08 14:58:53,Southern Owens Valley,LAA at Alabama Level,8.0
2026-09-08 14:58:53,Southern Owens Valley,LAA at Alabama Water Temp,67.4
2026-09-08 14:58:53,Southern Owens Valley,LAA at Cottonwood Level,9.0
2026-09-08 14:58:53,Southern Owens Valley,LAA at Cotton. Water Temp,68.2
2026-09-08 14:58:53,Southern Owens Valley,N. Haiwee Elevation,3757.2
2026-09-08 14:58:53,Southern Owens Valley,S. Haiwee Reservoir Elevation,3728.1
2026-09-08 14:58:53,Southern District,S. Haiwee Reservoir Elevation,3728.1
2026-09-08 14:58:53,Southern District,Fairmont Reservoir Elevation,3024.3
2026-09-08 14:58:53,Southern District,Bouquet Reservoir Elevation,2974.4
2026-09-08 15:13:52,Mono Basin,Lee Vining Intake Above Flow,22.0
2026-09-08 15:13:52,Mono Basin,Lee Vining Intake Below Flow,22.7
2026-09-08 15:13:52,Mono Basin,Walker Ck. Above Conduit Flow,2.0
2026-09-08 15:13:52,Mono Basin,L.V. Conduit Below Intake Flow,0.5
2026-09-08 15:13:52,Mono Basin,Walker Ck. Under Conduit Flow,3.0
2026-09-08 15:13:52,Mono Basin,Parker Ck. Under Conduit Flow,8.0
2026-09-08 15:13:52,Mono Basin,Parker Ck. Above Conduit Flow,9.0
2026-09-08 15:13:52,Mono Basin,Grant Lk. Spill Flow,0.0
2026-09-08 15:13:52,Mono Basin,Mono Gate 1 Return Ditch Flow,40.0
2026-09-08 15:13:52,Mono Basin,Grant Lk. Outflow,38.5
2026-09-08 15:13:52,Mono Basin,Rush Ck. at Damsite Flow,17.1
2026-09-08 15:13:52,Mono Basin,Flow to West Portal,0.0
2026-09-08 15:13:52,Long Valley,East Portal Flow,12.0
2026-09-08 15:13:52,Long Valley,OR Below EP Flow,56.0
2026-09-08 15:13:52,Long Valley,Hot Ck.at Hwy. Flow,5.0
2026-09-08 15:13:52,Long Valley,McGee Ck. Lower Sta. Flow,8.0
2026-09-08 15:13:52,Long Valley,Long Valley Current Outflow,0.1
2026-09-08 15:13:52,Long Valley,Rock Ck. Div. Flow,0.0
2026-09-08 15:13:52,Long Valley,Upper Gorge Total Release,33.0
2026-09-08 15:13:52,Long Valley,Release at Middle Gorge,0.0
2026-09-08 15:13:52,Northern Owens Valley,Rock Ck. At Owens River (PV) Flow,25.8
2026-09-08 15:13:52,Northern Owens Valley,Pleasant Valley Outflow,490.4
2026-09-08 15:13:52,Northern Owens Valley,Baker Ck. At LA Station Flow,6.3
2026-09-08 15:13:52,Northern Owens Valley,Big Pine Ck. USGS Flow,21.5
2026-09-08 15:13:52,Northern Owens Valley,O.R. Below Big Pine,474.7
2026-09-08 15:13:52,Northern Owens Valley,Fish Springs At RR Flow,32.3
2026-09-08 15:13:52,Northern Owens Valley,Tinemaha Reservoir Outflow,476.6
2026-09-08 15:13:52,Northern Owens Valley,Bishop Creek Through Plant 6,70.8
2026-09-08 15:13:52,Northern Owens Valley,Bishop Creek Around Plant 6,6.4
2026-09-08 15:13:52,Southern Owens Valley,Tinemaha Reservoir Outflow,476.6
2026-09-08 15:13:52,Southern Owens Valley,Indep. Ck. At Junction Flow,3.7
2026-09-08 15:13:52,Southern Owens Valley,LAA at Alabama Flow,423.0
2026-09-08 15:13:52,Southern Owens Valley,Cottonwood Ck. At LAA Flow,2.0
2026-09-08 15:13:52,Southern Owens Valley,LAA at Cottonwood Flow,464.0
2026-09-08 15:13:52,Southern Owens Valley,Haiwee LAA #1 Current Flow,0.0
2026-09-08 15:13:52,Southern Owens Valley,Haiwee LAA #2 Current Flow,146.0
2026-09-08 15:13:52,Southern Owens Valley,Reinhackel Flow,2.9
2026-09-08 15:13:52,Southern Owens Valley,Lubkin Spillgate Outflow,0.0
2026-09-08 15:13:52,Southern Owens Valley,Cartago Spillgate Outflow,0.0
2026-09-08 15:13:52,Southern Owens Valley,Lone Pine Creek Flow,7.4
2026-09-08 15:13:52,Lower Owens River Project,LORP Intake Flow,88.0
2026-09-08 15:13:52,Lower Owens River Project,LORP at Mazourka Canyon Road,0.0
2026-09-08 15:13:52,Lower Owens River Project,LORP at Reinhackle Springs,61.0
2026-09-08 15:13:52,Lower Owens River Project,LORP Above Pumpstation,50.0
2026-09-08 15:13:52,Lower Owens River Project,LORP At Pump Station Discharge Flow,38.0
2026-09-08 15:13:52,Southern District,Haiwee LAA #2 Current Flow,146.0
2026-09-08 15:13:52,Southern District,Haiwee LAA #1 Current Flow,0.0
2026-09-08 15:13:52,Southern District,LAA #1 Flow at Fairmont Reservoir,297.9
2026-09-08 15:13:52,Southern District,LAA #2 Flow at Fairmont Res.,169.4
2026-09-08 15:13:52,Southern District,Bouquet Reservoir Inflow,0.0
2026-09-08 15:13:52,Southern District,Bouquet Reservoir Outflow,0.7
2026-09-08 15:13:52,Southern District,LAA #1 at Soledad Flow,127.3
2026-09-08 15:13:52,Southern District,LAA #2 at Soledad Flow,248.7
2026-09-08 15:13:53,Mono Basin,Mono Lk. Elevation,6382.2
2026-09-08 15:13:53,Mono Basin,Grant Lk. Elevation,7128.7
2026-09-08 15:13:53,Long Valley,Long Valley Elevation,6769.0
2026-09-08 15:13:53,Northern Owens Valley,Pleasant Valley Elevation,4383.6
2026-09-08 15:13:53,Southern Owens Valley,LAA at Alabama Level,8.0
2026-09-08 15:13:53,Southern Owens Valley,LAA at Alabama Water Temp,67.5
2026-09-08 15:13:53,Southern Owens Valley,LAA at Cottonwood Level,9.0
2026-09-08 15:13:53,Southern Owens Valley,LAA at Cotton. Water Temp,68.7
2026-09-08 15:13:53,Southern Owens Valley,N. Haiwee Elevation,3757.2
2026-09-08 15:13:53,Southern Owens Valley,S. Haiwee Reservoir Elevation,3728.1
2026-09-08 15:13:53,Southern District,S. Haiwee Reservoir Elevation,3728.1
2026-09-08 15:13:53,Southern District,Fairmont Reservoir Elevation,3024.3
2026-09-08 15:13:53,Southern District,Bouquet Reservoir Elevation,2974.4
2026-09-08 15:28:52,Mono Basin,Lee Vining Intake Above Flow,22.0
2026-09-08 15:28:52,Mono Basin,Lee Vining Intake Below Flow,22.7
2026-09-08 15:28:52,Mono Basin,Walker Ck. Above Conduit Flow,2.0
2026-09-08 15:28:52,Mono Basin,L.V. Conduit Below Intake Flow,0.5
2026-09-08 15:28:52,Mono Basin,Walker Ck. Under Conduit Flow,3.0
2026-09-08 15:28:52,Mono Basin,Parker Ck. Under Conduit Flow,8.0
2026-09-08 15:28:52,Mono Basin,Parker Ck. Above Conduit Flow,9.0
2026-09-08 15:28:52,Mono Basin,Grant Lk. Spill Flow,0.0
2026-09-08 15:28:52,Mono Basin,Mono Gate 1 Return Ditch Flow,40.0
2026-09-08 15:28:52,Mono Basin,Grant Lk. Outflow,38.7
2026-09-08 15:28:52,Mono Basin,Rush Ck. at Damsite Flow,14.4
2026-09-08 15:28:52,Mono Basin,Flow to West Portal,0.0
2026-09-08 15:28:52,Long Valley,East Portal Flow,12.0
2026-09-08 15:28:52,Long Valley,OR Below EP Flow,56.0
2026-09-08 15:28:52,Long Valley,Hot Ck.at Hwy. Flow,5.0
2026-09-08 15:28:52,Long Valley,McGee Ck. Lower Sta. Flow,8.0
2026-09-08 15:28:52,Long Valley,Long Valley Current Outflow,0.1
2026-09-08 15:28:52,Long Valley,Rock Ck. Div. Flow,0.0
2026-09-08 15:28:52,Long Valley,Upper Gorge Total Release,33.2
2026-09-08 15:28:52,Long Valley,Release at Middle Gorge,0.0
2026-09-08 15:28:52,Northern Owens Valley,Rock Ck. At Owens River (PV) Flow,25.8
2026-09-08 15:28:52,Northern Owens Valley,Pleasant Valley Outflow,489.1
2026-09-08 15:28:52,Northern Owens Valley,Baker Ck. At LA Station Flow,6.3
2026-09-08 15:28:52,Northern Owens Valley,Big Pine Ck. USGS Flow,21.5
2026-09-08 15:28:52,Northern Owens Valley,O.R. Below Big Pine,474.3
2026-09-08 15:28:52,Northern Owens Valley,Fish Springs At RR Flow,32.3
2026-09-08 15:28:52,Northern Owens Valley,Tinemaha Reservoir Outflow,476.6
2026-09-08 15:28:52,Northern Owens Valley,Bishop Creek Through Plant 6,70.8
2026-09-08 15:28:52,Northern Owens Valley,Bishop Creek Around Plant 6,6.4
2026-09-08 15:28:52,Southern Owens Valley,Tinemaha Reservoir Outflow,476.6
2026-09-08 15:28:52,Southern Owens Valley,Indep. Ck. At Junction Flow,3.7
2026-09-08 15:28:52,Southern Owens Valley,LAA at Alabama Flow,423.0
2026-09-08 15:28:52,Southern Owens Valley,Cottonwood Ck. At LAA Flow,2.0
2026-09-08 15:28:52,Southern Owens Valley,LAA at Cottonwood Flow,464.0
2026-09-08 15:28:52,Southern Owens Valley,Haiwee LAA #1 Current Flow,0.0
2026-09-08 15:28:52,Southern Owens Valley,Haiwee LAA #2 Current Flow,146.0
2026-09-08 15:28:52,Southern Owens Valley,Reinhackel Flow,2.9
2026-09-08 15:28:52,Southern Owens Valley,Lubkin Spillgate Outflow,0.0
2026-09-08 15:28:52,Southern Owens Valley,Cartago Spillgate Outflow,0.0
2026-09-08 15:28:52,Southern Owens Valley,Lone Pine Creek Flow,7.4
2026-09-08 15:28:52,Lower Owens River Project,LORP Intake Flow,88.0
2026-09-08 15:28:52,Lower Owens River Project,LORP at Mazourka Canyon Road,0.0
2026-09-08 15:28:52,Lower Owens River Project,LORP at Reinhackle Springs,62.0
2026-09-08 15:28:52,Lower Owens River Project,LORP Above Pumpstation,49.0
2026-09-08 15:28:52,Lower Owens River Project,LORP At Pump Station Discharge Flow,37.0
2026-09-08 15:28:52,Southern District,Haiwee LAA #2 Current Flow,146.0
2026-09-08 15:28:52,Southern District,Haiwee LAA #1 Current Flow,0.0
2026-09-08 15:28:52,Southern District,LAA #1 Flow at Fairmont Reservoir,298.5
2026-09-08 15:28:52,Southern District,LAA #2 Flow at Fairmont Res.,169.3
2026-09-08 15:28:52,Southern District,Bouquet Reservoir Inflow,0.0
2026-09-08 15:28:52,Southern District,Bouquet Reservoir Outflow,0.7
2026-09-08 15:28:52,Southern District,LAA #1 at Soledad Flow,127.3
2026-09-08 15:28:52,Southern District,LAA #2 at Soledad Flow,248.7
2026-09-08 15:28:53,Northern Owens Valley,Tinemaha Elevation,3861.6
2026-09-08 15:28:53,Southern Owens Valley,Tinemaha Elevation,3861.6
2026-09-08 15:28:53,Mono Basin,Mono Lk. Elevation,6382.2
2026-09-08 15:28:53,Mono Basin,Grant Lk. Elevation,7128.6
2026-09-08 15:28:53,Long Valley,Long Valley Elevation,6769.0
2026-09-08 15:28:53,Northern Owens Valley,Pleasant Valley Elevation,4383.5
2026-09-08 15:28:53,Southern Owens Valley,LAA at Alabama Level,8.0
2026-09-08 15:28:53,Southern Owens Valley,LAA at Alabama Water Temp,67.5
2026-09-08 15:28:53,Southern Owens Valley,LAA at Cottonwood Level,9.0
2026-09-08 15:28:53,Southern Owens Valley,LAA at Cotton. Water Temp,68.7
2026-09-08 15:28:53,Southern Owens Valley,N. Haiwee Elevation,3757.2
2026-09-08 15:28:53,Southern Owens Valley,S. Haiwee Reservoir Elevation,3728.1
2026-09-08 15:28:53,Southern District,S. Haiwee Reservoir Elevation,3728.1
2026-09-08 15:28:53,Southern District,Fairmont Reservoir Elevation,3024.4
2026-09-08 15:28:53,Southern District,Bouquet Reservoir Elevation,2974.4
2026-09-08 15:43:53,Southern Owens Valley,Cottonwood Ck. At LAA Flow,2.0
2026-09-08 15:43:53,Southern Owens Valley,Lone Pine Creek Flow,7.4
2026-09-08 15:43:54,Mono Basin,Lee Vining Intake Above Flow,22.1
2026-09-08 15:43:54,Mono Basin,Lee Vining Intake Below Flow,22.7
2026-09-08 15:43:54,Mono Basin,Mono Lk. Elevation,6382.2
2026-09-08 15:43:54,Mono Basin,Walker Ck. Above Conduit Flow,2.0
2026-09-08 15:43:54,Mono Basin,L.V. Conduit Below Intake Flow,0.5
2026-09-08 15:43:54,Mono Basin,Walker Ck. Under Conduit Flow,3.0
2026-09-08 15:43:54,Mono Basin,Parker Ck. Under Conduit Flow,8.0
2026-09-08 15:43:54,Mono Basin,Parker Ck. Above Conduit Flow,9.0
2026-09-08 15:43:54,Mono Basin,Grant Lk. Spill Flow,0.0
2026-09-08 15:43:54,Mono Basin,Mono Gate 1 Return Ditch Flow,40.0
2026-09-08 15:43:54,Mono Basin,Grant Lk. Elevation,7128.6
2026-09-08 15:43:54,Mono Basin,Grant Lk. Outflow,38.7
2026-09-08 15:43:54,Mono Basin,Rush Ck. at Damsite Flow,14.4
2026-09-08 15:43:54,Mono Basin,Flow to West Portal,0.0
2026-09-08 15:43:54,Long Valley,East Portal Flow,12.0
2026-09-08 15:43:54,Long Valley,OR Below EP Flow,56.0
2026-09-08 15:43:54,Long Valley,Hot Ck.at Hwy. Flow,5.0
2026-09-08 15:43:54,Long Valley,McGee Ck. Lower Sta. Flow,8.0
2026-09-08 15:43:54,Long Valley,Long Valley Elevation,6769.0
2026-09-08 15:43:54,Long Valley,Long Valley Current Outflow,0.1
2026-09-08 15:43:54,Long Valley,Rock Ck. Div. Flow,0.0
2026-09-08 15:43:54,Long Valley,Upper Gorge Total Release,33.5
2026-09-08 15:43:54,Northern Owens Valley,Rock Ck. At Owens River (PV) Flow,25.7
2026-09-08 15:43:54,Northern Owens Valley,Pleasant Valley Elevation,4383.4
2026-09-08 15:43:54,Northern Owens Valley,Pleasant Valley Outflow,488.4
2026-09-08 15:43:54,Northern Owens Valley,Baker Ck. At LA Station Flow,6.3
2026-09-08 15:43:54,Northern Owens Valley,Big Pine Ck. USGS Flow,20.4
2026-09-08 15:43:54,Northern Owens Valley,O.R. Below Big Pine,475.6
2026-09-08 15:43:54,Northern Owens Valley,Fish Springs At RR Flow,32.3
2026-09-08 15:43:54,Northern Owens Valley,Tinemaha Reservoir Outflow,476.6
2026-09-08 15:43:54,Northern Owens Valley,Bishop Creek Through Plant 6,67.2
2026-09-08 15:43:54,Northern Owens Valley,Bishop Creek Around Plant 6,6.5
2026-09-08 15:43:54,Southern Owens Valley,Tinemaha Reservoir Outflow,476.6
2026-09-08 15:43:54,Southern Owens Valley,Indep. Ck. At Junction Flow,3.7
2026-09-08 15:43:54,Southern Owens Valley,LAA at Alabama Flow,423.0
2026-09-08 15:43:54,Southern Owens Valley,LAA at Alabama Level,8.0
2026-09-08 15:43:54,Southern Owens Valley,LAA at Alabama Water Temp,67.5
2026-09-08 15:43:54,Southern Owens Valley,LAA at Cottonwood Flow,464.0
2026-09-08 15:43:54,Southern Owens Valley,LAA at Cottonwood Level,9.0
2026-09-08 15:43:54,Southern Owens Valley,LAA at Cotton. Water Temp,68.7
2026-09-08 15:43:54,Southern Owens Valley,N. Haiwee Elevation,3757.2
2026-09-08 15:43:54,Southern Owens Valley,S. Haiwee Reservoir Elevation,3728.1
2026-09-08 15:43:54,Southern Owens Valley,Haiwee LAA #1 Current Flow,0.0
2026-09-08 15:43:54,Southern Owens Valley,Haiwee LAA #2 Current Flow,146.0
2026-09-08 15:43:54,Southern Owens Valley,Reinhackel Flow,2.9
2026-09-08 15:43:54,Southern Owens Valley,Lubkin Spillgate Outflow,0.0
2026-09-08 15:43:54,Southern Owens Valley,Cartago Spillgate Outflow,0.9
2026-09-08 15:43:54,Lower Owens River Project,LORP Intake Flow,88.0
2026-09-08 15:43:54,Lower Owens River Project,LORP at Mazourka Canyon Road,0.0
2026-09-08 15:43:54,Lower Owens River Project,LORP at Reinhackle Springs,62.0
2026-09-08 15:43:54,Lower Owens River Project,LORP Above Pumpstation,50.0
2026-09-08 15:43:54,Lower Owens River Project,LORP At Pump Station Discharge Flow,38.0
2026-09-08 15:43:54,Southern District,Haiwee LAA #2 Current Flow,146.0
2026-09-08 15:43:54,Southern District,S. Haiwee Reservoir Elevation,3728.1
2026-09-08 15:43:54,Southern District,Haiwee LAA #1 Current Flow,0.0
2026-09-08 15:43:54,Southern District,Fairmont Reservoir Elevation,3024.4
2026-09-08 15:43:54,Southern District,LAA #1 Flow at Fairmont Reservoir,307.5
2026-09-08 15:43:54,Southern District,LAA #2 Flow at Fairmont Res.,169.0
2026-09-08 15:43:54,Southern District,Bouquet Reservoir Elevation,2974.4
2026-09-08 15:43:54,Southern District,Bouquet Reservoir Inflow,0.0
2026-09-08 15:43:54,Southern District,Bouquet Reservoir Outflow,0.7
2026-09-08 15:43:54,Southern District,LAA #1 at Soledad Flow,127.3
2026-09-08 15:43:54,Southern District,LAA #2 at Soledad Flow,248.7
2026-09-08 15:43:54,Long Valley,Release at Middle Gorge,0.0
2026-09-08 15:58:52,Mono Basin,Lee Vining Intake Above Flow,22.1
2026-09-08 15:58:52,Mono Basin,Lee Vining Intake Below Flow,22.7
2026-09-08 15:58:52,Mono Basin,Walker Ck. Above Conduit Flow,2.0
2026-09-08 15:58:52,Mono Basin,L.V. Conduit Below Intake Flow,0.5
2026-09-08 15:58:52,Mono Basin,Walker Ck. Under Conduit Flow,3.0
2026-09-08 15:58:52,Mono Basin,Parker Ck. Under Conduit Flow,8.0
2026-09-08 15:58:52,Mono Basin,Parker Ck. Above Conduit Flow,9.0
2026-09-08 15:58:52,Mono Basin,Grant Lk. Spill Flow,0.0
2026-09-08 15:58:52,Mono Basin,Mono Gate 1 Return Ditch Flow,40.0
2026-09-08 15:58:52,Mono Basin,Grant Lk. Outflow,38.7
2026-09-08 15:58:52,Mono Basin,Rush Ck. at Damsite Flow,14.4
2026-09-08 15:58:52,Mono Basin,Flow to West Portal,0.0
2026-09-08 15:58:52,Long Valley,East Portal Flow,12.0
2026-09-08 15:58:52,Long Valley,OR Below EP Flow,56.0
2026-09-08 15:58:52,Long Valley,Hot Ck.at Hwy. Flow,5.0
2026-09-08 15:58:52,Long Valley,McGee Ck. Lower Sta. Flow,8.0
2026-09-08 15:58:52,Long Valley,Long Valley Current Outflow,0.1
2026-09-08 15:58:52,Long Valley,Rock Ck. Div. Flow,0.0
2026-09-08 15:58:52,Long Valley,Upper Gorge Total Release,33.8
2026-09-08 15:58:52,Long Valley,Release at Middle Gorge,0.0
2026-09-08 15:58:52,Northern Owens Valley,Rock Ck. At Owens River (PV) Flow,25.7
2026-09-08 15:58:52,Northern Owens Valley,Pleasant Valley Outflow,487.9
2026-09-08 15:58:52,Northern Owens Valley,Baker Ck. At LA Station Flow,6.3
2026-09-08 15:58:52,Northern Owens Valley,Big Pine Ck. USGS Flow,20.4
2026-09-08 15:58:52,Northern Owens Valley,O.R. Below Big Pine,475.7
2026-09-08 15:58:52,Northern Owens Valley,Fish Springs At RR Flow,32.3
2026-09-08 15:58:52,Northern Owens Valley,Tinemaha Reservoir Outflow,476.6
2026-09-08 15:58:52,Northern Owens Valley,Bishop Creek Through Plant 6,67.2
2026-09-08 15:58:52,Northern Owens Valley,Bishop Creek Around Plant 6,6.5
2026-09-08 15:58:52,Southern Owens Valley,Tinemaha Reservoir Outflow,476.6
2026-09-08 15:58:52,Southern Owens Valley,Indep. Ck. At Junction Flow,3.7
2026-09-08 15:58:52,Southern Owens Valley,LAA at Alabama Flow,423.0
2026-09-08 15:58:52,Southern Owens Valley,Cottonwood Ck. At LAA Flow,2.0
2026-09-08 15:58:52,Southern Owens Valley,LAA at Cottonwood Flow,464.0
2026-09-08 15:58:52,Southern Owens Valley,Haiwee LAA #1 Current Flow,0.0
2026-09-08 15:58:52,Southern Owens Valley,Haiwee LAA #2 Current Flow,146.0
2026-09-08 15:58:52,Southern Owens Valley,Reinhackel Flow,2.9
2026-09-08 15:58:52,Southern Owens Valley,Lubkin Spillgate Outflow,0.0
2026-09-08 15:58:52,Southern Owens Valley,Cartago Spillgate Outflow,0.1
2026-09-08 15:58:52,Southern Owens Valley,Lone Pine Creek Flow,7.4
2026-09-08 15:58:52,Lower Owens River Project,LORP Intake Flow,88.0
2026-09-08 15:58:52,Lower Owens River Project,LORP at Mazourka Canyon Road,0.0
2026-09-08 15:58:52,Lower Owens River Project,LORP at Reinhackle Springs,62.0
2026-09-08 15:58:52,Lower Owens River Project,LORP Above Pumpstation,49.0
2026-09-08 15:58:52,Lower Owens River Project,LORP At Pump Station Discharge Flow,37.0
2026-09-08 15:58:52,Southern District,Haiwee LAA #2 Current Flow,146.0
2026-09-08 15:58:52,Southern District,Haiwee LAA #1 Current Flow,0.0
2026-09-08 15:58:52,Southern District,LAA #1 Flow at Fairmont Reservoir,307.4
2026-09-08 15:58:52,Southern District,LAA #2 Flow at Fairmont Res.,168.9
2026-09-08 15:58:52,Southern District,Bouquet Reservoir Inflow,0.0
2026-09-08 15:58:52,Southern District,Bouquet Reservoir Outflow,0.7
2026-09-08 15:58:52,Southern District,LAA #1 at Soledad Flow,127.3
2026-09-08 15:58:52,Southern District,LAA #2 at Soledad Flow,248.7
2026-09-08 15:58:53,Northern Owens Valley,Tinemaha Elevation,3861.6
2026-09-08 15:58:53,Southern Owens Valley,Tinemaha Elevation,3861.6
2026-09-08 15:58:53,Mono Basin,Mono Lk. Elevation,6382.2
2026-09-08 15:58:53,Mono Basin,Grant Lk. Elevation,7128.6
2026-09-08 15:58:53,Long Valley,Long Valley Elevation,6769.0
2026-09-08 15:58:53,Northern Owens Valley,Pleasant Valley Elevation,4383.3
2026-09-08 15:58:53,Southern Owens Valley,LAA at Alabama Level,8.0
2026-09-08 15:58:53,Southern Owens Valley,LAA at Alabama Water Temp,67.5
2026-09-08 15:58:53,Southern Owens Valley,LAA at Cottonwood Level,9.0
2026-09-08 15:58:53,Southern Owens Valley,LAA at Cotton. Water Temp,68.7
2026-09-08 15:58:53,Southern Owens Valley,N. Haiwee Elevation,3757.2
2026-09-08 15:58:53,Southern Owens Valley,S. Haiwee Reservoir Elevation,3728.1
2026-09-08 15:58:53,Southern District,S. Haiwee Reservoir Elevation,3728.1
2026-09-08 15:58:53,Southern District,Fairmont Reservoir Elevation,3024.5
2026-09-08 15:58:53,Southern District,Bouquet Reservoir Elevation,2974.4
2026-09-08 16:28:53,Northern Owens Valley,Tinemaha Elevation,3861.6
2026-09-08 16:28:53,Southern Owens Valley,Tinemaha Elevation,3861.6
2026-09-08 16:43:53,Northern Owens Valley,Tinemaha Reservoir Outflow,475.8
2026-09-08 16:43:53,Southern Owens Valley,Tinemaha Reservoir Outflow,475.8
2026-09-08 16:43:53,Southern Owens Valley,Indep. Ck. At Junction Flow,3.7
2026-09-08 16:43:53,Southern Owens Valley,LAA at Alabama Flow,421.0
2026-09-08 16:43:53,Southern Owens Valley,Cottonwood Ck. At LAA Flow,2.0
2026-09-08 16:43:53,Southern Owens Valley,LAA at Cottonwood Flow,463.0
2026-09-08 16:43:53,Southern Owens Valley,Haiwee LAA #1 Current Flow,0.0
2026-09-08 16:43:53,Southern Owens Valley,Haiwee LAA #2 Current Flow,146.0
2026-09-08 16:43:53,Southern Owens Valley,Reinhackel Flow,2.9
2026-09-08 16:43:53,Southern Owens Valley,Lubkin Spillgate Outflow,0.3
2026-09-08 16:43:53,Southern Owens Valley,Cartago Spillgate Outflow,0.1
2026-09-08 16:43:53,Southern Owens Valley,Lone Pine Creek Flow,7.5
2026-09-08 16:43:53,Lower Owens River Project,LORP Intake Flow,88.0
2026-09-08 16:43:53,Lower Owens River Project,LORP at Mazourka Canyon Road,0.0
2026-09-08 16:43:53,Lower Owens River Project,LORP at Reinhackle Springs,62.0
2026-09-08 16:43:53,Southern District,Haiwee LAA #2 Current Flow,146.0
2026-09-08 16:43:53,Southern District,Haiwee LAA #1 Current Flow,0.0
2026-09-08 16:43:54,Mono Basin,Lee Vining Intake Above Flow,22.3
2026-09-08 16:43:54,Mono Basin,Lee Vining Intake Below Flow,22.7
2026-09-08 16:43:54,Mono Basin,Mono Lk. Elevation,6382.2
2026-09-08 16:43:54,Mono Basin,Walker Ck. Above Conduit Flow,2.0
2026-09-08 16:43:54,Mono Basin,L.V. Conduit Below Intake Flow,0.5
2026-09-08 16:43:54,Mono Basin,Walker Ck. Under Conduit Flow,3.0
2026-09-08 16:43:54,Mono Basin,Parker Ck. Under Conduit Flow,8.0
2026-09-08 16:43:54,Mono Basin,Parker Ck. Above Conduit Flow,9.0
2026-09-08 16:43:54,Mono Basin,Grant Lk. Spill Flow,0.0
2026-09-08 16:43:54,Mono Basin,Mono Gate 1 Return Ditch Flow,39.8
2026-09-08 16:43:54,Mono Basin,Grant Lk. Elevation,7128.6
2026-09-08 16:43:54,Mono Basin,Grant Lk. Outflow,38.4
2026-09-08 16:43:54,Mono Basin,Rush Ck. at Damsite Flow,14.4
2026-09-08 16:43:54,Mono Basin,Flow to West Portal,0.0
2026-09-08 16:43:54,Long Valley,East Portal Flow,12.0
2026-09-08 16:43:54,Long Valley,OR Below EP Flow,56.0
2026-09-08 16:43:54,Long Valley,Hot Ck.at Hwy. Flow,5.0
2026-09-08 16:43:54,Long Valley,McGee Ck. Lower Sta. Flow,8.0
2026-09-08 16:43:54,Long Valley,Long Valley Elevation,6769.0
2026-09-08 16:43:54,Long Valley,Long Valley Current Outflow,0.1
2026-09-08 16:43:54,Long Valley,Rock Ck. Div. Flow,0.0
2026-09-08 16:43:54,Long Valley,Upper Gorge Total Release,34.0
2026-09-08 16:43:54,Northern Owens Valley,Rock Ck. At Owens River (PV) Flow,25.5
2026-09-08 16:43:54,Northern Owens Valley,Pleasant Valley Elevation,4383.1
2026-09-08 16:43:54,Northern Owens Valley,Pleasant Valley Outflow,486.9
2026-09-08 16:43:54,Northern Owens Valley,Baker Ck. At LA Station Flow,6.3
2026-09-08 16:43:54,Northern Owens Valley,Big Pine Ck. USGS Flow,20.4
2026-09-08 16:43:54,Northern Owens Valley,O.R. Below Big Pine,475.2
2026-09-08 16:43:54,Northern Owens Valley,Fish Springs At RR Flow,32.3
2026-09-08 16:43:54,Northern Owens Valley,Bishop Creek Through Plant 6,67.2
2026-09-08 16:43:54,Northern Owens Valley,Bishop Creek Around Plant 6,6.5
2026-09-08 16:43:54,Southern Owens Valley,LAA at Alabama Level,8.0
2026-09-08 16:43:54,Southern Owens Valley,LAA at Alabama Water Temp,67.6
2026-09-08 16:43:54,Southern Owens Valley,LAA at Cottonwood Level,9.0
2026-09-08 16:43:54,Southern Owens Valley,LAA at Cotton. Water Temp,68.1
2026-09-08 16:43:54,Southern Owens Valley,N. Haiwee Elevation,3757.2
2026-09-08 16:43:54,Southern Owens Valley,S. Haiwee Reservoir Elevation,3728.1
2026-09-08 16:43:54,Lower Owens River Project,LORP Above Pumpstation,49.0
2026-09-08 16:43:54,Lower Owens River Project,LORP At Pump Station Discharge Flow,37.0
2026-09-08 16:43:54,Southern District,S. Haiwee Reservoir Elevation,3728.1
2026-09-08 16:43:54,Southern District,Fairmont Reservoir Elevation,3024.6
2026-09-08 16:43:54,Southern District,LAA #1 Flow at Fairmont Reservoir,289.8
2026-09-08 16:43:54,Southern District,LAA #2 Flow at Fairmont Res.,168.4
2026-09-08 16:43:54,Southern District,Bouquet Reservoir Elevation,2974.4
2026-09-08 16:43:54,Southern District,Bouquet Reservoir Inflow,0.0
2026-09-08 16:43:54,Southern District,Bouquet Reservoir Outflow,0.7
2026-09-08 16:43:54,Southern District,LAA #1 at Soledad Flow,127.3
2026-09-08 16:43:54,Southern District,LAA #2 at Soledad Flow,248.7
2026-09-08 16:43:54,Long Valley,Release at Middle Gorge,0.0
2026-09-08 16:58:53,Northern Owens Valley,Tinemaha Elevation,3861.6
2026-09-08 16:58:53,Southern Owens Valley,Tinemaha Elevation,3861.6
2026-09-08 17:28:53,Northern Owens Valley,Tinemaha Elevation,3861.6
2026-09-08 17:28:53,Southern Owens Valley,Tinemaha Elevation,3861.6
2026-09-08 17:43:54,Mono Basin,Lee Vining Intake Above Flow,22.5
2026-09-08 17:43:54,Mono Basin,Lee Vining Intake Below Flow,23.1
2026-09-08 17:43:54,Mono Basin,Walker Ck. Above Conduit Flow,2.0
2026-09-08 17:43:54,Mono Basin,L.V. Conduit Below Intake Flow,0.5
2026-09-08 17:43:54,Mono Basin,Walker Ck. Under Conduit Flow,3.0
2026-09-08 17:43:54,Mono Basin,Parker Ck. Under Conduit Flow,8.0
2026-09-08 17:43:54,Mono Basin,Parker Ck. Above Conduit Flow,9.0
2026-09-08 17:43:54,Mono Basin,Grant Lk. Spill Flow,0.0
2026-09-08 17:43:54,Mono Basin,Mono Gate 1 Return Ditch Flow,39.9
2026-09-08 17:43:54,Mono Basin,Grant Lk. Outflow,38.8
2026-09-08 17:43:54,Mono Basin,Rush Ck. at Damsite Flow,14.4
2026-09-08 17:43:54,Mono Basin,Flow to West Portal,0.0
2026-09-08 17:43:54,Long Valley,East Portal Flow,12.0
2026-09-08 17:43:54,Long Valley,OR Below EP Flow,56.0
2026-09-08 17:43:54,Long Valley,Hot Ck.at Hwy. Flow,5.0
2026-09-08 17:43:54,Long Valley,McGee Ck. Lower Sta. Flow,8.0
2026-09-08 17:43:54,Long Valley,Long Valley Current Outflow,0.1
2026-09-08 17:43:54,Long Valley,Rock Ck. Div. Flow,0.0
2026-09-08 17:43:54,Long Valley,Upper Gorge Total Release,34.3
2026-09-08 17:43:54,Northern Owens Valley,Rock Ck. At Owens River (PV) Flow,25.3
2026-09-08 17:43:54,Northern Owens Valley,Pleasant Valley Outflow,485.3
2026-09-08 17:43:54,Northern Owens Valley,Baker Ck. At LA Station Flow,6.3
2026-09-08 17:43:54,Northern Owens Valley,Big Pine Ck. USGS Flow,20.4
2026-09-08 17:43:54,Northern Owens Valley,O.R. Below Big Pine,476.3
2026-09-08 17:43:54,Northern Owens Valley,Fish Springs At RR Flow,32.3
2026-09-08 17:43:54,Northern Owens Valley,Tinemaha Reservoir Outflow,475.8
2026-09-08 17:43:54,Northern Owens Valley,Bishop Creek Through Plant 6,67.2
2026-09-08 17:43:54,Northern Owens Valley,Bishop Creek Around Plant 6,6.5
2026-09-08 17:43:54,Southern Owens Valley,Tinemaha Reservoir Outflow,475.8
2026-09-08 17:43:54,Southern Owens Valley,Indep. Ck. At Junction Flow,3.7
2026-09-08 17:43:54,Southern Owens Valley,LAA at Alabama Flow,421.0
2026-09-08 17:43:54,Southern Owens Valley,Cottonwood Ck. At LAA Flow,2.0
2026-09-08 17:43:54,Southern Owens Valley,LAA at Cottonwood Flow,462.0
2026-09-08 17:43:54,Southern Owens Valley,Haiwee LAA #1 Current Flow,0.0
2026-09-08 17:43:54,Southern Owens Valley,Haiwee LAA #2 Current Flow,146.0
2026-09-08 17:43:54,Southern Owens Valley,Reinhackel Flow,2.9
2026-09-08 17:43:54,Southern Owens Valley,Lubkin Spillgate Outflow,0.3
2026-09-08 17:43:54,Southern Owens Valley,Cartago Spillgate Outflow,0.0
2026-09-08 17:43:54,Southern Owens Valley,Lone Pine Creek Flow,7.2
2026-09-08 17:43:54,Lower Owens River Project,LORP Intake Flow,88.0
2026-09-08 17:43:54,Lower Owens River Project,LORP at Mazourka Canyon Road,0.0
2026-09-08 17:43:54,Lower Owens River Project,LORP at Reinhackle Springs,62.0
2026-09-08 17:43:54,Lower Owens River Project,LORP Above Pumpstation,50.0
2026-09-08 17:43:54,Lower Owens River Project,LORP At Pump Station Discharge Flow,38.0
2026-09-08 17:43:54,Southern District,Haiwee LAA #2 Current Flow,146.0
2026-09-08 17:43:54,Southern District,Haiwee LAA #1 Current Flow,0.0
2026-09-08 17:43:54,Southern District,LAA #1 Flow at Fairmont Reservoir,304.7
2026-09-08 17:43:54,Southern District,LAA #2 Flow at Fairmont Res.,167.0
2026-09-08 17:43:54,Southern District,Bouquet Reservoir Inflow,0.0
2026-09-08 17:43:54,Southern District,Bouquet Reservoir Outflow,0.7
2026-09-08 17:43:54,Southern District,LAA #1 at Soledad Flow,127.3
2026-09-08 17:43:54,Southern District,LAA #2 at Soledad Flow,248.7
2026-09-08 17:43:54,Long Valley,Release at Middle Gorge,0.0
2026-09-08 17:43:55,Mono Basin,Mono Lk. Elevation,6382.2
2026-09-08 17:43:55,Mono Basin,Grant Lk. Elevation,7128.7
2026-09-08 17:43:55,Long Valley,Long Valley Elevation,6769.0
2026-09-08 17:43:55,Northern Owens Valley,Pleasant Valley Elevation,4382.7
2026-09-08 17:43:55,Southern Owens Valley,LAA at Alabama Level,8.0
2026-09-08 17:43:55,Southern Owens Valley,LAA at Alabama Water Temp,68.1
2026-09-08 17:43:55,Southern Owens Valley,LAA at Cottonwood Level,9.0
2026-09-08 17:43:55,Southern Owens Valley,LAA at Cotton. Water Temp,68.1
2026-09-08 17:43:55,Southern Owens Valley,N. Haiwee Elevation,3757.2
2026-09-08 17:43:55,Southern Owens Valley,S. Haiwee Reservoir Elevation,3728.0
2026-09-08 17:43:55,Southern District,S. Haiwee Reservoir Elevation,3728.0
2026-09-08 17:43:55,Southern District,Fairmont Reservoir Elevation,3024.7
2026-09-08 17:43:55,Southern District,Bouquet Reservoir Elevation,2974.4
2026-09-08 17:58:53,Northern Owens Valley,Tinemaha Elevation,3861.6
2026-09-08 17:58:53,Southern Owens Valley,Tinemaha Elevation,3861.6
2026-09-08 18:28:53,Northern Owens Valley,Tinemaha Elevation,3861.6
2026-09-08 18:28:53,Southern Owens Valley,Tinemaha Elevation,3861.6
2026-09-08 18:43:53,Northern Owens Valley,Rock Ck. At Owens River (PV) Flow,25.1
2026-09-08 18:43:53,Northern Owens Valley,Baker Ck. At LA Station Flow,6.1
2026-09-08 18:43:53,Northern Owens Valley,Big Pine Ck. USGS Flow,20.4
2026-09-08 18:43:53,Northern Owens Valley,O.R. Below Big Pine,475.2
2026-09-08 18:43:53,Northern Owens Valley,Fish Springs At RR Flow,31.6
2026-09-08 18:43:53,Northern Owens Valley,Tinemaha Reservoir Outflow,475.8
2026-09-08 18:43:53,Southern Owens Valley,Tinemaha Reservoir Outflow,475.8
2026-09-08 18:43:53,Southern Owens Valley,Indep. Ck. At Junction Flow,3.7
2026-09-08 18:43:53,Southern Owens Valley,LAA at Alabama Flow,421.0
2026-09-08 18:43:53,Southern Owens Valley,Cottonwood Ck. At LAA Flow,2.0
2026-09-08 18:43:53,Southern Owens Valley,LAA at Cottonwood Flow,461.0
2026-09-08 18:43:53,Southern Owens Valley,Haiwee LAA #1 Current Flow,0.0
2026-09-08 18:43:53,Southern Owens Valley,Haiwee LAA #2 Current Flow,146.0
2026-09-08 18:43:53,Southern Owens Valley,Reinhackel Flow,2.9
2026-09-08 18:43:53,Southern Owens Valley,Lubkin Spillgate Outflow,0.0
2026-09-08 18:43:53,Southern Owens Valley,Cartago Spillgate Outflow,12.9
2026-09-08 18:43:53,Southern Owens Valley,Lone Pine Creek Flow,7.2
2026-09-08 18:43:53,Lower Owens River Project,LORP Intake Flow,88.0
2026-09-08 18:43:53,Lower Owens River Project,LORP at Mazourka Canyon Road,0.0
2026-09-08 18:43:53,Lower Owens River Project,LORP at Reinhackle Springs,63.0
2026-09-08 18:43:53,Lower Owens River Project,LORP Above Pumpstation,48.0
2026-09-08 18:43:53,Lower Owens River Project,LORP At Pump Station Discharge Flow,37.0
2026-09-08 18:43:53,Southern District,Haiwee LAA #2 Current Flow,146.0
2026-09-08 18:43:53,Southern District,Haiwee LAA #1 Current Flow,0.0
2026-09-08 18:43:54,Mono Basin,Lee Vining Intake Above Flow,24.4
2026-09-08 18:43:54,Mono Basin,Lee Vining Intake Below Flow,24.8
2026-09-08 18:43:54,Mono Basin,Mono Lk. Elevation,6382.2
2026-09-08 18:43:54,Mono Basin,Walker Ck. Above Conduit Flow,2.0
2026-09-08 18:43:54,Mono Basin,L.V. Conduit Below Intake Flow,0.5
2026-09-08 18:43:54,Mono Basin,Walker Ck. Under Conduit Flow,3.0
2026-09-08 18:43:54,Mono Basin,Parker Ck. Under Conduit Flow,8.0
2026-09-08 18:43:54,Mono Basin,Parker Ck. Above Conduit Flow,9.0
2026-09-08 18:43:54,Mono Basin,Grant Lk. Spill Flow,0.0
2026-09-08 18:43:54,Mono Basin,Mono Gate 1 Return Ditch Flow,40.0
2026-09-08 18:43:54,Mono Basin,Grant Lk. Elevation,7128.6
2026-09-08 18:43:54,Mono Basin,Grant Lk. Outflow,38.9
2026-09-08 18:43:54,Mono Basin,Rush Ck. at Damsite Flow,14.4
2026-09-08 18:43:54,Mono Basin,Flow to West Portal,0.0
2026-09-08 18:43:54,Long Valley,East Portal Flow,12.0
2026-09-08 18:43:54,Long Valley,OR Below EP Flow,56.0
2026-09-08 18:43:54,Long Valley,Hot Ck.at Hwy. Flow,5.0
2026-09-08 18:43:54,Long Valley,McGee Ck. Lower Sta. Flow,8.0
2026-09-08 18:43:54,Long Valley,Long Valley Elevation,6769.0
2026-09-08 18:43:54,Long Valley,Long Valley Current Outflow,566.1
2026-09-08 18:43:54,Long Valley,Rock Ck. Div. Flow,0.0
2026-09-08 18:43:54,Long Valley,Upper Gorge Total Release,35.9
2026-09-08 18:43:54,Northern Owens Valley,Pleasant Valley Elevation,4382.5
2026-09-08 18:43:54,Northern Owens Valley,Pleasant Valley Outflow,484.4
2026-09-08 18:43:54,Northern Owens Valley,Bishop Creek Through Plant 6,70.2
2026-09-08 18:43:54,Northern Owens Valley,Bishop Creek Around Plant 6,7.1
2026-09-08 18:43:54,Southern Owens Valley,LAA at Alabama Level,8.0
2026-09-08 18:43:54,Southern Owens Valley,LAA at Alabama Water Temp,68.4
2026-09-08 18:43:54,Southern Owens Valley,LAA at Cottonwood Level,8.9
2026-09-08 18:43:54,Southern Owens Valley,LAA at Cotton. Water Temp,68.0
2026-09-08 18:43:54,Southern Owens Valley,N. Haiwee Elevation,3757.2
2026-09-08 18:43:54,Southern Owens Valley,S. Haiwee Reservoir Elevation,3728.1
2026-09-08 18:43:54,Southern District,S. Haiwee Reservoir Elevation,3728.1
2026-09-08 18:43:54,Southern District,Fairmont Reservoir Elevation,3024.9
2026-09-08 18:43:54,Southern District,LAA #1 Flow at Fairmont Reservoir,308.3
2026-09-08 18:43:54,Southern District,LAA #2 Flow at Fairmont Res.,164.5
2026-09-08 18:43:54,Southern District,Bouquet Reservoir Elevation,2974.4
2026-09-08 18:43:54,Southern District,Bouquet Reservoir Inflow,0.0
2026-09-08 18:43:54,Southern District,Bouquet Reservoir Outflow,0.7
2026-09-08 18:43:54,Southern District,LAA #1 at Soledad Flow,127.3
2026-09-08 18:43:54,Southern District,LAA #2 at Soledad Flow,248.7
2026-09-08 18:43:54,Long Valley,Release at Middle Gorge,0.0
2026-09-08 18:58:53,Northern Owens Valley,Tinemaha Elevation,3861.6
2026-09-08 18:58:53,Southern Owens Valley,Tinemaha Elevation,3861.6
2026-09-08 19:28:53,Northern Owens Valley,Tinemaha Elevation,3861.6
2026-09-08 19:28:53,Southern Owens Valley,Tinemaha Elevation,3861.6
2026-09-08 19:43:54,Mono Basin,Lee Vining Intake Above Flow,67.8
2026-09-08 19:43:54,Mono Basin,Lee Vining Intake Below Flow,36.1
2026-09-08 19:43:54,Mono Basin,Mono Lk. Elevation,6382.2
2026-09-08 19:43:54,Mono Basin,Walker Ck. Above Conduit Flow,2.0
2026-09-08 19:43:54,Mono Basin,L.V. Conduit Below Intake Flow,0.5
2026-09-08 19:43:54,Mono Basin,Walker Ck. Under Conduit Flow,3.0
2026-09-08 19:43:54,Mono Basin,Parker Ck. Under Conduit Flow,8.0
2026-09-08 19:43:54,Mono Basin,Parker Ck. Above Conduit Flow,9.0
2026-09-08 19:43:54,Mono Basin,Grant Lk. Spill Flow,0.0
2026-09-08 19:43:54,Mono Basin,Mono Gate 1 Return Ditch Flow,40.2
2026-09-08 19:43:54,Mono Basin,Grant Lk. Elevation,7128.7
2026-09-08 19:43:54,Mono Basin,Grant Lk. Outflow,39.1
2026-09-08 19:43:54,Mono Basin,Rush Ck. at Damsite Flow,14.4
2026-09-08 19:43:54,Mono Basin,Flow to West Portal,0.0
2026-09-08 19:43:54,Long Valley,East Portal Flow,12.0
2026-09-08 19:43:54,Long Valley,OR Below EP Flow,56.0
2026-09-08 19:43:54,Long Valley,Hot Ck.at Hwy. Flow,5.0
2026-09-08 19:43:54,Long Valley,McGee Ck. Lower Sta. Flow,8.0
2026-09-08 19:43:54,Long Valley,Long Valley Elevation,6769.0
2026-09-08 19:43:54,Long Valley,Long Valley Current Outflow,570.6
2026-09-08 19:43:54,Long Valley,Rock Ck. Div. Flow,0.0
2026-09-08 19:43:54,Long Valley,Upper Gorge Total Release,35.9
2026-09-08 19:43:54,Northern Owens Valley,Rock Ck. At Owens River (PV) Flow,24.9
2026-09-08 19:43:54,Northern Owens Valley,Pleasant Valley Elevation,4382.6
2026-09-08 19:43:54,Northern Owens Valley,Pleasant Valley Outflow,485.7
2026-09-08 19:43:54,Northern Owens Valley,Baker Ck. At LA Station Flow,6.1
2026-09-08 19:43:54,Northern Owens Valley,Big Pine Ck. USGS Flow,20.4
2026-09-08 19:43:54,Northern Owens Valley,O.R. Below Big Pine,476.4
2026-09-08 19:43:54,Northern Owens Valley,Fish Springs At RR Flow,31.6
2026-09-08 19:43:54,Northern Owens Valley,Tinemaha Reservoir Outflow,476.6
2026-09-08 19:43:54,Northern Owens Valley,Bishop Creek Through Plant 6,70.2
2026-09-08 19:43:54,Northern Owens Valley,Bishop Creek Around Plant 6,7.1
2026-09-08 19:43:54,Southern Owens Valley,Tinemaha Reservoir Outflow,476.6
2026-09-08 19:43:54,Southern Owens Valley,Indep. Ck. At Junction Flow,3.5
2026-09-08 19:43:54,Southern Owens Valley,LAA at Alabama Flow,419.0
2026-09-08 19:43:54,Southern Owens Valley,LAA at Alabama Level,8.0
2026-09-08 19:43:54,Southern Owens Valley,LAA at Alabama Water Temp,68.6
2026-09-08 19:43:54,Southern Owens Valley,Cottonwood Ck. At LAA Flow,2.0
2026-09-08 19:43:54,Southern Owens Valley,LAA at Cottonwood Flow,461.0
2026-09-08 19:43:54,Southern Owens Valley,LAA at Cottonwood Level,8.9
2026-09-08 19:43:54,Southern Owens Valley,LAA at Cotton. Water Temp,68.1
2026-09-08 19:43:54,Southern Owens Valley,N. Haiwee Elevation,3757.2
2026-09-08 19:43:54,Southern Owens Valley,S. Haiwee Reservoir Elevation,3728.0
2026-09-08 19:43:54,Southern Owens Valley,Haiwee LAA #1 Current Flow,0.0
2026-09-08 19:43:54,Southern Owens Valley,Haiwee LAA #2 Current Flow,146.0
2026-09-08 19:43:54,Southern Owens Valley,Reinhackel Flow,2.9
2026-09-08 19:43:54,Southern Owens Valley,Lubkin Spillgate Outflow,0.0
2026-09-08 19:43:54,Southern Owens Valley,Cartago Spillgate Outflow,11.1
2026-09-08 19:43:54,Southern Owens Valley,Lone Pine Creek Flow,7.1
2026-09-08 19:43:54,Lower Owens River Project,LORP Intake Flow,88.0
2026-09-08 19:43:54,Lower Owens River Project,LORP at Mazourka Canyon Road,0.0
2026-09-08 19:43:54,Lower Owens River Project,LORP at Reinhackle Springs,59.0
2026-09-08 19:43:54,Lower Owens River Project,LORP Above Pumpstation,49.0
2026-09-08 19:43:54,Lower Owens River Project,LORP At Pump Station Discharge Flow,37.0
2026-09-08 19:43:54,Southern District,Haiwee LAA #2 Current Flow,146.0
2026-09-08 19:43:54,Southern District,S. Haiwee Reservoir Elevation,3728.0
2026-09-08 19:43:54,Southern District,Haiwee LAA #1 Current Flow,0.0
2026-09-08 19:43:54,Southern District,Fairmont Reservoir Elevation,3025.0
2026-09-08 19:43:54,Southern District,LAA #1 Flow at Fairmont Reservoir,308.6
2026-09-08 19:43:54,Southern District,LAA #2 Flow at Fairmont Res.,153.5
2026-09-08 19:43:54,Southern District,Bouquet Reservoir Elevation,2974.4
2026-09-08 19:43:54,Southern District,Bouquet Reservoir Inflow,0.0
2026-09-08 19:43:54,Southern District,Bouquet Reservoir Outflow,0.7
2026-09-08 19:43:54,Southern District,LAA #1 at Soledad Flow,128.3
2026-09-08 19:43:54,Southern District,LAA #2 at Soledad Flow,248.6
2026-09-08 19:43:54,Long Valley,Release at Middle Gorge,0.0
2026-09-08 19:58:52,Northern Owens Valley,Tinemaha Elevation,3861.6
2026-09-08 19:58:52,Southern Owens Valley,Tinemaha Elevation,3861.6
2026-09-08 20:28:53,Northern Owens Valley,Tinemaha Elevation,3861.6
2026-09-08 20:28:53,Southern Owens Valley,Tinemaha Elevation,3861.6
2026-09-08 20:43:54,Mono Basin,Lee Vining Intake Above Flow,99.5
2026-09-08 20:43:54,Mono Basin,Lee Vining Intake Below Flow,60.0
2026-09-08 20:43:54,Mono Basin,Mono Lk. Elevation,6382.2
2026-09-08 20:43:54,Mono Basin,Walker Ck. Above Conduit Flow,2.0
2026-09-08 20:43:54,Mono Basin,L.V. Conduit Below Intake Flow,19.8
2026-09-08 20:43:54,Mono Basin,Walker Ck. Under Conduit Flow,3.0
2026-09-08 20:43:54,Mono Basin,Parker Ck. Under Conduit Flow,8.0
2026-09-08 20:43:54,Mono Basin,Parker Ck. Above Conduit Flow,9.0
2026-09-08 20:43:54,Mono Basin,Grant Lk. Spill Flow,0.0
2026-09-08 20:43:54,Mono Basin,Mono Gate 1 Return Ditch Flow,40.0
2026-09-08 20:43:54,Mono Basin,Grant Lk. Elevation,7128.6
2026-09-08 20:43:54,Mono Basin,Grant Lk. Outflow,38.8
2026-09-08 20:43:54,Mono Basin,Rush Ck. at Damsite Flow,14.4
2026-09-08 20:43:54,Mono Basin,Flow to West Portal,0.0
2026-09-08 20:43:54,Long Valley,East Portal Flow,12.0
2026-09-08 20:43:54,Long Valley,OR Below EP Flow,56.0
2026-09-08 20:43:54,Long Valley,Hot Ck.at Hwy. Flow,5.0
2026-09-08 20:43:54,Long Valley,McGee Ck. Lower Sta. Flow,8.0
2026-09-08 20:43:54,Long Valley,Long Valley Elevation,6769.0
2026-09-08 20:43:54,Long Valley,Long Valley Current Outflow,572.9
2026-09-08 20:43:54,Long Valley,Rock Ck. Div. Flow,0.0
2026-09-08 20:43:54,Long Valley,Upper Gorge Total Release,36.5
2026-09-08 20:43:54,Northern Owens Valley,Rock Ck. At Owens River (PV) Flow,24.9
2026-09-08 20:43:54,Northern Owens Valley,Pleasant Valley Elevation,4382.7
2026-09-08 20:43:54,Northern Owens Valley,Pleasant Valley Outflow,486.6
2026-09-08 20:43:54,Northern Owens Valley,Baker Ck. At LA Station Flow,6.1
2026-09-08 20:43:54,Northern Owens Valley,Big Pine Ck. USGS Flow,20.4
2026-09-08 20:43:54,Northern Owens Valley,O.R. Below Big Pine,477.0
2026-09-08 20:43:54,Northern Owens Valley,Fish Springs At RR Flow,31.6
2026-09-08 20:43:54,Northern Owens Valley,Tinemaha Reservoir Outflow,477.5
2026-09-08 20:43:54,Northern Owens Valley,Bishop Creek Through Plant 6,70.2
2026-09-08 20:43:54,Northern Owens Valley,Bishop Creek Around Plant 6,7.1
2026-09-08 20:43:54,Southern Owens Valley,Tinemaha Reservoir Outflow,477.5
2026-09-08 20:43:54,Southern Owens Valley,Indep. Ck. At Junction Flow,3.5
2026-09-08 20:43:54,Southern Owens Valley,LAA at Alabama Flow,420.0
2026-09-08 20:43:54,Southern Owens Valley,LAA at Alabama Level,8.0
2026-09-08 20:43:54,Southern Owens Valley,LAA at Alabama Water Temp,68.3
2026-09-08 20:43:54,Southern Owens Valley,Cottonwood Ck. At LAA Flow,2.0
2026-09-08 20:43:54,Southern Owens Valley,LAA at Cottonwood Flow,460.0
2026-09-08 20:43:54,Southern Owens Valley,LAA at Cottonwood Level,8.9
2026-09-08 20:43:54,Southern Owens Valley,LAA at Cotton. Water Temp,68.4
2026-09-08 20:43:54,Southern Owens Valley,N. Haiwee Elevation,3757.2
2026-09-08 20:43:54,Southern Owens Valley,S. Haiwee Reservoir Elevation,3728.0
2026-09-08 20:43:54,Southern Owens Valley,Haiwee LAA #1 Current Flow,0.0
2026-09-08 20:43:54,Southern Owens Valley,Haiwee LAA #2 Current Flow,146.0
2026-09-08 20:43:54,Southern Owens Valley,Reinhackel Flow,2.9
2026-09-08 20:43:54,Southern Owens Valley,Lubkin Spillgate Outflow,0.0
2026-09-08 20:43:54,Southern Owens Valley,Cartago Spillgate Outflow,11.6
2026-09-08 20:43:54,Southern Owens Valley,Lone Pine Creek Flow,7.2
2026-09-08 20:43:54,Lower Owens River Project,LORP Intake Flow,88.0
2026-09-08 20:43:54,Lower Owens River Project,LORP at Mazourka Canyon Road,0.0
2026-09-08 20:43:54,Lower Owens River Project,LORP at Reinhackle Springs,62.0
2026-09-08 20:43:54,Lower Owens River Project,LORP Above Pumpstation,56.0
2026-09-08 20:43:54,Lower Owens River Project,LORP At Pump Station Discharge Flow,45.0
2026-09-08 20:43:54,Southern District,Haiwee LAA #2 Current Flow,146.0
2026-09-08 20:43:54,Southern District,S. Haiwee Reservoir Elevation,3728.0
2026-09-08 20:43:54,Southern District,Haiwee LAA #1 Current Flow,0.0
2026-09-08 20:43:54,Southern District,Fairmont Reservoir Elevation,3025.2
2026-09-08 20:43:54,Southern District,LAA #1 Flow at Fairmont Reservoir,307.8
2026-09-08 20:43:54,Southern District,LAA #2 Flow at Fairmont Res.,153.1
2026-09-08 20:43:54,Southern District,Bouquet Reservoir Elevation,2974.4
2026-09-08 20:43:54,Southern District,Bouquet Reservoir Inflow,0.0
2026-09-08 20:43:54,Southern District,Bouquet Reservoir Outflow,0.7
2026-09-08 20:43:54,Southern District,LAA #1 at Soledad Flow,128.3
2026-09-08 20:43:54,Southern District,LAA #2 at Soledad Flow,248.6
2026-09-08 20:43:54,Long Valley,Release at Middle Gorge,0.0
2026-09-08 20:58:53,Northern Owens Valley,Tinemaha Elevation,3861.6
2026-09-08 20:58:53,Southern Owens Valley,Tinemaha Elevation,3861.6
2026-09-08 21:28:54,Northern Owens Valley,Tinemaha Elevation,3861.5
2026-09-08 21:28:54,Southern Owens Valley,Tinemaha Elevation,3861.5
2026-09-08 21:43:54,Mono Basin,Lee Vining Intake Above Flow,100.2
2026-09-08 21:43:54,Mono Basin,Lee Vining Intake Below Flow,60.7
2026-09-08 21:43:54,Mono Basin,Mono Lk. Elevation,6382.2
2026-09-08 21:43:54,Mono Basin,Walker Ck. Above Conduit Flow,2.0
2026-09-08 21:43:54,Mono Basin,L.V. Conduit Below Intake Flow,34.6
2026-09-08 21:43:54,Mono Basin,Walker Ck. Under Conduit Flow,3.0
2026-09-08 21:43:54,Mono Basin,Parker Ck. Under Conduit Flow,8.0
2026-09-08 21:43:54,Mono Basin,Parker Ck. Above Conduit Flow,9.0
2026-09-08 21:43:54,Mono Basin,Grant Lk. Spill Flow,0.0
2026-09-08 21:43:54,Mono Basin,Mono Gate 1 Return Ditch Flow,40.0
2026-09-08 21:43:54,Mono Basin,Grant Lk. Elevation,7128.6
2026-09-08 21:43:54,Mono Basin,Grant Lk. Outflow,38.5
2026-09-08 21:43:54,Mono Basin,Rush Ck. at Damsite Flow,14.4
2026-09-08 21:43:54,Mono Basin,Flow to West Portal,0.0
2026-09-08 21:43:54,Long Valley,East Portal Flow,12.0
2026-09-08 21:43:54,Long Valley,OR Below EP Flow,56.0
2026-09-08 21:43:54,Long Valley,Hot Ck.at Hwy. Flow,5.0
2026-09-08 21:43:54,Long Valley,McGee Ck. Lower Sta. Flow,8.0
2026-09-08 21:43:54,Long Valley,Long Valley Elevation,6769.0
2026-09-08 21:43:54,Long Valley,Long Valley Current Outflow,570.1
2026-09-08 21:43:54,Long Valley,Rock Ck. Div. Flow,0.0
2026-09-08 21:43:54,Long Valley,Upper Gorge Total Release,35.3
2026-09-08 21:43:54,Northern Owens Valley,Rock Ck. At Owens River (PV) Flow,25.1
2026-09-08 21:43:54,Northern Owens Valley,Pleasant Valley Elevation,4382.8
2026-09-08 21:43:54,Northern Owens Valley,Pleasant Valley Outflow,487.3
2026-09-08 21:43:54,Northern Owens Valley,Baker Ck. At LA Station Flow,6.1
2026-09-08 21:43:54,Northern Owens Valley,Big Pine Ck. USGS Flow,20.4
2026-09-08 21:43:54,Northern Owens Valley,O.R. Below Big Pine,477.0
2026-09-08 21:43:54,Northern Owens Valley,Fish Springs At RR Flow,31.6
2026-09-08 21:43:54,Northern Owens Valley,Tinemaha Reservoir Outflow,477.5
2026-09-08 21:43:54,Northern Owens Valley,Bishop Creek Through Plant 6,70.8
2026-09-08 21:43:54,Northern Owens Valley,Bishop Creek Around Plant 6,7.4
2026-09-08 21:43:54,Southern Owens Valley,Tinemaha Reservoir Outflow,477.5
2026-09-08 21:43:54,Southern Owens Valley,Indep. Ck. At Junction Flow,3.5
2026-09-08 21:43:54,Southern Owens Valley,LAA at Alabama Flow,417.0
2026-09-08 21:43:54,Southern Owens Valley,LAA at Alabama Level,8.0
2026-09-08 21:43:54,Southern Owens Valley,LAA at Alabama Water Temp,68.0
2026-09-08 21:43:54,Southern Owens Valley,Cottonwood Ck. At LAA Flow,2.0
2026-09-08 21:43:54,Southern Owens Valley,LAA at Cottonwood Flow,460.0
2026-09-08 21:43:54,Southern Owens Valley,LAA at Cottonwood Level,8.9
2026-09-08 21:43:54,Southern Owens Valley,LAA at Cotton. Water Temp,68.7
2026-09-08 21:43:54,Southern Owens Valley,N. Haiwee Elevation,3757.2
2026-09-08 21:43:54,Southern Owens Valley,S. Haiwee Reservoir Elevation,3728.0
2026-09-08 21:43:54,Southern Owens Valley,Haiwee LAA #1 Current Flow,0.0
2026-09-08 21:43:54,Southern Owens Valley,Haiwee LAA #2 Current Flow,146.0
2026-09-08 21:43:54,Southern Owens Valley,Reinhackel Flow,2.9
2026-09-08 21:43:54,Southern Owens Valley,Lubkin Spillgate Outflow,0.0
2026-09-08 21:43:54,Southern Owens Valley,Cartago Spillgate Outflow,6.2
2026-09-08 21:43:54,Southern Owens Valley,Lone Pine Creek Flow,7.1
2026-09-08 21:43:54,Lower Owens River Project,LORP Intake Flow,88.0
2026-09-08 21:43:54,Lower Owens River Project,LORP at Mazourka Canyon Road,0.0
2026-09-08 21:43:54,Lower Owens River Project,LORP at Reinhackle Springs,64.0
2026-09-08 21:43:54,Lower Owens River Project,LORP Above Pumpstation,49.0
2026-09-08 21:43:54,Lower Owens River Project,LORP At Pump Station Discharge Flow,38.0
2026-09-08 21:43:54,Southern District,Haiwee LAA #2 Current Flow,146.0
2026-09-08 21:43:54,Southern District,S. Haiwee Reservoir Elevation,3728.0
2026-09-08 21:43:54,Southern District,Haiwee LAA #1 Current Flow,0.0
2026-09-08 21:43:54,Southern District,Fairmont Reservoir Elevation,3025.3
2026-09-08 21:43:54,Southern District,LAA #1 Flow at Fairmont Reservoir,295.0
2026-09-08 21:43:54,Southern District,LAA #2 Flow at Fairmont Res.,153.1
2026-09-08 21:43:54,Southern District,Bouquet Reservoir Elevation,2974.4
2026-09-08 21:43:54,Southern District,Bouquet Reservoir Inflow,0.0
2026-09-08 21:43:54,Southern District,Bouquet Reservoir Outflow,0.7
2026-09-08 21:43:54,Southern District,LAA #1 at Soledad Flow,128.3
2026-09-08 21:43:54,Southern District,LAA #2 at Soledad Flow,248.6
2026-09-08 21:43:54,Long Valley,Release at Middle Gorge,0.0
2026-09-08 21:58:53,Northern Owens Valley,Tinemaha Elevation,3861.5
2026-09-08 21:58:53,Southern Owens Valley,Tinemaha Elevation,3861.5
2026-09-08 22:28:53,Northern Owens Valley,Tinemaha Elevation,3861.6
2026-09-08 22:28:53,Southern Owens Valley,Tinemaha Elevation,3861.6
2026-09-08 22:43:53,Mono Basin,Lee Vining Intake Above Flow,100.8
2026-09-08 22:43:53,Mono Basin,Lee Vining Intake Below Flow,59.9
2026-09-08 22:43:53,Mono Basin,Walker Ck. Above Conduit Flow,2.0
2026-09-08 22:43:53,Mono Basin,L.V. Conduit Below Intake Flow,36.1
2026-09-08 22:43:53,Mono Basin,Walker Ck. Under Conduit Flow,3.0
2026-09-08 22:43:53,Mono Basin,Parker Ck. Under Conduit Flow,8.0
2026-09-08 22:43:53,Mono Basin,Parker Ck. Above Conduit Flow,9.0
2026-09-08 22:43:53,Mono Basin,Grant Lk. Spill Flow,0.0
2026-09-08 22:43:53,Mono Basin,Mono Gate 1 Return Ditch Flow,40.0
2026-09-08 22:43:53,Mono Basin,Grant Lk. Outflow,38.9
2026-09-08 22:43:53,Mono Basin,Rush Ck. at Damsite Flow,21.2
2026-09-08 22:43:53,Mono Basin,Flow to West Portal,0.0
2026-09-08 22:43:53,Long Valley,East Portal Flow,12.0
2026-09-08 22:43:53,Long Valley,OR Below EP Flow,56.0
2026-09-08 22:43:53,Long Valley,Hot Ck.at Hwy. Flow,5.0
2026-09-08 22:43:53,Long Valley,McGee Ck. Lower Sta. Flow,8.0
2026-09-08 22:43:53,Long Valley,Long Valley Current Outflow,572.7
2026-09-08 22:43:53,Long Valley,Rock Ck. Div. Flow,0.0
2026-09-08 22:43:53,Long Valley,Upper Gorge Total Release,35.6
2026-09-08 22:43:53,Northern Owens Valley,Rock Ck. At Owens River (PV) Flow,25.1
2026-09-08 22:43:53,Northern Owens Valley,Pleasant Valley Outflow,487.4
2026-09-08 22:43:53,Northern Owens Valley,Baker Ck. At LA Station Flow,6.1
2026-09-08 22:43:53,Northern Owens Valley,Big Pine Ck. USGS Flow,20.4
2026-09-08 22:43:53,Northern Owens Valley,O.R. Below Big Pine,476.1
2026-09-08 22:43:53,Northern Owens Valley,Fish Springs At RR Flow,31.6
2026-09-08 22:43:53,Northern Owens Valley,Tinemaha Reservoir Outflow,476.6
2026-09-08 22:43:53,Northern Owens Valley,Bishop Creek Through Plant 6,70.8
2026-09-08 22:43:53,Northern Owens Valley,Bishop Creek Around Plant 6,7.4
2026-09-08 22:43:53,Southern Owens Valley,Tinemaha Reservoir Outflow,476.6
2026-09-08 22:43:53,Southern Owens Valley,Indep. Ck. At Junction Flow,3.5
2026-09-08 22:43:53,Southern Owens Valley,LAA at Alabama Flow,417.0
2026-09-08 22:43:53,Southern Owens Valley,Cottonwood Ck. At LAA Flow,2.0
2026-09-08 22:43:53,Southern Owens Valley,LAA at Cottonwood Flow,461.0
2026-09-08 22:43:53,Southern Owens Valley,Haiwee LAA #1 Current Flow,0.0
2026-09-08 22:43:53,Southern Owens Valley,Haiwee LAA #2 Current Flow,146.0
2026-09-08 22:43:53,Southern Owens Valley,Reinhackel Flow,2.9
2026-09-08 22:43:53,Southern Owens Valley,Lubkin Spillgate Outflow,0.0
2026-09-08 22:43:53,Southern Owens Valley,Cartago Spillgate Outflow,0.0
2026-09-08 22:43:53,Southern Owens Valley,Lone Pine Creek Flow,7.3
2026-09-08 22:43:53,Lower Owens River Project,LORP Intake Flow,88.0
2026-09-08 22:43:53,Lower Owens River Project,LORP at Mazourka Canyon Road,0.0
2026-09-08 22:43:53,Lower Owens River Project,LORP at Reinhackle Springs,65.0
2026-09-08 22:43:53,Lower Owens River Project,LORP Above Pumpstation,48.0
2026-09-08 22:43:53,Lower Owens River Project,LORP At Pump Station Discharge Flow,37.0
2026-09-08 22:43:53,Southern District,Haiwee LAA #2 Current Flow,146.0
2026-09-08 22:43:53,Southern District,Haiwee LAA #1 Current Flow,0.0
2026-09-08 22:43:53,Southern District,LAA #1 Flow at Fairmont Reservoir,309.1
2026-09-08 22:43:53,Southern District,LAA #2 Flow at Fairmont Res.,152.8
2026-09-08 22:43:53,Southern District,Bouquet Reservoir Inflow,0.0
2026-09-08 22:43:53,Southern District,Bouquet Reservoir Outflow,0.7
2026-09-08 22:43:53,Southern District,LAA #1 at Soledad Flow,128.3
2026-09-08 22:43:53,Southern District,LAA #2 at Soledad Flow,248.6
2026-09-08 22:43:53,Long Valley,Release at Middle Gorge,0.0
2026-09-08 22:43:54,Mono Basin,Mono Lk. Elevation,6382.2
2026-09-08 22:43:54,Mono Basin,Grant Lk. Elevation,7128.6
2026-09-08 22:43:54,Long Valley,Long Valley Elevation,6769.0
2026-09-08 22:43:54,Northern Owens Valley,Pleasant Valley Elevation,4383.0
2026-09-08 22:43:54,Southern Owens Valley,LAA at Alabama Level,8.0
2026-09-08 22:43:54,Southern Owens Valley,LAA at Alabama Water Temp,68.0
2026-09-08 22:43:54,Southern Owens Valley,LAA at Cottonwood Level,8.9
2026-09-08 22:43:54,Southern Owens Valley,LAA at Cotton. Water Temp,68.7
2026-09-08 22:43:54,Southern Owens Valley,N. Haiwee Elevation,3757.2
2026-09-08 22:43:54,Southern Owens Valley,S. Haiwee Reservoir Elevation,3728.0
2026-09-08 22:43:54,Southern District,S. Haiwee Reservoir Elevation,3728.0
2026-09-08 22:43:54,Southern District,Fairmont Reservoir Elevation,3025.5
2026-09-08 22:43:54,Southern District,Bouquet Reservoir Elevation,2974.4
2026-09-08 22:58:52,Northern Owens Valley,Tinemaha Elevation,3861.6
2026-09-08 22:58:52,Southern Owens Valley,Tinemaha Elevation,3861.6
2026-09-08 23:28:53,Northern Owens Valley,Tinemaha Elevation,3861.6
2026-09-08 23:28:53,Southern Owens Valley,Tinemaha Elevation,3861.6
2026-09-08 23:43:54,Mono Basin,Lee Vining Intake Above Flow,96.3
2026-09-08 23:43:54,Mono Basin,Lee Vining Intake Below Flow,58.2
2026-09-08 23:43:54,Mono Basin,Walker Ck. Above Conduit Flow,2.0
2026-09-08 23:43:54,Mono Basin,L.V. Conduit Below Intake Flow,36.4
2026-09-08 23:43:54,Mono Basin,Walker Ck. Under Conduit Flow,3.0
2026-09-08 23:43:54,Mono Basin,Parker Ck. Under Conduit Flow,8.0
2026-09-08 23:43:54,Mono Basin,Parker Ck. Above Conduit Flow,9.0
2026-09-08 23:43:54,Mono Basin,Grant Lk. Spill Flow,0.0
2026-09-08 23:43:54,Mono Basin,Mono Gate 1 Return Ditch Flow,39.9
2026-09-08 23:43:54,Mono Basin,Grant Lk. Outflow,38.8
2026-09-08 23:43:54,Mono Basin,Rush Ck. at Damsite Flow,21.2
2026-09-08 23:43:54,Mono Basin,Flow to West Portal,0.0
2026-09-08 23:43:54,Long Valley,East Portal Flow,12.0
2026-09-08 23:43:54,Long Valley,OR Below EP Flow,57.0
2026-09-08 23:43:54,Long Valley,Hot Ck.at Hwy. Flow,5.0
2026-09-08 23:43:54,Long Valley,McGee Ck. Lower Sta. Flow,8.0
2026-09-08 23:43:54,Long Valley,Long Valley Current Outflow,570.9
2026-09-08 23:43:54,Long Valley,Rock Ck. Div. Flow,0.0
2026-09-08 23:43:54,Long Valley,Upper Gorge Total Release,34.8
2026-09-08 23:43:54,Northern Owens Valley,Rock Ck. At Owens River (PV) Flow,25.5
2026-09-08 23:43:54,Northern Owens Valley,Pleasant Valley Outflow,487.9
2026-09-08 23:43:54,Northern Owens Valley,Baker Ck. At LA Station Flow,6.1
2026-09-08 23:43:54,Northern Owens Valley,Big Pine Ck. USGS Flow,20.4
2026-09-08 23:43:54,Northern Owens Valley,O.R. Below Big Pine,477.5
2026-09-08 23:43:54,Northern Owens Valley,Fish Springs At RR Flow,31.6
2026-09-08 23:43:54,Northern Owens Valley,Tinemaha Reservoir Outflow,476.6
2026-09-08 23:43:54,Northern Owens Valley,Bishop Creek Through Plant 6,70.8
2026-09-08 23:43:54,Northern Owens Valley,Bishop Creek Around Plant 6,7.4
2026-09-08 23:43:54,Southern Owens Valley,Tinemaha Reservoir Outflow,476.6
2026-09-08 23:43:54,Southern Owens Valley,Indep. Ck. At Junction Flow,3.5
2026-09-08 23:43:54,Southern Owens Valley,LAA at Alabama Flow,417.0
2026-09-08 23:43:54,Southern Owens Valley,Cottonwood Ck. At LAA Flow,2.0
2026-09-08 23:43:54,Southern Owens Valley,LAA at Cottonwood Flow,461.0
2026-09-08 23:43:54,Southern Owens Valley,Haiwee LAA #1 Current Flow,0.0
2026-09-08 23:43:54,Southern Owens Valley,Haiwee LAA #2 Current Flow,146.0
2026-09-08 23:43:54,Southern Owens Valley,Reinhackel Flow,2.9
2026-09-08 23:43:54,Southern Owens Valley,Lubkin Spillgate Outflow,0.0
2026-09-08 23:43:54,Southern Owens Valley,Cartago Spillgate Outflow,0.0
2026-09-08 23:43:54,Southern Owens Valley,Lone Pine Creek Flow,7.3
2026-09-08 23:43:54,Lower Owens River Project,LORP Intake Flow,89.0
2026-09-08 23:43:54,Lower Owens River Project,LORP at Mazourka Canyon Road,0.0
2026-09-08 23:43:54,Lower Owens River Project,LORP at Reinhackle Springs,62.0
2026-09-08 23:43:54,Lower Owens River Project,LORP Above Pumpstation,50.0
2026-09-08 23:43:54,Lower Owens River Project,LORP At Pump Station Discharge Flow,38.0
2026-09-08 23:43:54,Southern District,Haiwee LAA #2 Current Flow,146.0
2026-09-08 23:43:54,Southern District,Haiwee LAA #1 Current Flow,0.0
2026-09-08 23:43:54,Southern District,LAA #1 Flow at Fairmont Reservoir,301.8
2026-09-08 23:43:54,Southern District,LAA #2 Flow at Fairmont Res.,152.9
2026-09-08 23:43:54,Southern District,Bouquet Reservoir Inflow,0.0
2026-09-08 23:43:54,Southern District,Bouquet Reservoir Outflow,0.7
2026-09-08 23:43:54,Southern District,LAA #1 at Soledad Flow,128.3
2026-09-08 23:43:54,Southern District,LAA #2 at Soledad Flow,248.6
2026-09-08 23:43:54,Long Valley,Release at Middle Gorge,0.0
2026-09-08 23:43:55,Mono Basin,Mono Lk. Elevation,6382.2
2026-09-08 23:43:55,Mono Basin,Grant Lk. Elevation,7128.6
2026-09-08 23:43:55,Long Valley,Long Valley Elevation,6769.0
2026-09-08 23:43:55,Northern Owens Valley,Pleasant Valley Elevation,4383.1
2026-09-08 23:43:55,Southern Owens Valley,LAA at Alabama Level,8.0
2026-09-08 23:43:55,Southern Owens Valley,LAA at Alabama Water Temp,68.2
2026-09-08 23:43:55,Southern Owens Valley,LAA at Cottonwood Level,8.9
2026-09-08 23:43:55,Southern Owens Valley,LAA at Cotton. Water Temp,68.9
2026-09-08 23:43:55,Southern Owens Valley,N. Haiwee Elevation,3757.2
2026-09-08 23:43:55,Southern Owens Valley,S. Haiwee Reservoir Elevation,3728.1
2026-09-08 23:43:55,Southern District,S. Haiwee Reservoir Elevation,3728.1
2026-09-08 23:43:55,Southern District,Fairmont Reservoir Elevation,3025.6
2026-09-08 23:43:55,Southern District,Bouquet Reservoir Elevation,2974.4
2026-09-08 23:58:54,Northern Owens Valley,Tinemaha Elevation,3861.6
2026-09-08 23:58:54,Southern Owens Valley,Tinemaha Elevation,3861.6
