date,district,source,value
2026-09-15 00:44:00,Mono Basin,Lee Vining Intake Above Flow,100.6
2026-09-15 00:44:00,Mono Basin,Lee Vining Intake Below Flow,25.5
2026-09-15 00:44:00,Mono Basin,Mono Lk. Elevation,6381.8
2026-09-15 00:44:00,Mono Basin,Walker Ck. Above Conduit Flow,2.0
2026-09-15 00:44:00,Mono Basin,L.V. Conduit Below Intake Flow,72.6
2026-09-15 00:44:00,Mono Basin,Walker Ck. Under Conduit Flow,2.0
2026-09-15 00:44:00,Mono Basin,Parker Ck. Under Conduit Flow,7.0
2026-09-15 00:44:00,Mono Basin,Parker Ck. Above Conduit Flow,8.0
2026-09-15 00:44:00,Mono Basin,Grant Lk. Spill Flow,0.0
2026-09-15 00:44:00,Mono Basin,Mono Gate 1 Return Ditch Flow,30.0
2026-09-15 00:44:00,Mono Basin,Grant Lk. Elevation,7128.5
2026-09-15 00:44:00,Mono Basin,Grant Lk. Outflow,39.0
2026-09-15 00:44:00,Mono Basin,Rush Ck. at Damsite Flow,21.2
2026-09-15 00:44:00,Mono Basin,Flow to West Portal,10.4
2026-09-15 00:44:00,Long Valley,East Portal Flow,23.0
2026-09-15 00:44:00,Long Valley,OR Below EP Flow,66.0
2026-09-15 00:44:00,Long Valley,Hot Ck.at Hwy. Flow,4.0
2026-09-15 00:44:00,Long Valley,McGee Ck. Lower Sta. Flow,7.8
2026-09-15 00:44:00,Long Valley,Long Valley Elevation,6768.0
2026-09-15 00:44:00,Long Valley,Long Valley Current Outflow,577.6
2026-09-15 00:44:00,Long Valley,Rock Ck. Div. Flow,0.0
2026-09-15 00:44:00,Long Valley,Upper Gorge Total Release,35.3
2026-09-15 00:44:00,Long Valley,Release at Middle Gorge,0.0
2026-09-15 00:44:00,Northern Owens Valley,Rock Ck. At Owens River (PV) Flow,24.9
2026-09-15 00:44:00,Northern Owens Valley,Pleasant Valley Elevation,4383.3
2026-09-15 00:44:00,Northern Owens Valley,Pleasant Valley Outflow,502.8
2026-09-15 00:44:00,Northern Owens Valley,Baker Ck. At LA Station Flow,6.1
2026-09-15 00:44:00,Northern Owens Valley,Big Pine Ck. USGS Flow,21.8
2026-09-15 00:44:00,Northern Owens Valley,O.R. Below Big Pine,467.6
2026-09-15 00:44:00,Northern Owens Valley,Fish Springs At RR Flow,35.4
2026-09-15 00:44:00,Northern Owens Valley,Tinemaha Reservoir Outflow,472.5
2026-09-15 00:44:00,Northern Owens Valley,Bishop Creek Through Plant 6,62.1
2026-09-15 00:44:00,Northern Owens Valley,Bishop Creek Around Plant 6,7.5
2026-09-15 00:44:00,Southern Owens Valley,Tinemaha Reservoir Outflow,472.5
2026-09-15 00:44:00,Southern Owens Valley,Indep. Ck. At Junction Flow,3.2
2026-09-15 00:44:00,Southern Owens Valley,LAA at Alabama Flow,410.0
2026-09-15 00:44:00,Southern Owens Valley,LAA at Alabama Level,7.9
2026-09-15 00:44:00,Southern Owens Valley,LAA at Alabama Water Temp,67.3
2026-09-15 00:44:00,Southern Owens Valley,Cottonwood Ck. At LAA Flow,2.0
2026-09-15 00:44:00,Southern Owens Valley,LAA at Cottonwood Flow,448.0
2026-09-15 00:44:00,Southern Owens Valley,LAA at Cottonwood Level,8.8
2026-09-15 00:44:00,Southern Owens Valley,LAA at Cotton. Water Temp,67.5
2026-09-15 00:44:00,Southern Owens Valley,N. Haiwee Elevation,3756.8
2026-09-15 00:44:00,Southern Owens Valley,S. Haiwee Reservoir Elevation,3728.4
2026-09-15 00:44:00,Southern Owens Valley,Haiwee LAA #1 Current Flow,0.0
2026-09-15 00:44:00,Southern Owens Valley,Haiwee LAA #2 Current Flow,269.9
2026-09-15 00:44:00,Southern Owens Valley,Reinhackel Flow,2.9
2026-09-15 00:44:00,Southern Owens Valley,Lubkin Spillgate Outflow,0.0
2026-09-15 00:44:00,Southern Owens Valley,Cartago Spillgate Outflow,13.0
2026-09-15 00:44:00,Southern Owens Valley,Lone Pine Creek Flow,7.0
2026-09-15 00:44:00,Lower Owens River Project,LORP Intake Flow,80.0
2026-09-15 00:44:00,Lower Owens River Project,LORP at Mazourka Canyon Road,0.0
2026-09-15 00:44:00,Lower Owens River Project,LORP at Reinhackle Springs,60.0
2026-09-15 00:44:00,Lower Owens River Project,LORP Above Pumpstation,48.0
2026-09-15 00:44:00,Lower Owens River Project,LORP At Pump Station Discharge Flow,37.0
2026-09-15 00:44:00,Southern District,Haiwee LAA #2 Current Flow,269.9
2026-09-15 00:44:00,Southern District,S. Haiwee Reservoir Elevation,3728.4
2026-09-15 00:44:00,Southern District,Haiwee LAA #1 Current Flow,0.0
2026-09-15 00:44:00,Southern District,Fairmont Reservoir Elevation,3027.4
2026-09-15 00:44:00,Southern District,LAA #1 Flow at Fairmont Reservoir,138.5
2026-09-15 00:44:00,Southern District,LAA #2 Flow at Fairmont Res.,269.8
2026-09-15 00:44:00,Southern District,Bouquet Reservoir Elevation,2975.2
2026-09-15 00:44:00,Southern District,Bouquet Reservoir Inflow,0.0
2026-09-15 00:44:00,Southern District,Bouquet Reservoir Outflow,0.7
2026-09-15 00:44:00,Southern District,LAA #1 at Soledad Flow,129.8
2026-09-15 00:44:00,Southern District,LAA #2 at Soledad Flow,252.5
2026-09-15 01:44:01,Mono Basin,Lee Vining Intake Above Flow,100.6
2026-09-15 01:44:01,Mono Basin,Lee Vining Intake Below Flow,25.5
2026-09-15 01:44:01,Mono Basin,Mono Lk. Elevation,6381.8
2026-09-15 01:44:01,Mono Basin,Walker Ck. Above Conduit Flow,2.0
2026-09-15 01:44:01,Mono Basin,L.V. Conduit Below Intake Flow,72.6
2026-09-15 01:44:01,Mono Basin,Walker Ck. Under Conduit Flow,2.0
2026-09-15 01:44:01,Mono Basin,Parker Ck. Under Conduit Flow,7.0
2026-09-15 01:44:01,Mono Basin,Parker Ck. Above Conduit Flow,8.0
2026-09-15 01:44:01,Mono Basin,Grant Lk. Spill Flow,0.0
2026-09-15 01:44:01,Mono Basin,Mono Gate 1 Return Ditch Flow,30.2
2026-09-15 01:44:01,Mono Basin,Grant Lk. Elevation,7128.5
2026-09-15 01:44:01,Mono Basin,Grant Lk. Outflow,39.1
2026-09-15 01:44:01,Mono Basin,Rush Ck. at Damsite Flow,21.2
2026-09-15 01:44:01,Mono Basin,Flow to West Portal,10.4
2026-09-15 01:44:01,Long Valley,East Portal Flow,23.0
2026-09-15 01:44:01,Long Valley,OR Below EP Flow,66.0
2026-09-15 01:44:01,Long Valley,Hot Ck.at Hwy. Flow,4.0
2026-09-15 01:44:01,Long Valley,McGee Ck. Lower Sta. Flow,7.8
2026-09-15 01:44:01,Long Valley,Long Valley Elevation,6768.0
2026-09-15 01:44:01,Long Valley,Long Valley Current Outflow,577.2
2026-09-15 01:44:01,Long Valley,Rock Ck. Div. Flow,0.0
2026-09-15 01:44:01,Long Valley,Upper Gorge Total Release,36.1
2026-09-15 01:44:01,Long Valley,Release at Middle Gorge,0.0
2026-09-15 01:44:01,Northern Owens Valley,Rock Ck. At Owens River (PV) Flow,24.9
2026-09-15 01:44:01,Northern Owens Valley,Pleasant Valley Elevation,4383.4
2026-09-15 01:44:01,Northern Owens Valley,Pleasant Valley Outflow,503.8
2026-09-15 01:44:01,Northern Owens Valley,Baker Ck. At LA Station Flow,6.1
2026-09-15 01:44:01,Northern Owens Valley,Big Pine Ck. USGS Flow,21.8
2026-09-15 01:44:01,Northern Owens Valley,O.R. Below Big Pine,469.4
2026-09-15 01:44:01,Northern Owens Valley,Fish Springs At RR Flow,35.4
2026-09-15 01:44:01,Northern Owens Valley,Tinemaha Reservoir Outflow,471.7
2026-09-15 01:44:01,Northern Owens Valley,Bishop Creek Through Plant 6,67.2
2026-09-15 01:44:01,Northern Owens Valley,Bishop Creek Around Plant 6,7.4
2026-09-15 01:44:01,Southern Owens Valley,Tinemaha Reservoir Outflow,471.7
2026-09-15 01:44:01,Southern Owens Valley,Indep. Ck. At Junction Flow,3.2
2026-09-15 01:44:01,Southern Owens Valley,LAA at Alabama Flow,410.0
2026-09-15 01:44:01,Southern Owens Valley,LAA at Alabama Level,7.9
2026-09-15 01:44:01,Southern Owens Valley,LAA at Alabama Water Temp,66.9
2026-09-15 01:44:01,Southern Owens Valley,Cottonwood Ck. At LAA Flow,2.0
2026-09-15 01:44:01,Southern Owens Valley,LAA at Cottonwood Flow,449.0
2026-09-15 01:44:01,Southern Owens Valley,LAA at Cottonwood Level,8.8
2026-09-15 01:44:01,Southern Owens Valley,LAA at Cotton. Water Temp,67.3
2026-09-15 01:44:01,Southern Owens Valley,N. Haiwee Elevation,3756.8
2026-09-15 01:44:01,Southern Owens Valley,S. Haiwee Reservoir Elevation,3728.4
2026-09-15 01:44:01,Southern Owens Valley,Haiwee LAA #1 Current Flow,0.0
2026-09-15 01:44:01,Southern Owens Valley,Haiwee LAA #2 Current Flow,270.2
2026-09-15 01:44:01,Southern Owens Valley,Reinhackel Flow,2.9
2026-09-15 01:44:01,Southern Owens Valley,Lubkin Spillgate Outflow,0.0
2026-09-15 01:44:01,Southern Owens Valley,Cartago Spillgate Outflow,13.2
2026-09-15 01:44:01,Southern Owens Valley,Lone Pine Creek Flow,7.0
2026-09-15 01:44:01,Lower Owens River Project,LORP Intake Flow,80.0
2026-09-15 01:44:01,Lower Owens River Project,LORP at Mazourka Canyon Road,0.0
2026-09-15 01:44:01,Lower Owens River Project,LORP at Reinhackle Springs,66.0
2026-09-15 01:44:01,Lower Owens River Project,LORP Above Pumpstation,48.0
2026-09-15 01:44:01,Lower Owens River Project,LORP At Pump Station Discharge Flow,37.0
2026-09-15 01:44:01,Southern District,Haiwee LAA #2 Current Flow,270.2
2026-09-15 01:44:01,Southern District,S. Haiwee Reservoir Elevation,3728.4
2026-09-15 01:44:01,Southern District,Haiwee LAA #1 Current Flow,0.0
2026-09-15 01:44:01,Southern District,Fairmont Reservoir Elevation,3027.4
2026-09-15 01:44:01,Southern District,LAA #1 Flow at Fairmont Reservoir,138.3
2026-09-15 01:44:01,Southern District,LAA #2 Flow at Fairmont Res.,272.9
2026-09-15 01:44:01,Southern District,Bouquet Reservoir Elevation,2975.2
2026-09-15 01:44:01,Southern District,Bouquet Reservoir Inflow,0.0
2026-09-15 01:44:01,Southern District,Bouquet Reservoir Outflow,0.5
2026-09-15 01:44:01,Southern District,LAA #1 at Soledad Flow,129.8
2026-09-15 01:44:01,Southern District,LAA #2 at Soledad Flow,252.5
2026-09-15 02:44:00,Mono Basin,Lee Vining Intake Above Flow,100.6
2026-09-15 02:44:00,Mono Basin,Lee Vining Intake Below Flow,25.5
2026-09-15 02:44:00,Mono Basin,Mono Lk. Elevation,6381.8
2026-09-15 02:44:00,Mono Basin,Walker Ck. Above Conduit Flow,2.0
2026-09-15 02:44:00,Mono Basin,L.V. Conduit Below Intake Flow,72.6
2026-09-15 02:44:00,Mono Basin,Walker Ck. Under Conduit Flow,2.0
2026-09-15 02:44:00,Mono Basin,Parker Ck. Under Conduit Flow,7.0
2026-09-15 02:44:00,Mono Basin,Parker Ck. Above Conduit Flow,8.0
2026-09-15 02:44:00,Mono Basin,Grant Lk. Spill Flow,0.0
2026-09-15 02:44:00,Mono Basin,Mono Gate 1 Return Ditch Flow,30.1
2026-09-15 02:44:00,Mono Basin,Grant Lk. Elevation,7128.5
2026-09-15 02:44:00,Mono Basin,Grant Lk. Outflow,38.9
2026-09-15 02:44:00,Mono Basin,Rush Ck. at Damsite Flow,21.2
2026-09-15 02:44:00,Mono Basin,Flow to West Portal,10.4
2026-09-15 02:44:00,Long Valley,East Portal Flow,23.0
2026-09-15 02:44:00,Long Valley,OR Below EP Flow,66.0
2026-09-15 02:44:00,Long Valley,Hot Ck.at Hwy. Flow,4.0
2026-09-15 02:44:00,Long Valley,McGee Ck. Lower Sta. Flow,7.8
2026-09-15 02:44:00,Long Valley,Long Valley Elevation,6768.0
2026-09-15 02:44:00,Long Valley,Long Valley Current Outflow,578.7
2026-09-15 02:44:00,Long Valley,Rock Ck. Div. Flow,0.0
2026-09-15 02:44:00,Long Valley,Upper Gorge Total Release,34.1
2026-09-15 02:44:00,Long Valley,Release at Middle Gorge,0.0
2026-09-15 02:44:00,Northern Owens Valley,Rock Ck. At Owens River (PV) Flow,24.9
2026-09-15 02:44:00,Northern Owens Valley,Pleasant Valley Elevation,4383.5
2026-09-15 02:44:00,Northern Owens Valley,Pleasant Valley Outflow,503.7
2026-09-15 02:44:00,Northern Owens Valley,Baker Ck. At LA Station Flow,6.1
2026-09-15 02:44:00,Northern Owens Valley,Big Pine Ck. USGS Flow,21.8
2026-09-15 02:44:00,Northern Owens Valley,O.R. Below Big Pine,470.2
2026-09-15 02:44:00,Northern Owens Valley,Fish Springs At RR Flow,35.4
2026-09-15 02:44:00,Northern Owens Valley,Tinemaha Reservoir Outflow,472.5
2026-09-15 02:44:00,Northern Owens Valley,Bishop Creek Through Plant 6,60.6
2026-09-15 02:44:00,Northern Owens Valley,Bishop Creek Around Plant 6,7.4
2026-09-15 02:44:00,Southern Owens Valley,Tinemaha Reservoir Outflow,472.5
2026-09-15 02:44:00,Southern Owens Valley,Indep. Ck. At Junction Flow,3.2
2026-09-15 02:44:00,Southern Owens Valley,LAA at Alabama Flow,407.0
2026-09-15 02:44:00,Southern Owens Valley,LAA at Alabama Level,7.9
2026-09-15 02:44:00,Southern Owens Valley,LAA at Alabama Water Temp,66.6
2026-09-15 02:44:00,Southern Owens Valley,Cottonwood Ck. At LAA Flow,2.0
2026-09-15 02:44:00,Southern Owens Valley,LAA at Cottonwood Flow,449.0
2026-09-15 02:44:00,Southern Owens Valley,LAA at Cottonwood Level,8.8
2026-09-15 02:44:00,Southern Owens Valley,LAA at Cotton. Water Temp,67.2
2026-09-15 02:44:00,Southern Owens Valley,N. Haiwee Elevation,3756.9
2026-09-15 02:44:00,Southern Owens Valley,S. Haiwee Reservoir Elevation,3728.4
2026-09-15 02:44:00,Southern Owens Valley,Haiwee LAA #1 Current Flow,0.0
2026-09-15 02:44:00,Southern Owens Valley,Haiwee LAA #2 Current Flow,270.2
2026-09-15 02:44:00,Southern Owens Valley,Reinhackel Flow,2.9
2026-09-15 02:44:00,Southern Owens Valley,Lubkin Spillgate Outflow,0.0
2026-09-15 02:44:00,Southern Owens Valley,Cartago Spillgate Outflow,12.8
2026-09-15 02:44:00,Southern Owens Valley,Lone Pine Creek Flow,7.1
2026-09-15 02:44:00,Lower Owens River Project,LORP Intake Flow,80.0
2026-09-15 02:44:00,Lower Owens River Project,LORP at Mazourka Canyon Road,0.0
2026-09-15 02:44:00,Lower Owens River Project,LORP at Reinhackle Springs,64.0
2026-09-15 02:44:00,Lower Owens River Project,LORP Above Pumpstation,50.0
2026-09-15 02:44:00,Lower Owens River Project,LORP At Pump Station Discharge Flow,38.0
2026-09-15 02:44:00,Southern District,Haiwee LAA #2 Current Flow,270.2
2026-09-15 02:44:00,Southern District,S. Haiwee Reservoir Elevation,3728.4
2026-09-15 02:44:00,Southern District,Haiwee LAA #1 Current Flow,0.0
2026-09-15 02:44:00,Southern District,Fairmont Reservoir Elevation,3027.4
2026-09-15 02:44:00,Southern District,LAA #1 Flow at Fairmont Reservoir,136.7
2026-09-15 02:44:00,Southern District,LAA #2 Flow at Fairmont Res.,275.5
2026-09-15 02:44:00,Southern District,Bouquet Reservoir Elevation,2975.2
2026-09-15 02:44:00,Southern District,Bouquet Reservoir Inflow,0.0
2026-09-15 02:44:00,Southern District,Bouquet Reservoir Outflow,0.5
2026-09-15 02:44:00,Southern District,LAA #1 at Soledad Flow,129.8
2026-09-15 02:44:00,Southern District,LAA #2 at Soledad Flow,252.5
2026-09-15 03:44:00,Mono Basin,Lee Vining Intake Above Flow,34.2
2026-09-15 03:44:00,Mono Basin,Lee Vining Intake Below Flow,24.1
2026-09-15 03:44:00,Mono Basin,Mono Lk. Elevation,6381.8
2026-09-15 03:44:00,Mono Basin,Walker Ck. Above Conduit Flow,2.0
2026-09-15 03:44:00,Mono Basin,L.V. Conduit Below Intake Flow,24.9
2026-09-15 03:44:00,Mono Basin,Walker Ck. Under Conduit Flow,2.0
2026-09-15 03:44:00,Mono Basin,Parker Ck. Under Conduit Flow,7.0
2026-09-15 03:44:00,Mono Basin,Parker Ck. Above Conduit Flow,8.0
2026-09-15 03:44:00,Mono Basin,Grant Lk. Spill Flow,0.0
2026-09-15 03:44:00,Mono Basin,Mono Gate 1 Return Ditch Flow,30.3
2026-09-15 03:44:00,Mono Basin,Grant Lk. Elevation,7128.5
2026-09-15 03:44:00,Mono Basin,Grant Lk. Outflow,39.4
2026-09-15 03:44:00,Mono Basin,Rush Ck. at Damsite Flow,21.2
2026-09-15 03:44:00,Mono Basin,Flow to West Portal,10.4
2026-09-15 03:44:00,Long Valley,East Portal Flow,23.0
2026-09-15 03:44:00,Long Valley,OR Below EP Flow,66.0
2026-09-15 03:44:00,Long Valley,Hot Ck.at Hwy. Flow,4.0
2026-09-15 03:44:00,Long Valley,McGee Ck. Lower Sta. Flow,7.8
2026-09-15 03:44:00,Long Valley,Long Valley Elevation,6768.0
2026-09-15 03:44:00,Long Valley,Long Valley Current Outflow,578.1
2026-09-15 03:44:00,Long Valley,Rock Ck. Div. Flow,0.0
2026-09-15 03:44:00,Long Valley,Upper Gorge Total Release,37.2
2026-09-15 03:44:00,Long Valley,Release at Middle Gorge,0.0
2026-09-15 03:44:00,Northern Owens Valley,Rock Ck. At Owens River (PV) Flow,25.1
2026-09-15 03:44:00,Northern Owens Valley,Pleasant Valley Elevation,4383.6
2026-09-15 03:44:00,Northern Owens Valley,Pleasant Valley Outflow,504.9
2026-09-15 03:44:00,Northern Owens Valley,Baker Ck. At LA Station Flow,6.1
2026-09-15 03:44:00,Northern Owens Valley,Big Pine Ck. USGS Flow,21.8
2026-09-15 03:44:00,Northern Owens Valley,O.R. Below Big Pine,473.2
2026-09-15 03:44:00,Northern Owens Valley,Fish Springs At RR Flow,35.4
2026-09-15 03:44:00,Northern Owens Valley,Tinemaha Reservoir Outflow,473.3
2026-09-15 03:44:00,Northern Owens Valley,Bishop Creek Through Plant 6,65.6
2026-09-15 03:44:00,Northern Owens Valley,Bishop Creek Around Plant 6,7.5
2026-09-15 03:44:00,Southern Owens Valley,Tinemaha Reservoir Outflow,473.3
2026-09-15 03:44:00,Southern Owens Valley,Indep. Ck. At Junction Flow,3.2
2026-09-15 03:44:00,Southern Owens Valley,LAA at Alabama Flow,410.0
2026-09-15 03:44:00,Southern Owens Valley,LAA at Alabama Level,7.9
2026-09-15 03:44:00,Southern Owens Valley,LAA at Alabama Water Temp,66.1
2026-09-15 03:44:00,Southern Owens Valley,Cottonwood Ck. At LAA Flow,2.0
2026-09-15 03:44:00,Southern Owens Valley,LAA at Cottonwood Flow,449.0
2026-09-15 03:44:00,Southern Owens Valley,LAA at Cottonwood Level,8.8
2026-09-15 03:44:00,Southern Owens Valley,LAA at Cotton. Water Temp,67.2
2026-09-15 03:44:00,Southern Owens Valley,N. Haiwee Elevation,3756.9
2026-09-15 03:44:00,Southern Owens Valley,S. Haiwee Reservoir Elevation,3728.5
2026-09-15 03:44:00,Southern Owens Valley,Haiwee LAA #1 Current Flow,0.0
2026-09-15 03:44:00,Southern Owens Valley,Haiwee LAA #2 Current Flow,270.2
2026-09-15 03:44:00,Southern Owens Valley,Reinhackel Flow,2.9
2026-09-15 03:44:00,Southern Owens Valley,Lubkin Spillgate Outflow,0.0
2026-09-15 03:44:00,Southern Owens Valley,Cartago Spillgate Outflow,12.2
2026-09-15 03:44:00,Southern Owens Valley,Lone Pine Creek Flow,7.2
2026-09-15 03:44:00,Lower Owens River Project,LORP Intake Flow,80.0
2026-09-15 03:44:00,Lower Owens River Project,LORP at Mazourka Canyon Road,0.0
2026-09-15 03:44:00,Lower Owens River Project,LORP at Reinhackle Springs,63.0
2026-09-15 03:44:00,Lower Owens River Project,LORP Above Pumpstation,50.0
2026-09-15 03:44:00,Lower Owens River Project,LORP At Pump Station Discharge Flow,38.0
2026-09-15 03:44:00,Southern District,Haiwee LAA #2 Current Flow,270.2
2026-09-15 03:44:00,Southern District,S. Haiwee Reservoir Elevation,3728.5
2026-09-15 03:44:00,Southern District,Haiwee LAA #1 Current Flow,0.0
2026-09-15 03:44:00,Southern District,Fairmont Reservoir Elevation,3027.4
2026-09-15 03:44:00,Southern District,LAA #1 Flow at Fairmont Reservoir,137.1
2026-09-15 03:44:00,Southern District,LAA #2 Flow at Fairmont Res.,277.3
2026-09-15 03:44:00,Southern District,Bouquet Reservoir Elevation,2975.2
2026-09-15 03:44:00,Southern District,Bouquet Reservoir Inflow,0.0
2026-09-15 03:44:00,Southern District,Bouquet Reservoir Outflow,0.5
2026-09-15 03:44:00,Southern District,LAA #1 at Soledad Flow,125.5
2026-09-15 03:44:00,Southern District,LAA #2 at Soledad Flow,251.5
2026-09-15 04:28:59,Northern Owens Valley,Tinemaha Elevation,3861.0
2026-09-15 04:28:59,Southern Owens Valley,Tinemaha Elevation,3861.0
2026-09-15 04:44:00,Mono Basin,Lee Vining Intake Above Flow,34.2
2026-09-15 04:44:00,Mono Basin,Lee Vining Intake Below Flow,24.1
2026-09-15 04:44:00,Mono Basin,Mono Lk. Elevation,6381.8
2026-09-15 04:44:00,Mono Basin,Walker Ck. Above Conduit Flow,2.0
2026-09-15 04:44:00,Mono Basin,L.V. Conduit Below Intake Flow,24.9
2026-09-15 04:44:00,Mono Basin,Walker Ck. Under Conduit Flow,2.0
2026-09-15 04:44:00,Mono Basin,Parker Ck. Under Conduit Flow,7.0
2026-09-15 04:44:00,Mono Basin,Parker Ck. Above Conduit Flow,8.0
2026-09-15 04:44:00,Mono Basin,Grant Lk. Spill Flow,0.0
2026-09-15 04:44:00,Mono Basin,Mono Gate 1 Return Ditch Flow,30.2
2026-09-15 04:44:00,Mono Basin,Grant Lk. Elevation,7128.5
2026-09-15 04:44:00,Mono Basin,Grant Lk. Outflow,39.0
2026-09-15 04:44:00,Mono Basin,Rush Ck. at Damsite Flow,21.2
2026-09-15 04:44:00,Mono Basin,Flow to West Portal,10.4
2026-09-15 04:44:00,Long Valley,East Portal Flow,23.0
2026-09-15 04:44:00,Long Valley,OR Below EP Flow,66.0
2026-09-15 04:44:00,Long Valley,Hot Ck.at Hwy. Flow,4.0
2026-09-15 04:44:00,Long Valley,McGee Ck. Lower Sta. Flow,7.8
2026-09-15 04:44:00,Long Valley,Long Valley Elevation,6768.0
2026-09-15 04:44:00,Long Valley,Long Valley Current Outflow,580.1
2026-09-15 04:44:00,Long Valley,Rock Ck. Div. Flow,0.0
2026-09-15 04:44:00,Long Valley,Upper Gorge Total Release,35.1
2026-09-15 04:44:00,Long Valley,Release at Middle Gorge,0.0
2026-09-15 04:44:00,Northern Owens Valley,Rock Ck. At Owens River (PV) Flow,25.1
2026-09-15 04:44:00,Northern Owens Valley,Pleasant Valley Elevation,4383.7
2026-09-15 04:44:00,Northern Owens Valley,Pleasant Valley Outflow,505.9
2026-09-15 04:44:00,Northern Owens Valley,Baker Ck. At LA Station Flow,6.1
2026-09-15 04:44:00,Northern Owens Valley,Big Pine Ck. USGS Flow,21.8
2026-09-15 04:44:00,Northern Owens Valley,O.R. Below Big Pine,473.6
2026-09-15 04:44:00,Northern Owens Valley,Fish Springs At RR Flow,35.4
2026-09-15 04:44:00,Northern Owens Valley,Tinemaha Reservoir Outflow,472.5
2026-09-15 04:44:00,Northern Owens Valley,Bishop Creek Through Plant 6,65.1
2026-09-15 04:44:00,Northern Owens Valley,Bishop Creek Around Plant 6,7.4
2026-09-15 04:44:00,Southern Owens Valley,Tinemaha Reservoir Outflow,472.5
2026-09-15 04:44:00,Southern Owens Valley,Indep. Ck. At Junction Flow,3.2
2026-09-15 04:44:00,Southern Owens Valley,LAA at Alabama Flow,409.0
2026-09-15 04:44:00,Southern Owens Valley,LAA at Alabama Level,7.9
2026-09-15 04:44:00,Southern Owens Valley,LAA at Alabama Water Temp,66.0
2026-09-15 04:44:00,Southern Owens Valley,Cottonwood Ck. At LAA Flow,2.0
2026-09-15 04:44:00,Southern Owens Valley,LAA at Cottonwood Flow,449.0
2026-09-15 04:44:00,Southern Owens Valley,LAA at Cottonwood Level,8.8
2026-09-15 04:44:00,Southern Owens Valley,LAA at Cotton. Water Temp,67.0
2026-09-15 04:44:00,Southern Owens Valley,N. Haiwee Elevation,3756.9
2026-09-15 04:44:00,Southern Owens Valley,S. Haiwee Reservoir Elevation,3728.5
2026-09-15 04:44:00,Southern Owens Valley,Haiwee LAA #1 Current Flow,0.0
2026-09-15 04:44:00,Southern Owens Valley,Haiwee LAA #2 Current Flow,270.2
2026-09-15 04:44:00,Southern Owens Valley,Reinhackel Flow,2.9
2026-09-15 04:44:00,Southern Owens Valley,Lubkin Spillgate Outflow,0.0
2026-09-15 04:44:00,Southern Owens Valley,Cartago Spillgate Outflow,12.7
2026-09-15 04:44:00,Southern Owens Valley,Lone Pine Creek Flow,7.3
2026-09-15 04:44:00,Lower Owens River Project,LORP Intake Flow,80.0
2026-09-15 04:44:00,Lower Owens River Project,LORP at Mazourka Canyon Road,0.0
2026-09-15 04:44:00,Lower Owens River Project,LORP at Reinhackle Springs,63.0
2026-09-15 04:44:00,Lower Owens River Project,LORP Above Pumpstation,49.0
2026-09-15 04:44:00,Lower Owens River Project,LORP At Pump Station Discharge Flow,38.0
2026-09-15 04:44:00,Southern District,Haiwee LAA #2 Current Flow,270.2
2026-09-15 04:44:00,Southern District,S. Haiwee Reservoir Elevation,3728.5
2026-09-15 04:44:00,Southern District,Haiwee LAA #1 Current Flow,0.0
2026-09-15 04:44:00,Southern District,Fairmont Reservoir Elevation,3027.4
2026-09-15 04:44:00,Southern District,LAA #1 Flow at Fairmont Reservoir,137.3
2026-09-15 04:44:00,Southern District,LAA #2 Flow at Fairmont Res.,281.9
2026-09-15 04:44:00,Southern District,Bouquet Reservoir Elevation,2975.2
2026-09-15 04:44:00,Southern District,Bouquet Reservoir Inflow,0.0
2026-09-15 04:44:00,Southern District,Bouquet Reservoir Outflow,0.5
2026-09-15 04:44:00,Southern District,LAA #1 at Soledad Flow,125.5
2026-09-15 04:44:00,Southern District,LAA #2 at Soledad Flow,251.5
2026-09-15 04:58:59,Northern Owens Valley,Tinemaha Elevation,3861.0
2026-09-15 04:58:59,Southern Owens Valley,Tinemaha Elevation,3861.0
2026-09-15 05:28:59,Northern Owens Valley,Tinemaha Elevation,3861.0
2026-09-15 05:28:59,Southern Owens Valley,Tinemaha Elevation,3861.0
2026-09-15 05:44:00,Mono Basin,Lee Vining Intake Above Flow,26.1
2026-09-15 05:44:00,Mono Basin,Lee Vining Intake Below Flow,24.5
2026-09-15 05:44:00,Mono Basin,Walker Ck. Above Conduit Flow,2.0
2026-09-15 05:44:00,Mono Basin,L.V. Conduit Below Intake Flow,4.9
2026-09-15 05:44:00,Mono Basin,Walker Ck. Under Conduit Flow,2.0
2026-09-15 05:44:00,Mono Basin,Parker Ck. Under Conduit Flow,7.0
2026-09-15 05:44:00,Mono Basin,Parker Ck. Above Conduit Flow,8.0
2026-09-15 05:44:00,Mono Basin,Grant Lk. Spill Flow,0.0
2026-09-15 05:44:00,Mono Basin,Mono Gate 1 Return Ditch Flow,30.2
2026-09-15 05:44:00,Mono Basin,Grant Lk. Outflow,38.9
2026-09-15 05:44:00,Mono Basin,Rush Ck. at Damsite Flow,21.2
2026-09-15 05:44:00,Mono Basin,Flow to West Portal,10.4
2026-09-15 05:44:00,Long Valley,East Portal Flow,23.0
2026-09-15 05:44:00,Long Valley,OR Below EP Flow,66.0
2026-09-15 05:44:00,Long Valley,Hot Ck.at Hwy. Flow,4.0
2026-09-15 05:44:00,Long Valley,McGee Ck. Lower Sta. Flow,7.8
2026-09-15 05:44:00,Long Valley,Long Valley Current Outflow,576.1
2026-09-15 05:44:00,Long Valley,Rock Ck. Div. Flow,0.0
2026-09-15 05:44:00,Long Valley,Upper Gorge Total Release,35.0
2026-09-15 05:44:00,Long Valley,Release at Middle Gorge,0.0
2026-09-15 05:44:00,Northern Owens Valley,Rock Ck. At Owens River (PV) Flow,25.3
2026-09-15 05:44:00,Northern Owens Valley,Pleasant Valley Outflow,506.3
2026-09-15 05:44:00,Northern Owens Valley,Baker Ck. At LA Station Flow,6.1
2026-09-15 05:44:00,Northern Owens Valley,Big Pine Ck. USGS Flow,21.8
2026-09-15 05:44:00,Northern Owens Valley,O.R. Below Big Pine,475.1
2026-09-15 05:44:00,Northern Owens Valley,Fish Springs At RR Flow,35.4
2026-09-15 05:44:00,Northern Owens Valley,Tinemaha Reservoir Outflow,472.5
2026-09-15 05:44:00,Northern Owens Valley,Bishop Creek Through Plant 6,65.1
2026-09-15 05:44:00,Northern Owens Valley,Bishop Creek Around Plant 6,7.4
2026-09-15 05:44:00,Southern Owens Valley,Tinemaha Reservoir Outflow,472.5
2026-09-15 05:44:00,Southern Owens Valley,Indep. Ck. At Junction Flow,3.2
2026-09-15 05:44:00,Southern Owens Valley,LAA at Alabama Flow,410.0
2026-09-15 05:44:00,Southern Owens Valley,LAA at Alabama Level,7.9
2026-09-15 05:44:00,Southern Owens Valley,LAA at Alabama Water Temp,65.7
2026-09-15 05:44:00,Southern Owens Valley,Cottonwood Ck. At LAA Flow,2.0
2026-09-15 05:44:00,Southern Owens Valley,LAA at Cottonwood Flow,448.0
2026-09-15 05:44:00,Southern Owens Valley,LAA at Cottonwood Level,8.8
2026-09-15 05:44:00,Southern Owens Valley,LAA at Cotton. Water Temp,67.0
2026-09-15 05:44:00,Southern Owens Valley,Haiwee LAA #1 Current Flow,0.0
2026-09-15 05:44:00,Southern Owens Valley,Haiwee LAA #2 Current Flow,270.2
2026-09-15 05:44:00,Southern Owens Valley,Reinhackel Flow,2.9
2026-09-15 05:44:00,Southern Owens Valley,Lubkin Spillgate Outflow,0.0
2026-09-15 05:44:00,Southern Owens Valley,Cartago Spillgate Outflow,12.2
2026-09-15 05:44:00,Southern Owens Valley,Lone Pine Creek Flow,7.3
2026-09-15 05:44:00,Lower Owens River Project,LORP Intake Flow,80.0
2026-09-15 05:44:00,Lower Owens River Project,LORP at Mazourka Canyon Road,0.0
2026-09-15 05:44:00,Lower Owens River Project,LORP at Reinhackle Springs,63.0
2026-09-15 05:44:00,Lower Owens River Project,LORP Above Pumpstation,60.0
2026-09-15 05:44:00,Lower Owens River Project,LORP At Pump Station Discharge Flow,49.0
2026-09-15 05:44:00,Southern District,Haiwee LAA #2 Current Flow,270.2
2026-09-15 05:44:00,Southern District,Haiwee LAA #1 Current Flow,0.0
2026-09-15 05:44:00,Southern District,LAA #1 Flow at Fairmont Reservoir,136.8
2026-09-15 05:44:00,Southern District,LAA #2 Flow at Fairmont Res.,283.5
2026-09-15 05:44:00,Southern District,Bouquet Reservoir Inflow,0.0
2026-09-15 05:44:00,Southern District,Bouquet Reservoir Outflow,0.5
2026-09-15 05:44:00,Southern District,LAA #1 at Soledad Flow,125.5
2026-09-15 05:44:00,Southern District,LAA #2 at Soledad Flow,251.5
2026-09-15 05:44:01,Mono Basin,Mono Lk. Elevation,6381.8
2026-09-15 05:44:01,Mono Basin,Grant Lk. Elevation,7128.5
2026-09-15 05:44:01,Long Valley,Long Valley Elevation,6767.9
2026-09-15 05:44:01,Northern Owens Valley,Pleasant Valley Elevation,4383.8
2026-09-15 05:44:01,Southern Owens Valley,N. Haiwee Elevation,3756.9
2026-09-15 05:44:01,Southern Owens Valley,S. Haiwee Reservoir Elevation,3728.5
2026-09-15 05:44:01,Southern District,S. Haiwee Reservoir Elevation,3728.5
2026-09-15 05:44:01,Southern District,Fairmont Reservoir Elevation,3027.5
2026-09-15 05:44:01,Southern District,Bouquet Reservoir Elevation,2975.2
2026-09-15 05:58:59,Northern Owens Valley,Tinemaha Elevation,3861.0
2026-09-15 05:58:59,Southern Owens Valley,Tinemaha Elevation,3861.0
2026-09-15 06:29:00,Northern Owens Valley,Tinemaha Elevation,3861.0
2026-09-15 06:29:00,Southern Owens Valley,Tinemaha Elevation,3861.0
2026-09-15 06:43:59,Mono Basin,Lee Vining Intake Above Flow,26.1
2026-09-15 06:43:59,Mono Basin,Lee Vining Intake Below Flow,24.5
2026-09-15 06:43:59,Mono Basin,Walker Ck. Above Conduit Flow,2.0
2026-09-15 06:43:59,Mono Basin,L.V. Conduit Below Intake Flow,4.9
2026-09-15 06:43:59,Mono Basin,Walker Ck. Under Conduit Flow,2.0
2026-09-15 06:43:59,Mono Basin,Parker Ck. Under Conduit Flow,7.0
2026-09-15 06:43:59,Mono Basin,Parker Ck. Above Conduit Flow,8.0
2026-09-15 06:43:59,Mono Basin,Grant Lk. Outflow,39.1
2026-09-15 06:43:59,Mono Basin,Rush Ck. at Damsite Flow,21.3
2026-09-15 06:43:59,Long Valley,OR Below EP Flow,66.0
2026-09-15 06:43:59,Long Valley,Hot Ck.at Hwy. Flow,4.0
2026-09-15 06:43:59,Long Valley,McGee Ck. Lower Sta. Flow,7.9
2026-09-15 06:43:59,Long Valley,Long Valley Current Outflow,576.4
2026-09-15 06:43:59,Long Valley,Rock Ck. Div. Flow,0.0
2026-09-15 06:43:59,Long Valley,Upper Gorge Total Release,36.0
2026-09-15 06:43:59,Long Valley,Release at Middle Gorge,0.0
2026-09-15 06:43:59,Northern Owens Valley,Rock Ck. At Owens River (PV) Flow,25.5
2026-09-15 06:43:59,Northern Owens Valley,Pleasant Valley Outflow,507.0
2026-09-15 06:43:59,Northern Owens Valley,Baker Ck. At LA Station Flow,6.1
2026-09-15 06:43:59,Northern Owens Valley,Big Pine Ck. USGS Flow,22.1
2026-09-15 06:43:59,Northern Owens Valley,O.R. Below Big Pine,475.3
2026-09-15 06:43:59,Northern Owens Valley,Fish Springs At RR Flow,35.8
2026-09-15 06:43:59,Northern Owens Valley,Tinemaha Reservoir Outflow,473.3
2026-09-15 06:43:59,Northern Owens Valley,Bishop Creek Through Plant 6,67.1
2026-09-15 06:43:59,Northern Owens Valley,Bishop Creek Around Plant 6,7.4
2026-09-15 06:43:59,Southern Owens Valley,Tinemaha Reservoir Outflow,473.3
2026-09-15 06:43:59,Southern Owens Valley,Indep. Ck. At Junction Flow,3.5
2026-09-15 06:43:59,Southern Owens Valley,LAA at Alabama Flow,410.0
2026-09-15 06:43:59,Southern Owens Valley,Cottonwood Ck. At LAA Flow,2.0
2026-09-15 06:43:59,Southern Owens Valley,LAA at Cottonwood Flow,448.0
2026-09-15 06:43:59,Southern Owens Valley,Haiwee LAA #1 Current Flow,0.0
2026-09-15 06:43:59,Southern Owens Valley,Haiwee LAA #2 Current Flow,269.0
2026-09-15 06:43:59,Southern Owens Valley,Reinhackel Flow,2.9
2026-09-15 06:43:59,Southern Owens Valley,Lubkin Spillgate Outflow,0.0
2026-09-15 06:43:59,Southern Owens Valley,Cartago Spillgate Outflow,12.2
2026-09-15 06:43:59,Southern Owens Valley,Lone Pine Creek Flow,7.3
2026-09-15 06:43:59,Lower Owens River Project,LORP Intake Flow,80.0
2026-09-15 06:43:59,Lower Owens River Project,LORP at Mazourka Canyon Road,0.0
2026-09-15 06:43:59,Lower Owens River Project,LORP at Reinhackle Springs,63.0
2026-09-15 06:43:59,Lower Owens River Project,LORP Above Pumpstation,49.0
2026-09-15 06:43:59,Lower Owens River Project,LORP At Pump Station Discharge Flow,37.0
2026-09-15 06:43:59,Southern District,Haiwee LAA #2 Current Flow,269.0
2026-09-15 06:43:59,Southern District,Haiwee LAA #1 Current Flow,0.0
2026-09-15 06:44:00,Mono Basin,Mono Lk. Elevation,6381.8
2026-09-15 06:44:00,Mono Basin,Grant Lk. Spill Flow,0.0
2026-09-15 06:44:00,Mono Basin,Mono Gate 1 Return Ditch Flow,30.5
2026-09-15 06:44:00,Mono Basin,Grant Lk. Elevation,7128.5
2026-09-15 06:44:00,Mono Basin,Flow to West Portal,10.4
2026-09-15 06:44:00,Long Valley,East Portal Flow,23.0
2026-09-15 06:44:00,Long Valley,Long Valley Elevation,6767.9
2026-09-15 06:44:00,Northern Owens Valley,Pleasant Valley Elevation,4383.9
2026-09-15 06:44:00,Southern Owens Valley,LAA at Alabama Level,7.9
2026-09-15 06:44:00,Southern Owens Valley,LAA at Alabama Water Temp,65.3
2026-09-15 06:44:00,Southern Owens Valley,LAA at Cottonwood Level,8.8
2026-09-15 06:44:00,Southern Owens Valley,LAA at Cotton. Water Temp,67.0
2026-09-15 06:44:00,Southern Owens Valley,N. Haiwee Elevation,3756.9
2026-09-15 06:44:00,Southern Owens Valley,S. Haiwee Reservoir Elevation,3728.5
2026-09-15 06:44:00,Southern District,S. Haiwee Reservoir Elevation,3728.5
2026-09-15 06:44:00,Southern District,Fairmont Reservoir Elevation,3027.5
2026-09-15 06:44:00,Southern District,LAA #1 Flow at Fairmont Reservoir,136.5
2026-09-15 06:44:00,Southern District,LAA #2 Flow at Fairmont Res.,284.7
2026-09-15 06:44:00,Southern District,Bouquet Reservoir Elevation,2975.2
2026-09-15 06:44:00,Southern District,Bouquet Reservoir Inflow,0.0
2026-09-15 06:44:00,Southern District,Bouquet Reservoir Outflow,0.7
2026-09-15 06:44:00,Southern District,LAA #1 at Soledad Flow,125.5
2026-09-15 06:44:00,Southern District,LAA #2 at Soledad Flow,250.2
2026-09-15 06:58:59,Northern Owens Valley,Tinemaha Elevation,3861.0
2026-09-15 06:58:59,Southern Owens Valley,Tinemaha Elevation,3861.0
2026-09-15 07:28:59,Northern Owens Valley,Tinemaha Elevation,3861.0
2026-09-15 07:28:59,Southern Owens Valley,Tinemaha Elevation,3861.0
2026-09-15 07:44:00,Mono Basin,Lee Vining Intake Above Flow,26.1
2026-09-15 07:44:00,Mono Basin,Lee Vining Intake Below Flow,24.5
2026-09-15 07:44:00,Mono Basin,Mono Lk. Elevation,6381.8
2026-09-15 07:44:00,Mono Basin,Walker Ck. Above Conduit Flow,2.0
2026-09-15 07:44:00,Mono Basin,L.V. Conduit Below Intake Flow,4.9
2026-09-15 07:44:00,Mono Basin,Walker Ck. Under Conduit Flow,2.0
2026-09-15 07:44:00,Mono Basin,Parker Ck. Under Conduit Flow,7.0
2026-09-15 07:44:00,Mono Basin,Parker Ck. Above Conduit Flow,8.0
2026-09-15 07:44:00,Mono Basin,Grant Lk. Spill Flow,0.0
2026-09-15 07:44:00,Mono Basin,Mono Gate 1 Return Ditch Flow,30.4
2026-09-15 07:44:00,Mono Basin,Grant Lk. Elevation,7128.5
2026-09-15 07:44:00,Mono Basin,Grant Lk. Outflow,38.8
2026-09-15 07:44:00,Mono Basin,Rush Ck. at Damsite Flow,21.3
2026-09-15 07:44:00,Mono Basin,Flow to West Portal,10.4
2026-09-15 07:44:00,Long Valley,East Portal Flow,23.0
2026-09-15 07:44:00,Long Valley,OR Below EP Flow,66.0
2026-09-15 07:44:00,Long Valley,Hot Ck.at Hwy. Flow,4.0
2026-09-15 07:44:00,Long Valley,McGee Ck. Lower Sta. Flow,7.9
2026-09-15 07:44:00,Long Valley,Long Valley Elevation,6767.9
2026-09-15 07:44:00,Long Valley,Long Valley Current Outflow,580.6
2026-09-15 07:44:00,Long Valley,Rock Ck. Div. Flow,0.0
2026-09-15 07:44:00,Long Valley,Upper Gorge Total Release,35.0
2026-09-15 07:44:00,Long Valley,Release at Middle Gorge,0.0
2026-09-15 07:44:00,Northern Owens Valley,Rock Ck. At Owens River (PV) Flow,25.5
2026-09-15 07:44:00,Northern Owens Valley,Pleasant Valley Elevation,4384.1
2026-09-15 07:44:00,Northern Owens Valley,Pleasant Valley Outflow,507.0
2026-09-15 07:44:00,Northern Owens Valley,Baker Ck. At LA Station Flow,6.1
2026-09-15 07:44:00,Northern Owens Valley,Big Pine Ck. USGS Flow,22.1
2026-09-15 07:44:00,Northern Owens Valley,O.R. Below Big Pine,475.7
2026-09-15 07:44:00,Northern Owens Valley,Fish Springs At RR Flow,35.8
2026-09-15 07:44:00,Northern Owens Valley,Tinemaha Reservoir Outflow,441.8
2026-09-15 07:44:00,Northern Owens Valley,Bishop Creek Through Plant 6,67.1
2026-09-15 07:44:00,Northern Owens Valley,Bishop Creek Around Plant 6,7.4
2026-09-15 07:44:00,Southern Owens Valley,Tinemaha Reservoir Outflow,441.8
2026-09-15 07:44:00,Southern Owens Valley,Indep. Ck. At Junction Flow,3.5
2026-09-15 07:44:00,Southern Owens Valley,LAA at Alabama Flow,410.0
2026-09-15 07:44:00,Southern Owens Valley,LAA at Alabama Level,7.9
2026-09-15 07:44:00,Southern Owens Valley,LAA at Alabama Water Temp,64.8
2026-09-15 07:44:00,Southern Owens Valley,Cottonwood Ck. At LAA Flow,2.0
2026-09-15 07:44:00,Southern Owens Valley,LAA at Cottonwood Flow,448.0
2026-09-15 07:44:00,Southern Owens Valley,LAA at Cottonwood Level,8.8
2026-09-15 07:44:00,Southern Owens Valley,LAA at Cotton. Water Temp,66.9
2026-09-15 07:44:00,Southern Owens Valley,N. Haiwee Elevation,3756.9
2026-09-15 07:44:00,Southern Owens Valley,S. Haiwee Reservoir Elevation,3728.5
2026-09-15 07:44:00,Southern Owens Valley,Haiwee LAA #1 Current Flow,0.0
2026-09-15 07:44:00,Southern Owens Valley,Haiwee LAA #2 Current Flow,269.0
2026-09-15 07:44:00,Southern Owens Valley,Reinhackel Flow,2.9
2026-09-15 07:44:00,Southern Owens Valley,Lubkin Spillgate Outflow,0.0
2026-09-15 07:44:00,Southern Owens Valley,Cartago Spillgate Outflow,13.5
2026-09-15 07:44:00,Southern Owens Valley,Lone Pine Creek Flow,7.5
2026-09-15 07:44:00,Lower Owens River Project,LORP Intake Flow,81.0
2026-09-15 07:44:00,Lower Owens River Project,LORP at Mazourka Canyon Road,0.0
2026-09-15 07:44:00,Lower Owens River Project,LORP at Reinhackle Springs,60.0
2026-09-15 07:44:00,Lower Owens River Project,LORP Above Pumpstation,49.0
2026-09-15 07:44:00,Lower Owens River Project,LORP At Pump Station Discharge Flow,38.0
2026-09-15 07:44:00,Southern District,Haiwee LAA #2 Current Flow,269.0
2026-09-15 07:44:00,Southern District,S. Haiwee Reservoir Elevation,3728.5
2026-09-15 07:44:00,Southern District,Haiwee LAA #1 Current Flow,0.0
2026-09-15 07:44:00,Southern District,Fairmont Reservoir Elevation,3027.5
2026-09-15 07:44:00,Southern District,LAA #1 Flow at Fairmont Reservoir,136.2
2026-09-15 07:44:00,Southern District,LAA #2 Flow at Fairmont Res.,285.6
2026-09-15 07:44:00,Southern District,Bouquet Reservoir Elevation,2975.2
2026-09-15 07:44:00,Southern District,Bouquet Reservoir Inflow,0.0
2026-09-15 07:44:00,Southern District,Bouquet Reservoir Outflow,0.7
2026-09-15 07:44:00,Southern District,LAA #1 at Soledad Flow,128.1
2026-09-15 07:44:00,Southern District,LAA #2 at Soledad Flow,249.7
2026-09-15 07:58:59,Northern Owens Valley,Tinemaha Elevation,3861.0
2026-09-15 07:58:59,Southern Owens Valley,Tinemaha Elevation,3861.0
2026-09-15 08:28:59,Northern Owens Valley,Tinemaha Elevation,3861.0
2026-09-15 08:28:59,Southern Owens Valley,Tinemaha Elevation,3861.0
2026-09-15 08:44:00,Mono Basin,Lee Vining Intake Above Flow,26.1
2026-09-15 08:44:00,Mono Basin,Lee Vining Intake Below Flow,24.5
2026-09-15 08:44:00,Mono Basin,Mono Lk. Elevation,6381.8
2026-09-15 08:44:00,Mono Basin,Walker Ck. Above Conduit Flow,2.0
2026-09-15 08:44:00,Mono Basin,L.V. Conduit Below Intake Flow,4.9
2026-09-15 08:44:00,Mono Basin,Walker Ck. Under Conduit Flow,2.0
2026-09-15 08:44:00,Mono Basin,Parker Ck. Under Conduit Flow,7.0
2026-09-15 08:44:00,Mono Basin,Parker Ck. Above Conduit Flow,8.0
2026-09-15 08:44:00,Mono Basin,Grant Lk. Spill Flow,0.0
2026-09-15 08:44:00,Mono Basin,Mono Gate 1 Return Ditch Flow,30.4
2026-09-15 08:44:00,Mono Basin,Grant Lk. Elevation,7128.5
2026-09-15 08:44:00,Mono Basin,Grant Lk. Outflow,39.0
2026-09-15 08:44:00,Mono Basin,Rush Ck. at Damsite Flow,21.3
2026-09-15 08:44:00,Mono Basin,Flow to West Portal,9.4
2026-09-15 08:44:00,Long Valley,East Portal Flow,23.0
2026-09-15 08:44:00,Long Valley,OR Below EP Flow,66.0
2026-09-15 08:44:00,Long Valley,Hot Ck.at Hwy. Flow,4.0
2026-09-15 08:44:00,Long Valley,McGee Ck. Lower Sta. Flow,7.9
2026-09-15 08:44:00,Long Valley,Long Valley Elevation,6767.9
2026-09-15 08:44:00,Long Valley,Long Valley Current Outflow,579.5
2026-09-15 08:44:00,Long Valley,Rock Ck. Div. Flow,0.0
2026-09-15 08:44:00,Long Valley,Upper Gorge Total Release,36.2
2026-09-15 08:44:00,Long Valley,Release at Middle Gorge,0.0
2026-09-15 08:44:00,Northern Owens Valley,Rock Ck. At Owens River (PV) Flow,25.6
2026-09-15 08:44:00,Northern Owens Valley,Pleasant Valley Elevation,4384.1
2026-09-15 08:44:00,Northern Owens Valley,Pleasant Valley Outflow,507.4
2026-09-15 08:44:00,Northern Owens Valley,Baker Ck. At LA Station Flow,6.1
2026-09-15 08:44:00,Northern Owens Valley,Big Pine Ck. USGS Flow,22.3
2026-09-15 08:44:00,Northern Owens Valley,O.R. Below Big Pine,476.8
2026-09-15 08:44:00,Northern Owens Valley,Fish Springs At RR Flow,35.8
2026-09-15 08:44:00,Northern Owens Valley,Tinemaha Reservoir Outflow,427.2
2026-09-15 08:44:00,Northern Owens Valley,Bishop Creek Through Plant 6,65.2
2026-09-15 08:44:00,Northern Owens Valley,Bishop Creek Around Plant 6,7.0
2026-09-15 08:44:00,Southern Owens Valley,Tinemaha Reservoir Outflow,427.2
2026-09-15 08:44:00,Southern Owens Valley,Indep. Ck. At Junction Flow,3.5
2026-09-15 08:44:00,Southern Owens Valley,LAA at Alabama Flow,411.0
2026-09-15 08:44:00,Southern Owens Valley,LAA at Alabama Level,7.9
2026-09-15 08:44:00,Southern Owens Valley,LAA at Alabama Water Temp,64.4
2026-09-15 08:44:00,Southern Owens Valley,Cottonwood Ck. At LAA Flow,2.0
2026-09-15 08:44:00,Southern Owens Valley,LAA at Cottonwood Flow,448.0
2026-09-15 08:44:00,Southern Owens Valley,LAA at Cottonwood Level,8.8
2026-09-15 08:44:00,Southern Owens Valley,LAA at Cotton. Water Temp,66.8
2026-09-15 08:44:00,Southern Owens Valley,N. Haiwee Elevation,3756.9
2026-09-15 08:44:00,Southern Owens Valley,S. Haiwee Reservoir Elevation,3728.5
2026-09-15 08:44:00,Southern Owens Valley,Haiwee LAA #1 Current Flow,0.0
2026-09-15 08:44:00,Southern Owens Valley,Haiwee LAA #2 Current Flow,269.3
2026-09-15 08:44:00,Southern Owens Valley,Reinhackel Flow,2.9
2026-09-15 08:44:00,Southern Owens Valley,Lubkin Spillgate Outflow,0.0
2026-09-15 08:44:00,Southern Owens Valley,Cartago Spillgate Outflow,16.1
2026-09-15 08:44:00,Southern Owens Valley,Lone Pine Creek Flow,7.4
2026-09-15 08:44:00,Lower Owens River Project,LORP Intake Flow,81.0
2026-09-15 08:44:00,Lower Owens River Project,LORP at Mazourka Canyon Road,0.0
2026-09-15 08:44:00,Lower Owens River Project,LORP at Reinhackle Springs,61.0
2026-09-15 08:44:00,Lower Owens River Project,LORP Above Pumpstation,50.0
2026-09-15 08:44:00,Lower Owens River Project,LORP At Pump Station Discharge Flow,38.0
2026-09-15 08:44:00,Southern District,Haiwee LAA #2 Current Flow,269.3
2026-09-15 08:44:00,Southern District,S. Haiwee Reservoir Elevation,3728.5
2026-09-15 08:44:00,Southern District,Haiwee LAA #1 Current Flow,0.0
2026-09-15 08:44:00,Southern District,Fairmont Reservoir Elevation,3027.6
2026-09-15 08:44:00,Southern District,LAA #1 Flow at Fairmont Reservoir,136.0
2026-09-15 08:44:00,Southern District,LAA #2 Flow at Fairmont Res.,286.3
2026-09-15 08:44:00,Southern District,Bouquet Reservoir Elevation,2975.2
2026-09-15 08:44:00,Southern District,Bouquet Reservoir Inflow,0.0
2026-09-15 08:44:00,Southern District,Bouquet Reservoir Outflow,0.7
2026-09-15 08:44:00,Southern District,LAA #1 at Soledad Flow,128.1
2026-09-15 08:44:00,Southern District,LAA #2 at Soledad Flow,249.7
2026-09-15 08:58:59,Northern Owens Valley,Tinemaha Elevation,3861.0
2026-09-15 08:58:59,Southern Owens Valley,Tinemaha Elevation,3861.0
2026-09-15 09:28:59,Northern Owens Valley,Tinemaha Elevation,3861.0
2026-09-15 09:28:59,Southern Owens Valley,Tinemaha Elevation,3861.0
2026-09-15 09:44:00,Mono Basin,Lee Vining Intake Above Flow,26.1
2026-09-15 09:44:00,Mono Basin,Lee Vining Intake Below Flow,24.5
2026-09-15 09:44:00,Mono Basin,Walker Ck. Above Conduit Flow,2.0
2026-09-15 09:44:00,Mono Basin,L.V. Conduit Below Intake Flow,4.9
2026-09-15 09:44:00,Mono Basin,Walker Ck. Under Conduit Flow,2.0
2026-09-15 09:44:00,Mono Basin,Parker Ck. Under Conduit Flow,7.0
2026-09-15 09:44:00,Mono Basin,Parker Ck. Above Conduit Flow,8.0
2026-09-15 09:44:00,Mono Basin,Grant Lk. Spill Flow,0.0
2026-09-15 09:44:00,Mono Basin,Mono Gate 1 Return Ditch Flow,30.2
2026-09-15 09:44:00,Mono Basin,Grant Lk. Outflow,39.0
2026-09-15 09:44:00,Mono Basin,Rush Ck. at Damsite Flow,21.3
2026-09-15 09:44:00,Mono Basin,Flow to West Portal,9.4
2026-09-15 09:44:00,Long Valley,East Portal Flow,23.0
2026-09-15 09:44:00,Long Valley,OR Below EP Flow,66.0
2026-09-15 09:44:00,Long Valley,Hot Ck.at Hwy. Flow,4.0
2026-09-15 09:44:00,Long Valley,McGee Ck. Lower Sta. Flow,7.9
2026-09-15 09:44:00,Long Valley,Long Valley Current Outflow,578.4
2026-09-15 09:44:00,Long Valley,Rock Ck. Div. Flow,0.0
2026-09-15 09:44:00,Long Valley,Upper Gorge Total Release,35.6
2026-09-15 09:44:00,Long Valley,Release at Middle Gorge,0.0
2026-09-15 09:44:00,Northern Owens Valley,Rock Ck. At Owens River (PV) Flow,25.6
2026-09-15 09:44:00,Northern Owens Valley,Pleasant Valley Outflow,507.9
2026-09-15 09:44:00,Northern Owens Valley,Baker Ck. At LA Station Flow,6.1
2026-09-15 09:44:00,Northern Owens Valley,Big Pine Ck. USGS Flow,22.3
2026-09-15 09:44:00,Northern Owens Valley,O.R. Below Big Pine,477.5
2026-09-15 09:44:00,Northern Owens Valley,Fish Springs At RR Flow,35.8
2026-09-15 09:44:00,Northern Owens Valley,Tinemaha Reservoir Outflow,429.2
2026-09-15 09:44:00,Northern Owens Valley,Bishop Creek Through Plant 6,65.2
2026-09-15 09:44:00,Northern Owens Valley,Bishop Creek Around Plant 6,7.0
2026-09-15 09:44:00,Southern Owens Valley,Tinemaha Reservoir Outflow,429.2
2026-09-15 09:44:00,Southern Owens Valley,Indep. Ck. At Junction Flow,3.5
2026-09-15 09:44:00,Southern Owens Valley,LAA at Alabama Flow,411.0
2026-09-15 09:44:00,Southern Owens Valley,Cottonwood Ck. At LAA Flow,2.0
2026-09-15 09:44:00,Southern Owens Valley,LAA at Cottonwood Flow,447.0
2026-09-15 09:44:00,Southern Owens Valley,Haiwee LAA #1 Current Flow,0.0
2026-09-15 09:44:00,Southern Owens Valley,Haiwee LAA #2 Current Flow,269.3
2026-09-15 09:44:00,Southern Owens Valley,Reinhackel Flow,2.9
2026-09-15 09:44:00,Southern Owens Valley,Lubkin Spillgate Outflow,0.0
2026-09-15 09:44:00,Southern Owens Valley,Cartago Spillgate Outflow,13.0
2026-09-15 09:44:00,Southern Owens Valley,Lone Pine Creek Flow,7.5
2026-09-15 09:44:00,Lower Owens River Project,LORP Intake Flow,81.0
2026-09-15 09:44:00,Lower Owens River Project,LORP at Mazourka Canyon Road,0.0
2026-09-15 09:44:00,Lower Owens River Project,LORP at Reinhackle Springs,61.0
2026-09-15 09:44:00,Lower Owens River Project,LORP Above Pumpstation,49.0
2026-09-15 09:44:00,Lower Owens River Project,LORP At Pump Station Discharge Flow,37.0
2026-09-15 09:44:00,Southern District,Haiwee LAA #2 Current Flow,269.3
2026-09-15 09:44:00,Southern District,Haiwee LAA #1 Current Flow,0.0
2026-09-15 09:44:00,Southern District,LAA #1 Flow at Fairmont Reservoir,136.7
2026-09-15 09:44:00,Southern District,LAA #2 Flow at Fairmont Res.,286.9
2026-09-15 09:44:00,Southern District,Bouquet Reservoir Inflow,0.0
2026-09-15 09:44:00,Southern District,Bouquet Reservoir Outflow,0.7
2026-09-15 09:44:00,Southern District,LAA #1 at Soledad Flow,143.8
2026-09-15 09:44:00,Southern District,LAA #2 at Soledad Flow,249.7
2026-09-15 09:44:01,Mono Basin,Mono Lk. Elevation,6381.8
2026-09-15 09:44:01,Mono Basin,Grant Lk. Elevation,7128.5
2026-09-15 09:44:01,Long Valley,Long Valley Elevation,6767.9
2026-09-15 09:44:01,Northern Owens Valley,Pleasant Valley Elevation,4384.2
2026-09-15 09:44:01,Southern Owens Valley,LAA at Alabama Level,7.9
2026-09-15 09:44:01,Southern Owens Valley,LAA at Alabama Water Temp,64.4
2026-09-15 09:44:01,Southern Owens Valley,LAA at Cottonwood Level,8.8
2026-09-15 09:44:01,Southern Owens Valley,LAA at Cotton. Water Temp,66.9
2026-09-15 09:44:01,Southern Owens Valley,N. Haiwee Elevation,3756.9
2026-09-15 09:44:01,Southern Owens Valley,S. Haiwee Reservoir Elevation,3728.5
2026-09-15 09:44:01,Southern District,S. Haiwee Reservoir Elevation,3728.5
2026-09-15 09:44:01,Southern District,Fairmont Reservoir Elevation,3027.5
2026-09-15 09:44:01,Southern District,Bouquet Reservoir Elevation,2975.2
2026-09-15 09:58:59,Northern Owens Valley,Tinemaha Elevation,3861.0
2026-09-15 09:58:59,Southern Owens Valley,Tinemaha Elevation,3861.0
2026-09-15 10:14:00,Mono Basin,Lee Vining Intake Above Flow,26.1
2026-09-15 10:14:00,Mono Basin,Lee Vining Intake Below Flow,24.5
2026-09-15 10:14:00,Mono Basin,Mono Lk. Elevation,6381.8
2026-09-15 10:14:00,Mono Basin,Walker Ck. Above Conduit Flow,2.0
2026-09-15 10:14:00,Mono Basin,L.V. Conduit Below Intake Flow,4.9
2026-09-15 10:14:00,Mono Basin,Walker Ck. Under Conduit Flow,2.0
2026-09-15 10:14:00,Mono Basin,Parker Ck. Under Conduit Flow,7.0
2026-09-15 10:14:00,Mono Basin,Parker Ck. Above Conduit Flow,8.0
2026-09-15 10:14:00,Mono Basin,Grant Lk. Spill Flow,0.0
2026-09-15 10:14:00,Mono Basin,Mono Gate 1 Return Ditch Flow,30.2
2026-09-15 10:14:00,Mono Basin,Grant Lk. Elevation,7128.5
2026-09-15 10:14:00,Mono Basin,Grant Lk. Outflow,39.0
2026-09-15 10:14:00,Mono Basin,Rush Ck. at Damsite Flow,21.3
2026-09-15 10:14:00,Mono Basin,Flow to West Portal,9.4
2026-09-15 10:14:00,Long Valley,East Portal Flow,23.0
2026-09-15 10:14:00,Long Valley,OR Below EP Flow,66.0
2026-09-15 10:14:00,Long Valley,Hot Ck.at Hwy. Flow,4.0
2026-09-15 10:14:00,Long Valley,McGee Ck. Lower Sta. Flow,7.9
2026-09-15 10:14:00,Long Valley,Long Valley Elevation,6767.9
2026-09-15 10:14:00,Long Valley,Long Valley Current Outflow,576.3
2026-09-15 10:14:00,Long Valley,Rock Ck. Div. Flow,0.0
2026-09-15 10:14:00,Long Valley,Upper Gorge Total Release,35.4
2026-09-15 10:14:00,Long Valley,Release at Middle Gorge,0.0
2026-09-15 10:14:00,Northern Owens Valley,Rock Ck. At Owens River (PV) Flow,25.6
2026-09-15 10:14:00,Northern Owens Valley,Pleasant Valley Elevation,4384.3
2026-09-15 10:14:00,Northern Owens Valley,Pleasant Valley Outflow,508.2
2026-09-15 10:14:00,Northern Owens Valley,Baker Ck. At LA Station Flow,6.1
2026-09-15 10:14:00,Northern Owens Valley,Big Pine Ck. USGS Flow,22.3
2026-09-15 10:14:00,Northern Owens Valley,O.R. Below Big Pine,476.9
2026-09-15 10:14:00,Northern Owens Valley,Fish Springs At RR Flow,35.8
2026-09-15 10:14:00,Northern Owens Valley,Tinemaha Reservoir Outflow,428.4
2026-09-15 10:14:00,Northern Owens Valley,Bishop Creek Through Plant 6,65.2
2026-09-15 10:14:00,Northern Owens Valley,Bishop Creek Around Plant 6,7.0
2026-09-15 10:14:00,Southern Owens Valley,Tinemaha Reservoir Outflow,428.4
2026-09-15 10:14:00,Southern Owens Valley,Indep. Ck. At Junction Flow,3.5
2026-09-15 10:14:00,Southern Owens Valley,LAA at Alabama Flow,415.0
2026-09-15 10:14:00,Southern Owens Valley,LAA at Alabama Level,8.0
2026-09-15 10:14:00,Southern Owens Valley,LAA at Alabama Water Temp,64.7
2026-09-15 10:14:00,Southern Owens Valley,Cottonwood Ck. At LAA Flow,2.0
2026-09-15 10:14:00,Southern Owens Valley,LAA at Cottonwood Flow,446.0
2026-09-15 10:14:00,Southern Owens Valley,LAA at Cottonwood Level,8.8
2026-09-15 10:14:00,Southern Owens Valley,LAA at Cotton. Water Temp,66.9
2026-09-15 10:14:00,Southern Owens Valley,N. Haiwee Elevation,3756.9
2026-09-15 10:14:00,Southern Owens Valley,S. Haiwee Reservoir Elevation,3728.5
2026-09-15 10:14:00,Southern Owens Valley,Haiwee LAA #1 Current Flow,0.0
2026-09-15 10:14:00,Southern Owens Valley,Haiwee LAA #2 Current Flow,269.5
2026-09-15 10:14:00,Southern Owens Valley,Reinhackel Flow,2.9
2026-09-15 10:14:00,Southern Owens Valley,Lubkin Spillgate Outflow,0.0
2026-09-15 10:14:00,Southern Owens Valley,Cartago Spillgate Outflow,12.0
2026-09-15 10:14:00,Southern Owens Valley,Lone Pine Creek Flow,7.6
2026-09-15 10:14:00,Lower Owens River Project,LORP Intake Flow,81.0
2026-09-15 10:14:00,Lower Owens River Project,LORP at Mazourka Canyon Road,0.0
2026-09-15 10:14:00,Lower Owens River Project,LORP at Reinhackle Springs,61.0
2026-09-15 10:14:00,Lower Owens River Project,LORP Above Pumpstation,48.0
2026-09-15 10:14:00,Lower Owens River Project,LORP At Pump Station Discharge Flow,37.0
2026-09-15 10:14:00,Southern District,Haiwee LAA #2 Current Flow,269.5
2026-09-15 10:14:00,Southern District,S. Haiwee Reservoir Elevation,3728.5
2026-09-15 10:14:00,Southern District,Haiwee LAA #1 Current Flow,0.0
2026-09-15 10:14:00,Southern District,Fairmont Reservoir Elevation,3027.4
2026-09-15 10:14:00,Southern District,LAA #1 Flow at Fairmont Reservoir,135.1
2026-09-15 10:14:00,Southern District,LAA #2 Flow at Fairmont Res.,287.4
2026-09-15 10:14:00,Southern District,Bouquet Reservoir Elevation,2975.2
2026-09-15 10:14:00,Southern District,Bouquet Reservoir Inflow,0.0
2026-09-15 10:14:00,Southern District,Bouquet Reservoir Outflow,0.7
2026-09-15 10:14:00,Southern District,LAA #1 at Soledad Flow,163.4
2026-09-15 10:14:00,Southern District,LAA #2 at Soledad Flow,249.7
2026-09-15 10:28:59,Mono Basin,Lee Vining Intake Above Flow,26.1
2026-09-15 10:28:59,Mono Basin,Lee Vining Intake Below Flow,24.5
2026-09-15 10:28:59,Mono Basin,Walker Ck. Above Conduit Flow,2.0
2026-09-15 10:28:59,Mono Basin,L.V. Conduit Below Intake Flow,4.9
2026-09-15 10:28:59,Mono Basin,Walker Ck. Under Conduit Flow,2.0
2026-09-15 10:28:59,Mono Basin,Parker Ck. Under Conduit Flow,7.0
2026-09-15 10:28:59,Mono Basin,Parker Ck. Above Conduit Flow,8.0
2026-09-15 10:28:59,Mono Basin,Grant Lk. Spill Flow,0.0
2026-09-15 10:28:59,Mono Basin,Mono Gate 1 Return Ditch Flow,30.2
2026-09-15 10:28:59,Mono Basin,Grant Lk. Outflow,39.0
2026-09-15 10:28:59,Mono Basin,Rush Ck. at Damsite Flow,21.3
2026-09-15 10:28:59,Mono Basin,Flow to West Portal,9.4
2026-09-15 10:28:59,Long Valley,East Portal Flow,23.0
2026-09-15 10:28:59,Long Valley,OR Below EP Flow,66.0
2026-09-15 10:28:59,Long Valley,Hot Ck.at Hwy. Flow,4.0
2026-09-15 10:28:59,Long Valley,McGee Ck. Lower Sta. Flow,7.9
2026-09-15 10:28:59,Long Valley,Long Valley Current Outflow,578.9
2026-09-15 10:28:59,Long Valley,Rock Ck. Div. Flow,0.0
2026-09-15 10:28:59,Long Valley,Upper Gorge Total Release,36.4
2026-09-15 10:28:59,Long Valley,Release at Middle Gorge,0.0
2026-09-15 10:28:59,Northern Owens Valley,Rock Ck. At Owens River (PV) Flow,25.6
2026-09-15 10:28:59,Northern Owens Valley,Pleasant Valley Outflow,507.9
2026-09-15 10:28:59,Northern Owens Valley,Baker Ck. At LA Station Flow,6.1
2026-09-15 10:28:59,Northern Owens Valley,Big Pine Ck. USGS Flow,22.3
2026-09-15 10:28:59,Northern Owens Valley,O.R. Below Big Pine,476.8
2026-09-15 10:28:59,Northern Owens Valley,Fish Springs At RR Flow,35.8
2026-09-15 10:28:59,Northern Owens Valley,Tinemaha Reservoir Outflow,428.4
2026-09-15 10:28:59,Northern Owens Valley,Bishop Creek Through Plant 6,65.2
2026-09-15 10:28:59,Northern Owens Valley,Bishop Creek Around Plant 6,7.0
2026-09-15 10:28:59,Southern Owens Valley,Tinemaha Reservoir Outflow,428.4
2026-09-15 10:28:59,Southern Owens Valley,Indep. Ck. At Junction Flow,3.5
2026-09-15 10:28:59,Southern Owens Valley,LAA at Alabama Flow,414.0
2026-09-15 10:28:59,Southern Owens Valley,LAA at Alabama Water Temp,64.8
2026-09-15 10:28:59,Southern Owens Valley,Cottonwood Ck. At LAA Flow,2.0
2026-09-15 10:28:59,Southern Owens Valley,LAA at Cottonwood Flow,446.0
2026-09-15 10:28:59,Southern Owens Valley,LAA at Cotton. Water Temp,66.9
2026-09-15 10:28:59,Southern Owens Valley,Haiwee LAA #1 Current Flow,0.0
2026-09-15 10:28:59,Southern Owens Valley,Haiwee LAA #2 Current Flow,269.5
2026-09-15 10:28:59,Southern Owens Valley,Reinhackel Flow,2.9
2026-09-15 10:28:59,Southern Owens Valley,Lubkin Spillgate Outflow,0.0
2026-09-15 10:28:59,Southern Owens Valley,Cartago Spillgate Outflow,0.0
2026-09-15 10:28:59,Southern Owens Valley,Lone Pine Creek Flow,7.6
2026-09-15 10:28:59,Lower Owens River Project,LORP Intake Flow,81.0
2026-09-15 10:28:59,Lower Owens River Project,LORP at Mazourka Canyon Road,0.0
2026-09-15 10:28:59,Lower Owens River Project,LORP at Reinhackle Springs,61.0
2026-09-15 10:28:59,Lower Owens River Project,LORP Above Pumpstation,49.0
2026-09-15 10:28:59,Lower Owens River Project,LORP At Pump Station Discharge Flow,38.0
2026-09-15 10:28:59,Southern District,Haiwee LAA #2 Current Flow,269.5
2026-09-15 10:28:59,Southern District,Haiwee LAA #1 Current Flow,0.0
2026-09-15 10:28:59,Southern District,LAA #1 Flow at Fairmont Reservoir,136.0
2026-09-15 10:28:59,Southern District,LAA #2 Flow at Fairmont Res.,287.4
2026-09-15 10:28:59,Southern District,Bouquet Reservoir Inflow,0.0
2026-09-15 10:28:59,Southern District,Bouquet Reservoir Outflow,0.7
2026-09-15 10:28:59,Southern District,LAA #1 at Soledad Flow,173.9
2026-09-15 10:28:59,Southern District,LAA #2 at Soledad Flow,245.8
2026-09-15 10:29:00,Mono Basin,Mono Lk. Elevation,6381.8
2026-09-15 10:29:00,Mono Basin,Grant Lk. Elevation,7128.5
2026-09-15 10:29:00,Long Valley,Long Valley Elevation,6767.9
2026-09-15 10:29:00,Northern Owens Valley,Pleasant Valley Elevation,4384.3
2026-09-15 10:29:00,Northern Owens Valley,Tinemaha Elevation,3861.0
2026-09-15 10:29:00,Southern Owens Valley,Tinemaha Elevation,3861.0
2026-09-15 10:29:00,Southern Owens Valley,LAA at Alabama Level,7.9
2026-09-15 10:29:00,Southern Owens Valley,LAA at Cottonwood Level,8.8
2026-09-15 10:29:00,Southern Owens Valley,N. Haiwee Elevation,3756.9
2026-09-15 10:29:00,Southern Owens Valley,S. Haiwee Reservoir Elevation,3728.5
2026-09-15 10:29:00,Southern District,S. Haiwee Reservoir Elevation,3728.5
2026-09-15 10:29:00,Southern District,Fairmont Reservoir Elevation,3027.4
2026-09-15 10:29:00,Southern District,Bouquet Reservoir Elevation,2975.2
2026-09-15 10:44:00,Mono Basin,Lee Vining Intake Above Flow,32.8
2026-09-15 10:44:00,Mono Basin,Lee Vining Intake Below Flow,25.6
2026-09-15 10:44:00,Mono Basin,Walker Ck. Above Conduit Flow,2.0
2026-09-15 10:44:00,Mono Basin,L.V. Conduit Below Intake Flow,2.9
2026-09-15 10:44:00,Mono Basin,Walker Ck. Under Conduit Flow,2.0
2026-09-15 10:44:00,Mono Basin,Parker Ck. Under Conduit Flow,7.0
2026-09-15 10:44:00,Mono Basin,Parker Ck. Above Conduit Flow,8.0
2026-09-15 10:44:00,Mono Basin,Grant Lk. Spill Flow,0.0
2026-09-15 10:44:00,Mono Basin,Mono Gate 1 Return Ditch Flow,30.2
2026-09-15 10:44:00,Mono Basin,Grant Lk. Outflow,39.0
2026-09-15 10:44:00,Mono Basin,Rush Ck. at Damsite Flow,21.3
2026-09-15 10:44:00,Mono Basin,Flow to West Portal,9.4
2026-09-15 10:44:00,Long Valley,East Portal Flow,23.0
2026-09-15 10:44:00,Long Valley,OR Below EP Flow,66.0
2026-09-15 10:44:00,Long Valley,Hot Ck.at Hwy. Flow,4.0
2026-09-15 10:44:00,Long Valley,McGee Ck. Lower Sta. Flow,7.9
2026-09-15 10:44:00,Long Valley,Long Valley Current Outflow,578.9
2026-09-15 10:44:00,Long Valley,Rock Ck. Div. Flow,0.0
2026-09-15 10:44:00,Long Valley,Upper Gorge Total Release,35.4
2026-09-15 10:44:00,Long Valley,Release at Middle Gorge,0.0
2026-09-15 10:44:00,Northern Owens Valley,Rock Ck. At Owens River (PV) Flow,25.6
2026-09-15 10:44:00,Northern Owens Valley,Pleasant Valley Outflow,508.2
2026-09-15 10:44:00,Northern Owens Valley,Baker Ck. At LA Station Flow,6.1
2026-09-15 10:44:00,Northern Owens Valley,Big Pine Ck. USGS Flow,22.3
2026-09-15 10:44:00,Northern Owens Valley,O.R. Below Big Pine,477.4
2026-09-15 10:44:00,Northern Owens Valley,Fish Springs At RR Flow,35.8
2026-09-15 10:44:00,Northern Owens Valley,Tinemaha Reservoir Outflow,428.4
2026-09-15 10:44:00,Northern Owens Valley,Bishop Creek Through Plant 6,65.2
2026-09-15 10:44:00,Northern Owens Valley,Bishop Creek Around Plant 6,7.0
2026-09-15 10:44:00,Southern Owens Valley,Tinemaha Reservoir Outflow,428.4
2026-09-15 10:44:00,Southern Owens Valley,Indep. Ck. At Junction Flow,3.5
2026-09-15 10:44:00,Southern Owens Valley,LAA at Alabama Flow,414.0
2026-09-15 10:44:00,Southern Owens Valley,Cottonwood Ck. At LAA Flow,2.0
2026-09-15 10:44:00,Southern Owens Valley,LAA at Cottonwood Flow,446.0
2026-09-15 10:44:00,Southern Owens Valley,Haiwee LAA #1 Current Flow,0.0
2026-09-15 10:44:00,Southern Owens Valley,Haiwee LAA #2 Current Flow,269.5
2026-09-15 10:44:00,Southern Owens Valley,Reinhackel Flow,2.9
2026-09-15 10:44:00,Southern Owens Valley,Lubkin Spillgate Outflow,0.0
2026-09-15 10:44:00,Southern Owens Valley,Cartago Spillgate Outflow,14.8
2026-09-15 10:44:00,Southern Owens Valley,Lone Pine Creek Flow,7.4
2026-09-15 10:44:00,Lower Owens River Project,LORP Intake Flow,81.0
2026-09-15 10:44:00,Lower Owens River Project,LORP at Mazourka Canyon Road,0.0
2026-09-15 10:44:00,Lower Owens River Project,LORP at Reinhackle Springs,61.0
2026-09-15 10:44:00,Lower Owens River Project,LORP Above Pumpstation,50.0
2026-09-15 10:44:00,Lower Owens River Project,LORP At Pump Station Discharge Flow,38.0
2026-09-15 10:44:00,Southern District,Haiwee LAA #2 Current Flow,269.5
2026-09-15 10:44:00,Southern District,Haiwee LAA #1 Current Flow,0.0
2026-09-15 10:44:00,Southern District,LAA #1 Flow at Fairmont Reservoir,135.9
2026-09-15 10:44:00,Southern District,LAA #2 Flow at Fairmont Res.,287.4
2026-09-15 10:44:00,Southern District,Bouquet Reservoir Inflow,0.0
2026-09-15 10:44:00,Southern District,Bouquet Reservoir Outflow,0.7
2026-09-15 10:44:00,Southern District,LAA #1 at Soledad Flow,181.4
2026-09-15 10:44:00,Southern District,LAA #2 at Soledad Flow,245.8
2026-09-15 10:44:01,Mono Basin,Mono Lk. Elevation,6381.8
2026-09-15 10:44:01,Mono Basin,Grant Lk. Elevation,7128.5
2026-09-15 10:44:01,Long Valley,Long Valley Elevation,6767.9
2026-09-15 10:44:01,Northern Owens Valley,Pleasant Valley Elevation,4384.3
2026-09-15 10:44:01,Southern Owens Valley,LAA at Alabama Level,7.9
2026-09-15 10:44:01,Southern Owens Valley,LAA at Alabama Water Temp,64.8
2026-09-15 10:44:01,Southern Owens Valley,LAA at Cottonwood Level,8.8
2026-09-15 10:44:01,Southern Owens Valley,LAA at Cotton. Water Temp,67.1
2026-09-15 10:44:01,Southern Owens Valley,N. Haiwee Elevation,3756.8
2026-09-15 10:44:01,Southern Owens Valley,S. Haiwee Reservoir Elevation,3728.5
2026-09-15 10:44:01,Southern District,S. Haiwee Reservoir Elevation,3728.5
2026-09-15 10:44:01,Southern District,Fairmont Reservoir Elevation,3027.4
2026-09-15 10:44:01,Southern District,Bouquet Reservoir Elevation,2975.2
2026-09-15 10:58:59,Mono Basin,Lee Vining Intake Above Flow,35.4
2026-09-15 10:58:59,Mono Basin,Lee Vining Intake Below Flow,25.6
2026-09-15 10:58:59,Mono Basin,Mono Lk. Elevation,6381.8
2026-09-15 10:58:59,Mono Basin,Walker Ck. Above Conduit Flow,2.0
2026-09-15 10:58:59,Mono Basin,L.V. Conduit Below Intake Flow,3.9
2026-09-15 10:58:59,Mono Basin,Walker Ck. Under Conduit Flow,2.0
2026-09-15 10:58:59,Mono Basin,Parker Ck. Under Conduit Flow,7.0
2026-09-15 10:58:59,Mono Basin,Parker Ck. Above Conduit Flow,8.0
2026-09-15 10:58:59,Mono Basin,Grant Lk. Spill Flow,0.0
2026-09-15 10:58:59,Mono Basin,Mono Gate 1 Return Ditch Flow,30.2
2026-09-15 10:58:59,Mono Basin,Grant Lk. Elevation,7128.5
2026-09-15 10:58:59,Mono Basin,Grant Lk. Outflow,39.0
2026-09-15 10:58:59,Mono Basin,Rush Ck. at Damsite Flow,21.3
2026-09-15 10:58:59,Mono Basin,Flow to West Portal,9.4
2026-09-15 10:58:59,Long Valley,East Portal Flow,23.0
2026-09-15 10:58:59,Long Valley,OR Below EP Flow,66.0
2026-09-15 10:58:59,Long Valley,Hot Ck.at Hwy. Flow,4.0
2026-09-15 10:58:59,Long Valley,McGee Ck. Lower Sta. Flow,7.9
2026-09-15 10:58:59,Long Valley,Long Valley Elevation,6767.9
2026-09-15 10:58:59,Long Valley,Long Valley Current Outflow,578.9
2026-09-15 10:58:59,Long Valley,Rock Ck. Div. Flow,0.0
2026-09-15 10:58:59,Long Valley,Upper Gorge Total Release,36.5
2026-09-15 10:58:59,Long Valley,Release at Middle Gorge,0.0
2026-09-15 10:58:59,Northern Owens Valley,Rock Ck. At Owens River (PV) Flow,25.6
2026-09-15 10:58:59,Northern Owens Valley,Pleasant Valley Elevation,4384.4
2026-09-15 10:58:59,Northern Owens Valley,Pleasant Valley Outflow,508.7
2026-09-15 10:58:59,Northern Owens Valley,Baker Ck. At LA Station Flow,6.1
2026-09-15 10:58:59,Northern Owens Valley,Big Pine Ck. USGS Flow,22.3
2026-09-15 10:58:59,Northern Owens Valley,O.R. Below Big Pine,477.1
2026-09-15 10:58:59,Northern Owens Valley,Fish Springs At RR Flow,35.8
2026-09-15 10:58:59,Northern Owens Valley,Tinemaha Elevation,3861.0
2026-09-15 10:58:59,Northern Owens Valley,Tinemaha Reservoir Outflow,428.4
2026-09-15 10:58:59,Northern Owens Valley,Bishop Creek Through Plant 6,65.2
2026-09-15 10:58:59,Northern Owens Valley,Bishop Creek Around Plant 6,7.0
2026-09-15 10:58:59,Southern Owens Valley,Tinemaha Elevation,3861.0
2026-09-15 10:58:59,Southern Owens Valley,Tinemaha Reservoir Outflow,428.4
2026-09-15 10:58:59,Southern Owens Valley,Indep. Ck. At Junction Flow,3.5
2026-09-15 10:58:59,Southern Owens Valley,LAA at Alabama Flow,415.0
2026-09-15 10:58:59,Southern Owens Valley,LAA at Alabama Level,8.0
2026-09-15 10:58:59,Southern Owens Valley,LAA at Alabama Water Temp,65.0
2026-09-15 10:58:59,Southern Owens Valley,Cottonwood Ck. At LAA Flow,2.0
2026-09-15 10:58:59,Southern Owens Valley,LAA at Cottonwood Flow,446.0
2026-09-15 10:58:59,Southern Owens Valley,LAA at Cottonwood Level,8.8
2026-09-15 10:58:59,Southern Owens Valley,LAA at Cotton. Water Temp,67.2
2026-09-15 10:58:59,Southern Owens Valley,N. Haiwee Elevation,3756.8
2026-09-15 10:58:59,Southern Owens Valley,S. Haiwee Reservoir Elevation,3728.5
2026-09-15 10:58:59,Southern Owens Valley,Haiwee LAA #1 Current Flow,0.0
2026-09-15 10:58:59,Southern Owens Valley,Haiwee LAA #2 Current Flow,269.5
2026-09-15 10:58:59,Southern Owens Valley,Reinhackel Flow,2.9
2026-09-15 10:58:59,Southern Owens Valley,Lubkin Spillgate Outflow,0.0
2026-09-15 10:58:59,Southern Owens Valley,Cartago Spillgate Outflow,15.2
2026-09-15 10:58:59,Southern Owens Valley,Lone Pine Creek Flow,7.4
2026-09-15 10:58:59,Lower Owens River Project,LORP Intake Flow,81.0
2026-09-15 10:58:59,Lower Owens River Project,LORP at Mazourka Canyon Road,0.0
2026-09-15 10:58:59,Lower Owens River Project,LORP at Reinhackle Springs,61.0
2026-09-15 10:58:59,Lower Owens River Project,LORP Above Pumpstation,49.0
2026-09-15 10:58:59,Lower Owens River Project,LORP At Pump Station Discharge Flow,38.0
2026-09-15 10:58:59,Southern District,Haiwee LAA #2 Current Flow,269.5
2026-09-15 10:58:59,Southern District,S. Haiwee Reservoir Elevation,3728.5
2026-09-15 10:58:59,Southern District,Haiwee LAA #1 Current Flow,0.0
2026-09-15 10:58:59,Southern District,Fairmont Reservoir Elevation,3027.3
2026-09-15 10:58:59,Southern District,LAA #1 Flow at Fairmont Reservoir,133.8
2026-09-15 10:58:59,Southern District,LAA #2 Flow at Fairmont Res.,287.4
2026-09-15 10:58:59,Southern District,Bouquet Reservoir Elevation,2975.2
2026-09-15 10:58:59,Southern District,Bouquet Reservoir Inflow,0.0
2026-09-15 10:58:59,Southern District,Bouquet Reservoir Outflow,0.7
2026-09-15 10:58:59,Southern District,LAA #1 at Soledad Flow,183.8
2026-09-15 10:58:59,Southern District,LAA #2 at Soledad Flow,245.8
2026-09-15 11:13:59,Mono Basin,Lee Vining Intake Above Flow,35.4
2026-09-15 11:13:59,Mono Basin,Lee Vining Intake Below Flow,25.6
2026-09-15 11:13:59,Mono Basin,Walker Ck. Above Conduit Flow,2.0
2026-09-15 11:13:59,Mono Basin,L.V. Conduit Below Intake Flow,3.9
2026-09-15 11:13:59,Mono Basin,Walker Ck. Under Conduit Flow,2.0
2026-09-15 11:13:59,Mono Basin,Parker Ck. Under Conduit Flow,7.0
2026-09-15 11:13:59,Mono Basin,Parker Ck. Above Conduit Flow,8.0
2026-09-15 11:13:59,Mono Basin,Grant Lk. Spill Flow,0.0
2026-09-15 11:13:59,Mono Basin,Mono Gate 1 Return Ditch Flow,30.2
2026-09-15 11:13:59,Mono Basin,Grant Lk. Outflow,39.0
2026-09-15 11:13:59,Mono Basin,Rush Ck. at Damsite Flow,21.3
2026-09-15 11:13:59,Mono Basin,Flow to West Portal,9.4
2026-09-15 11:13:59,Long Valley,East Portal Flow,22.0
2026-09-15 11:13:59,Long Valley,OR Below EP Flow,67.0
2026-09-15 11:13:59,Long Valley,Hot Ck.at Hwy. Flow,4.0
2026-09-15 11:13:59,Long Valley,McGee Ck. Lower Sta. Flow,7.9
2026-09-15 11:13:59,Long Valley,Long Valley Current Outflow,578.9
2026-09-15 11:13:59,Long Valley,Rock Ck. Div. Flow,0.0
2026-09-15 11:13:59,Long Valley,Upper Gorge Total Release,34.6
2026-09-15 11:13:59,Long Valley,Release at Middle Gorge,0.0
2026-09-15 11:13:59,Northern Owens Valley,Rock Ck. At Owens River (PV) Flow,25.6
2026-09-15 11:13:59,Northern Owens Valley,Pleasant Valley Outflow,508.5
2026-09-15 11:13:59,Northern Owens Valley,Baker Ck. At LA Station Flow,6.1
2026-09-15 11:13:59,Northern Owens Valley,Big Pine Ck. USGS Flow,22.3
2026-09-15 11:13:59,Northern Owens Valley,O.R. Below Big Pine,477.3
2026-09-15 11:13:59,Northern Owens Valley,Fish Springs At RR Flow,35.8
2026-09-15 11:13:59,Northern Owens Valley,Tinemaha Reservoir Outflow,428.4
2026-09-15 11:13:59,Northern Owens Valley,Bishop Creek Through Plant 6,65.2
2026-09-15 11:13:59,Northern Owens Valley,Bishop Creek Around Plant 6,7.0
2026-09-15 11:13:59,Southern Owens Valley,Tinemaha Reservoir Outflow,428.4
2026-09-15 11:13:59,Southern Owens Valley,Indep. Ck. At Junction Flow,3.5
2026-09-15 11:13:59,Southern Owens Valley,LAA at Alabama Flow,415.0
2026-09-15 11:13:59,Southern Owens Valley,Cottonwood Ck. At LAA Flow,2.0
2026-09-15 11:13:59,Southern Owens Valley,LAA at Cottonwood Flow,446.0
2026-09-15 11:13:59,Southern Owens Valley,Haiwee LAA #1 Current Flow,0.0
2026-09-15 11:13:59,Southern Owens Valley,Haiwee LAA #2 Current Flow,269.5
2026-09-15 11:13:59,Southern Owens Valley,Reinhackel Flow,2.9
2026-09-15 11:13:59,Southern Owens Valley,Lubkin Spillgate Outflow,0.0
2026-09-15 11:13:59,Southern Owens Valley,Cartago Spillgate Outflow,16.8
2026-09-15 11:13:59,Southern Owens Valley,Lone Pine Creek Flow,7.5
2026-09-15 11:13:59,Lower Owens River Project,LORP Intake Flow,81.0
2026-09-15 11:13:59,Lower Owens River Project,LORP at Mazourka Canyon Road,0.0
2026-09-15 11:13:59,Lower Owens River Project,LORP at Reinhackle Springs,61.0
2026-09-15 11:13:59,Lower Owens River Project,LORP Above Pumpstation,49.0
2026-09-15 11:13:59,Lower Owens River Project,LORP At Pump Station Discharge Flow,37.0
2026-09-15 11:13:59,Southern District,Haiwee LAA #2 Current Flow,269.5
2026-09-15 11:13:59,Southern District,Haiwee LAA #1 Current Flow,0.0
2026-09-15 11:13:59,Southern District,LAA #1 Flow at Fairmont Reservoir,135.0
2026-09-15 11:13:59,Southern District,LAA #2 Flow at Fairmont Res.,287.4
2026-09-15 11:13:59,Southern District,Bouquet Reservoir Inflow,0.0
2026-09-15 11:13:59,Southern District,Bouquet Reservoir Outflow,0.7
2026-09-15 11:13:59,Southern District,LAA #1 at Soledad Flow,183.8
2026-09-15 11:13:59,Southern District,LAA #2 at Soledad Flow,245.8
2026-09-15 11:14:00,Mono Basin,Mono Lk. Elevation,6381.8
2026-09-15 11:14:00,Mono Basin,Grant Lk. Elevation,7128.5
2026-09-15 11:14:00,Long Valley,Long Valley Elevation,6767.9
2026-09-15 11:14:00,Northern Owens Valley,Pleasant Valley Elevation,4384.4
2026-09-15 11:14:00,Southern Owens Valley,LAA at Alabama Level,8.0
2026-09-15 11:14:00,Southern Owens Valley,LAA at Alabama Water Temp,65.1
2026-09-15 11:14:00,Southern Owens Valley,LAA at Cottonwood Level,8.8
2026-09-15 11:14:00,Southern Owens Valley,LAA at Cotton. Water Temp,67.3
2026-09-15 11:14:00,Southern Owens Valley,N. Haiwee Elevation,3756.8
2026-09-15 11:14:00,Southern Owens Valley,S. Haiwee Reservoir Elevation,3728.5
2026-09-15 11:14:00,Southern District,S. Haiwee Reservoir Elevation,3728.5
2026-09-15 11:14:00,Southern District,Fairmont Reservoir Elevation,3027.3
2026-09-15 11:14:00,Southern District,Bouquet Reservoir Elevation,2975.2
2026-09-15 11:28:58,Mono Basin,Lee Vining Intake Above Flow,35.4
2026-09-15 11:28:58,Mono Basin,Lee Vining Intake Below Flow,25.6
2026-09-15 11:28:58,Mono Basin,Walker Ck. Above Conduit Flow,2.0
2026-09-15 11:28:58,Mono Basin,L.V. Conduit Below Intake Flow,3.9
2026-09-15 11:28:58,Mono Basin,Walker Ck. Under Conduit Flow,2.0
2026-09-15 11:28:58,Mono Basin,Parker Ck. Under Conduit Flow,7.0
2026-09-15 11:28:58,Mono Basin,Parker Ck. Above Conduit Flow,8.0
2026-09-15 11:28:58,Mono Basin,Grant Lk. Spill Flow,0.0
2026-09-15 11:28:58,Mono Basin,Grant Lk. Outflow,39.0
2026-09-15 11:28:58,Mono Basin,Rush Ck. at Damsite Flow,21.3
2026-09-15 11:28:58,Mono Basin,Flow to West Portal,9.4
2026-09-15 11:28:58,Long Valley,East Portal Flow,22.0
2026-09-15 11:28:58,Long Valley,OR Below EP Flow,66.0
2026-09-15 11:28:58,Long Valley,Hot Ck.at Hwy. Flow,4.0
2026-09-15 11:28:58,Long Valley,McGee Ck. Lower Sta. Flow,7.9
2026-09-15 11:28:58,Long Valley,Long Valley Current Outflow,577.4
2026-09-15 11:28:58,Long Valley,Rock Ck. Div. Flow,0.0
2026-09-15 11:28:58,Long Valley,Upper Gorge Total Release,35.7
2026-09-15 11:28:58,Long Valley,Release at Middle Gorge,0.0
2026-09-15 11:28:58,Northern Owens Valley,Rock Ck. At Owens River (PV) Flow,25.6
2026-09-15 11:28:58,Northern Owens Valley,Pleasant Valley Outflow,508.6
2026-09-15 11:28:58,Northern Owens Valley,Baker Ck. At LA Station Flow,6.1
2026-09-15 11:28:58,Northern Owens Valley,Big Pine Ck. USGS Flow,22.3
2026-09-15 11:28:58,Northern Owens Valley,O.R. Below Big Pine,477.4
2026-09-15 11:28:58,Northern Owens Valley,Fish Springs At RR Flow,35.8
2026-09-15 11:28:58,Northern Owens Valley,Tinemaha Reservoir Outflow,428.4
2026-09-15 11:28:58,Northern Owens Valley,Bishop Creek Through Plant 6,65.2
2026-09-15 11:28:58,Northern Owens Valley,Bishop Creek Around Plant 6,7.0
2026-09-15 11:28:58,Southern Owens Valley,Tinemaha Reservoir Outflow,428.4
2026-09-15 11:28:58,Southern Owens Valley,Indep. Ck. At Junction Flow,3.5
2026-09-15 11:28:58,Southern Owens Valley,LAA at Alabama Flow,415.0
2026-09-15 11:28:58,Southern Owens Valley,Cottonwood Ck. At LAA Flow,2.0
2026-09-15 11:28:58,Southern Owens Valley,LAA at Cottonwood Flow,446.0
2026-09-15 11:28:58,Southern Owens Valley,Haiwee LAA #1 Current Flow,0.0
2026-09-15 11:28:58,Southern Owens Valley,Haiwee LAA #2 Current Flow,269.5
2026-09-15 11:28:58,Southern Owens Valley,Reinhackel Flow,2.9
2026-09-15 11:28:58,Southern Owens Valley,Lubkin Spillgate Outflow,0.0
2026-09-15 11:28:58,Southern Owens Valley,Cartago Spillgate Outflow,13.3
2026-09-15 11:28:58,Southern Owens Valley,Lone Pine Creek Flow,7.5
2026-09-15 11:28:58,Lower Owens River Project,LORP Intake Flow,81.0
2026-09-15 11:28:58,Lower Owens River Project,LORP at Mazourka Canyon Road,0.0
2026-09-15 11:28:58,Lower Owens River Project,LORP at Reinhackle Springs,61.0
2026-09-15 11:28:58,Lower Owens River Project,LORP Above Pumpstation,50.0
2026-09-15 11:28:58,Lower Owens River Project,LORP At Pump Station Discharge Flow,38.0
2026-09-15 11:28:58,Southern District,Haiwee LAA #2 Current Flow,269.5
2026-09-15 11:28:58,Southern District,Haiwee LAA #1 Current Flow,0.0
2026-09-15 11:28:59,Mono Basin,Mono Lk. Elevation,6381.8
2026-09-15 11:28:59,Mono Basin,Mono Gate 1 Return Ditch Flow,30.3
2026-09-15 11:28:59,Mono Basin,Grant Lk. Elevation,7128.5
2026-09-15 11:28:59,Long Valley,Long Valley Elevation,6767.9
2026-09-15 11:28:59,Northern Owens Valley,Pleasant Valley Elevation,4384.4
2026-09-15 11:28:59,Northern Owens Valley,Tinemaha Elevation,3861.0
2026-09-15 11:28:59,Southern Owens Valley,Tinemaha Elevation,3861.0
2026-09-15 11:28:59,Southern Owens Valley,LAA at Alabama Level,8.0
2026-09-15 11:28:59,Southern Owens Valley,LAA at Alabama Water Temp,65.4
2026-09-15 11:28:59,Southern Owens Valley,LAA at Cottonwood Level,8.8
2026-09-15 11:28:59,Southern Owens Valley,LAA at Cotton. Water Temp,67.3
2026-09-15 11:28:59,Southern Owens Valley,N. Haiwee Elevation,3756.8
2026-09-15 11:28:59,Southern Owens Valley,S. Haiwee Reservoir Elevation,3728.6
2026-09-15 11:28:59,Southern District,S. Haiwee Reservoir Elevation,3728.6
2026-09-15 11:28:59,Southern District,Fairmont Reservoir Elevation,3027.2
2026-09-15 11:28:59,Southern District,LAA #1 Flow at Fairmont Reservoir,135.1
2026-09-15 11:28:59,Southern District,LAA #2 Flow at Fairmont Res.,287.4
2026-09-15 11:28:59,Southern District,Bouquet Reservoir Elevation,2975.2
2026-09-15 11:28:59,Southern District,Bouquet Reservoir Inflow,0.0
2026-09-15 11:28:59,Southern District,Bouquet Reservoir Outflow,0.7
2026-09-15 11:28:59,Southern District,LAA #1 at Soledad Flow,183.8
2026-09-15 11:28:59,Southern District,LAA #2 at Soledad Flow,245.8
2026-09-15 11:43:59,Northern Owens Valley,Tinemaha Reservoir Outflow,428.4
2026-09-15 11:43:59,Southern Owens Valley,Tinemaha Reservoir Outflow,428.4
2026-09-15 11:43:59,Southern Owens Valley,Indep. Ck. At Junction Flow,3.5
2026-09-15 11:43:59,Southern Owens Valley,LAA at Alabama Flow,415.0
2026-09-15 11:43:59,Southern Owens Valley,Cottonwood Ck. At LAA Flow,2.0
2026-09-15 11:43:59,Southern Owens Valley,LAA at Cottonwood Flow,447.0
2026-09-15 11:43:59,Southern Owens Valley,Haiwee LAA #1 Current Flow,0.0
2026-09-15 11:43:59,Southern Owens Valley,Haiwee LAA #2 Current Flow,269.5
2026-09-15 11:43:59,Southern Owens Valley,Reinhackel Flow,2.9
2026-09-15 11:43:59,Southern Owens Valley,Lubkin Spillgate Outflow,0.0
2026-09-15 11:43:59,Southern Owens Valley,Cartago Spillgate Outflow,13.3
2026-09-15 11:43:59,Southern Owens Valley,Lone Pine Creek Flow,7.4
2026-09-15 11:43:59,Lower Owens River Project,LORP Intake Flow,79.0
2026-09-15 11:43:59,Lower Owens River Project,LORP at Mazourka Canyon Road,0.0
2026-09-15 11:43:59,Lower Owens River Project,LORP at Reinhackle Springs,61.0
2026-09-15 11:43:59,Lower Owens River Project,LORP Above Pumpstation,50.0
2026-09-15 11:43:59,Lower Owens River Project,LORP At Pump Station Discharge Flow,38.0
2026-09-15 11:43:59,Southern District,Haiwee LAA #2 Current Flow,269.5
2026-09-15 11:43:59,Southern District,Haiwee LAA #1 Current Flow,0.0
2026-09-15 11:44:00,Mono Basin,Lee Vining Intake Above Flow,36.9
2026-09-15 11:44:00,Mono Basin,Lee Vining Intake Below Flow,25.4
2026-09-15 11:44:00,Mono Basin,Mono Lk. Elevation,6381.8
2026-09-15 11:44:00,Mono Basin,Walker Ck. Above Conduit Flow,2.0
2026-09-15 11:44:00,Mono Basin,L.V. Conduit Below Intake Flow,9.9
2026-09-15 11:44:00,Mono Basin,Walker Ck. Under Conduit Flow,2.0
2026-09-15 11:44:00,Mono Basin,Parker Ck. Under Conduit Flow,7.0
2026-09-15 11:44:00,Mono Basin,Parker Ck. Above Conduit Flow,8.0
2026-09-15 11:44:00,Mono Basin,Grant Lk. Spill Flow,0.0
2026-09-15 11:44:00,Mono Basin,Mono Gate 1 Return Ditch Flow,30.3
2026-09-15 11:44:00,Mono Basin,Grant Lk. Elevation,7128.5
2026-09-15 11:44:00,Mono Basin,Grant Lk. Outflow,39.0
2026-09-15 11:44:00,Mono Basin,Rush Ck. at Damsite Flow,21.3
2026-09-15 11:44:00,Mono Basin,Flow to West Portal,9.4
2026-09-15 11:44:00,Long Valley,East Portal Flow,22.0
2026-09-15 11:44:00,Long Valley,OR Below EP Flow,66.0
2026-09-15 11:44:00,Long Valley,Hot Ck.at Hwy. Flow,4.0
2026-09-15 11:44:00,Long Valley,McGee Ck. Lower Sta. Flow,7.9
2026-09-15 11:44:00,Long Valley,Long Valley Elevation,6767.9
2026-09-15 11:44:00,Long Valley,Long Valley Current Outflow,577.4
2026-09-15 11:44:00,Long Valley,Rock Ck. Div. Flow,0.0
2026-09-15 11:44:00,Long Valley,Upper Gorge Total Release,36.0
2026-09-15 11:44:00,Long Valley,Release at Middle Gorge,0.0
2026-09-15 11:44:00,Northern Owens Valley,Rock Ck. At Owens River (PV) Flow,25.6
2026-09-15 11:44:00,Northern Owens Valley,Pleasant Valley Elevation,4384.4
2026-09-15 11:44:00,Northern Owens Valley,Pleasant Valley Outflow,508.8
2026-09-15 11:44:00,Northern Owens Valley,Baker Ck. At LA Station Flow,6.1
2026-09-15 11:44:00,Northern Owens Valley,Big Pine Ck. USGS Flow,22.3
2026-09-15 11:44:00,Northern Owens Valley,O.R. Below Big Pine,478.0
2026-09-15 11:44:00,Northern Owens Valley,Fish Springs At RR Flow,35.8
2026-09-15 11:44:00,Northern Owens Valley,Bishop Creek Through Plant 6,65.2
2026-09-15 11:44:00,Northern Owens Valley,Bishop Creek Around Plant 6,7.0
2026-09-15 11:44:00,Southern Owens Valley,LAA at Alabama Level,8.0
2026-09-15 11:44:00,Southern Owens Valley,LAA at Alabama Water Temp,65.4
2026-09-15 11:44:00,Southern Owens Valley,LAA at Cottonwood Level,8.8
2026-09-15 11:44:00,Southern Owens Valley,LAA at Cotton. Water Temp,67.5
2026-09-15 11:44:00,Southern Owens Valley,N. Haiwee Elevation,3756.8
2026-09-15 11:44:00,Southern Owens Valley,S. Haiwee Reservoir Elevation,3728.6
2026-09-15 11:44:00,Southern District,S. Haiwee Reservoir Elevation,3728.6
2026-09-15 11:44:00,Southern District,Fairmont Reservoir Elevation,3027.2
2026-09-15 11:44:00,Southern District,LAA #1 Flow at Fairmont Reservoir,135.3
2026-09-15 11:44:00,Southern District,LAA #2 Flow at Fairmont Res.,287.4
2026-09-15 11:44:00,Southern District,Bouquet Reservoir Elevation,2975.2
2026-09-15 11:44:00,Southern District,Bouquet Reservoir Inflow,0.0
2026-09-15 11:44:00,Southern District,Bouquet Reservoir Outflow,0.7
2026-09-15 11:44:00,Southern District,LAA #1 at Soledad Flow,183.8
2026-09-15 11:44:00,Southern District,LAA #2 at Soledad Flow,245.8
2026-09-15 11:58:58,Mono Basin,Lee Vining Intake Above Flow,36.9
2026-09-15 11:58:58,Mono Basin,Lee Vining Intake Below Flow,25.4
2026-09-15 11:58:58,Mono Basin,Mono Lk. Elevation,6381.8
2026-09-15 11:58:58,Mono Basin,Walker Ck. Above Conduit Flow,2.0
2026-09-15 11:58:58,Mono Basin,L.V. Conduit Below Intake Flow,9.9
2026-09-15 11:58:58,Mono Basin,Walker Ck. Under Conduit Flow,2.0
2026-09-15 11:58:58,Mono Basin,Parker Ck. Under Conduit Flow,7.0
2026-09-15 11:58:58,Mono Basin,Parker Ck. Above Conduit Flow,8.0
2026-09-15 11:58:58,Mono Basin,Grant Lk. Spill Flow,0.0
2026-09-15 11:58:58,Mono Basin,Mono Gate 1 Return Ditch Flow,30.3
2026-09-15 11:58:58,Mono Basin,Grant Lk. Elevation,7128.5
2026-09-15 11:58:58,Mono Basin,Grant Lk. Outflow,39.0
2026-09-15 11:58:58,Mono Basin,Rush Ck. at Damsite Flow,21.3
2026-09-15 11:58:58,Mono Basin,Flow to West Portal,9.4
2026-09-15 11:58:58,Long Valley,East Portal Flow,22.0
2026-09-15 11:58:58,Long Valley,OR Below EP Flow,66.0
2026-09-15 11:58:58,Long Valley,Hot Ck.at Hwy. Flow,4.0
2026-09-15 11:58:58,Long Valley,McGee Ck. Lower Sta. Flow,7.9
2026-09-15 11:58:58,Long Valley,Long Valley Elevation,6767.9
2026-09-15 11:58:58,Long Valley,Long Valley Current Outflow,577.4
2026-09-15 11:58:58,Long Valley,Rock Ck. Div. Flow,0.0
2026-09-15 11:58:58,Long Valley,Upper Gorge Total Release,35.8
2026-09-15 11:58:58,Long Valley,Release at Middle Gorge,0.0
2026-09-15 11:58:58,Northern Owens Valley,Rock Ck. At Owens River (PV) Flow,25.6
2026-09-15 11:58:58,Northern Owens Valley,Pleasant Valley Elevation,4384.5
2026-09-15 11:58:58,Northern Owens Valley,Pleasant Valley Outflow,509.1
2026-09-15 11:58:58,Northern Owens Valley,Baker Ck. At LA Station Flow,6.1
2026-09-15 11:58:58,Northern Owens Valley,Big Pine Ck. USGS Flow,22.3
2026-09-15 11:58:58,Northern Owens Valley,O.R. Below Big Pine,478.3
2026-09-15 11:58:58,Northern Owens Valley,Fish Springs At RR Flow,35.8
2026-09-15 11:58:58,Northern Owens Valley,Tinemaha Elevation,3861.0
2026-09-15 11:58:58,Northern Owens Valley,Tinemaha Reservoir Outflow,428.4
2026-09-15 11:58:58,Northern Owens Valley,Bishop Creek Through Plant 6,65.2
2026-09-15 11:58:58,Northern Owens Valley,Bishop Creek Around Plant 6,7.0
2026-09-15 11:58:58,Southern Owens Valley,Tinemaha Elevation,3861.0
2026-09-15 11:58:58,Southern Owens Valley,Tinemaha Reservoir Outflow,428.4
2026-09-15 11:58:58,Southern Owens Valley,Indep. Ck. At Junction Flow,3.5
2026-09-15 11:58:58,Southern Owens Valley,LAA at Alabama Flow,415.0
2026-09-15 11:58:58,Southern Owens Valley,LAA at Alabama Level,8.0
2026-09-15 11:58:58,Southern Owens Valley,LAA at Alabama Water Temp,65.4
2026-09-15 11:58:58,Southern Owens Valley,Cottonwood Ck. At LAA Flow,2.0
2026-09-15 11:58:58,Southern Owens Valley,LAA at Cottonwood Flow,447.0
2026-09-15 11:58:58,Southern Owens Valley,LAA at Cottonwood Level,8.8
2026-09-15 11:58:58,Southern Owens Valley,LAA at Cotton. Water Temp,67.6
2026-09-15 11:58:58,Southern Owens Valley,N. Haiwee Elevation,3756.8
2026-09-15 11:58:58,Southern Owens Valley,S. Haiwee Reservoir Elevation,3728.6
2026-09-15 11:58:58,Southern Owens Valley,Haiwee LAA #1 Current Flow,0.0
2026-09-15 11:58:58,Southern Owens Valley,Haiwee LAA #2 Current Flow,269.5
2026-09-15 11:58:58,Southern Owens Valley,Reinhackel Flow,2.9
2026-09-15 11:58:58,Southern Owens Valley,Lubkin Spillgate Outflow,0.0
2026-09-15 11:58:58,Southern Owens Valley,Cartago Spillgate Outflow,11.3
2026-09-15 11:58:58,Southern Owens Valley,Lone Pine Creek Flow,7.4
2026-09-15 11:58:58,Lower Owens River Project,LORP Intake Flow,79.0
2026-09-15 11:58:58,Lower Owens River Project,LORP at Mazourka Canyon Road,0.0
2026-09-15 11:58:58,Lower Owens River Project,LORP at Reinhackle Springs,61.0
2026-09-15 11:58:58,Lower Owens River Project,LORP Above Pumpstation,49.0
2026-09-15 11:58:58,Lower Owens River Project,LORP At Pump Station Discharge Flow,37.0
2026-09-15 11:58:58,Southern District,Haiwee LAA #2 Current Flow,269.5
2026-09-15 11:58:58,Southern District,S. Haiwee Reservoir Elevation,3728.6
2026-09-15 11:58:58,Southern District,Haiwee LAA #1 Current Flow,0.0
2026-09-15 11:58:58,Southern District,Fairmont Reservoir Elevation,3027.2
2026-09-15 11:58:58,Southern District,LAA #1 Flow at Fairmont Reservoir,134.4
2026-09-15 11:58:58,Southern District,LAA #2 Flow at Fairmont Res.,287.5
2026-09-15 11:58:58,Southern District,Bouquet Reservoir Elevation,2975.2
2026-09-15 11:58:58,Southern District,Bouquet Reservoir Inflow,0.0
2026-09-15 11:58:58,Southern District,Bouquet Reservoir Outflow,0.7
2026-09-15 11:58:58,Southern District,LAA #1 at Soledad Flow,183.8
2026-09-15 11:58:58,Southern District,LAA #2 at Soledad Flow,245.8
2026-09-15 12:13:59,Mono Basin,Lee Vining Intake Above Flow,36.9
2026-09-15 12:13:59,Mono Basin,Lee Vining Intake Below Flow,25.4
2026-09-15 12:13:59,Mono Basin,Mono Lk. Elevation,6381.8
2026-09-15 12:13:59,Mono Basin,Walker Ck. Above Conduit Flow,2.0
2026-09-15 12:13:59,Mono Basin,L.V. Conduit Below Intake Flow,9.9
2026-09-15 12:13:59,Mono Basin,Walker Ck. Under Conduit Flow,2.0
2026-09-15 12:13:59,Mono Basin,Parker Ck. Under Conduit Flow,8.0
2026-09-15 12:13:59,Mono Basin,Parker Ck. Above Conduit Flow,8.0
2026-09-15 12:13:59,Mono Basin,Grant Lk. Spill Flow,0.0
2026-09-15 12:13:59,Mono Basin,Mono Gate 1 Return Ditch Flow,30.3
2026-09-15 12:13:59,Mono Basin,Grant Lk. Elevation,7128.5
2026-09-15 12:13:59,Mono Basin,Grant Lk. Outflow,39.0
2026-09-15 12:13:59,Mono Basin,Rush Ck. at Damsite Flow,21.3
2026-09-15 12:13:59,Mono Basin,Flow to West Portal,9.5
2026-09-15 12:13:59,Long Valley,East Portal Flow,22.0
2026-09-15 12:13:59,Long Valley,OR Below EP Flow,67.0
2026-09-15 12:13:59,Long Valley,Hot Ck.at Hwy. Flow,4.0
2026-09-15 12:13:59,Long Valley,McGee Ck. Lower Sta. Flow,7.8
2026-09-15 12:13:59,Long Valley,Long Valley Elevation,6767.9
2026-09-15 12:13:59,Long Valley,Long Valley Current Outflow,574.1
2026-09-15 12:13:59,Long Valley,Rock Ck. Div. Flow,0.0
2026-09-15 12:13:59,Long Valley,Upper Gorge Total Release,36.1
2026-09-15 12:13:59,Long Valley,Release at Middle Gorge,0.0
2026-09-15 12:13:59,Northern Owens Valley,Rock Ck. At Owens River (PV) Flow,25.6
2026-09-15 12:13:59,Northern Owens Valley,Pleasant Valley Elevation,4384.5
2026-09-15 12:13:59,Northern Owens Valley,Pleasant Valley Outflow,509.4
2026-09-15 12:13:59,Northern Owens Valley,Baker Ck. At LA Station Flow,6.1
2026-09-15 12:13:59,Northern Owens Valley,Big Pine Ck. USGS Flow,22.3
2026-09-15 12:13:59,Northern Owens Valley,O.R. Below Big Pine,478.4
2026-09-15 12:13:59,Northern Owens Valley,Fish Springs At RR Flow,35.8
2026-09-15 12:13:59,Northern Owens Valley,Tinemaha Reservoir Outflow,428.4
2026-09-15 12:13:59,Northern Owens Valley,Bishop Creek Through Plant 6,65.2
2026-09-15 12:13:59,Northern Owens Valley,Bishop Creek Around Plant 6,7.0
2026-09-15 12:13:59,Southern Owens Valley,Tinemaha Reservoir Outflow,428.4
2026-09-15 12:13:59,Southern Owens Valley,Indep. Ck. At Junction Flow,3.5
2026-09-15 12:13:59,Southern Owens Valley,LAA at Alabama Flow,416.0
2026-09-15 12:13:59,Southern Owens Valley,LAA at Alabama Level,8.0
2026-09-15 12:13:59,Southern Owens Valley,LAA at Alabama Water Temp,65.8
2026-09-15 12:13:59,Southern Owens Valley,Cottonwood Ck. At LAA Flow,2.0
2026-09-15 12:13:59,Southern Owens Valley,LAA at Cottonwood Flow,448.0
2026-09-15 12:13:59,Southern Owens Valley,LAA at Cottonwood Level,8.8
2026-09-15 12:13:59,Southern Owens Valley,LAA at Cotton. Water Temp,67.6
2026-09-15 12:13:59,Southern Owens Valley,N. Haiwee Elevation,3756.8
2026-09-15 12:13:59,Southern Owens Valley,S. Haiwee Reservoir Elevation,3728.6
2026-09-15 12:13:59,Southern Owens Valley,Haiwee LAA #1 Current Flow,0.0
2026-09-15 12:13:59,Southern Owens Valley,Haiwee LAA #2 Current Flow,269.5
2026-09-15 12:13:59,Southern Owens Valley,Reinhackel Flow,2.9
2026-09-15 12:13:59,Southern Owens Valley,Lubkin Spillgate Outflow,0.0
2026-09-15 12:13:59,Southern Owens Valley,Cartago Spillgate Outflow,17.0
2026-09-15 12:13:59,Southern Owens Valley,Lone Pine Creek Flow,7.3
2026-09-15 12:13:59,Lower Owens River Project,LORP Intake Flow,79.0
2026-09-15 12:13:59,Lower Owens River Project,LORP at Mazourka Canyon Road,0.0
2026-09-15 12:13:59,Lower Owens River Project,LORP at Reinhackle Springs,61.0
2026-09-15 12:13:59,Lower Owens River Project,LORP Above Pumpstation,48.0
2026-09-15 12:13:59,Lower Owens River Project,LORP At Pump Station Discharge Flow,37.0
2026-09-15 12:13:59,Southern District,Haiwee LAA #2 Current Flow,269.5
2026-09-15 12:13:59,Southern District,S. Haiwee Reservoir Elevation,3728.6
2026-09-15 12:13:59,Southern District,Haiwee LAA #1 Current Flow,0.0
2026-09-15 12:13:59,Southern District,Fairmont Reservoir Elevation,3027.1
2026-09-15 12:13:59,Southern District,LAA #1 Flow at Fairmont Reservoir,133.4
2026-09-15 12:13:59,Southern District,LAA #2 Flow at Fairmont Res.,287.5
2026-09-15 12:13:59,Southern District,Bouquet Reservoir Elevation,2975.2
2026-09-15 12:13:59,Southern District,Bouquet Reservoir Inflow,0.0
2026-09-15 12:13:59,Southern District,Bouquet Reservoir Outflow,0.7
2026-09-15 12:13:59,Southern District,LAA #1 at Soledad Flow,183.8
2026-09-15 12:13:59,Southern District,LAA #2 at Soledad Flow,245.8
2026-09-15 12:28:58,Northern Owens Valley,Tinemaha Elevation,3861.0
2026-09-15 12:28:58,Southern Owens Valley,Tinemaha Elevation,3861.0
2026-09-15 12:28:58,Mono Basin,Lee Vining Intake Above Flow,36.9
2026-09-15 12:28:58,Mono Basin,Lee Vining Intake Below Flow,25.4
2026-09-15 12:28:58,Mono Basin,Mono Lk. Elevation,6381.8
2026-09-15 12:28:58,Mono Basin,Walker Ck. Above Conduit Flow,2.0
2026-09-15 12:28:58,Mono Basin,L.V. Conduit Below Intake Flow,9.9
2026-09-15 12:28:58,Mono Basin,Walker Ck. Under Conduit Flow,2.0
2026-09-15 12:28:58,Mono Basin,Parker Ck. Under Conduit Flow,8.0
2026-09-15 12:28:58,Mono Basin,Parker Ck. Above Conduit Flow,8.0
2026-09-15 12:28:58,Mono Basin,Grant Lk. Spill Flow,0.0
2026-09-15 12:28:58,Mono Basin,Mono Gate 1 Return Ditch Flow,30.2
2026-09-15 12:28:58,Mono Basin,Grant Lk. Elevation,7128.5
2026-09-15 12:28:58,Mono Basin,Grant Lk. Outflow,39.1
2026-09-15 12:28:58,Mono Basin,Rush Ck. at Damsite Flow,21.3
2026-09-15 12:28:58,Mono Basin,Flow to West Portal,9.5
2026-09-15 12:28:58,Long Valley,East Portal Flow,22.0
2026-09-15 12:28:58,Long Valley,OR Below EP Flow,67.0
2026-09-15 12:28:58,Long Valley,Hot Ck.at Hwy. Flow,4.0
2026-09-15 12:28:58,Long Valley,McGee Ck. Lower Sta. Flow,7.8
2026-09-15 12:28:58,Long Valley,Long Valley Elevation,6767.9
2026-09-15 12:28:58,Long Valley,Long Valley Current Outflow,581.5
2026-09-15 12:28:58,Long Valley,Rock Ck. Div. Flow,0.0
2026-09-15 12:28:58,Long Valley,Upper Gorge Total Release,34.5
2026-09-15 12:28:58,Long Valley,Release at Middle Gorge,0.0
2026-09-15 12:28:58,Northern Owens Valley,Rock Ck. At Owens River (PV) Flow,25.6
2026-09-15 12:28:58,Northern Owens Valley,Pleasant Valley Elevation,4384.5
2026-09-15 12:28:58,Northern Owens Valley,Pleasant Valley Outflow,509.5
2026-09-15 12:28:58,Northern Owens Valley,Baker Ck. At LA Station Flow,6.1
2026-09-15 12:28:58,Northern Owens Valley,Big Pine Ck. USGS Flow,21.2
2026-09-15 12:28:58,Northern Owens Valley,O.R. Below Big Pine,477.1
2026-09-15 12:28:58,Northern Owens Valley,Fish Springs At RR Flow,37.4
2026-09-15 12:28:58,Northern Owens Valley,Tinemaha Reservoir Outflow,428.4
2026-09-15 12:28:58,Northern Owens Valley,Bishop Creek Through Plant 6,65.2
2026-09-15 12:28:58,Northern Owens Valley,Bishop Creek Around Plant 6,7.0
2026-09-15 12:28:58,Southern Owens Valley,Tinemaha Reservoir Outflow,428.4
2026-09-15 12:28:58,Southern Owens Valley,Indep. Ck. At Junction Flow,3.5
2026-09-15 12:28:58,Southern Owens Valley,LAA at Alabama Flow,416.0
2026-09-15 12:28:58,Southern Owens Valley,LAA at Alabama Level,8.0
2026-09-15 12:28:58,Southern Owens Valley,LAA at Alabama Water Temp,65.9
2026-09-15 12:28:58,Southern Owens Valley,Cottonwood Ck. At LAA Flow,2.0
2026-09-15 12:28:58,Southern Owens Valley,LAA at Cottonwood Flow,448.0
2026-09-15 12:28:58,Southern Owens Valley,LAA at Cottonwood Level,8.8
2026-09-15 12:28:58,Southern Owens Valley,LAA at Cotton. Water Temp,67.6
2026-09-15 12:28:58,Southern Owens Valley,N. Haiwee Elevation,3756.8
2026-09-15 12:28:58,Southern Owens Valley,S. Haiwee Reservoir Elevation,3728.6
2026-09-15 12:28:58,Southern Owens Valley,Haiwee LAA #1 Current Flow,0.0
2026-09-15 12:28:58,Southern Owens Valley,Haiwee LAA #2 Current Flow,269.5
2026-09-15 12:28:58,Southern Owens Valley,Reinhackel Flow,2.9
2026-09-15 12:28:58,Southern Owens Valley,Lubkin Spillgate Outflow,0.0
2026-09-15 12:28:58,Southern Owens Valley,Cartago Spillgate Outflow,5.4
2026-09-15 12:28:58,Southern Owens Valley,Lone Pine Creek Flow,7.3
2026-09-15 12:28:58,Lower Owens River Project,LORP Intake Flow,79.0
2026-09-15 12:28:58,Lower Owens River Project,LORP at Mazourka Canyon Road,0.0
2026-09-15 12:28:58,Lower Owens River Project,LORP at Reinhackle Springs,57.0
2026-09-15 12:28:58,Lower Owens River Project,LORP Above Pumpstation,58.0
2026-09-15 12:28:58,Lower Owens River Project,LORP At Pump Station Discharge Flow,48.0
2026-09-15 12:28:58,Southern District,Haiwee LAA #2 Current Flow,269.5
2026-09-15 12:28:58,Southern District,S. Haiwee Reservoir Elevation,3728.6
2026-09-15 12:28:58,Southern District,Haiwee LAA #1 Current Flow,0.0
2026-09-15 12:28:58,Southern District,Fairmont Reservoir Elevation,3027.1
2026-09-15 12:28:58,Southern District,LAA #1 Flow at Fairmont Reservoir,133.2
2026-09-15 12:28:58,Southern District,LAA #2 Flow at Fairmont Res.,288.3
2026-09-15 12:28:58,Southern District,Bouquet Reservoir Elevation,2975.2
2026-09-15 12:28:58,Southern District,Bouquet Reservoir Inflow,0.0
2026-09-15 12:28:58,Southern District,Bouquet Reservoir Outflow,0.7
2026-09-15 12:28:58,Southern District,LAA #1 at Soledad Flow,183.8
2026-09-15 12:28:58,Southern District,LAA #2 at Soledad Flow,245.8
2026-09-15 12:44:00,Mono Basin,Lee Vining Intake Above Flow,38.2
2026-09-15 12:44:00,Mono Basin,Lee Vining Intake Below Flow,25.3
2026-09-15 12:44:00,Mono Basin,Mono Lk. Elevation,6381.8
2026-09-15 12:44:00,Mono Basin,Walker Ck. Above Conduit Flow,2.0
2026-09-15 12:44:00,Mono Basin,L.V. Conduit Below Intake Flow,13.3
2026-09-15 12:44:00,Mono Basin,Walker Ck. Under Conduit Flow,2.0
2026-09-15 12:44:00,Mono Basin,Parker Ck. Under Conduit Flow,8.0
2026-09-15 12:44:00,Mono Basin,Parker Ck. Above Conduit Flow,8.0
2026-09-15 12:44:00,Mono Basin,Grant Lk. Spill Flow,0.0
2026-09-15 12:44:00,Mono Basin,Mono Gate 1 Return Ditch Flow,30.2
2026-09-15 12:44:00,Mono Basin,Grant Lk. Elevation,7128.5
2026-09-15 12:44:00,Mono Basin,Grant Lk. Outflow,39.1
2026-09-15 12:44:00,Mono Basin,Rush Ck. at Damsite Flow,21.3
2026-09-15 12:44:00,Mono Basin,Flow to West Portal,9.5
2026-09-15 12:44:00,Long Valley,East Portal Flow,22.0
2026-09-15 12:44:00,Long Valley,OR Below EP Flow,67.0
2026-09-15 12:44:00,Long Valley,Hot Ck.at Hwy. Flow,4.0
2026-09-15 12:44:00,Long Valley,McGee Ck. Lower Sta. Flow,7.8
2026-09-15 12:44:00,Long Valley,Long Valley Elevation,6767.9
2026-09-15 12:44:00,Long Valley,Long Valley Current Outflow,581.5
2026-09-15 12:44:00,Long Valley,Rock Ck. Div. Flow,0.0
2026-09-15 12:44:00,Long Valley,Upper Gorge Total Release,36.3
2026-09-15 12:44:00,Long Valley,Release at Middle Gorge,0.0
2026-09-15 12:44:00,Northern Owens Valley,Rock Ck. At Owens River (PV) Flow,25.6
2026-09-15 12:44:00,Northern Owens Valley,Pleasant Valley Elevation,4384.5
2026-09-15 12:44:00,Northern Owens Valley,Pleasant Valley Outflow,508.8
2026-09-15 12:44:00,Northern Owens Valley,Baker Ck. At LA Station Flow,6.1
2026-09-15 12:44:00,Northern Owens Valley,Big Pine Ck. USGS Flow,21.2
2026-09-15 12:44:00,Northern Owens Valley,O.R. Below Big Pine,478.4
2026-09-15 12:44:00,Northern Owens Valley,Fish Springs At RR Flow,37.4
2026-09-15 12:44:00,Northern Owens Valley,Tinemaha Reservoir Outflow,428.4
2026-09-15 12:44:00,Northern Owens Valley,Bishop Creek Through Plant 6,65.6
2026-09-15 12:44:00,Northern Owens Valley,Bishop Creek Around Plant 6,6.3
2026-09-15 12:44:00,Southern Owens Valley,Tinemaha Reservoir Outflow,428.4
2026-09-15 12:44:00,Southern Owens Valley,Indep. Ck. At Junction Flow,3.3
2026-09-15 12:44:00,Southern Owens Valley,LAA at Alabama Flow,416.0
2026-09-15 12:44:00,Southern Owens Valley,LAA at Alabama Level,8.0
2026-09-15 12:44:00,Southern Owens Valley,LAA at Alabama Water Temp,65.9
2026-09-15 12:44:00,Southern Owens Valley,Cottonwood Ck. At LAA Flow,2.0
2026-09-15 12:44:00,Southern Owens Valley,LAA at Cottonwood Flow,447.0
2026-09-15 12:44:00,Southern Owens Valley,LAA at Cottonwood Level,8.8
2026-09-15 12:44:00,Southern Owens Valley,LAA at Cotton. Water Temp,67.8
2026-09-15 12:44:00,Southern Owens Valley,N. Haiwee Elevation,3756.8
2026-09-15 12:44:00,Southern Owens Valley,S. Haiwee Reservoir Elevation,3728.6
2026-09-15 12:44:00,Southern Owens Valley,Haiwee LAA #1 Current Flow,0.0
2026-09-15 12:44:00,Southern Owens Valley,Haiwee LAA #2 Current Flow,269.5
2026-09-15 12:44:00,Southern Owens Valley,Reinhackel Flow,2.9
2026-09-15 12:44:00,Southern Owens Valley,Lubkin Spillgate Outflow,0.0
2026-09-15 12:44:00,Southern Owens Valley,Cartago Spillgate Outflow,13.2
2026-09-15 12:44:00,Southern Owens Valley,Lone Pine Creek Flow,7.3
2026-09-15 12:44:00,Lower Owens River Project,LORP Intake Flow,79.0
2026-09-15 12:44:00,Lower Owens River Project,LORP at Mazourka Canyon Road,0.0
2026-09-15 12:44:00,Lower Owens River Project,LORP at Reinhackle Springs,57.0
2026-09-15 12:44:00,Lower Owens River Project,LORP Above Pumpstation,58.0
2026-09-15 12:44:00,Lower Owens River Project,LORP At Pump Station Discharge Flow,48.0
2026-09-15 12:44:00,Southern District,Haiwee LAA #2 Current Flow,269.5
2026-09-15 12:44:00,Southern District,S. Haiwee Reservoir Elevation,3728.6
2026-09-15 12:44:00,Southern District,Haiwee LAA #1 Current Flow,0.0
2026-09-15 12:44:00,Southern District,Fairmont Reservoir Elevation,3027.1
2026-09-15 12:44:00,Southern District,LAA #1 Flow at Fairmont Reservoir,132.3
2026-09-15 12:44:00,Southern District,LAA #2 Flow at Fairmont Res.,287.0
2026-09-15 12:44:00,Southern District,Bouquet Reservoir Elevation,2975.2
2026-09-15 12:44:00,Southern District,Bouquet Reservoir Inflow,0.0
2026-09-15 12:44:00,Southern District,Bouquet Reservoir Outflow,0.7
2026-09-15 12:44:00,Southern District,LAA #1 at Soledad Flow,183.8
2026-09-15 12:44:00,Southern District,LAA #2 at Soledad Flow,245.8
2026-09-15 12:58:59,Northern Owens Valley,Tinemaha Elevation,3861.0
2026-09-15 12:58:59,Southern Owens Valley,Tinemaha Elevation,3861.0
2026-09-15 12:58:59,Mono Basin,Lee Vining Intake Above Flow,38.2
2026-09-15 12:58:59,Mono Basin,Lee Vining Intake Below Flow,25.3
2026-09-15 12:58:59,Mono Basin,Mono Lk. Elevation,6381.8
2026-09-15 12:58:59,Mono Basin,Walker Ck. Above Conduit Flow,2.0
2026-09-15 12:58:59,Mono Basin,L.V. Conduit Below Intake Flow,13.3
2026-09-15 12:58:59,Mono Basin,Walker Ck. Under Conduit Flow,2.0
2026-09-15 12:58:59,Mono Basin,Parker Ck. Under Conduit Flow,8.0
2026-09-15 12:58:59,Mono Basin,Parker Ck. Above Conduit Flow,8.0
2026-09-15 12:58:59,Mono Basin,Grant Lk. Spill Flow,0.0
2026-09-15 12:58:59,Mono Basin,Mono Gate 1 Return Ditch Flow,30.2
2026-09-15 12:58:59,Mono Basin,Grant Lk. Elevation,7128.5
2026-09-15 12:58:59,Mono Basin,Grant Lk. Outflow,39.1
2026-09-15 12:58:59,Mono Basin,Rush Ck. at Damsite Flow,21.3
2026-09-15 12:58:59,Mono Basin,Flow to West Portal,9.5
2026-09-15 12:58:59,Long Valley,East Portal Flow,22.0
2026-09-15 12:58:59,Long Valley,OR Below EP Flow,67.0
2026-09-15 12:58:59,Long Valley,Hot Ck.at Hwy. Flow,4.0
2026-09-15 12:58:59,Long Valley,McGee Ck. Lower Sta. Flow,7.8
2026-09-15 12:58:59,Long Valley,Long Valley Elevation,6767.9
2026-09-15 12:58:59,Long Valley,Long Valley Current Outflow,581.5
2026-09-15 12:58:59,Long Valley,Rock Ck. Div. Flow,0.0
2026-09-15 12:58:59,Long Valley,Upper Gorge Total Release,35.7
2026-09-15 12:58:59,Long Valley,Release at Middle Gorge,0.0
2026-09-15 12:58:59,Northern Owens Valley,Rock Ck. At Owens River (PV) Flow,25.5
2026-09-15 12:58:59,Northern Owens Valley,Pleasant Valley Elevation,4384.6
2026-09-15 12:58:59,Northern Owens Valley,Pleasant Valley Outflow,508.9
2026-09-15 12:58:59,Northern Owens Valley,Baker Ck. At LA Station Flow,6.1
2026-09-15 12:58:59,Northern Owens Valley,Big Pine Ck. USGS Flow,21.2
2026-09-15 12:58:59,Northern Owens Valley,O.R. Below Big Pine,478.6
2026-09-15 12:58:59,Northern Owens Valley,Fish Springs At RR Flow,37.4
2026-09-15 12:58:59,Northern Owens Valley,Tinemaha Reservoir Outflow,428.4
2026-09-15 12:58:59,Northern Owens Valley,Bishop Creek Through Plant 6,61.0
2026-09-15 12:58:59,Northern Owens Valley,Bishop Creek Around Plant 6,6.4
2026-09-15 12:58:59,Southern Owens Valley,Tinemaha Reservoir Outflow,428.4
2026-09-15 12:58:59,Southern Owens Valley,Indep. Ck. At Junction Flow,3.3
2026-09-15 12:58:59,Southern Owens Valley,LAA at Alabama Flow,416.0
2026-09-15 12:58:59,Southern Owens Valley,LAA at Alabama Level,8.0
2026-09-15 12:58:59,Southern Owens Valley,LAA at Alabama Water Temp,65.9
2026-09-15 12:58:59,Southern Owens Valley,Cottonwood Ck. At LAA Flow,2.0
2026-09-15 12:58:59,Southern Owens Valley,LAA at Cottonwood Flow,448.0
2026-09-15 12:58:59,Southern Owens Valley,LAA at Cottonwood Level,8.8
2026-09-15 12:58:59,Southern Owens Valley,LAA at Cotton. Water Temp,67.9
2026-09-15 12:58:59,Southern Owens Valley,N. Haiwee Elevation,3756.8
2026-09-15 12:58:59,Southern Owens Valley,S. Haiwee Reservoir Elevation,3728.6
2026-09-15 12:58:59,Southern Owens Valley,Haiwee LAA #1 Current Flow,0.0
2026-09-15 12:58:59,Southern Owens Valley,Haiwee LAA #2 Current Flow,269.5
2026-09-15 12:58:59,Southern Owens Valley,Reinhackel Flow,2.9
2026-09-15 12:58:59,Southern Owens Valley,Lubkin Spillgate Outflow,0.0
2026-09-15 12:58:59,Southern Owens Valley,Cartago Spillgate Outflow,12.8
2026-09-15 12:58:59,Southern Owens Valley,Lone Pine Creek Flow,7.3
2026-09-15 12:58:59,Lower Owens River Project,LORP Intake Flow,79.0
2026-09-15 12:58:59,Lower Owens River Project,LORP at Mazourka Canyon Road,0.0
2026-09-15 12:58:59,Lower Owens River Project,LORP at Reinhackle Springs,57.0
2026-09-15 12:58:59,Lower Owens River Project,LORP Above Pumpstation,59.0
2026-09-15 12:58:59,Lower Owens River Project,LORP At Pump Station Discharge Flow,48.0
2026-09-15 12:58:59,Southern District,Haiwee LAA #2 Current Flow,269.5
2026-09-15 12:58:59,Southern District,S. Haiwee Reservoir Elevation,3728.6
2026-09-15 12:58:59,Southern District,Haiwee LAA #1 Current Flow,0.0
2026-09-15 12:58:59,Southern District,Fairmont Reservoir Elevation,3027.0
2026-09-15 12:58:59,Southern District,LAA #1 Flow at Fairmont Reservoir,131.6
2026-09-15 12:58:59,Southern District,LAA #2 Flow at Fairmont Res.,287.7
2026-09-15 12:58:59,Southern District,Bouquet Reservoir Elevation,2975.2
2026-09-15 12:58:59,Southern District,Bouquet Reservoir Inflow,0.0
2026-09-15 12:58:59,Southern District,Bouquet Reservoir Outflow,0.7
2026-09-15 12:58:59,Southern District,LAA #1 at Soledad Flow,183.8
2026-09-15 12:58:59,Southern District,LAA #2 at Soledad Flow,245.8
2026-09-15 13:13:58,Mono Basin,Lee Vining Intake Above Flow,38.2
2026-09-15 13:13:58,Mono Basin,Lee Vining Intake Below Flow,25.3
2026-09-15 13:13:58,Mono Basin,Walker Ck. Above Conduit Flow,2.0
2026-09-15 13:13:58,Mono Basin,L.V. Conduit Below Intake Flow,13.3
2026-09-15 13:13:58,Mono Basin,Walker Ck. Under Conduit Flow,2.0
2026-09-15 13:13:58,Mono Basin,Parker Ck. Under Conduit Flow,8.0
2026-09-15 13:13:58,Mono Basin,Parker Ck. Above Conduit Flow,8.0
2026-09-15 13:13:58,Mono Basin,Grant Lk. Outflow,39.1
2026-09-15 13:13:58,Mono Basin,Rush Ck. at Damsite Flow,21.3
2026-09-15 13:13:58,Long Valley,OR Below EP Flow,67.0
2026-09-15 13:13:58,Long Valley,Hot Ck.at Hwy. Flow,4.0
2026-09-15 13:13:58,Long Valley,McGee Ck. Lower Sta. Flow,7.8
2026-09-15 13:13:58,Long Valley,Long Valley Current Outflow,581.5
2026-09-15 13:13:58,Long Valley,Rock Ck. Div. Flow,0.0
2026-09-15 13:13:58,Long Valley,Upper Gorge Total Release,35.4
2026-09-15 13:13:58,Long Valley,Release at Middle Gorge,0.0
2026-09-15 13:13:58,Northern Owens Valley,Rock Ck. At Owens River (PV) Flow,25.5
2026-09-15 13:13:58,Northern Owens Valley,Pleasant Valley Outflow,508.9
2026-09-15 13:13:58,Northern Owens Valley,Baker Ck. At LA Station Flow,6.1
2026-09-15 13:13:58,Northern Owens Valley,Big Pine Ck. USGS Flow,21.2
2026-09-15 13:13:58,Northern Owens Valley,O.R. Below Big Pine,479.5
2026-09-15 13:13:58,Northern Owens Valley,Fish Springs At RR Flow,37.4
2026-09-15 13:13:58,Northern Owens Valley,Tinemaha Reservoir Outflow,428.4
2026-09-15 13:13:58,Northern Owens Valley,Bishop Creek Through Plant 6,66.7
2026-09-15 13:13:58,Northern Owens Valley,Bishop Creek Around Plant 6,6.4
2026-09-15 13:13:58,Southern Owens Valley,Tinemaha Reservoir Outflow,428.4
2026-09-15 13:13:58,Southern Owens Valley,Indep. Ck. At Junction Flow,3.3
2026-09-15 13:13:58,Southern Owens Valley,LAA at Alabama Flow,416.0
2026-09-15 13:13:58,Southern Owens Valley,Cottonwood Ck. At LAA Flow,2.0
2026-09-15 13:13:58,Southern Owens Valley,LAA at Cottonwood Flow,448.0
2026-09-15 13:13:58,Southern Owens Valley,Haiwee LAA #1 Current Flow,0.0
2026-09-15 13:13:58,Southern Owens Valley,Haiwee LAA #2 Current Flow,269.5
2026-09-15 13:13:58,Southern Owens Valley,Reinhackel Flow,2.9
2026-09-15 13:13:58,Southern Owens Valley,Lubkin Spillgate Outflow,0.0
2026-09-15 13:13:58,Southern Owens Valley,Cartago Spillgate Outflow,12.8
2026-09-15 13:13:58,Southern Owens Valley,Lone Pine Creek Flow,7.2
2026-09-15 13:13:58,Lower Owens River Project,LORP Intake Flow,79.0
2026-09-15 13:13:58,Lower Owens River Project,LORP at Mazourka Canyon Road,0.0
2026-09-15 13:13:58,Lower Owens River Project,LORP at Reinhackle Springs,57.0
2026-09-15 13:13:58,Lower Owens River Project,LORP Above Pumpstation,58.0
2026-09-15 13:13:58,Lower Owens River Project,LORP At Pump Station Discharge Flow,48.0
2026-09-15 13:13:58,Southern District,Haiwee LAA #2 Current Flow,269.5
2026-09-15 13:13:58,Southern District,Haiwee LAA #1 Current Flow,0.0
2026-09-15 13:13:59,Mono Basin,Mono Lk. Elevation,6381.8
2026-09-15 13:13:59,Mono Basin,Grant Lk. Spill Flow,0.0
2026-09-15 13:13:59,Mono Basin,Mono Gate 1 Return Ditch Flow,30.2
2026-09-15 13:13:59,Mono Basin,Grant Lk. Elevation,7128.5
2026-09-15 13:13:59,Mono Basin,Flow to West Portal,9.5
2026-09-15 13:13:59,Long Valley,East Portal Flow,22.0
2026-09-15 13:13:59,Long Valley,Long Valley Elevation,6767.9
2026-09-15 13:13:59,Northern Owens Valley,Pleasant Valley Elevation,4384.6
2026-09-15 13:13:59,Southern Owens Valley,LAA at Alabama Level,8.0
2026-09-15 13:13:59,Southern Owens Valley,LAA at Alabama Water Temp,66.3
2026-09-15 13:13:59,Southern Owens Valley,LAA at Cottonwood Level,8.8
2026-09-15 13:13:59,Southern Owens Valley,LAA at Cotton. Water Temp,68.0
2026-09-15 13:13:59,Southern Owens Valley,N. Haiwee Elevation,3756.8
2026-09-15 13:13:59,Southern Owens Valley,S. Haiwee Reservoir Elevation,3728.6
2026-09-15 13:13:59,Southern District,S. Haiwee Reservoir Elevation,3728.6
2026-09-15 13:13:59,Southern District,Fairmont Reservoir Elevation,3027.0
2026-09-15 13:13:59,Southern District,LAA #1 Flow at Fairmont Reservoir,130.3
2026-09-15 13:13:59,Southern District,LAA #2 Flow at Fairmont Res.,287.8
2026-09-15 13:13:59,Southern District,Bouquet Reservoir Elevation,2975.2
2026-09-15 13:13:59,Southern District,Bouquet Reservoir Inflow,0.0
2026-09-15 13:13:59,Southern District,Bouquet Reservoir Outflow,0.7
2026-09-15 13:13:59,Southern District,LAA #1 at Soledad Flow,183.8
2026-09-15 13:13:59,Southern District,LAA #2 at Soledad Flow,245.8
2026-09-15 13:28:59,Mono Basin,Lee Vining Intake Above Flow,38.2
2026-09-15 13:28:59,Mono Basin,Lee Vining Intake Below Flow,25.3
2026-09-15 13:28:59,Mono Basin,Walker Ck. Above Conduit Flow,2.0
2026-09-15 13:28:59,Mono Basin,L.V. Conduit Below Intake Flow,13.3
2026-09-15 13:28:59,Mono Basin,Walker Ck. Under Conduit Flow,2.0
2026-09-15 13:28:59,Mono Basin,Parker Ck. Under Conduit Flow,8.0
2026-09-15 13:28:59,Mono Basin,Parker Ck. Above Conduit Flow,8.0
2026-09-15 13:28:59,Mono Basin,Grant Lk. Spill Flow,0.0
2026-09-15 13:28:59,Mono Basin,Mono Gate 1 Return Ditch Flow,30.2
2026-09-15 13:28:59,Mono Basin,Grant Lk. Outflow,39.2
2026-09-15 13:28:59,Mono Basin,Rush Ck. at Damsite Flow,21.3
2026-09-15 13:28:59,Mono Basin,Flow to West Portal,9.5
2026-09-15 13:28:59,Long Valley,East Portal Flow,22.0
2026-09-15 13:28:59,Long Valley,OR Below EP Flow,66.0
2026-09-15 13:28:59,Long Valley,Hot Ck.at Hwy. Flow,4.0
2026-09-15 13:28:59,Long Valley,McGee Ck. Lower Sta. Flow,7.8
2026-09-15 13:28:59,Long Valley,Long Valley Current Outflow,579.0
2026-09-15 13:28:59,Long Valley,Rock Ck. Div. Flow,0.0
2026-09-15 13:28:59,Long Valley,Upper Gorge Total Release,35.2
2026-09-15 13:28:59,Long Valley,Release at Middle Gorge,0.0
2026-09-15 13:28:59,Northern Owens Valley,Rock Ck. At Owens River (PV) Flow,25.5
2026-09-15 13:28:59,Northern Owens Valley,Pleasant Valley Outflow,509.3
2026-09-15 13:28:59,Northern Owens Valley,Baker Ck. At LA Station Flow,6.1
2026-09-15 13:28:59,Northern Owens Valley,Big Pine Ck. USGS Flow,21.2
2026-09-15 13:28:59,Northern Owens Valley,O.R. Below Big Pine,478.7
2026-09-15 13:28:59,Northern Owens Valley,Fish Springs At RR Flow,37.4
2026-09-15 13:28:59,Northern Owens Valley,Tinemaha Reservoir Outflow,428.4
2026-09-15 13:28:59,Northern Owens Valley,Bishop Creek Through Plant 6,66.9
2026-09-15 13:28:59,Northern Owens Valley,Bishop Creek Around Plant 6,6.4
2026-09-15 13:28:59,Southern Owens Valley,Tinemaha Reservoir Outflow,428.4
2026-09-15 13:28:59,Southern Owens Valley,Indep. Ck. At Junction Flow,3.3
2026-09-15 13:28:59,Southern Owens Valley,LAA at Alabama Flow,416.0
2026-09-15 13:28:59,Southern Owens Valley,LAA at Alabama Level,8.0
2026-09-15 13:28:59,Southern Owens Valley,LAA at Alabama Water Temp,66.3
2026-09-15 13:28:59,Southern Owens Valley,Cottonwood Ck. At LAA Flow,2.0
2026-09-15 13:28:59,Southern Owens Valley,LAA at Cottonwood Flow,448.0
2026-09-15 13:28:59,Southern Owens Valley,LAA at Cottonwood Level,8.8
2026-09-15 13:28:59,Southern Owens Valley,LAA at Cotton. Water Temp,68.0
2026-09-15 13:28:59,Southern Owens Valley,Haiwee LAA #1 Current Flow,0.0
2026-09-15 13:28:59,Southern Owens Valley,Haiwee LAA #2 Current Flow,269.5
2026-09-15 13:28:59,Southern Owens Valley,Reinhackel Flow,2.9
2026-09-15 13:28:59,Southern Owens Valley,Lubkin Spillgate Outflow,0.0
2026-09-15 13:28:59,Southern Owens Valley,Cartago Spillgate Outflow,15.3
2026-09-15 13:28:59,Southern Owens Valley,Lone Pine Creek Flow,7.2
2026-09-15 13:28:59,Lower Owens River Project,LORP Intake Flow,79.0
2026-09-15 13:28:59,Lower Owens River Project,LORP at Mazourka Canyon Road,0.0
2026-09-15 13:28:59,Lower Owens River Project,LORP at Reinhackle Springs,58.0
2026-09-15 13:28:59,Lower Owens River Project,LORP Above Pumpstation,50.0
2026-09-15 13:28:59,Lower Owens River Project,LORP At Pump Station Discharge Flow,38.0
2026-09-15 13:28:59,Southern District,Haiwee LAA #2 Current Flow,269.5
2026-09-15 13:28:59,Southern District,Haiwee LAA #1 Current Flow,0.0
2026-09-15 13:28:59,Southern District,LAA #1 Flow at Fairmont Reservoir,128.7
2026-09-15 13:28:59,Southern District,LAA #2 Flow at Fairmont Res.,287.7
2026-09-15 13:28:59,Southern District,Bouquet Reservoir Inflow,0.0
2026-09-15 13:28:59,Southern District,Bouquet Reservoir Outflow,0.7
2026-09-15 13:28:59,Southern District,LAA #1 at Soledad Flow,183.8
2026-09-15 13:28:59,Southern District,LAA #2 at Soledad Flow,245.8
2026-09-15 13:29:00,Northern Owens Valley,Tinemaha Elevation,3861.0
2026-09-15 13:29:00,Southern Owens Valley,Tinemaha Elevation,3861.0
2026-09-15 13:29:00,Mono Basin,Mono Lk. Elevation,6381.8
2026-09-15 13:29:00,Mono Basin,Grant Lk. Elevation,7128.5
2026-09-15 13:29:00,Long Valley,Long Valley Elevation,6767.9
2026-09-15 13:29:00,Northern Owens Valley,Pleasant Valley Elevation,4384.6
2026-09-15 13:29:00,Southern Owens Valley,N. Haiwee Elevation,3756.8
2026-09-15 13:29:00,Southern Owens Valley,S. Haiwee Reservoir Elevation,3728.6
2026-09-15 13:29:00,Southern District,S. Haiwee Reservoir Elevation,3728.6
2026-09-15 13:29:00,Southern District,Fairmont Reservoir Elevation,3027.0
2026-09-15 13:29:00,Southern District,Bouquet Reservoir Elevation,2975.2
2026-09-15 13:44:00,Mono Basin,Lee Vining Intake Above Flow,37.1
2026-09-15 13:44:00,Mono Basin,Lee Vining Intake Below Flow,25.4
2026-09-15 13:44:00,Mono Basin,Mono Lk. Elevation,6381.8
2026-09-15 13:44:00,Mono Basin,Walker Ck. Above Conduit Flow,2.0
2026-09-15 13:44:00,Mono Basin,L.V. Conduit Below Intake Flow,14.0
2026-09-15 13:44:00,Mono Basin,Walker Ck. Under Conduit Flow,2.0
2026-09-15 13:44:00,Mono Basin,Parker Ck. Under Conduit Flow,8.0
2026-09-15 13:44:00,Mono Basin,Parker Ck. Above Conduit Flow,8.0
2026-09-15 13:44:00,Mono Basin,Grant Lk. Spill Flow,0.0
2026-09-15 13:44:00,Mono Basin,Mono Gate 1 Return Ditch Flow,30.2
2026-09-15 13:44:00,Mono Basin,Grant Lk. Elevation,7128.5
2026-09-15 13:44:00,Mono Basin,Grant Lk. Outflow,39.2
2026-09-15 13:44:00,Mono Basin,Rush Ck. at Damsite Flow,21.3
2026-09-15 13:44:00,Mono Basin,Flow to West Portal,9.5
2026-09-15 13:44:00,Long Valley,East Portal Flow,22.0
2026-09-15 13:44:00,Long Valley,OR Below EP Flow,66.0
2026-09-15 13:44:00,Long Valley,Hot Ck.at Hwy. Flow,4.0
2026-09-15 13:44:00,Long Valley,McGee Ck. Lower Sta. Flow,7.8
2026-09-15 13:44:00,Long Valley,Long Valley Elevation,6767.9
2026-09-15 13:44:00,Long Valley,Long Valley Current Outflow,579.0
2026-09-15 13:44:00,Long Valley,Rock Ck. Div. Flow,0.0
2026-09-15 13:44:00,Long Valley,Upper Gorge Total Release,34.4
2026-09-15 13:44:00,Long Valley,Release at Middle Gorge,0.0
2026-09-15 13:44:00,Northern Owens Valley,Rock Ck. At Owens River (PV) Flow,25.5
2026-09-15 13:44:00,Northern Owens Valley,Pleasant Valley Elevation,4384.6
2026-09-15 13:44:00,Northern Owens Valley,Pleasant Valley Outflow,509.2
2026-09-15 13:44:00,Northern Owens Valley,Baker Ck. At LA Station Flow,6.1
2026-09-15 13:44:00,Northern Owens Valley,Big Pine Ck. USGS Flow,21.2
2026-09-15 13:44:00,Northern Owens Valley,O.R. Below Big Pine,479.6
2026-09-15 13:44:00,Northern Owens Valley,Fish Springs At RR Flow,37.4
2026-09-15 13:44:00,Northern Owens Valley,Tinemaha Reservoir Outflow,428.4
2026-09-15 13:44:00,Northern Owens Valley,Bishop Creek Through Plant 6,61.6
2026-09-15 13:44:00,Northern Owens Valley,Bishop Creek Around Plant 6,6.4
2026-09-15 13:44:00,Southern Owens Valley,Tinemaha Reservoir Outflow,428.4
2026-09-15 13:44:00,Southern Owens Valley,Indep. Ck. At Junction Flow,3.3
2026-09-15 13:44:00,Southern Owens Valley,LAA at Alabama Flow,415.0
2026-09-15 13:44:00,Southern Owens Valley,LAA at Alabama Level,8.0
2026-09-15 13:44:00,Southern Owens Valley,LAA at Alabama Water Temp,66.6
2026-09-15 13:44:00,Southern Owens Valley,Cottonwood Ck. At LAA Flow,2.0
2026-09-15 13:44:00,Southern Owens Valley,LAA at Cottonwood Flow,447.0
2026-09-15 13:44:00,Southern Owens Valley,LAA at Cottonwood Level,8.8
2026-09-15 13:44:00,Southern Owens Valley,LAA at Cotton. Water Temp,68.2
2026-09-15 13:44:00,Southern Owens Valley,N. Haiwee Elevation,3756.8
2026-09-15 13:44:00,Southern Owens Valley,S. Haiwee Reservoir Elevation,3728.6
2026-09-15 13:44:00,Southern Owens Valley,Haiwee LAA #1 Current Flow,0.0
2026-09-15 13:44:00,Southern Owens Valley,Haiwee LAA #2 Current Flow,269.5
2026-09-15 13:44:00,Southern Owens Valley,Reinhackel Flow,2.9
2026-09-15 13:44:00,Southern Owens Valley,Lubkin Spillgate Outflow,0.0
2026-09-15 13:44:00,Southern Owens Valley,Cartago Spillgate Outflow,11.7
2026-09-15 13:44:00,Southern Owens Valley,Lone Pine Creek Flow,7.2
2026-09-15 13:44:00,Lower Owens River Project,LORP Intake Flow,79.0
2026-09-15 13:44:00,Lower Owens River Project,LORP at Mazourka Canyon Road,0.0
2026-09-15 13:44:00,Lower Owens River Project,LORP at Reinhackle Springs,58.0
2026-09-15 13:44:00,Lower Owens River Project,LORP Above Pumpstation,48.0
2026-09-15 13:44:00,Lower Owens River Project,LORP At Pump Station Discharge Flow,37.0
2026-09-15 13:44:00,Southern District,Haiwee LAA #2 Current Flow,269.5
2026-09-15 13:44:00,Southern District,S. Haiwee Reservoir Elevation,3728.6
2026-09-15 13:44:00,Southern District,Haiwee LAA #1 Current Flow,0.0
2026-09-15 13:44:00,Southern District,Fairmont Reservoir Elevation,3027.0
2026-09-15 13:44:00,Southern District,LAA #1 Flow at Fairmont Reservoir,128.2
2026-09-15 13:44:00,Southern District,LAA #2 Flow at Fairmont Res.,287.9
2026-09-15 13:44:00,Southern District,Bouquet Reservoir Elevation,2975.2
2026-09-15 13:44:00,Southern District,Bouquet Reservoir Inflow,0.0
2026-09-15 13:44:00,Southern District,Bouquet Reservoir Outflow,0.7
2026-09-15 13:44:00,Southern District,LAA #1 at Soledad Flow,183.8
2026-09-15 13:44:00,Southern District,LAA #2 at Soledad Flow,245.8
2026-09-15 13:58:59,Northern Owens Valley,Tinemaha Elevation,3861.0
2026-09-15 13:58:59,Southern Owens Valley,Tinemaha Elevation,3861.0
2026-09-15 13:58:59,Mono Basin,Lee Vining Intake Above Flow,37.1
2026-09-15 13:58:59,Mono Basin,Lee Vining Intake Below Flow,25.4
2026-09-15 13:58:59,Mono Basin,Mono Lk. Elevation,6381.8
2026-09-15 13:58:59,Mono Basin,Walker Ck. Above Conduit Flow,2.0
2026-09-15 13:58:59,Mono Basin,L.V. Conduit Below Intake Flow,14.0
2026-09-15 13:58:59,Mono Basin,Walker Ck. Under Conduit Flow,2.0
2026-09-15 13:58:59,Mono Basin,Parker Ck. Under Conduit Flow,8.0
2026-09-15 13:58:59,Mono Basin,Parker Ck. Above Conduit Flow,8.0
2026-09-15 13:58:59,Mono Basin,Grant Lk. Spill Flow,0.0
2026-09-15 13:58:59,Mono Basin,Mono Gate 1 Return Ditch Flow,29.9
2026-09-15 13:58:59,Mono Basin,Grant Lk. Elevation,7128.6
2026-09-15 13:58:59,Mono Basin,Grant Lk. Outflow,38.9
2026-09-15 13:58:59,Mono Basin,Rush Ck. at Damsite Flow,21.3
2026-09-15 13:58:59,Mono Basin,Flow to West Portal,9.5
2026-09-15 13:58:59,Long Valley,East Portal Flow,22.0
2026-09-15 13:58:59,Long Valley,OR Below EP Flow,66.0
2026-09-15 13:58:59,Long Valley,Hot Ck.at Hwy. Flow,4.0
2026-09-15 13:58:59,Long Valley,McGee Ck. Lower Sta. Flow,7.8
2026-09-15 13:58:59,Long Valley,Long Valley Elevation,6767.9
2026-09-15 13:58:59,Long Valley,Long Valley Current Outflow,577.6
2026-09-15 13:58:59,Long Valley,Rock Ck. Div. Flow,0.0
2026-09-15 13:58:59,Long Valley,Upper Gorge Total Release,35.8
2026-09-15 13:58:59,Long Valley,Release at Middle Gorge,0.0
2026-09-15 13:58:59,Northern Owens Valley,Rock Ck. At Owens River (PV) Flow,25.5
2026-09-15 13:58:59,Northern Owens Valley,Pleasant Valley Elevation,4384.7
2026-09-15 13:58:59,Northern Owens Valley,Pleasant Valley Outflow,509.7
2026-09-15 13:58:59,Northern Owens Valley,Baker Ck. At LA Station Flow,6.1
2026-09-15 13:58:59,Northern Owens Valley,Big Pine Ck. USGS Flow,21.2
2026-09-15 13:58:59,Northern Owens Valley,O.R. Below Big Pine,479.3
2026-09-15 13:58:59,Northern Owens Valley,Fish Springs At RR Flow,37.4
2026-09-15 13:58:59,Northern Owens Valley,Tinemaha Reservoir Outflow,428.4
2026-09-15 13:58:59,Northern Owens Valley,Bishop Creek Through Plant 6,68.0
2026-09-15 13:58:59,Northern Owens Valley,Bishop Creek Around Plant 6,6.4
2026-09-15 13:58:59,Southern Owens Valley,Tinemaha Reservoir Outflow,428.4
2026-09-15 13:58:59,Southern Owens Valley,Indep. Ck. At Junction Flow,3.3
2026-09-15 13:58:59,Southern Owens Valley,LAA at Alabama Flow,417.0
2026-09-15 13:58:59,Southern Owens Valley,LAA at Alabama Level,8.0
2026-09-15 13:58:59,Southern Owens Valley,LAA at Alabama Water Temp,66.8
2026-09-15 13:58:59,Southern Owens Valley,Cottonwood Ck. At LAA Flow,2.0
2026-09-15 13:58:59,Southern Owens Valley,LAA at Cottonwood Flow,447.0
2026-09-15 13:58:59,Southern Owens Valley,LAA at Cottonwood Level,8.8
2026-09-15 13:58:59,Southern Owens Valley,LAA at Cotton. Water Temp,68.2
2026-09-15 13:58:59,Southern Owens Valley,N. Haiwee Elevation,3756.8
2026-09-15 13:58:59,Southern Owens Valley,S. Haiwee Reservoir Elevation,3728.6
2026-09-15 13:58:59,Southern Owens Valley,Haiwee LAA #1 Current Flow,0.0
2026-09-15 13:58:59,Southern Owens Valley,Haiwee LAA #2 Current Flow,269.5
2026-09-15 13:58:59,Southern Owens Valley,Reinhackel Flow,2.9
2026-09-15 13:58:59,Southern Owens Valley,Lubkin Spillgate Outflow,0.0
2026-09-15 13:58:59,Southern Owens Valley,Cartago Spillgate Outflow,11.9
2026-09-15 13:58:59,Southern Owens Valley,Lone Pine Creek Flow,7.2
2026-09-15 13:58:59,Lower Owens River Project,LORP Intake Flow,79.0
2026-09-15 13:58:59,Lower Owens River Project,LORP at Mazourka Canyon Road,0.0
2026-09-15 13:58:59,Lower Owens River Project,LORP at Reinhackle Springs,58.0
2026-09-15 13:58:59,Lower Owens River Project,LORP Above Pumpstation,48.0
2026-09-15 13:58:59,Lower Owens River Project,LORP At Pump Station Discharge Flow,37.0
2026-09-15 13:58:59,Southern District,Haiwee LAA #2 Current Flow,269.5
2026-09-15 13:58:59,Southern District,S. Haiwee Reservoir Elevation,3728.6
2026-09-15 13:58:59,Southern District,Haiwee LAA #1 Current Flow,0.0
2026-09-15 13:58:59,Southern District,Fairmont Reservoir Elevation,3026.9
2026-09-15 13:58:59,Southern District,LAA #1 Flow at Fairmont Reservoir,127.9
2026-09-15 13:58:59,Southern District,LAA #2 Flow at Fairmont Res.,288.0
2026-09-15 13:58:59,Southern District,Bouquet Reservoir Elevation,2975.2
2026-09-15 13:58:59,Southern District,Bouquet Reservoir Inflow,0.0
2026-09-15 13:58:59,Southern District,Bouquet Reservoir Outflow,0.7
2026-09-15 13:58:59,Southern District,LAA #1 at Soledad Flow,183.8
2026-09-15 13:58:59,Southern District,LAA #2 at Soledad Flow,245.8
2026-09-15 14:13:59,Mono Basin,Lee Vining Intake Above Flow,37.1
2026-09-15 14:13:59,Mono Basin,Lee Vining Intake Below Flow,25.4
2026-09-15 14:13:59,Mono Basin,Mono Lk. Elevation,6381.8
2026-09-15 14:13:59,Mono Basin,Walker Ck. Above Conduit Flow,2.0
2026-09-15 14:13:59,Mono Basin,L.V. Conduit Below Intake Flow,14.0
2026-09-15 14:13:59,Mono Basin,Walker Ck. Under Conduit Flow,2.0
2026-09-15 14:13:59,Mono Basin,Parker Ck. Under Conduit Flow,8.0
2026-09-15 14:13:59,Mono Basin,Parker Ck. Above Conduit Flow,8.0
2026-09-15 14:13:59,Mono Basin,Grant Lk. Spill Flow,0.0
2026-09-15 14:13:59,Mono Basin,Mono Gate 1 Return Ditch Flow,29.9
2026-09-15 14:13:59,Mono Basin,Grant Lk. Elevation,7128.6
2026-09-15 14:13:59,Mono Basin,Grant Lk. Outflow,38.9
2026-09-15 14:13:59,Mono Basin,Rush Ck. at Damsite Flow,21.3
2026-09-15 14:13:59,Mono Basin,Flow to West Portal,9.5
2026-09-15 14:13:59,Long Valley,East Portal Flow,22.0
2026-09-15 14:13:59,Long Valley,OR Below EP Flow,66.0
2026-09-15 14:13:59,Long Valley,Hot Ck.at Hwy. Flow,4.0
2026-09-15 14:13:59,Long Valley,McGee Ck. Lower Sta. Flow,7.8
2026-09-15 14:13:59,Long Valley,Long Valley Elevation,6767.9
2026-09-15 14:13:59,Long Valley,Long Valley Current Outflow,577.6
2026-09-15 14:13:59,Long Valley,Rock Ck. Div. Flow,0.0
2026-09-15 14:13:59,Long Valley,Upper Gorge Total Release,36.2
2026-09-15 14:13:59,Long Valley,Release at Middle Gorge,0.0
2026-09-15 14:13:59,Northern Owens Valley,Rock Ck. At Owens River (PV) Flow,25.4
2026-09-15 14:13:59,Northern Owens Valley,Pleasant Valley Elevation,4384.7
2026-09-15 14:13:59,Northern Owens Valley,Pleasant Valley Outflow,510.4
2026-09-15 14:13:59,Northern Owens Valley,Baker Ck. At LA Station Flow,6.1
2026-09-15 14:13:59,Northern Owens Valley,Big Pine Ck. USGS Flow,21.2
2026-09-15 14:13:59,Northern Owens Valley,O.R. Below Big Pine,479.6
2026-09-15 14:13:59,Northern Owens Valley,Fish Springs At RR Flow,37.4
2026-09-15 14:13:59,Northern Owens Valley,Tinemaha Reservoir Outflow,428.4
2026-09-15 14:13:59,Northern Owens Valley,Bishop Creek Through Plant 6,68.0
2026-09-15 14:13:59,Northern Owens Valley,Bishop Creek Around Plant 6,6.4
2026-09-15 14:13:59,Southern Owens Valley,Tinemaha Reservoir Outflow,428.4
2026-09-15 14:13:59,Southern Owens Valley,Indep. Ck. At Junction Flow,3.3
2026-09-15 14:13:59,Southern Owens Valley,LAA at Alabama Flow,418.0
2026-09-15 14:13:59,Southern Owens Valley,LAA at Alabama Level,8.0
2026-09-15 14:13:59,Southern Owens Valley,LAA at Alabama Water Temp,66.8
2026-09-15 14:13:59,Southern Owens Valley,Cottonwood Ck. At LAA Flow,2.0
2026-09-15 14:13:59,Southern Owens Valley,LAA at Cottonwood Flow,446.0
2026-09-15 14:13:59,Southern Owens Valley,LAA at Cottonwood Level,8.8
2026-09-15 14:13:59,Southern Owens Valley,LAA at Cotton. Water Temp,68.3
2026-09-15 14:13:59,Southern Owens Valley,N. Haiwee Elevation,3756.8
2026-09-15 14:13:59,Southern Owens Valley,S. Haiwee Reservoir Elevation,3728.6
2026-09-15 14:13:59,Southern Owens Valley,Haiwee LAA #1 Current Flow,0.0
2026-09-15 14:13:59,Southern Owens Valley,Haiwee LAA #2 Current Flow,269.5
2026-09-15 14:13:59,Southern Owens Valley,Reinhackel Flow,2.9
2026-09-15 14:13:59,Southern Owens Valley,Lubkin Spillgate Outflow,0.0
2026-09-15 14:13:59,Southern Owens Valley,Cartago Spillgate Outflow,11.9
2026-09-15 14:13:59,Southern Owens Valley,Lone Pine Creek Flow,7.1
2026-09-15 14:13:59,Lower Owens River Project,LORP Intake Flow,79.0
2026-09-15 14:13:59,Lower Owens River Project,LORP at Mazourka Canyon Road,0.0
2026-09-15 14:13:59,Lower Owens River Project,LORP at Reinhackle Springs,58.0
2026-09-15 14:13:59,Lower Owens River Project,LORP Above Pumpstation,49.0
2026-09-15 14:13:59,Lower Owens River Project,LORP At Pump Station Discharge Flow,37.0
2026-09-15 14:13:59,Southern District,Haiwee LAA #2 Current Flow,269.5
2026-09-15 14:13:59,Southern District,S. Haiwee Reservoir Elevation,3728.6
2026-09-15 14:13:59,Southern District,Haiwee LAA #1 Current Flow,0.0
2026-09-15 14:13:59,Southern District,Fairmont Reservoir Elevation,3026.9
2026-09-15 14:13:59,Southern District,LAA #1 Flow at Fairmont Reservoir,125.2
2026-09-15 14:13:59,Southern District,LAA #2 Flow at Fairmont Res.,288.1
2026-09-15 14:13:59,Southern District,Bouquet Reservoir Elevation,2975.2
2026-09-15 14:13:59,Southern District,Bouquet Reservoir Inflow,0.0
2026-09-15 14:13:59,Southern District,Bouquet Reservoir Outflow,0.7
2026-09-15 14:13:59,Southern District,LAA #1 at Soledad Flow,183.8
2026-09-15 14:13:59,Southern District,LAA #2 at Soledad Flow,245.8
2026-09-15 14:28:58,Mono Basin,Lee Vining Intake Above Flow,37.1
2026-09-15 14:28:58,Mono Basin,Lee Vining Intake Below Flow,25.4
2026-09-15 14:28:58,Mono Basin,Walker Ck. Above Conduit Flow,2.0
2026-09-15 14:28:58,Mono Basin,L.V. Conduit Below Intake Flow,14.0
2026-09-15 14:28:58,Mono Basin,Walker Ck. Under Conduit Flow,2.0
2026-09-15 14:28:58,Mono Basin,Parker Ck. Under Conduit Flow,8.0
2026-09-15 14:28:58,Mono Basin,Parker Ck. Above Conduit Flow,8.0
2026-09-15 14:28:58,Mono Basin,Grant Lk. Spill Flow,0.0
2026-09-15 14:28:58,Mono Basin,Mono Gate 1 Return Ditch Flow,29.9
2026-09-15 14:28:58,Mono Basin,Grant Lk. Outflow,39.0
2026-09-15 14:28:58,Mono Basin,Rush Ck. at Damsite Flow,21.3
2026-09-15 14:28:58,Mono Basin,Flow to West Portal,9.5
2026-09-15 14:28:58,Long Valley,East Portal Flow,22.0
2026-09-15 14:28:58,Long Valley,OR Below EP Flow,66.0
2026-09-15 14:28:58,Long Valley,Hot Ck.at Hwy. Flow,4.0
2026-09-15 14:28:58,Long Valley,McGee Ck. Lower Sta. Flow,7.8
2026-09-15 14:28:58,Long Valley,Long Valley Current Outflow,581.5
2026-09-15 14:28:58,Long Valley,Rock Ck. Div. Flow,0.0
2026-09-15 14:28:58,Long Valley,Upper Gorge Total Release,36.4
2026-09-15 14:28:58,Long Valley,Release at Middle Gorge,0.0
2026-09-15 14:28:58,Northern Owens Valley,Rock Ck. At Owens River (PV) Flow,25.3
2026-09-15 14:28:58,Northern Owens Valley,Pleasant Valley Outflow,510.6
2026-09-15 14:28:58,Northern Owens Valley,Baker Ck. At LA Station Flow,6.1
2026-09-15 14:28:58,Northern Owens Valley,Big Pine Ck. USGS Flow,21.2
2026-09-15 14:28:58,Northern Owens Valley,O.R. Below Big Pine,479.8
2026-09-15 14:28:58,Northern Owens Valley,Fish Springs At RR Flow,37.4
2026-09-15 14:28:58,Northern Owens Valley,Tinemaha Reservoir Outflow,428.4
2026-09-15 14:28:58,Northern Owens Valley,Bishop Creek Through Plant 6,68.0
2026-09-15 14:28:58,Northern Owens Valley,Bishop Creek Around Plant 6,6.4
2026-09-15 14:28:58,Southern Owens Valley,Tinemaha Reservoir Outflow,428.4
2026-09-15 14:28:58,Southern Owens Valley,Indep. Ck. At Junction Flow,3.3
2026-09-15 14:28:58,Southern Owens Valley,LAA at Alabama Flow,418.0
2026-09-15 14:28:58,Southern Owens Valley,Cottonwood Ck. At LAA Flow,2.0
2026-09-15 14:28:58,Southern Owens Valley,LAA at Cottonwood Flow,446.0
2026-09-15 14:28:58,Southern Owens Valley,Haiwee LAA #1 Current Flow,0.0
2026-09-15 14:28:58,Southern Owens Valley,Haiwee LAA #2 Current Flow,269.5
2026-09-15 14:28:58,Southern Owens Valley,Reinhackel Flow,2.9
2026-09-15 14:28:58,Southern Owens Valley,Lubkin Spillgate Outflow,0.0
2026-09-15 14:28:58,Southern Owens Valley,Cartago Spillgate Outflow,13.3
2026-09-15 14:28:58,Southern Owens Valley,Lone Pine Creek Flow,7.1
2026-09-15 14:28:58,Lower Owens River Project,LORP Intake Flow,79.0
2026-09-15 14:28:58,Lower Owens River Project,LORP at Mazourka Canyon Road,0.0
2026-09-15 14:28:58,Lower Owens River Project,LORP at Reinhackle Springs,58.0
2026-09-15 14:28:58,Lower Owens River Project,LORP Above Pumpstation,49.0
2026-09-15 14:28:58,Lower Owens River Project,LORP At Pump Station Discharge Flow,38.0
2026-09-15 14:28:58,Southern District,Haiwee LAA #2 Current Flow,269.5
2026-09-15 14:28:58,Southern District,Haiwee LAA #1 Current Flow,0.0
2026-09-15 14:28:58,Southern District,LAA #1 Flow at Fairmont Reservoir,123.6
2026-09-15 14:28:58,Southern District,LAA #2 Flow at Fairmont Res.,287.9
2026-09-15 14:28:58,Southern District,Bouquet Reservoir Inflow,0.0
2026-09-15 14:28:58,Southern District,Bouquet Reservoir Outflow,0.7
2026-09-15 14:28:58,Southern District,LAA #1 at Soledad Flow,183.8
2026-09-15 14:28:58,Southern District,LAA #2 at Soledad Flow,245.8
2026-09-15 14:28:59,Northern Owens Valley,Tinemaha Elevation,3861.0
2026-09-15 14:28:59,Southern Owens Valley,Tinemaha Elevation,3861.0
2026-09-15 14:28:59,Mono Basin,Mono Lk. Elevation,6381.8
2026-09-15 14:28:59,Mono Basin,Grant Lk. Elevation,7128.6
2026-09-15 14:28:59,Long Valley,Long Valley Elevation,6767.9
2026-09-15 14:28:59,Northern Owens Valley,Pleasant Valley Elevation,4384.7
2026-09-15 14:28:59,Southern Owens Valley,LAA at Alabama Level,8.0
2026-09-15 14:28:59,Southern Owens Valley,LAA at Alabama Water Temp,66.8
2026-09-15 14:28:59,Southern Owens Valley,LAA at Cottonwood Level,8.8
2026-09-15 14:28:59,Southern Owens Valley,LAA at Cotton. Water Temp,68.3
2026-09-15 14:28:59,Southern Owens Valley,N. Haiwee Elevation,3756.8
2026-09-15 14:28:59,Southern Owens Valley,S. Haiwee Reservoir Elevation,3728.6
2026-09-15 14:28:59,Southern District,S. Haiwee Reservoir Elevation,3728.6
2026-09-15 14:28:59,Southern District,Fairmont Reservoir Elevation,3026.9
2026-09-15 14:28:59,Southern District,Bouquet Reservoir Elevation,2975.2
2026-09-15 14:44:00,Mono Basin,Lee Vining Intake Above Flow,36.5
2026-09-15 14:44:00,Mono Basin,Lee Vining Intake Below Flow,24.9
2026-09-15 14:44:00,Mono Basin,Mono Lk. Elevation,6381.8
2026-09-15 14:44:00,Mono Basin,Walker Ck. Above Conduit Flow,2.0
2026-09-15 14:44:00,Mono Basin,L.V. Conduit Below Intake Flow,14.4
2026-09-15 14:44:00,Mono Basin,Walker Ck. Under Conduit Flow,2.0
2026-09-15 14:44:00,Mono Basin,Parker Ck. Under Conduit Flow,8.0
2026-09-15 14:44:00,Mono Basin,Parker Ck. Above Conduit Flow,8.0
2026-09-15 14:44:00,Mono Basin,Grant Lk. Spill Flow,0.0
2026-09-15 14:44:00,Mono Basin,Mono Gate 1 Return Ditch Flow,29.9
2026-09-15 14:44:00,Mono Basin,Grant Lk. Elevation,7128.6
2026-09-15 14:44:00,Mono Basin,Grant Lk. Outflow,39.0
2026-09-15 14:44:00,Mono Basin,Rush Ck. at Damsite Flow,21.3
2026-09-15 14:44:00,Mono Basin,Flow to West Portal,9.5
2026-09-15 14:44:00,Long Valley,East Portal Flow,22.0
2026-09-15 14:44:00,Long Valley,OR Below EP Flow,66.0
2026-09-15 14:44:00,Long Valley,Hot Ck.at Hwy. Flow,4.0
2026-09-15 14:44:00,Long Valley,McGee Ck. Lower Sta. Flow,7.8
2026-09-15 14:44:00,Long Valley,Long Valley Elevation,6767.9
2026-09-15 14:44:00,Long Valley,Long Valley Current Outflow,581.5
2026-09-15 14:44:00,Long Valley,Rock Ck. Div. Flow,0.0
2026-09-15 14:44:00,Long Valley,Upper Gorge Total Release,36.2
2026-09-15 14:44:00,Long Valley,Release at Middle Gorge,0.0
2026-09-15 14:44:00,Northern Owens Valley,Rock Ck. At Owens River (PV) Flow,25.3
2026-09-15 14:44:00,Northern Owens Valley,Pleasant Valley Elevation,4384.7
2026-09-15 14:44:00,Northern Owens Valley,Pleasant Valley Outflow,510.1
2026-09-15 14:44:00,Northern Owens Valley,Baker Ck. At LA Station Flow,6.1
2026-09-15 14:44:00,Northern Owens Valley,Big Pine Ck. USGS Flow,21.2
2026-09-15 14:44:00,Northern Owens Valley,O.R. Below Big Pine,479.6
2026-09-15 14:44:00,Northern Owens Valley,Fish Springs At RR Flow,37.4
2026-09-15 14:44:00,Northern Owens Valley,Tinemaha Reservoir Outflow,428.4
2026-09-15 14:44:00,Northern Owens Valley,Bishop Creek Through Plant 6,68.0
2026-09-15 14:44:00,Northern Owens Valley,Bishop Creek Around Plant 6,6.4
2026-09-15 14:44:00,Southern Owens Valley,Tinemaha Reservoir Outflow,428.4
2026-09-15 14:44:00,Southern Owens Valley,Indep. Ck. At Junction Flow,3.3
2026-09-15 14:44:00,Southern Owens Valley,LAA at Alabama Flow,418.0
2026-09-15 14:44:00,Southern Owens Valley,LAA at Alabama Level,8.0
2026-09-15 14:44:00,Southern Owens Valley,LAA at Alabama Water Temp,66.8
2026-09-15 14:44:00,Southern Owens Valley,Cottonwood Ck. At LAA Flow,2.0
2026-09-15 14:44:00,Southern Owens Valley,LAA at Cottonwood Flow,446.0
2026-09-15 14:44:00,Southern Owens Valley,LAA at Cottonwood Level,8.8
2026-09-15 14:44:00,Southern Owens Valley,LAA at Cotton. Water Temp,68.4
2026-09-15 14:44:00,Southern Owens Valley,N. Haiwee Elevation,3756.8
2026-09-15 14:44:00,Southern Owens Valley,S. Haiwee Reservoir Elevation,3728.6
2026-09-15 14:44:00,Southern Owens Valley,Haiwee LAA #1 Current Flow,0.0
2026-09-15 14:44:00,Southern Owens Valley,Haiwee LAA #2 Current Flow,269.5
2026-09-15 14:44:00,Southern Owens Valley,Reinhackel Flow,2.9
2026-09-15 14:44:00,Southern Owens Valley,Lubkin Spillgate Outflow,0.0
2026-09-15 14:44:00,Southern Owens Valley,Cartago Spillgate Outflow,13.3
2026-09-15 14:44:00,Southern Owens Valley,Lone Pine Creek Flow,7.0
2026-09-15 14:44:00,Lower Owens River Project,LORP Intake Flow,79.0
2026-09-15 14:44:00,Lower Owens River Project,LORP at Mazourka Canyon Road,0.0
2026-09-15 14:44:00,Lower Owens River Project,LORP at Reinhackle Springs,58.0
2026-09-15 14:44:00,Lower Owens River Project,LORP Above Pumpstation,49.0
2026-09-15 14:44:00,Lower Owens River Project,LORP At Pump Station Discharge Flow,38.0
2026-09-15 14:44:00,Southern District,Haiwee LAA #2 Current Flow,269.5
2026-09-15 14:44:00,Southern District,S. Haiwee Reservoir Elevation,3728.6
2026-09-15 14:44:00,Southern District,Haiwee LAA #1 Current Flow,0.0
2026-09-15 14:44:00,Southern District,Fairmont Reservoir Elevation,3026.8
2026-09-15 14:44:00,Southern District,LAA #1 Flow at Fairmont Reservoir,123.6
2026-09-15 14:44:00,Southern District,LAA #2 Flow at Fairmont Res.,288.0
2026-09-15 14:44:00,Southern District,Bouquet Reservoir Elevation,2975.2
2026-09-15 14:44:00,Southern District,Bouquet Reservoir Inflow,0.0
2026-09-15 14:44:00,Southern District,Bouquet Reservoir Outflow,0.7
2026-09-15 14:44:00,Southern District,LAA #1 at Soledad Flow,183.8
2026-09-15 14:44:00,Southern District,LAA #2 at Soledad Flow,245.8
2026-09-15 14:58:58,Mono Basin,Lee Vining Intake Above Flow,36.5
2026-09-15 14:58:58,Mono Basin,Lee Vining Intake Below Flow,24.9
2026-09-15 14:58:58,Mono Basin,Walker Ck. Above Conduit Flow,2.0
2026-09-15 14:58:58,Mono Basin,L.V. Conduit Below Intake Flow,14.4
2026-09-15 14:58:58,Mono Basin,Walker Ck. Under Conduit Flow,2.0
2026-09-15 14:58:58,Mono Basin,Parker Ck. Under Conduit Flow,8.0
2026-09-15 14:58:58,Mono Basin,Parker Ck. Above Conduit Flow,8.0
2026-09-15 14:58:58,Mono Basin,Grant Lk. Spill Flow,0.0
2026-09-15 14:58:58,Mono Basin,Mono Gate 1 Return Ditch Flow,29.9
2026-09-15 14:58:58,Mono Basin,Grant Lk. Outflow,39.0
2026-09-15 14:58:58,Mono Basin,Rush Ck. at Damsite Flow,21.3
2026-09-15 14:58:58,Mono Basin,Flow to West Portal,9.5
2026-09-15 14:58:58,Long Valley,East Portal Flow,22.0
2026-09-15 14:58:58,Long Valley,OR Below EP Flow,66.0
2026-09-15 14:58:58,Long Valley,Hot Ck.at Hwy. Flow,4.0
2026-09-15 14:58:58,Long Valley,McGee Ck. Lower Sta. Flow,7.8
2026-09-15 14:58:58,Long Valley,Long Valley Current Outflow,581.5
2026-09-15 14:58:58,Long Valley,Rock Ck. Div. Flow,0.0
2026-09-15 14:58:58,Long Valley,Upper Gorge Total Release,37.2
2026-09-15 14:58:58,Long Valley,Release at Middle Gorge,0.0
2026-09-15 14:58:58,Northern Owens Valley,Rock Ck. At Owens River (PV) Flow,25.1
2026-09-15 14:58:58,Northern Owens Valley,Pleasant Valley Outflow,510.4
2026-09-15 14:58:58,Northern Owens Valley,Baker Ck. At LA Station Flow,6.1
2026-09-15 14:58:58,Northern Owens Valley,Big Pine Ck. USGS Flow,21.2
2026-09-15 14:58:58,Northern Owens Valley,O.R. Below Big Pine,480.6
2026-09-15 14:58:58,Northern Owens Valley,Fish Springs At RR Flow,37.4
2026-09-15 14:58:58,Northern Owens Valley,Tinemaha Reservoir Outflow,428.4
2026-09-15 14:58:58,Northern Owens Valley,Bishop Creek Through Plant 6,68.0
2026-09-15 14:58:58,Northern Owens Valley,Bishop Creek Around Plant 6,6.4
2026-09-15 14:58:58,Southern Owens Valley,Tinemaha Reservoir Outflow,428.4
2026-09-15 14:58:58,Southern Owens Valley,Indep. Ck. At Junction Flow,3.3
2026-09-15 14:58:58,Southern Owens Valley,LAA at Alabama Flow,418.0
2026-09-15 14:58:58,Southern Owens Valley,Cottonwood Ck. At LAA Flow,2.0
2026-09-15 14:58:58,Southern Owens Valley,LAA at Cottonwood Flow,446.0
2026-09-15 14:58:58,Southern Owens Valley,Haiwee LAA #1 Current Flow,0.0
2026-09-15 14:58:58,Southern Owens Valley,Haiwee LAA #2 Current Flow,269.5
2026-09-15 14:58:58,Southern Owens Valley,Reinhackel Flow,2.9
2026-09-15 14:58:58,Southern Owens Valley,Lubkin Spillgate Outflow,0.0
2026-09-15 14:58:58,Southern Owens Valley,Cartago Spillgate Outflow,12.9
2026-09-15 14:58:58,Southern Owens Valley,Lone Pine Creek Flow,7.0
2026-09-15 14:58:58,Lower Owens River Project,LORP Intake Flow,79.0
2026-09-15 14:58:58,Lower Owens River Project,LORP at Mazourka Canyon Road,0.0
2026-09-15 14:58:58,Lower Owens River Project,LORP at Reinhackle Springs,58.0
2026-09-15 14:58:58,Lower Owens River Project,LORP Above Pumpstation,48.0
2026-09-15 14:58:58,Lower Owens River Project,LORP At Pump Station Discharge Flow,37.0
2026-09-15 14:58:58,Southern District,Haiwee LAA #2 Current Flow,269.5
2026-09-15 14:58:58,Southern District,Haiwee LAA #1 Current Flow,0.0
2026-09-15 14:58:58,Southern District,LAA #1 Flow at Fairmont Reservoir,122.6
2026-09-15 14:58:58,Southern District,LAA #2 Flow at Fairmont Res.,288.0
2026-09-15 14:58:58,Southern District,Bouquet Reservoir Inflow,0.0
2026-09-15 14:58:58,Southern District,Bouquet Reservoir Outflow,0.7
2026-09-15 14:58:58,Southern District,LAA #1 at Soledad Flow,183.8
2026-09-15 14:58:58,Southern District,LAA #2 at Soledad Flow,245.8
2026-09-15 14:58:59,Northern Owens Valley,Tinemaha Elevation,3861.0
2026-09-15 14:58:59,Southern Owens Valley,Tinemaha Elevation,3861.0
2026-09-15 14:58:59,Mono Basin,Mono Lk. Elevation,6381.8
2026-09-15 14:58:59,Mono Basin,Grant Lk. Elevation,7128.6
2026-09-15 14:58:59,Long Valley,Long Valley Elevation,6767.9
2026-09-15 14:58:59,Northern Owens Valley,Pleasant Valley Elevation,4384.7
2026-09-15 14:58:59,Southern Owens Valley,LAA at Alabama Level,8.0
2026-09-15 14:58:59,Southern Owens Valley,LAA at Alabama Water Temp,66.8
2026-09-15 14:58:59,Southern Owens Valley,LAA at Cottonwood Level,8.8
2026-09-15 14:58:59,Southern Owens Valley,LAA at Cotton. Water Temp,68.4
2026-09-15 14:58:59,Southern Owens Valley,N. Haiwee Elevation,3756.8
2026-09-15 14:58:59,Southern Owens Valley,S. Haiwee Reservoir Elevation,3728.6
2026-09-15 14:58:59,Southern District,S. Haiwee Reservoir Elevation,3728.6
2026-09-15 14:58:59,Southern District,Fairmont Reservoir Elevation,3026.8
2026-09-15 14:58:59,Southern District,Bouquet Reservoir Elevation,2975.2
2026-09-15 15:13:59,Mono Basin,Lee Vining Intake Above Flow,36.5
2026-09-15 15:13:59,Mono Basin,Lee Vining Intake Below Flow,24.9
2026-09-15 15:13:59,Mono Basin,Mono Lk. Elevation,6381.8
2026-09-15 15:13:59,Mono Basin,Walker Ck. Above Conduit Flow,2.0
2026-09-15 15:13:59,Mono Basin,L.V. Conduit Below Intake Flow,14.4
2026-09-15 15:13:59,Mono Basin,Walker Ck. Under Conduit Flow,2.0
2026-09-15 15:13:59,Mono Basin,Parker Ck. Under Conduit Flow,8.0
2026-09-15 15:13:59,Mono Basin,Parker Ck. Above Conduit Flow,8.0
2026-09-15 15:13:59,Mono Basin,Grant Lk. Spill Flow,0.0
2026-09-15 15:13:59,Mono Basin,Mono Gate 1 Return Ditch Flow,29.9
2026-09-15 15:13:59,Mono Basin,Grant Lk. Elevation,7128.6
2026-09-15 15:13:59,Mono Basin,Grant Lk. Outflow,39.0
2026-09-15 15:13:59,Mono Basin,Rush Ck. at Damsite Flow,21.3
2026-09-15 15:13:59,Mono Basin,Flow to West Portal,9.6
2026-09-15 15:13:59,Long Valley,East Portal Flow,22.0
2026-09-15 15:13:59,Long Valley,OR Below EP Flow,66.0
2026-09-15 15:13:59,Long Valley,Hot Ck.at Hwy. Flow,4.0
2026-09-15 15:13:59,Long Valley,McGee Ck. Lower Sta. Flow,7.6
2026-09-15 15:13:59,Long Valley,Long Valley Elevation,6767.9
2026-09-15 15:13:59,Long Valley,Long Valley Current Outflow,581.5
2026-09-15 15:13:59,Long Valley,Rock Ck. Div. Flow,0.0
2026-09-15 15:13:59,Long Valley,Upper Gorge Total Release,37.7
2026-09-15 15:13:59,Long Valley,Release at Middle Gorge,0.0
2026-09-15 15:13:59,Northern Owens Valley,Rock Ck. At Owens River (PV) Flow,25.1
2026-09-15 15:13:59,Northern Owens Valley,Pleasant Valley Elevation,4384.8
2026-09-15 15:13:59,Northern Owens Valley,Pleasant Valley Outflow,510.4
2026-09-15 15:13:59,Northern Owens Valley,Baker Ck. At LA Station Flow,6.1
2026-09-15 15:13:59,Northern Owens Valley,Big Pine Ck. USGS Flow,21.2
2026-09-15 15:13:59,Northern Owens Valley,O.R. Below Big Pine,479.6
2026-09-15 15:13:59,Northern Owens Valley,Fish Springs At RR Flow,37.4
2026-09-15 15:13:59,Northern Owens Valley,Tinemaha Reservoir Outflow,428.4
2026-09-15 15:13:59,Northern Owens Valley,Bishop Creek Through Plant 6,72.9
2026-09-15 15:13:59,Northern Owens Valley,Bishop Creek Around Plant 6,6.5
2026-09-15 15:13:59,Southern Owens Valley,Tinemaha Reservoir Outflow,428.4
2026-09-15 15:13:59,Southern Owens Valley,Indep. Ck. At Junction Flow,3.3
2026-09-15 15:13:59,Southern Owens Valley,LAA at Alabama Flow,421.0
2026-09-15 15:13:59,Southern Owens Valley,LAA at Alabama Level,8.0
2026-09-15 15:13:59,Southern Owens Valley,LAA at Alabama Water Temp,67.1
2026-09-15 15:13:59,Southern Owens Valley,Cottonwood Ck. At LAA Flow,2.0
2026-09-15 15:13:59,Southern Owens Valley,LAA at Cottonwood Flow,445.0
2026-09-15 15:13:59,Southern Owens Valley,LAA at Cottonwood Level,8.8
2026-09-15 15:13:59,Southern Owens Valley,LAA at Cotton. Water Temp,68.5
2026-09-15 15:13:59,Southern Owens Valley,N. Haiwee Elevation,3756.8
2026-09-15 15:13:59,Southern Owens Valley,S. Haiwee Reservoir Elevation,3728.6
2026-09-15 15:13:59,Southern Owens Valley,Haiwee LAA #1 Current Flow,0.0
2026-09-15 15:13:59,Southern Owens Valley,Haiwee LAA #2 Current Flow,269.5
2026-09-15 15:13:59,Southern Owens Valley,Reinhackel Flow,2.9
2026-09-15 15:13:59,Southern Owens Valley,Lubkin Spillgate Outflow,0.0
2026-09-15 15:13:59,Southern Owens Valley,Cartago Spillgate Outflow,12.9
2026-09-15 15:13:59,Southern Owens Valley,Lone Pine Creek Flow,7.0
2026-09-15 15:13:59,Lower Owens River Project,LORP Intake Flow,79.0
2026-09-15 15:13:59,Lower Owens River Project,LORP at Mazourka Canyon Road,0.0
2026-09-15 15:13:59,Lower Owens River Project,LORP at Reinhackle Springs,58.0
2026-09-15 15:13:59,Lower Owens River Project,LORP Above Pumpstation,49.0
2026-09-15 15:13:59,Lower Owens River Project,LORP At Pump Station Discharge Flow,38.0
2026-09-15 15:13:59,Southern District,Haiwee LAA #2 Current Flow,269.5
2026-09-15 15:13:59,Southern District,S. Haiwee Reservoir Elevation,3728.6
2026-09-15 15:13:59,Southern District,Haiwee LAA #1 Current Flow,0.0
2026-09-15 15:13:59,Southern District,Fairmont Reservoir Elevation,3026.8
2026-09-15 15:13:59,Southern District,LAA #1 Flow at Fairmont Reservoir,121.6
2026-09-15 15:13:59,Southern District,LAA #2 Flow at Fairmont Res.,288.2
2026-09-15 15:13:59,Southern District,Bouquet Reservoir Elevation,2975.2
2026-09-15 15:13:59,Southern District,Bouquet Reservoir Inflow,0.0
2026-09-15 15:13:59,Southern District,Bouquet Reservoir Outflow,0.5
2026-09-15 15:13:59,Southern District,LAA #1 at Soledad Flow,183.8
2026-09-15 15:13:59,Southern District,LAA #2 at Soledad Flow,245.8
2026-09-15 15:28:58,Mono Basin,Lee Vining Intake Above Flow,36.5
2026-09-15 15:28:58,Mono Basin,Lee Vining Intake Below Flow,24.9
2026-09-15 15:28:58,Mono Basin,Walker Ck. Above Conduit Flow,2.0
2026-09-15 15:28:58,Mono Basin,L.V. Conduit Below Intake Flow,14.4
2026-09-15 15:28:58,Mono Basin,Walker Ck. Under Conduit Flow,2.0
2026-09-15 15:28:58,Mono Basin,Parker Ck. Under Conduit Flow,8.0
2026-09-15 15:28:58,Mono Basin,Parker Ck. Above Conduit Flow,8.0
2026-09-15 15:28:58,Mono Basin,Grant Lk. Spill Flow,0.0
2026-09-15 15:28:58,Mono Basin,Mono Gate 1 Return Ditch Flow,30.0
2026-09-15 15:28:58,Mono Basin,Grant Lk. Outflow,38.8
2026-09-15 15:28:58,Mono Basin,Rush Ck. at Damsite Flow,17.2
2026-09-15 15:28:58,Mono Basin,Flow to West Portal,9.6
2026-09-15 15:28:58,Long Valley,East Portal Flow,22.0
2026-09-15 15:28:58,Long Valley,OR Below EP Flow,66.0
2026-09-15 15:28:58,Long Valley,Hot Ck.at Hwy. Flow,4.0
2026-09-15 15:28:58,Long Valley,McGee Ck. Lower Sta. Flow,7.6
2026-09-15 15:28:58,Long Valley,Long Valley Current Outflow,578.7
2026-09-15 15:28:58,Long Valley,Rock Ck. Div. Flow,0.0
2026-09-15 15:28:58,Long Valley,Upper Gorge Total Release,35.3
2026-09-15 15:28:58,Long Valley,Release at Middle Gorge,0.0
2026-09-15 15:28:58,Northern Owens Valley,Rock Ck. At Owens River (PV) Flow,25.1
2026-09-15 15:28:58,Northern Owens Valley,Pleasant Valley Outflow,510.3
2026-09-15 15:28:58,Northern Owens Valley,Baker Ck. At LA Station Flow,6.1
2026-09-15 15:28:58,Northern Owens Valley,Big Pine Ck. USGS Flow,21.2
2026-09-15 15:28:58,Northern Owens Valley,O.R. Below Big Pine,480.6
2026-09-15 15:28:58,Northern Owens Valley,Fish Springs At RR Flow,37.4
2026-09-15 15:28:58,Northern Owens Valley,Tinemaha Reservoir Outflow,429.2
2026-09-15 15:28:58,Northern Owens Valley,Bishop Creek Through Plant 6,67.7
2026-09-15 15:28:58,Northern Owens Valley,Bishop Creek Around Plant 6,6.5
2026-09-15 15:28:58,Southern Owens Valley,Tinemaha Reservoir Outflow,429.2
2026-09-15 15:28:58,Southern Owens Valley,Indep. Ck. At Junction Flow,3.3
2026-09-15 15:28:58,Southern Owens Valley,LAA at Alabama Flow,421.0
2026-09-15 15:28:58,Southern Owens Valley,Cottonwood Ck. At LAA Flow,2.0
2026-09-15 15:28:58,Southern Owens Valley,LAA at Cottonwood Flow,445.0
2026-09-15 15:28:58,Southern Owens Valley,Haiwee LAA #1 Current Flow,0.0
2026-09-15 15:28:58,Southern Owens Valley,Haiwee LAA #2 Current Flow,269.5
2026-09-15 15:28:58,Southern Owens Valley,Reinhackel Flow,2.9
2026-09-15 15:28:58,Southern Owens Valley,Lubkin Spillgate Outflow,0.0
2026-09-15 15:28:58,Southern Owens Valley,Cartago Spillgate Outflow,11.9
2026-09-15 15:28:58,Southern Owens Valley,Lone Pine Creek Flow,7.0
2026-09-15 15:28:58,Lower Owens River Project,LORP Intake Flow,79.0
2026-09-15 15:28:58,Lower Owens River Project,LORP at Mazourka Canyon Road,0.0
2026-09-15 15:28:58,Lower Owens River Project,LORP at Reinhackle Springs,59.0
2026-09-15 15:28:58,Lower Owens River Project,LORP Above Pumpstation,48.0
2026-09-15 15:28:58,Lower Owens River Project,LORP At Pump Station Discharge Flow,37.0
2026-09-15 15:28:58,Southern District,Haiwee LAA #2 Current Flow,269.5
2026-09-15 15:28:58,Southern District,Haiwee LAA #1 Current Flow,0.0
2026-09-15 15:28:58,Southern District,LAA #1 Flow at Fairmont Reservoir,118.6
2026-09-15 15:28:58,Southern District,LAA #2 Flow at Fairmont Res.,288.1
2026-09-15 15:28:58,Southern District,Bouquet Reservoir Inflow,0.0
2026-09-15 15:28:58,Southern District,Bouquet Reservoir Outflow,0.5
2026-09-15 15:28:58,Southern District,LAA #1 at Soledad Flow,183.8
2026-09-15 15:28:58,Southern District,LAA #2 at Soledad Flow,245.8
2026-09-15 15:28:59,Northern Owens Valley,Tinemaha Elevation,3861.0
2026-09-15 15:28:59,Southern Owens Valley,Tinemaha Elevation,3861.0
2026-09-15 15:28:59,Mono Basin,Mono Lk. Elevation,6381.8
2026-09-15 15:28:59,Mono Basin,Grant Lk. Elevation,7128.5
2026-09-15 15:28:59,Long Valley,Long Valley Elevation,6767.8
2026-09-15 15:28:59,Northern Owens Valley,Pleasant Valley Elevation,4384.8
2026-09-15 15:28:59,Southern Owens Valley,LAA at Alabama Level,8.0
2026-09-15 15:28:59,Southern Owens Valley,LAA at Alabama Water Temp,67.1
2026-09-15 15:28:59,Southern Owens Valley,LAA at Cottonwood Level,8.8
2026-09-15 15:28:59,Southern Owens Valley,LAA at Cotton. Water Temp,68.5
2026-09-15 15:28:59,Southern Owens Valley,N. Haiwee Elevation,3756.8
2026-09-15 15:28:59,Southern Owens Valley,S. Haiwee Reservoir Elevation,3728.6
2026-09-15 15:28:59,Southern District,S. Haiwee Reservoir Elevation,3728.6
2026-09-15 15:28:59,Southern District,Fairmont Reservoir Elevation,3026.7
2026-09-15 15:28:59,Southern District,Bouquet Reservoir Elevation,2975.2
2026-09-15 15:44:00,Mono Basin,Lee Vining Intake Above Flow,37.2
2026-09-15 15:44:00,Mono Basin,Lee Vining Intake Below Flow,25.0
2026-09-15 15:44:00,Mono Basin,Walker Ck. Above Conduit Flow,2.0
2026-09-15 15:44:00,Mono Basin,L.V. Conduit Below Intake Flow,14.5
2026-09-15 15:44:00,Mono Basin,Walker Ck. Under Conduit Flow,2.0
2026-09-15 15:44:00,Mono Basin,Parker Ck. Under Conduit Flow,8.0
2026-09-15 15:44:00,Mono Basin,Parker Ck. Above Conduit Flow,8.0
2026-09-15 15:44:00,Mono Basin,Grant Lk. Spill Flow,0.0
2026-09-15 15:44:00,Mono Basin,Mono Gate 1 Return Ditch Flow,30.0
2026-09-15 15:44:00,Mono Basin,Grant Lk. Outflow,38.8
2026-09-15 15:44:00,Mono Basin,Rush Ck. at Damsite Flow,17.2
2026-09-15 15:44:00,Mono Basin,Flow to West Portal,9.6
2026-09-15 15:44:00,Long Valley,East Portal Flow,22.0
2026-09-15 15:44:00,Long Valley,OR Below EP Flow,66.0
2026-09-15 15:44:00,Long Valley,Hot Ck.at Hwy. Flow,4.0
2026-09-15 15:44:00,Long Valley,McGee Ck. Lower Sta. Flow,7.6
2026-09-15 15:44:00,Long Valley,Long Valley Current Outflow,578.7
2026-09-15 15:44:00,Long Valley,Rock Ck. Div. Flow,0.0
2026-09-15 15:44:00,Long Valley,Upper Gorge Total Release,37.1
2026-09-15 15:44:00,Long Valley,Release at Middle Gorge,0.0
2026-09-15 15:44:00,Northern Owens Valley,Rock Ck. At Owens River (PV) Flow,25.1
2026-09-15 15:44:00,Northern Owens Valley,Pleasant Valley Outflow,510.7
2026-09-15 15:44:00,Northern Owens Valley,Baker Ck. At LA Station Flow,6.1
2026-09-15 15:44:00,Northern Owens Valley,Big Pine Ck. USGS Flow,20.0
2026-09-15 15:44:00,Northern Owens Valley,O.R. Below Big Pine,480.3
2026-09-15 15:44:00,Northern Owens Valley,Fish Springs At RR Flow,37.4
2026-09-15 15:44:00,Northern Owens Valley,Tinemaha Reservoir Outflow,429.2
2026-09-15 15:44:00,Northern Owens Valley,Bishop Creek Through Plant 6,68.7
2026-09-15 15:44:00,Northern Owens Valley,Bishop Creek Around Plant 6,6.5
2026-09-15 15:44:00,Southern Owens Valley,Tinemaha Reservoir Outflow,429.2
2026-09-15 15:44:00,Southern Owens Valley,Indep. Ck. At Junction Flow,3.3
2026-09-15 15:44:00,Southern Owens Valley,LAA at Alabama Flow,421.0
2026-09-15 15:44:00,Southern Owens Valley,Cottonwood Ck. At LAA Flow,2.0
2026-09-15 15:44:00,Southern Owens Valley,LAA at Cottonwood Flow,446.0
2026-09-15 15:44:00,Southern Owens Valley,Haiwee LAA #1 Current Flow,0.0
2026-09-15 15:44:00,Southern Owens Valley,Haiwee LAA #2 Current Flow,269.5
2026-09-15 15:44:00,Southern Owens Valley,Reinhackel Flow,2.9
2026-09-15 15:44:00,Southern Owens Valley,Lubkin Spillgate Outflow,0.0
2026-09-15 15:44:00,Southern Owens Valley,Cartago Spillgate Outflow,12.6
2026-09-15 15:44:00,Southern Owens Valley,Lone Pine Creek Flow,6.9
2026-09-15 15:44:00,Lower Owens River Project,LORP Intake Flow,79.0
2026-09-15 15:44:00,Lower Owens River Project,LORP at Mazourka Canyon Road,0.0
2026-09-15 15:44:00,Lower Owens River Project,LORP at Reinhackle Springs,59.0
2026-09-15 15:44:00,Lower Owens River Project,LORP Above Pumpstation,49.0
2026-09-15 15:44:00,Lower Owens River Project,LORP At Pump Station Discharge Flow,38.0
2026-09-15 15:44:00,Southern District,Haiwee LAA #2 Current Flow,269.5
2026-09-15 15:44:00,Southern District,Haiwee LAA #1 Current Flow,0.0
2026-09-15 15:44:00,Southern District,LAA #1 Flow at Fairmont Reservoir,118.2
2026-09-15 15:44:00,Southern District,LAA #2 Flow at Fairmont Res.,288.2
2026-09-15 15:44:00,Southern District,Bouquet Reservoir Inflow,0.0
2026-09-15 15:44:00,Southern District,Bouquet Reservoir Outflow,0.5
2026-09-15 15:44:00,Southern District,LAA #1 at Soledad Flow,183.8
2026-09-15 15:44:00,Southern District,LAA #2 at Soledad Flow,245.8
2026-09-15 15:44:01,Mono Basin,Mono Lk. Elevation,6381.8
2026-09-15 15:44:01,Mono Basin,Grant Lk. Elevation,7128.5
2026-09-15 15:44:01,Long Valley,Long Valley Elevation,6767.8
2026-09-15 15:44:01,Northern Owens Valley,Pleasant Valley Elevation,4384.8
2026-09-15 15:44:01,Southern Owens Valley,LAA at Alabama Level,8.0
2026-09-15 15:44:01,Southern Owens Valley,LAA at Alabama Water Temp,67.1
2026-09-15 15:44:01,Southern Owens Valley,LAA at Cottonwood Level,8.8
2026-09-15 15:44:01,Southern Owens Valley,LAA at Cotton. Water Temp,68.5
2026-09-15 15:44:01,Southern Owens Valley,N. Haiwee Elevation,3756.8
2026-09-15 15:44:01,Southern Owens Valley,S. Haiwee Reservoir Elevation,3728.6
2026-09-15 15:44:01,Southern District,S. Haiwee Reservoir Elevation,3728.6
2026-09-15 15:44:01,Southern District,Fairmont Reservoir Elevation,3026.7
2026-09-15 15:44:01,Southern District,Bouquet Reservoir Elevation,2975.2
2026-09-15 15:58:58,Mono Basin,Lee Vining Intake Above Flow,37.2
2026-09-15 15:58:58,Mono Basin,Lee Vining Intake Below Flow,25.0
2026-09-15 15:58:58,Mono Basin,Walker Ck. Above Conduit Flow,2.0
2026-09-15 15:58:58,Mono Basin,L.V. Conduit Below Intake Flow,14.5
2026-09-15 15:58:58,Mono Basin,Walker Ck. Under Conduit Flow,2.0
2026-09-15 15:58:58,Mono Basin,Parker Ck. Under Conduit Flow,7.0
2026-09-15 15:58:58,Mono Basin,Parker Ck. Above Conduit Flow,8.0
2026-09-15 15:58:58,Mono Basin,Grant Lk. Spill Flow,0.0
2026-09-15 15:58:58,Mono Basin,Mono Gate 1 Return Ditch Flow,30.0
2026-09-15 15:58:58,Mono Basin,Grant Lk. Outflow,38.8
2026-09-15 15:58:58,Mono Basin,Rush Ck. at Damsite Flow,17.2
2026-09-15 15:58:58,Mono Basin,Flow to West Portal,9.6
2026-09-15 15:58:58,Long Valley,East Portal Flow,22.0
2026-09-15 15:58:58,Long Valley,OR Below EP Flow,66.0
2026-09-15 15:58:58,Long Valley,Hot Ck.at Hwy. Flow,4.0
2026-09-15 15:58:58,Long Valley,McGee Ck. Lower Sta. Flow,7.6
2026-09-15 15:58:58,Long Valley,Long Valley Current Outflow,578.7
2026-09-15 15:58:58,Long Valley,Rock Ck. Div. Flow,0.0
2026-09-15 15:58:58,Long Valley,Upper Gorge Total Release,35.1
2026-09-15 15:58:58,Long Valley,Release at Middle Gorge,0.0
2026-09-15 15:58:58,Northern Owens Valley,Rock Ck. At Owens River (PV) Flow,25.1
2026-09-15 15:58:58,Northern Owens Valley,Pleasant Valley Outflow,510.4
2026-09-15 15:58:58,Northern Owens Valley,Baker Ck. At LA Station Flow,6.1
2026-09-15 15:58:58,Northern Owens Valley,Big Pine Ck. USGS Flow,20.0
2026-09-15 15:58:58,Northern Owens Valley,O.R. Below Big Pine,480.6
2026-09-15 15:58:58,Northern Owens Valley,Fish Springs At RR Flow,37.4
2026-09-15 15:58:58,Northern Owens Valley,Tinemaha Reservoir Outflow,429.2
2026-09-15 15:58:58,Northern Owens Valley,Bishop Creek Through Plant 6,68.7
2026-09-15 15:58:58,Northern Owens Valley,Bishop Creek Around Plant 6,6.5
2026-09-15 15:58:58,Southern Owens Valley,Tinemaha Reservoir Outflow,429.2
2026-09-15 15:58:58,Southern Owens Valley,Indep. Ck. At Junction Flow,3.3
2026-09-15 15:58:58,Southern Owens Valley,LAA at Alabama Flow,421.0
2026-09-15 15:58:58,Southern Owens Valley,Cottonwood Ck. At LAA Flow,2.0
2026-09-15 15:58:58,Southern Owens Valley,LAA at Cottonwood Flow,446.0
2026-09-15 15:58:58,Southern Owens Valley,Haiwee LAA #1 Current Flow,0.0
2026-09-15 15:58:58,Southern Owens Valley,Haiwee LAA #2 Current Flow,269.5
2026-09-15 15:58:58,Southern Owens Valley,Reinhackel Flow,2.9
2026-09-15 15:58:58,Southern Owens Valley,Lubkin Spillgate Outflow,0.0
2026-09-15 15:58:58,Southern Owens Valley,Cartago Spillgate Outflow,14.1
2026-09-15 15:58:58,Southern Owens Valley,Lone Pine Creek Flow,6.9
2026-09-15 15:58:58,Lower Owens River Project,LORP Intake Flow,79.0
2026-09-15 15:58:58,Lower Owens River Project,LORP at Mazourka Canyon Road,0.0
2026-09-15 15:58:58,Lower Owens River Project,LORP at Reinhackle Springs,59.0
2026-09-15 15:58:58,Lower Owens River Project,LORP Above Pumpstation,50.0
2026-09-15 15:58:58,Lower Owens River Project,LORP At Pump Station Discharge Flow,38.0
2026-09-15 15:58:58,Southern District,Haiwee LAA #2 Current Flow,269.5
2026-09-15 15:58:58,Southern District,Haiwee LAA #1 Current Flow,0.0
2026-09-15 15:58:58,Southern District,LAA #1 Flow at Fairmont Reservoir,116.0
2026-09-15 15:58:58,Southern District,LAA #2 Flow at Fairmont Res.,288.1
2026-09-15 15:58:58,Southern District,Bouquet Reservoir Inflow,0.0
2026-09-15 15:58:58,Southern District,Bouquet Reservoir Outflow,0.7
2026-09-15 15:58:58,Southern District,LAA #1 at Soledad Flow,183.8
2026-09-15 15:58:58,Southern District,LAA #2 at Soledad Flow,245.8
2026-09-15 15:58:59,Northern Owens Valley,Tinemaha Elevation,3861.0
2026-09-15 15:58:59,Southern Owens Valley,Tinemaha Elevation,3861.0
2026-09-15 15:58:59,Mono Basin,Mono Lk. Elevation,6381.8
2026-09-15 15:58:59,Mono Basin,Grant Lk. Elevation,7128.5
2026-09-15 15:58:59,Long Valley,Long Valley Elevation,6767.8
2026-09-15 15:58:59,Northern Owens Valley,Pleasant Valley Elevation,4384.8
2026-09-15 15:58:59,Southern Owens Valley,LAA at Alabama Level,8.0
2026-09-15 15:58:59,Southern Owens Valley,LAA at Alabama Water Temp,67.1
2026-09-15 15:58:59,Southern Owens Valley,LAA at Cottonwood Level,8.8
2026-09-15 15:58:59,Southern Owens Valley,LAA at Cotton. Water Temp,68.5
2026-09-15 15:58:59,Southern Owens Valley,N. Haiwee Elevation,3756.8
2026-09-15 15:58:59,Southern Owens Valley,S. Haiwee Reservoir Elevation,3728.6
2026-09-15 15:58:59,Southern District,S. Haiwee Reservoir Elevation,3728.6
2026-09-15 15:58:59,Southern District,Fairmont Reservoir Elevation,3026.7
2026-09-15 15:58:59,Southern District,Bouquet Reservoir Elevation,2975.2
2026-09-15 16:28:58,Northern Owens Valley,Tinemaha Elevation,3861.0
2026-09-15 16:28:58,Southern Owens Valley,Tinemaha Elevation,3861.0
2026-09-15 16:44:00,Mono Basin,Lee Vining Intake Above Flow,36.7
2026-09-15 16:44:00,Mono Basin,Lee Vining Intake Below Flow,25.0
2026-09-15 16:44:00,Mono Basin,Mono Lk. Elevation,6381.8
2026-09-15 16:44:00,Mono Basin,Walker Ck. Above Conduit Flow,2.0
2026-09-15 16:44:00,Mono Basin,L.V. Conduit Below Intake Flow,14.4
2026-09-15 16:44:00,Mono Basin,Walker Ck. Under Conduit Flow,2.0
2026-09-15 16:44:00,Mono Basin,Parker Ck. Under Conduit Flow,7.0
2026-09-15 16:44:00,Mono Basin,Parker Ck. Above Conduit Flow,8.0
2026-09-15 16:44:00,Mono Basin,Grant Lk. Spill Flow,0.0
2026-09-15 16:44:00,Mono Basin,Mono Gate 1 Return Ditch Flow,30.0
2026-09-15 16:44:00,Mono Basin,Grant Lk. Elevation,7128.5
2026-09-15 16:44:00,Mono Basin,Grant Lk. Outflow,39.0
2026-09-15 16:44:00,Mono Basin,Rush Ck. at Damsite Flow,17.2
2026-09-15 16:44:00,Mono Basin,Flow to West Portal,9.6
2026-09-15 16:44:00,Long Valley,East Portal Flow,22.0
2026-09-15 16:44:00,Long Valley,OR Below EP Flow,66.0
2026-09-15 16:44:00,Long Valley,Hot Ck.at Hwy. Flow,4.0
2026-09-15 16:44:00,Long Valley,McGee Ck. Lower Sta. Flow,7.6
2026-09-15 16:44:00,Long Valley,Long Valley Elevation,6767.8
2026-09-15 16:44:00,Long Valley,Long Valley Current Outflow,582.0
2026-09-15 16:44:00,Long Valley,Rock Ck. Div. Flow,0.0
2026-09-15 16:44:00,Long Valley,Upper Gorge Total Release,36.8
2026-09-15 16:44:00,Long Valley,Release at Middle Gorge,0.0
2026-09-15 16:44:00,Northern Owens Valley,Rock Ck. At Owens River (PV) Flow,24.9
2026-09-15 16:44:00,Northern Owens Valley,Pleasant Valley Elevation,4384.9
2026-09-15 16:44:00,Northern Owens Valley,Pleasant Valley Outflow,499.0
2026-09-15 16:44:00,Northern Owens Valley,Baker Ck. At LA Station Flow,6.1
2026-09-15 16:44:00,Northern Owens Valley,Big Pine Ck. USGS Flow,19.6
2026-09-15 16:44:00,Northern Owens Valley,O.R. Below Big Pine,481.1
2026-09-15 16:44:00,Northern Owens Valley,Fish Springs At RR Flow,37.4
2026-09-15 16:44:00,Northern Owens Valley,Tinemaha Reservoir Outflow,429.2
2026-09-15 16:44:00,Northern Owens Valley,Bishop Creek Through Plant 6,68.0
2026-09-15 16:44:00,Northern Owens Valley,Bishop Creek Around Plant 6,6.5
2026-09-15 16:44:00,Southern Owens Valley,Tinemaha Reservoir Outflow,429.2
2026-09-15 16:44:00,Southern Owens Valley,Indep. Ck. At Junction Flow,3.3
2026-09-15 16:44:00,Southern Owens Valley,LAA at Alabama Flow,420.0
2026-09-15 16:44:00,Southern Owens Valley,LAA at Alabama Level,8.0
2026-09-15 16:44:00,Southern Owens Valley,LAA at Alabama Water Temp,67.2
2026-09-15 16:44:00,Southern Owens Valley,Cottonwood Ck. At LAA Flow,2.0
2026-09-15 16:44:00,Southern Owens Valley,LAA at Cottonwood Flow,445.0
2026-09-15 16:44:00,Southern Owens Valley,LAA at Cottonwood Level,8.8
2026-09-15 16:44:00,Southern Owens Valley,LAA at Cotton. Water Temp,68.4
2026-09-15 16:44:00,Southern Owens Valley,N. Haiwee Elevation,3756.8
2026-09-15 16:44:00,Southern Owens Valley,S. Haiwee Reservoir Elevation,3728.6
2026-09-15 16:44:00,Southern Owens Valley,Haiwee LAA #1 Current Flow,0.0
2026-09-15 16:44:00,Southern Owens Valley,Haiwee LAA #2 Current Flow,269.5
2026-09-15 16:44:00,Southern Owens Valley,Reinhackel Flow,2.9
2026-09-15 16:44:00,Southern Owens Valley,Lubkin Spillgate Outflow,0.0
2026-09-15 16:44:00,Southern Owens Valley,Cartago Spillgate Outflow,14.1
2026-09-15 16:44:00,Southern Owens Valley,Lone Pine Creek Flow,6.8
2026-09-15 16:44:00,Lower Owens River Project,LORP Intake Flow,79.0
2026-09-15 16:44:00,Lower Owens River Project,LORP at Mazourka Canyon Road,0.0
2026-09-15 16:44:00,Lower Owens River Project,LORP at Reinhackle Springs,58.0
2026-09-15 16:44:00,Lower Owens River Project,LORP Above Pumpstation,48.0
2026-09-15 16:44:00,Lower Owens River Project,LORP At Pump Station Discharge Flow,37.0
2026-09-15 16:44:00,Southern District,Haiwee LAA #2 Current Flow,269.5
2026-09-15 16:44:00,Southern District,S. Haiwee Reservoir Elevation,3728.6
2026-09-15 16:44:00,Southern District,Haiwee LAA #1 Current Flow,0.0
2026-09-15 16:44:00,Southern District,Fairmont Reservoir Elevation,3026.6
2026-09-15 16:44:00,Southern District,LAA #1 Flow at Fairmont Reservoir,111.0
2026-09-15 16:44:00,Southern District,LAA #2 Flow at Fairmont Res.,288.2
2026-09-15 16:44:00,Southern District,Bouquet Reservoir Elevation,2975.2
2026-09-15 16:44:00,Southern District,Bouquet Reservoir Inflow,0.0
2026-09-15 16:44:00,Southern District,Bouquet Reservoir Outflow,0.7
2026-09-15 16:44:00,Southern District,LAA #1 at Soledad Flow,183.8
2026-09-15 16:44:00,Southern District,LAA #2 at Soledad Flow,245.8
2026-09-15 16:58:59,Northern Owens Valley,Tinemaha Elevation,3861.0
2026-09-15 16:58:59,Southern Owens Valley,Tinemaha Elevation,3861.0
2026-09-15 17:28:59,Northern Owens Valley,Tinemaha Elevation,3861.0
2026-09-15 17:28:59,Southern Owens Valley,Tinemaha Elevation,3861.0
2026-09-15 17:44:00,Long Valley,Hot Ck.at Hwy. Flow,4.0
2026-09-15 17:44:00,Long Valley,McGee Ck. Lower Sta. Flow,7.6
2026-09-15 17:44:00,Long Valley,Long Valley Current Outflow,580.0
2026-09-15 17:44:00,Long Valley,Rock Ck. Div. Flow,0.0
2026-09-15 17:44:00,Northern Owens Valley,Rock Ck. At Owens River (PV) Flow,24.9
2026-09-15 17:44:00,Northern Owens Valley,Pleasant Valley Outflow,496.2
2026-09-15 17:44:00,Northern Owens Valley,Baker Ck. At LA Station Flow,6.1
2026-09-15 17:44:00,Northern Owens Valley,Big Pine Ck. USGS Flow,19.6
2026-09-15 17:44:00,Northern Owens Valley,O.R. Below Big Pine,481.4
2026-09-15 17:44:00,Northern Owens Valley,Fish Springs At RR Flow,37.4
2026-09-15 17:44:00,Northern Owens Valley,Tinemaha Reservoir Outflow,428.4
2026-09-15 17:44:00,Northern Owens Valley,Bishop Creek Through Plant 6,69.1
2026-09-15 17:44:00,Northern Owens Valley,Bishop Creek Around Plant 6,6.8
2026-09-15 17:44:00,Southern Owens Valley,Tinemaha Reservoir Outflow,428.4
2026-09-15 17:44:00,Southern Owens Valley,Indep. Ck. At Junction Flow,3.3
2026-09-15 17:44:00,Southern Owens Valley,LAA at Alabama Flow,417.0
2026-09-15 17:44:00,Southern Owens Valley,Cottonwood Ck. At LAA Flow,2.0
2026-09-15 17:44:00,Southern Owens Valley,LAA at Cottonwood Flow,444.0
2026-09-15 17:44:00,Southern Owens Valley,Haiwee LAA #1 Current Flow,0.0
2026-09-15 17:44:00,Southern Owens Valley,Haiwee LAA #2 Current Flow,269.5
2026-09-15 17:44:00,Southern Owens Valley,Reinhackel Flow,2.9
2026-09-15 17:44:00,Southern Owens Valley,Lubkin Spillgate Outflow,0.0
2026-09-15 17:44:00,Southern Owens Valley,Cartago Spillgate Outflow,12.3
2026-09-15 17:44:00,Southern Owens Valley,Lone Pine Creek Flow,6.7
2026-09-15 17:44:00,Lower Owens River Project,LORP Intake Flow,79.0
2026-09-15 17:44:00,Lower Owens River Project,LORP at Mazourka Canyon Road,0.0
2026-09-15 17:44:00,Lower Owens River Project,LORP at Reinhackle Springs,58.0
2026-09-15 17:44:00,Lower Owens River Project,LORP Above Pumpstation,48.0
2026-09-15 17:44:00,Lower Owens River Project,LORP At Pump Station Discharge Flow,37.0
2026-09-15 17:44:00,Southern District,Haiwee LAA #2 Current Flow,269.5
2026-09-15 17:44:00,Southern District,Haiwee LAA #1 Current Flow,0.0
2026-09-15 17:44:01,Mono Basin,Lee Vining Intake Above Flow,36.4
2026-09-15 17:44:01,Mono Basin,Lee Vining Intake Below Flow,24.8
2026-09-15 17:44:01,Mono Basin,Mono Lk. Elevation,6381.8
2026-09-15 17:44:01,Mono Basin,Walker Ck. Above Conduit Flow,2.0
2026-09-15 17:44:01,Mono Basin,L.V. Conduit Below Intake Flow,14.4
2026-09-15 17:44:01,Mono Basin,Walker Ck. Under Conduit Flow,2.0
2026-09-15 17:44:01,Mono Basin,Parker Ck. Under Conduit Flow,7.0
2026-09-15 17:44:01,Mono Basin,Parker Ck. Above Conduit Flow,8.0
2026-09-15 17:44:01,Mono Basin,Grant Lk. Spill Flow,0.0
2026-09-15 17:44:01,Mono Basin,Mono Gate 1 Return Ditch Flow,30.1
2026-09-15 17:44:01,Mono Basin,Grant Lk. Elevation,7128.5
2026-09-15 17:44:01,Mono Basin,Grant Lk. Outflow,38.8
2026-09-15 17:44:01,Mono Basin,Rush Ck. at Damsite Flow,17.2
2026-09-15 17:44:01,Mono Basin,Flow to West Portal,9.6
2026-09-15 17:44:01,Long Valley,East Portal Flow,22.0
2026-09-15 17:44:01,Long Valley,OR Below EP Flow,66.0
2026-09-15 17:44:01,Long Valley,Long Valley Elevation,6767.8
2026-09-15 17:44:01,Long Valley,Upper Gorge Total Release,35.9
2026-09-15 17:44:01,Long Valley,Release at Middle Gorge,0.0
2026-09-15 17:44:01,Northern Owens Valley,Pleasant Valley Elevation,4385.0
2026-09-15 17:44:01,Southern Owens Valley,LAA at Alabama Level,8.0
2026-09-15 17:44:01,Southern Owens Valley,LAA at Alabama Water Temp,67.1
2026-09-15 17:44:01,Southern Owens Valley,LAA at Cottonwood Level,8.8
2026-09-15 17:44:01,Southern Owens Valley,LAA at Cotton. Water Temp,68.1
2026-09-15 17:44:01,Southern Owens Valley,N. Haiwee Elevation,3756.8
2026-09-15 17:44:01,Southern Owens Valley,S. Haiwee Reservoir Elevation,3728.6
2026-09-15 17:44:01,Southern District,S. Haiwee Reservoir Elevation,3728.6
2026-09-15 17:44:01,Southern District,Fairmont Reservoir Elevation,3026.5
2026-09-15 17:44:01,Southern District,LAA #1 Flow at Fairmont Reservoir,103.4
2026-09-15 17:44:01,Southern District,LAA #2 Flow at Fairmont Res.,288.5
2026-09-15 17:44:01,Southern District,Bouquet Reservoir Elevation,2975.2
2026-09-15 17:44:01,Southern District,Bouquet Reservoir Inflow,0.0
2026-09-15 17:44:01,Southern District,Bouquet Reservoir Outflow,0.7
2026-09-15 17:44:01,Southern District,LAA #1 at Soledad Flow,183.8
2026-09-15 17:44:01,Southern District,LAA #2 at Soledad Flow,245.8
2026-09-15 17:58:59,Northern Owens Valley,Tinemaha Elevation,3861.0
2026-09-15 17:58:59,Southern Owens Valley,Tinemaha Elevation,3861.0
2026-09-15 18:28:58,Northern Owens Valley,Tinemaha Elevation,3861.0
2026-09-15 18:28:58,Southern Owens Valley,Tinemaha Elevation,3861.0
2026-09-15 18:44:00,Mono Basin,Lee Vining Intake Above Flow,36.3
2026-09-15 18:44:00,Mono Basin,Lee Vining Intake Below Flow,24.6
2026-09-15 18:44:00,Mono Basin,Mono Lk. Elevation,6381.8
2026-09-15 18:44:00,Mono Basin,Walker Ck. Above Conduit Flow,2.0
2026-09-15 18:44:00,Mono Basin,L.V. Conduit Below Intake Flow,14.4
2026-09-15 18:44:00,Mono Basin,Walker Ck. Under Conduit Flow,2.0
2026-09-15 18:44:00,Mono Basin,Parker Ck. Under Conduit Flow,7.0
2026-09-15 18:44:00,Mono Basin,Parker Ck. Above Conduit Flow,8.0
2026-09-15 18:44:00,Mono Basin,Grant Lk. Spill Flow,0.0
2026-09-15 18:44:00,Mono Basin,Mono Gate 1 Return Ditch Flow,29.9
2026-09-15 18:44:00,Mono Basin,Grant Lk. Elevation,7128.5
2026-09-15 18:44:00,Mono Basin,Grant Lk. Outflow,38.2
2026-09-15 18:44:00,Mono Basin,Rush Ck. at Damsite Flow,17.2
2026-09-15 18:44:00,Mono Basin,Flow to West Portal,9.6
2026-09-15 18:44:00,Long Valley,East Portal Flow,22.0
2026-09-15 18:44:00,Long Valley,OR Below EP Flow,66.0
2026-09-15 18:44:00,Long Valley,Hot Ck.at Hwy. Flow,4.0
2026-09-15 18:44:00,Long Valley,McGee Ck. Lower Sta. Flow,7.6
2026-09-15 18:44:00,Long Valley,Long Valley Elevation,6767.8
2026-09-15 18:44:00,Long Valley,Long Valley Current Outflow,581.6
2026-09-15 18:44:00,Long Valley,Rock Ck. Div. Flow,0.0
2026-09-15 18:44:00,Long Valley,Upper Gorge Total Release,35.7
2026-09-15 18:44:00,Long Valley,Release at Middle Gorge,0.0
2026-09-15 18:44:00,Northern Owens Valley,Rock Ck. At Owens River (PV) Flow,24.7
2026-09-15 18:44:00,Northern Owens Valley,Pleasant Valley Elevation,4385.1
2026-09-15 18:44:00,Northern Owens Valley,Pleasant Valley Outflow,496.4
2026-09-15 18:44:00,Northern Owens Valley,Baker Ck. At LA Station Flow,6.1
2026-09-15 18:44:00,Northern Owens Valley,Big Pine Ck. USGS Flow,19.6
2026-09-15 18:44:00,Northern Owens Valley,O.R. Below Big Pine,481.3
2026-09-15 18:44:00,Northern Owens Valley,Fish Springs At RR Flow,37.1
2026-09-15 18:44:00,Northern Owens Valley,Tinemaha Reservoir Outflow,429.2
2026-09-15 18:44:00,Northern Owens Valley,Bishop Creek Through Plant 6,68.7
2026-09-15 18:44:00,Northern Owens Valley,Bishop Creek Around Plant 6,7.1
2026-09-15 18:44:00,Southern Owens Valley,Tinemaha Reservoir Outflow,429.2
2026-09-15 18:44:00,Southern Owens Valley,Indep. Ck. At Junction Flow,3.3
2026-09-15 18:44:00,Southern Owens Valley,LAA at Alabama Flow,416.0
2026-09-15 18:44:00,Southern Owens Valley,LAA at Alabama Level,8.0
2026-09-15 18:44:00,Southern Owens Valley,LAA at Alabama Water Temp,67.1
2026-09-15 18:44:00,Southern Owens Valley,Cottonwood Ck. At LAA Flow,2.0
2026-09-15 18:44:00,Southern Owens Valley,LAA at Cottonwood Flow,445.0
2026-09-15 18:44:00,Southern Owens Valley,LAA at Cottonwood Level,8.8
2026-09-15 18:44:00,Southern Owens Valley,LAA at Cotton. Water Temp,67.7
2026-09-15 18:44:00,Southern Owens Valley,N. Haiwee Elevation,3756.8
2026-09-15 18:44:00,Southern Owens Valley,S. Haiwee Reservoir Elevation,3728.6
2026-09-15 18:44:00,Southern Owens Valley,Haiwee LAA #1 Current Flow,0.0
2026-09-15 18:44:00,Southern Owens Valley,Haiwee LAA #2 Current Flow,270.4
2026-09-15 18:44:00,Southern Owens Valley,Reinhackel Flow,2.9
2026-09-15 18:44:00,Southern Owens Valley,Lubkin Spillgate Outflow,0.0
2026-09-15 18:44:00,Southern Owens Valley,Cartago Spillgate Outflow,17.2
2026-09-15 18:44:00,Southern Owens Valley,Lone Pine Creek Flow,6.6
2026-09-15 18:44:00,Lower Owens River Project,LORP Intake Flow,79.0
2026-09-15 18:44:00,Lower Owens River Project,LORP at Mazourka Canyon Road,0.0
2026-09-15 18:44:00,Lower Owens River Project,LORP at Reinhackle Springs,58.0
2026-09-15 18:44:00,Lower Owens River Project,LORP Above Pumpstation,50.0
2026-09-15 18:44:00,Lower Owens River Project,LORP At Pump Station Discharge Flow,38.0
2026-09-15 18:44:00,Southern District,Haiwee LAA #2 Current Flow,270.4
2026-09-15 18:44:00,Southern District,S. Haiwee Reservoir Elevation,3728.6
2026-09-15 18:44:00,Southern District,Haiwee LAA #1 Current Flow,0.0
2026-09-15 18:44:00,Southern District,Fairmont Reservoir Elevation,3026.3
2026-09-15 18:44:00,Southern District,LAA #1 Flow at Fairmont Reservoir,98.9
2026-09-15 18:44:00,Southern District,LAA #2 Flow at Fairmont Res.,288.7
2026-09-15 18:44:00,Southern District,Bouquet Reservoir Elevation,2975.2
2026-09-15 18:44:00,Southern District,Bouquet Reservoir Inflow,0.0
2026-09-15 18:44:00,Southern District,Bouquet Reservoir Outflow,0.7
2026-09-15 18:44:00,Southern District,LAA #1 at Soledad Flow,183.8
2026-09-15 18:44:00,Southern District,LAA #2 at Soledad Flow,245.8
2026-09-15 18:58:59,Northern Owens Valley,Tinemaha Elevation,3861.0
2026-09-15 18:58:59,Southern Owens Valley,Tinemaha Elevation,3861.0
2026-09-15 19:28:58,Northern Owens Valley,Tinemaha Elevation,3861.0
2026-09-15 19:28:58,Southern Owens Valley,Tinemaha Elevation,3861.0
2026-09-15 19:44:01,Mono Basin,Lee Vining Intake Above Flow,36.5
2026-09-15 19:44:01,Mono Basin,Lee Vining Intake Below Flow,24.6
2026-09-15 19:44:01,Mono Basin,Mono Lk. Elevation,6381.8
2026-09-15 19:44:01,Mono Basin,Walker Ck. Above Conduit Flow,2.0
2026-09-15 19:44:01,Mono Basin,L.V. Conduit Below Intake Flow,14.3
2026-09-15 19:44:01,Mono Basin,Walker Ck. Under Conduit Flow,2.0
2026-09-15 19:44:01,Mono Basin,Parker Ck. Under Conduit Flow,7.0
2026-09-15 19:44:01,Mono Basin,Parker Ck. Above Conduit Flow,8.0
2026-09-15 19:44:01,Mono Basin,Grant Lk. Spill Flow,0.0
2026-09-15 19:44:01,Mono Basin,Mono Gate 1 Return Ditch Flow,29.9
2026-09-15 19:44:01,Mono Basin,Grant Lk. Elevation,7128.5
2026-09-15 19:44:01,Mono Basin,Grant Lk. Outflow,38.6
2026-09-15 19:44:01,Mono Basin,Rush Ck. at Damsite Flow,17.2
2026-09-15 19:44:01,Mono Basin,Flow to West Portal,9.6
2026-09-15 19:44:01,Long Valley,East Portal Flow,22.0
2026-09-15 19:44:01,Long Valley,OR Below EP Flow,66.0
2026-09-15 19:44:01,Long Valley,Hot Ck.at Hwy. Flow,4.0
2026-09-15 19:44:01,Long Valley,McGee Ck. Lower Sta. Flow,7.6
2026-09-15 19:44:01,Long Valley,Long Valley Elevation,6767.8
2026-09-15 19:44:01,Long Valley,Long Valley Current Outflow,581.2
2026-09-15 19:44:01,Long Valley,Rock Ck. Div. Flow,0.0
2026-09-15 19:44:01,Long Valley,Upper Gorge Total Release,35.8
2026-09-15 19:44:01,Long Valley,Release at Middle Gorge,0.0
2026-09-15 19:44:01,Northern Owens Valley,Rock Ck. At Owens River (PV) Flow,24.7
2026-09-15 19:44:01,Northern Owens Valley,Pleasant Valley Elevation,4385.2
2026-09-15 19:44:01,Northern Owens Valley,Pleasant Valley Outflow,497.4
2026-09-15 19:44:01,Northern Owens Valley,Baker Ck. At LA Station Flow,6.1
2026-09-15 19:44:01,Northern Owens Valley,Big Pine Ck. USGS Flow,19.6
2026-09-15 19:44:01,Northern Owens Valley,O.R. Below Big Pine,480.9
2026-09-15 19:44:01,Northern Owens Valley,Fish Springs At RR Flow,37.1
2026-09-15 19:44:01,Northern Owens Valley,Tinemaha Reservoir Outflow,429.2
2026-09-15 19:44:01,Northern Owens Valley,Bishop Creek Through Plant 6,68.7
2026-09-15 19:44:01,Northern Owens Valley,Bishop Creek Around Plant 6,7.1
2026-09-15 19:44:01,Southern Owens Valley,Tinemaha Reservoir Outflow,429.2
2026-09-15 19:44:01,Southern Owens Valley,Indep. Ck. At Junction Flow,3.1
2026-09-15 19:44:01,Southern Owens Valley,LAA at Alabama Flow,411.0
2026-09-15 19:44:01,Southern Owens Valley,LAA at Alabama Level,7.9
2026-09-15 19:44:01,Southern Owens Valley,LAA at Alabama Water Temp,66.7
2026-09-15 19:44:01,Southern Owens Valley,Cottonwood Ck. At LAA Flow,2.0
2026-09-15 19:44:01,Southern Owens Valley,LAA at Cottonwood Flow,444.0
2026-09-15 19:44:01,Southern Owens Valley,LAA at Cottonwood Level,8.8
2026-09-15 19:44:01,Southern Owens Valley,LAA at Cotton. Water Temp,67.3
2026-09-15 19:44:01,Southern Owens Valley,N. Haiwee Elevation,3756.9
2026-09-15 19:44:01,Southern Owens Valley,S. Haiwee Reservoir Elevation,3728.6
2026-09-15 19:44:01,Southern Owens Valley,Haiwee LAA #1 Current Flow,0.0
2026-09-15 19:44:01,Southern Owens Valley,Haiwee LAA #2 Current Flow,270.4
2026-09-15 19:44:01,Southern Owens Valley,Reinhackel Flow,2.9
2026-09-15 19:44:01,Southern Owens Valley,Lubkin Spillgate Outflow,0.0
2026-09-15 19:44:01,Southern Owens Valley,Cartago Spillgate Outflow,13.6
2026-09-15 19:44:01,Southern Owens Valley,Lone Pine Creek Flow,6.7
2026-09-15 19:44:01,Lower Owens River Project,LORP Intake Flow,79.0
2026-09-15 19:44:01,Lower Owens River Project,LORP at Mazourka Canyon Road,0.0
2026-09-15 19:44:01,Lower Owens River Project,LORP at Reinhackle Springs,58.0
2026-09-15 19:44:01,Lower Owens River Project,LORP Above Pumpstation,58.0
2026-09-15 19:44:01,Lower Owens River Project,LORP At Pump Station Discharge Flow,48.0
2026-09-15 19:44:01,Southern District,Haiwee LAA #2 Current Flow,270.4
2026-09-15 19:44:01,Southern District,S. Haiwee Reservoir Elevation,3728.6
2026-09-15 19:44:01,Southern District,Haiwee LAA #1 Current Flow,0.0
2026-09-15 19:44:01,Southern District,Fairmont Reservoir Elevation,3026.1
2026-09-15 19:44:01,Southern District,LAA #1 Flow at Fairmont Reservoir,94.1
2026-09-15 19:44:01,Southern District,LAA #2 Flow at Fairmont Res.,288.7
2026-09-15 19:44:01,Southern District,Bouquet Reservoir Elevation,2975.2
2026-09-15 19:44:01,Southern District,Bouquet Reservoir Inflow,0.0
2026-09-15 19:44:01,Southern District,Bouquet Reservoir Outflow,43.7
2026-09-15 19:44:01,Southern District,LAA #1 at Soledad Flow,186.2
2026-09-15 19:44:01,Southern District,LAA #2 at Soledad Flow,240.7
2026-09-15 19:58:59,Northern Owens Valley,Tinemaha Elevation,3861.0
2026-09-15 19:58:59,Southern Owens Valley,Tinemaha Elevation,3861.0
2026-09-15 20:28:59,Northern Owens Valley,Tinemaha Elevation,3861.1
2026-09-15 20:28:59,Southern Owens Valley,Tinemaha Elevation,3861.1
2026-09-15 20:44:00,Northern Owens Valley,Tinemaha Reservoir Outflow,429.2
2026-09-15 20:44:00,Southern Owens Valley,Tinemaha Reservoir Outflow,429.2
2026-09-15 20:44:00,Southern Owens Valley,Indep. Ck. At Junction Flow,3.2
2026-09-15 20:44:00,Southern Owens Valley,LAA at Alabama Flow,407.0
2026-09-15 20:44:00,Southern Owens Valley,Cottonwood Ck. At LAA Flow,2.0
2026-09-15 20:44:00,Southern Owens Valley,LAA at Cottonwood Flow,449.0
2026-09-15 20:44:00,Southern Owens Valley,Reinhackel Flow,2.9
2026-09-15 20:44:00,Southern Owens Valley,Lone Pine Creek Flow,6.6
2026-09-15 20:44:00,Lower Owens River Project,LORP Intake Flow,79.0
2026-09-15 20:44:01,Mono Basin,Lee Vining Intake Above Flow,37.5
2026-09-15 20:44:01,Mono Basin,Lee Vining Intake Below Flow,24.7
2026-09-15 20:44:01,Mono Basin,Mono Lk. Elevation,6381.8
2026-09-15 20:44:01,Mono Basin,Walker Ck. Above Conduit Flow,2.0
2026-09-15 20:44:01,Mono Basin,L.V. Conduit Below Intake Flow,14.1
2026-09-15 20:44:01,Mono Basin,Walker Ck. Under Conduit Flow,2.0
2026-09-15 20:44:01,Mono Basin,Parker Ck. Under Conduit Flow,7.0
2026-09-15 20:44:01,Mono Basin,Parker Ck. Above Conduit Flow,8.0
2026-09-15 20:44:01,Mono Basin,Grant Lk. Spill Flow,0.0
2026-09-15 20:44:01,Mono Basin,Mono Gate 1 Return Ditch Flow,29.9
2026-09-15 20:44:01,Mono Basin,Grant Lk. Elevation,7128.5
2026-09-15 20:44:01,Mono Basin,Grant Lk. Outflow,38.7
2026-09-15 20:44:01,Mono Basin,Rush Ck. at Damsite Flow,17.2
2026-09-15 20:44:01,Mono Basin,Flow to West Portal,9.6
2026-09-15 20:44:01,Long Valley,East Portal Flow,22.0
2026-09-15 20:44:01,Long Valley,OR Below EP Flow,66.0
2026-09-15 20:44:01,Long Valley,Hot Ck.at Hwy. Flow,4.0
2026-09-15 20:44:01,Long Valley,McGee Ck. Lower Sta. Flow,7.6
2026-09-15 20:44:01,Long Valley,Long Valley Elevation,6767.8
2026-09-15 20:44:01,Long Valley,Long Valley Current Outflow,580.9
2026-09-15 20:44:01,Long Valley,Rock Ck. Div. Flow,0.0
2026-09-15 20:44:01,Long Valley,Upper Gorge Total Release,36.7
2026-09-15 20:44:01,Long Valley,Release at Middle Gorge,0.0
2026-09-15 20:44:01,Northern Owens Valley,Rock Ck. At Owens River (PV) Flow,24.7
2026-09-15 20:44:01,Northern Owens Valley,Pleasant Valley Elevation,4385.3
2026-09-15 20:44:01,Northern Owens Valley,Pleasant Valley Outflow,498.0
2026-09-15 20:44:01,Northern Owens Valley,Baker Ck. At LA Station Flow,6.1
2026-09-15 20:44:01,Northern Owens Valley,Big Pine Ck. USGS Flow,19.6
2026-09-15 20:44:01,Northern Owens Valley,O.R. Below Big Pine,481.8
2026-09-15 20:44:01,Northern Owens Valley,Fish Springs At RR Flow,37.1
2026-09-15 20:44:01,Northern Owens Valley,Bishop Creek Through Plant 6,68.7
2026-09-15 20:44:01,Northern Owens Valley,Bishop Creek Around Plant 6,7.1
2026-09-15 20:44:01,Southern Owens Valley,LAA at Alabama Level,7.9
2026-09-15 20:44:01,Southern Owens Valley,LAA at Alabama Water Temp,66.5
2026-09-15 20:44:01,Southern Owens Valley,LAA at Cottonwood Level,8.8
2026-09-15 20:44:01,Southern Owens Valley,LAA at Cotton. Water Temp,66.9
2026-09-15 20:44:01,Southern Owens Valley,N. Haiwee Elevation,3756.9
2026-09-15 20:44:01,Southern Owens Valley,S. Haiwee Reservoir Elevation,3728.6
2026-09-15 20:44:01,Southern Owens Valley,Haiwee LAA #1 Current Flow,0.0
2026-09-15 20:44:01,Southern Owens Valley,Haiwee LAA #2 Current Flow,270.4
2026-09-15 20:44:01,Southern Owens Valley,Lubkin Spillgate Outflow,0.0
2026-09-15 20:44:01,Southern Owens Valley,Cartago Spillgate Outflow,15.1
2026-09-15 20:44:01,Lower Owens River Project,LORP at Mazourka Canyon Road,0.0
2026-09-15 20:44:01,Lower Owens River Project,LORP at Reinhackle Springs,60.0
2026-09-15 20:44:01,Lower Owens River Project,LORP Above Pumpstation,49.0
2026-09-15 20:44:01,Lower Owens River Project,LORP At Pump Station Discharge Flow,38.0
2026-09-15 20:44:01,Southern District,Haiwee LAA #2 Current Flow,270.4
2026-09-15 20:44:01,Southern District,S. Haiwee Reservoir Elevation,3728.6
2026-09-15 20:44:01,Southern District,Haiwee LAA #1 Current Flow,0.0
2026-09-15 20:44:01,Southern District,Fairmont Reservoir Elevation,3025.9
2026-09-15 20:44:01,Southern District,LAA #1 Flow at Fairmont Reservoir,89.0
2026-09-15 20:44:01,Southern District,LAA #2 Flow at Fairmont Res.,289.0
2026-09-15 20:44:01,Southern District,Bouquet Reservoir Elevation,2975.2
2026-09-15 20:44:01,Southern District,Bouquet Reservoir Inflow,0.0
2026-09-15 20:44:01,Southern District,Bouquet Reservoir Outflow,41.3
2026-09-15 20:44:01,Southern District,LAA #1 at Soledad Flow,186.2
2026-09-15 20:44:01,Southern District,LAA #2 at Soledad Flow,240.7
2026-09-15 20:59:00,Northern Owens Valley,Tinemaha Elevation,3861.1
2026-09-15 20:59:00,Southern Owens Valley,Tinemaha Elevation,3861.1
2026-09-15 21:28:59,Northern Owens Valley,Tinemaha Elevation,3861.1
2026-09-15 21:28:59,Southern Owens Valley,Tinemaha Elevation,3861.1
2026-09-15 21:44:00,Mono Basin,Lee Vining Intake Above Flow,36.9
2026-09-15 21:44:00,Mono Basin,Lee Vining Intake Below Flow,24.8
2026-09-15 21:44:00,Mono Basin,Walker Ck. Above Conduit Flow,2.0
2026-09-15 21:44:00,Mono Basin,L.V. Conduit Below Intake Flow,14.0
2026-09-15 21:44:00,Mono Basin,Walker Ck. Under Conduit Flow,2.0
2026-09-15 21:44:00,Mono Basin,Parker Ck. Under Conduit Flow,7.0
2026-09-15 21:44:00,Mono Basin,Parker Ck. Above Conduit Flow,8.0
2026-09-15 21:44:00,Mono Basin,Grant Lk. Spill Flow,0.0
2026-09-15 21:44:00,Mono Basin,Mono Gate 1 Return Ditch Flow,29.9
2026-09-15 21:44:00,Mono Basin,Grant Lk. Outflow,38.4
2026-09-15 21:44:00,Mono Basin,Rush Ck. at Damsite Flow,17.2
2026-09-15 21:44:00,Mono Basin,Flow to West Portal,9.6
2026-09-15 21:44:00,Long Valley,East Portal Flow,22.0
2026-09-15 21:44:00,Long Valley,OR Below EP Flow,66.0
2026-09-15 21:44:00,Long Valley,Hot Ck.at Hwy. Flow,4.0
2026-09-15 21:44:00,Long Valley,McGee Ck. Lower Sta. Flow,7.6
2026-09-15 21:44:00,Long Valley,Long Valley Current Outflow,573.5
2026-09-15 21:44:00,Long Valley,Rock Ck. Div. Flow,0.0
2026-09-15 21:44:00,Long Valley,Upper Gorge Total Release,38.3
2026-09-15 21:44:00,Long Valley,Release at Middle Gorge,0.0
2026-09-15 21:44:00,Northern Owens Valley,Rock Ck. At Owens River (PV) Flow,24.7
2026-09-15 21:44:00,Northern Owens Valley,Pleasant Valley Outflow,498.6
2026-09-15 21:44:00,Northern Owens Valley,Baker Ck. At LA Station Flow,6.1
2026-09-15 21:44:00,Northern Owens Valley,Big Pine Ck. USGS Flow,19.6
2026-09-15 21:44:00,Northern Owens Valley,O.R. Below Big Pine,480.1
2026-09-15 21:44:00,Northern Owens Valley,Fish Springs At RR Flow,37.1
2026-09-15 21:44:00,Northern Owens Valley,Tinemaha Reservoir Outflow,430.0
2026-09-15 21:44:00,Northern Owens Valley,Bishop Creek Through Plant 6,68.7
2026-09-15 21:44:00,Northern Owens Valley,Bishop Creek Around Plant 6,7.1
2026-09-15 21:44:00,Southern Owens Valley,Tinemaha Reservoir Outflow,430.0
2026-09-15 21:44:00,Southern Owens Valley,Indep. Ck. At Junction Flow,3.2
2026-09-15 21:44:00,Southern Owens Valley,LAA at Alabama Flow,405.0
2026-09-15 21:44:00,Southern Owens Valley,LAA at Alabama Level,7.9
2026-09-15 21:44:00,Southern Owens Valley,LAA at Alabama Water Temp,66.2
2026-09-15 21:44:00,Southern Owens Valley,Cottonwood Ck. At LAA Flow,2.0
2026-09-15 21:44:00,Southern Owens Valley,LAA at Cottonwood Flow,452.0
2026-09-15 21:44:00,Southern Owens Valley,LAA at Cottonwood Level,8.8
2026-09-15 21:44:00,Southern Owens Valley,LAA at Cotton. Water Temp,66.7
2026-09-15 21:44:00,Southern Owens Valley,Haiwee LAA #1 Current Flow,0.0
2026-09-15 21:44:00,Southern Owens Valley,Haiwee LAA #2 Current Flow,270.4
2026-09-15 21:44:00,Southern Owens Valley,Reinhackel Flow,2.9
2026-09-15 21:44:00,Southern Owens Valley,Lubkin Spillgate Outflow,0.0
2026-09-15 21:44:00,Southern Owens Valley,Cartago Spillgate Outflow,13.1
2026-09-15 21:44:00,Southern Owens Valley,Lone Pine Creek Flow,6.6
2026-09-15 21:44:00,Lower Owens River Project,LORP Intake Flow,79.0
2026-09-15 21:44:00,Lower Owens River Project,LORP at Mazourka Canyon Road,0.0
2026-09-15 21:44:00,Lower Owens River Project,LORP at Reinhackle Springs,58.0
2026-09-15 21:44:00,Lower Owens River Project,LORP Above Pumpstation,50.0
2026-09-15 21:44:00,Lower Owens River Project,LORP At Pump Station Discharge Flow,38.0
2026-09-15 21:44:00,Southern District,Haiwee LAA #2 Current Flow,270.4
2026-09-15 21:44:00,Southern District,Haiwee LAA #1 Current Flow,0.0
2026-09-15 21:44:00,Southern District,LAA #1 Flow at Fairmont Reservoir,83.1
2026-09-15 21:44:00,Southern District,LAA #2 Flow at Fairmont Res.,289.1
2026-09-15 21:44:00,Southern District,Bouquet Reservoir Inflow,0.0
2026-09-15 21:44:00,Southern District,Bouquet Reservoir Outflow,41.9
2026-09-15 21:44:00,Southern District,LAA #1 at Soledad Flow,186.2
2026-09-15 21:44:00,Southern District,LAA #2 at Soledad Flow,240.7
2026-09-15 21:44:01,Mono Basin,Mono Lk. Elevation,6381.8
2026-09-15 21:44:01,Mono Basin,Grant Lk. Elevation,7128.5
2026-09-15 21:44:01,Long Valley,Long Valley Elevation,6767.8
2026-09-15 21:44:01,Northern Owens Valley,Pleasant Valley Elevation,4385.4
2026-09-15 21:44:01,Southern Owens Valley,N. Haiwee Elevation,3756.9
2026-09-15 21:44:01,Southern Owens Valley,S. Haiwee Reservoir Elevation,3728.6
2026-09-15 21:44:01,Southern District,S. Haiwee Reservoir Elevation,3728.6
2026-09-15 21:44:01,Southern District,Fairmont Reservoir Elevation,3025.8
2026-09-15 21:44:01,Southern District,Bouquet Reservoir Elevation,2975.2
2026-09-15 21:58:59,Northern Owens Valley,Tinemaha Elevation,3861.1
2026-09-15 21:58:59,Southern Owens Valley,Tinemaha Elevation,3861.1
2026-09-15 22:28:59,Northern Owens Valley,Tinemaha Elevation,3861.1
2026-09-15 22:28:59,Southern Owens Valley,Tinemaha Elevation,3861.1
2026-09-15 22:44:00,Mono Basin,Lee Vining Intake Above Flow,37.2
2026-09-15 22:44:00,Mono Basin,Lee Vining Intake Below Flow,24.9
2026-09-15 22:44:00,Mono Basin,Mono Lk. Elevation,6381.8
2026-09-15 22:44:00,Mono Basin,Walker Ck. Above Conduit Flow,2.0
2026-09-15 22:44:00,Mono Basin,L.V. Conduit Below Intake Flow,14.1
2026-09-15 22:44:00,Mono Basin,Walker Ck. Under Conduit Flow,2.0
2026-09-15 22:44:00,Mono Basin,Parker Ck. Under Conduit Flow,7.0
2026-09-15 22:44:00,Mono Basin,Parker Ck. Above Conduit Flow,8.0
2026-09-15 22:44:00,Mono Basin,Grant Lk. Spill Flow,0.0
2026-09-15 22:44:00,Mono Basin,Mono Gate 1 Return Ditch Flow,29.9
2026-09-15 22:44:00,Mono Basin,Grant Lk. Elevation,7128.5
2026-09-15 22:44:00,Mono Basin,Grant Lk. Outflow,38.8
2026-09-15 22:44:00,Mono Basin,Rush Ck. at Damsite Flow,17.2
2026-09-15 22:44:00,Mono Basin,Flow to West Portal,9.6
2026-09-15 22:44:00,Long Valley,East Portal Flow,22.0
2026-09-15 22:44:00,Long Valley,OR Below EP Flow,66.0
2026-09-15 22:44:00,Long Valley,Hot Ck.at Hwy. Flow,4.0
2026-09-15 22:44:00,Long Valley,McGee Ck. Lower Sta. Flow,7.6
2026-09-15 22:44:00,Long Valley,Long Valley Elevation,6767.8
2026-09-15 22:44:00,Long Valley,Long Valley Current Outflow,577.8
2026-09-15 22:44:00,Long Valley,Rock Ck. Div. Flow,0.0
2026-09-15 22:44:00,Long Valley,Upper Gorge Total Release,37.7
2026-09-15 22:44:00,Long Valley,Release at Middle Gorge,0.0
2026-09-15 22:44:00,Northern Owens Valley,Rock Ck. At Owens River (PV) Flow,24.7
2026-09-15 22:44:00,Northern Owens Valley,Pleasant Valley Elevation,4385.6
2026-09-15 22:44:00,Northern Owens Valley,Pleasant Valley Outflow,498.9
2026-09-15 22:44:00,Northern Owens Valley,Baker Ck. At LA Station Flow,6.9
2026-09-15 22:44:00,Northern Owens Valley,Big Pine Ck. USGS Flow,19.6
2026-09-15 22:44:00,Northern Owens Valley,O.R. Below Big Pine,480.4
2026-09-15 22:44:00,Northern Owens Valley,Fish Springs At RR Flow,37.1
2026-09-15 22:44:00,Northern Owens Valley,Tinemaha Reservoir Outflow,429.2
2026-09-15 22:44:00,Northern Owens Valley,Bishop Creek Through Plant 6,68.1
2026-09-15 22:44:00,Northern Owens Valley,Bishop Creek Around Plant 6,7.5
2026-09-15 22:44:00,Southern Owens Valley,Tinemaha Reservoir Outflow,429.2
2026-09-15 22:44:00,Southern Owens Valley,Indep. Ck. At Junction Flow,3.2
2026-09-15 22:44:00,Southern Owens Valley,LAA at Alabama Flow,403.0
2026-09-15 22:44:00,Southern Owens Valley,LAA at Alabama Level,7.8
2026-09-15 22:44:00,Southern Owens Valley,LAA at Alabama Water Temp,65.8
2026-09-15 22:44:00,Southern Owens Valley,Cottonwood Ck. At LAA Flow,2.0
2026-09-15 22:44:00,Southern Owens Valley,LAA at Cottonwood Flow,452.0
2026-09-15 22:44:00,Southern Owens Valley,LAA at Cottonwood Level,8.8
2026-09-15 22:44:00,Southern Owens Valley,LAA at Cotton. Water Temp,66.4
2026-09-15 22:44:00,Southern Owens Valley,N. Haiwee Elevation,3756.9
2026-09-15 22:44:00,Southern Owens Valley,S. Haiwee Reservoir Elevation,3728.6
2026-09-15 22:44:00,Southern Owens Valley,Haiwee LAA #1 Current Flow,0.0
2026-09-15 22:44:00,Southern Owens Valley,Haiwee LAA #2 Current Flow,270.4
2026-09-15 22:44:00,Southern Owens Valley,Reinhackel Flow,2.9
2026-09-15 22:44:00,Southern Owens Valley,Lubkin Spillgate Outflow,0.0
2026-09-15 22:44:00,Southern Owens Valley,Cartago Spillgate Outflow,13.3
2026-09-15 22:44:00,Southern Owens Valley,Lone Pine Creek Flow,6.7
2026-09-15 22:44:00,Lower Owens River Project,LORP Intake Flow,79.0
2026-09-15 22:44:00,Lower Owens River Project,LORP at Mazourka Canyon Road,0.0
2026-09-15 22:44:00,Lower Owens River Project,LORP at Reinhackle Springs,60.0
2026-09-15 22:44:00,Lower Owens River Project,LORP Above Pumpstation,49.0
2026-09-15 22:44:00,Lower Owens River Project,LORP At Pump Station Discharge Flow,37.0
2026-09-15 22:44:00,Southern District,Haiwee LAA #2 Current Flow,270.4
2026-09-15 22:44:00,Southern District,S. Haiwee Reservoir Elevation,3728.6
2026-09-15 22:44:00,Southern District,Haiwee LAA #1 Current Flow,0.0
2026-09-15 22:44:00,Southern District,Fairmont Reservoir Elevation,3025.7
2026-09-15 22:44:00,Southern District,LAA #1 Flow at Fairmont Reservoir,81.1
2026-09-15 22:44:00,Southern District,LAA #2 Flow at Fairmont Res.,289.6
2026-09-15 22:44:00,Southern District,Bouquet Reservoir Elevation,2975.2
2026-09-15 22:44:00,Southern District,Bouquet Reservoir Inflow,0.0
2026-09-15 22:44:00,Southern District,Bouquet Reservoir Outflow,74.9
2026-09-15 22:44:00,Southern District,LAA #1 at Soledad Flow,186.2
2026-09-15 22:44:00,Southern District,LAA #2 at Soledad Flow,240.7
2026-09-15 22:58:59,Northern Owens Valley,Tinemaha Elevation,3861.1
2026-09-15 22:58:59,Southern Owens Valley,Tinemaha Elevation,3861.1
2026-09-15 23:28:59,Northern Owens Valley,Tinemaha Elevation,3861.1
2026-09-15 23:28:59,Southern Owens Valley,Tinemaha Elevation,3861.1
2026-09-15 23:43:59,Mono Basin,Lee Vining Intake Above Flow,36.9
2026-09-15 23:43:59,Mono Basin,Lee Vining Intake Below Flow,24.9
2026-09-15 23:43:59,Mono Basin,Walker Ck. Above Conduit Flow,2.0
2026-09-15 23:43:59,Mono Basin,L.V. Conduit Below Intake Flow,13.9
2026-09-15 23:43:59,Mono Basin,Walker Ck. Under Conduit Flow,2.0
2026-09-15 23:43:59,Mono Basin,Parker Ck. Under Conduit Flow,7.0
2026-09-15 23:43:59,Mono Basin,Parker Ck. Above Conduit Flow,8.0
2026-09-15 23:43:59,Mono Basin,Grant Lk. Spill Flow,0.0
2026-09-15 23:43:59,Mono Basin,Mono Gate 1 Return Ditch Flow,29.9
2026-09-15 23:43:59,Mono Basin,Grant Lk. Outflow,38.7
2026-09-15 23:43:59,Mono Basin,Rush Ck. at Damsite Flow,17.2
2026-09-15 23:43:59,Mono Basin,Flow to West Portal,9.6
2026-09-15 23:43:59,Long Valley,East Portal Flow,22.0
2026-09-15 23:43:59,Long Valley,OR Below EP Flow,66.0
2026-09-15 23:43:59,Long Valley,Hot Ck.at Hwy. Flow,4.0
2026-09-15 23:43:59,Long Valley,McGee Ck. Lower Sta. Flow,7.6
2026-09-15 23:43:59,Long Valley,Long Valley Current Outflow,573.8
2026-09-15 23:43:59,Long Valley,Rock Ck. Div. Flow,0.0
2026-09-15 23:43:59,Long Valley,Upper Gorge Total Release,36.7
2026-09-15 23:43:59,Long Valley,Release at Middle Gorge,0.0
2026-09-15 23:43:59,Northern Owens Valley,Rock Ck. At Owens River (PV) Flow,24.7
2026-09-15 23:43:59,Northern Owens Valley,Pleasant Valley Outflow,499.6
2026-09-15 23:43:59,Northern Owens Valley,Baker Ck. At LA Station Flow,6.9
2026-09-15 23:43:59,Northern Owens Valley,Big Pine Ck. USGS Flow,23.3
2026-09-15 23:43:59,Northern Owens Valley,O.R. Below Big Pine,481.9
2026-09-15 23:43:59,Northern Owens Valley,Fish Springs At RR Flow,37.1
2026-09-15 23:43:59,Northern Owens Valley,Tinemaha Reservoir Outflow,430.0
2026-09-15 23:43:59,Northern Owens Valley,Bishop Creek Through Plant 6,70.1
2026-09-15 23:43:59,Northern Owens Valley,Bishop Creek Around Plant 6,7.5
2026-09-15 23:43:59,Southern Owens Valley,Tinemaha Reservoir Outflow,430.0
2026-09-15 23:43:59,Southern Owens Valley,Indep. Ck. At Junction Flow,3.2
2026-09-15 23:43:59,Southern Owens Valley,LAA at Alabama Flow,401.0
2026-09-15 23:43:59,Southern Owens Valley,Cottonwood Ck. At LAA Flow,2.0
2026-09-15 23:43:59,Southern Owens Valley,LAA at Cottonwood Flow,451.0
2026-09-15 23:43:59,Southern Owens Valley,Haiwee LAA #1 Current Flow,0.0
2026-09-15 23:43:59,Southern Owens Valley,Haiwee LAA #2 Current Flow,270.4
2026-09-15 23:43:59,Southern Owens Valley,Reinhackel Flow,2.9
2026-09-15 23:43:59,Southern Owens Valley,Lubkin Spillgate Outflow,0.0
2026-09-15 23:43:59,Southern Owens Valley,Cartago Spillgate Outflow,13.0
2026-09-15 23:43:59,Southern Owens Valley,Lone Pine Creek Flow,6.8
2026-09-15 23:43:59,Lower Owens River Project,LORP Intake Flow,80.0
2026-09-15 23:43:59,Lower Owens River Project,LORP at Mazourka Canyon Road,0.0
2026-09-15 23:43:59,Lower Owens River Project,LORP at Reinhackle Springs,57.0
2026-09-15 23:43:59,Lower Owens River Project,LORP Above Pumpstation,57.0
2026-09-15 23:43:59,Lower Owens River Project,LORP At Pump Station Discharge Flow,46.0
2026-09-15 23:43:59,Southern District,Haiwee LAA #2 Current Flow,270.4
2026-09-15 23:43:59,Southern District,Haiwee LAA #1 Current Flow,0.0
2026-09-15 23:43:59,Southern District,LAA #1 Flow at Fairmont Reservoir,79.1
2026-09-15 23:43:59,Southern District,LAA #2 Flow at Fairmont Res.,289.2
2026-09-15 23:43:59,Southern District,Bouquet Reservoir Inflow,0.0
2026-09-15 23:43:59,Southern District,Bouquet Reservoir Outflow,75.4
2026-09-15 23:43:59,Southern District,LAA #1 at Soledad Flow,186.2
2026-09-15 23:43:59,Southern District,LAA #2 at Soledad Flow,240.7
2026-09-15 23:44:00,Mono Basin,Mono Lk. Elevation,6381.8
2026-09-15 23:44:00,Mono Basin,Grant Lk. Elevation,7128.5
2026-09-15 23:44:00,Long Valley,Long Valley Elevation,6767.8
2026-09-15 23:44:00,Northern Owens Valley,Pleasant Valley Elevation,4385.6
2026-09-15 23:44:00,Southern Owens Valley,LAA at Alabama Level,7.8
2026-09-15 23:44:00,Southern Owens Valley,LAA at Alabama Water Temp,65.5
2026-09-15 23:44:00,Southern Owens Valley,LAA at Cottonwood Level,8.8
2026-09-15 23:44:00,Southern Owens Valley,LAA at Cotton. Water Temp,66.3
2026-09-15 23:44:00,Southern Owens Valley,N. Haiwee Elevation,3756.9
2026-09-15 23:44:00,Southern Owens Valley,S. Haiwee Reservoir Elevation,3728.6
2026-09-15 23:44:00,Southern District,S. Haiwee Reservoir Elevation,3728.6
2026-09-15 23:44:00,Southern District,Fairmont Reservoir Elevation,3025.7
2026-09-15 23:44:00,Southern District,Bouquet Reservoir Elevation,2975.2
2026-09-15 23:58:59,Northern Owens Valley,Tinemaha Elevation,3861.1
2026-09-15 23:58:59,Southern Owens Valley,Tinemaha Elevation,3861.1
