date,district,source,value
2026-10-02 05:28:08,Northern Owens Valley,Tinemaha Elevation,3860.9
2026-10-02 05:28:08,Southern Owens Valley,Tinemaha Elevation,3860.9
2026-10-02 05:58:08,Northern Owens Valley,Tinemaha Elevation,3860.9
2026-10-02 05:58:08,Southern Owens Valley,Tinemaha Elevation,3860.9
2026-10-02 06:28:08,Northern Owens Valley,Tinemaha Elevation,3860.9
2026-10-02 06:28:08,Southern Owens Valley,Tinemaha Elevation,3860.9
2026-10-02 06:58:08,Northern Owens Valley,Tinemaha Elevation,3860.9
2026-10-02 06:58:08,Southern Owens Valley,Tinemaha Elevation,3860.9
2026-10-02 07:28:08,Northern Owens Valley,Tinemaha Elevation,3860.9
2026-10-02 07:28:08,Southern Owens Valley,Tinemaha Elevation,3860.9
2026-10-02 07:58:08,Northern Owens Valley,Tinemaha Elevation,3860.9
2026-10-02 07:58:08,Southern Owens Valley,Tinemaha Elevation,3860.9
2026-10-02 08:28:08,Northern Owens Valley,Tinemaha Elevation,3860.9
2026-10-02 08:28:08,Southern Owens Valley,Tinemaha Elevation,3860.9
2026-10-02 08:58:08,Northern Owens Valley,Tinemaha Elevation,3860.9
2026-10-02 08:58:08,Southern Owens Valley,Tinemaha Elevation,3860.9
2026-10-02 09:28:08,Northern Owens Valley,Tinemaha Elevation,3860.9
2026-10-02 09:28:08,Southern Owens Valley,Tinemaha Elevation,3860.9
2026-10-02 09:58:08,Northern Owens Valley,Tinemaha Elevation,3860.9
2026-10-02 09:58:08,Southern Owens Valley,Tinemaha Elevation,3860.9
2026-10-02 10:28:08,Northern Owens Valley,Tinemaha Elevation,3860.9
2026-10-02 10:28:08,Southern Owens Valley,Tinemaha Elevation,3860.9
2026-10-02 10:58:08,Northern Owens Valley,Tinemaha Elevation,3860.9
2026-10-02 10:58:08,Southern Owens Valley,Tinemaha Elevation,3860.9
2026-10-02 11:13:07,Mono Basin,Lee Vining Intake Above Flow,27.1
2026-10-02 11:13:07,Mono Basin,Lee Vining Intake Below Flow,16.4
2026-10-02 11:13:07,Mono Basin,Walker Ck. Above Conduit Flow,3.0
2026-10-02 11:13:07,Mono Basin,L.V. Conduit Below Intake Flow,12.0
2026-10-02 11:13:07,Mono Basin,Walker Ck. Under Conduit Flow,3.0
2026-10-02 11:13:07,Mono Basin,Parker Ck. Under Conduit Flow,6.0
2026-10-02 11:13:07,Mono Basin,Parker Ck. Above Conduit Flow,6.0
2026-10-02 11:13:07,Mono Basin,Grant Lk. Spill Flow,0.0
2026-10-02 11:13:07,Mono Basin,Mono Gate 1 Return Ditch Flow,28.9
2026-10-02 11:13:07,Mono Basin,Grant Lk. Outflow,39.5
2026-10-02 11:13:07,Mono Basin,Rush Ck. at Damsite Flow,14.5
2026-10-02 11:13:07,Mono Basin,Flow to West Portal,13.4
2026-10-02 11:13:07,Long Valley,East Portal Flow,25.0
2026-10-02 11:13:07,Long Valley,OR Below EP Flow,71.0
2026-10-02 11:13:07,Long Valley,Hot Ck.at Hwy. Flow,5.0
2026-10-02 11:13:07,Long Valley,McGee Ck. Lower Sta. Flow,8.0
2026-10-02 11:13:07,Long Valley,Long Valley Current Outflow,584.1
2026-10-02 11:13:07,Long Valley,Rock Ck. Div. Flow,0.0
2026-10-02 11:13:07,Long Valley,Upper Gorge Total Release,39.7
2026-10-02 11:13:07,Long Valley,Release at Middle Gorge,0.0
2026-10-02 11:13:07,Northern Owens Valley,Rock Ck. At Owens River (PV) Flow,30.0
2026-10-02 11:13:07,Northern Owens Valley,Pleasant Valley Outflow,161.9
2026-10-02 11:13:07,Northern Owens Valley,Baker Ck. At LA Station Flow,6.1
2026-10-02 11:13:07,Northern Owens Valley,Big Pine Ck. USGS Flow,19.6
2026-10-02 11:13:07,Northern Owens Valley,O.R. Below Big Pine,337.0
2026-10-02 11:13:07,Northern Owens Valley,Fish Springs At RR Flow,36.6
2026-10-02 11:13:07,Northern Owens Valley,Tinemaha Reservoir Outflow,329.9
2026-10-02 11:13:07,Northern Owens Valley,Bishop Creek Through Plant 6,59.4
2026-10-02 11:13:07,Northern Owens Valley,Bishop Creek Around Plant 6,6.9
2026-10-02 11:13:07,Southern Owens Valley,Tinemaha Reservoir Outflow,329.9
2026-10-02 11:13:07,Southern Owens Valley,Indep. Ck. At Junction Flow,2.9
2026-10-02 11:13:07,Southern Owens Valley,LAA at Alabama Flow,267.0
2026-10-02 11:13:07,Southern Owens Valley,Cottonwood Ck. At LAA Flow,0.0
2026-10-02 11:13:07,Southern Owens Valley,LAA at Cottonwood Flow,241.0
2026-10-02 11:13:07,Southern Owens Valley,Haiwee LAA #1 Current Flow,0.0
2026-10-02 11:13:07,Southern Owens Valley,Haiwee LAA #2 Current Flow,3.3
2026-10-02 11:13:07,Southern Owens Valley,Reinhackel Flow,2.9
2026-10-02 11:13:07,Southern Owens Valley,Lubkin Spillgate Outflow,60.4
2026-10-02 11:13:07,Southern Owens Valley,Cartago Spillgate Outflow,96.6
2026-10-02 11:13:07,Southern Owens Valley,Lone Pine Creek Flow,5.1
2026-10-02 11:13:07,Lower Owens River Project,LORP Intake Flow,81.0
2026-10-02 11:13:07,Lower Owens River Project,LORP at Mazourka Canyon Road,0.0
2026-10-02 11:13:07,Lower Owens River Project,LORP at Reinhackle Springs,64.0
2026-10-02 11:13:07,Lower Owens River Project,LORP Above Pumpstation,59.0
2026-10-02 11:13:07,Lower Owens River Project,LORP At Pump Station Discharge Flow,48.0
2026-10-02 11:13:07,Southern District,Haiwee LAA #2 Current Flow,3.3
2026-10-02 11:13:07,Southern District,Haiwee LAA #1 Current Flow,0.0
2026-10-02 11:13:07,Southern District,LAA #1 Flow at Fairmont Reservoir,121.1
2026-10-02 11:13:07,Southern District,LAA #2 Flow at Fairmont Res.,41.1
2026-10-02 11:13:07,Southern District,Bouquet Reservoir Inflow,122.9
2026-10-02 11:13:07,Southern District,Bouquet Reservoir Outflow,0.7
2026-10-02 11:13:07,Southern District,LAA #1 at Soledad Flow,11.1
2026-10-02 11:13:07,Southern District,LAA #2 at Soledad Flow,0.0
2026-10-02 11:13:08,Mono Basin,Mono Lk. Elevation,6381.7
2026-10-02 11:13:08,Mono Basin,Grant Lk. Elevation,7128.1
2026-10-02 11:13:08,Long Valley,Long Valley Elevation,6765.5
2026-10-02 11:13:08,Northern Owens Valley,Pleasant Valley Elevation,4380.6
2026-10-02 11:13:08,Southern Owens Valley,LAA at Alabama Level,6.3
2026-10-02 11:13:08,Southern Owens Valley,LAA at Alabama Water Temp,61.8
2026-10-02 11:13:08,Southern Owens Valley,LAA at Cottonwood Level,6.4
2026-10-02 11:13:08,Southern Owens Valley,LAA at Cotton. Water Temp,64.1
2026-10-02 11:13:08,Southern Owens Valley,N. Haiwee Elevation,3756.8
2026-10-02 11:13:08,Southern Owens Valley,S. Haiwee Reservoir Elevation,3721.0
2026-10-02 11:13:08,Southern District,S. Haiwee Reservoir Elevation,3721.0
2026-10-02 11:13:08,Southern District,Fairmont Reservoir Elevation,3026.9
2026-10-02 11:13:08,Southern District,Bouquet Reservoir Elevation,2977.3
2026-10-02 11:28:07,Mono Basin,Lee Vining Intake Above Flow,27.1
2026-10-02 11:28:07,Mono Basin,Lee Vining Intake Below Flow,16.4
2026-10-02 11:28:07,Mono Basin,Walker Ck. Above Conduit Flow,3.0
2026-10-02 11:28:07,Mono Basin,L.V. Conduit Below Intake Flow,12.0
2026-10-02 11:28:07,Mono Basin,Walker Ck. Under Conduit Flow,3.0
2026-10-02 11:28:07,Mono Basin,Parker Ck. Under Conduit Flow,6.0
2026-10-02 11:28:07,Mono Basin,Parker Ck. Above Conduit Flow,6.0
2026-10-02 11:28:07,Mono Basin,Grant Lk. Spill Flow,0.0
2026-10-02 11:28:07,Mono Basin,Mono Gate 1 Return Ditch Flow,28.9
2026-10-02 11:28:07,Mono Basin,Grant Lk. Outflow,38.6
2026-10-02 11:28:07,Mono Basin,Rush Ck. at Damsite Flow,14.5
2026-10-02 11:28:07,Mono Basin,Flow to West Portal,13.4
2026-10-02 11:28:07,Long Valley,East Portal Flow,25.0
2026-10-02 11:28:07,Long Valley,OR Below EP Flow,71.0
2026-10-02 11:28:07,Long Valley,Hot Ck.at Hwy. Flow,5.0
2026-10-02 11:28:07,Long Valley,McGee Ck. Lower Sta. Flow,8.0
2026-10-02 11:28:07,Long Valley,Long Valley Current Outflow,587.7
2026-10-02 11:28:07,Long Valley,Rock Ck. Div. Flow,0.0
2026-10-02 11:28:07,Long Valley,Upper Gorge Total Release,40.0
2026-10-02 11:28:07,Long Valley,Release at Middle Gorge,0.0
2026-10-02 11:28:07,Northern Owens Valley,Rock Ck. At Owens River (PV) Flow,31.1
2026-10-02 11:28:07,Northern Owens Valley,Pleasant Valley Outflow,203.9
2026-10-02 11:28:07,Northern Owens Valley,Baker Ck. At LA Station Flow,6.1
2026-10-02 11:28:07,Northern Owens Valley,Big Pine Ck. USGS Flow,19.6
2026-10-02 11:28:07,Northern Owens Valley,O.R. Below Big Pine,336.9
2026-10-02 11:28:07,Northern Owens Valley,Fish Springs At RR Flow,36.6
2026-10-02 11:28:07,Northern Owens Valley,Tinemaha Reservoir Outflow,332.1
2026-10-02 11:28:07,Northern Owens Valley,Bishop Creek Through Plant 6,59.4
2026-10-02 11:28:07,Northern Owens Valley,Bishop Creek Around Plant 6,6.9
2026-10-02 11:28:07,Southern Owens Valley,Tinemaha Reservoir Outflow,332.1
2026-10-02 11:28:07,Southern Owens Valley,Indep. Ck. At Junction Flow,2.9
2026-10-02 11:28:07,Southern Owens Valley,LAA at Alabama Flow,267.0
2026-10-02 11:28:07,Southern Owens Valley,Cottonwood Ck. At LAA Flow,0.0
2026-10-02 11:28:07,Southern Owens Valley,LAA at Cottonwood Flow,241.0
2026-10-02 11:28:07,Southern Owens Valley,Haiwee LAA #1 Current Flow,0.0
2026-10-02 11:28:07,Southern Owens Valley,Haiwee LAA #2 Current Flow,3.3
2026-10-02 11:28:07,Southern Owens Valley,Reinhackel Flow,2.9
2026-10-02 11:28:07,Southern Owens Valley,Lubkin Spillgate Outflow,62.9
2026-10-02 11:28:07,Southern Owens Valley,Cartago Spillgate Outflow,100.5
2026-10-02 11:28:07,Southern Owens Valley,Lone Pine Creek Flow,5.1
2026-10-02 11:28:07,Lower Owens River Project,LORP Intake Flow,81.0
2026-10-02 11:28:07,Lower Owens River Project,LORP at Mazourka Canyon Road,0.0
2026-10-02 11:28:07,Lower Owens River Project,LORP at Reinhackle Springs,62.0
2026-10-02 11:28:07,Lower Owens River Project,LORP Above Pumpstation,59.0
2026-10-02 11:28:07,Lower Owens River Project,LORP At Pump Station Discharge Flow,48.0
2026-10-02 11:28:07,Southern District,Haiwee LAA #2 Current Flow,3.3
2026-10-02 11:28:07,Southern District,Haiwee LAA #1 Current Flow,0.0
2026-10-02 11:28:07,Southern District,LAA #1 Flow at Fairmont Reservoir,121.3
2026-10-02 11:28:07,Southern District,LAA #2 Flow at Fairmont Res.,40.7
2026-10-02 11:28:07,Southern District,Bouquet Reservoir Inflow,112.4
2026-10-02 11:28:07,Southern District,Bouquet Reservoir Outflow,0.7
2026-10-02 11:28:07,Southern District,LAA #1 at Soledad Flow,11.1
2026-10-02 11:28:07,Southern District,LAA #2 at Soledad Flow,0.0
2026-10-02 11:28:08,Mono Basin,Mono Lk. Elevation,6381.7
2026-10-02 11:28:08,Mono Basin,Grant Lk. Elevation,7128.1
2026-10-02 11:28:08,Long Valley,Long Valley Elevation,6765.4
2026-10-02 11:28:08,Northern Owens Valley,Pleasant Valley Elevation,4380.7
2026-10-02 11:28:08,Northern Owens Valley,Tinemaha Elevation,3861.0
2026-10-02 11:28:08,Southern Owens Valley,Tinemaha Elevation,3861.0
2026-10-02 11:28:08,Southern Owens Valley,LAA at Alabama Level,6.3
2026-10-02 11:28:08,Southern Owens Valley,LAA at Alabama Water Temp,61.8
2026-10-02 11:28:08,Southern Owens Valley,LAA at Cottonwood Level,6.4
2026-10-02 11:28:08,Southern Owens Valley,LAA at Cotton. Water Temp,64.1
2026-10-02 11:28:08,Southern Owens Valley,N. Haiwee Elevation,3756.8
2026-10-02 11:28:08,Southern Owens Valley,S. Haiwee Reservoir Elevation,3721.0
2026-10-02 11:28:08,Southern District,S. Haiwee Reservoir Elevation,3721.0
2026-10-02 11:28:08,Southern District,Fairmont Reservoir Elevation,3026.9
2026-10-02 11:28:08,Southern District,Bouquet Reservoir Elevation,2977.3
2026-10-02 11:43:07,Mono Basin,Lee Vining Intake Above Flow,27.1
2026-10-02 11:43:07,Mono Basin,Lee Vining Intake Below Flow,16.4
2026-10-02 11:43:07,Mono Basin,Walker Ck. Above Conduit Flow,3.0
2026-10-02 11:43:07,Mono Basin,L.V. Conduit Below Intake Flow,12.0
2026-10-02 11:43:07,Mono Basin,Walker Ck. Under Conduit Flow,3.0
2026-10-02 11:43:07,Mono Basin,Parker Ck. Under Conduit Flow,6.0
2026-10-02 11:43:07,Mono Basin,Parker Ck. Above Conduit Flow,6.0
2026-10-02 11:43:07,Mono Basin,Grant Lk. Spill Flow,0.0
2026-10-02 11:43:07,Mono Basin,Mono Gate 1 Return Ditch Flow,28.9
2026-10-02 11:43:07,Mono Basin,Grant Lk. Outflow,38.6
2026-10-02 11:43:07,Mono Basin,Rush Ck. at Damsite Flow,14.5
2026-10-02 11:43:07,Mono Basin,Flow to West Portal,13.4
2026-10-02 11:43:07,Long Valley,East Portal Flow,26.0
2026-10-02 11:43:07,Long Valley,OR Below EP Flow,71.0
2026-10-02 11:43:07,Long Valley,Hot Ck.at Hwy. Flow,5.0
2026-10-02 11:43:07,Long Valley,McGee Ck. Lower Sta. Flow,8.0
2026-10-02 11:43:07,Long Valley,Long Valley Current Outflow,587.7
2026-10-02 11:43:07,Long Valley,Rock Ck. Div. Flow,0.0
2026-10-02 11:43:07,Long Valley,Upper Gorge Total Release,40.2
2026-10-02 11:43:07,Long Valley,Release at Middle Gorge,0.0
2026-10-02 11:43:07,Northern Owens Valley,Rock Ck. At Owens River (PV) Flow,31.4
2026-10-02 11:43:07,Northern Owens Valley,Pleasant Valley Outflow,219.4
2026-10-02 11:43:07,Northern Owens Valley,Baker Ck. At LA Station Flow,6.1
2026-10-02 11:43:07,Northern Owens Valley,Big Pine Ck. USGS Flow,19.6
2026-10-02 11:43:07,Northern Owens Valley,O.R. Below Big Pine,336.1
2026-10-02 11:43:07,Northern Owens Valley,Fish Springs At RR Flow,36.6
2026-10-02 11:43:07,Northern Owens Valley,Tinemaha Reservoir Outflow,332.1
2026-10-02 11:43:07,Northern Owens Valley,Bishop Creek Through Plant 6,59.4
2026-10-02 11:43:07,Northern Owens Valley,Bishop Creek Around Plant 6,6.9
2026-10-02 11:43:07,Southern Owens Valley,Tinemaha Reservoir Outflow,332.1
2026-10-02 11:43:07,Southern Owens Valley,Indep. Ck. At Junction Flow,2.9
2026-10-02 11:43:07,Southern Owens Valley,LAA at Alabama Flow,267.0
2026-10-02 11:43:07,Southern Owens Valley,Cottonwood Ck. At LAA Flow,0.0
2026-10-02 11:43:07,Southern Owens Valley,LAA at Cottonwood Flow,240.0
2026-10-02 11:43:07,Southern Owens Valley,Haiwee LAA #1 Current Flow,0.0
2026-10-02 11:43:07,Southern Owens Valley,Haiwee LAA #2 Current Flow,3.3
2026-10-02 11:43:07,Southern Owens Valley,Reinhackel Flow,2.9
2026-10-02 11:43:07,Southern Owens Valley,Lubkin Spillgate Outflow,57.2
2026-10-02 11:43:07,Southern Owens Valley,Cartago Spillgate Outflow,85.5
2026-10-02 11:43:07,Southern Owens Valley,Lone Pine Creek Flow,5.1
2026-10-02 11:43:07,Lower Owens River Project,LORP Intake Flow,81.0
2026-10-02 11:43:07,Lower Owens River Project,LORP at Mazourka Canyon Road,0.0
2026-10-02 11:43:07,Lower Owens River Project,LORP at Reinhackle Springs,62.0
2026-10-02 11:43:07,Lower Owens River Project,LORP Above Pumpstation,59.0
2026-10-02 11:43:07,Lower Owens River Project,LORP At Pump Station Discharge Flow,48.0
2026-10-02 11:43:07,Southern District,Haiwee LAA #2 Current Flow,3.3
2026-10-02 11:43:07,Southern District,Haiwee LAA #1 Current Flow,0.0
2026-10-02 11:43:07,Southern District,LAA #1 Flow at Fairmont Reservoir,119.2
2026-10-02 11:43:07,Southern District,LAA #2 Flow at Fairmont Res.,40.1
2026-10-02 11:43:07,Southern District,Bouquet Reservoir Inflow,117.4
2026-10-02 11:43:07,Southern District,Bouquet Reservoir Outflow,0.6
2026-10-02 11:43:07,Southern District,LAA #1 at Soledad Flow,11.1
2026-10-02 11:43:07,Southern District,LAA #2 at Soledad Flow,0.0
2026-10-02 11:43:08,Mono Basin,Mono Lk. Elevation,6381.7
2026-10-02 11:43:08,Mono Basin,Grant Lk. Elevation,7128.1
2026-10-02 11:43:08,Long Valley,Long Valley Elevation,6765.4
2026-10-02 11:43:08,Northern Owens Valley,Pleasant Valley Elevation,4380.7
2026-10-02 11:43:08,Southern Owens Valley,LAA at Alabama Level,6.3
2026-10-02 11:43:08,Southern Owens Valley,LAA at Alabama Water Temp,62.2
2026-10-02 11:43:08,Southern Owens Valley,LAA at Cottonwood Level,6.4
2026-10-02 11:43:08,Southern Owens Valley,LAA at Cotton. Water Temp,64.5
2026-10-02 11:43:08,Southern Owens Valley,N. Haiwee Elevation,3756.8
2026-10-02 11:43:08,Southern Owens Valley,S. Haiwee Reservoir Elevation,3721.0
2026-10-02 11:43:08,Southern District,S. Haiwee Reservoir Elevation,3721.0
2026-10-02 11:43:08,Southern District,Fairmont Reservoir Elevation,3026.9
2026-10-02 11:43:08,Southern District,Bouquet Reservoir Elevation,2977.3
2026-10-02 11:58:07,Mono Basin,Lee Vining Intake Above Flow,29.7
2026-10-02 11:58:07,Mono Basin,Lee Vining Intake Below Flow,16.4
2026-10-02 11:58:07,Mono Basin,Walker Ck. Above Conduit Flow,3.0
2026-10-02 11:58:07,Mono Basin,L.V. Conduit Below Intake Flow,14.9
2026-10-02 11:58:07,Mono Basin,Walker Ck. Under Conduit Flow,3.0
2026-10-02 11:58:07,Mono Basin,Parker Ck. Under Conduit Flow,6.0
2026-10-02 11:58:07,Mono Basin,Parker Ck. Above Conduit Flow,6.0
2026-10-02 11:58:07,Mono Basin,Grant Lk. Spill Flow,0.0
2026-10-02 11:58:07,Mono Basin,Mono Gate 1 Return Ditch Flow,28.9
2026-10-02 11:58:07,Mono Basin,Grant Lk. Outflow,38.6
2026-10-02 11:58:07,Mono Basin,Rush Ck. at Damsite Flow,14.5
2026-10-02 11:58:07,Mono Basin,Flow to West Portal,13.4
2026-10-02 11:58:07,Long Valley,East Portal Flow,26.0
2026-10-02 11:58:07,Long Valley,OR Below EP Flow,72.0
2026-10-02 11:58:07,Long Valley,Hot Ck.at Hwy. Flow,5.0
2026-10-02 11:58:07,Long Valley,McGee Ck. Lower Sta. Flow,8.0
2026-10-02 11:58:07,Long Valley,Long Valley Current Outflow,587.7
2026-10-02 11:58:07,Long Valley,Rock Ck. Div. Flow,0.0
2026-10-02 11:58:07,Long Valley,Upper Gorge Total Release,40.2
2026-10-02 11:58:07,Long Valley,Release at Middle Gorge,0.0
2026-10-02 11:58:07,Northern Owens Valley,Rock Ck. At Owens River (PV) Flow,31.4
2026-10-02 11:58:07,Northern Owens Valley,Pleasant Valley Outflow,215.4
2026-10-02 11:58:07,Northern Owens Valley,Baker Ck. At LA Station Flow,6.1
2026-10-02 11:58:07,Northern Owens Valley,Big Pine Ck. USGS Flow,19.6
2026-10-02 11:58:07,Northern Owens Valley,O.R. Below Big Pine,335.6
2026-10-02 11:58:07,Northern Owens Valley,Fish Springs At RR Flow,36.6
2026-10-02 11:58:07,Northern Owens Valley,Tinemaha Reservoir Outflow,332.1
2026-10-02 11:58:07,Northern Owens Valley,Bishop Creek Through Plant 6,59.4
2026-10-02 11:58:07,Northern Owens Valley,Bishop Creek Around Plant 6,6.9
2026-10-02 11:58:07,Southern Owens Valley,Tinemaha Reservoir Outflow,332.1
2026-10-02 11:58:07,Southern Owens Valley,Indep. Ck. At Junction Flow,2.9
2026-10-02 11:58:07,Southern Owens Valley,LAA at Alabama Flow,267.0
2026-10-02 11:58:07,Southern Owens Valley,Cottonwood Ck. At LAA Flow,0.0
2026-10-02 11:58:07,Southern Owens Valley,LAA at Cottonwood Flow,240.0
2026-10-02 11:58:07,Southern Owens Valley,Haiwee LAA #1 Current Flow,0.0
2026-10-02 11:58:07,Southern Owens Valley,Haiwee LAA #2 Current Flow,3.3
2026-10-02 11:58:07,Southern Owens Valley,Reinhackel Flow,2.9
2026-10-02 11:58:07,Southern Owens Valley,Lubkin Spillgate Outflow,41.6
2026-10-02 11:58:07,Southern Owens Valley,Cartago Spillgate Outflow,80.4
2026-10-02 11:58:07,Southern Owens Valley,Lone Pine Creek Flow,5.1
2026-10-02 11:58:07,Lower Owens River Project,LORP Intake Flow,81.0
2026-10-02 11:58:07,Lower Owens River Project,LORP at Mazourka Canyon Road,0.0
2026-10-02 11:58:07,Lower Owens River Project,LORP at Reinhackle Springs,62.0
2026-10-02 11:58:07,Lower Owens River Project,LORP Above Pumpstation,58.0
2026-10-02 11:58:07,Lower Owens River Project,LORP At Pump Station Discharge Flow,48.0
2026-10-02 11:58:07,Southern District,Haiwee LAA #2 Current Flow,3.3
2026-10-02 11:58:07,Southern District,Haiwee LAA #1 Current Flow,0.0
2026-10-02 11:58:07,Southern District,LAA #1 Flow at Fairmont Reservoir,119.5
2026-10-02 11:58:07,Southern District,LAA #2 Flow at Fairmont Res.,39.3
2026-10-02 11:58:07,Southern District,Bouquet Reservoir Inflow,117.2
2026-10-02 11:58:07,Southern District,Bouquet Reservoir Outflow,0.7
2026-10-02 11:58:07,Southern District,LAA #1 at Soledad Flow,7.2
2026-10-02 11:58:07,Southern District,LAA #2 at Soledad Flow,0.0
2026-10-02 11:58:08,Mono Basin,Mono Lk. Elevation,6381.7
2026-10-02 11:58:08,Mono Basin,Grant Lk. Elevation,7128.1
2026-10-02 11:58:08,Long Valley,Long Valley Elevation,6765.4
2026-10-02 11:58:08,Northern Owens Valley,Pleasant Valley Elevation,4380.8
2026-10-02 11:58:08,Northern Owens Valley,Tinemaha Elevation,3861.0
2026-10-02 11:58:08,Southern Owens Valley,Tinemaha Elevation,3861.0
2026-10-02 11:58:08,Southern Owens Valley,LAA at Alabama Level,6.3
2026-10-02 11:58:08,Southern Owens Valley,LAA at Alabama Water Temp,62.2
2026-10-02 11:58:08,Southern Owens Valley,LAA at Cottonwood Level,6.4
2026-10-02 11:58:08,Southern Owens Valley,LAA at Cotton. Water Temp,64.5
2026-10-02 11:58:08,Southern Owens Valley,N. Haiwee Elevation,3756.8
2026-10-02 11:58:08,Southern Owens Valley,S. Haiwee Reservoir Elevation,3721.0
2026-10-02 11:58:08,Southern District,S. Haiwee Reservoir Elevation,3721.0
2026-10-02 11:58:08,Southern District,Fairmont Reservoir Elevation,3027.0
2026-10-02 11:58:08,Southern District,Bouquet Reservoir Elevation,2977.3
2026-10-02 12:13:07,Mono Basin,Lee Vining Intake Above Flow,29.7
2026-10-02 12:13:07,Mono Basin,Lee Vining Intake Below Flow,16.4
2026-10-02 12:13:07,Mono Basin,Walker Ck. Above Conduit Flow,3.0
2026-10-02 12:13:07,Mono Basin,L.V. Conduit Below Intake Flow,14.9
2026-10-02 12:13:07,Mono Basin,Walker Ck. Under Conduit Flow,3.0
2026-10-02 12:13:07,Mono Basin,Parker Ck. Under Conduit Flow,6.0
2026-10-02 12:13:07,Mono Basin,Parker Ck. Above Conduit Flow,6.0
2026-10-02 12:13:07,Mono Basin,Grant Lk. Spill Flow,0.0
2026-10-02 12:13:07,Mono Basin,Mono Gate 1 Return Ditch Flow,28.9
2026-10-02 12:13:07,Mono Basin,Grant Lk. Outflow,38.6
2026-10-02 12:13:07,Mono Basin,Rush Ck. at Damsite Flow,14.5
2026-10-02 12:13:07,Mono Basin,Flow to West Portal,13.3
2026-10-02 12:13:07,Long Valley,East Portal Flow,26.0
2026-10-02 12:13:07,Long Valley,OR Below EP Flow,72.0
2026-10-02 12:13:07,Long Valley,Hot Ck.at Hwy. Flow,5.0
2026-10-02 12:13:07,Long Valley,McGee Ck. Lower Sta. Flow,7.9
2026-10-02 12:13:07,Long Valley,Long Valley Current Outflow,584.6
2026-10-02 12:13:07,Long Valley,Rock Ck. Div. Flow,0.0
2026-10-02 12:13:07,Long Valley,Upper Gorge Total Release,40.1
2026-10-02 12:13:07,Long Valley,Release at Middle Gorge,0.0
2026-10-02 12:13:07,Northern Owens Valley,Rock Ck. At Owens River (PV) Flow,31.3
2026-10-02 12:13:07,Northern Owens Valley,Pleasant Valley Outflow,283.0
2026-10-02 12:13:07,Northern Owens Valley,Baker Ck. At LA Station Flow,6.1
2026-10-02 12:13:07,Northern Owens Valley,Big Pine Ck. USGS Flow,19.6
2026-10-02 12:13:07,Northern Owens Valley,O.R. Below Big Pine,335.4
2026-10-02 12:13:07,Northern Owens Valley,Fish Springs At RR Flow,36.6
2026-10-02 12:13:07,Northern Owens Valley,Tinemaha Reservoir Outflow,332.1
2026-10-02 12:13:07,Northern Owens Valley,Bishop Creek Through Plant 6,59.4
2026-10-02 12:13:07,Northern Owens Valley,Bishop Creek Around Plant 6,6.9
2026-10-02 12:13:07,Southern Owens Valley,Tinemaha Reservoir Outflow,332.1
2026-10-02 12:13:07,Southern Owens Valley,Indep. Ck. At Junction Flow,2.9
2026-10-02 12:13:07,Southern Owens Valley,LAA at Alabama Flow,266.0
2026-10-02 12:13:07,Southern Owens Valley,Cottonwood Ck. At LAA Flow,0.0
2026-10-02 12:13:07,Southern Owens Valley,LAA at Cottonwood Flow,239.0
2026-10-02 12:13:07,Southern Owens Valley,Haiwee LAA #1 Current Flow,0.0
2026-10-02 12:13:07,Southern Owens Valley,Haiwee LAA #2 Current Flow,3.3
2026-10-02 12:13:07,Southern Owens Valley,Reinhackel Flow,2.9
2026-10-02 12:13:07,Southern Owens Valley,Lubkin Spillgate Outflow,33.7
2026-10-02 12:13:07,Southern Owens Valley,Cartago Spillgate Outflow,80.4
2026-10-02 12:13:07,Southern Owens Valley,Lone Pine Creek Flow,5.1
2026-10-02 12:13:07,Lower Owens River Project,LORP Intake Flow,81.0
2026-10-02 12:13:07,Lower Owens River Project,LORP at Mazourka Canyon Road,0.0
2026-10-02 12:13:07,Lower Owens River Project,LORP at Reinhackle Springs,62.0
2026-10-02 12:13:07,Lower Owens River Project,LORP Above Pumpstation,58.0
2026-10-02 12:13:07,Lower Owens River Project,LORP At Pump Station Discharge Flow,48.0
2026-10-02 12:13:07,Southern District,Haiwee LAA #2 Current Flow,3.3
2026-10-02 12:13:07,Southern District,Haiwee LAA #1 Current Flow,0.0
2026-10-02 12:13:07,Southern District,LAA #1 Flow at Fairmont Reservoir,119.5
2026-10-02 12:13:07,Southern District,LAA #2 Flow at Fairmont Res.,38.7
2026-10-02 12:13:07,Southern District,Bouquet Reservoir Inflow,116.6
2026-10-02 12:13:07,Southern District,Bouquet Reservoir Outflow,0.6
2026-10-02 12:13:07,Southern District,LAA #1 at Soledad Flow,7.2
2026-10-02 12:13:07,Southern District,LAA #2 at Soledad Flow,0.0
2026-10-02 12:13:08,Mono Basin,Mono Lk. Elevation,6381.7
2026-10-02 12:13:08,Mono Basin,Grant Lk. Elevation,7128.1
2026-10-02 12:13:08,Long Valley,Long Valley Elevation,6765.4
2026-10-02 12:13:08,Northern Owens Valley,Pleasant Valley Elevation,4380.9
2026-10-02 12:13:08,Southern Owens Valley,LAA at Alabama Level,6.3
2026-10-02 12:13:08,Southern Owens Valley,LAA at Alabama Water Temp,62.6
2026-10-02 12:13:08,Southern Owens Valley,LAA at Cottonwood Level,6.4
2026-10-02 12:13:08,Southern Owens Valley,LAA at Cotton. Water Temp,64.8
2026-10-02 12:13:08,Southern Owens Valley,N. Haiwee Elevation,3756.8
2026-10-02 12:13:08,Southern Owens Valley,S. Haiwee Reservoir Elevation,3721.0
2026-10-02 12:13:08,Southern District,S. Haiwee Reservoir Elevation,3721.0
2026-10-02 12:13:08,Southern District,Fairmont Reservoir Elevation,3027.0
2026-10-02 12:13:08,Southern District,Bouquet Reservoir Elevation,2977.3
2026-10-02 12:28:07,Mono Basin,Lee Vining Intake Above Flow,29.7
2026-10-02 12:28:07,Mono Basin,Lee Vining Intake Below Flow,16.4
2026-10-02 12:28:07,Mono Basin,Walker Ck. Above Conduit Flow,3.0
2026-10-02 12:28:07,Mono Basin,L.V. Conduit Below Intake Flow,14.9
2026-10-02 12:28:07,Mono Basin,Walker Ck. Under Conduit Flow,3.0
2026-10-02 12:28:07,Mono Basin,Parker Ck. Under Conduit Flow,6.0
2026-10-02 12:28:07,Mono Basin,Parker Ck. Above Conduit Flow,6.0
2026-10-02 12:28:07,Mono Basin,Grant Lk. Spill Flow,0.0
2026-10-02 12:28:07,Mono Basin,Mono Gate 1 Return Ditch Flow,28.8
2026-10-02 12:28:07,Mono Basin,Grant Lk. Outflow,39.2
2026-10-02 12:28:07,Mono Basin,Rush Ck. at Damsite Flow,14.5
2026-10-02 12:28:07,Mono Basin,Flow to West Portal,13.3
2026-10-02 12:28:07,Long Valley,East Portal Flow,26.0
2026-10-02 12:28:07,Long Valley,OR Below EP Flow,72.0
2026-10-02 12:28:07,Long Valley,Hot Ck.at Hwy. Flow,5.0
2026-10-02 12:28:07,Long Valley,McGee Ck. Lower Sta. Flow,7.9
2026-10-02 12:28:07,Long Valley,Long Valley Current Outflow,586.2
2026-10-02 12:28:07,Long Valley,Rock Ck. Div. Flow,0.0
2026-10-02 12:28:07,Long Valley,Upper Gorge Total Release,39.6
2026-10-02 12:28:07,Long Valley,Release at Middle Gorge,0.0
2026-10-02 12:28:07,Northern Owens Valley,Rock Ck. At Owens River (PV) Flow,31.0
2026-10-02 12:28:07,Northern Owens Valley,Pleasant Valley Outflow,246.3
2026-10-02 12:28:07,Northern Owens Valley,Baker Ck. At LA Station Flow,6.1
2026-10-02 12:28:07,Northern Owens Valley,Big Pine Ck. USGS Flow,22.9
2026-10-02 12:28:07,Northern Owens Valley,O.R. Below Big Pine,334.7
2026-10-02 12:28:07,Northern Owens Valley,Fish Springs At RR Flow,36.6
2026-10-02 12:28:07,Northern Owens Valley,Tinemaha Reservoir Outflow,331.4
2026-10-02 12:28:07,Northern Owens Valley,Bishop Creek Through Plant 6,59.4
2026-10-02 12:28:07,Northern Owens Valley,Bishop Creek Around Plant 6,6.9
2026-10-02 12:28:07,Southern Owens Valley,Tinemaha Reservoir Outflow,331.4
2026-10-02 12:28:07,Southern Owens Valley,Indep. Ck. At Junction Flow,2.9
2026-10-02 12:28:07,Southern Owens Valley,LAA at Alabama Flow,266.0
2026-10-02 12:28:07,Southern Owens Valley,Cottonwood Ck. At LAA Flow,0.0
2026-10-02 12:28:07,Southern Owens Valley,LAA at Cottonwood Flow,239.0
2026-10-02 12:28:07,Southern Owens Valley,Haiwee LAA #1 Current Flow,0.0
2026-10-02 12:28:07,Southern Owens Valley,Haiwee LAA #2 Current Flow,3.3
2026-10-02 12:28:07,Southern Owens Valley,Reinhackel Flow,2.8
2026-10-02 12:28:07,Southern Owens Valley,Lubkin Spillgate Outflow,39.1
2026-10-02 12:28:07,Southern Owens Valley,Cartago Spillgate Outflow,81.8
2026-10-02 12:28:07,Southern Owens Valley,Lone Pine Creek Flow,5.1
2026-10-02 12:28:07,Lower Owens River Project,LORP Intake Flow,81.0
2026-10-02 12:28:07,Lower Owens River Project,LORP at Mazourka Canyon Road,0.0
2026-10-02 12:28:07,Lower Owens River Project,LORP at Reinhackle Springs,64.0
2026-10-02 12:28:07,Lower Owens River Project,LORP Above Pumpstation,59.0
2026-10-02 12:28:07,Lower Owens River Project,LORP At Pump Station Discharge Flow,48.0
2026-10-02 12:28:07,Southern District,Haiwee LAA #2 Current Flow,3.3
2026-10-02 12:28:07,Southern District,Haiwee LAA #1 Current Flow,0.0
2026-10-02 12:28:07,Southern District,LAA #1 Flow at Fairmont Reservoir,118.1
2026-10-02 12:28:07,Southern District,LAA #2 Flow at Fairmont Res.,37.6
2026-10-02 12:28:07,Southern District,Bouquet Reservoir Inflow,117.3
2026-10-02 12:28:07,Southern District,Bouquet Reservoir Outflow,0.6
2026-10-02 12:28:07,Southern District,LAA #1 at Soledad Flow,7.2
2026-10-02 12:28:07,Southern District,LAA #2 at Soledad Flow,0.0
2026-10-02 12:28:08,Mono Basin,Mono Lk. Elevation,6381.7
2026-10-02 12:28:08,Mono Basin,Grant Lk. Elevation,7128.1
2026-10-02 12:28:08,Long Valley,Long Valley Elevation,6765.4
2026-10-02 12:28:08,Northern Owens Valley,Pleasant Valley Elevation,4381.0
2026-10-02 12:28:08,Northern Owens Valley,Tinemaha Elevation,3861.0
2026-10-02 12:28:08,Southern Owens Valley,Tinemaha Elevation,3861.0
2026-10-02 12:28:08,Southern Owens Valley,LAA at Alabama Level,6.3
2026-10-02 12:28:08,Southern Owens Valley,LAA at Alabama Water Temp,62.9
2026-10-02 12:28:08,Southern Owens Valley,LAA at Cottonwood Level,6.4
2026-10-02 12:28:08,Southern Owens Valley,LAA at Cotton. Water Temp,65.0
2026-10-02 12:28:08,Southern Owens Valley,N. Haiwee Elevation,3756.8
2026-10-02 12:28:08,Southern Owens Valley,S. Haiwee Reservoir Elevation,3721.0
2026-10-02 12:28:08,Southern District,S. Haiwee Reservoir Elevation,3721.0
2026-10-02 12:28:08,Southern District,Fairmont Reservoir Elevation,3027.0
2026-10-02 12:28:08,Southern District,Bouquet Reservoir Elevation,2977.3
2026-10-02 12:43:07,Mono Basin,Lee Vining Intake Above Flow,29.7
2026-10-02 12:43:07,Mono Basin,Lee Vining Intake Below Flow,16.4
2026-10-02 12:43:07,Mono Basin,Walker Ck. Above Conduit Flow,3.0
2026-10-02 12:43:07,Mono Basin,L.V. Conduit Below Intake Flow,14.9
2026-10-02 12:43:07,Mono Basin,Walker Ck. Under Conduit Flow,3.0
2026-10-02 12:43:07,Mono Basin,Parker Ck. Under Conduit Flow,6.0
2026-10-02 12:43:07,Mono Basin,Parker Ck. Above Conduit Flow,6.0
2026-10-02 12:43:07,Mono Basin,Grant Lk. Spill Flow,0.0
2026-10-02 12:43:07,Mono Basin,Mono Gate 1 Return Ditch Flow,28.8
2026-10-02 12:43:07,Mono Basin,Grant Lk. Outflow,39.2
2026-10-02 12:43:07,Mono Basin,Rush Ck. at Damsite Flow,14.5
2026-10-02 12:43:07,Mono Basin,Flow to West Portal,13.3
2026-10-02 12:43:07,Long Valley,East Portal Flow,26.0
2026-10-02 12:43:07,Long Valley,OR Below EP Flow,72.0
2026-10-02 12:43:07,Long Valley,Hot Ck.at Hwy. Flow,5.0
2026-10-02 12:43:07,Long Valley,McGee Ck. Lower Sta. Flow,7.9
2026-10-02 12:43:07,Long Valley,Long Valley Current Outflow,582.4
2026-10-02 12:43:07,Long Valley,Rock Ck. Div. Flow,0.0
2026-10-02 12:43:07,Long Valley,Upper Gorge Total Release,40.2
2026-10-02 12:43:07,Long Valley,Release at Middle Gorge,0.0
2026-10-02 12:43:07,Northern Owens Valley,Rock Ck. At Owens River (PV) Flow,30.6
2026-10-02 12:43:07,Northern Owens Valley,Pleasant Valley Outflow,340.3
2026-10-02 12:43:07,Northern Owens Valley,Baker Ck. At LA Station Flow,6.1
2026-10-02 12:43:07,Northern Owens Valley,Big Pine Ck. USGS Flow,22.9
2026-10-02 12:43:07,Northern Owens Valley,O.R. Below Big Pine,334.5
2026-10-02 12:43:07,Northern Owens Valley,Fish Springs At RR Flow,39.8
2026-10-02 12:43:07,Northern Owens Valley,Tinemaha Reservoir Outflow,331.4
2026-10-02 12:43:07,Northern Owens Valley,Bishop Creek Through Plant 6,58.3
2026-10-02 12:43:07,Northern Owens Valley,Bishop Creek Around Plant 6,6.2
2026-10-02 12:43:07,Southern Owens Valley,Tinemaha Reservoir Outflow,331.4
2026-10-02 12:43:07,Southern Owens Valley,Indep. Ck. At Junction Flow,2.7
2026-10-02 12:43:07,Southern Owens Valley,LAA at Alabama Flow,266.0
2026-10-02 12:43:07,Southern Owens Valley,Cottonwood Ck. At LAA Flow,0.0
2026-10-02 12:43:07,Southern Owens Valley,LAA at Cottonwood Flow,239.0
2026-10-02 12:43:07,Southern Owens Valley,Haiwee LAA #1 Current Flow,0.0
2026-10-02 12:43:07,Southern Owens Valley,Haiwee LAA #2 Current Flow,3.3
2026-10-02 12:43:07,Southern Owens Valley,Reinhackel Flow,2.8
2026-10-02 12:43:07,Southern Owens Valley,Lubkin Spillgate Outflow,40.7
2026-10-02 12:43:07,Southern Owens Valley,Cartago Spillgate Outflow,85.3
2026-10-02 12:43:07,Southern Owens Valley,Lone Pine Creek Flow,5.1
2026-10-02 12:43:07,Lower Owens River Project,LORP Intake Flow,81.0
2026-10-02 12:43:07,Lower Owens River Project,LORP at Mazourka Canyon Road,0.0
2026-10-02 12:43:07,Lower Owens River Project,LORP at Reinhackle Springs,64.0
2026-10-02 12:43:07,Lower Owens River Project,LORP Above Pumpstation,57.0
2026-10-02 12:43:07,Lower Owens River Project,LORP At Pump Station Discharge Flow,47.0
2026-10-02 12:43:07,Southern District,Haiwee LAA #2 Current Flow,3.3
2026-10-02 12:43:07,Southern District,Haiwee LAA #1 Current Flow,0.0
2026-10-02 12:43:07,Southern District,LAA #1 Flow at Fairmont Reservoir,118.0
2026-10-02 12:43:07,Southern District,LAA #2 Flow at Fairmont Res.,36.7
2026-10-02 12:43:07,Southern District,Bouquet Reservoir Inflow,111.6
2026-10-02 12:43:07,Southern District,Bouquet Reservoir Outflow,0.5
2026-10-02 12:43:07,Southern District,LAA #1 at Soledad Flow,7.2
2026-10-02 12:43:07,Southern District,LAA #2 at Soledad Flow,0.0
2026-10-02 12:43:08,Mono Basin,Mono Lk. Elevation,6381.7
2026-10-02 12:43:08,Mono Basin,Grant Lk. Elevation,7128.1
2026-10-02 12:43:08,Long Valley,Long Valley Elevation,6765.4
2026-10-02 12:43:08,Northern Owens Valley,Pleasant Valley Elevation,4381.0
2026-10-02 12:43:08,Southern Owens Valley,LAA at Alabama Level,6.3
2026-10-02 12:43:08,Southern Owens Valley,LAA at Alabama Water Temp,63.1
2026-10-02 12:43:08,Southern Owens Valley,LAA at Cottonwood Level,6.4
2026-10-02 12:43:08,Southern Owens Valley,LAA at Cotton. Water Temp,65.1
2026-10-02 12:43:08,Southern Owens Valley,N. Haiwee Elevation,3756.8
2026-10-02 12:43:08,Southern Owens Valley,S. Haiwee Reservoir Elevation,3721.0
2026-10-02 12:43:08,Southern District,S. Haiwee Reservoir Elevation,3721.0
2026-10-02 12:43:08,Southern District,Fairmont Reservoir Elevation,3027.0
2026-10-02 12:43:08,Southern District,Bouquet Reservoir Elevation,2977.3
2026-10-02 12:58:07,Mono Basin,Lee Vining Intake Above Flow,32.1
2026-10-02 12:58:07,Mono Basin,Lee Vining Intake Below Flow,16.4
2026-10-02 12:58:07,Mono Basin,Walker Ck. Above Conduit Flow,3.0
2026-10-02 12:58:07,Mono Basin,L.V. Conduit Below Intake Flow,17.0
2026-10-02 12:58:07,Mono Basin,Walker Ck. Under Conduit Flow,3.0
2026-10-02 12:58:07,Mono Basin,Parker Ck. Under Conduit Flow,6.0
2026-10-02 12:58:07,Mono Basin,Parker Ck. Above Conduit Flow,6.0
2026-10-02 12:58:07,Mono Basin,Grant Lk. Spill Flow,0.0
2026-10-02 12:58:07,Mono Basin,Mono Gate 1 Return Ditch Flow,28.8
2026-10-02 12:58:07,Mono Basin,Grant Lk. Outflow,39.2
2026-10-02 12:58:07,Mono Basin,Rush Ck. at Damsite Flow,14.5
2026-10-02 12:58:07,Mono Basin,Flow to West Portal,13.3
2026-10-02 12:58:07,Long Valley,East Portal Flow,26.0
2026-10-02 12:58:07,Long Valley,OR Below EP Flow,72.0
2026-10-02 12:58:07,Long Valley,Hot Ck.at Hwy. Flow,5.0
2026-10-02 12:58:07,Long Valley,McGee Ck. Lower Sta. Flow,7.9
2026-10-02 12:58:07,Long Valley,Long Valley Current Outflow,585.1
2026-10-02 12:58:07,Long Valley,Rock Ck. Div. Flow,0.0
2026-10-02 12:58:07,Long Valley,Upper Gorge Total Release,39.7
2026-10-02 12:58:07,Long Valley,Release at Middle Gorge,0.0
2026-10-02 12:58:07,Northern Owens Valley,Rock Ck. At Owens River (PV) Flow,30.4
2026-10-02 12:58:07,Northern Owens Valley,Pleasant Valley Outflow,298.5
2026-10-02 12:58:07,Northern Owens Valley,Baker Ck. At LA Station Flow,6.1
2026-10-02 12:58:07,Northern Owens Valley,Big Pine Ck. USGS Flow,22.9
2026-10-02 12:58:07,Northern Owens Valley,O.R. Below Big Pine,334.9
2026-10-02 12:58:07,Northern Owens Valley,Fish Springs At RR Flow,39.8
2026-10-02 12:58:07,Northern Owens Valley,Tinemaha Reservoir Outflow,331.4
2026-10-02 12:58:07,Northern Owens Valley,Bishop Creek Through Plant 6,58.3
2026-10-02 12:58:07,Northern Owens Valley,Bishop Creek Around Plant 6,6.2
2026-10-02 12:58:07,Southern Owens Valley,Tinemaha Reservoir Outflow,331.4
2026-10-02 12:58:07,Southern Owens Valley,Indep. Ck. At Junction Flow,2.7
2026-10-02 12:58:07,Southern Owens Valley,LAA at Alabama Flow,266.0
2026-10-02 12:58:07,Southern Owens Valley,Cottonwood Ck. At LAA Flow,0.0
2026-10-02 12:58:07,Southern Owens Valley,LAA at Cottonwood Flow,238.0
2026-10-02 12:58:07,Southern Owens Valley,Haiwee LAA #1 Current Flow,0.0
2026-10-02 12:58:07,Southern Owens Valley,Haiwee LAA #2 Current Flow,3.3
2026-10-02 12:58:07,Southern Owens Valley,Reinhackel Flow,2.8
2026-10-02 12:58:07,Southern Owens Valley,Lubkin Spillgate Outflow,47.8
2026-10-02 12:58:07,Southern Owens Valley,Cartago Spillgate Outflow,102.8
2026-10-02 12:58:07,Southern Owens Valley,Lone Pine Creek Flow,5.1
2026-10-02 12:58:07,Lower Owens River Project,LORP Intake Flow,81.0
2026-10-02 12:58:07,Lower Owens River Project,LORP at Mazourka Canyon Road,0.0
2026-10-02 12:58:07,Lower Owens River Project,LORP at Reinhackle Springs,64.0
2026-10-02 12:58:07,Lower Owens River Project,LORP Above Pumpstation,58.0
2026-10-02 12:58:07,Lower Owens River Project,LORP At Pump Station Discharge Flow,47.0
2026-10-02 12:58:07,Southern District,Haiwee LAA #2 Current Flow,3.3
2026-10-02 12:58:07,Southern District,Haiwee LAA #1 Current Flow,0.0
2026-10-02 12:58:07,Southern District,LAA #1 Flow at Fairmont Reservoir,115.4
2026-10-02 12:58:07,Southern District,LAA #2 Flow at Fairmont Res.,33.2
2026-10-02 12:58:07,Southern District,Bouquet Reservoir Inflow,109.9
2026-10-02 12:58:07,Southern District,Bouquet Reservoir Outflow,0.7
2026-10-02 12:58:07,Southern District,LAA #1 at Soledad Flow,7.2
2026-10-02 12:58:07,Southern District,LAA #2 at Soledad Flow,0.0
2026-10-02 12:58:08,Mono Basin,Mono Lk. Elevation,6381.7
2026-10-02 12:58:08,Mono Basin,Grant Lk. Elevation,7128.1
2026-10-02 12:58:08,Long Valley,Long Valley Elevation,6765.4
2026-10-02 12:58:08,Northern Owens Valley,Pleasant Valley Elevation,4381.1
2026-10-02 12:58:08,Northern Owens Valley,Tinemaha Elevation,3861.0
2026-10-02 12:58:08,Southern Owens Valley,Tinemaha Elevation,3861.0
2026-10-02 12:58:08,Southern Owens Valley,LAA at Alabama Level,6.3
2026-10-02 12:58:08,Southern Owens Valley,LAA at Alabama Water Temp,63.1
2026-10-02 12:58:08,Southern Owens Valley,LAA at Cottonwood Level,6.4
2026-10-02 12:58:08,Southern Owens Valley,LAA at Cotton. Water Temp,65.3
2026-10-02 12:58:08,Southern Owens Valley,N. Haiwee Elevation,3756.8
2026-10-02 12:58:08,Southern Owens Valley,S. Haiwee Reservoir Elevation,3721.0
2026-10-02 12:58:08,Southern District,S. Haiwee Reservoir Elevation,3721.0
2026-10-02 12:58:08,Southern District,Fairmont Reservoir Elevation,3027.1
2026-10-02 12:58:08,Southern District,Bouquet Reservoir Elevation,2977.3
2026-10-02 13:13:07,Mono Basin,Lee Vining Intake Above Flow,32.1
2026-10-02 13:13:07,Mono Basin,Lee Vining Intake Below Flow,16.4
2026-10-02 13:13:07,Mono Basin,Walker Ck. Above Conduit Flow,3.0
2026-10-02 13:13:07,Mono Basin,L.V. Conduit Below Intake Flow,17.0
2026-10-02 13:13:07,Mono Basin,Walker Ck. Under Conduit Flow,3.0
2026-10-02 13:13:07,Mono Basin,Parker Ck. Under Conduit Flow,6.0
2026-10-02 13:13:07,Mono Basin,Parker Ck. Above Conduit Flow,6.0
2026-10-02 13:13:07,Mono Basin,Grant Lk. Spill Flow,0.0
2026-10-02 13:13:07,Mono Basin,Mono Gate 1 Return Ditch Flow,28.8
2026-10-02 13:13:07,Mono Basin,Grant Lk. Outflow,39.2
2026-10-02 13:13:07,Mono Basin,Rush Ck. at Damsite Flow,14.5
2026-10-02 13:13:07,Mono Basin,Flow to West Portal,13.3
2026-10-02 13:13:07,Long Valley,East Portal Flow,26.0
2026-10-02 13:13:07,Long Valley,OR Below EP Flow,72.0
2026-10-02 13:13:07,Long Valley,Hot Ck.at Hwy. Flow,5.0
2026-10-02 13:13:07,Long Valley,McGee Ck. Lower Sta. Flow,7.9
2026-10-02 13:13:07,Long Valley,Long Valley Current Outflow,585.1
2026-10-02 13:13:07,Long Valley,Rock Ck. Div. Flow,0.0
2026-10-02 13:13:07,Long Valley,Upper Gorge Total Release,40.3
2026-10-02 13:13:07,Long Valley,Release at Middle Gorge,0.0
2026-10-02 13:13:07,Northern Owens Valley,Rock Ck. At Owens River (PV) Flow,30.3
2026-10-02 13:13:07,Northern Owens Valley,Pleasant Valley Outflow,333.2
2026-10-02 13:13:07,Northern Owens Valley,Baker Ck. At LA Station Flow,6.1
2026-10-02 13:13:07,Northern Owens Valley,Big Pine Ck. USGS Flow,22.9
2026-10-02 13:13:07,Northern Owens Valley,O.R. Below Big Pine,334.0
2026-10-02 13:13:07,Northern Owens Valley,Fish Springs At RR Flow,39.8
2026-10-02 13:13:07,Northern Owens Valley,Tinemaha Reservoir Outflow,331.4
2026-10-02 13:13:07,Northern Owens Valley,Bishop Creek Through Plant 6,58.3
2026-10-02 13:13:07,Northern Owens Valley,Bishop Creek Around Plant 6,6.2
2026-10-02 13:13:07,Southern Owens Valley,Tinemaha Reservoir Outflow,331.4
2026-10-02 13:13:07,Southern Owens Valley,Indep. Ck. At Junction Flow,2.7
2026-10-02 13:13:07,Southern Owens Valley,LAA at Alabama Flow,265.0
2026-10-02 13:13:07,Southern Owens Valley,Cottonwood Ck. At LAA Flow,0.0
2026-10-02 13:13:07,Southern Owens Valley,LAA at Cottonwood Flow,238.0
2026-10-02 13:13:07,Southern Owens Valley,Haiwee LAA #1 Current Flow,0.0
2026-10-02 13:13:07,Southern Owens Valley,Haiwee LAA #2 Current Flow,3.3
2026-10-02 13:13:07,Southern Owens Valley,Reinhackel Flow,2.8
2026-10-02 13:13:07,Southern Owens Valley,Lubkin Spillgate Outflow,47.8
2026-10-02 13:13:07,Southern Owens Valley,Cartago Spillgate Outflow,95.4
2026-10-02 13:13:07,Southern Owens Valley,Lone Pine Creek Flow,4.9
2026-10-02 13:13:07,Lower Owens River Project,LORP Intake Flow,81.0
2026-10-02 13:13:07,Lower Owens River Project,LORP at Mazourka Canyon Road,0.0
2026-10-02 13:13:07,Lower Owens River Project,LORP at Reinhackle Springs,64.0
2026-10-02 13:13:07,Lower Owens River Project,LORP Above Pumpstation,58.0
2026-10-02 13:13:07,Lower Owens River Project,LORP At Pump Station Discharge Flow,48.0
2026-10-02 13:13:07,Southern District,Haiwee LAA #2 Current Flow,3.3
2026-10-02 13:13:07,Southern District,Haiwee LAA #1 Current Flow,0.0
2026-10-02 13:13:07,Southern District,LAA #1 Flow at Fairmont Reservoir,115.5
2026-10-02 13:13:07,Southern District,LAA #2 Flow at Fairmont Res.,34.5
2026-10-02 13:13:07,Southern District,Bouquet Reservoir Inflow,109.0
2026-10-02 13:13:07,Southern District,Bouquet Reservoir Outflow,0.7
2026-10-02 13:13:07,Southern District,LAA #1 at Soledad Flow,7.2
2026-10-02 13:13:07,Southern District,LAA #2 at Soledad Flow,0.0
2026-10-02 13:13:08,Mono Basin,Mono Lk. Elevation,6381.7
2026-10-02 13:13:08,Mono Basin,Grant Lk. Elevation,7128.1
2026-10-02 13:13:08,Long Valley,Long Valley Elevation,6765.4
2026-10-02 13:13:08,Northern Owens Valley,Pleasant Valley Elevation,4381.2
2026-10-02 13:13:08,Southern Owens Valley,LAA at Alabama Level,6.3
2026-10-02 13:13:08,Southern Owens Valley,LAA at Alabama Water Temp,63.6
2026-10-02 13:13:08,Southern Owens Valley,LAA at Cottonwood Level,6.4
2026-10-02 13:13:08,Southern Owens Valley,LAA at Cotton. Water Temp,65.5
2026-10-02 13:13:08,Southern Owens Valley,N. Haiwee Elevation,3756.8
2026-10-02 13:13:08,Southern Owens Valley,S. Haiwee Reservoir Elevation,3721.0
2026-10-02 13:13:08,Southern District,S. Haiwee Reservoir Elevation,3721.0
2026-10-02 13:13:08,Southern District,Fairmont Reservoir Elevation,3027.1
2026-10-02 13:13:08,Southern District,Bouquet Reservoir Elevation,2977.3
2026-10-02 13:28:07,Mono Basin,Lee Vining Intake Above Flow,32.1
2026-10-02 13:28:07,Mono Basin,Lee Vining Intake Below Flow,16.4
2026-10-02 13:28:07,Mono Basin,Walker Ck. Above Conduit Flow,3.0
2026-10-02 13:28:07,Mono Basin,L.V. Conduit Below Intake Flow,17.0
2026-10-02 13:28:07,Mono Basin,Walker Ck. Under Conduit Flow,3.0
2026-10-02 13:28:07,Mono Basin,Parker Ck. Under Conduit Flow,6.0
2026-10-02 13:28:07,Mono Basin,Parker Ck. Above Conduit Flow,6.0
2026-10-02 13:28:07,Mono Basin,Grant Lk. Spill Flow,0.0
2026-10-02 13:28:07,Mono Basin,Mono Gate 1 Return Ditch Flow,28.8
2026-10-02 13:28:07,Mono Basin,Grant Lk. Outflow,39.0
2026-10-02 13:28:07,Mono Basin,Rush Ck. at Damsite Flow,14.5
2026-10-02 13:28:07,Mono Basin,Flow to West Portal,13.3
2026-10-02 13:28:07,Long Valley,East Portal Flow,26.0
2026-10-02 13:28:07,Long Valley,OR Below EP Flow,72.0
2026-10-02 13:28:07,Long Valley,Hot Ck.at Hwy. Flow,5.0
2026-10-02 13:28:07,Long Valley,McGee Ck. Lower Sta. Flow,7.9
2026-10-02 13:28:07,Long Valley,Long Valley Current Outflow,588.7
2026-10-02 13:28:07,Long Valley,Rock Ck. Div. Flow,0.0
2026-10-02 13:28:07,Long Valley,Upper Gorge Total Release,40.0
2026-10-02 13:28:07,Long Valley,Release at Middle Gorge,0.0
2026-10-02 13:28:07,Northern Owens Valley,Rock Ck. At Owens River (PV) Flow,30.1
2026-10-02 13:28:07,Northern Owens Valley,Pleasant Valley Outflow,343.8
2026-10-02 13:28:07,Northern Owens Valley,Baker Ck. At LA Station Flow,6.1
2026-10-02 13:28:07,Northern Owens Valley,Big Pine Ck. USGS Flow,22.9
2026-10-02 13:28:07,Northern Owens Valley,O.R. Below Big Pine,333.4
2026-10-02 13:28:07,Northern Owens Valley,Fish Springs At RR Flow,39.8
2026-10-02 13:28:07,Northern Owens Valley,Tinemaha Reservoir Outflow,332.8
2026-10-02 13:28:07,Northern Owens Valley,Bishop Creek Through Plant 6,58.3
2026-10-02 13:28:07,Northern Owens Valley,Bishop Creek Around Plant 6,6.2
2026-10-02 13:28:07,Southern Owens Valley,Tinemaha Reservoir Outflow,332.8
2026-10-02 13:28:07,Southern Owens Valley,Indep. Ck. At Junction Flow,2.7
2026-10-02 13:28:07,Southern Owens Valley,LAA at Alabama Flow,265.0
2026-10-02 13:28:07,Southern Owens Valley,Cottonwood Ck. At LAA Flow,0.0
2026-10-02 13:28:07,Southern Owens Valley,LAA at Cottonwood Flow,238.0
2026-10-02 13:28:07,Southern Owens Valley,Haiwee LAA #1 Current Flow,0.0
2026-10-02 13:28:07,Southern Owens Valley,Haiwee LAA #2 Current Flow,3.3
2026-10-02 13:28:07,Southern Owens Valley,Reinhackel Flow,2.8
2026-10-02 13:28:07,Southern Owens Valley,Lubkin Spillgate Outflow,40.3
2026-10-02 13:28:07,Southern Owens Valley,Cartago Spillgate Outflow,87.2
2026-10-02 13:28:07,Southern Owens Valley,Lone Pine Creek Flow,4.9
2026-10-02 13:28:07,Lower Owens River Project,LORP Intake Flow,81.0
2026-10-02 13:28:07,Lower Owens River Project,LORP at Mazourka Canyon Road,0.0
2026-10-02 13:28:07,Lower Owens River Project,LORP at Reinhackle Springs,66.0
2026-10-02 13:28:07,Lower Owens River Project,LORP Above Pumpstation,57.0
2026-10-02 13:28:07,Lower Owens River Project,LORP At Pump Station Discharge Flow,47.0
2026-10-02 13:28:07,Southern District,Haiwee LAA #2 Current Flow,3.3
2026-10-02 13:28:07,Southern District,Haiwee LAA #1 Current Flow,0.0
2026-10-02 13:28:07,Southern District,LAA #1 Flow at Fairmont Reservoir,114.9
2026-10-02 13:28:07,Southern District,LAA #2 Flow at Fairmont Res.,31.9
2026-10-02 13:28:07,Southern District,Bouquet Reservoir Inflow,109.2
2026-10-02 13:28:07,Southern District,Bouquet Reservoir Outflow,0.7
2026-10-02 13:28:07,Southern District,LAA #1 at Soledad Flow,7.2
2026-10-02 13:28:07,Southern District,LAA #2 at Soledad Flow,0.0
2026-10-02 13:28:08,Mono Basin,Mono Lk. Elevation,6381.7
2026-10-02 13:28:08,Mono Basin,Grant Lk. Elevation,7128.1
2026-10-02 13:28:08,Long Valley,Long Valley Elevation,6765.4
2026-10-02 13:28:08,Northern Owens Valley,Pleasant Valley Elevation,4381.2
2026-10-02 13:28:08,Northern Owens Valley,Tinemaha Elevation,3861.0
2026-10-02 13:28:08,Southern Owens Valley,Tinemaha Elevation,3861.0
2026-10-02 13:28:08,Southern Owens Valley,LAA at Alabama Level,6.3
2026-10-02 13:28:08,Southern Owens Valley,LAA at Alabama Water Temp,63.6
2026-10-02 13:28:08,Southern Owens Valley,LAA at Cottonwood Level,6.4
2026-10-02 13:28:08,Southern Owens Valley,LAA at Cotton. Water Temp,65.6
2026-10-02 13:28:08,Southern Owens Valley,N. Haiwee Elevation,3756.8
2026-10-02 13:28:08,Southern Owens Valley,S. Haiwee Reservoir Elevation,3721.0
2026-10-02 13:28:08,Southern District,S. Haiwee Reservoir Elevation,3721.0
2026-10-02 13:28:08,Southern District,Fairmont Reservoir Elevation,3027.1
2026-10-02 13:28:08,Southern District,Bouquet Reservoir Elevation,2977.3
2026-10-02 13:43:07,Mono Basin,Lee Vining Intake Above Flow,32.1
2026-10-02 13:43:07,Mono Basin,Lee Vining Intake Below Flow,16.4
2026-10-02 13:43:07,Mono Basin,Walker Ck. Above Conduit Flow,3.0
2026-10-02 13:43:07,Mono Basin,L.V. Conduit Below Intake Flow,17.0
2026-10-02 13:43:07,Mono Basin,Walker Ck. Under Conduit Flow,3.0
2026-10-02 13:43:07,Mono Basin,Parker Ck. Under Conduit Flow,6.0
2026-10-02 13:43:07,Mono Basin,Parker Ck. Above Conduit Flow,6.0
2026-10-02 13:43:07,Mono Basin,Grant Lk. Spill Flow,0.0
2026-10-02 13:43:07,Mono Basin,Mono Gate 1 Return Ditch Flow,28.8
2026-10-02 13:43:07,Mono Basin,Grant Lk. Outflow,39.0
2026-10-02 13:43:07,Mono Basin,Rush Ck. at Damsite Flow,14.5
2026-10-02 13:43:07,Mono Basin,Flow to West Portal,13.3
2026-10-02 13:43:07,Long Valley,East Portal Flow,26.0
2026-10-02 13:43:07,Long Valley,OR Below EP Flow,71.0
2026-10-02 13:43:07,Long Valley,Hot Ck.at Hwy. Flow,5.0
2026-10-02 13:43:07,Long Valley,McGee Ck. Lower Sta. Flow,7.9
2026-10-02 13:43:07,Long Valley,Long Valley Current Outflow,586.4
2026-10-02 13:43:07,Long Valley,Rock Ck. Div. Flow,0.0
2026-10-02 13:43:07,Long Valley,Upper Gorge Total Release,40.2
2026-10-02 13:43:07,Long Valley,Release at Middle Gorge,0.0
2026-10-02 13:43:07,Northern Owens Valley,Rock Ck. At Owens River (PV) Flow,30.0
2026-10-02 13:43:07,Northern Owens Valley,Pleasant Valley Outflow,346.5
2026-10-02 13:43:07,Northern Owens Valley,Baker Ck. At LA Station Flow,6.1
2026-10-02 13:43:07,Northern Owens Valley,Big Pine Ck. USGS Flow,22.9
2026-10-02 13:43:07,Northern Owens Valley,O.R. Below Big Pine,333.3
2026-10-02 13:43:07,Northern Owens Valley,Fish Springs At RR Flow,39.8
2026-10-02 13:43:07,Northern Owens Valley,Tinemaha Reservoir Outflow,332.8
2026-10-02 13:43:07,Northern Owens Valley,Bishop Creek Through Plant 6,58.3
2026-10-02 13:43:07,Northern Owens Valley,Bishop Creek Around Plant 6,6.2
2026-10-02 13:43:07,Southern Owens Valley,Tinemaha Reservoir Outflow,332.8
2026-10-02 13:43:07,Southern Owens Valley,Indep. Ck. At Junction Flow,2.7
2026-10-02 13:43:07,Southern Owens Valley,LAA at Alabama Flow,265.0
2026-10-02 13:43:07,Southern Owens Valley,Cottonwood Ck. At LAA Flow,0.0
2026-10-02 13:43:07,Southern Owens Valley,LAA at Cottonwood Flow,238.0
2026-10-02 13:43:07,Southern Owens Valley,Haiwee LAA #1 Current Flow,0.0
2026-10-02 13:43:07,Southern Owens Valley,Haiwee LAA #2 Current Flow,3.3
2026-10-02 13:43:07,Southern Owens Valley,Reinhackel Flow,2.8
2026-10-02 13:43:07,Southern Owens Valley,Lubkin Spillgate Outflow,49.5
2026-10-02 13:43:07,Southern Owens Valley,Cartago Spillgate Outflow,83.8
2026-10-02 13:43:07,Southern Owens Valley,Lone Pine Creek Flow,4.8
2026-10-02 13:43:07,Lower Owens River Project,LORP Intake Flow,81.0
2026-10-02 13:43:07,Lower Owens River Project,LORP at Mazourka Canyon Road,0.0
2026-10-02 13:43:07,Lower Owens River Project,LORP at Reinhackle Springs,66.0
2026-10-02 13:43:07,Lower Owens River Project,LORP Above Pumpstation,56.0
2026-10-02 13:43:07,Lower Owens River Project,LORP At Pump Station Discharge Flow,46.0
2026-10-02 13:43:07,Southern District,Haiwee LAA #2 Current Flow,3.3
2026-10-02 13:43:07,Southern District,Haiwee LAA #1 Current Flow,0.0
2026-10-02 13:43:07,Southern District,LAA #1 Flow at Fairmont Reservoir,114.2
2026-10-02 13:43:07,Southern District,LAA #2 Flow at Fairmont Res.,29.3
2026-10-02 13:43:07,Southern District,Bouquet Reservoir Inflow,109.2
2026-10-02 13:43:07,Southern District,Bouquet Reservoir Outflow,0.7
2026-10-02 13:43:07,Southern District,LAA #1 at Soledad Flow,7.2
2026-10-02 13:43:07,Southern District,LAA #2 at Soledad Flow,0.0
2026-10-02 13:43:08,Mono Basin,Mono Lk. Elevation,6381.7
2026-10-02 13:43:08,Mono Basin,Grant Lk. Elevation,7128.1
2026-10-02 13:43:08,Long Valley,Long Valley Elevation,6765.4
2026-10-02 13:43:08,Northern Owens Valley,Pleasant Valley Elevation,4381.3
2026-10-02 13:43:08,Southern Owens Valley,LAA at Alabama Level,6.3
2026-10-02 13:43:08,Southern Owens Valley,LAA at Alabama Water Temp,63.6
2026-10-02 13:43:08,Southern Owens Valley,LAA at Cottonwood Level,6.4
2026-10-02 13:43:08,Southern Owens Valley,LAA at Cotton. Water Temp,65.8
2026-10-02 13:43:08,Southern Owens Valley,N. Haiwee Elevation,3756.8
2026-10-02 13:43:08,Southern Owens Valley,S. Haiwee Reservoir Elevation,3721.0
2026-10-02 13:43:08,Southern District,S. Haiwee Reservoir Elevation,3721.0
2026-10-02 13:43:08,Southern District,Fairmont Reservoir Elevation,3027.2
2026-10-02 13:43:08,Southern District,Bouquet Reservoir Elevation,2977.3
2026-10-02 13:58:07,Mono Basin,Lee Vining Intake Above Flow,33.8
2026-10-02 13:58:07,Mono Basin,Lee Vining Intake Below Flow,16.2
2026-10-02 13:58:07,Mono Basin,Walker Ck. Above Conduit Flow,3.0
2026-10-02 13:58:07,Mono Basin,L.V. Conduit Below Intake Flow,18.6
2026-10-02 13:58:07,Mono Basin,Walker Ck. Under Conduit Flow,3.0
2026-10-02 13:58:07,Mono Basin,Parker Ck. Under Conduit Flow,6.0
2026-10-02 13:58:07,Mono Basin,Parker Ck. Above Conduit Flow,6.0
2026-10-02 13:58:07,Mono Basin,Grant Lk. Spill Flow,0.0
2026-10-02 13:58:07,Mono Basin,Mono Gate 1 Return Ditch Flow,28.8
2026-10-02 13:58:07,Mono Basin,Grant Lk. Outflow,39.0
2026-10-02 13:58:07,Mono Basin,Rush Ck. at Damsite Flow,14.5
2026-10-02 13:58:07,Mono Basin,Flow to West Portal,13.3
2026-10-02 13:58:07,Long Valley,East Portal Flow,26.0
2026-10-02 13:58:07,Long Valley,OR Below EP Flow,71.0
2026-10-02 13:58:07,Long Valley,Hot Ck.at Hwy. Flow,5.0
2026-10-02 13:58:07,Long Valley,McGee Ck. Lower Sta. Flow,7.9
2026-10-02 13:58:07,Long Valley,Long Valley Current Outflow,587.5
2026-10-02 13:58:07,Long Valley,Rock Ck. Div. Flow,0.0
2026-10-02 13:58:07,Long Valley,Upper Gorge Total Release,40.3
2026-10-02 13:58:07,Long Valley,Release at Middle Gorge,0.0
2026-10-02 13:58:07,Northern Owens Valley,Rock Ck. At Owens River (PV) Flow,30.0
2026-10-02 13:58:07,Northern Owens Valley,Pleasant Valley Outflow,343.8
2026-10-02 13:58:07,Northern Owens Valley,Baker Ck. At LA Station Flow,6.1
2026-10-02 13:58:07,Northern Owens Valley,Big Pine Ck. USGS Flow,22.9
2026-10-02 13:58:07,Northern Owens Valley,O.R. Below Big Pine,333.7
2026-10-02 13:58:07,Northern Owens Valley,Fish Springs At RR Flow,39.8
2026-10-02 13:58:07,Northern Owens Valley,Tinemaha Reservoir Outflow,332.8
2026-10-02 13:58:07,Northern Owens Valley,Bishop Creek Through Plant 6,58.3
2026-10-02 13:58:07,Northern Owens Valley,Bishop Creek Around Plant 6,6.2
2026-10-02 13:58:07,Southern Owens Valley,Tinemaha Reservoir Outflow,332.8
2026-10-02 13:58:07,Southern Owens Valley,Indep. Ck. At Junction Flow,2.7
2026-10-02 13:58:07,Southern Owens Valley,LAA at Alabama Flow,265.0
2026-10-02 13:58:07,Southern Owens Valley,Cottonwood Ck. At LAA Flow,0.0
2026-10-02 13:58:07,Southern Owens Valley,LAA at Cottonwood Flow,237.0
2026-10-02 13:58:07,Southern Owens Valley,Haiwee LAA #1 Current Flow,0.0
2026-10-02 13:58:07,Southern Owens Valley,Haiwee LAA #2 Current Flow,3.3
2026-10-02 13:58:07,Southern Owens Valley,Reinhackel Flow,2.8
2026-10-02 13:58:07,Southern Owens Valley,Lubkin Spillgate Outflow,45.8
2026-10-02 13:58:07,Southern Owens Valley,Cartago Spillgate Outflow,83.5
2026-10-02 13:58:07,Southern Owens Valley,Lone Pine Creek Flow,4.8
2026-10-02 13:58:07,Lower Owens River Project,LORP Intake Flow,81.0
2026-10-02 13:58:07,Lower Owens River Project,LORP at Mazourka Canyon Road,0.0
2026-10-02 13:58:07,Lower Owens River Project,LORP at Reinhackle Springs,66.0
2026-10-02 13:58:07,Lower Owens River Project,LORP Above Pumpstation,59.0
2026-10-02 13:58:07,Lower Owens River Project,LORP At Pump Station Discharge Flow,48.0
2026-10-02 13:58:07,Southern District,Haiwee LAA #2 Current Flow,3.3
2026-10-02 13:58:07,Southern District,Haiwee LAA #1 Current Flow,0.0
2026-10-02 13:58:07,Southern District,LAA #1 Flow at Fairmont Reservoir,112.8
2026-10-02 13:58:07,Southern District,LAA #2 Flow at Fairmont Res.,28.7
2026-10-02 13:58:07,Southern District,Bouquet Reservoir Inflow,120.5
2026-10-02 13:58:07,Southern District,Bouquet Reservoir Outflow,0.7
2026-10-02 13:58:07,Southern District,LAA #1 at Soledad Flow,7.2
2026-10-02 13:58:07,Southern District,LAA #2 at Soledad Flow,0.0
2026-10-02 13:58:08,Mono Basin,Mono Lk. Elevation,6381.7
2026-10-02 13:58:08,Mono Basin,Grant Lk. Elevation,7128.1
2026-10-02 13:58:08,Long Valley,Long Valley Elevation,6765.4
2026-10-02 13:58:08,Northern Owens Valley,Pleasant Valley Elevation,4381.4
2026-10-02 13:58:08,Northern Owens Valley,Tinemaha Elevation,3861.0
2026-10-02 13:58:08,Southern Owens Valley,Tinemaha Elevation,3861.0
2026-10-02 13:58:08,Southern Owens Valley,LAA at Alabama Level,6.3
2026-10-02 13:58:08,Southern Owens Valley,LAA at Alabama Water Temp,63.6
2026-10-02 13:58:08,Southern Owens Valley,LAA at Cottonwood Level,6.3
2026-10-02 13:58:08,Southern Owens Valley,LAA at Cotton. Water Temp,66.0
2026-10-02 13:58:08,Southern Owens Valley,N. Haiwee Elevation,3756.8
2026-10-02 13:58:08,Southern Owens Valley,S. Haiwee Reservoir Elevation,3721.0
2026-10-02 13:58:08,Southern District,S. Haiwee Reservoir Elevation,3721.0
2026-10-02 13:58:08,Southern District,Fairmont Reservoir Elevation,3027.2
2026-10-02 13:58:08,Southern District,Bouquet Reservoir Elevation,2977.3
2026-10-02 14:13:07,Mono Basin,Lee Vining Intake Above Flow,34.0
2026-10-02 14:13:07,Mono Basin,Lee Vining Intake Below Flow,16.4
2026-10-02 14:13:07,Mono Basin,Walker Ck. Above Conduit Flow,3.0
2026-10-02 14:13:07,Mono Basin,L.V. Conduit Below Intake Flow,18.9
2026-10-02 14:13:07,Mono Basin,Walker Ck. Under Conduit Flow,3.0
2026-10-02 14:13:07,Mono Basin,Parker Ck. Under Conduit Flow,6.0
2026-10-02 14:13:07,Mono Basin,Parker Ck. Above Conduit Flow,6.0
2026-10-02 14:13:07,Mono Basin,Grant Lk. Spill Flow,0.0
2026-10-02 14:13:07,Mono Basin,Mono Gate 1 Return Ditch Flow,28.8
2026-10-02 14:13:07,Mono Basin,Grant Lk. Outflow,39.0
2026-10-02 14:13:07,Mono Basin,Rush Ck. at Damsite Flow,14.5
2026-10-02 14:13:07,Mono Basin,Flow to West Portal,13.3
2026-10-02 14:13:07,Long Valley,East Portal Flow,26.0
2026-10-02 14:13:07,Long Valley,OR Below EP Flow,71.0
2026-10-02 14:13:07,Long Valley,Hot Ck.at Hwy. Flow,5.0
2026-10-02 14:13:07,Long Valley,McGee Ck. Lower Sta. Flow,7.9
2026-10-02 14:13:07,Long Valley,Long Valley Current Outflow,587.5
2026-10-02 14:13:07,Long Valley,Rock Ck. Div. Flow,0.0
2026-10-02 14:13:07,Long Valley,Upper Gorge Total Release,39.6
2026-10-02 14:13:07,Long Valley,Release at Middle Gorge,0.0
2026-10-02 14:13:07,Northern Owens Valley,Rock Ck. At Owens River (PV) Flow,29.7
2026-10-02 14:13:07,Northern Owens Valley,Pleasant Valley Outflow,347.0
2026-10-02 14:13:07,Northern Owens Valley,Baker Ck. At LA Station Flow,6.1
2026-10-02 14:13:07,Northern Owens Valley,Big Pine Ck. USGS Flow,23.3
2026-10-02 14:13:07,Northern Owens Valley,O.R. Below Big Pine,333.4
2026-10-02 14:13:07,Northern Owens Valley,Fish Springs At RR Flow,39.8
2026-10-02 14:13:07,Northern Owens Valley,Tinemaha Reservoir Outflow,333.6
2026-10-02 14:13:07,Northern Owens Valley,Bishop Creek Through Plant 6,58.3
2026-10-02 14:13:07,Northern Owens Valley,Bishop Creek Around Plant 6,6.2
2026-10-02 14:13:07,Southern Owens Valley,Tinemaha Reservoir Outflow,333.6
2026-10-02 14:13:07,Southern Owens Valley,Indep. Ck. At Junction Flow,2.7
2026-10-02 14:13:07,Southern Owens Valley,LAA at Alabama Flow,263.0
2026-10-02 14:13:07,Southern Owens Valley,Cottonwood Ck. At LAA Flow,0.0
2026-10-02 14:13:07,Southern Owens Valley,LAA at Cottonwood Flow,237.0
2026-10-02 14:13:07,Southern Owens Valley,Haiwee LAA #1 Current Flow,0.0
2026-10-02 14:13:07,Southern Owens Valley,Haiwee LAA #2 Current Flow,3.3
2026-10-02 14:13:07,Southern Owens Valley,Reinhackel Flow,2.8
2026-10-02 14:13:07,Southern Owens Valley,Lubkin Spillgate Outflow,51.2
2026-10-02 14:13:07,Southern Owens Valley,Cartago Spillgate Outflow,82.1
2026-10-02 14:13:07,Southern Owens Valley,Lone Pine Creek Flow,4.8
2026-10-02 14:13:07,Lower Owens River Project,LORP Intake Flow,81.0
2026-10-02 14:13:07,Lower Owens River Project,LORP at Mazourka Canyon Road,0.0
2026-10-02 14:13:07,Lower Owens River Project,LORP at Reinhackle Springs,66.0
2026-10-02 14:13:07,Lower Owens River Project,LORP Above Pumpstation,58.0
2026-10-02 14:13:07,Lower Owens River Project,LORP At Pump Station Discharge Flow,48.0
2026-10-02 14:13:07,Southern District,Haiwee LAA #2 Current Flow,3.3
2026-10-02 14:13:07,Southern District,Haiwee LAA #1 Current Flow,0.0
2026-10-02 14:13:07,Southern District,LAA #1 Flow at Fairmont Reservoir,110.2
2026-10-02 14:13:07,Southern District,LAA #2 Flow at Fairmont Res.,24.3
2026-10-02 14:13:07,Southern District,Bouquet Reservoir Inflow,122.5
2026-10-02 14:13:07,Southern District,Bouquet Reservoir Outflow,0.7
2026-10-02 14:13:07,Southern District,LAA #1 at Soledad Flow,7.2
2026-10-02 14:13:07,Southern District,LAA #2 at Soledad Flow,0.0
2026-10-02 14:13:08,Mono Basin,Mono Lk. Elevation,6381.7
2026-10-02 14:13:08,Mono Basin,Grant Lk. Elevation,7128.1
2026-10-02 14:13:08,Long Valley,Long Valley Elevation,6765.4
2026-10-02 14:13:08,Northern Owens Valley,Pleasant Valley Elevation,4381.5
2026-10-02 14:13:08,Southern Owens Valley,LAA at Alabama Level,6.3
2026-10-02 14:13:08,Southern Owens Valley,LAA at Alabama Water Temp,64.4
2026-10-02 14:13:08,Southern Owens Valley,LAA at Cottonwood Level,6.3
2026-10-02 14:13:08,Southern Owens Valley,LAA at Cotton. Water Temp,66.1
2026-10-02 14:13:08,Southern Owens Valley,N. Haiwee Elevation,3756.8
2026-10-02 14:13:08,Southern Owens Valley,S. Haiwee Reservoir Elevation,3721.0
2026-10-02 14:13:08,Southern District,S. Haiwee Reservoir Elevation,3721.0
2026-10-02 14:13:08,Southern District,Fairmont Reservoir Elevation,3027.2
2026-10-02 14:13:08,Southern District,Bouquet Reservoir Elevation,2977.3
2026-10-02 14:28:07,Mono Basin,Lee Vining Intake Above Flow,35.5
2026-10-02 14:28:07,Mono Basin,Lee Vining Intake Below Flow,16.3
2026-10-02 14:28:07,Mono Basin,Walker Ck. Above Conduit Flow,3.0
2026-10-02 14:28:07,Mono Basin,L.V. Conduit Below Intake Flow,19.5
2026-10-02 14:28:07,Mono Basin,Walker Ck. Under Conduit Flow,3.0
2026-10-02 14:28:07,Mono Basin,Parker Ck. Under Conduit Flow,6.0
2026-10-02 14:28:07,Mono Basin,Parker Ck. Above Conduit Flow,6.0
2026-10-02 14:28:07,Mono Basin,Grant Lk. Spill Flow,0.0
2026-10-02 14:28:07,Mono Basin,Mono Gate 1 Return Ditch Flow,28.7
2026-10-02 14:28:07,Mono Basin,Grant Lk. Outflow,38.8
2026-10-02 14:28:07,Mono Basin,Rush Ck. at Damsite Flow,14.5
2026-10-02 14:28:07,Mono Basin,Flow to West Portal,13.3
2026-10-02 14:28:07,Long Valley,East Portal Flow,26.0
2026-10-02 14:28:07,Long Valley,OR Below EP Flow,71.0
2026-10-02 14:28:07,Long Valley,Hot Ck.at Hwy. Flow,5.0
2026-10-02 14:28:07,Long Valley,McGee Ck. Lower Sta. Flow,7.9
2026-10-02 14:28:07,Long Valley,Long Valley Current Outflow,583.9
2026-10-02 14:28:07,Long Valley,Rock Ck. Div. Flow,0.0
2026-10-02 14:28:07,Long Valley,Upper Gorge Total Release,39.7
2026-10-02 14:28:07,Long Valley,Release at Middle Gorge,0.0
2026-10-02 14:28:07,Northern Owens Valley,Rock Ck. At Owens River (PV) Flow,29.6
2026-10-02 14:28:07,Northern Owens Valley,Pleasant Valley Outflow,343.0
2026-10-02 14:28:07,Northern Owens Valley,Baker Ck. At LA Station Flow,6.1
2026-10-02 14:28:07,Northern Owens Valley,Big Pine Ck. USGS Flow,23.3
2026-10-02 14:28:07,Northern Owens Valley,O.R. Below Big Pine,333.7
2026-10-02 14:28:07,Northern Owens Valley,Fish Springs At RR Flow,39.8
2026-10-02 14:28:07,Northern Owens Valley,Tinemaha Reservoir Outflow,333.6
2026-10-02 14:28:07,Northern Owens Valley,Bishop Creek Through Plant 6,58.3
2026-10-02 14:28:07,Northern Owens Valley,Bishop Creek Around Plant 6,6.2
2026-10-02 14:28:07,Southern Owens Valley,Tinemaha Reservoir Outflow,333.6
2026-10-02 14:28:07,Southern Owens Valley,Indep. Ck. At Junction Flow,2.7
2026-10-02 14:28:07,Southern Owens Valley,LAA at Alabama Flow,263.0
2026-10-02 14:28:07,Southern Owens Valley,Cottonwood Ck. At LAA Flow,0.0
2026-10-02 14:28:07,Southern Owens Valley,LAA at Cottonwood Flow,237.0
2026-10-02 14:28:07,Southern Owens Valley,Haiwee LAA #1 Current Flow,0.0
2026-10-02 14:28:07,Southern Owens Valley,Haiwee LAA #2 Current Flow,3.3
2026-10-02 14:28:07,Southern Owens Valley,Reinhackel Flow,2.8
2026-10-02 14:28:07,Southern Owens Valley,Lubkin Spillgate Outflow,54.7
2026-10-02 14:28:07,Southern Owens Valley,Cartago Spillgate Outflow,84.2
2026-10-02 14:28:07,Southern Owens Valley,Lone Pine Creek Flow,4.8
2026-10-02 14:28:07,Lower Owens River Project,LORP Intake Flow,81.0
2026-10-02 14:28:07,Lower Owens River Project,LORP at Mazourka Canyon Road,0.0
2026-10-02 14:28:07,Lower Owens River Project,LORP at Reinhackle Springs,63.0
2026-10-02 14:28:07,Lower Owens River Project,LORP Above Pumpstation,58.0
2026-10-02 14:28:07,Lower Owens River Project,LORP At Pump Station Discharge Flow,48.0
2026-10-02 14:28:07,Southern District,Haiwee LAA #2 Current Flow,3.3
2026-10-02 14:28:07,Southern District,Haiwee LAA #1 Current Flow,0.0
2026-10-02 14:28:07,Southern District,LAA #1 Flow at Fairmont Reservoir,109.5
2026-10-02 14:28:07,Southern District,LAA #2 Flow at Fairmont Res.,23.9
2026-10-02 14:28:07,Southern District,Bouquet Reservoir Inflow,122.9
2026-10-02 14:28:07,Southern District,Bouquet Reservoir Outflow,0.7
2026-10-02 14:28:07,Southern District,LAA #1 at Soledad Flow,7.2
2026-10-02 14:28:07,Southern District,LAA #2 at Soledad Flow,0.0
2026-10-02 14:28:08,Mono Basin,Mono Lk. Elevation,6381.7
2026-10-02 14:28:08,Mono Basin,Grant Lk. Elevation,7128.1
2026-10-02 14:28:08,Long Valley,Long Valley Elevation,6765.4
2026-10-02 14:28:08,Northern Owens Valley,Pleasant Valley Elevation,4381.5
2026-10-02 14:28:08,Northern Owens Valley,Tinemaha Elevation,3861.0
2026-10-02 14:28:08,Southern Owens Valley,Tinemaha Elevation,3861.0
2026-10-02 14:28:08,Southern Owens Valley,LAA at Alabama Level,6.3
2026-10-02 14:28:08,Southern Owens Valley,LAA at Alabama Water Temp,64.4
2026-10-02 14:28:08,Southern Owens Valley,LAA at Cottonwood Level,6.3
2026-10-02 14:28:08,Southern Owens Valley,LAA at Cotton. Water Temp,66.1
2026-10-02 14:28:08,Southern Owens Valley,N. Haiwee Elevation,3756.8
2026-10-02 14:28:08,Southern Owens Valley,S. Haiwee Reservoir Elevation,3721.0
2026-10-02 14:28:08,Southern District,S. Haiwee Reservoir Elevation,3721.0
2026-10-02 14:28:08,Southern District,Fairmont Reservoir Elevation,3027.3
2026-10-02 14:28:08,Southern District,Bouquet Reservoir Elevation,2977.3
2026-10-02 14:43:07,Mono Basin,Lee Vining Intake Above Flow,34.5
2026-10-02 14:43:07,Mono Basin,Lee Vining Intake Below Flow,16.5
2026-10-02 14:43:07,Mono Basin,Walker Ck. Above Conduit Flow,3.0
2026-10-02 14:43:07,Mono Basin,L.V. Conduit Below Intake Flow,19.8
2026-10-02 14:43:07,Mono Basin,Walker Ck. Under Conduit Flow,3.0
2026-10-02 14:43:07,Mono Basin,Parker Ck. Under Conduit Flow,6.0
2026-10-02 14:43:07,Mono Basin,Parker Ck. Above Conduit Flow,6.0
2026-10-02 14:43:07,Mono Basin,Grant Lk. Spill Flow,0.0
2026-10-02 14:43:07,Mono Basin,Mono Gate 1 Return Ditch Flow,28.7
2026-10-02 14:43:07,Mono Basin,Grant Lk. Outflow,38.8
2026-10-02 14:43:07,Mono Basin,Rush Ck. at Damsite Flow,14.5
2026-10-02 14:43:07,Mono Basin,Flow to West Portal,13.3
2026-10-02 14:43:07,Long Valley,East Portal Flow,26.0
2026-10-02 14:43:07,Long Valley,OR Below EP Flow,72.0
2026-10-02 14:43:07,Long Valley,Hot Ck.at Hwy. Flow,5.0
2026-10-02 14:43:07,Long Valley,McGee Ck. Lower Sta. Flow,7.9
2026-10-02 14:43:07,Long Valley,Long Valley Current Outflow,583.9
2026-10-02 14:43:07,Long Valley,Rock Ck. Div. Flow,0.0
2026-10-02 14:43:07,Long Valley,Upper Gorge Total Release,39.5
2026-10-02 14:43:07,Long Valley,Release at Middle Gorge,0.0
2026-10-02 14:43:07,Northern Owens Valley,Rock Ck. At Owens River (PV) Flow,29.6
2026-10-02 14:43:07,Northern Owens Valley,Pleasant Valley Outflow,348.0
2026-10-02 14:43:07,Northern Owens Valley,Baker Ck. At LA Station Flow,6.1
2026-10-02 14:43:07,Northern Owens Valley,Big Pine Ck. USGS Flow,23.3
2026-10-02 14:43:07,Northern Owens Valley,O.R. Below Big Pine,333.4
2026-10-02 14:43:07,Northern Owens Valley,Fish Springs At RR Flow,39.8
2026-10-02 14:43:07,Northern Owens Valley,Tinemaha Reservoir Outflow,333.6
2026-10-02 14:43:07,Northern Owens Valley,Bishop Creek Through Plant 6,58.3
2026-10-02 14:43:07,Northern Owens Valley,Bishop Creek Around Plant 6,6.2
2026-10-02 14:43:07,Southern Owens Valley,Tinemaha Reservoir Outflow,333.6
2026-10-02 14:43:07,Southern Owens Valley,Indep. Ck. At Junction Flow,2.7
2026-10-02 14:43:07,Southern Owens Valley,LAA at Alabama Flow,263.0
2026-10-02 14:43:07,Southern Owens Valley,Cottonwood Ck. At LAA Flow,0.0
2026-10-02 14:43:07,Southern Owens Valley,LAA at Cottonwood Flow,238.0
2026-10-02 14:43:07,Southern Owens Valley,Haiwee LAA #1 Current Flow,0.0
2026-10-02 14:43:07,Southern Owens Valley,Haiwee LAA #2 Current Flow,3.3
2026-10-02 14:43:07,Southern Owens Valley,Reinhackel Flow,2.8
2026-10-02 14:43:07,Southern Owens Valley,Lubkin Spillgate Outflow,54.7
2026-10-02 14:43:07,Southern Owens Valley,Cartago Spillgate Outflow,87.5
2026-10-02 14:43:07,Southern Owens Valley,Lone Pine Creek Flow,4.8
2026-10-02 14:43:07,Lower Owens River Project,LORP Intake Flow,79.0
2026-10-02 14:43:07,Lower Owens River Project,LORP at Mazourka Canyon Road,0.0
2026-10-02 14:43:07,Lower Owens River Project,LORP at Reinhackle Springs,63.0
2026-10-02 14:43:07,Lower Owens River Project,LORP Above Pumpstation,56.0
2026-10-02 14:43:07,Lower Owens River Project,LORP At Pump Station Discharge Flow,46.0
2026-10-02 14:43:07,Southern District,Haiwee LAA #2 Current Flow,3.3
2026-10-02 14:43:07,Southern District,Haiwee LAA #1 Current Flow,0.0
2026-10-02 14:43:07,Southern District,LAA #1 Flow at Fairmont Reservoir,108.1
2026-10-02 14:43:07,Southern District,LAA #2 Flow at Fairmont Res.,19.3
2026-10-02 14:43:07,Southern District,Bouquet Reservoir Inflow,115.7
2026-10-02 14:43:07,Southern District,Bouquet Reservoir Outflow,0.7
2026-10-02 14:43:07,Southern District,LAA #1 at Soledad Flow,7.2
2026-10-02 14:43:07,Southern District,LAA #2 at Soledad Flow,0.0
2026-10-02 14:43:08,Mono Basin,Mono Lk. Elevation,6381.7
2026-10-02 14:43:08,Mono Basin,Grant Lk. Elevation,7128.1
2026-10-02 14:43:08,Long Valley,Long Valley Elevation,6765.4
2026-10-02 14:43:08,Northern Owens Valley,Pleasant Valley Elevation,4381.6
2026-10-02 14:43:08,Southern Owens Valley,LAA at Alabama Level,6.3
2026-10-02 14:43:08,Southern Owens Valley,LAA at Alabama Water Temp,64.4
2026-10-02 14:43:08,Southern Owens Valley,LAA at Cottonwood Level,6.4
2026-10-02 14:43:08,Southern Owens Valley,LAA at Cotton. Water Temp,66.4
2026-10-02 14:43:08,Southern Owens Valley,N. Haiwee Elevation,3756.8
2026-10-02 14:43:08,Southern Owens Valley,S. Haiwee Reservoir Elevation,3721.0
2026-10-02 14:43:08,Southern District,S. Haiwee Reservoir Elevation,3721.0
2026-10-02 14:43:08,Southern District,Fairmont Reservoir Elevation,3027.3
2026-10-02 14:43:08,Southern District,Bouquet Reservoir Elevation,2977.3
2026-10-02 14:58:07,Mono Basin,Lee Vining Intake Above Flow,35.6
2026-10-02 14:58:07,Mono Basin,Lee Vining Intake Below Flow,16.4
2026-10-02 14:58:07,Mono Basin,Walker Ck. Above Conduit Flow,3.0
2026-10-02 14:58:07,Mono Basin,L.V. Conduit Below Intake Flow,20.1
2026-10-02 14:58:07,Mono Basin,Walker Ck. Under Conduit Flow,3.0
2026-10-02 14:58:07,Mono Basin,Parker Ck. Under Conduit Flow,6.0
2026-10-02 14:58:07,Mono Basin,Parker Ck. Above Conduit Flow,6.0
2026-10-02 14:58:07,Mono Basin,Grant Lk. Spill Flow,0.0
2026-10-02 14:58:07,Mono Basin,Mono Gate 1 Return Ditch Flow,28.7
2026-10-02 14:58:07,Mono Basin,Grant Lk. Outflow,38.8
2026-10-02 14:58:07,Mono Basin,Rush Ck. at Damsite Flow,14.5
2026-10-02 14:58:07,Mono Basin,Flow to West Portal,13.3
2026-10-02 14:58:07,Long Valley,East Portal Flow,26.0
2026-10-02 14:58:07,Long Valley,OR Below EP Flow,72.0
2026-10-02 14:58:07,Long Valley,Hot Ck.at Hwy. Flow,5.0
2026-10-02 14:58:07,Long Valley,McGee Ck. Lower Sta. Flow,7.9
2026-10-02 14:58:07,Long Valley,Long Valley Current Outflow,583.9
2026-10-02 14:58:07,Long Valley,Rock Ck. Div. Flow,0.0
2026-10-02 14:58:07,Long Valley,Upper Gorge Total Release,39.7
2026-10-02 14:58:07,Long Valley,Release at Middle Gorge,0.0
2026-10-02 14:58:07,Northern Owens Valley,Rock Ck. At Owens River (PV) Flow,29.6
2026-10-02 14:58:07,Northern Owens Valley,Pleasant Valley Outflow,345.9
2026-10-02 14:58:07,Northern Owens Valley,Baker Ck. At LA Station Flow,6.1
2026-10-02 14:58:07,Northern Owens Valley,Big Pine Ck. USGS Flow,23.3
2026-10-02 14:58:07,Northern Owens Valley,O.R. Below Big Pine,334.3
2026-10-02 14:58:07,Northern Owens Valley,Fish Springs At RR Flow,39.8
2026-10-02 14:58:07,Northern Owens Valley,Tinemaha Reservoir Outflow,333.6
2026-10-02 14:58:07,Northern Owens Valley,Bishop Creek Through Plant 6,58.3
2026-10-02 14:58:07,Northern Owens Valley,Bishop Creek Around Plant 6,6.2
2026-10-02 14:58:07,Southern Owens Valley,Tinemaha Reservoir Outflow,333.6
2026-10-02 14:58:07,Southern Owens Valley,Indep. Ck. At Junction Flow,2.7
2026-10-02 14:58:07,Southern Owens Valley,LAA at Alabama Flow,263.0
2026-10-02 14:58:07,Southern Owens Valley,Cottonwood Ck. At LAA Flow,0.0
2026-10-02 14:58:07,Southern Owens Valley,LAA at Cottonwood Flow,238.0
2026-10-02 14:58:07,Southern Owens Valley,Haiwee LAA #1 Current Flow,0.0
2026-10-02 14:58:07,Southern Owens Valley,Haiwee LAA #2 Current Flow,3.3
2026-10-02 14:58:07,Southern Owens Valley,Reinhackel Flow,2.8
2026-10-02 14:58:07,Southern Owens Valley,Lubkin Spillgate Outflow,57.2
2026-10-02 14:58:07,Southern Owens Valley,Cartago Spillgate Outflow,87.5
2026-10-02 14:58:07,Southern Owens Valley,Lone Pine Creek Flow,4.8
2026-10-02 14:58:07,Lower Owens River Project,LORP Intake Flow,79.0
2026-10-02 14:58:07,Lower Owens River Project,LORP at Mazourka Canyon Road,0.0
2026-10-02 14:58:07,Lower Owens River Project,LORP at Reinhackle Springs,63.0
2026-10-02 14:58:07,Lower Owens River Project,LORP Above Pumpstation,58.0
2026-10-02 14:58:07,Lower Owens River Project,LORP At Pump Station Discharge Flow,48.0
2026-10-02 14:58:07,Southern District,Haiwee LAA #2 Current Flow,3.3
2026-10-02 14:58:07,Southern District,Haiwee LAA #1 Current Flow,0.0
2026-10-02 14:58:07,Southern District,LAA #1 Flow at Fairmont Reservoir,105.7
2026-10-02 14:58:07,Southern District,LAA #2 Flow at Fairmont Res.,14.3
2026-10-02 14:58:07,Southern District,Bouquet Reservoir Inflow,119.6
2026-10-02 14:58:07,Southern District,Bouquet Reservoir Outflow,0.7
2026-10-02 14:58:07,Southern District,LAA #1 at Soledad Flow,7.2
2026-10-02 14:58:07,Southern District,LAA #2 at Soledad Flow,0.0
2026-10-02 14:58:08,Mono Basin,Mono Lk. Elevation,6381.7
2026-10-02 14:58:08,Mono Basin,Grant Lk. Elevation,7128.1
2026-10-02 14:58:08,Long Valley,Long Valley Elevation,6765.4
2026-10-02 14:58:08,Northern Owens Valley,Pleasant Valley Elevation,4381.7
2026-10-02 14:58:08,Northern Owens Valley,Tinemaha Elevation,3861.0
2026-10-02 14:58:08,Southern Owens Valley,Tinemaha Elevation,3861.0
2026-10-02 14:58:08,Southern Owens Valley,LAA at Alabama Level,6.3
2026-10-02 14:58:08,Southern Owens Valley,LAA at Alabama Water Temp,64.4
2026-10-02 14:58:08,Southern Owens Valley,LAA at Cottonwood Level,6.4
2026-10-02 14:58:08,Southern Owens Valley,LAA at Cotton. Water Temp,66.4
2026-10-02 14:58:08,Southern Owens Valley,N. Haiwee Elevation,3756.8
2026-10-02 14:58:08,Southern Owens Valley,S. Haiwee Reservoir Elevation,3721.0
2026-10-02 14:58:08,Southern District,S. Haiwee Reservoir Elevation,3721.0
2026-10-02 14:58:08,Southern District,Fairmont Reservoir Elevation,3027.3
2026-10-02 14:58:08,Southern District,Bouquet Reservoir Elevation,2977.3
2026-10-02 15:13:07,Mono Basin,Lee Vining Intake Above Flow,33.3
2026-10-02 15:13:07,Mono Basin,Lee Vining Intake Below Flow,16.5
2026-10-02 15:13:07,Mono Basin,Walker Ck. Above Conduit Flow,3.0
2026-10-02 15:13:07,Mono Basin,L.V. Conduit Below Intake Flow,20.5
2026-10-02 15:13:07,Mono Basin,Walker Ck. Under Conduit Flow,3.0
2026-10-02 15:13:07,Mono Basin,Parker Ck. Under Conduit Flow,6.0
2026-10-02 15:13:07,Mono Basin,Parker Ck. Above Conduit Flow,6.0
2026-10-02 15:13:07,Mono Basin,Grant Lk. Spill Flow,0.0
2026-10-02 15:13:07,Mono Basin,Mono Gate 1 Return Ditch Flow,28.7
2026-10-02 15:13:07,Mono Basin,Grant Lk. Outflow,38.8
2026-10-02 15:13:07,Mono Basin,Rush Ck. at Damsite Flow,14.5
2026-10-02 15:13:07,Mono Basin,Flow to West Portal,13.5
2026-10-02 15:13:07,Long Valley,East Portal Flow,26.0
2026-10-02 15:13:07,Long Valley,OR Below EP Flow,71.0
2026-10-02 15:13:07,Long Valley,Hot Ck.at Hwy. Flow,5.0
2026-10-02 15:13:07,Long Valley,McGee Ck. Lower Sta. Flow,7.8
2026-10-02 15:13:07,Long Valley,Long Valley Current Outflow,583.9
2026-10-02 15:13:07,Long Valley,Rock Ck. Div. Flow,0.0
2026-10-02 15:13:07,Long Valley,Upper Gorge Total Release,39.7
2026-10-02 15:13:07,Long Valley,Release at Middle Gorge,0.0
2026-10-02 15:13:07,Northern Owens Valley,Rock Ck. At Owens River (PV) Flow,29.6
2026-10-02 15:13:07,Northern Owens Valley,Pleasant Valley Outflow,346.8
2026-10-02 15:13:07,Northern Owens Valley,Baker Ck. At LA Station Flow,6.1
2026-10-02 15:13:07,Northern Owens Valley,Big Pine Ck. USGS Flow,23.3
2026-10-02 15:13:07,Northern Owens Valley,O.R. Below Big Pine,334.2
2026-10-02 15:13:07,Northern Owens Valley,Fish Springs At RR Flow,39.8
2026-10-02 15:13:07,Northern Owens Valley,Tinemaha Reservoir Outflow,333.6
2026-10-02 15:13:07,Northern Owens Valley,Bishop Creek Through Plant 6,58.3
2026-10-02 15:13:07,Northern Owens Valley,Bishop Creek Around Plant 6,6.2
2026-10-02 15:13:07,Southern Owens Valley,Tinemaha Reservoir Outflow,333.6
2026-10-02 15:13:07,Southern Owens Valley,Indep. Ck. At Junction Flow,2.7
2026-10-02 15:13:07,Southern Owens Valley,LAA at Alabama Flow,262.0
2026-10-02 15:13:07,Southern Owens Valley,Cottonwood Ck. At LAA Flow,0.0
2026-10-02 15:13:07,Southern Owens Valley,LAA at Cottonwood Flow,238.0
2026-10-02 15:13:07,Southern Owens Valley,Haiwee LAA #1 Current Flow,0.0
2026-10-02 15:13:07,Southern Owens Valley,Haiwee LAA #2 Current Flow,3.3
2026-10-02 15:13:07,Southern Owens Valley,Reinhackel Flow,2.8
2026-10-02 15:13:07,Southern Owens Valley,Lubkin Spillgate Outflow,57.2
2026-10-02 15:13:07,Southern Owens Valley,Cartago Spillgate Outflow,87.9
2026-10-02 15:13:07,Southern Owens Valley,Lone Pine Creek Flow,4.5
2026-10-02 15:13:07,Lower Owens River Project,LORP Intake Flow,79.0
2026-10-02 15:13:07,Lower Owens River Project,LORP at Mazourka Canyon Road,0.0
2026-10-02 15:13:07,Lower Owens River Project,LORP at Reinhackle Springs,63.0
2026-10-02 15:13:07,Lower Owens River Project,LORP Above Pumpstation,59.0
2026-10-02 15:13:07,Lower Owens River Project,LORP At Pump Station Discharge Flow,48.0
2026-10-02 15:13:07,Southern District,Haiwee LAA #2 Current Flow,3.3
2026-10-02 15:13:07,Southern District,Haiwee LAA #1 Current Flow,0.0
2026-10-02 15:13:07,Southern District,LAA #1 Flow at Fairmont Reservoir,104.3
2026-10-02 15:13:07,Southern District,LAA #2 Flow at Fairmont Res.,4.2
2026-10-02 15:13:07,Southern District,Bouquet Reservoir Inflow,118.5
2026-10-02 15:13:07,Southern District,Bouquet Reservoir Outflow,0.7
2026-10-02 15:13:07,Southern District,LAA #1 at Soledad Flow,7.2
2026-10-02 15:13:07,Southern District,LAA #2 at Soledad Flow,0.0
2026-10-02 15:13:08,Mono Basin,Mono Lk. Elevation,6381.7
2026-10-02 15:13:08,Mono Basin,Grant Lk. Elevation,7128.1
2026-10-02 15:13:08,Long Valley,Long Valley Elevation,6765.4
2026-10-02 15:13:08,Northern Owens Valley,Pleasant Valley Elevation,4381.7
2026-10-02 15:13:08,Southern Owens Valley,LAA at Alabama Level,6.3
2026-10-02 15:13:08,Southern Owens Valley,LAA at Alabama Water Temp,64.9
2026-10-02 15:13:08,Southern Owens Valley,LAA at Cottonwood Level,6.4
2026-10-02 15:13:08,Southern Owens Valley,LAA at Cotton. Water Temp,66.6
2026-10-02 15:13:08,Southern Owens Valley,N. Haiwee Elevation,3756.8
2026-10-02 15:13:08,Southern Owens Valley,S. Haiwee Reservoir Elevation,3721.0
2026-10-02 15:13:08,Southern District,S. Haiwee Reservoir Elevation,3721.0
2026-10-02 15:13:08,Southern District,Fairmont Reservoir Elevation,3027.3
2026-10-02 15:13:08,Southern District,Bouquet Reservoir Elevation,2977.3
2026-10-02 15:28:07,Mono Basin,Lee Vining Intake Above Flow,35.0
2026-10-02 15:28:07,Mono Basin,Lee Vining Intake Below Flow,16.6
2026-10-02 15:28:07,Mono Basin,Walker Ck. Above Conduit Flow,3.0
2026-10-02 15:28:07,Mono Basin,L.V. Conduit Below Intake Flow,20.4
2026-10-02 15:28:07,Mono Basin,Walker Ck. Under Conduit Flow,3.0
2026-10-02 15:28:07,Mono Basin,Parker Ck. Under Conduit Flow,6.0
2026-10-02 15:28:07,Mono Basin,Parker Ck. Above Conduit Flow,6.0
2026-10-02 15:28:07,Mono Basin,Grant Lk. Spill Flow,0.0
2026-10-02 15:28:07,Mono Basin,Mono Gate 1 Return Ditch Flow,28.8
2026-10-02 15:28:07,Mono Basin,Grant Lk. Outflow,38.5
2026-10-02 15:28:07,Mono Basin,Rush Ck. at Damsite Flow,15.2
2026-10-02 15:28:07,Mono Basin,Flow to West Portal,13.4
2026-10-02 15:28:07,Long Valley,East Portal Flow,26.0
2026-10-02 15:28:07,Long Valley,OR Below EP Flow,71.0
2026-10-02 15:28:07,Long Valley,Hot Ck.at Hwy. Flow,5.0
2026-10-02 15:28:07,Long Valley,McGee Ck. Lower Sta. Flow,7.8
2026-10-02 15:28:07,Long Valley,Long Valley Current Outflow,585.4
2026-10-02 15:28:07,Long Valley,Rock Ck. Div. Flow,0.0
2026-10-02 15:28:07,Long Valley,Upper Gorge Total Release,40.3
2026-10-02 15:28:07,Long Valley,Release at Middle Gorge,0.0
2026-10-02 15:28:07,Northern Owens Valley,Rock Ck. At Owens River (PV) Flow,29.5
2026-10-02 15:28:07,Northern Owens Valley,Pleasant Valley Outflow,348.6
2026-10-02 15:28:07,Northern Owens Valley,Baker Ck. At LA Station Flow,6.1
2026-10-02 15:28:07,Northern Owens Valley,Big Pine Ck. USGS Flow,23.3
2026-10-02 15:28:07,Northern Owens Valley,O.R. Below Big Pine,334.2
2026-10-02 15:28:07,Northern Owens Valley,Fish Springs At RR Flow,39.8
2026-10-02 15:28:07,Northern Owens Valley,Tinemaha Reservoir Outflow,333.6
2026-10-02 15:28:07,Northern Owens Valley,Bishop Creek Through Plant 6,58.3
2026-10-02 15:28:07,Northern Owens Valley,Bishop Creek Around Plant 6,6.2
2026-10-02 15:28:07,Southern Owens Valley,Tinemaha Reservoir Outflow,333.6
2026-10-02 15:28:07,Southern Owens Valley,Indep. Ck. At Junction Flow,2.7
2026-10-02 15:28:07,Southern Owens Valley,LAA at Alabama Flow,262.0
2026-10-02 15:28:07,Southern Owens Valley,Cottonwood Ck. At LAA Flow,0.0
2026-10-02 15:28:07,Southern Owens Valley,LAA at Cottonwood Flow,238.0
2026-10-02 15:28:07,Southern Owens Valley,Haiwee LAA #1 Current Flow,0.0
2026-10-02 15:28:07,Southern Owens Valley,Haiwee LAA #2 Current Flow,3.3
2026-10-02 15:28:07,Southern Owens Valley,Reinhackel Flow,2.8
2026-10-02 15:28:07,Southern Owens Valley,Lubkin Spillgate Outflow,57.2
2026-10-02 15:28:07,Southern Owens Valley,Cartago Spillgate Outflow,104.6
2026-10-02 15:28:07,Southern Owens Valley,Lone Pine Creek Flow,4.5
2026-10-02 15:28:07,Lower Owens River Project,LORP Intake Flow,79.0
2026-10-02 15:28:07,Lower Owens River Project,LORP at Mazourka Canyon Road,0.0
2026-10-02 15:28:07,Lower Owens River Project,LORP at Reinhackle Springs,60.0
2026-10-02 15:28:07,Lower Owens River Project,LORP Above Pumpstation,58.0
2026-10-02 15:28:07,Lower Owens River Project,LORP At Pump Station Discharge Flow,48.0
2026-10-02 15:28:07,Southern District,Haiwee LAA #2 Current Flow,3.3
2026-10-02 15:28:07,Southern District,Haiwee LAA #1 Current Flow,0.0
2026-10-02 15:28:07,Southern District,LAA #1 Flow at Fairmont Reservoir,103.7
2026-10-02 15:28:07,Southern District,LAA #2 Flow at Fairmont Res.,0.0
2026-10-02 15:28:07,Southern District,Bouquet Reservoir Inflow,124.2
2026-10-02 15:28:07,Southern District,Bouquet Reservoir Outflow,0.7
2026-10-02 15:28:07,Southern District,LAA #1 at Soledad Flow,7.2
2026-10-02 15:28:07,Southern District,LAA #2 at Soledad Flow,0.0
2026-10-02 15:28:08,Mono Basin,Mono Lk. Elevation,6381.7
2026-10-02 15:28:08,Mono Basin,Grant Lk. Elevation,7128.1
2026-10-02 15:28:08,Long Valley,Long Valley Elevation,6765.4
2026-10-02 15:28:08,Northern Owens Valley,Pleasant Valley Elevation,4381.8
2026-10-02 15:28:08,Northern Owens Valley,Tinemaha Elevation,3861.0
2026-10-02 15:28:08,Southern Owens Valley,Tinemaha Elevation,3861.0
2026-10-02 15:28:08,Southern Owens Valley,LAA at Alabama Level,6.3
2026-10-02 15:28:08,Southern Owens Valley,LAA at Alabama Water Temp,64.9
2026-10-02 15:28:08,Southern Owens Valley,LAA at Cottonwood Level,6.4
2026-10-02 15:28:08,Southern Owens Valley,LAA at Cotton. Water Temp,66.6
2026-10-02 15:28:08,Southern Owens Valley,N. Haiwee Elevation,3756.8
2026-10-02 15:28:08,Southern Owens Valley,S. Haiwee Reservoir Elevation,3721.0
2026-10-02 15:28:08,Southern District,S. Haiwee Reservoir Elevation,3721.0
2026-10-02 15:28:08,Southern District,Fairmont Reservoir Elevation,3027.3
2026-10-02 15:28:08,Southern District,Bouquet Reservoir Elevation,2977.3
2026-10-02 15:43:07,Mono Basin,Lee Vining Intake Above Flow,35.0
2026-10-02 15:43:07,Mono Basin,Lee Vining Intake Below Flow,16.6
2026-10-02 15:43:07,Mono Basin,Walker Ck. Above Conduit Flow,3.0
2026-10-02 15:43:07,Mono Basin,L.V. Conduit Below Intake Flow,20.4
2026-10-02 15:43:07,Mono Basin,Walker Ck. Under Conduit Flow,3.0
2026-10-02 15:43:07,Mono Basin,Parker Ck. Under Conduit Flow,6.0
2026-10-02 15:43:07,Mono Basin,Parker Ck. Above Conduit Flow,6.0
2026-10-02 15:43:07,Mono Basin,Grant Lk. Spill Flow,0.0
2026-10-02 15:43:07,Mono Basin,Mono Gate 1 Return Ditch Flow,28.8
2026-10-02 15:43:07,Mono Basin,Grant Lk. Outflow,38.5
2026-10-02 15:43:07,Mono Basin,Rush Ck. at Damsite Flow,15.2
2026-10-02 15:43:07,Mono Basin,Flow to West Portal,13.4
2026-10-02 15:43:07,Long Valley,East Portal Flow,25.0
2026-10-02 15:43:07,Long Valley,OR Below EP Flow,71.0
2026-10-02 15:43:07,Long Valley,Hot Ck.at Hwy. Flow,5.0
2026-10-02 15:43:07,Long Valley,McGee Ck. Lower Sta. Flow,7.8
2026-10-02 15:43:07,Long Valley,Long Valley Current Outflow,585.4
2026-10-02 15:43:07,Long Valley,Rock Ck. Div. Flow,0.0
2026-10-02 15:43:07,Long Valley,Upper Gorge Total Release,40.1
2026-10-02 15:43:07,Long Valley,Release at Middle Gorge,0.0
2026-10-02 15:43:07,Northern Owens Valley,Rock Ck. At Owens River (PV) Flow,29.5
2026-10-02 15:43:07,Northern Owens Valley,Pleasant Valley Outflow,349.7
2026-10-02 15:43:07,Northern Owens Valley,Baker Ck. At LA Station Flow,6.1
2026-10-02 15:43:07,Northern Owens Valley,Big Pine Ck. USGS Flow,22.9
2026-10-02 15:43:07,Northern Owens Valley,O.R. Below Big Pine,334.6
2026-10-02 15:43:07,Northern Owens Valley,Fish Springs At RR Flow,39.8
2026-10-02 15:43:07,Northern Owens Valley,Tinemaha Reservoir Outflow,333.6
2026-10-02 15:43:07,Northern Owens Valley,Bishop Creek Through Plant 6,58.4
2026-10-02 15:43:07,Northern Owens Valley,Bishop Creek Around Plant 6,6.4
2026-10-02 15:43:07,Southern Owens Valley,Tinemaha Reservoir Outflow,333.6
2026-10-02 15:43:07,Southern Owens Valley,Indep. Ck. At Junction Flow,2.7
2026-10-02 15:43:07,Southern Owens Valley,LAA at Alabama Flow,262.0
2026-10-02 15:43:07,Southern Owens Valley,Cottonwood Ck. At LAA Flow,0.0
2026-10-02 15:43:07,Southern Owens Valley,LAA at Cottonwood Flow,238.0
2026-10-02 15:43:07,Southern Owens Valley,Haiwee LAA #1 Current Flow,0.0
2026-10-02 15:43:07,Southern Owens Valley,Haiwee LAA #2 Current Flow,3.3
2026-10-02 15:43:07,Southern Owens Valley,Reinhackel Flow,2.8
2026-10-02 15:43:07,Southern Owens Valley,Lubkin Spillgate Outflow,49.8
2026-10-02 15:43:07,Southern Owens Valley,Cartago Spillgate Outflow,102.0
2026-10-02 15:43:07,Southern Owens Valley,Lone Pine Creek Flow,4.7
2026-10-02 15:43:07,Lower Owens River Project,LORP Intake Flow,79.0
2026-10-02 15:43:07,Lower Owens River Project,LORP at Mazourka Canyon Road,0.0
2026-10-02 15:43:07,Lower Owens River Project,LORP at Reinhackle Springs,60.0
2026-10-02 15:43:07,Lower Owens River Project,LORP Above Pumpstation,59.0
2026-10-02 15:43:07,Lower Owens River Project,LORP At Pump Station Discharge Flow,48.0
2026-10-02 15:43:07,Southern District,Haiwee LAA #2 Current Flow,3.3
2026-10-02 15:43:07,Southern District,Haiwee LAA #1 Current Flow,0.0
2026-10-02 15:43:07,Southern District,LAA #1 Flow at Fairmont Reservoir,100.3
2026-10-02 15:43:07,Southern District,LAA #2 Flow at Fairmont Res.,0.0
2026-10-02 15:43:07,Southern District,Bouquet Reservoir Inflow,123.5
2026-10-02 15:43:07,Southern District,Bouquet Reservoir Outflow,0.7
2026-10-02 15:43:07,Southern District,LAA #1 at Soledad Flow,7.2
2026-10-02 15:43:07,Southern District,LAA #2 at Soledad Flow,0.0
2026-10-02 15:43:08,Mono Basin,Mono Lk. Elevation,6381.7
2026-10-02 15:43:08,Mono Basin,Grant Lk. Elevation,7128.1
2026-10-02 15:43:08,Long Valley,Long Valley Elevation,6765.4
2026-10-02 15:43:08,Northern Owens Valley,Pleasant Valley Elevation,4381.9
2026-10-02 15:43:08,Southern Owens Valley,LAA at Alabama Level,6.3
2026-10-02 15:43:08,Southern Owens Valley,LAA at Alabama Water Temp,64.9
2026-10-02 15:43:08,Southern Owens Valley,LAA at Cottonwood Level,6.4
2026-10-02 15:43:08,Southern Owens Valley,LAA at Cotton. Water Temp,66.7
2026-10-02 15:43:08,Southern Owens Valley,N. Haiwee Elevation,3756.8
2026-10-02 15:43:08,Southern Owens Valley,S. Haiwee Reservoir Elevation,3721.1
2026-10-02 15:43:08,Southern District,S. Haiwee Reservoir Elevation,3721.1
2026-10-02 15:43:08,Southern District,Fairmont Reservoir Elevation,3027.4
2026-10-02 15:43:08,Southern District,Bouquet Reservoir Elevation,2977.3
2026-10-02 15:58:07,Mono Basin,Lee Vining Intake Above Flow,36.8
2026-10-02 15:58:07,Mono Basin,Lee Vining Intake Below Flow,16.5
2026-10-02 15:58:07,Mono Basin,Walker Ck. Above Conduit Flow,3.0
2026-10-02 15:58:07,Mono Basin,L.V. Conduit Below Intake Flow,21.3
2026-10-02 15:58:07,Mono Basin,Walker Ck. Under Conduit Flow,3.0
2026-10-02 15:58:07,Mono Basin,Parker Ck. Under Conduit Flow,6.0
2026-10-02 15:58:07,Mono Basin,Parker Ck. Above Conduit Flow,6.0
2026-10-02 15:58:07,Mono Basin,Grant Lk. Spill Flow,0.0
2026-10-02 15:58:07,Mono Basin,Mono Gate 1 Return Ditch Flow,28.8
2026-10-02 15:58:07,Mono Basin,Grant Lk. Outflow,38.5
2026-10-02 15:58:07,Mono Basin,Rush Ck. at Damsite Flow,15.2
2026-10-02 15:58:07,Mono Basin,Flow to West Portal,13.4
2026-10-02 15:58:07,Long Valley,East Portal Flow,25.0
2026-10-02 15:58:07,Long Valley,OR Below EP Flow,71.0
2026-10-02 15:58:07,Long Valley,Hot Ck.at Hwy. Flow,5.0
2026-10-02 15:58:07,Long Valley,McGee Ck. Lower Sta. Flow,7.8
2026-10-02 15:58:07,Long Valley,Long Valley Current Outflow,585.4
2026-10-02 15:58:07,Long Valley,Rock Ck. Div. Flow,0.0
2026-10-02 15:58:07,Long Valley,Upper Gorge Total Release,39.9
2026-10-02 15:58:07,Long Valley,Release at Middle Gorge,0.0
2026-10-02 15:58:07,Northern Owens Valley,Rock Ck. At Owens River (PV) Flow,29.5
2026-10-02 15:58:07,Northern Owens Valley,Pleasant Valley Outflow,345.0
2026-10-02 15:58:07,Northern Owens Valley,Baker Ck. At LA Station Flow,6.1
2026-10-02 15:58:07,Northern Owens Valley,Big Pine Ck. USGS Flow,22.9
2026-10-02 15:58:07,Northern Owens Valley,O.R. Below Big Pine,334.6
2026-10-02 15:58:07,Northern Owens Valley,Fish Springs At RR Flow,39.8
2026-10-02 15:58:07,Northern Owens Valley,Tinemaha Reservoir Outflow,333.6
2026-10-02 15:58:07,Northern Owens Valley,Bishop Creek Through Plant 6,58.4
2026-10-02 15:58:07,Northern Owens Valley,Bishop Creek Around Plant 6,6.4
2026-10-02 15:58:07,Southern Owens Valley,Tinemaha Reservoir Outflow,333.6
2026-10-02 15:58:07,Southern Owens Valley,Indep. Ck. At Junction Flow,2.7
2026-10-02 15:58:07,Southern Owens Valley,LAA at Alabama Flow,262.0
2026-10-02 15:58:07,Southern Owens Valley,Cottonwood Ck. At LAA Flow,0.0
2026-10-02 15:58:07,Southern Owens Valley,LAA at Cottonwood Flow,238.0
2026-10-02 15:58:07,Southern Owens Valley,Haiwee LAA #1 Current Flow,0.0
2026-10-02 15:58:07,Southern Owens Valley,Haiwee LAA #2 Current Flow,3.3
2026-10-02 15:58:07,Southern Owens Valley,Reinhackel Flow,2.8
2026-10-02 15:58:07,Southern Owens Valley,Lubkin Spillgate Outflow,43.5
2026-10-02 15:58:07,Southern Owens Valley,Cartago Spillgate Outflow,93.1
2026-10-02 15:58:07,Southern Owens Valley,Lone Pine Creek Flow,4.7
2026-10-02 15:58:07,Lower Owens River Project,LORP Intake Flow,79.0
2026-10-02 15:58:07,Lower Owens River Project,LORP at Mazourka Canyon Road,0.0
2026-10-02 15:58:07,Lower Owens River Project,LORP at Reinhackle Springs,60.0
2026-10-02 15:58:07,Lower Owens River Project,LORP Above Pumpstation,59.0
2026-10-02 15:58:07,Lower Owens River Project,LORP At Pump Station Discharge Flow,49.0
2026-10-02 15:58:07,Southern District,Haiwee LAA #2 Current Flow,3.3
2026-10-02 15:58:07,Southern District,Haiwee LAA #1 Current Flow,0.0
2026-10-02 15:58:07,Southern District,LAA #1 Flow at Fairmont Reservoir,100.2
2026-10-02 15:58:07,Southern District,LAA #2 Flow at Fairmont Res.,0.0
2026-10-02 15:58:07,Southern District,Bouquet Reservoir Inflow,117.7
2026-10-02 15:58:07,Southern District,Bouquet Reservoir Outflow,0.5
2026-10-02 15:58:07,Southern District,LAA #1 at Soledad Flow,7.2
2026-10-02 15:58:07,Southern District,LAA #2 at Soledad Flow,0.0
2026-10-02 15:58:08,Mono Basin,Mono Lk. Elevation,6381.7
2026-10-02 15:58:08,Mono Basin,Grant Lk. Elevation,7128.1
2026-10-02 15:58:08,Long Valley,Long Valley Elevation,6765.4
2026-10-02 15:58:08,Northern Owens Valley,Pleasant Valley Elevation,4381.9
2026-10-02 15:58:08,Northern Owens Valley,Tinemaha Elevation,3861.0
2026-10-02 15:58:08,Southern Owens Valley,Tinemaha Elevation,3861.0
2026-10-02 15:58:08,Southern Owens Valley,LAA at Alabama Level,6.3
2026-10-02 15:58:08,Southern Owens Valley,LAA at Alabama Water Temp,64.9
2026-10-02 15:58:08,Southern Owens Valley,LAA at Cottonwood Level,6.4
2026-10-02 15:58:08,Southern Owens Valley,LAA at Cotton. Water Temp,66.7
2026-10-02 15:58:08,Southern Owens Valley,N. Haiwee Elevation,3756.8
2026-10-02 15:58:08,Southern Owens Valley,S. Haiwee Reservoir Elevation,3721.1
2026-10-02 15:58:08,Southern District,S. Haiwee Reservoir Elevation,3721.1
2026-10-02 15:58:08,Southern District,Fairmont Reservoir Elevation,3027.4
2026-10-02 15:58:08,Southern District,Bouquet Reservoir Elevation,2977.4
2026-10-02 16:13:07,Mono Basin,Lee Vining Intake Above Flow,36.8
2026-10-02 16:13:07,Mono Basin,Lee Vining Intake Below Flow,16.5
2026-10-02 16:13:07,Mono Basin,Walker Ck. Above Conduit Flow,3.0
2026-10-02 16:13:07,Mono Basin,L.V. Conduit Below Intake Flow,21.3
2026-10-02 16:13:07,Mono Basin,Walker Ck. Under Conduit Flow,3.0
2026-10-02 16:13:07,Mono Basin,Parker Ck. Under Conduit Flow,6.0
2026-10-02 16:13:07,Mono Basin,Parker Ck. Above Conduit Flow,6.0
2026-10-02 16:13:07,Mono Basin,Grant Lk. Spill Flow,0.0
2026-10-02 16:13:07,Mono Basin,Mono Gate 1 Return Ditch Flow,28.8
2026-10-02 16:13:07,Mono Basin,Grant Lk. Outflow,38.5
2026-10-02 16:13:07,Mono Basin,Rush Ck. at Damsite Flow,15.2
2026-10-02 16:13:07,Mono Basin,Flow to West Portal,13.4
2026-10-02 16:13:07,Long Valley,East Portal Flow,25.0
2026-10-02 16:13:07,Long Valley,OR Below EP Flow,71.0
2026-10-02 16:13:07,Long Valley,Hot Ck.at Hwy. Flow,5.0
2026-10-02 16:13:07,Long Valley,McGee Ck. Lower Sta. Flow,7.8
2026-10-02 16:13:07,Long Valley,Long Valley Current Outflow,585.4
2026-10-02 16:13:07,Long Valley,Rock Ck. Div. Flow,0.0
2026-10-02 16:13:07,Long Valley,Upper Gorge Total Release,40.3
2026-10-02 16:13:07,Long Valley,Release at Middle Gorge,0.0
2026-10-02 16:13:07,Northern Owens Valley,Rock Ck. At Owens River (PV) Flow,29.5
2026-10-02 16:13:07,Northern Owens Valley,Pleasant Valley Outflow,347.1
2026-10-02 16:13:07,Northern Owens Valley,Baker Ck. At LA Station Flow,6.1
2026-10-02 16:13:07,Northern Owens Valley,Big Pine Ck. USGS Flow,22.9
2026-10-02 16:13:07,Northern Owens Valley,O.R. Below Big Pine,335.3
2026-10-02 16:13:07,Northern Owens Valley,Fish Springs At RR Flow,39.8
2026-10-02 16:13:07,Northern Owens Valley,Tinemaha Reservoir Outflow,333.6
2026-10-02 16:13:07,Northern Owens Valley,Bishop Creek Through Plant 6,58.4
2026-10-02 16:13:07,Northern Owens Valley,Bishop Creek Around Plant 6,6.4
2026-10-02 16:13:07,Southern Owens Valley,Tinemaha Reservoir Outflow,333.6
2026-10-02 16:13:07,Southern Owens Valley,Indep. Ck. At Junction Flow,2.7
2026-10-02 16:13:07,Southern Owens Valley,LAA at Alabama Flow,261.0
2026-10-02 16:13:07,Southern Owens Valley,Cottonwood Ck. At LAA Flow,0.0
2026-10-02 16:13:07,Southern Owens Valley,LAA at Cottonwood Flow,238.0
2026-10-02 16:13:07,Southern Owens Valley,Haiwee LAA #1 Current Flow,0.0
2026-10-02 16:13:07,Southern Owens Valley,Haiwee LAA #2 Current Flow,3.3
2026-10-02 16:13:07,Southern Owens Valley,Reinhackel Flow,2.8
2026-10-02 16:13:07,Southern Owens Valley,Lubkin Spillgate Outflow,56.6
2026-10-02 16:13:07,Southern Owens Valley,Cartago Spillgate Outflow,79.8
2026-10-02 16:13:07,Southern Owens Valley,Lone Pine Creek Flow,4.7
2026-10-02 16:13:07,Lower Owens River Project,LORP Intake Flow,79.0
2026-10-02 16:13:07,Lower Owens River Project,LORP at Mazourka Canyon Road,0.0
2026-10-02 16:13:07,Lower Owens River Project,LORP at Reinhackle Springs,60.0
2026-10-02 16:13:07,Lower Owens River Project,LORP Above Pumpstation,51.0
2026-10-02 16:13:07,Lower Owens River Project,LORP At Pump Station Discharge Flow,40.0
2026-10-02 16:13:07,Southern District,Haiwee LAA #2 Current Flow,3.3
2026-10-02 16:13:07,Southern District,Haiwee LAA #1 Current Flow,0.0
2026-10-02 16:13:07,Southern District,LAA #1 Flow at Fairmont Reservoir,99.2
2026-10-02 16:13:07,Southern District,LAA #2 Flow at Fairmont Res.,0.0
2026-10-02 16:13:07,Southern District,Bouquet Reservoir Inflow,118.9
2026-10-02 16:13:07,Southern District,Bouquet Reservoir Outflow,0.5
2026-10-02 16:13:07,Southern District,LAA #1 at Soledad Flow,7.2
2026-10-02 16:13:07,Southern District,LAA #2 at Soledad Flow,0.0
2026-10-02 16:13:08,Mono Basin,Mono Lk. Elevation,6381.7
2026-10-02 16:13:08,Mono Basin,Grant Lk. Elevation,7128.1
2026-10-02 16:13:08,Long Valley,Long Valley Elevation,6765.4
2026-10-02 16:13:08,Northern Owens Valley,Pleasant Valley Elevation,4382.0
2026-10-02 16:13:08,Southern Owens Valley,LAA at Alabama Level,6.2
2026-10-02 16:13:08,Southern Owens Valley,LAA at Alabama Water Temp,65.3
2026-10-02 16:13:08,Southern Owens Valley,LAA at Cottonwood Level,6.4
2026-10-02 16:13:08,Southern Owens Valley,LAA at Cotton. Water Temp,66.7
2026-10-02 16:13:08,Southern Owens Valley,N. Haiwee Elevation,3756.8
2026-10-02 16:13:08,Southern Owens Valley,S. Haiwee Reservoir Elevation,3721.1
2026-10-02 16:13:08,Southern District,S. Haiwee Reservoir Elevation,3721.1
2026-10-02 16:13:08,Southern District,Fairmont Reservoir Elevation,3027.4
2026-10-02 16:13:08,Southern District,Bouquet Reservoir Elevation,2977.4
2026-10-02 16:28:07,Mono Basin,Lee Vining Intake Above Flow,36.8
2026-10-02 16:28:07,Mono Basin,Lee Vining Intake Below Flow,16.5
2026-10-02 16:28:07,Mono Basin,Walker Ck. Above Conduit Flow,3.0
2026-10-02 16:28:07,Mono Basin,L.V. Conduit Below Intake Flow,21.3
2026-10-02 16:28:07,Mono Basin,Walker Ck. Under Conduit Flow,3.0
2026-10-02 16:28:07,Mono Basin,Parker Ck. Under Conduit Flow,6.0
2026-10-02 16:28:07,Mono Basin,Parker Ck. Above Conduit Flow,6.0
2026-10-02 16:28:07,Mono Basin,Grant Lk. Spill Flow,0.0
2026-10-02 16:28:07,Mono Basin,Mono Gate 1 Return Ditch Flow,28.6
2026-10-02 16:28:07,Mono Basin,Grant Lk. Outflow,39.0
2026-10-02 16:28:07,Mono Basin,Rush Ck. at Damsite Flow,15.2
2026-10-02 16:28:07,Mono Basin,Flow to West Portal,13.4
2026-10-02 16:28:07,Long Valley,East Portal Flow,25.0
2026-10-02 16:28:07,Long Valley,OR Below EP Flow,71.0
2026-10-02 16:28:07,Long Valley,Hot Ck.at Hwy. Flow,5.0
2026-10-02 16:28:07,Long Valley,McGee Ck. Lower Sta. Flow,7.8
2026-10-02 16:28:07,Long Valley,Long Valley Current Outflow,587.0
2026-10-02 16:28:07,Long Valley,Rock Ck. Div. Flow,0.0
2026-10-02 16:28:07,Long Valley,Upper Gorge Total Release,40.2
2026-10-02 16:28:07,Long Valley,Release at Middle Gorge,0.0
2026-10-02 16:28:07,Northern Owens Valley,Rock Ck. At Owens River (PV) Flow,29.5
2026-10-02 16:28:07,Northern Owens Valley,Pleasant Valley Outflow,340.9
2026-10-02 16:28:07,Northern Owens Valley,Baker Ck. At LA Station Flow,6.1
2026-10-02 16:28:07,Northern Owens Valley,Big Pine Ck. USGS Flow,22.9
2026-10-02 16:28:07,Northern Owens Valley,O.R. Below Big Pine,336.1
2026-10-02 16:28:07,Northern Owens Valley,Fish Springs At RR Flow,39.8
2026-10-02 16:28:07,Northern Owens Valley,Tinemaha Reservoir Outflow,333.6
2026-10-02 16:28:07,Northern Owens Valley,Bishop Creek Through Plant 6,58.4
2026-10-02 16:28:07,Northern Owens Valley,Bishop Creek Around Plant 6,6.4
2026-10-02 16:28:07,Southern Owens Valley,Tinemaha Reservoir Outflow,333.6
2026-10-02 16:28:07,Southern Owens Valley,Indep. Ck. At Junction Flow,2.7
2026-10-02 16:28:07,Southern Owens Valley,LAA at Alabama Flow,261.0
2026-10-02 16:28:07,Southern Owens Valley,Cottonwood Ck. At LAA Flow,0.0
2026-10-02 16:28:07,Southern Owens Valley,LAA at Cottonwood Flow,238.0
2026-10-02 16:28:07,Southern Owens Valley,Haiwee LAA #1 Current Flow,0.0
2026-10-02 16:28:07,Southern Owens Valley,Haiwee LAA #2 Current Flow,3.3
2026-10-02 16:28:07,Southern Owens Valley,Reinhackel Flow,2.8
2026-10-02 16:28:07,Southern Owens Valley,Lubkin Spillgate Outflow,56.6
2026-10-02 16:28:07,Southern Owens Valley,Cartago Spillgate Outflow,83.9
2026-10-02 16:28:07,Southern Owens Valley,Lone Pine Creek Flow,4.7
2026-10-02 16:28:07,Lower Owens River Project,LORP Intake Flow,79.0
2026-10-02 16:28:07,Lower Owens River Project,LORP at Mazourka Canyon Road,0.0
2026-10-02 16:28:07,Lower Owens River Project,LORP at Reinhackle Springs,64.0
2026-10-02 16:28:07,Lower Owens River Project,LORP Above Pumpstation,49.0
2026-10-02 16:28:07,Lower Owens River Project,LORP At Pump Station Discharge Flow,38.0
2026-10-02 16:28:07,Southern District,Haiwee LAA #2 Current Flow,3.3
2026-10-02 16:28:07,Southern District,Haiwee LAA #1 Current Flow,0.0
2026-10-02 16:28:07,Southern District,LAA #1 Flow at Fairmont Reservoir,95.3
2026-10-02 16:28:07,Southern District,LAA #2 Flow at Fairmont Res.,0.0
2026-10-02 16:28:07,Southern District,Bouquet Reservoir Inflow,117.9
2026-10-02 16:28:07,Southern District,Bouquet Reservoir Outflow,0.5
2026-10-02 16:28:07,Southern District,LAA #1 at Soledad Flow,7.2
2026-10-02 16:28:07,Southern District,LAA #2 at Soledad Flow,0.0
2026-10-02 16:28:08,Mono Basin,Mono Lk. Elevation,6381.7
2026-10-02 16:28:08,Mono Basin,Grant Lk. Elevation,7128.1
2026-10-02 16:28:08,Long Valley,Long Valley Elevation,6765.4
2026-10-02 16:28:08,Northern Owens Valley,Pleasant Valley Elevation,4382.1
2026-10-02 16:28:08,Northern Owens Valley,Tinemaha Elevation,3861.0
2026-10-02 16:28:08,Southern Owens Valley,Tinemaha Elevation,3861.0
2026-10-02 16:28:08,Southern Owens Valley,LAA at Alabama Level,6.2
2026-10-02 16:28:08,Southern Owens Valley,LAA at Alabama Water Temp,65.3
2026-10-02 16:28:08,Southern Owens Valley,LAA at Cottonwood Level,6.4
2026-10-02 16:28:08,Southern Owens Valley,LAA at Cotton. Water Temp,66.7
2026-10-02 16:28:08,Southern Owens Valley,N. Haiwee Elevation,3756.8
2026-10-02 16:28:08,Southern Owens Valley,S. Haiwee Reservoir Elevation,3721.1
2026-10-02 16:28:08,Southern District,S. Haiwee Reservoir Elevation,3721.1
2026-10-02 16:28:08,Southern District,Fairmont Reservoir Elevation,3027.4
2026-10-02 16:28:08,Southern District,Bouquet Reservoir Elevation,2977.4
2026-10-02 16:43:07,Mono Basin,Lee Vining Intake Above Flow,36.8
2026-10-02 16:43:07,Mono Basin,Lee Vining Intake Below Flow,16.5
2026-10-02 16:43:07,Mono Basin,Walker Ck. Above Conduit Flow,3.0
2026-10-02 16:43:07,Mono Basin,L.V. Conduit Below Intake Flow,21.3
2026-10-02 16:43:07,Mono Basin,Walker Ck. Under Conduit Flow,3.0
2026-10-02 16:43:07,Mono Basin,Parker Ck. Under Conduit Flow,6.0
2026-10-02 16:43:07,Mono Basin,Parker Ck. Above Conduit Flow,6.0
2026-10-02 16:43:07,Mono Basin,Grant Lk. Spill Flow,0.0
2026-10-02 16:43:07,Mono Basin,Mono Gate 1 Return Ditch Flow,28.6
2026-10-02 16:43:07,Mono Basin,Grant Lk. Outflow,39.0
2026-10-02 16:43:07,Mono Basin,Rush Ck. at Damsite Flow,15.2
2026-10-02 16:43:07,Mono Basin,Flow to West Portal,13.4
2026-10-02 16:43:07,Long Valley,East Portal Flow,26.0
2026-10-02 16:43:07,Long Valley,OR Below EP Flow,72.0
2026-10-02 16:43:07,Long Valley,Hot Ck.at Hwy. Flow,5.0
2026-10-02 16:43:07,Long Valley,McGee Ck. Lower Sta. Flow,7.8
2026-10-02 16:43:07,Long Valley,Long Valley Current Outflow,587.0
2026-10-02 16:43:07,Long Valley,Rock Ck. Div. Flow,0.0
2026-10-02 16:43:07,Long Valley,Upper Gorge Total Release,40.3
2026-10-02 16:43:07,Long Valley,Release at Middle Gorge,0.0
2026-10-02 16:43:07,Northern Owens Valley,Rock Ck. At Owens River (PV) Flow,29.5
2026-10-02 16:43:07,Northern Owens Valley,Pleasant Valley Outflow,305.1
2026-10-02 16:43:07,Northern Owens Valley,Baker Ck. At LA Station Flow,6.1
2026-10-02 16:43:07,Northern Owens Valley,Big Pine Ck. USGS Flow,22.9
2026-10-02 16:43:07,Northern Owens Valley,O.R. Below Big Pine,336.1
2026-10-02 16:43:07,Northern Owens Valley,Fish Springs At RR Flow,39.8
2026-10-02 16:43:07,Northern Owens Valley,Tinemaha Reservoir Outflow,333.6
2026-10-02 16:43:07,Northern Owens Valley,Bishop Creek Through Plant 6,58.4
2026-10-02 16:43:07,Northern Owens Valley,Bishop Creek Around Plant 6,6.4
2026-10-02 16:43:07,Southern Owens Valley,Tinemaha Reservoir Outflow,333.6
2026-10-02 16:43:07,Southern Owens Valley,Indep. Ck. At Junction Flow,2.7
2026-10-02 16:43:07,Southern Owens Valley,LAA at Alabama Flow,261.0
2026-10-02 16:43:07,Southern Owens Valley,Cottonwood Ck. At LAA Flow,0.0
2026-10-02 16:43:07,Southern Owens Valley,LAA at Cottonwood Flow,238.0
2026-10-02 16:43:07,Southern Owens Valley,Haiwee LAA #1 Current Flow,0.0
2026-10-02 16:43:07,Southern Owens Valley,Haiwee LAA #2 Current Flow,3.3
2026-10-02 16:43:07,Southern Owens Valley,Reinhackel Flow,2.8
2026-10-02 16:43:07,Southern Owens Valley,Lubkin Spillgate Outflow,58.0
2026-10-02 16:43:07,Southern Owens Valley,Cartago Spillgate Outflow,91.4
2026-10-02 16:43:07,Southern Owens Valley,Lone Pine Creek Flow,4.6
2026-10-02 16:43:07,Lower Owens River Project,LORP Intake Flow,79.0
2026-10-02 16:43:07,Lower Owens River Project,LORP at Mazourka Canyon Road,0.0
2026-10-02 16:43:07,Lower Owens River Project,LORP at Reinhackle Springs,64.0
2026-10-02 16:43:07,Lower Owens River Project,LORP Above Pumpstation,51.0
2026-10-02 16:43:07,Lower Owens River Project,LORP At Pump Station Discharge Flow,39.0
2026-10-02 16:43:07,Southern District,Haiwee LAA #2 Current Flow,3.3
2026-10-02 16:43:07,Southern District,Haiwee LAA #1 Current Flow,0.0
2026-10-02 16:43:07,Southern District,LAA #1 Flow at Fairmont Reservoir,94.4
2026-10-02 16:43:07,Southern District,LAA #2 Flow at Fairmont Res.,0.0
2026-10-02 16:43:07,Southern District,Bouquet Reservoir Inflow,123.7
2026-10-02 16:43:07,Southern District,Bouquet Reservoir Outflow,0.5
2026-10-02 16:43:07,Southern District,LAA #1 at Soledad Flow,7.2
2026-10-02 16:43:07,Southern District,LAA #2 at Soledad Flow,0.0
2026-10-02 16:43:08,Mono Basin,Mono Lk. Elevation,6381.7
2026-10-02 16:43:08,Mono Basin,Grant Lk. Elevation,7128.1
2026-10-02 16:43:08,Long Valley,Long Valley Elevation,6765.4
2026-10-02 16:43:08,Northern Owens Valley,Pleasant Valley Elevation,4382.1
2026-10-02 16:43:08,Southern Owens Valley,LAA at Alabama Level,6.2
2026-10-02 16:43:08,Southern Owens Valley,LAA at Alabama Water Temp,65.3
2026-10-02 16:43:08,Southern Owens Valley,LAA at Cottonwood Level,6.4
2026-10-02 16:43:08,Southern Owens Valley,LAA at Cotton. Water Temp,66.6
2026-10-02 16:43:08,Southern Owens Valley,N. Haiwee Elevation,3756.8
2026-10-02 16:43:08,Southern Owens Valley,S. Haiwee Reservoir Elevation,3721.1
2026-10-02 16:43:08,Southern District,S. Haiwee Reservoir Elevation,3721.1
2026-10-02 16:43:08,Southern District,Fairmont Reservoir Elevation,3027.4
2026-10-02 16:43:08,Southern District,Bouquet Reservoir Elevation,2977.4
2026-10-02 16:58:07,Mono Basin,Lee Vining Intake Above Flow,73.6
2026-10-02 16:58:07,Mono Basin,Lee Vining Intake Below Flow,17.6
2026-10-02 16:58:07,Mono Basin,Walker Ck. Above Conduit Flow,3.0
2026-10-02 16:58:07,Mono Basin,L.V. Conduit Below Intake Flow,32.8
2026-10-02 16:58:07,Mono Basin,Walker Ck. Under Conduit Flow,3.0
2026-10-02 16:58:07,Mono Basin,Parker Ck. Under Conduit Flow,6.0
2026-10-02 16:58:07,Mono Basin,Parker Ck. Above Conduit Flow,6.0
2026-10-02 16:58:07,Mono Basin,Grant Lk. Spill Flow,0.0
2026-10-02 16:58:07,Mono Basin,Mono Gate 1 Return Ditch Flow,28.6
2026-10-02 16:58:07,Mono Basin,Grant Lk. Outflow,39.0
2026-10-02 16:58:07,Mono Basin,Rush Ck. at Damsite Flow,15.2
2026-10-02 16:58:07,Mono Basin,Flow to West Portal,13.4
2026-10-02 16:58:07,Long Valley,East Portal Flow,26.0
2026-10-02 16:58:07,Long Valley,OR Below EP Flow,72.0
2026-10-02 16:58:07,Long Valley,Hot Ck.at Hwy. Flow,5.0
2026-10-02 16:58:07,Long Valley,McGee Ck. Lower Sta. Flow,7.8
2026-10-02 16:58:07,Long Valley,Long Valley Current Outflow,587.0
2026-10-02 16:58:07,Long Valley,Rock Ck. Div. Flow,0.0
2026-10-02 16:58:07,Long Valley,Upper Gorge Total Release,40.5
2026-10-02 16:58:07,Long Valley,Release at Middle Gorge,0.0
2026-10-02 16:58:07,Northern Owens Valley,Rock Ck. At Owens River (PV) Flow,29.1
2026-10-02 16:58:07,Northern Owens Valley,Pleasant Valley Outflow,346.2
2026-10-02 16:58:07,Northern Owens Valley,Baker Ck. At LA Station Flow,6.1
2026-10-02 16:58:07,Northern Owens Valley,Big Pine Ck. USGS Flow,22.9
2026-10-02 16:58:07,Northern Owens Valley,O.R. Below Big Pine,336.5
2026-10-02 16:58:07,Northern Owens Valley,Fish Springs At RR Flow,39.8
2026-10-02 16:58:07,Northern Owens Valley,Tinemaha Reservoir Outflow,333.6
2026-10-02 16:58:07,Northern Owens Valley,Bishop Creek Through Plant 6,58.4
2026-10-02 16:58:07,Northern Owens Valley,Bishop Creek Around Plant 6,6.4
2026-10-02 16:58:07,Southern Owens Valley,Tinemaha Reservoir Outflow,333.6
2026-10-02 16:58:07,Southern Owens Valley,Indep. Ck. At Junction Flow,2.7
2026-10-02 16:58:07,Southern Owens Valley,LAA at Alabama Flow,261.0
2026-10-02 16:58:07,Southern Owens Valley,Cottonwood Ck. At LAA Flow,0.0
2026-10-02 16:58:07,Southern Owens Valley,LAA at Cottonwood Flow,238.0
2026-10-02 16:58:07,Southern Owens Valley,Haiwee LAA #1 Current Flow,0.0
2026-10-02 16:58:07,Southern Owens Valley,Haiwee LAA #2 Current Flow,3.3
2026-10-02 16:58:07,Southern Owens Valley,Reinhackel Flow,2.8
2026-10-02 16:58:07,Southern Owens Valley,Lubkin Spillgate Outflow,58.0
2026-10-02 16:58:07,Southern Owens Valley,Cartago Spillgate Outflow,95.6
2026-10-02 16:58:07,Southern Owens Valley,Lone Pine Creek Flow,4.6
2026-10-02 16:58:07,Lower Owens River Project,LORP Intake Flow,79.0
2026-10-02 16:58:07,Lower Owens River Project,LORP at Mazourka Canyon Road,0.0
2026-10-02 16:58:07,Lower Owens River Project,LORP at Reinhackle Springs,64.0
2026-10-02 16:58:07,Lower Owens River Project,LORP Above Pumpstation,52.0
2026-10-02 16:58:07,Lower Owens River Project,LORP At Pump Station Discharge Flow,40.0
2026-10-02 16:58:07,Southern District,Haiwee LAA #2 Current Flow,3.3
2026-10-02 16:58:07,Southern District,Haiwee LAA #1 Current Flow,0.0
2026-10-02 16:58:07,Southern District,LAA #1 Flow at Fairmont Reservoir,93.6
2026-10-02 16:58:07,Southern District,LAA #2 Flow at Fairmont Res.,0.0
2026-10-02 16:58:07,Southern District,Bouquet Reservoir Inflow,118.3
2026-10-02 16:58:07,Southern District,Bouquet Reservoir Outflow,0.5
2026-10-02 16:58:07,Southern District,LAA #1 at Soledad Flow,7.2
2026-10-02 16:58:07,Southern District,LAA #2 at Soledad Flow,0.0
2026-10-02 16:58:08,Mono Basin,Mono Lk. Elevation,6381.7
2026-10-02 16:58:08,Mono Basin,Grant Lk. Elevation,7128.1
2026-10-02 16:58:08,Long Valley,Long Valley Elevation,6765.4
2026-10-02 16:58:08,Northern Owens Valley,Pleasant Valley Elevation,4382.2
2026-10-02 16:58:08,Northern Owens Valley,Tinemaha Elevation,3861.0
2026-10-02 16:58:08,Southern Owens Valley,Tinemaha Elevation,3861.0
2026-10-02 16:58:08,Southern Owens Valley,LAA at Alabama Level,6.2
2026-10-02 16:58:08,Southern Owens Valley,LAA at Alabama Water Temp,65.3
2026-10-02 16:58:08,Southern Owens Valley,LAA at Cottonwood Level,6.4
2026-10-02 16:58:08,Southern Owens Valley,LAA at Cotton. Water Temp,66.6
2026-10-02 16:58:08,Southern Owens Valley,N. Haiwee Elevation,3756.8
2026-10-02 16:58:08,Southern Owens Valley,S. Haiwee Reservoir Elevation,3721.1
2026-10-02 16:58:08,Southern District,S. Haiwee Reservoir Elevation,3721.1
2026-10-02 16:58:08,Southern District,Fairmont Reservoir Elevation,3027.4
2026-10-02 16:58:08,Southern District,Bouquet Reservoir Elevation,2977.4
