date,district,source,value
2026-07-23 00:43:25,Southern Owens Valley,Lone Pine Creek Flow,35.1
2026-07-23 00:43:26,Mono Basin,Lee Vining Intake Above Flow,75.7
2026-07-23 00:43:26,Mono Basin,Lee Vining Intake Below Flow,44.5
2026-07-23 00:43:26,Mono Basin,Mono Lk. Elevation,6382.5
2026-07-23 00:43:26,Mono Basin,Walker Ck. Above Conduit Flow,8.0
2026-07-23 00:43:26,Mono Basin,L.V. Conduit Below Intake Flow,28.4
2026-07-23 00:43:26,Mono Basin,Walker Ck. Under Conduit Flow,8.0
2026-07-23 00:43:26,Mono Basin,Parker Ck. Under Conduit Flow,30.0
2026-07-23 00:43:26,Mono Basin,Parker Ck. Above Conduit Flow,32.0
2026-07-23 00:43:26,Mono Basin,Grant Lk. Spill Flow,0.0
2026-07-23 00:43:26,Mono Basin,Mono Gate 1 Return Ditch Flow,41.9
2026-07-23 00:43:26,Mono Basin,Grant Lk. Elevation,7129.9
2026-07-23 00:43:26,Mono Basin,Grant Lk. Outflow,42.5
2026-07-23 00:43:26,Mono Basin,Rush Ck. at Damsite Flow,31.5
2026-07-23 00:43:26,Mono Basin,Flow to West Portal,0.0
2026-07-23 00:43:26,Long Valley,East Portal Flow,12.0
2026-07-23 00:43:26,Long Valley,OR Below EP Flow,57.0
2026-07-23 00:43:26,Long Valley,Hot Ck.at Hwy. Flow,13.0
2026-07-23 00:43:26,Long Valley,McGee Ck. Lower Sta. Flow,14.1
2026-07-23 00:43:26,Long Valley,Long Valley Elevation,6775.6
2026-07-23 00:43:26,Long Valley,Long Valley Current Outflow,219.7
2026-07-23 00:43:26,Long Valley,Rock Ck. Div. Flow,0.9
2026-07-23 00:43:26,Long Valley,Upper Gorge Total Release,44.6
2026-07-23 00:43:26,Long Valley,Release at Middle Gorge,0.0
2026-07-23 00:43:26,Northern Owens Valley,Rock Ck. At Owens River (PV) Flow,51.3
2026-07-23 00:43:26,Northern Owens Valley,Pleasant Valley Elevation,4384.0
2026-07-23 00:43:26,Northern Owens Valley,Pleasant Valley Outflow,365.3
2026-07-23 00:43:26,Northern Owens Valley,Baker Ck. At LA Station Flow,6.8
2026-07-23 00:43:26,Northern Owens Valley,Big Pine Ck. USGS Flow,94.0
2026-07-23 00:43:26,Northern Owens Valley,O.R. Below Big Pine,443.1
2026-07-23 00:43:26,Northern Owens Valley,Fish Springs At RR Flow,38.3
2026-07-23 00:43:26,Northern Owens Valley,Tinemaha Reservoir Outflow,450.2
2026-07-23 00:43:26,Northern Owens Valley,Bishop Creek Through Plant 6,146.3
2026-07-23 00:43:26,Northern Owens Valley,Bishop Creek Around Plant 6,34.3
2026-07-23 00:43:26,Southern Owens Valley,Tinemaha Reservoir Outflow,450.2
2026-07-23 00:43:26,Southern Owens Valley,Indep. Ck. At Junction Flow,12.5
2026-07-23 00:43:26,Southern Owens Valley,LAA at Alabama Flow,404.0
2026-07-23 00:43:26,Southern Owens Valley,LAA at Alabama Level,7.8
2026-07-23 00:43:26,Southern Owens Valley,LAA at Alabama Water Temp,75.6
2026-07-23 00:43:26,Southern Owens Valley,Cottonwood Ck. At LAA Flow,9.0
2026-07-23 00:43:26,Southern Owens Valley,LAA at Cottonwood Flow,502.0
2026-07-23 00:43:26,Southern Owens Valley,LAA at Cottonwood Level,9.3
2026-07-23 00:43:26,Southern Owens Valley,LAA at Cotton. Water Temp,75.8
2026-07-23 00:43:26,Southern Owens Valley,N. Haiwee Elevation,3757.0
2026-07-23 00:43:26,Southern Owens Valley,S. Haiwee Reservoir Elevation,3731.4
2026-07-23 00:43:26,Southern Owens Valley,Haiwee LAA #1 Current Flow,0.0
2026-07-23 00:43:26,Southern Owens Valley,Haiwee LAA #2 Current Flow,194.8
2026-07-23 00:43:26,Southern Owens Valley,Reinhackel Flow,2.9
2026-07-23 00:43:26,Southern Owens Valley,Lubkin Spillgate Outflow,0.0
2026-07-23 00:43:26,Southern Owens Valley,Cartago Spillgate Outflow,0.0
2026-07-23 00:43:26,Lower Owens River Project,LORP Intake Flow,84.0
2026-07-23 00:43:26,Lower Owens River Project,LORP at Mazourka Canyon Road,0.0
2026-07-23 00:43:26,Lower Owens River Project,LORP at Reinhackle Springs,79.0
2026-07-23 00:43:26,Lower Owens River Project,LORP Above Pumpstation,56.0
2026-07-23 00:43:26,Lower Owens River Project,LORP At Pump Station Discharge Flow,48.0
2026-07-23 00:43:26,Southern District,Haiwee LAA #2 Current Flow,194.8
2026-07-23 00:43:26,Southern District,S. Haiwee Reservoir Elevation,3731.4
2026-07-23 00:43:26,Southern District,Haiwee LAA #1 Current Flow,0.0
2026-07-23 00:43:26,Southern District,Fairmont Reservoir Elevation,3025.4
2026-07-23 00:43:26,Southern District,LAA #1 Flow at Fairmont Reservoir,414.2
2026-07-23 00:43:26,Southern District,LAA #2 Flow at Fairmont Res.,204.3
2026-07-23 00:43:26,Southern District,Bouquet Reservoir Elevation,2981.0
2026-07-23 00:43:26,Southern District,Bouquet Reservoir Inflow,37.4
2026-07-23 00:43:26,Southern District,Bouquet Reservoir Outflow,0.5
2026-07-23 00:43:26,Southern District,LAA #1 at Soledad Flow,278.4
2026-07-23 00:43:26,Southern District,LAA #2 at Soledad Flow,248.6
2026-07-23 01:43:26,Mono Basin,Lee Vining Intake Above Flow,62.1
2026-07-23 01:43:26,Mono Basin,Lee Vining Intake Below Flow,33.7
2026-07-23 01:43:26,Mono Basin,Walker Ck. Above Conduit Flow,8.0
2026-07-23 01:43:26,Mono Basin,L.V. Conduit Below Intake Flow,24.9
2026-07-23 01:43:26,Mono Basin,Walker Ck. Under Conduit Flow,8.0
2026-07-23 01:43:26,Mono Basin,Parker Ck. Under Conduit Flow,30.0
2026-07-23 01:43:26,Mono Basin,Parker Ck. Above Conduit Flow,32.0
2026-07-23 01:43:26,Mono Basin,Grant Lk. Spill Flow,0.0
2026-07-23 01:43:26,Mono Basin,Mono Gate 1 Return Ditch Flow,41.8
2026-07-23 01:43:26,Mono Basin,Grant Lk. Outflow,42.5
2026-07-23 01:43:26,Mono Basin,Rush Ck. at Damsite Flow,31.5
2026-07-23 01:43:26,Mono Basin,Flow to West Portal,0.0
2026-07-23 01:43:26,Long Valley,East Portal Flow,12.0
2026-07-23 01:43:26,Long Valley,OR Below EP Flow,57.0
2026-07-23 01:43:26,Long Valley,Hot Ck.at Hwy. Flow,13.0
2026-07-23 01:43:26,Long Valley,McGee Ck. Lower Sta. Flow,14.1
2026-07-23 01:43:26,Long Valley,Long Valley Current Outflow,219.7
2026-07-23 01:43:26,Long Valley,Rock Ck. Div. Flow,0.9
2026-07-23 01:43:26,Long Valley,Upper Gorge Total Release,45.5
2026-07-23 01:43:26,Long Valley,Release at Middle Gorge,0.0
2026-07-23 01:43:26,Northern Owens Valley,Rock Ck. At Owens River (PV) Flow,51.0
2026-07-23 01:43:26,Northern Owens Valley,Pleasant Valley Outflow,366.0
2026-07-23 01:43:26,Northern Owens Valley,Baker Ck. At LA Station Flow,6.8
2026-07-23 01:43:26,Northern Owens Valley,Big Pine Ck. USGS Flow,95.8
2026-07-23 01:43:26,Northern Owens Valley,O.R. Below Big Pine,443.9
2026-07-23 01:43:26,Northern Owens Valley,Fish Springs At RR Flow,38.3
2026-07-23 01:43:26,Northern Owens Valley,Tinemaha Reservoir Outflow,449.4
2026-07-23 01:43:26,Northern Owens Valley,Bishop Creek Through Plant 6,145.8
2026-07-23 01:43:26,Northern Owens Valley,Bishop Creek Around Plant 6,34.6
2026-07-23 01:43:26,Southern Owens Valley,Tinemaha Reservoir Outflow,449.4
2026-07-23 01:43:26,Southern Owens Valley,Indep. Ck. At Junction Flow,12.5
2026-07-23 01:43:26,Southern Owens Valley,LAA at Alabama Flow,405.0
2026-07-23 01:43:26,Southern Owens Valley,LAA at Alabama Level,7.9
2026-07-23 01:43:26,Southern Owens Valley,LAA at Alabama Water Temp,75.3
2026-07-23 01:43:26,Southern Owens Valley,Cottonwood Ck. At LAA Flow,9.0
2026-07-23 01:43:26,Southern Owens Valley,LAA at Cottonwood Flow,501.0
2026-07-23 01:43:26,Southern Owens Valley,LAA at Cottonwood Level,9.3
2026-07-23 01:43:26,Southern Owens Valley,LAA at Cotton. Water Temp,75.8
2026-07-23 01:43:26,Southern Owens Valley,Haiwee LAA #1 Current Flow,0.0
2026-07-23 01:43:26,Southern Owens Valley,Haiwee LAA #2 Current Flow,195.1
2026-07-23 01:43:26,Southern Owens Valley,Reinhackel Flow,2.9
2026-07-23 01:43:26,Southern Owens Valley,Lubkin Spillgate Outflow,0.0
2026-07-23 01:43:26,Southern Owens Valley,Cartago Spillgate Outflow,0.0
2026-07-23 01:43:26,Southern Owens Valley,Lone Pine Creek Flow,34.7
2026-07-23 01:43:26,Lower Owens River Project,LORP Intake Flow,84.0
2026-07-23 01:43:26,Lower Owens River Project,LORP at Mazourka Canyon Road,0.0
2026-07-23 01:43:26,Lower Owens River Project,LORP at Reinhackle Springs,78.0
2026-07-23 01:43:26,Lower Owens River Project,LORP Above Pumpstation,56.0
2026-07-23 01:43:26,Lower Owens River Project,LORP At Pump Station Discharge Flow,48.0
2026-07-23 01:43:26,Southern District,Haiwee LAA #2 Current Flow,195.1
2026-07-23 01:43:26,Southern District,Haiwee LAA #1 Current Flow,0.0
2026-07-23 01:43:26,Southern District,LAA #1 Flow at Fairmont Reservoir,414.8
2026-07-23 01:43:26,Southern District,LAA #2 Flow at Fairmont Res.,204.3
2026-07-23 01:43:26,Southern District,Bouquet Reservoir Inflow,37.1
2026-07-23 01:43:26,Southern District,Bouquet Reservoir Outflow,0.5
2026-07-23 01:43:26,Southern District,LAA #1 at Soledad Flow,278.4
2026-07-23 01:43:26,Southern District,LAA #2 at Soledad Flow,248.6
2026-07-23 01:43:27,Mono Basin,Mono Lk. Elevation,6382.5
2026-07-23 01:43:27,Mono Basin,Grant Lk. Elevation,7129.9
2026-07-23 01:43:27,Long Valley,Long Valley Elevation,6775.6
2026-07-23 01:43:27,Northern Owens Valley,Pleasant Valley Elevation,4383.9
2026-07-23 01:43:27,Southern Owens Valley,N. Haiwee Elevation,3757.0
2026-07-23 01:43:27,Southern Owens Valley,S. Haiwee Reservoir Elevation,3731.4
2026-07-23 01:43:27,Southern District,S. Haiwee Reservoir Elevation,3731.4
2026-07-23 01:43:27,Southern District,Fairmont Reservoir Elevation,3025.4
2026-07-23 01:43:27,Southern District,Bouquet Reservoir Elevation,2981.0
2026-07-23 02:28:26,Northern Owens Valley,Tinemaha Elevation,3861.6
2026-07-23 02:28:26,Southern Owens Valley,Tinemaha Elevation,3861.6
2026-07-23 02:43:26,Mono Basin,Lee Vining Intake Above Flow,58.7
2026-07-23 02:43:26,Mono Basin,Lee Vining Intake Below Flow,32.4
2026-07-23 02:43:26,Mono Basin,Mono Lk. Elevation,6382.5
2026-07-23 02:43:26,Mono Basin,Walker Ck. Above Conduit Flow,8.0
2026-07-23 02:43:26,Mono Basin,L.V. Conduit Below Intake Flow,24.4
2026-07-23 02:43:26,Mono Basin,Walker Ck. Under Conduit Flow,8.0
2026-07-23 02:43:26,Mono Basin,Parker Ck. Under Conduit Flow,30.0
2026-07-23 02:43:26,Mono Basin,Parker Ck. Above Conduit Flow,32.0
2026-07-23 02:43:26,Mono Basin,Grant Lk. Spill Flow,0.0
2026-07-23 02:43:26,Mono Basin,Mono Gate 1 Return Ditch Flow,42.1
2026-07-23 02:43:26,Mono Basin,Grant Lk. Elevation,7129.9
2026-07-23 02:43:26,Mono Basin,Grant Lk. Outflow,42.5
2026-07-23 02:43:26,Mono Basin,Rush Ck. at Damsite Flow,31.5
2026-07-23 02:43:26,Mono Basin,Flow to West Portal,0.0
2026-07-23 02:43:26,Long Valley,East Portal Flow,12.0
2026-07-23 02:43:26,Long Valley,OR Below EP Flow,57.0
2026-07-23 02:43:26,Long Valley,Hot Ck.at Hwy. Flow,13.0
2026-07-23 02:43:26,Long Valley,McGee Ck. Lower Sta. Flow,14.1
2026-07-23 02:43:26,Long Valley,Long Valley Elevation,6775.6
2026-07-23 02:43:26,Long Valley,Long Valley Current Outflow,220.0
2026-07-23 02:43:26,Long Valley,Rock Ck. Div. Flow,0.9
2026-07-23 02:43:26,Long Valley,Upper Gorge Total Release,45.0
2026-07-23 02:43:26,Long Valley,Release at Middle Gorge,0.0
2026-07-23 02:43:26,Northern Owens Valley,Rock Ck. At Owens River (PV) Flow,51.0
2026-07-23 02:43:26,Northern Owens Valley,Pleasant Valley Elevation,4383.8
2026-07-23 02:43:26,Northern Owens Valley,Pleasant Valley Outflow,362.9
2026-07-23 02:43:26,Northern Owens Valley,Baker Ck. At LA Station Flow,6.8
2026-07-23 02:43:26,Northern Owens Valley,Big Pine Ck. USGS Flow,95.8
2026-07-23 02:43:26,Northern Owens Valley,O.R. Below Big Pine,446.0
2026-07-23 02:43:26,Northern Owens Valley,Fish Springs At RR Flow,38.3
2026-07-23 02:43:26,Northern Owens Valley,Tinemaha Reservoir Outflow,450.2
2026-07-23 02:43:26,Northern Owens Valley,Bishop Creek Through Plant 6,146.9
2026-07-23 02:43:26,Northern Owens Valley,Bishop Creek Around Plant 6,34.9
2026-07-23 02:43:26,Southern Owens Valley,Tinemaha Reservoir Outflow,450.2
2026-07-23 02:43:26,Southern Owens Valley,Indep. Ck. At Junction Flow,12.5
2026-07-23 02:43:26,Southern Owens Valley,LAA at Alabama Flow,405.0
2026-07-23 02:43:26,Southern Owens Valley,LAA at Alabama Level,7.9
2026-07-23 02:43:26,Southern Owens Valley,LAA at Alabama Water Temp,75.2
2026-07-23 02:43:26,Southern Owens Valley,Cottonwood Ck. At LAA Flow,9.0
2026-07-23 02:43:26,Southern Owens Valley,LAA at Cottonwood Flow,500.0
2026-07-23 02:43:26,Southern Owens Valley,LAA at Cottonwood Level,9.3
2026-07-23 02:43:26,Southern Owens Valley,LAA at Cotton. Water Temp,75.6
2026-07-23 02:43:26,Southern Owens Valley,N. Haiwee Elevation,3757.0
2026-07-23 02:43:26,Southern Owens Valley,S. Haiwee Reservoir Elevation,3731.4
2026-07-23 02:43:26,Southern Owens Valley,Haiwee LAA #1 Current Flow,0.0
2026-07-23 02:43:26,Southern Owens Valley,Haiwee LAA #2 Current Flow,195.1
2026-07-23 02:43:26,Southern Owens Valley,Reinhackel Flow,2.9
2026-07-23 02:43:26,Southern Owens Valley,Lubkin Spillgate Outflow,0.0
2026-07-23 02:43:26,Southern Owens Valley,Cartago Spillgate Outflow,0.0
2026-07-23 02:43:26,Southern Owens Valley,Lone Pine Creek Flow,34.8
2026-07-23 02:43:26,Lower Owens River Project,LORP Intake Flow,84.0
2026-07-23 02:43:26,Lower Owens River Project,LORP at Mazourka Canyon Road,0.0
2026-07-23 02:43:26,Lower Owens River Project,LORP at Reinhackle Springs,76.0
2026-07-23 02:43:26,Lower Owens River Project,LORP Above Pumpstation,57.0
2026-07-23 02:43:26,Lower Owens River Project,LORP At Pump Station Discharge Flow,48.0
2026-07-23 02:43:26,Southern District,Haiwee LAA #2 Current Flow,195.1
2026-07-23 02:43:26,Southern District,S. Haiwee Reservoir Elevation,3731.4
2026-07-23 02:43:26,Southern District,Haiwee LAA #1 Current Flow,0.0
2026-07-23 02:43:26,Southern District,Fairmont Reservoir Elevation,3025.4
2026-07-23 02:43:26,Southern District,LAA #1 Flow at Fairmont Reservoir,414.4
2026-07-23 02:43:26,Southern District,LAA #2 Flow at Fairmont Res.,204.4
2026-07-23 02:43:26,Southern District,Bouquet Reservoir Elevation,2981.0
2026-07-23 02:43:26,Southern District,Bouquet Reservoir Inflow,41.6
2026-07-23 02:43:26,Southern District,Bouquet Reservoir Outflow,0.5
2026-07-23 02:43:26,Southern District,LAA #1 at Soledad Flow,278.4
2026-07-23 02:43:26,Southern District,LAA #2 at Soledad Flow,248.6
2026-07-23 02:58:26,Northern Owens Valley,Tinemaha Elevation,3861.6
2026-07-23 02:58:26,Southern Owens Valley,Tinemaha Elevation,3861.6
2026-07-23 03:28:26,Northern Owens Valley,Tinemaha Elevation,3861.6
2026-07-23 03:28:26,Southern Owens Valley,Tinemaha Elevation,3861.6
2026-07-23 03:43:26,Mono Basin,Lee Vining Intake Above Flow,59.0
2026-07-23 03:43:26,Mono Basin,Lee Vining Intake Below Flow,31.7
2026-07-23 03:43:26,Mono Basin,Mono Lk. Elevation,6382.5
2026-07-23 03:43:26,Mono Basin,Walker Ck. Above Conduit Flow,8.0
2026-07-23 03:43:26,Mono Basin,L.V. Conduit Below Intake Flow,24.3
2026-07-23 03:43:26,Mono Basin,Walker Ck. Under Conduit Flow,8.0
2026-07-23 03:43:26,Mono Basin,Parker Ck. Under Conduit Flow,30.0
2026-07-23 03:43:26,Mono Basin,Parker Ck. Above Conduit Flow,32.0
2026-07-23 03:43:26,Mono Basin,Grant Lk. Spill Flow,0.0
2026-07-23 03:43:26,Mono Basin,Mono Gate 1 Return Ditch Flow,42.0
2026-07-23 03:43:26,Mono Basin,Grant Lk. Elevation,7129.9
2026-07-23 03:43:26,Mono Basin,Grant Lk. Outflow,42.3
2026-07-23 03:43:26,Mono Basin,Rush Ck. at Damsite Flow,31.5
2026-07-23 03:43:26,Mono Basin,Flow to West Portal,0.0
2026-07-23 03:43:26,Long Valley,East Portal Flow,12.0
2026-07-23 03:43:26,Long Valley,OR Below EP Flow,57.0
2026-07-23 03:43:26,Long Valley,Hot Ck.at Hwy. Flow,13.0
2026-07-23 03:43:26,Long Valley,McGee Ck. Lower Sta. Flow,14.1
2026-07-23 03:43:26,Long Valley,Long Valley Elevation,6775.6
2026-07-23 03:43:26,Long Valley,Long Valley Current Outflow,220.0
2026-07-23 03:43:26,Long Valley,Rock Ck. Div. Flow,0.9
2026-07-23 03:43:26,Long Valley,Upper Gorge Total Release,45.0
2026-07-23 03:43:26,Long Valley,Release at Middle Gorge,0.0
2026-07-23 03:43:26,Northern Owens Valley,Rock Ck. At Owens River (PV) Flow,51.0
2026-07-23 03:43:26,Northern Owens Valley,Pleasant Valley Elevation,4383.7
2026-07-23 03:43:26,Northern Owens Valley,Pleasant Valley Outflow,360.9
2026-07-23 03:43:26,Northern Owens Valley,Baker Ck. At LA Station Flow,7.0
2026-07-23 03:43:26,Northern Owens Valley,Big Pine Ck. USGS Flow,95.8
2026-07-23 03:43:26,Northern Owens Valley,O.R. Below Big Pine,448.8
2026-07-23 03:43:26,Northern Owens Valley,Fish Springs At RR Flow,38.3
2026-07-23 03:43:26,Northern Owens Valley,Tinemaha Reservoir Outflow,450.2
2026-07-23 03:43:26,Northern Owens Valley,Bishop Creek Through Plant 6,136.3
2026-07-23 03:43:26,Northern Owens Valley,Bishop Creek Around Plant 6,35.3
2026-07-23 03:43:26,Southern Owens Valley,Tinemaha Reservoir Outflow,450.2
2026-07-23 03:43:26,Southern Owens Valley,Indep. Ck. At Junction Flow,12.5
2026-07-23 03:43:26,Southern Owens Valley,LAA at Alabama Flow,406.0
2026-07-23 03:43:26,Southern Owens Valley,LAA at Alabama Level,7.9
2026-07-23 03:43:26,Southern Owens Valley,LAA at Alabama Water Temp,74.9
2026-07-23 03:43:26,Southern Owens Valley,Cottonwood Ck. At LAA Flow,9.0
2026-07-23 03:43:26,Southern Owens Valley,LAA at Cottonwood Flow,499.0
2026-07-23 03:43:26,Southern Owens Valley,LAA at Cottonwood Level,9.3
2026-07-23 03:43:26,Southern Owens Valley,LAA at Cotton. Water Temp,75.4
2026-07-23 03:43:26,Southern Owens Valley,N. Haiwee Elevation,3757.0
2026-07-23 03:43:26,Southern Owens Valley,S. Haiwee Reservoir Elevation,3731.4
2026-07-23 03:43:26,Southern Owens Valley,Haiwee LAA #1 Current Flow,0.0
2026-07-23 03:43:26,Southern Owens Valley,Haiwee LAA #2 Current Flow,195.1
2026-07-23 03:43:26,Southern Owens Valley,Reinhackel Flow,2.9
2026-07-23 03:43:26,Southern Owens Valley,Lubkin Spillgate Outflow,0.0
2026-07-23 03:43:26,Southern Owens Valley,Cartago Spillgate Outflow,0.0
2026-07-23 03:43:26,Southern Owens Valley,Lone Pine Creek Flow,34.7
2026-07-23 03:43:26,Lower Owens River Project,LORP Intake Flow,84.0
2026-07-23 03:43:26,Lower Owens River Project,LORP at Mazourka Canyon Road,0.0
2026-07-23 03:43:26,Lower Owens River Project,LORP at Reinhackle Springs,82.0
2026-07-23 03:43:26,Lower Owens River Project,LORP Above Pumpstation,56.0
2026-07-23 03:43:26,Lower Owens River Project,LORP At Pump Station Discharge Flow,48.0
2026-07-23 03:43:26,Southern District,Haiwee LAA #2 Current Flow,195.1
2026-07-23 03:43:26,Southern District,S. Haiwee Reservoir Elevation,3731.4
2026-07-23 03:43:26,Southern District,Haiwee LAA #1 Current Flow,0.0
2026-07-23 03:43:26,Southern District,Fairmont Reservoir Elevation,3025.4
2026-07-23 03:43:26,Southern District,LAA #1 Flow at Fairmont Reservoir,414.1
2026-07-23 03:43:26,Southern District,LAA #2 Flow at Fairmont Res.,204.3
2026-07-23 03:43:26,Southern District,Bouquet Reservoir Elevation,2981.0
2026-07-23 03:43:26,Southern District,Bouquet Reservoir Inflow,36.3
2026-07-23 03:43:26,Southern District,Bouquet Reservoir Outflow,0.5
2026-07-23 03:43:26,Southern District,LAA #1 at Soledad Flow,278.0
2026-07-23 03:43:26,Southern District,LAA #2 at Soledad Flow,248.7
2026-07-23 03:58:26,Northern Owens Valley,Tinemaha Elevation,3861.6
2026-07-23 03:58:26,Southern Owens Valley,Tinemaha Elevation,3861.6
2026-07-23 04:28:26,Northern Owens Valley,Tinemaha Elevation,3861.6
2026-07-23 04:28:26,Southern Owens Valley,Tinemaha Elevation,3861.6
2026-07-23 04:43:26,Mono Basin,Lee Vining Intake Above Flow,59.6
2026-07-23 04:43:26,Mono Basin,Lee Vining Intake Below Flow,31.8
2026-07-23 04:43:26,Mono Basin,Mono Lk. Elevation,6382.5
2026-07-23 04:43:26,Mono Basin,Walker Ck. Above Conduit Flow,8.0
2026-07-23 04:43:26,Mono Basin,L.V. Conduit Below Intake Flow,24.2
2026-07-23 04:43:26,Mono Basin,Walker Ck. Under Conduit Flow,8.0
2026-07-23 04:43:26,Mono Basin,Parker Ck. Under Conduit Flow,30.0
2026-07-23 04:43:26,Mono Basin,Parker Ck. Above Conduit Flow,32.0
2026-07-23 04:43:26,Mono Basin,Grant Lk. Spill Flow,0.0
2026-07-23 04:43:26,Mono Basin,Mono Gate 1 Return Ditch Flow,41.9
2026-07-23 04:43:26,Mono Basin,Grant Lk. Elevation,7129.9
2026-07-23 04:43:26,Mono Basin,Grant Lk. Outflow,42.5
2026-07-23 04:43:26,Mono Basin,Rush Ck. at Damsite Flow,31.5
2026-07-23 04:43:26,Mono Basin,Flow to West Portal,0.0
2026-07-23 04:43:26,Long Valley,East Portal Flow,12.0
2026-07-23 04:43:26,Long Valley,OR Below EP Flow,57.0
2026-07-23 04:43:26,Long Valley,Hot Ck.at Hwy. Flow,13.0
2026-07-23 04:43:26,Long Valley,McGee Ck. Lower Sta. Flow,14.1
2026-07-23 04:43:26,Long Valley,Long Valley Elevation,6775.6
2026-07-23 04:43:26,Long Valley,Long Valley Current Outflow,220.0
2026-07-23 04:43:26,Long Valley,Rock Ck. Div. Flow,0.8
2026-07-23 04:43:26,Long Valley,Upper Gorge Total Release,44.8
2026-07-23 04:43:26,Long Valley,Release at Middle Gorge,0.0
2026-07-23 04:43:26,Northern Owens Valley,Rock Ck. At Owens River (PV) Flow,51.0
2026-07-23 04:43:26,Northern Owens Valley,Pleasant Valley Elevation,4383.7
2026-07-23 04:43:26,Northern Owens Valley,Pleasant Valley Outflow,360.6
2026-07-23 04:43:26,Northern Owens Valley,Baker Ck. At LA Station Flow,7.0
2026-07-23 04:43:26,Northern Owens Valley,Big Pine Ck. USGS Flow,95.8
2026-07-23 04:43:26,Northern Owens Valley,O.R. Below Big Pine,452.0
2026-07-23 04:43:26,Northern Owens Valley,Fish Springs At RR Flow,38.3
2026-07-23 04:43:26,Northern Owens Valley,Tinemaha Reservoir Outflow,449.4
2026-07-23 04:43:26,Northern Owens Valley,Bishop Creek Through Plant 6,146.8
2026-07-23 04:43:26,Northern Owens Valley,Bishop Creek Around Plant 6,35.2
2026-07-23 04:43:26,Southern Owens Valley,Tinemaha Reservoir Outflow,449.4
2026-07-23 04:43:26,Southern Owens Valley,Indep. Ck. At Junction Flow,12.5
2026-07-23 04:43:26,Southern Owens Valley,LAA at Alabama Flow,407.0
2026-07-23 04:43:26,Southern Owens Valley,LAA at Alabama Level,7.9
2026-07-23 04:43:26,Southern Owens Valley,LAA at Alabama Water Temp,74.6
2026-07-23 04:43:26,Southern Owens Valley,Cottonwood Ck. At LAA Flow,9.0
2026-07-23 04:43:26,Southern Owens Valley,LAA at Cottonwood Flow,498.0
2026-07-23 04:43:26,Southern Owens Valley,LAA at Cottonwood Level,9.3
2026-07-23 04:43:26,Southern Owens Valley,LAA at Cotton. Water Temp,75.1
2026-07-23 04:43:26,Southern Owens Valley,N. Haiwee Elevation,3757.0
2026-07-23 04:43:26,Southern Owens Valley,S. Haiwee Reservoir Elevation,3731.4
2026-07-23 04:43:26,Southern Owens Valley,Haiwee LAA #1 Current Flow,0.0
2026-07-23 04:43:26,Southern Owens Valley,Haiwee LAA #2 Current Flow,195.1
2026-07-23 04:43:26,Southern Owens Valley,Reinhackel Flow,2.9
2026-07-23 04:43:26,Southern Owens Valley,Lubkin Spillgate Outflow,0.0
2026-07-23 04:43:26,Southern Owens Valley,Cartago Spillgate Outflow,0.0
2026-07-23 04:43:26,Southern Owens Valley,Lone Pine Creek Flow,34.7
2026-07-23 04:43:26,Lower Owens River Project,LORP Intake Flow,84.0
2026-07-23 04:43:26,Lower Owens River Project,LORP at Mazourka Canyon Road,0.0
2026-07-23 04:43:26,Lower Owens River Project,LORP at Reinhackle Springs,79.0
2026-07-23 04:43:26,Lower Owens River Project,LORP Above Pumpstation,56.0
2026-07-23 04:43:26,Lower Owens River Project,LORP At Pump Station Discharge Flow,48.0
2026-07-23 04:43:26,Southern District,Haiwee LAA #2 Current Flow,195.1
2026-07-23 04:43:26,Southern District,S. Haiwee Reservoir Elevation,3731.4
2026-07-23 04:43:26,Southern District,Haiwee LAA #1 Current Flow,0.0
2026-07-23 04:43:26,Southern District,Fairmont Reservoir Elevation,3025.4
2026-07-23 04:43:26,Southern District,LAA #1 Flow at Fairmont Reservoir,414.1
2026-07-23 04:43:26,Southern District,LAA #2 Flow at Fairmont Res.,204.2
2026-07-23 04:43:26,Southern District,Bouquet Reservoir Elevation,2981.0
2026-07-23 04:43:26,Southern District,Bouquet Reservoir Inflow,40.8
2026-07-23 04:43:26,Southern District,Bouquet Reservoir Outflow,0.4
2026-07-23 04:43:26,Southern District,LAA #1 at Soledad Flow,278.0
2026-07-23 04:43:26,Southern District,LAA #2 at Soledad Flow,248.7
2026-07-23 04:58:26,Northern Owens Valley,Tinemaha Elevation,3861.6
2026-07-23 04:58:26,Southern Owens Valley,Tinemaha Elevation,3861.6
2026-07-23 05:28:26,Northern Owens Valley,Tinemaha Elevation,3861.6
2026-07-23 05:28:26,Southern Owens Valley,Tinemaha Elevation,3861.6
2026-07-23 05:43:26,Mono Basin,Lee Vining Intake Above Flow,59.6
2026-07-23 05:43:26,Mono Basin,Lee Vining Intake Below Flow,31.6
2026-07-23 05:43:26,Mono Basin,Mono Lk. Elevation,6382.5
2026-07-23 05:43:26,Mono Basin,Walker Ck. Above Conduit Flow,8.0
2026-07-23 05:43:26,Mono Basin,L.V. Conduit Below Intake Flow,24.3
2026-07-23 05:43:26,Mono Basin,Walker Ck. Under Conduit Flow,8.0
2026-07-23 05:43:26,Mono Basin,Parker Ck. Under Conduit Flow,30.0
2026-07-23 05:43:26,Mono Basin,Parker Ck. Above Conduit Flow,32.0
2026-07-23 05:43:26,Mono Basin,Grant Lk. Spill Flow,0.0
2026-07-23 05:43:26,Mono Basin,Mono Gate 1 Return Ditch Flow,42.1
2026-07-23 05:43:26,Mono Basin,Grant Lk. Elevation,7129.9
2026-07-23 05:43:26,Mono Basin,Grant Lk. Outflow,42.2
2026-07-23 05:43:26,Mono Basin,Rush Ck. at Damsite Flow,31.5
2026-07-23 05:43:26,Mono Basin,Flow to West Portal,0.0
2026-07-23 05:43:26,Long Valley,East Portal Flow,12.0
2026-07-23 05:43:26,Long Valley,OR Below EP Flow,57.0
2026-07-23 05:43:26,Long Valley,Hot Ck.at Hwy. Flow,13.0
2026-07-23 05:43:26,Long Valley,McGee Ck. Lower Sta. Flow,14.1
2026-07-23 05:43:26,Long Valley,Long Valley Elevation,6775.6
2026-07-23 05:43:26,Long Valley,Long Valley Current Outflow,220.0
2026-07-23 05:43:26,Long Valley,Rock Ck. Div. Flow,0.9
2026-07-23 05:43:26,Long Valley,Upper Gorge Total Release,45.0
2026-07-23 05:43:26,Long Valley,Release at Middle Gorge,0.0
2026-07-23 05:43:26,Northern Owens Valley,Rock Ck. At Owens River (PV) Flow,50.8
2026-07-23 05:43:26,Northern Owens Valley,Pleasant Valley Elevation,4383.6
2026-07-23 05:43:26,Northern Owens Valley,Pleasant Valley Outflow,359.6
2026-07-23 05:43:26,Northern Owens Valley,Baker Ck. At LA Station Flow,7.0
2026-07-23 05:43:26,Northern Owens Valley,Big Pine Ck. USGS Flow,95.8
2026-07-23 05:43:26,Northern Owens Valley,O.R. Below Big Pine,454.7
2026-07-23 05:43:26,Northern Owens Valley,Fish Springs At RR Flow,38.3
2026-07-23 05:43:26,Northern Owens Valley,Tinemaha Reservoir Outflow,450.2
2026-07-23 05:43:26,Northern Owens Valley,Bishop Creek Through Plant 6,146.8
2026-07-23 05:43:26,Northern Owens Valley,Bishop Creek Around Plant 6,35.2
2026-07-23 05:43:26,Southern Owens Valley,Tinemaha Reservoir Outflow,450.2
2026-07-23 05:43:26,Southern Owens Valley,Indep. Ck. At Junction Flow,12.5
2026-07-23 05:43:26,Southern Owens Valley,LAA at Alabama Flow,406.0
2026-07-23 05:43:26,Southern Owens Valley,LAA at Alabama Level,7.9
2026-07-23 05:43:26,Southern Owens Valley,LAA at Alabama Water Temp,74.3
2026-07-23 05:43:26,Southern Owens Valley,Cottonwood Ck. At LAA Flow,9.0
2026-07-23 05:43:26,Southern Owens Valley,LAA at Cottonwood Flow,498.0
2026-07-23 05:43:26,Southern Owens Valley,LAA at Cottonwood Level,9.3
2026-07-23 05:43:26,Southern Owens Valley,LAA at Cotton. Water Temp,74.9
2026-07-23 05:43:26,Southern Owens Valley,N. Haiwee Elevation,3757.0
2026-07-23 05:43:26,Southern Owens Valley,S. Haiwee Reservoir Elevation,3731.4
2026-07-23 05:43:26,Southern Owens Valley,Haiwee LAA #1 Current Flow,0.0
2026-07-23 05:43:26,Southern Owens Valley,Haiwee LAA #2 Current Flow,195.1
2026-07-23 05:43:26,Southern Owens Valley,Reinhackel Flow,2.9
2026-07-23 05:43:26,Southern Owens Valley,Lubkin Spillgate Outflow,0.0
2026-07-23 05:43:26,Southern Owens Valley,Cartago Spillgate Outflow,0.0
2026-07-23 05:43:26,Southern Owens Valley,Lone Pine Creek Flow,34.2
2026-07-23 05:43:26,Lower Owens River Project,LORP Intake Flow,86.0
2026-07-23 05:43:26,Lower Owens River Project,LORP at Mazourka Canyon Road,0.0
2026-07-23 05:43:26,Lower Owens River Project,LORP at Reinhackle Springs,76.0
2026-07-23 05:43:26,Lower Owens River Project,LORP Above Pumpstation,56.0
2026-07-23 05:43:26,Lower Owens River Project,LORP At Pump Station Discharge Flow,48.0
2026-07-23 05:43:26,Southern District,Haiwee LAA #2 Current Flow,195.1
2026-07-23 05:43:26,Southern District,S. Haiwee Reservoir Elevation,3731.4
2026-07-23 05:43:26,Southern District,Haiwee LAA #1 Current Flow,0.0
2026-07-23 05:43:26,Southern District,Fairmont Reservoir Elevation,3025.4
2026-07-23 05:43:26,Southern District,LAA #1 Flow at Fairmont Reservoir,414.5
2026-07-23 05:43:26,Southern District,LAA #2 Flow at Fairmont Res.,204.3
2026-07-23 05:43:26,Southern District,Bouquet Reservoir Elevation,2981.0
2026-07-23 05:43:26,Southern District,Bouquet Reservoir Inflow,40.7
2026-07-23 05:43:26,Southern District,Bouquet Reservoir Outflow,0.5
2026-07-23 05:43:26,Southern District,LAA #1 at Soledad Flow,278.0
2026-07-23 05:43:26,Southern District,LAA #2 at Soledad Flow,248.7
2026-07-23 05:58:26,Northern Owens Valley,Tinemaha Elevation,3861.6
2026-07-23 05:58:26,Southern Owens Valley,Tinemaha Elevation,3861.6
2026-07-23 06:28:28,Northern Owens Valley,Tinemaha Elevation,3861.6
2026-07-23 06:28:28,Southern Owens Valley,Tinemaha Elevation,3861.6
2026-07-23 06:43:25,Mono Basin,Lee Vining Intake Above Flow,59.5
2026-07-23 06:43:25,Mono Basin,Lee Vining Intake Below Flow,31.8
2026-07-23 06:43:25,Mono Basin,Walker Ck. Above Conduit Flow,8.0
2026-07-23 06:43:25,Mono Basin,L.V. Conduit Below Intake Flow,24.2
2026-07-23 06:43:25,Mono Basin,Walker Ck. Under Conduit Flow,8.0
2026-07-23 06:43:25,Mono Basin,Parker Ck. Under Conduit Flow,30.0
2026-07-23 06:43:25,Mono Basin,Parker Ck. Above Conduit Flow,32.0
2026-07-23 06:43:25,Mono Basin,Grant Lk. Spill Flow,0.0
2026-07-23 06:43:25,Mono Basin,Mono Gate 1 Return Ditch Flow,41.9
2026-07-23 06:43:25,Mono Basin,Grant Lk. Outflow,42.2
2026-07-23 06:43:25,Mono Basin,Rush Ck. at Damsite Flow,28.2
2026-07-23 06:43:25,Mono Basin,Flow to West Portal,0.0
2026-07-23 06:43:25,Long Valley,East Portal Flow,12.0
2026-07-23 06:43:25,Long Valley,OR Below EP Flow,57.0
2026-07-23 06:43:25,Long Valley,Hot Ck.at Hwy. Flow,13.0
2026-07-23 06:43:25,Long Valley,McGee Ck. Lower Sta. Flow,13.8
2026-07-23 06:43:25,Long Valley,Long Valley Current Outflow,220.2
2026-07-23 06:43:25,Long Valley,Rock Ck. Div. Flow,0.8
2026-07-23 06:43:25,Long Valley,Upper Gorge Total Release,44.9
2026-07-23 06:43:25,Long Valley,Release at Middle Gorge,0.0
2026-07-23 06:43:25,Northern Owens Valley,Rock Ck. At Owens River (PV) Flow,50.6
2026-07-23 06:43:25,Northern Owens Valley,Pleasant Valley Outflow,359.7
2026-07-23 06:43:25,Northern Owens Valley,Baker Ck. At LA Station Flow,7.1
2026-07-23 06:43:25,Northern Owens Valley,Big Pine Ck. USGS Flow,94.7
2026-07-23 06:43:25,Northern Owens Valley,O.R. Below Big Pine,456.7
2026-07-23 06:43:25,Northern Owens Valley,Fish Springs At RR Flow,39.9
2026-07-23 06:43:25,Northern Owens Valley,Tinemaha Reservoir Outflow,451.0
2026-07-23 06:43:25,Northern Owens Valley,Bishop Creek Through Plant 6,143.1
2026-07-23 06:43:25,Northern Owens Valley,Bishop Creek Around Plant 6,34.0
2026-07-23 06:43:25,Southern Owens Valley,Tinemaha Reservoir Outflow,451.0
2026-07-23 06:43:25,Southern Owens Valley,Indep. Ck. At Junction Flow,13.2
2026-07-23 06:43:25,Southern Owens Valley,LAA at Alabama Flow,406.0
2026-07-23 06:43:25,Southern Owens Valley,Cottonwood Ck. At LAA Flow,9.0
2026-07-23 06:43:25,Southern Owens Valley,LAA at Cottonwood Flow,497.0
2026-07-23 06:43:25,Southern Owens Valley,Haiwee LAA #1 Current Flow,0.0
2026-07-23 06:43:25,Southern Owens Valley,Haiwee LAA #2 Current Flow,194.6
2026-07-23 06:43:25,Southern Owens Valley,Reinhackel Flow,2.9
2026-07-23 06:43:25,Southern Owens Valley,Lubkin Spillgate Outflow,0.0
2026-07-23 06:43:25,Southern Owens Valley,Cartago Spillgate Outflow,0.0
2026-07-23 06:43:25,Southern Owens Valley,Lone Pine Creek Flow,34.4
2026-07-23 06:43:25,Lower Owens River Project,LORP Intake Flow,86.0
2026-07-23 06:43:25,Lower Owens River Project,LORP at Mazourka Canyon Road,0.0
2026-07-23 06:43:25,Lower Owens River Project,LORP at Reinhackle Springs,79.0
2026-07-23 06:43:25,Lower Owens River Project,LORP Above Pumpstation,57.0
2026-07-23 06:43:25,Lower Owens River Project,LORP At Pump Station Discharge Flow,48.0
2026-07-23 06:43:25,Southern District,Haiwee LAA #2 Current Flow,194.6
2026-07-23 06:43:25,Southern District,Haiwee LAA #1 Current Flow,0.0
2026-07-23 06:43:25,Southern District,LAA #1 Flow at Fairmont Reservoir,414.1
2026-07-23 06:43:25,Southern District,LAA #2 Flow at Fairmont Res.,204.4
2026-07-23 06:43:25,Southern District,Bouquet Reservoir Inflow,40.5
2026-07-23 06:43:25,Southern District,Bouquet Reservoir Outflow,0.5
2026-07-23 06:43:25,Southern District,LAA #1 at Soledad Flow,276.3
2026-07-23 06:43:25,Southern District,LAA #2 at Soledad Flow,249.0
2026-07-23 06:43:26,Mono Basin,Mono Lk. Elevation,6382.5
2026-07-23 06:43:26,Mono Basin,Grant Lk. Elevation,7129.9
2026-07-23 06:43:26,Long Valley,Long Valley Elevation,6775.6
2026-07-23 06:43:26,Northern Owens Valley,Pleasant Valley Elevation,4383.5
2026-07-23 06:43:26,Southern Owens Valley,LAA at Alabama Level,7.9
2026-07-23 06:43:26,Southern Owens Valley,LAA at Alabama Water Temp,74.0
2026-07-23 06:43:26,Southern Owens Valley,LAA at Cottonwood Level,9.3
2026-07-23 06:43:26,Southern Owens Valley,LAA at Cotton. Water Temp,74.7
2026-07-23 06:43:26,Southern Owens Valley,N. Haiwee Elevation,3757.0
2026-07-23 06:43:26,Southern Owens Valley,S. Haiwee Reservoir Elevation,3731.4
2026-07-23 06:43:26,Southern District,S. Haiwee Reservoir Elevation,3731.4
2026-07-23 06:43:26,Southern District,Fairmont Reservoir Elevation,3025.4
2026-07-23 06:43:26,Southern District,Bouquet Reservoir Elevation,2981.0
2026-07-23 06:58:26,Northern Owens Valley,Tinemaha Elevation,3861.6
2026-07-23 06:58:26,Southern Owens Valley,Tinemaha Elevation,3861.6
2026-07-23 07:28:26,Northern Owens Valley,Tinemaha Elevation,3861.6
2026-07-23 07:28:26,Southern Owens Valley,Tinemaha Elevation,3861.6
2026-07-23 07:43:25,Mono Basin,Lee Vining Intake Above Flow,59.6
2026-07-23 07:43:25,Mono Basin,Lee Vining Intake Below Flow,32.3
2026-07-23 07:43:25,Mono Basin,Walker Ck. Above Conduit Flow,8.0
2026-07-23 07:43:25,Mono Basin,L.V. Conduit Below Intake Flow,24.4
2026-07-23 07:43:25,Mono Basin,Walker Ck. Under Conduit Flow,8.0
2026-07-23 07:43:25,Mono Basin,Parker Ck. Under Conduit Flow,30.0
2026-07-23 07:43:25,Mono Basin,Parker Ck. Above Conduit Flow,32.0
2026-07-23 07:43:25,Mono Basin,Grant Lk. Spill Flow,0.0
2026-07-23 07:43:25,Mono Basin,Mono Gate 1 Return Ditch Flow,41.9
2026-07-23 07:43:25,Mono Basin,Grant Lk. Outflow,42.4
2026-07-23 07:43:25,Mono Basin,Rush Ck. at Damsite Flow,28.2
2026-07-23 07:43:25,Mono Basin,Flow to West Portal,0.0
2026-07-23 07:43:25,Long Valley,East Portal Flow,12.0
2026-07-23 07:43:25,Long Valley,OR Below EP Flow,57.0
2026-07-23 07:43:25,Long Valley,Hot Ck.at Hwy. Flow,13.0
2026-07-23 07:43:25,Long Valley,McGee Ck. Lower Sta. Flow,13.8
2026-07-23 07:43:25,Long Valley,Long Valley Current Outflow,220.2
2026-07-23 07:43:25,Long Valley,Rock Ck. Div. Flow,0.8
2026-07-23 07:43:25,Long Valley,Upper Gorge Total Release,45.1
2026-07-23 07:43:25,Long Valley,Release at Middle Gorge,0.0
2026-07-23 07:43:25,Northern Owens Valley,Rock Ck. At Owens River (PV) Flow,50.3
2026-07-23 07:43:25,Northern Owens Valley,Pleasant Valley Outflow,364.1
2026-07-23 07:43:25,Northern Owens Valley,Baker Ck. At LA Station Flow,7.1
2026-07-23 07:43:25,Northern Owens Valley,Big Pine Ck. USGS Flow,94.7
2026-07-23 07:43:25,Northern Owens Valley,O.R. Below Big Pine,459.2
2026-07-23 07:43:25,Northern Owens Valley,Fish Springs At RR Flow,39.9
2026-07-23 07:43:25,Northern Owens Valley,Tinemaha Reservoir Outflow,450.2
2026-07-23 07:43:25,Northern Owens Valley,Bishop Creek Through Plant 6,146.5
2026-07-23 07:43:25,Northern Owens Valley,Bishop Creek Around Plant 6,33.5
2026-07-23 07:43:25,Southern Owens Valley,Tinemaha Reservoir Outflow,450.2
2026-07-23 07:43:25,Southern Owens Valley,Indep. Ck. At Junction Flow,13.2
2026-07-23 07:43:25,Southern Owens Valley,LAA at Alabama Flow,408.0
2026-07-23 07:43:25,Southern Owens Valley,Cottonwood Ck. At LAA Flow,9.0
2026-07-23 07:43:25,Southern Owens Valley,LAA at Cottonwood Flow,497.0
2026-07-23 07:43:25,Southern Owens Valley,Haiwee LAA #1 Current Flow,0.0
2026-07-23 07:43:25,Southern Owens Valley,Haiwee LAA #2 Current Flow,194.6
2026-07-23 07:43:25,Southern Owens Valley,Reinhackel Flow,2.9
2026-07-23 07:43:25,Southern Owens Valley,Lubkin Spillgate Outflow,0.0
2026-07-23 07:43:25,Southern Owens Valley,Cartago Spillgate Outflow,0.0
2026-07-23 07:43:25,Southern Owens Valley,Lone Pine Creek Flow,34.2
2026-07-23 07:43:25,Lower Owens River Project,LORP Intake Flow,85.0
2026-07-23 07:43:25,Lower Owens River Project,LORP at Mazourka Canyon Road,0.0
2026-07-23 07:43:25,Lower Owens River Project,LORP at Reinhackle Springs,78.0
2026-07-23 07:43:25,Lower Owens River Project,LORP Above Pumpstation,56.0
2026-07-23 07:43:25,Lower Owens River Project,LORP At Pump Station Discharge Flow,48.0
2026-07-23 07:43:25,Southern District,Haiwee LAA #2 Current Flow,194.6
2026-07-23 07:43:25,Southern District,Haiwee LAA #1 Current Flow,0.0
2026-07-23 07:43:25,Southern District,LAA #1 Flow at Fairmont Reservoir,414.8
2026-07-23 07:43:25,Southern District,LAA #2 Flow at Fairmont Res.,204.3
2026-07-23 07:43:25,Southern District,Bouquet Reservoir Inflow,40.3
2026-07-23 07:43:25,Southern District,Bouquet Reservoir Outflow,0.5
2026-07-23 07:43:25,Southern District,LAA #1 at Soledad Flow,280.3
2026-07-23 07:43:25,Southern District,LAA #2 at Soledad Flow,249.2
2026-07-23 07:43:26,Mono Basin,Mono Lk. Elevation,6382.5
2026-07-23 07:43:26,Mono Basin,Grant Lk. Elevation,7129.9
2026-07-23 07:43:26,Long Valley,Long Valley Elevation,6775.6
2026-07-23 07:43:26,Northern Owens Valley,Pleasant Valley Elevation,4383.4
2026-07-23 07:43:26,Southern Owens Valley,LAA at Alabama Level,7.9
2026-07-23 07:43:26,Southern Owens Valley,LAA at Alabama Water Temp,73.8
2026-07-23 07:43:26,Southern Owens Valley,LAA at Cottonwood Level,9.3
2026-07-23 07:43:26,Southern Owens Valley,LAA at Cotton. Water Temp,74.6
2026-07-23 07:43:26,Southern Owens Valley,N. Haiwee Elevation,3757.0
2026-07-23 07:43:26,Southern Owens Valley,S. Haiwee Reservoir Elevation,3731.4
2026-07-23 07:43:26,Southern District,S. Haiwee Reservoir Elevation,3731.4
2026-07-23 07:43:26,Southern District,Fairmont Reservoir Elevation,3025.4
2026-07-23 07:43:26,Southern District,Bouquet Reservoir Elevation,2981.0
2026-07-23 07:58:26,Northern Owens Valley,Tinemaha Elevation,3861.6
2026-07-23 07:58:26,Southern Owens Valley,Tinemaha Elevation,3861.6
2026-07-23 08:13:25,Mono Basin,Lee Vining Intake Above Flow,60.4
2026-07-23 08:13:25,Mono Basin,Lee Vining Intake Below Flow,32.5
2026-07-23 08:13:25,Mono Basin,Walker Ck. Above Conduit Flow,8.0
2026-07-23 08:13:25,Mono Basin,L.V. Conduit Below Intake Flow,24.6
2026-07-23 08:13:25,Mono Basin,Walker Ck. Under Conduit Flow,8.0
2026-07-23 08:13:25,Mono Basin,Parker Ck. Under Conduit Flow,30.0
2026-07-23 08:13:25,Mono Basin,Parker Ck. Above Conduit Flow,32.0
2026-07-23 08:13:25,Mono Basin,Grant Lk. Spill Flow,0.0
2026-07-23 08:13:25,Mono Basin,Mono Gate 1 Return Ditch Flow,41.9
2026-07-23 08:13:25,Mono Basin,Grant Lk. Outflow,42.4
2026-07-23 08:13:25,Mono Basin,Rush Ck. at Damsite Flow,28.2
2026-07-23 08:13:25,Mono Basin,Flow to West Portal,0.0
2026-07-23 08:13:25,Long Valley,East Portal Flow,12.0
2026-07-23 08:13:25,Long Valley,OR Below EP Flow,57.0
2026-07-23 08:13:25,Long Valley,Hot Ck.at Hwy. Flow,13.0
2026-07-23 08:13:25,Long Valley,McGee Ck. Lower Sta. Flow,13.6
2026-07-23 08:13:25,Long Valley,Long Valley Current Outflow,220.2
2026-07-23 08:13:25,Long Valley,Rock Ck. Div. Flow,0.8
2026-07-23 08:13:25,Long Valley,Upper Gorge Total Release,44.9
2026-07-23 08:13:25,Long Valley,Release at Middle Gorge,0.0
2026-07-23 08:13:25,Northern Owens Valley,Rock Ck. At Owens River (PV) Flow,50.3
2026-07-23 08:13:25,Northern Owens Valley,Pleasant Valley Outflow,364.4
2026-07-23 08:13:25,Northern Owens Valley,Baker Ck. At LA Station Flow,7.1
2026-07-23 08:13:25,Northern Owens Valley,Big Pine Ck. USGS Flow,92.2
2026-07-23 08:13:25,Northern Owens Valley,O.R. Below Big Pine,460.2
2026-07-23 08:13:25,Northern Owens Valley,Fish Springs At RR Flow,39.9
2026-07-23 08:13:25,Northern Owens Valley,Tinemaha Reservoir Outflow,450.2
2026-07-23 08:13:25,Northern Owens Valley,Bishop Creek Through Plant 6,148.4
2026-07-23 08:13:25,Northern Owens Valley,Bishop Creek Around Plant 6,33.2
2026-07-23 08:13:25,Southern Owens Valley,Tinemaha Reservoir Outflow,450.2
2026-07-23 08:13:25,Southern Owens Valley,Indep. Ck. At Junction Flow,13.2
2026-07-23 08:13:25,Southern Owens Valley,LAA at Alabama Flow,409.0
2026-07-23 08:13:25,Southern Owens Valley,Cottonwood Ck. At LAA Flow,9.0
2026-07-23 08:13:25,Southern Owens Valley,LAA at Cottonwood Flow,497.0
2026-07-23 08:13:25,Southern Owens Valley,Haiwee LAA #1 Current Flow,0.0
2026-07-23 08:13:25,Southern Owens Valley,Haiwee LAA #2 Current Flow,194.6
2026-07-23 08:13:25,Southern Owens Valley,Reinhackel Flow,2.9
2026-07-23 08:13:25,Southern Owens Valley,Lubkin Spillgate Outflow,0.0
2026-07-23 08:13:25,Southern Owens Valley,Cartago Spillgate Outflow,0.0
2026-07-23 08:13:25,Southern Owens Valley,Lone Pine Creek Flow,34.1
2026-07-23 08:13:25,Lower Owens River Project,LORP Intake Flow,85.0
2026-07-23 08:13:25,Lower Owens River Project,LORP at Mazourka Canyon Road,0.0
2026-07-23 08:13:25,Lower Owens River Project,LORP at Reinhackle Springs,78.0
2026-07-23 08:13:25,Lower Owens River Project,LORP Above Pumpstation,57.0
2026-07-23 08:13:25,Lower Owens River Project,LORP At Pump Station Discharge Flow,49.0
2026-07-23 08:13:25,Southern District,Haiwee LAA #2 Current Flow,194.6
2026-07-23 08:13:25,Southern District,Haiwee LAA #1 Current Flow,0.0
2026-07-23 08:13:25,Southern District,LAA #1 Flow at Fairmont Reservoir,415.1
2026-07-23 08:13:25,Southern District,LAA #2 Flow at Fairmont Res.,204.0
2026-07-23 08:13:25,Southern District,Bouquet Reservoir Inflow,40.2
2026-07-23 08:13:25,Southern District,Bouquet Reservoir Outflow,0.5
2026-07-23 08:13:25,Southern District,LAA #1 at Soledad Flow,280.3
2026-07-23 08:13:25,Southern District,LAA #2 at Soledad Flow,249.2
2026-07-23 08:13:26,Mono Basin,Mono Lk. Elevation,6382.5
2026-07-23 08:13:26,Mono Basin,Grant Lk. Elevation,7129.9
2026-07-23 08:13:26,Long Valley,Long Valley Elevation,6775.6
2026-07-23 08:13:26,Northern Owens Valley,Pleasant Valley Elevation,4383.4
2026-07-23 08:13:26,Southern Owens Valley,LAA at Alabama Level,7.9
2026-07-23 08:13:26,Southern Owens Valley,LAA at Alabama Water Temp,73.7
2026-07-23 08:13:26,Southern Owens Valley,LAA at Cottonwood Level,9.3
2026-07-23 08:13:26,Southern Owens Valley,LAA at Cotton. Water Temp,74.6
2026-07-23 08:13:26,Southern Owens Valley,N. Haiwee Elevation,3757.0
2026-07-23 08:13:26,Southern Owens Valley,S. Haiwee Reservoir Elevation,3731.4
2026-07-23 08:13:26,Southern District,S. Haiwee Reservoir Elevation,3731.4
2026-07-23 08:13:26,Southern District,Fairmont Reservoir Elevation,3025.5
2026-07-23 08:13:26,Southern District,Bouquet Reservoir Elevation,2981.0
2026-07-23 08:28:25,Mono Basin,Lee Vining Intake Above Flow,60.4
2026-07-23 08:28:25,Mono Basin,Lee Vining Intake Below Flow,32.5
2026-07-23 08:28:25,Mono Basin,Walker Ck. Above Conduit Flow,8.0
2026-07-23 08:28:25,Mono Basin,L.V. Conduit Below Intake Flow,24.6
2026-07-23 08:28:25,Mono Basin,Walker Ck. Under Conduit Flow,8.0
2026-07-23 08:28:25,Mono Basin,Parker Ck. Under Conduit Flow,30.0
2026-07-23 08:28:25,Mono Basin,Parker Ck. Above Conduit Flow,32.0
2026-07-23 08:28:25,Mono Basin,Grant Lk. Spill Flow,0.0
2026-07-23 08:28:25,Mono Basin,Mono Gate 1 Return Ditch Flow,41.8
2026-07-23 08:28:25,Mono Basin,Grant Lk. Outflow,42.2
2026-07-23 08:28:25,Mono Basin,Rush Ck. at Damsite Flow,28.2
2026-07-23 08:28:25,Mono Basin,Flow to West Portal,0.0
2026-07-23 08:28:25,Long Valley,East Portal Flow,12.0
2026-07-23 08:28:25,Long Valley,OR Below EP Flow,57.0
2026-07-23 08:28:25,Long Valley,Hot Ck.at Hwy. Flow,13.0
2026-07-23 08:28:25,Long Valley,McGee Ck. Lower Sta. Flow,13.6
2026-07-23 08:28:25,Long Valley,Long Valley Current Outflow,220.2
2026-07-23 08:28:25,Long Valley,Rock Ck. Div. Flow,0.8
2026-07-23 08:28:25,Long Valley,Upper Gorge Total Release,44.5
2026-07-23 08:28:25,Long Valley,Release at Middle Gorge,0.0
2026-07-23 08:28:25,Northern Owens Valley,Rock Ck. At Owens River (PV) Flow,50.3
2026-07-23 08:28:25,Northern Owens Valley,Pleasant Valley Outflow,360.3
2026-07-23 08:28:25,Northern Owens Valley,Baker Ck. At LA Station Flow,7.1
2026-07-23 08:28:25,Northern Owens Valley,Big Pine Ck. USGS Flow,92.2
2026-07-23 08:28:25,Northern Owens Valley,O.R. Below Big Pine,460.4
2026-07-23 08:28:25,Northern Owens Valley,Fish Springs At RR Flow,39.9
2026-07-23 08:28:25,Northern Owens Valley,Tinemaha Reservoir Outflow,450.2
2026-07-23 08:28:25,Northern Owens Valley,Bishop Creek Through Plant 6,148.4
2026-07-23 08:28:25,Northern Owens Valley,Bishop Creek Around Plant 6,33.2
2026-07-23 08:28:25,Southern Owens Valley,Tinemaha Reservoir Outflow,450.2
2026-07-23 08:28:25,Southern Owens Valley,Indep. Ck. At Junction Flow,13.2
2026-07-23 08:28:25,Southern Owens Valley,LAA at Alabama Flow,409.0
2026-07-23 08:28:25,Southern Owens Valley,Cottonwood Ck. At LAA Flow,9.0
2026-07-23 08:28:25,Southern Owens Valley,LAA at Cottonwood Flow,497.0
2026-07-23 08:28:25,Southern Owens Valley,Haiwee LAA #1 Current Flow,0.0
2026-07-23 08:28:25,Southern Owens Valley,Haiwee LAA #2 Current Flow,194.6
2026-07-23 08:28:25,Southern Owens Valley,Reinhackel Flow,2.9
2026-07-23 08:28:25,Southern Owens Valley,Lubkin Spillgate Outflow,0.0
2026-07-23 08:28:25,Southern Owens Valley,Cartago Spillgate Outflow,0.0
2026-07-23 08:28:25,Southern Owens Valley,Lone Pine Creek Flow,34.1
2026-07-23 08:28:25,Lower Owens River Project,LORP Intake Flow,85.0
2026-07-23 08:28:25,Lower Owens River Project,LORP at Mazourka Canyon Road,0.0
2026-07-23 08:28:25,Lower Owens River Project,LORP at Reinhackle Springs,80.0
2026-07-23 08:28:25,Lower Owens River Project,LORP Above Pumpstation,56.0
2026-07-23 08:28:25,Lower Owens River Project,LORP At Pump Station Discharge Flow,48.0
2026-07-23 08:28:25,Southern District,Haiwee LAA #2 Current Flow,194.6
2026-07-23 08:28:25,Southern District,Haiwee LAA #1 Current Flow,0.0
2026-07-23 08:28:25,Southern District,LAA #1 Flow at Fairmont Reservoir,414.6
2026-07-23 08:28:25,Southern District,LAA #2 Flow at Fairmont Res.,204.2
2026-07-23 08:28:25,Southern District,Bouquet Reservoir Inflow,35.9
2026-07-23 08:28:25,Southern District,Bouquet Reservoir Outflow,0.5
2026-07-23 08:28:25,Southern District,LAA #1 at Soledad Flow,280.3
2026-07-23 08:28:25,Southern District,LAA #2 at Soledad Flow,249.2
2026-07-23 08:28:26,Mono Basin,Mono Lk. Elevation,6382.5
2026-07-23 08:28:26,Mono Basin,Grant Lk. Elevation,7130.0
2026-07-23 08:28:26,Long Valley,Long Valley Elevation,6775.6
2026-07-23 08:28:26,Northern Owens Valley,Pleasant Valley Elevation,4383.4
2026-07-23 08:28:26,Northern Owens Valley,Tinemaha Elevation,3861.6
2026-07-23 08:28:26,Southern Owens Valley,Tinemaha Elevation,3861.6
2026-07-23 08:28:26,Southern Owens Valley,LAA at Alabama Level,7.9
2026-07-23 08:28:26,Southern Owens Valley,LAA at Alabama Water Temp,73.7
2026-07-23 08:28:26,Southern Owens Valley,LAA at Cottonwood Level,9.3
2026-07-23 08:28:26,Southern Owens Valley,LAA at Cotton. Water Temp,74.6
2026-07-23 08:28:26,Southern Owens Valley,N. Haiwee Elevation,3757.0
2026-07-23 08:28:26,Southern Owens Valley,S. Haiwee Reservoir Elevation,3731.4
2026-07-23 08:28:26,Southern District,S. Haiwee Reservoir Elevation,3731.4
2026-07-23 08:28:26,Southern District,Fairmont Reservoir Elevation,3025.5
2026-07-23 08:28:26,Southern District,Bouquet Reservoir Elevation,2981.0
2026-07-23 08:43:25,Mono Basin,Lee Vining Intake Above Flow,60.7
2026-07-23 08:43:25,Mono Basin,Lee Vining Intake Below Flow,32.6
2026-07-23 08:43:25,Mono Basin,Walker Ck. Above Conduit Flow,8.0
2026-07-23 08:43:25,Mono Basin,L.V. Conduit Below Intake Flow,24.8
2026-07-23 08:43:25,Mono Basin,Walker Ck. Under Conduit Flow,8.0
2026-07-23 08:43:25,Mono Basin,Parker Ck. Under Conduit Flow,30.0
2026-07-23 08:43:25,Mono Basin,Parker Ck. Above Conduit Flow,32.0
2026-07-23 08:43:25,Mono Basin,Grant Lk. Spill Flow,0.0
2026-07-23 08:43:25,Mono Basin,Mono Gate 1 Return Ditch Flow,41.8
2026-07-23 08:43:25,Mono Basin,Grant Lk. Outflow,42.2
2026-07-23 08:43:25,Mono Basin,Rush Ck. at Damsite Flow,28.2
2026-07-23 08:43:25,Mono Basin,Flow to West Portal,0.0
2026-07-23 08:43:25,Long Valley,East Portal Flow,12.0
2026-07-23 08:43:25,Long Valley,OR Below EP Flow,57.0
2026-07-23 08:43:25,Long Valley,Hot Ck.at Hwy. Flow,13.0
2026-07-23 08:43:25,Long Valley,McGee Ck. Lower Sta. Flow,13.6
2026-07-23 08:43:25,Long Valley,Long Valley Current Outflow,220.2
2026-07-23 08:43:25,Long Valley,Rock Ck. Div. Flow,0.8
2026-07-23 08:43:25,Long Valley,Upper Gorge Total Release,44.8
2026-07-23 08:43:25,Long Valley,Release at Middle Gorge,0.0
2026-07-23 08:43:25,Northern Owens Valley,Rock Ck. At Owens River (PV) Flow,50.3
2026-07-23 08:43:25,Northern Owens Valley,Pleasant Valley Outflow,355.7
2026-07-23 08:43:25,Northern Owens Valley,Baker Ck. At LA Station Flow,7.1
2026-07-23 08:43:25,Northern Owens Valley,Big Pine Ck. USGS Flow,92.2
2026-07-23 08:43:25,Northern Owens Valley,O.R. Below Big Pine,460.8
2026-07-23 08:43:25,Northern Owens Valley,Fish Springs At RR Flow,39.9
2026-07-23 08:43:25,Northern Owens Valley,Tinemaha Reservoir Outflow,450.2
2026-07-23 08:43:25,Northern Owens Valley,Bishop Creek Through Plant 6,143.4
2026-07-23 08:43:25,Northern Owens Valley,Bishop Creek Around Plant 6,32.3
2026-07-23 08:43:25,Southern Owens Valley,Tinemaha Reservoir Outflow,450.2
2026-07-23 08:43:25,Southern Owens Valley,Indep. Ck. At Junction Flow,13.2
2026-07-23 08:43:25,Southern Owens Valley,LAA at Alabama Flow,409.0
2026-07-23 08:43:25,Southern Owens Valley,Cottonwood Ck. At LAA Flow,9.0
2026-07-23 08:43:25,Southern Owens Valley,LAA at Cottonwood Flow,497.0
2026-07-23 08:43:25,Southern Owens Valley,Haiwee LAA #1 Current Flow,0.0
2026-07-23 08:43:25,Southern Owens Valley,Haiwee LAA #2 Current Flow,194.6
2026-07-23 08:43:25,Southern Owens Valley,Reinhackel Flow,2.9
2026-07-23 08:43:25,Southern Owens Valley,Lubkin Spillgate Outflow,0.0
2026-07-23 08:43:25,Southern Owens Valley,Cartago Spillgate Outflow,0.0
2026-07-23 08:43:25,Southern Owens Valley,Lone Pine Creek Flow,34.1
2026-07-23 08:43:25,Lower Owens River Project,LORP Intake Flow,85.0
2026-07-23 08:43:25,Lower Owens River Project,LORP at Mazourka Canyon Road,0.0
2026-07-23 08:43:25,Lower Owens River Project,LORP at Reinhackle Springs,80.0
2026-07-23 08:43:25,Lower Owens River Project,LORP Above Pumpstation,56.0
2026-07-23 08:43:25,Lower Owens River Project,LORP At Pump Station Discharge Flow,48.0
2026-07-23 08:43:25,Southern District,Haiwee LAA #2 Current Flow,194.6
2026-07-23 08:43:25,Southern District,Haiwee LAA #1 Current Flow,0.0
2026-07-23 08:43:25,Southern District,LAA #1 Flow at Fairmont Reservoir,413.2
2026-07-23 08:43:25,Southern District,LAA #2 Flow at Fairmont Res.,204.2
2026-07-23 08:43:25,Southern District,Bouquet Reservoir Inflow,36.6
2026-07-23 08:43:25,Southern District,Bouquet Reservoir Outflow,0.5
2026-07-23 08:43:25,Southern District,LAA #1 at Soledad Flow,280.3
2026-07-23 08:43:25,Southern District,LAA #2 at Soledad Flow,249.2
2026-07-23 08:43:26,Mono Basin,Mono Lk. Elevation,6382.5
2026-07-23 08:43:26,Mono Basin,Grant Lk. Elevation,7130.0
2026-07-23 08:43:26,Long Valley,Long Valley Elevation,6775.6
2026-07-23 08:43:26,Northern Owens Valley,Pleasant Valley Elevation,4383.3
2026-07-23 08:43:26,Southern Owens Valley,LAA at Alabama Level,7.9
2026-07-23 08:43:26,Southern Owens Valley,LAA at Alabama Water Temp,73.7
2026-07-23 08:43:26,Southern Owens Valley,LAA at Cottonwood Level,9.3
2026-07-23 08:43:26,Southern Owens Valley,LAA at Cotton. Water Temp,74.6
2026-07-23 08:43:26,Southern Owens Valley,N. Haiwee Elevation,3757.0
2026-07-23 08:43:26,Southern Owens Valley,S. Haiwee Reservoir Elevation,3731.4
2026-07-23 08:43:26,Southern District,S. Haiwee Reservoir Elevation,3731.4
2026-07-23 08:43:26,Southern District,Fairmont Reservoir Elevation,3025.5
2026-07-23 08:43:26,Southern District,Bouquet Reservoir Elevation,2981.0
2026-07-23 08:58:25,Mono Basin,Lee Vining Intake Above Flow,60.7
2026-07-23 08:58:25,Mono Basin,Lee Vining Intake Below Flow,32.6
2026-07-23 08:58:25,Mono Basin,Walker Ck. Above Conduit Flow,8.0
2026-07-23 08:58:25,Mono Basin,L.V. Conduit Below Intake Flow,24.8
2026-07-23 08:58:25,Mono Basin,Walker Ck. Under Conduit Flow,8.0
2026-07-23 08:58:25,Mono Basin,Parker Ck. Under Conduit Flow,30.0
2026-07-23 08:58:25,Mono Basin,Parker Ck. Above Conduit Flow,32.0
2026-07-23 08:58:25,Mono Basin,Grant Lk. Spill Flow,0.0
2026-07-23 08:58:25,Mono Basin,Mono Gate 1 Return Ditch Flow,41.8
2026-07-23 08:58:25,Mono Basin,Grant Lk. Outflow,42.2
2026-07-23 08:58:25,Mono Basin,Rush Ck. at Damsite Flow,28.2
2026-07-23 08:58:25,Mono Basin,Flow to West Portal,0.0
2026-07-23 08:58:25,Long Valley,East Portal Flow,12.0
2026-07-23 08:58:25,Long Valley,OR Below EP Flow,57.0
2026-07-23 08:58:25,Long Valley,Hot Ck.at Hwy. Flow,13.0
2026-07-23 08:58:25,Long Valley,McGee Ck. Lower Sta. Flow,13.6
2026-07-23 08:58:25,Long Valley,Long Valley Current Outflow,220.2
2026-07-23 08:58:25,Long Valley,Rock Ck. Div. Flow,0.8
2026-07-23 08:58:25,Long Valley,Upper Gorge Total Release,45.1
2026-07-23 08:58:25,Long Valley,Release at Middle Gorge,0.0
2026-07-23 08:58:25,Northern Owens Valley,Rock Ck. At Owens River (PV) Flow,50.3
2026-07-23 08:58:25,Northern Owens Valley,Pleasant Valley Outflow,360.1
2026-07-23 08:58:25,Northern Owens Valley,Baker Ck. At LA Station Flow,7.1
2026-07-23 08:58:25,Northern Owens Valley,Big Pine Ck. USGS Flow,92.2
2026-07-23 08:58:25,Northern Owens Valley,O.R. Below Big Pine,461.3
2026-07-23 08:58:25,Northern Owens Valley,Fish Springs At RR Flow,39.9
2026-07-23 08:58:25,Northern Owens Valley,Tinemaha Reservoir Outflow,450.2
2026-07-23 08:58:25,Northern Owens Valley,Bishop Creek Through Plant 6,144.8
2026-07-23 08:58:25,Northern Owens Valley,Bishop Creek Around Plant 6,32.2
2026-07-23 08:58:25,Southern Owens Valley,Tinemaha Reservoir Outflow,450.2
2026-07-23 08:58:25,Southern Owens Valley,Indep. Ck. At Junction Flow,13.2
2026-07-23 08:58:25,Southern Owens Valley,LAA at Alabama Flow,409.0
2026-07-23 08:58:25,Southern Owens Valley,Cottonwood Ck. At LAA Flow,9.0
2026-07-23 08:58:25,Southern Owens Valley,LAA at Cottonwood Flow,497.0
2026-07-23 08:58:25,Southern Owens Valley,Haiwee LAA #1 Current Flow,0.0
2026-07-23 08:58:25,Southern Owens Valley,Haiwee LAA #2 Current Flow,194.6
2026-07-23 08:58:25,Southern Owens Valley,Reinhackel Flow,2.9
2026-07-23 08:58:25,Southern Owens Valley,Lubkin Spillgate Outflow,0.0
2026-07-23 08:58:25,Southern Owens Valley,Cartago Spillgate Outflow,0.0
2026-07-23 08:58:25,Southern Owens Valley,Lone Pine Creek Flow,34.1
2026-07-23 08:58:25,Lower Owens River Project,LORP Intake Flow,85.0
2026-07-23 08:58:25,Lower Owens River Project,LORP at Mazourka Canyon Road,0.0
2026-07-23 08:58:25,Lower Owens River Project,LORP at Reinhackle Springs,80.0
2026-07-23 08:58:25,Lower Owens River Project,LORP Above Pumpstation,56.0
2026-07-23 08:58:25,Lower Owens River Project,LORP At Pump Station Discharge Flow,48.0
2026-07-23 08:58:25,Southern District,Haiwee LAA #2 Current Flow,194.6
2026-07-23 08:58:25,Southern District,Haiwee LAA #1 Current Flow,0.0
2026-07-23 08:58:25,Southern District,LAA #1 Flow at Fairmont Reservoir,414.0
2026-07-23 08:58:25,Southern District,LAA #2 Flow at Fairmont Res.,204.3
2026-07-23 08:58:25,Southern District,Bouquet Reservoir Inflow,39.8
2026-07-23 08:58:25,Southern District,Bouquet Reservoir Outflow,0.5
2026-07-23 08:58:25,Southern District,LAA #1 at Soledad Flow,280.3
2026-07-23 08:58:25,Southern District,LAA #2 at Soledad Flow,249.2
2026-07-23 08:58:26,Mono Basin,Mono Lk. Elevation,6382.5
2026-07-23 08:58:26,Mono Basin,Grant Lk. Elevation,7130.0
2026-07-23 08:58:26,Long Valley,Long Valley Elevation,6775.6
2026-07-23 08:58:26,Northern Owens Valley,Pleasant Valley Elevation,4383.3
2026-07-23 08:58:26,Northern Owens Valley,Tinemaha Elevation,3861.6
2026-07-23 08:58:26,Southern Owens Valley,Tinemaha Elevation,3861.6
2026-07-23 08:58:26,Southern Owens Valley,LAA at Alabama Level,7.9
2026-07-23 08:58:26,Southern Owens Valley,LAA at Alabama Water Temp,73.7
2026-07-23 08:58:26,Southern Owens Valley,LAA at Cottonwood Level,9.3
2026-07-23 08:58:26,Southern Owens Valley,LAA at Cotton. Water Temp,74.7
2026-07-23 08:58:26,Southern Owens Valley,N. Haiwee Elevation,3757.0
2026-07-23 08:58:26,Southern Owens Valley,S. Haiwee Reservoir Elevation,3731.4
2026-07-23 08:58:26,Southern District,S. Haiwee Reservoir Elevation,3731.4
2026-07-23 08:58:26,Southern District,Fairmont Reservoir Elevation,3025.5
2026-07-23 08:58:26,Southern District,Bouquet Reservoir Elevation,2981.0
2026-07-23 09:13:25,Mono Basin,Lee Vining Intake Above Flow,60.4
2026-07-23 09:13:25,Mono Basin,Lee Vining Intake Below Flow,32.5
2026-07-23 09:13:25,Mono Basin,Walker Ck. Above Conduit Flow,8.0
2026-07-23 09:13:25,Mono Basin,L.V. Conduit Below Intake Flow,24.9
2026-07-23 09:13:25,Mono Basin,Walker Ck. Under Conduit Flow,8.0
2026-07-23 09:13:25,Mono Basin,Parker Ck. Under Conduit Flow,29.0
2026-07-23 09:13:25,Mono Basin,Parker Ck. Above Conduit Flow,31.0
2026-07-23 09:13:25,Mono Basin,Grant Lk. Spill Flow,0.0
2026-07-23 09:13:25,Mono Basin,Mono Gate 1 Return Ditch Flow,41.8
2026-07-23 09:13:25,Mono Basin,Grant Lk. Outflow,42.2
2026-07-23 09:13:25,Mono Basin,Rush Ck. at Damsite Flow,28.2
2026-07-23 09:13:25,Mono Basin,Flow to West Portal,0.0
2026-07-23 09:13:25,Long Valley,East Portal Flow,12.0
2026-07-23 09:13:25,Long Valley,OR Below EP Flow,57.0
2026-07-23 09:13:25,Long Valley,Hot Ck.at Hwy. Flow,13.0
2026-07-23 09:13:25,Long Valley,McGee Ck. Lower Sta. Flow,13.6
2026-07-23 09:13:25,Long Valley,Long Valley Current Outflow,220.2
2026-07-23 09:13:25,Long Valley,Rock Ck. Div. Flow,0.8
2026-07-23 09:13:25,Long Valley,Upper Gorge Total Release,44.8
2026-07-23 09:13:25,Long Valley,Release at Middle Gorge,0.0
2026-07-23 09:13:25,Northern Owens Valley,Rock Ck. At Owens River (PV) Flow,50.3
2026-07-23 09:13:25,Northern Owens Valley,Pleasant Valley Outflow,362.5
2026-07-23 09:13:25,Northern Owens Valley,Baker Ck. At LA Station Flow,7.1
2026-07-23 09:13:25,Northern Owens Valley,Big Pine Ck. USGS Flow,92.2
2026-07-23 09:13:25,Northern Owens Valley,O.R. Below Big Pine,461.3
2026-07-23 09:13:25,Northern Owens Valley,Fish Springs At RR Flow,39.9
2026-07-23 09:13:25,Northern Owens Valley,Tinemaha Reservoir Outflow,449.4
2026-07-23 09:13:25,Northern Owens Valley,Bishop Creek Through Plant 6,144.8
2026-07-23 09:13:25,Northern Owens Valley,Bishop Creek Around Plant 6,32.2
2026-07-23 09:13:25,Southern Owens Valley,Tinemaha Reservoir Outflow,449.4
2026-07-23 09:13:25,Southern Owens Valley,Indep. Ck. At Junction Flow,13.2
2026-07-23 09:13:25,Southern Owens Valley,LAA at Alabama Flow,410.0
2026-07-23 09:13:25,Southern Owens Valley,Cottonwood Ck. At LAA Flow,8.0
2026-07-23 09:13:25,Southern Owens Valley,LAA at Cottonwood Flow,497.0
2026-07-23 09:13:25,Southern Owens Valley,Haiwee LAA #1 Current Flow,0.0
2026-07-23 09:13:25,Southern Owens Valley,Haiwee LAA #2 Current Flow,194.6
2026-07-23 09:13:25,Southern Owens Valley,Reinhackel Flow,2.9
2026-07-23 09:13:25,Southern Owens Valley,Lubkin Spillgate Outflow,0.0
2026-07-23 09:13:25,Southern Owens Valley,Cartago Spillgate Outflow,0.0
2026-07-23 09:13:25,Southern Owens Valley,Lone Pine Creek Flow,33.8
2026-07-23 09:13:25,Lower Owens River Project,LORP Intake Flow,85.0
2026-07-23 09:13:25,Lower Owens River Project,LORP at Mazourka Canyon Road,0.0
2026-07-23 09:13:25,Lower Owens River Project,LORP at Reinhackle Springs,80.0
2026-07-23 09:13:25,Lower Owens River Project,LORP Above Pumpstation,55.0
2026-07-23 09:13:25,Lower Owens River Project,LORP At Pump Station Discharge Flow,48.0
2026-07-23 09:13:25,Southern District,Haiwee LAA #2 Current Flow,194.6
2026-07-23 09:13:25,Southern District,Haiwee LAA #1 Current Flow,0.0
2026-07-23 09:13:25,Southern District,LAA #1 Flow at Fairmont Reservoir,414.5
2026-07-23 09:13:25,Southern District,LAA #2 Flow at Fairmont Res.,204.3
2026-07-23 09:13:25,Southern District,Bouquet Reservoir Inflow,39.9
2026-07-23 09:13:25,Southern District,Bouquet Reservoir Outflow,0.5
2026-07-23 09:13:25,Southern District,LAA #1 at Soledad Flow,280.3
2026-07-23 09:13:25,Southern District,LAA #2 at Soledad Flow,249.2
2026-07-23 09:13:26,Mono Basin,Mono Lk. Elevation,6382.5
2026-07-23 09:13:26,Mono Basin,Grant Lk. Elevation,7130.0
2026-07-23 09:13:26,Long Valley,Long Valley Elevation,6775.6
2026-07-23 09:13:26,Northern Owens Valley,Pleasant Valley Elevation,4383.3
2026-07-23 09:13:26,Southern Owens Valley,LAA at Alabama Level,7.9
2026-07-23 09:13:26,Southern Owens Valley,LAA at Alabama Water Temp,73.7
2026-07-23 09:13:26,Southern Owens Valley,LAA at Cottonwood Level,9.3
2026-07-23 09:13:26,Southern Owens Valley,LAA at Cotton. Water Temp,74.7
2026-07-23 09:13:26,Southern Owens Valley,N. Haiwee Elevation,3757.0
2026-07-23 09:13:26,Southern Owens Valley,S. Haiwee Reservoir Elevation,3731.4
2026-07-23 09:13:26,Southern District,S. Haiwee Reservoir Elevation,3731.4
2026-07-23 09:13:26,Southern District,Fairmont Reservoir Elevation,3025.5
2026-07-23 09:13:26,Southern District,Bouquet Reservoir Elevation,2981.0
2026-07-23 09:28:25,Mono Basin,Lee Vining Intake Above Flow,60.4
2026-07-23 09:28:25,Mono Basin,Lee Vining Intake Below Flow,32.5
2026-07-23 09:28:25,Mono Basin,Walker Ck. Above Conduit Flow,8.0
2026-07-23 09:28:25,Mono Basin,L.V. Conduit Below Intake Flow,24.9
2026-07-23 09:28:25,Mono Basin,Walker Ck. Under Conduit Flow,8.0
2026-07-23 09:28:25,Mono Basin,Parker Ck. Under Conduit Flow,30.0
2026-07-23 09:28:25,Mono Basin,Parker Ck. Above Conduit Flow,31.0
2026-07-23 09:28:25,Mono Basin,Grant Lk. Spill Flow,0.0
2026-07-23 09:28:25,Mono Basin,Mono Gate 1 Return Ditch Flow,41.9
2026-07-23 09:28:25,Mono Basin,Grant Lk. Outflow,42.1
2026-07-23 09:28:25,Mono Basin,Rush Ck. at Damsite Flow,28.2
2026-07-23 09:28:25,Mono Basin,Flow to West Portal,0.0
2026-07-23 09:28:25,Long Valley,East Portal Flow,12.0
2026-07-23 09:28:25,Long Valley,OR Below EP Flow,57.0
2026-07-23 09:28:25,Long Valley,Hot Ck.at Hwy. Flow,13.0
2026-07-23 09:28:25,Long Valley,McGee Ck. Lower Sta. Flow,13.6
2026-07-23 09:28:25,Long Valley,Long Valley Current Outflow,220.2
2026-07-23 09:28:25,Long Valley,Rock Ck. Div. Flow,0.8
2026-07-23 09:28:25,Long Valley,Upper Gorge Total Release,45.3
2026-07-23 09:28:25,Long Valley,Release at Middle Gorge,0.0
2026-07-23 09:28:25,Northern Owens Valley,Rock Ck. At Owens River (PV) Flow,50.1
2026-07-23 09:28:25,Northern Owens Valley,Pleasant Valley Outflow,360.9
2026-07-23 09:28:25,Northern Owens Valley,Baker Ck. At LA Station Flow,7.1
2026-07-23 09:28:25,Northern Owens Valley,Big Pine Ck. USGS Flow,92.2
2026-07-23 09:28:25,Northern Owens Valley,O.R. Below Big Pine,461.3
2026-07-23 09:28:25,Northern Owens Valley,Fish Springs At RR Flow,39.9
2026-07-23 09:28:25,Northern Owens Valley,Tinemaha Reservoir Outflow,449.4
2026-07-23 09:28:25,Northern Owens Valley,Bishop Creek Through Plant 6,144.8
2026-07-23 09:28:25,Northern Owens Valley,Bishop Creek Around Plant 6,32.2
2026-07-23 09:28:25,Southern Owens Valley,Tinemaha Reservoir Outflow,449.4
2026-07-23 09:28:25,Southern Owens Valley,Indep. Ck. At Junction Flow,13.2
2026-07-23 09:28:25,Southern Owens Valley,LAA at Alabama Flow,410.0
2026-07-23 09:28:25,Southern Owens Valley,LAA at Alabama Water Temp,73.7
2026-07-23 09:28:25,Southern Owens Valley,Cottonwood Ck. At LAA Flow,8.0
2026-07-23 09:28:25,Southern Owens Valley,LAA at Cottonwood Flow,497.0
2026-07-23 09:28:25,Southern Owens Valley,LAA at Cotton. Water Temp,74.7
2026-07-23 09:28:25,Southern Owens Valley,Haiwee LAA #1 Current Flow,0.0
2026-07-23 09:28:25,Southern Owens Valley,Haiwee LAA #2 Current Flow,194.6
2026-07-23 09:28:25,Southern Owens Valley,Reinhackel Flow,2.9
2026-07-23 09:28:25,Southern Owens Valley,Lubkin Spillgate Outflow,0.0
2026-07-23 09:28:25,Southern Owens Valley,Cartago Spillgate Outflow,0.0
2026-07-23 09:28:25,Southern Owens Valley,Lone Pine Creek Flow,33.8
2026-07-23 09:28:25,Lower Owens River Project,LORP Intake Flow,85.0
2026-07-23 09:28:25,Lower Owens River Project,LORP at Mazourka Canyon Road,0.0
2026-07-23 09:28:25,Lower Owens River Project,LORP at Reinhackle Springs,80.0
2026-07-23 09:28:25,Lower Owens River Project,LORP Above Pumpstation,55.0
2026-07-23 09:28:25,Lower Owens River Project,LORP At Pump Station Discharge Flow,49.0
2026-07-23 09:28:25,Southern District,Haiwee LAA #2 Current Flow,194.6
2026-07-23 09:28:25,Southern District,Haiwee LAA #1 Current Flow,0.0
2026-07-23 09:28:25,Southern District,LAA #1 Flow at Fairmont Reservoir,413.8
2026-07-23 09:28:25,Southern District,LAA #2 Flow at Fairmont Res.,204.3
2026-07-23 09:28:25,Southern District,Bouquet Reservoir Inflow,39.9
2026-07-23 09:28:25,Southern District,Bouquet Reservoir Outflow,0.5
2026-07-23 09:28:25,Southern District,LAA #1 at Soledad Flow,280.3
2026-07-23 09:28:25,Southern District,LAA #2 at Soledad Flow,249.2
2026-07-23 09:28:26,Mono Basin,Mono Lk. Elevation,6382.5
2026-07-23 09:28:26,Mono Basin,Grant Lk. Elevation,7129.9
2026-07-23 09:28:26,Long Valley,Long Valley Elevation,6775.6
2026-07-23 09:28:26,Northern Owens Valley,Pleasant Valley Elevation,4383.3
2026-07-23 09:28:26,Northern Owens Valley,Tinemaha Elevation,3861.6
2026-07-23 09:28:26,Southern Owens Valley,Tinemaha Elevation,3861.6
2026-07-23 09:28:26,Southern Owens Valley,LAA at Alabama Level,7.9
2026-07-23 09:28:26,Southern Owens Valley,LAA at Cottonwood Level,9.3
2026-07-23 09:28:26,Southern Owens Valley,N. Haiwee Elevation,3757.0
2026-07-23 09:28:26,Southern Owens Valley,S. Haiwee Reservoir Elevation,3731.4
2026-07-23 09:28:26,Southern District,S. Haiwee Reservoir Elevation,3731.4
2026-07-23 09:28:26,Southern District,Fairmont Reservoir Elevation,3025.5
2026-07-23 09:28:26,Southern District,Bouquet Reservoir Elevation,2981.0
2026-07-23 09:43:25,Mono Basin,Lee Vining Intake Above Flow,60.1
2026-07-23 09:43:25,Mono Basin,Lee Vining Intake Below Flow,33.2
2026-07-23 09:43:25,Mono Basin,Walker Ck. Above Conduit Flow,8.0
2026-07-23 09:43:25,Mono Basin,L.V. Conduit Below Intake Flow,25.1
2026-07-23 09:43:25,Mono Basin,Walker Ck. Under Conduit Flow,8.0
2026-07-23 09:43:25,Mono Basin,Parker Ck. Under Conduit Flow,30.0
2026-07-23 09:43:25,Mono Basin,Parker Ck. Above Conduit Flow,31.0
2026-07-23 09:43:25,Mono Basin,Grant Lk. Spill Flow,0.0
2026-07-23 09:43:25,Mono Basin,Mono Gate 1 Return Ditch Flow,41.9
2026-07-23 09:43:25,Mono Basin,Grant Lk. Outflow,42.1
2026-07-23 09:43:25,Mono Basin,Rush Ck. at Damsite Flow,28.2
2026-07-23 09:43:25,Mono Basin,Flow to West Portal,0.0
2026-07-23 09:43:25,Long Valley,East Portal Flow,12.0
2026-07-23 09:43:25,Long Valley,OR Below EP Flow,57.0
2026-07-23 09:43:25,Long Valley,Hot Ck.at Hwy. Flow,13.0
2026-07-23 09:43:25,Long Valley,McGee Ck. Lower Sta. Flow,13.6
2026-07-23 09:43:25,Long Valley,Long Valley Current Outflow,220.2
2026-07-23 09:43:25,Long Valley,Rock Ck. Div. Flow,0.8
2026-07-23 09:43:25,Long Valley,Upper Gorge Total Release,45.2
2026-07-23 09:43:25,Long Valley,Release at Middle Gorge,0.0
2026-07-23 09:43:25,Northern Owens Valley,Rock Ck. At Owens River (PV) Flow,50.0
2026-07-23 09:43:25,Northern Owens Valley,Pleasant Valley Outflow,362.6
2026-07-23 09:43:25,Northern Owens Valley,Baker Ck. At LA Station Flow,7.1
2026-07-23 09:43:25,Northern Owens Valley,Big Pine Ck. USGS Flow,92.2
2026-07-23 09:43:25,Northern Owens Valley,O.R. Below Big Pine,461.4
2026-07-23 09:43:25,Northern Owens Valley,Fish Springs At RR Flow,39.9
2026-07-23 09:43:25,Northern Owens Valley,Tinemaha Reservoir Outflow,449.4
2026-07-23 09:43:25,Northern Owens Valley,Bishop Creek Through Plant 6,150.4
2026-07-23 09:43:25,Northern Owens Valley,Bishop Creek Around Plant 6,32.4
2026-07-23 09:43:25,Southern Owens Valley,Tinemaha Reservoir Outflow,449.4
2026-07-23 09:43:25,Southern Owens Valley,Indep. Ck. At Junction Flow,13.2
2026-07-23 09:43:25,Southern Owens Valley,LAA at Alabama Flow,410.0
2026-07-23 09:43:25,Southern Owens Valley,Cottonwood Ck. At LAA Flow,8.0
2026-07-23 09:43:25,Southern Owens Valley,LAA at Cottonwood Flow,498.0
2026-07-23 09:43:25,Southern Owens Valley,Haiwee LAA #1 Current Flow,0.0
2026-07-23 09:43:25,Southern Owens Valley,Haiwee LAA #2 Current Flow,194.6
2026-07-23 09:43:25,Southern Owens Valley,Reinhackel Flow,2.9
2026-07-23 09:43:25,Southern Owens Valley,Lubkin Spillgate Outflow,0.0
2026-07-23 09:43:25,Southern Owens Valley,Cartago Spillgate Outflow,0.0
2026-07-23 09:43:25,Southern Owens Valley,Lone Pine Creek Flow,33.6
2026-07-23 09:43:25,Lower Owens River Project,LORP Intake Flow,85.0
2026-07-23 09:43:25,Lower Owens River Project,LORP at Mazourka Canyon Road,0.0
2026-07-23 09:43:25,Lower Owens River Project,LORP at Reinhackle Springs,80.0
2026-07-23 09:43:25,Lower Owens River Project,LORP Above Pumpstation,54.0
2026-07-23 09:43:25,Lower Owens River Project,LORP At Pump Station Discharge Flow,48.0
2026-07-23 09:43:25,Southern District,Haiwee LAA #2 Current Flow,194.6
2026-07-23 09:43:25,Southern District,Haiwee LAA #1 Current Flow,0.0
2026-07-23 09:43:25,Southern District,LAA #1 Flow at Fairmont Reservoir,414.5
2026-07-23 09:43:25,Southern District,LAA #2 Flow at Fairmont Res.,204.2
2026-07-23 09:43:25,Southern District,Bouquet Reservoir Inflow,39.9
2026-07-23 09:43:25,Southern District,Bouquet Reservoir Outflow,0.5
2026-07-23 09:43:25,Southern District,LAA #1 at Soledad Flow,280.3
2026-07-23 09:43:25,Southern District,LAA #2 at Soledad Flow,249.2
2026-07-23 09:43:26,Mono Basin,Mono Lk. Elevation,6382.5
2026-07-23 09:43:26,Mono Basin,Grant Lk. Elevation,7129.9
2026-07-23 09:43:26,Long Valley,Long Valley Elevation,6775.6
2026-07-23 09:43:26,Northern Owens Valley,Pleasant Valley Elevation,4383.3
2026-07-23 09:43:26,Southern Owens Valley,LAA at Alabama Level,7.9
2026-07-23 09:43:26,Southern Owens Valley,LAA at Alabama Water Temp,73.7
2026-07-23 09:43:26,Southern Owens Valley,LAA at Cottonwood Level,9.3
2026-07-23 09:43:26,Southern Owens Valley,LAA at Cotton. Water Temp,74.8
2026-07-23 09:43:26,Southern Owens Valley,N. Haiwee Elevation,3757.0
2026-07-23 09:43:26,Southern Owens Valley,S. Haiwee Reservoir Elevation,3731.4
2026-07-23 09:43:26,Southern District,S. Haiwee Reservoir Elevation,3731.4
2026-07-23 09:43:26,Southern District,Fairmont Reservoir Elevation,3025.5
2026-07-23 09:43:26,Southern District,Bouquet Reservoir Elevation,2981.0
2026-07-23 09:58:25,Mono Basin,Lee Vining Intake Above Flow,60.1
2026-07-23 09:58:25,Mono Basin,Lee Vining Intake Below Flow,33.2
2026-07-23 09:58:25,Mono Basin,Mono Lk. Elevation,6382.5
2026-07-23 09:58:25,Mono Basin,Walker Ck. Above Conduit Flow,8.0
2026-07-23 09:58:25,Mono Basin,L.V. Conduit Below Intake Flow,25.1
2026-07-23 09:58:25,Mono Basin,Walker Ck. Under Conduit Flow,8.0
2026-07-23 09:58:25,Mono Basin,Parker Ck. Under Conduit Flow,30.0
2026-07-23 09:58:25,Mono Basin,Parker Ck. Above Conduit Flow,31.0
2026-07-23 09:58:25,Mono Basin,Grant Lk. Spill Flow,0.0
2026-07-23 09:58:25,Mono Basin,Mono Gate 1 Return Ditch Flow,41.9
2026-07-23 09:58:25,Mono Basin,Grant Lk. Elevation,7129.9
2026-07-23 09:58:25,Mono Basin,Grant Lk. Outflow,42.1
2026-07-23 09:58:25,Mono Basin,Rush Ck. at Damsite Flow,28.2
2026-07-23 09:58:25,Mono Basin,Flow to West Portal,0.0
2026-07-23 09:58:25,Long Valley,East Portal Flow,12.0
2026-07-23 09:58:25,Long Valley,OR Below EP Flow,57.0
2026-07-23 09:58:25,Long Valley,Hot Ck.at Hwy. Flow,13.0
2026-07-23 09:58:25,Long Valley,McGee Ck. Lower Sta. Flow,13.6
2026-07-23 09:58:25,Long Valley,Long Valley Elevation,6775.6
2026-07-23 09:58:25,Long Valley,Long Valley Current Outflow,220.2
2026-07-23 09:58:25,Long Valley,Rock Ck. Div. Flow,0.8
2026-07-23 09:58:25,Long Valley,Upper Gorge Total Release,45.2
2026-07-23 09:58:25,Long Valley,Release at Middle Gorge,0.0
2026-07-23 09:58:25,Northern Owens Valley,Rock Ck. At Owens River (PV) Flow,49.8
2026-07-23 09:58:25,Northern Owens Valley,Pleasant Valley Elevation,4383.3
2026-07-23 09:58:25,Northern Owens Valley,Pleasant Valley Outflow,365.4
2026-07-23 09:58:25,Northern Owens Valley,Baker Ck. At LA Station Flow,7.1
2026-07-23 09:58:25,Northern Owens Valley,Big Pine Ck. USGS Flow,92.2
2026-07-23 09:58:25,Northern Owens Valley,O.R. Below Big Pine,461.9
2026-07-23 09:58:25,Northern Owens Valley,Fish Springs At RR Flow,39.9
2026-07-23 09:58:25,Northern Owens Valley,Tinemaha Elevation,3861.6
2026-07-23 09:58:25,Northern Owens Valley,Tinemaha Reservoir Outflow,450.2
2026-07-23 09:58:25,Northern Owens Valley,Bishop Creek Through Plant 6,149.1
2026-07-23 09:58:25,Northern Owens Valley,Bishop Creek Around Plant 6,32.4
2026-07-23 09:58:25,Southern Owens Valley,Tinemaha Elevation,3861.6
2026-07-23 09:58:25,Southern Owens Valley,Tinemaha Reservoir Outflow,450.2
2026-07-23 09:58:25,Southern Owens Valley,Indep. Ck. At Junction Flow,13.2
2026-07-23 09:58:25,Southern Owens Valley,LAA at Alabama Flow,410.0
2026-07-23 09:58:25,Southern Owens Valley,LAA at Alabama Level,7.9
2026-07-23 09:58:25,Southern Owens Valley,LAA at Alabama Water Temp,73.7
2026-07-23 09:58:25,Southern Owens Valley,Cottonwood Ck. At LAA Flow,8.0
2026-07-23 09:58:25,Southern Owens Valley,LAA at Cottonwood Flow,498.0
2026-07-23 09:58:25,Southern Owens Valley,LAA at Cottonwood Level,9.3
2026-07-23 09:58:25,Southern Owens Valley,LAA at Cotton. Water Temp,74.9
2026-07-23 09:58:25,Southern Owens Valley,N. Haiwee Elevation,3757.0
2026-07-23 09:58:25,Southern Owens Valley,S. Haiwee Reservoir Elevation,3731.4
2026-07-23 09:58:25,Southern Owens Valley,Haiwee LAA #1 Current Flow,0.0
2026-07-23 09:58:25,Southern Owens Valley,Haiwee LAA #2 Current Flow,194.6
2026-07-23 09:58:25,Southern Owens Valley,Reinhackel Flow,2.9
2026-07-23 09:58:25,Southern Owens Valley,Lubkin Spillgate Outflow,0.0
2026-07-23 09:58:25,Southern Owens Valley,Cartago Spillgate Outflow,0.0
2026-07-23 09:58:25,Southern Owens Valley,Lone Pine Creek Flow,33.6
2026-07-23 09:58:25,Lower Owens River Project,LORP Intake Flow,85.0
2026-07-23 09:58:25,Lower Owens River Project,LORP at Mazourka Canyon Road,0.0
2026-07-23 09:58:25,Lower Owens River Project,LORP at Reinhackle Springs,80.0
2026-07-23 09:58:25,Lower Owens River Project,LORP Above Pumpstation,54.0
2026-07-23 09:58:25,Lower Owens River Project,LORP At Pump Station Discharge Flow,48.0
2026-07-23 09:58:25,Southern District,Haiwee LAA #2 Current Flow,194.6
2026-07-23 09:58:25,Southern District,S. Haiwee Reservoir Elevation,3731.4
2026-07-23 09:58:25,Southern District,Haiwee LAA #1 Current Flow,0.0
2026-07-23 09:58:25,Southern District,LAA #1 Flow at Fairmont Reservoir,414.8
2026-07-23 09:58:25,Southern District,LAA #2 Flow at Fairmont Res.,204.3
2026-07-23 09:58:25,Southern District,Bouquet Reservoir Inflow,39.0
2026-07-23 09:58:25,Southern District,Bouquet Reservoir Outflow,0.5
2026-07-23 09:58:25,Southern District,LAA #1 at Soledad Flow,280.3
2026-07-23 09:58:25,Southern District,LAA #2 at Soledad Flow,249.2
2026-07-23 09:58:26,Southern District,Fairmont Reservoir Elevation,3025.5
2026-07-23 09:58:26,Southern District,Bouquet Reservoir Elevation,2981.0
2026-07-23 10:13:25,Mono Basin,Lee Vining Intake Above Flow,61.1
2026-07-23 10:13:25,Mono Basin,Lee Vining Intake Below Flow,32.7
2026-07-23 10:13:25,Mono Basin,Walker Ck. Above Conduit Flow,8.0
2026-07-23 10:13:25,Mono Basin,L.V. Conduit Below Intake Flow,25.1
2026-07-23 10:13:25,Mono Basin,Walker Ck. Under Conduit Flow,8.0
2026-07-23 10:13:25,Mono Basin,Parker Ck. Under Conduit Flow,30.0
2026-07-23 10:13:25,Mono Basin,Parker Ck. Above Conduit Flow,31.0
2026-07-23 10:13:25,Mono Basin,Grant Lk. Spill Flow,0.0
2026-07-23 10:13:25,Mono Basin,Mono Gate 1 Return Ditch Flow,41.9
2026-07-23 10:13:25,Mono Basin,Grant Lk. Outflow,42.1
2026-07-23 10:13:25,Mono Basin,Rush Ck. at Damsite Flow,28.2
2026-07-23 10:13:25,Mono Basin,Flow to West Portal,0.0
2026-07-23 10:13:25,Long Valley,East Portal Flow,12.0
2026-07-23 10:13:25,Long Valley,OR Below EP Flow,57.0
2026-07-23 10:13:25,Long Valley,Hot Ck.at Hwy. Flow,13.0
2026-07-23 10:13:25,Long Valley,McGee Ck. Lower Sta. Flow,13.6
2026-07-23 10:13:25,Long Valley,Long Valley Current Outflow,220.2
2026-07-23 10:13:25,Long Valley,Rock Ck. Div. Flow,0.8
2026-07-23 10:13:25,Long Valley,Upper Gorge Total Release,45.3
2026-07-23 10:13:25,Long Valley,Release at Middle Gorge,0.0
2026-07-23 10:13:25,Northern Owens Valley,Rock Ck. At Owens River (PV) Flow,49.6
2026-07-23 10:13:25,Northern Owens Valley,Pleasant Valley Outflow,365.7
2026-07-23 10:13:25,Northern Owens Valley,Baker Ck. At LA Station Flow,7.1
2026-07-23 10:13:25,Northern Owens Valley,Big Pine Ck. USGS Flow,92.2
2026-07-23 10:13:25,Northern Owens Valley,O.R. Below Big Pine,461.9
2026-07-23 10:13:25,Northern Owens Valley,Fish Springs At RR Flow,39.9
2026-07-23 10:13:25,Northern Owens Valley,Tinemaha Reservoir Outflow,451.0
2026-07-23 10:13:25,Northern Owens Valley,Bishop Creek Through Plant 6,143.4
2026-07-23 10:13:25,Northern Owens Valley,Bishop Creek Around Plant 6,32.3
2026-07-23 10:13:25,Southern Owens Valley,Tinemaha Reservoir Outflow,451.0
2026-07-23 10:13:25,Southern Owens Valley,Indep. Ck. At Junction Flow,13.2
2026-07-23 10:13:25,Southern Owens Valley,LAA at Alabama Flow,409.0
2026-07-23 10:13:25,Southern Owens Valley,Cottonwood Ck. At LAA Flow,8.0
2026-07-23 10:13:25,Southern Owens Valley,LAA at Cottonwood Flow,498.0
2026-07-23 10:13:25,Southern Owens Valley,Haiwee LAA #1 Current Flow,0.0
2026-07-23 10:13:25,Southern Owens Valley,Haiwee LAA #2 Current Flow,194.9
2026-07-23 10:13:25,Southern Owens Valley,Reinhackel Flow,2.9
2026-07-23 10:13:25,Southern Owens Valley,Lubkin Spillgate Outflow,0.0
2026-07-23 10:13:25,Southern Owens Valley,Cartago Spillgate Outflow,0.0
2026-07-23 10:13:25,Southern Owens Valley,Lone Pine Creek Flow,34.2
2026-07-23 10:13:25,Lower Owens River Project,LORP Intake Flow,85.0
2026-07-23 10:13:25,Lower Owens River Project,LORP at Mazourka Canyon Road,0.0
2026-07-23 10:13:25,Lower Owens River Project,LORP at Reinhackle Springs,80.0
2026-07-23 10:13:25,Lower Owens River Project,LORP Above Pumpstation,54.0
2026-07-23 10:13:25,Lower Owens River Project,LORP At Pump Station Discharge Flow,48.0
2026-07-23 10:13:25,Southern District,Haiwee LAA #2 Current Flow,194.9
2026-07-23 10:13:25,Southern District,Haiwee LAA #1 Current Flow,0.0
2026-07-23 10:13:25,Southern District,LAA #1 Flow at Fairmont Reservoir,413.7
2026-07-23 10:13:25,Southern District,LAA #2 Flow at Fairmont Res.,204.3
2026-07-23 10:13:25,Southern District,Bouquet Reservoir Inflow,40.1
2026-07-23 10:13:25,Southern District,Bouquet Reservoir Outflow,0.5
2026-07-23 10:13:25,Southern District,LAA #1 at Soledad Flow,280.3
2026-07-23 10:13:25,Southern District,LAA #2 at Soledad Flow,249.2
2026-07-23 10:13:26,Mono Basin,Mono Lk. Elevation,6382.5
2026-07-23 10:13:26,Mono Basin,Grant Lk. Elevation,7129.9
2026-07-23 10:13:26,Long Valley,Long Valley Elevation,6775.6
2026-07-23 10:13:26,Northern Owens Valley,Pleasant Valley Elevation,4383.2
2026-07-23 10:13:26,Southern Owens Valley,LAA at Alabama Level,7.9
2026-07-23 10:13:26,Southern Owens Valley,LAA at Alabama Water Temp,74.2
2026-07-23 10:13:26,Southern Owens Valley,LAA at Cottonwood Level,9.3
2026-07-23 10:13:26,Southern Owens Valley,LAA at Cotton. Water Temp,74.9
2026-07-23 10:13:26,Southern Owens Valley,N. Haiwee Elevation,3757.0
2026-07-23 10:13:26,Southern Owens Valley,S. Haiwee Reservoir Elevation,3731.4
2026-07-23 10:13:26,Southern District,S. Haiwee Reservoir Elevation,3731.4
2026-07-23 10:13:26,Southern District,Fairmont Reservoir Elevation,3025.5
2026-07-23 10:13:26,Southern District,Bouquet Reservoir Elevation,2981.0
2026-07-23 10:28:25,Mono Basin,Lee Vining Intake Above Flow,61.1
2026-07-23 10:28:25,Mono Basin,Lee Vining Intake Below Flow,32.7
2026-07-23 10:28:25,Mono Basin,Walker Ck. Above Conduit Flow,8.0
2026-07-23 10:28:25,Mono Basin,L.V. Conduit Below Intake Flow,25.1
2026-07-23 10:28:25,Mono Basin,Walker Ck. Under Conduit Flow,8.0
2026-07-23 10:28:25,Mono Basin,Parker Ck. Under Conduit Flow,30.0
2026-07-23 10:28:25,Mono Basin,Parker Ck. Above Conduit Flow,31.0
2026-07-23 10:28:25,Mono Basin,Grant Lk. Spill Flow,0.0
2026-07-23 10:28:25,Mono Basin,Mono Gate 1 Return Ditch Flow,42.0
2026-07-23 10:28:25,Mono Basin,Grant Lk. Outflow,42.1
2026-07-23 10:28:25,Mono Basin,Rush Ck. at Damsite Flow,28.2
2026-07-23 10:28:25,Mono Basin,Flow to West Portal,0.0
2026-07-23 10:28:25,Long Valley,East Portal Flow,12.0
2026-07-23 10:28:25,Long Valley,OR Below EP Flow,57.0
2026-07-23 10:28:25,Long Valley,Hot Ck.at Hwy. Flow,13.0
2026-07-23 10:28:25,Long Valley,McGee Ck. Lower Sta. Flow,13.6
2026-07-23 10:28:25,Long Valley,Long Valley Current Outflow,220.2
2026-07-23 10:28:25,Long Valley,Rock Ck. Div. Flow,0.8
2026-07-23 10:28:25,Long Valley,Upper Gorge Total Release,44.8
2026-07-23 10:28:25,Long Valley,Release at Middle Gorge,0.0
2026-07-23 10:28:25,Northern Owens Valley,Rock Ck. At Owens River (PV) Flow,49.6
2026-07-23 10:28:25,Northern Owens Valley,Pleasant Valley Outflow,363.2
2026-07-23 10:28:25,Northern Owens Valley,Baker Ck. At LA Station Flow,7.1
2026-07-23 10:28:25,Northern Owens Valley,Big Pine Ck. USGS Flow,89.4
2026-07-23 10:28:25,Northern Owens Valley,O.R. Below Big Pine,462.4
2026-07-23 10:28:25,Northern Owens Valley,Fish Springs At RR Flow,39.9
2026-07-23 10:28:25,Northern Owens Valley,Tinemaha Reservoir Outflow,451.0
2026-07-23 10:28:25,Northern Owens Valley,Bishop Creek Through Plant 6,145.3
2026-07-23 10:28:25,Northern Owens Valley,Bishop Creek Around Plant 6,32.2
2026-07-23 10:28:25,Southern Owens Valley,Tinemaha Reservoir Outflow,451.0
2026-07-23 10:28:25,Southern Owens Valley,Indep. Ck. At Junction Flow,13.2
2026-07-23 10:28:25,Southern Owens Valley,LAA at Alabama Flow,409.0
2026-07-23 10:28:25,Southern Owens Valley,LAA at Alabama Level,7.9
2026-07-23 10:28:25,Southern Owens Valley,LAA at Alabama Water Temp,74.3
2026-07-23 10:28:25,Southern Owens Valley,Cottonwood Ck. At LAA Flow,8.0
2026-07-23 10:28:25,Southern Owens Valley,LAA at Cottonwood Flow,498.0
2026-07-23 10:28:25,Southern Owens Valley,LAA at Cottonwood Level,9.3
2026-07-23 10:28:25,Southern Owens Valley,LAA at Cotton. Water Temp,75.0
2026-07-23 10:28:25,Southern Owens Valley,Haiwee LAA #1 Current Flow,0.0
2026-07-23 10:28:25,Southern Owens Valley,Haiwee LAA #2 Current Flow,194.9
2026-07-23 10:28:25,Southern Owens Valley,Reinhackel Flow,2.9
2026-07-23 10:28:25,Southern Owens Valley,Lubkin Spillgate Outflow,0.0
2026-07-23 10:28:25,Southern Owens Valley,Cartago Spillgate Outflow,0.0
2026-07-23 10:28:25,Southern Owens Valley,Lone Pine Creek Flow,34.2
2026-07-23 10:28:25,Lower Owens River Project,LORP Intake Flow,85.0
2026-07-23 10:28:25,Lower Owens River Project,LORP at Mazourka Canyon Road,0.0
2026-07-23 10:28:25,Lower Owens River Project,LORP at Reinhackle Springs,82.0
2026-07-23 10:28:25,Lower Owens River Project,LORP Above Pumpstation,54.0
2026-07-23 10:28:25,Lower Owens River Project,LORP At Pump Station Discharge Flow,48.0
2026-07-23 10:28:25,Southern District,Haiwee LAA #2 Current Flow,194.9
2026-07-23 10:28:25,Southern District,Haiwee LAA #1 Current Flow,0.0
2026-07-23 10:28:25,Southern District,LAA #1 Flow at Fairmont Reservoir,414.8
2026-07-23 10:28:25,Southern District,LAA #2 Flow at Fairmont Res.,203.6
2026-07-23 10:28:25,Southern District,Bouquet Reservoir Inflow,39.3
2026-07-23 10:28:25,Southern District,Bouquet Reservoir Outflow,0.5
2026-07-23 10:28:25,Southern District,LAA #1 at Soledad Flow,280.3
2026-07-23 10:28:25,Southern District,LAA #2 at Soledad Flow,249.2
2026-07-23 10:28:26,Mono Basin,Mono Lk. Elevation,6382.5
2026-07-23 10:28:26,Mono Basin,Grant Lk. Elevation,7130.0
2026-07-23 10:28:26,Long Valley,Long Valley Elevation,6775.6
2026-07-23 10:28:26,Northern Owens Valley,Pleasant Valley Elevation,4383.2
2026-07-23 10:28:26,Northern Owens Valley,Tinemaha Elevation,3861.6
2026-07-23 10:28:26,Southern Owens Valley,Tinemaha Elevation,3861.6
2026-07-23 10:28:26,Southern Owens Valley,N. Haiwee Elevation,3757.0
2026-07-23 10:28:26,Southern Owens Valley,S. Haiwee Reservoir Elevation,3731.4
2026-07-23 10:28:26,Southern District,S. Haiwee Reservoir Elevation,3731.4
2026-07-23 10:28:26,Southern District,Fairmont Reservoir Elevation,3025.5
2026-07-23 10:28:26,Southern District,Bouquet Reservoir Elevation,2981.0
2026-07-23 10:43:25,Mono Basin,Lee Vining Intake Above Flow,60.8
2026-07-23 10:43:25,Mono Basin,Lee Vining Intake Below Flow,33.1
2026-07-23 10:43:25,Mono Basin,Walker Ck. Above Conduit Flow,8.0
2026-07-23 10:43:25,Mono Basin,L.V. Conduit Below Intake Flow,25.5
2026-07-23 10:43:25,Mono Basin,Walker Ck. Under Conduit Flow,8.0
2026-07-23 10:43:25,Mono Basin,Parker Ck. Under Conduit Flow,30.0
2026-07-23 10:43:25,Mono Basin,Parker Ck. Above Conduit Flow,31.0
2026-07-23 10:43:25,Mono Basin,Grant Lk. Spill Flow,0.0
2026-07-23 10:43:25,Mono Basin,Mono Gate 1 Return Ditch Flow,42.0
2026-07-23 10:43:25,Mono Basin,Grant Lk. Outflow,42.1
2026-07-23 10:43:25,Mono Basin,Rush Ck. at Damsite Flow,28.2
2026-07-23 10:43:25,Mono Basin,Flow to West Portal,0.0
2026-07-23 10:43:25,Long Valley,East Portal Flow,12.0
2026-07-23 10:43:25,Long Valley,OR Below EP Flow,57.0
2026-07-23 10:43:25,Long Valley,Hot Ck.at Hwy. Flow,13.0
2026-07-23 10:43:25,Long Valley,McGee Ck. Lower Sta. Flow,13.6
2026-07-23 10:43:25,Long Valley,Long Valley Current Outflow,220.2
2026-07-23 10:43:25,Long Valley,Rock Ck. Div. Flow,0.8
2026-07-23 10:43:25,Long Valley,Upper Gorge Total Release,45.2
2026-07-23 10:43:25,Long Valley,Release at Middle Gorge,0.0
2026-07-23 10:43:25,Northern Owens Valley,Rock Ck. At Owens River (PV) Flow,49.6
2026-07-23 10:43:25,Northern Owens Valley,Pleasant Valley Outflow,365.5
2026-07-23 10:43:25,Northern Owens Valley,Baker Ck. At LA Station Flow,7.1
2026-07-23 10:43:25,Northern Owens Valley,Big Pine Ck. USGS Flow,89.4
2026-07-23 10:43:25,Northern Owens Valley,O.R. Below Big Pine,462.4
2026-07-23 10:43:25,Northern Owens Valley,Fish Springs At RR Flow,39.9
2026-07-23 10:43:25,Northern Owens Valley,Tinemaha Reservoir Outflow,451.0
2026-07-23 10:43:25,Northern Owens Valley,Bishop Creek Through Plant 6,147.1
2026-07-23 10:43:25,Northern Owens Valley,Bishop Creek Around Plant 6,32.2
2026-07-23 10:43:25,Southern Owens Valley,Tinemaha Reservoir Outflow,451.0
2026-07-23 10:43:25,Southern Owens Valley,Indep. Ck. At Junction Flow,13.2
2026-07-23 10:43:25,Southern Owens Valley,LAA at Alabama Flow,409.0
2026-07-23 10:43:25,Southern Owens Valley,Cottonwood Ck. At LAA Flow,8.0
2026-07-23 10:43:25,Southern Owens Valley,LAA at Cottonwood Flow,498.0
2026-07-23 10:43:25,Southern Owens Valley,Haiwee LAA #1 Current Flow,0.0
2026-07-23 10:43:25,Southern Owens Valley,Haiwee LAA #2 Current Flow,194.9
2026-07-23 10:43:25,Southern Owens Valley,Reinhackel Flow,2.9
2026-07-23 10:43:25,Southern Owens Valley,Lubkin Spillgate Outflow,0.0
2026-07-23 10:43:25,Southern Owens Valley,Cartago Spillgate Outflow,0.0
2026-07-23 10:43:25,Southern Owens Valley,Lone Pine Creek Flow,33.2
2026-07-23 10:43:25,Lower Owens River Project,LORP Intake Flow,85.0
2026-07-23 10:43:25,Lower Owens River Project,LORP at Mazourka Canyon Road,0.0
2026-07-23 10:43:25,Lower Owens River Project,LORP at Reinhackle Springs,82.0
2026-07-23 10:43:25,Lower Owens River Project,LORP Above Pumpstation,54.0
2026-07-23 10:43:25,Lower Owens River Project,LORP At Pump Station Discharge Flow,48.0
2026-07-23 10:43:25,Southern District,Haiwee LAA #2 Current Flow,194.9
2026-07-23 10:43:25,Southern District,Haiwee LAA #1 Current Flow,0.0
2026-07-23 10:43:25,Southern District,LAA #1 Flow at Fairmont Reservoir,415.1
2026-07-23 10:43:25,Southern District,LAA #2 Flow at Fairmont Res.,204.2
2026-07-23 10:43:25,Southern District,Bouquet Reservoir Inflow,39.2
2026-07-23 10:43:25,Southern District,Bouquet Reservoir Outflow,0.5
2026-07-23 10:43:25,Southern District,LAA #1 at Soledad Flow,279.5
2026-07-23 10:43:25,Southern District,LAA #2 at Soledad Flow,249.2
2026-07-23 10:43:26,Mono Basin,Mono Lk. Elevation,6382.5
2026-07-23 10:43:26,Mono Basin,Grant Lk. Elevation,7130.0
2026-07-23 10:43:26,Long Valley,Long Valley Elevation,6775.6
2026-07-23 10:43:26,Northern Owens Valley,Pleasant Valley Elevation,4383.2
2026-07-23 10:43:26,Southern Owens Valley,LAA at Alabama Level,7.9
2026-07-23 10:43:26,Southern Owens Valley,LAA at Alabama Water Temp,74.3
2026-07-23 10:43:26,Southern Owens Valley,LAA at Cottonwood Level,9.3
2026-07-23 10:43:26,Southern Owens Valley,LAA at Cotton. Water Temp,75.1
2026-07-23 10:43:26,Southern Owens Valley,N. Haiwee Elevation,3757.0
2026-07-23 10:43:26,Southern Owens Valley,S. Haiwee Reservoir Elevation,3731.4
2026-07-23 10:43:26,Southern District,S. Haiwee Reservoir Elevation,3731.4
2026-07-23 10:43:26,Southern District,Fairmont Reservoir Elevation,3025.5
2026-07-23 10:43:26,Southern District,Bouquet Reservoir Elevation,2981.0
2026-07-23 10:58:25,Mono Basin,Lee Vining Intake Above Flow,60.8
2026-07-23 10:58:25,Mono Basin,Lee Vining Intake Below Flow,33.1
2026-07-23 10:58:25,Mono Basin,Walker Ck. Above Conduit Flow,8.0
2026-07-23 10:58:25,Mono Basin,L.V. Conduit Below Intake Flow,25.5
2026-07-23 10:58:25,Mono Basin,Walker Ck. Under Conduit Flow,8.0
2026-07-23 10:58:25,Mono Basin,Parker Ck. Under Conduit Flow,30.0
2026-07-23 10:58:25,Mono Basin,Parker Ck. Above Conduit Flow,31.0
2026-07-23 10:58:25,Mono Basin,Grant Lk. Spill Flow,0.0
2026-07-23 10:58:25,Mono Basin,Mono Gate 1 Return Ditch Flow,42.0
2026-07-23 10:58:25,Mono Basin,Grant Lk. Outflow,42.1
2026-07-23 10:58:25,Mono Basin,Rush Ck. at Damsite Flow,28.2
2026-07-23 10:58:25,Mono Basin,Flow to West Portal,0.0
2026-07-23 10:58:25,Long Valley,East Portal Flow,12.0
2026-07-23 10:58:25,Long Valley,OR Below EP Flow,57.0
2026-07-23 10:58:25,Long Valley,Hot Ck.at Hwy. Flow,13.0
2026-07-23 10:58:25,Long Valley,McGee Ck. Lower Sta. Flow,13.6
2026-07-23 10:58:25,Long Valley,Long Valley Current Outflow,220.2
2026-07-23 10:58:25,Long Valley,Rock Ck. Div. Flow,0.8
2026-07-23 10:58:25,Long Valley,Upper Gorge Total Release,45.6
2026-07-23 10:58:25,Long Valley,Release at Middle Gorge,0.0
2026-07-23 10:58:25,Northern Owens Valley,Rock Ck. At Owens River (PV) Flow,49.4
2026-07-23 10:58:25,Northern Owens Valley,Pleasant Valley Outflow,365.1
2026-07-23 10:58:25,Northern Owens Valley,Baker Ck. At LA Station Flow,7.1
2026-07-23 10:58:25,Northern Owens Valley,Big Pine Ck. USGS Flow,89.4
2026-07-23 10:58:25,Northern Owens Valley,O.R. Below Big Pine,462.4
2026-07-23 10:58:25,Northern Owens Valley,Fish Springs At RR Flow,39.9
2026-07-23 10:58:25,Northern Owens Valley,Tinemaha Reservoir Outflow,451.0
2026-07-23 10:58:25,Northern Owens Valley,Bishop Creek Through Plant 6,149.1
2026-07-23 10:58:25,Northern Owens Valley,Bishop Creek Around Plant 6,32.0
2026-07-23 10:58:25,Southern Owens Valley,Tinemaha Reservoir Outflow,451.0
2026-07-23 10:58:25,Southern Owens Valley,Indep. Ck. At Junction Flow,13.2
2026-07-23 10:58:25,Southern Owens Valley,LAA at Alabama Flow,409.0
2026-07-23 10:58:25,Southern Owens Valley,LAA at Alabama Water Temp,74.3
2026-07-23 10:58:25,Southern Owens Valley,Cottonwood Ck. At LAA Flow,8.0
2026-07-23 10:58:25,Southern Owens Valley,LAA at Cottonwood Flow,499.0
2026-07-23 10:58:25,Southern Owens Valley,LAA at Cotton. Water Temp,75.3
2026-07-23 10:58:25,Southern Owens Valley,Haiwee LAA #1 Current Flow,0.0
2026-07-23 10:58:25,Southern Owens Valley,Haiwee LAA #2 Current Flow,194.9
2026-07-23 10:58:25,Southern Owens Valley,Reinhackel Flow,2.9
2026-07-23 10:58:25,Southern Owens Valley,Lubkin Spillgate Outflow,0.0
2026-07-23 10:58:25,Southern Owens Valley,Cartago Spillgate Outflow,0.0
2026-07-23 10:58:25,Southern Owens Valley,Lone Pine Creek Flow,33.2
2026-07-23 10:58:25,Lower Owens River Project,LORP Intake Flow,85.0
2026-07-23 10:58:25,Lower Owens River Project,LORP at Mazourka Canyon Road,0.0
2026-07-23 10:58:25,Lower Owens River Project,LORP at Reinhackle Springs,82.0
2026-07-23 10:58:25,Lower Owens River Project,LORP Above Pumpstation,54.0
2026-07-23 10:58:25,Lower Owens River Project,LORP At Pump Station Discharge Flow,48.0
2026-07-23 10:58:25,Southern District,Haiwee LAA #2 Current Flow,194.9
2026-07-23 10:58:25,Southern District,Haiwee LAA #1 Current Flow,0.0
2026-07-23 10:58:25,Southern District,LAA #1 Flow at Fairmont Reservoir,414.0
2026-07-23 10:58:25,Southern District,LAA #2 Flow at Fairmont Res.,204.4
2026-07-23 10:58:25,Southern District,Bouquet Reservoir Inflow,34.2
2026-07-23 10:58:25,Southern District,Bouquet Reservoir Outflow,0.5
2026-07-23 10:58:25,Southern District,LAA #1 at Soledad Flow,279.5
2026-07-23 10:58:25,Southern District,LAA #2 at Soledad Flow,249.2
2026-07-23 10:58:26,Mono Basin,Mono Lk. Elevation,6382.5
2026-07-23 10:58:26,Mono Basin,Grant Lk. Elevation,7130.0
2026-07-23 10:58:26,Long Valley,Long Valley Elevation,6775.6
2026-07-23 10:58:26,Northern Owens Valley,Pleasant Valley Elevation,4383.2
2026-07-23 10:58:26,Northern Owens Valley,Tinemaha Elevation,3861.6
2026-07-23 10:58:26,Southern Owens Valley,Tinemaha Elevation,3861.6
2026-07-23 10:58:26,Southern Owens Valley,LAA at Alabama Level,7.9
2026-07-23 10:58:26,Southern Owens Valley,LAA at Cottonwood Level,9.3
2026-07-23 10:58:26,Southern Owens Valley,N. Haiwee Elevation,3757.0
2026-07-23 10:58:26,Southern Owens Valley,S. Haiwee Reservoir Elevation,3731.4
2026-07-23 10:58:26,Southern District,S. Haiwee Reservoir Elevation,3731.4
2026-07-23 10:58:26,Southern District,Fairmont Reservoir Elevation,3025.5
2026-07-23 10:58:26,Southern District,Bouquet Reservoir Elevation,2981.0
2026-07-23 11:13:25,Mono Basin,Lee Vining Intake Above Flow,61.2
2026-07-23 11:13:25,Mono Basin,Lee Vining Intake Below Flow,33.1
2026-07-23 11:13:25,Mono Basin,Walker Ck. Above Conduit Flow,8.0
2026-07-23 11:13:25,Mono Basin,L.V. Conduit Below Intake Flow,25.3
2026-07-23 11:13:25,Mono Basin,Walker Ck. Under Conduit Flow,8.0
2026-07-23 11:13:25,Mono Basin,Parker Ck. Under Conduit Flow,30.0
2026-07-23 11:13:25,Mono Basin,Parker Ck. Above Conduit Flow,31.0
2026-07-23 11:13:25,Mono Basin,Grant Lk. Spill Flow,0.0
2026-07-23 11:13:25,Mono Basin,Mono Gate 1 Return Ditch Flow,42.0
2026-07-23 11:13:25,Mono Basin,Grant Lk. Outflow,42.1
2026-07-23 11:13:25,Mono Basin,Rush Ck. at Damsite Flow,28.2
2026-07-23 11:13:25,Mono Basin,Flow to West Portal,0.0
2026-07-23 11:13:25,Long Valley,East Portal Flow,12.0
2026-07-23 11:13:25,Long Valley,OR Below EP Flow,57.0
2026-07-23 11:13:25,Long Valley,Hot Ck.at Hwy. Flow,13.0
2026-07-23 11:13:25,Long Valley,McGee Ck. Lower Sta. Flow,13.6
2026-07-23 11:13:25,Long Valley,Long Valley Current Outflow,220.2
2026-07-23 11:13:25,Long Valley,Rock Ck. Div. Flow,0.8
2026-07-23 11:13:25,Long Valley,Upper Gorge Total Release,44.9
2026-07-23 11:13:25,Long Valley,Release at Middle Gorge,0.0
2026-07-23 11:13:25,Northern Owens Valley,Rock Ck. At Owens River (PV) Flow,49.2
2026-07-23 11:13:25,Northern Owens Valley,Pleasant Valley Outflow,366.9
2026-07-23 11:13:25,Northern Owens Valley,Baker Ck. At LA Station Flow,7.1
2026-07-23 11:13:25,Northern Owens Valley,Big Pine Ck. USGS Flow,89.4
2026-07-23 11:13:25,Northern Owens Valley,O.R. Below Big Pine,461.9
2026-07-23 11:13:25,Northern Owens Valley,Fish Springs At RR Flow,39.9
2026-07-23 11:13:25,Northern Owens Valley,Tinemaha Reservoir Outflow,451.0
2026-07-23 11:13:25,Northern Owens Valley,Bishop Creek Through Plant 6,149.1
2026-07-23 11:13:25,Northern Owens Valley,Bishop Creek Around Plant 6,32.0
2026-07-23 11:13:25,Southern Owens Valley,Tinemaha Reservoir Outflow,451.0
2026-07-23 11:13:25,Southern Owens Valley,Indep. Ck. At Junction Flow,13.2
2026-07-23 11:13:25,Southern Owens Valley,LAA at Alabama Flow,408.0
2026-07-23 11:13:25,Southern Owens Valley,Cottonwood Ck. At LAA Flow,8.0
2026-07-23 11:13:25,Southern Owens Valley,LAA at Cottonwood Flow,499.0
2026-07-23 11:13:25,Southern Owens Valley,Haiwee LAA #1 Current Flow,0.0
2026-07-23 11:13:25,Southern Owens Valley,Haiwee LAA #2 Current Flow,194.9
2026-07-23 11:13:25,Southern Owens Valley,Reinhackel Flow,2.9
2026-07-23 11:13:25,Southern Owens Valley,Lubkin Spillgate Outflow,0.0
2026-07-23 11:13:25,Southern Owens Valley,Cartago Spillgate Outflow,0.0
2026-07-23 11:13:25,Southern Owens Valley,Lone Pine Creek Flow,33.0
2026-07-23 11:13:25,Lower Owens River Project,LORP Intake Flow,85.0
2026-07-23 11:13:25,Lower Owens River Project,LORP at Mazourka Canyon Road,0.0
2026-07-23 11:13:25,Lower Owens River Project,LORP at Reinhackle Springs,82.0
2026-07-23 11:13:25,Lower Owens River Project,LORP Above Pumpstation,54.0
2026-07-23 11:13:25,Lower Owens River Project,LORP At Pump Station Discharge Flow,48.0
2026-07-23 11:13:25,Southern District,Haiwee LAA #2 Current Flow,194.9
2026-07-23 11:13:25,Southern District,Haiwee LAA #1 Current Flow,0.0
2026-07-23 11:13:25,Southern District,LAA #1 Flow at Fairmont Reservoir,413.7
2026-07-23 11:13:25,Southern District,LAA #2 Flow at Fairmont Res.,204.3
2026-07-23 11:13:25,Southern District,Bouquet Reservoir Inflow,34.2
2026-07-23 11:13:25,Southern District,Bouquet Reservoir Outflow,0.5
2026-07-23 11:13:25,Southern District,LAA #1 at Soledad Flow,279.5
2026-07-23 11:13:25,Southern District,LAA #2 at Soledad Flow,249.2
2026-07-23 11:13:26,Mono Basin,Mono Lk. Elevation,6382.5
2026-07-23 11:13:26,Mono Basin,Grant Lk. Elevation,7130.0
2026-07-23 11:13:26,Long Valley,Long Valley Elevation,6775.6
2026-07-23 11:13:26,Northern Owens Valley,Pleasant Valley Elevation,4383.2
2026-07-23 11:13:26,Southern Owens Valley,LAA at Alabama Level,7.9
2026-07-23 11:13:26,Southern Owens Valley,LAA at Alabama Water Temp,74.6
2026-07-23 11:13:26,Southern Owens Valley,LAA at Cottonwood Level,9.3
2026-07-23 11:13:26,Southern Owens Valley,LAA at Cotton. Water Temp,75.4
2026-07-23 11:13:26,Southern Owens Valley,N. Haiwee Elevation,3757.0
2026-07-23 11:13:26,Southern Owens Valley,S. Haiwee Reservoir Elevation,3731.4
2026-07-23 11:13:26,Southern District,S. Haiwee Reservoir Elevation,3731.4
2026-07-23 11:13:26,Southern District,Fairmont Reservoir Elevation,3025.5
2026-07-23 11:13:26,Southern District,Bouquet Reservoir Elevation,2981.0
2026-07-23 11:28:25,Mono Basin,Lee Vining Intake Above Flow,61.2
2026-07-23 11:28:25,Mono Basin,Lee Vining Intake Below Flow,33.1
2026-07-23 11:28:25,Mono Basin,Walker Ck. Above Conduit Flow,8.0
2026-07-23 11:28:25,Mono Basin,L.V. Conduit Below Intake Flow,25.3
2026-07-23 11:28:25,Mono Basin,Walker Ck. Under Conduit Flow,8.0
2026-07-23 11:28:25,Mono Basin,Parker Ck. Under Conduit Flow,30.0
2026-07-23 11:28:25,Mono Basin,Parker Ck. Above Conduit Flow,31.0
2026-07-23 11:28:25,Mono Basin,Grant Lk. Spill Flow,0.0
2026-07-23 11:28:25,Mono Basin,Mono Gate 1 Return Ditch Flow,41.8
2026-07-23 11:28:25,Mono Basin,Grant Lk. Outflow,42.4
2026-07-23 11:28:25,Mono Basin,Rush Ck. at Damsite Flow,28.2
2026-07-23 11:28:25,Mono Basin,Flow to West Portal,0.0
2026-07-23 11:28:25,Long Valley,East Portal Flow,12.0
2026-07-23 11:28:25,Long Valley,OR Below EP Flow,57.0
2026-07-23 11:28:25,Long Valley,Hot Ck.at Hwy. Flow,13.0
2026-07-23 11:28:25,Long Valley,McGee Ck. Lower Sta. Flow,13.6
2026-07-23 11:28:25,Long Valley,Long Valley Current Outflow,220.2
2026-07-23 11:28:25,Long Valley,Rock Ck. Div. Flow,0.8
2026-07-23 11:28:25,Long Valley,Upper Gorge Total Release,45.3
2026-07-23 11:28:25,Long Valley,Release at Middle Gorge,0.0
2026-07-23 11:28:25,Northern Owens Valley,Rock Ck. At Owens River (PV) Flow,48.9
2026-07-23 11:28:25,Northern Owens Valley,Pleasant Valley Outflow,366.5
2026-07-23 11:28:25,Northern Owens Valley,Baker Ck. At LA Station Flow,7.1
2026-07-23 11:28:25,Northern Owens Valley,Big Pine Ck. USGS Flow,89.4
2026-07-23 11:28:25,Northern Owens Valley,O.R. Below Big Pine,462.4
2026-07-23 11:28:25,Northern Owens Valley,Fish Springs At RR Flow,39.9
2026-07-23 11:28:25,Northern Owens Valley,Tinemaha Reservoir Outflow,451.0
2026-07-23 11:28:25,Northern Owens Valley,Bishop Creek Through Plant 6,149.1
2026-07-23 11:28:25,Northern Owens Valley,Bishop Creek Around Plant 6,32.0
2026-07-23 11:28:25,Southern Owens Valley,Tinemaha Reservoir Outflow,451.0
2026-07-23 11:28:25,Southern Owens Valley,Indep. Ck. At Junction Flow,13.2
2026-07-23 11:28:25,Southern Owens Valley,LAA at Alabama Flow,408.0
2026-07-23 11:28:25,Southern Owens Valley,LAA at Alabama Water Temp,74.9
2026-07-23 11:28:25,Southern Owens Valley,Cottonwood Ck. At LAA Flow,8.0
2026-07-23 11:28:25,Southern Owens Valley,LAA at Cottonwood Flow,499.0
2026-07-23 11:28:25,Southern Owens Valley,LAA at Cotton. Water Temp,75.4
2026-07-23 11:28:25,Southern Owens Valley,Haiwee LAA #1 Current Flow,0.0
2026-07-23 11:28:25,Southern Owens Valley,Haiwee LAA #2 Current Flow,194.9
2026-07-23 11:28:25,Southern Owens Valley,Reinhackel Flow,2.9
2026-07-23 11:28:25,Southern Owens Valley,Lubkin Spillgate Outflow,0.0
2026-07-23 11:28:25,Southern Owens Valley,Cartago Spillgate Outflow,0.0
2026-07-23 11:28:25,Southern Owens Valley,Lone Pine Creek Flow,33.0
2026-07-23 11:28:25,Lower Owens River Project,LORP Intake Flow,85.0
2026-07-23 11:28:25,Lower Owens River Project,LORP at Mazourka Canyon Road,0.0
2026-07-23 11:28:25,Lower Owens River Project,LORP at Reinhackle Springs,81.0
2026-07-23 11:28:25,Lower Owens River Project,LORP Above Pumpstation,55.0
2026-07-23 11:28:25,Lower Owens River Project,LORP At Pump Station Discharge Flow,48.0
2026-07-23 11:28:25,Southern District,Haiwee LAA #2 Current Flow,194.9
2026-07-23 11:28:25,Southern District,Haiwee LAA #1 Current Flow,0.0
2026-07-23 11:28:25,Southern District,LAA #1 Flow at Fairmont Reservoir,414.4
2026-07-23 11:28:25,Southern District,LAA #2 Flow at Fairmont Res.,204.3
2026-07-23 11:28:25,Southern District,Bouquet Reservoir Inflow,39.3
2026-07-23 11:28:25,Southern District,Bouquet Reservoir Outflow,0.5
2026-07-23 11:28:25,Southern District,LAA #1 at Soledad Flow,279.5
2026-07-23 11:28:25,Southern District,LAA #2 at Soledad Flow,249.2
2026-07-23 11:28:26,Mono Basin,Mono Lk. Elevation,6382.5
2026-07-23 11:28:26,Mono Basin,Grant Lk. Elevation,7130.0
2026-07-23 11:28:26,Long Valley,Long Valley Elevation,6775.6
2026-07-23 11:28:26,Northern Owens Valley,Pleasant Valley Elevation,4383.1
2026-07-23 11:28:26,Northern Owens Valley,Tinemaha Elevation,3861.6
2026-07-23 11:28:26,Southern Owens Valley,Tinemaha Elevation,3861.6
2026-07-23 11:28:26,Southern Owens Valley,LAA at Alabama Level,7.9
2026-07-23 11:28:26,Southern Owens Valley,LAA at Cottonwood Level,9.3
2026-07-23 11:28:26,Southern Owens Valley,N. Haiwee Elevation,3757.0
2026-07-23 11:28:26,Southern Owens Valley,S. Haiwee Reservoir Elevation,3731.4
2026-07-23 11:28:26,Southern District,S. Haiwee Reservoir Elevation,3731.4
2026-07-23 11:28:26,Southern District,Fairmont Reservoir Elevation,3025.5
2026-07-23 11:28:26,Southern District,Bouquet Reservoir Elevation,2981.0
2026-07-23 11:43:25,Mono Basin,Lee Vining Intake Above Flow,60.8
2026-07-23 11:43:25,Mono Basin,Lee Vining Intake Below Flow,33.0
2026-07-23 11:43:25,Mono Basin,Walker Ck. Above Conduit Flow,8.0
2026-07-23 11:43:25,Mono Basin,L.V. Conduit Below Intake Flow,25.5
2026-07-23 11:43:25,Mono Basin,Walker Ck. Under Conduit Flow,8.0
2026-07-23 11:43:25,Mono Basin,Parker Ck. Under Conduit Flow,30.0
2026-07-23 11:43:25,Mono Basin,Parker Ck. Above Conduit Flow,31.0
2026-07-23 11:43:25,Mono Basin,Grant Lk. Spill Flow,0.0
2026-07-23 11:43:25,Mono Basin,Mono Gate 1 Return Ditch Flow,41.8
2026-07-23 11:43:25,Mono Basin,Grant Lk. Outflow,42.4
2026-07-23 11:43:25,Mono Basin,Rush Ck. at Damsite Flow,28.2
2026-07-23 11:43:25,Mono Basin,Flow to West Portal,0.0
2026-07-23 11:43:25,Long Valley,East Portal Flow,12.0
2026-07-23 11:43:25,Long Valley,OR Below EP Flow,57.0
2026-07-23 11:43:25,Long Valley,Hot Ck.at Hwy. Flow,13.0
2026-07-23 11:43:25,Long Valley,McGee Ck. Lower Sta. Flow,13.6
2026-07-23 11:43:25,Long Valley,Long Valley Current Outflow,220.2
2026-07-23 11:43:25,Long Valley,Rock Ck. Div. Flow,0.8
2026-07-23 11:43:25,Long Valley,Upper Gorge Total Release,45.6
2026-07-23 11:43:25,Long Valley,Release at Middle Gorge,0.0
2026-07-23 11:43:25,Northern Owens Valley,Rock Ck. At Owens River (PV) Flow,48.9
2026-07-23 11:43:25,Northern Owens Valley,Pleasant Valley Outflow,366.2
2026-07-23 11:43:25,Northern Owens Valley,Baker Ck. At LA Station Flow,7.1
2026-07-23 11:43:25,Northern Owens Valley,Big Pine Ck. USGS Flow,89.4
2026-07-23 11:43:25,Northern Owens Valley,O.R. Below Big Pine,462.0
2026-07-23 11:43:25,Northern Owens Valley,Fish Springs At RR Flow,39.9
2026-07-23 11:43:25,Northern Owens Valley,Tinemaha Reservoir Outflow,451.0
2026-07-23 11:43:25,Northern Owens Valley,Bishop Creek Through Plant 6,143.7
2026-07-23 11:43:25,Northern Owens Valley,Bishop Creek Around Plant 6,31.8
2026-07-23 11:43:25,Southern Owens Valley,Tinemaha Reservoir Outflow,451.0
2026-07-23 11:43:25,Southern Owens Valley,Indep. Ck. At Junction Flow,13.2
2026-07-23 11:43:25,Southern Owens Valley,LAA at Alabama Flow,408.0
2026-07-23 11:43:25,Southern Owens Valley,Cottonwood Ck. At LAA Flow,8.0
2026-07-23 11:43:25,Southern Owens Valley,LAA at Cottonwood Flow,500.0
2026-07-23 11:43:25,Southern Owens Valley,Haiwee LAA #1 Current Flow,0.0
2026-07-23 11:43:25,Southern Owens Valley,Haiwee LAA #2 Current Flow,194.9
2026-07-23 11:43:25,Southern Owens Valley,Reinhackel Flow,2.9
2026-07-23 11:43:25,Southern Owens Valley,Lubkin Spillgate Outflow,0.0
2026-07-23 11:43:25,Southern Owens Valley,Cartago Spillgate Outflow,0.0
2026-07-23 11:43:25,Southern Owens Valley,Lone Pine Creek Flow,33.0
2026-07-23 11:43:25,Lower Owens River Project,LORP Intake Flow,81.0
2026-07-23 11:43:25,Lower Owens River Project,LORP at Mazourka Canyon Road,0.0
2026-07-23 11:43:25,Lower Owens River Project,LORP at Reinhackle Springs,81.0
2026-07-23 11:43:25,Lower Owens River Project,LORP Above Pumpstation,55.0
2026-07-23 11:43:25,Lower Owens River Project,LORP At Pump Station Discharge Flow,48.0
2026-07-23 11:43:25,Southern District,Haiwee LAA #2 Current Flow,194.9
2026-07-23 11:43:25,Southern District,Haiwee LAA #1 Current Flow,0.0
2026-07-23 11:43:25,Southern District,LAA #1 Flow at Fairmont Reservoir,414.3
2026-07-23 11:43:25,Southern District,LAA #2 Flow at Fairmont Res.,204.2
2026-07-23 11:43:25,Southern District,Bouquet Reservoir Inflow,39.2
2026-07-23 11:43:25,Southern District,Bouquet Reservoir Outflow,0.5
2026-07-23 11:43:25,Southern District,LAA #1 at Soledad Flow,279.5
2026-07-23 11:43:25,Southern District,LAA #2 at Soledad Flow,249.2
2026-07-23 11:43:26,Mono Basin,Mono Lk. Elevation,6382.5
2026-07-23 11:43:26,Mono Basin,Grant Lk. Elevation,7130.0
2026-07-23 11:43:26,Long Valley,Long Valley Elevation,6775.6
2026-07-23 11:43:26,Northern Owens Valley,Pleasant Valley Elevation,4383.1
2026-07-23 11:43:26,Southern Owens Valley,LAA at Alabama Level,7.9
2026-07-23 11:43:26,Southern Owens Valley,LAA at Alabama Water Temp,74.9
2026-07-23 11:43:26,Southern Owens Valley,LAA at Cottonwood Level,9.3
2026-07-23 11:43:26,Southern Owens Valley,LAA at Cotton. Water Temp,75.7
2026-07-23 11:43:26,Southern Owens Valley,N. Haiwee Elevation,3757.0
2026-07-23 11:43:26,Southern Owens Valley,S. Haiwee Reservoir Elevation,3731.4
2026-07-23 11:43:26,Southern District,S. Haiwee Reservoir Elevation,3731.4
2026-07-23 11:43:26,Southern District,Fairmont Reservoir Elevation,3025.5
2026-07-23 11:43:26,Southern District,Bouquet Reservoir Elevation,2981.0
2026-07-23 11:58:25,Mono Basin,Lee Vining Intake Above Flow,60.8
2026-07-23 11:58:25,Mono Basin,Lee Vining Intake Below Flow,33.0
2026-07-23 11:58:25,Mono Basin,Mono Lk. Elevation,6382.5
2026-07-23 11:58:25,Mono Basin,Walker Ck. Above Conduit Flow,8.0
2026-07-23 11:58:25,Mono Basin,L.V. Conduit Below Intake Flow,25.5
2026-07-23 11:58:25,Mono Basin,Walker Ck. Under Conduit Flow,8.0
2026-07-23 11:58:25,Mono Basin,Parker Ck. Under Conduit Flow,30.0
2026-07-23 11:58:25,Mono Basin,Parker Ck. Above Conduit Flow,31.0
2026-07-23 11:58:25,Mono Basin,Grant Lk. Spill Flow,0.0
2026-07-23 11:58:25,Mono Basin,Mono Gate 1 Return Ditch Flow,41.8
2026-07-23 11:58:25,Mono Basin,Grant Lk. Elevation,7130.0
2026-07-23 11:58:25,Mono Basin,Grant Lk. Outflow,42.4
2026-07-23 11:58:25,Mono Basin,Rush Ck. at Damsite Flow,28.2
2026-07-23 11:58:25,Mono Basin,Flow to West Portal,0.0
2026-07-23 11:58:25,Long Valley,East Portal Flow,12.0
2026-07-23 11:58:25,Long Valley,OR Below EP Flow,57.0
2026-07-23 11:58:25,Long Valley,Hot Ck.at Hwy. Flow,13.0
2026-07-23 11:58:25,Long Valley,McGee Ck. Lower Sta. Flow,13.6
2026-07-23 11:58:25,Long Valley,Long Valley Elevation,6775.6
2026-07-23 11:58:25,Long Valley,Long Valley Current Outflow,220.2
2026-07-23 11:58:25,Long Valley,Rock Ck. Div. Flow,0.8
2026-07-23 11:58:25,Long Valley,Upper Gorge Total Release,45.3
2026-07-23 11:58:25,Long Valley,Release at Middle Gorge,0.0
2026-07-23 11:58:25,Northern Owens Valley,Rock Ck. At Owens River (PV) Flow,48.9
2026-07-23 11:58:25,Northern Owens Valley,Pleasant Valley Elevation,4383.1
2026-07-23 11:58:25,Northern Owens Valley,Pleasant Valley Outflow,367.0
2026-07-23 11:58:25,Northern Owens Valley,Baker Ck. At LA Station Flow,7.1
2026-07-23 11:58:25,Northern Owens Valley,Big Pine Ck. USGS Flow,89.4
2026-07-23 11:58:25,Northern Owens Valley,O.R. Below Big Pine,462.0
2026-07-23 11:58:25,Northern Owens Valley,Fish Springs At RR Flow,39.9
2026-07-23 11:58:25,Northern Owens Valley,Tinemaha Elevation,3861.6
2026-07-23 11:58:25,Northern Owens Valley,Tinemaha Reservoir Outflow,451.0
2026-07-23 11:58:25,Northern Owens Valley,Bishop Creek Through Plant 6,143.7
2026-07-23 11:58:25,Northern Owens Valley,Bishop Creek Around Plant 6,31.8
2026-07-23 11:58:25,Southern Owens Valley,Tinemaha Elevation,3861.6
2026-07-23 11:58:25,Southern Owens Valley,Tinemaha Reservoir Outflow,451.0
2026-07-23 11:58:25,Southern Owens Valley,Indep. Ck. At Junction Flow,13.2
2026-07-23 11:58:25,Southern Owens Valley,LAA at Alabama Flow,408.0
2026-07-23 11:58:25,Southern Owens Valley,LAA at Alabama Level,7.9
2026-07-23 11:58:25,Southern Owens Valley,LAA at Alabama Water Temp,74.9
2026-07-23 11:58:25,Southern Owens Valley,Cottonwood Ck. At LAA Flow,8.0
2026-07-23 11:58:25,Southern Owens Valley,LAA at Cottonwood Flow,500.0
2026-07-23 11:58:25,Southern Owens Valley,LAA at Cottonwood Level,9.3
2026-07-23 11:58:25,Southern Owens Valley,LAA at Cotton. Water Temp,75.7
2026-07-23 11:58:25,Southern Owens Valley,N. Haiwee Elevation,3757.0
2026-07-23 11:58:25,Southern Owens Valley,S. Haiwee Reservoir Elevation,3731.4
2026-07-23 11:58:25,Southern Owens Valley,Haiwee LAA #1 Current Flow,0.0
2026-07-23 11:58:25,Southern Owens Valley,Haiwee LAA #2 Current Flow,194.9
2026-07-23 11:58:25,Southern Owens Valley,Reinhackel Flow,2.9
2026-07-23 11:58:25,Southern Owens Valley,Lubkin Spillgate Outflow,0.0
2026-07-23 11:58:25,Southern Owens Valley,Cartago Spillgate Outflow,0.0
2026-07-23 11:58:25,Southern Owens Valley,Lone Pine Creek Flow,33.0
2026-07-23 11:58:25,Lower Owens River Project,LORP Intake Flow,81.0
2026-07-23 11:58:25,Lower Owens River Project,LORP at Mazourka Canyon Road,0.0
2026-07-23 11:58:25,Lower Owens River Project,LORP at Reinhackle Springs,81.0
2026-07-23 11:58:25,Lower Owens River Project,LORP Above Pumpstation,56.0
2026-07-23 11:58:25,Lower Owens River Project,LORP At Pump Station Discharge Flow,48.0
2026-07-23 11:58:25,Southern District,Haiwee LAA #2 Current Flow,194.9
2026-07-23 11:58:25,Southern District,S. Haiwee Reservoir Elevation,3731.4
2026-07-23 11:58:25,Southern District,Haiwee LAA #1 Current Flow,0.0
2026-07-23 11:58:25,Southern District,Fairmont Reservoir Elevation,3025.5
2026-07-23 11:58:25,Southern District,LAA #1 Flow at Fairmont Reservoir,415.3
2026-07-23 11:58:25,Southern District,LAA #2 Flow at Fairmont Res.,203.6
2026-07-23 11:58:25,Southern District,Bouquet Reservoir Elevation,2981.0
2026-07-23 11:58:25,Southern District,Bouquet Reservoir Inflow,39.2
2026-07-23 11:58:25,Southern District,Bouquet Reservoir Outflow,0.5
2026-07-23 11:58:25,Southern District,LAA #1 at Soledad Flow,279.5
2026-07-23 11:58:25,Southern District,LAA #2 at Soledad Flow,249.2
2026-07-23 12:13:25,Mono Basin,Lee Vining Intake Above Flow,60.2
2026-07-23 12:13:25,Mono Basin,Lee Vining Intake Below Flow,33.2
2026-07-23 12:13:25,Mono Basin,Walker Ck. Above Conduit Flow,8.0
2026-07-23 12:13:25,Mono Basin,L.V. Conduit Below Intake Flow,25.3
2026-07-23 12:13:25,Mono Basin,Walker Ck. Under Conduit Flow,8.0
2026-07-23 12:13:25,Mono Basin,Parker Ck. Under Conduit Flow,29.0
2026-07-23 12:13:25,Mono Basin,Parker Ck. Above Conduit Flow,30.0
2026-07-23 12:13:25,Mono Basin,Grant Lk. Spill Flow,0.0
2026-07-23 12:13:25,Mono Basin,Mono Gate 1 Return Ditch Flow,41.8
2026-07-23 12:13:25,Mono Basin,Grant Lk. Outflow,42.4
2026-07-23 12:13:25,Mono Basin,Rush Ck. at Damsite Flow,28.2
2026-07-23 12:13:25,Mono Basin,Flow to West Portal,0.0
2026-07-23 12:13:25,Long Valley,East Portal Flow,12.0
2026-07-23 12:13:25,Long Valley,OR Below EP Flow,57.0
2026-07-23 12:13:25,Long Valley,Hot Ck.at Hwy. Flow,13.0
2026-07-23 12:13:25,Long Valley,McGee Ck. Lower Sta. Flow,12.8
2026-07-23 12:13:25,Long Valley,Long Valley Current Outflow,220.2
2026-07-23 12:13:25,Long Valley,Rock Ck. Div. Flow,0.8
2026-07-23 12:13:25,Long Valley,Upper Gorge Total Release,45.6
2026-07-23 12:13:25,Long Valley,Release at Middle Gorge,0.0
2026-07-23 12:13:25,Northern Owens Valley,Rock Ck. At Owens River (PV) Flow,48.5
2026-07-23 12:13:25,Northern Owens Valley,Pleasant Valley Outflow,367.5
2026-07-23 12:13:25,Northern Owens Valley,Baker Ck. At LA Station Flow,6.9
2026-07-23 12:13:25,Northern Owens Valley,Big Pine Ck. USGS Flow,89.4
2026-07-23 12:13:25,Northern Owens Valley,O.R. Below Big Pine,462.0
2026-07-23 12:13:25,Northern Owens Valley,Fish Springs At RR Flow,39.9
2026-07-23 12:13:25,Northern Owens Valley,Tinemaha Reservoir Outflow,449.4
2026-07-23 12:13:25,Northern Owens Valley,Bishop Creek Through Plant 6,147.0
2026-07-23 12:13:25,Northern Owens Valley,Bishop Creek Around Plant 6,31.5
2026-07-23 12:13:25,Southern Owens Valley,Tinemaha Reservoir Outflow,449.4
2026-07-23 12:13:25,Southern Owens Valley,Indep. Ck. At Junction Flow,13.2
2026-07-23 12:13:25,Southern Owens Valley,LAA at Alabama Flow,409.0
2026-07-23 12:13:25,Southern Owens Valley,LAA at Alabama Water Temp,75.3
2026-07-23 12:13:25,Southern Owens Valley,Cottonwood Ck. At LAA Flow,8.0
2026-07-23 12:13:25,Southern Owens Valley,LAA at Cottonwood Flow,500.0
2026-07-23 12:13:25,Southern Owens Valley,LAA at Cotton. Water Temp,75.9
2026-07-23 12:13:25,Southern Owens Valley,Haiwee LAA #1 Current Flow,0.0
2026-07-23 12:13:25,Southern Owens Valley,Haiwee LAA #2 Current Flow,194.9
2026-07-23 12:13:25,Southern Owens Valley,Reinhackel Flow,2.9
2026-07-23 12:13:25,Southern Owens Valley,Lubkin Spillgate Outflow,0.0
2026-07-23 12:13:25,Southern Owens Valley,Cartago Spillgate Outflow,0.0
2026-07-23 12:13:25,Southern Owens Valley,Lone Pine Creek Flow,32.5
2026-07-23 12:13:25,Lower Owens River Project,LORP Intake Flow,81.0
2026-07-23 12:13:25,Lower Owens River Project,LORP at Mazourka Canyon Road,0.0
2026-07-23 12:13:25,Lower Owens River Project,LORP at Reinhackle Springs,81.0
2026-07-23 12:13:25,Lower Owens River Project,LORP Above Pumpstation,56.0
2026-07-23 12:13:25,Lower Owens River Project,LORP At Pump Station Discharge Flow,48.0
2026-07-23 12:13:25,Southern District,Haiwee LAA #2 Current Flow,194.9
2026-07-23 12:13:25,Southern District,Haiwee LAA #1 Current Flow,0.0
2026-07-23 12:13:25,Southern District,LAA #1 Flow at Fairmont Reservoir,414.0
2026-07-23 12:13:25,Southern District,LAA #2 Flow at Fairmont Res.,203.6
2026-07-23 12:13:25,Southern District,Bouquet Reservoir Inflow,34.2
2026-07-23 12:13:25,Southern District,Bouquet Reservoir Outflow,0.5
2026-07-23 12:13:25,Southern District,LAA #1 at Soledad Flow,279.5
2026-07-23 12:13:25,Southern District,LAA #2 at Soledad Flow,249.2
2026-07-23 12:13:26,Mono Basin,Mono Lk. Elevation,6382.5
2026-07-23 12:13:26,Mono Basin,Grant Lk. Elevation,7130.0
2026-07-23 12:13:26,Long Valley,Long Valley Elevation,6775.6
2026-07-23 12:13:26,Northern Owens Valley,Pleasant Valley Elevation,4383.1
2026-07-23 12:13:26,Southern Owens Valley,LAA at Alabama Level,7.9
2026-07-23 12:13:26,Southern Owens Valley,LAA at Cottonwood Level,9.3
2026-07-23 12:13:26,Southern Owens Valley,N. Haiwee Elevation,3757.0
2026-07-23 12:13:26,Southern Owens Valley,S. Haiwee Reservoir Elevation,3731.4
2026-07-23 12:13:26,Southern District,S. Haiwee Reservoir Elevation,3731.4
2026-07-23 12:13:26,Southern District,Fairmont Reservoir Elevation,3025.5
2026-07-23 12:13:26,Southern District,Bouquet Reservoir Elevation,2981.0
2026-07-23 12:28:25,Mono Basin,Lee Vining Intake Above Flow,60.2
2026-07-23 12:28:25,Mono Basin,Lee Vining Intake Below Flow,33.2
2026-07-23 12:28:25,Mono Basin,Walker Ck. Above Conduit Flow,8.0
2026-07-23 12:28:25,Mono Basin,L.V. Conduit Below Intake Flow,25.3
2026-07-23 12:28:25,Mono Basin,Walker Ck. Under Conduit Flow,8.0
2026-07-23 12:28:25,Mono Basin,Parker Ck. Under Conduit Flow,28.0
2026-07-23 12:28:25,Mono Basin,Parker Ck. Above Conduit Flow,30.0
2026-07-23 12:28:25,Mono Basin,Grant Lk. Spill Flow,0.0
2026-07-23 12:28:25,Mono Basin,Mono Gate 1 Return Ditch Flow,41.8
2026-07-23 12:28:25,Mono Basin,Grant Lk. Outflow,42.7
2026-07-23 12:28:25,Mono Basin,Rush Ck. at Damsite Flow,28.2
2026-07-23 12:28:25,Mono Basin,Flow to West Portal,0.0
2026-07-23 12:28:25,Long Valley,East Portal Flow,12.0
2026-07-23 12:28:25,Long Valley,OR Below EP Flow,57.0
2026-07-23 12:28:25,Long Valley,Hot Ck.at Hwy. Flow,12.0
2026-07-23 12:28:25,Long Valley,McGee Ck. Lower Sta. Flow,12.8
2026-07-23 12:28:25,Long Valley,Long Valley Current Outflow,220.2
2026-07-23 12:28:25,Long Valley,Rock Ck. Div. Flow,0.8
2026-07-23 12:28:25,Long Valley,Upper Gorge Total Release,45.3
2026-07-23 12:28:25,Long Valley,Release at Middle Gorge,0.0
2026-07-23 12:28:25,Northern Owens Valley,Rock Ck. At Owens River (PV) Flow,48.4
2026-07-23 12:28:25,Northern Owens Valley,Pleasant Valley Outflow,368.6
2026-07-23 12:28:25,Northern Owens Valley,Baker Ck. At LA Station Flow,6.9
2026-07-23 12:28:25,Northern Owens Valley,Big Pine Ck. USGS Flow,85.8
2026-07-23 12:28:25,Northern Owens Valley,O.R. Below Big Pine,461.3
2026-07-23 12:28:25,Northern Owens Valley,Fish Springs At RR Flow,40.7
2026-07-23 12:28:25,Northern Owens Valley,Tinemaha Reservoir Outflow,449.4
2026-07-23 12:28:25,Northern Owens Valley,Bishop Creek Through Plant 6,147.5
2026-07-23 12:28:25,Northern Owens Valley,Bishop Creek Around Plant 6,31.4
2026-07-23 12:28:25,Southern Owens Valley,Tinemaha Reservoir Outflow,449.4
2026-07-23 12:28:25,Southern Owens Valley,Indep. Ck. At Junction Flow,13.2
2026-07-23 12:28:25,Southern Owens Valley,LAA at Alabama Flow,407.0
2026-07-23 12:28:25,Southern Owens Valley,Cottonwood Ck. At LAA Flow,8.0
2026-07-23 12:28:25,Southern Owens Valley,LAA at Cottonwood Flow,500.0
2026-07-23 12:28:25,Southern Owens Valley,Haiwee LAA #1 Current Flow,0.0
2026-07-23 12:28:25,Southern Owens Valley,Haiwee LAA #2 Current Flow,194.9
2026-07-23 12:28:25,Southern Owens Valley,Reinhackel Flow,2.9
2026-07-23 12:28:25,Southern Owens Valley,Lubkin Spillgate Outflow,0.0
2026-07-23 12:28:25,Southern Owens Valley,Cartago Spillgate Outflow,0.0
2026-07-23 12:28:25,Southern Owens Valley,Lone Pine Creek Flow,32.5
2026-07-23 12:28:25,Lower Owens River Project,LORP Intake Flow,81.0
2026-07-23 12:28:25,Lower Owens River Project,LORP at Mazourka Canyon Road,0.0
2026-07-23 12:28:25,Lower Owens River Project,LORP at Reinhackle Springs,82.0
2026-07-23 12:28:25,Lower Owens River Project,LORP Above Pumpstation,57.0
2026-07-23 12:28:25,Lower Owens River Project,LORP At Pump Station Discharge Flow,48.0
2026-07-23 12:28:25,Southern District,Haiwee LAA #2 Current Flow,194.9
2026-07-23 12:28:25,Southern District,Haiwee LAA #1 Current Flow,0.0
2026-07-23 12:28:25,Southern District,LAA #1 Flow at Fairmont Reservoir,413.7
2026-07-23 12:28:25,Southern District,LAA #2 Flow at Fairmont Res.,203.1
2026-07-23 12:28:25,Southern District,Bouquet Reservoir Inflow,34.0
2026-07-23 12:28:25,Southern District,Bouquet Reservoir Outflow,0.5
2026-07-23 12:28:25,Southern District,LAA #1 at Soledad Flow,279.5
2026-07-23 12:28:25,Southern District,LAA #2 at Soledad Flow,249.2
2026-07-23 12:28:26,Northern Owens Valley,Tinemaha Elevation,3861.6
2026-07-23 12:28:26,Southern Owens Valley,Tinemaha Elevation,3861.6
2026-07-23 12:28:26,Mono Basin,Mono Lk. Elevation,6382.5
2026-07-23 12:28:26,Mono Basin,Grant Lk. Elevation,7129.9
2026-07-23 12:28:26,Long Valley,Long Valley Elevation,6775.6
2026-07-23 12:28:26,Northern Owens Valley,Pleasant Valley Elevation,4383.1
2026-07-23 12:28:26,Southern Owens Valley,LAA at Alabama Level,7.9
2026-07-23 12:28:26,Southern Owens Valley,LAA at Alabama Water Temp,75.5
2026-07-23 12:28:26,Southern Owens Valley,LAA at Cottonwood Level,9.3
2026-07-23 12:28:26,Southern Owens Valley,LAA at Cotton. Water Temp,75.9
2026-07-23 12:28:26,Southern Owens Valley,N. Haiwee Elevation,3757.0
2026-07-23 12:28:26,Southern Owens Valley,S. Haiwee Reservoir Elevation,3731.4
2026-07-23 12:28:26,Southern District,S. Haiwee Reservoir Elevation,3731.4
2026-07-23 12:28:26,Southern District,Fairmont Reservoir Elevation,3025.5
2026-07-23 12:28:26,Southern District,Bouquet Reservoir Elevation,2981.0
2026-07-23 12:43:25,Mono Basin,Lee Vining Intake Above Flow,60.6
2026-07-23 12:43:25,Mono Basin,Lee Vining Intake Below Flow,32.6
2026-07-23 12:43:25,Mono Basin,Walker Ck. Above Conduit Flow,8.0
2026-07-23 12:43:25,Mono Basin,L.V. Conduit Below Intake Flow,25.0
2026-07-23 12:43:25,Mono Basin,Walker Ck. Under Conduit Flow,8.0
2026-07-23 12:43:25,Mono Basin,Parker Ck. Under Conduit Flow,28.0
2026-07-23 12:43:25,Mono Basin,Parker Ck. Above Conduit Flow,30.0
2026-07-23 12:43:25,Mono Basin,Grant Lk. Spill Flow,0.0
2026-07-23 12:43:25,Mono Basin,Mono Gate 1 Return Ditch Flow,41.8
2026-07-23 12:43:25,Mono Basin,Grant Lk. Outflow,42.7
2026-07-23 12:43:25,Mono Basin,Rush Ck. at Damsite Flow,28.2
2026-07-23 12:43:25,Mono Basin,Flow to West Portal,0.0
2026-07-23 12:43:25,Long Valley,East Portal Flow,12.0
2026-07-23 12:43:25,Long Valley,OR Below EP Flow,57.0
2026-07-23 12:43:25,Long Valley,Hot Ck.at Hwy. Flow,12.0
2026-07-23 12:43:25,Long Valley,McGee Ck. Lower Sta. Flow,12.8
2026-07-23 12:43:25,Long Valley,Long Valley Current Outflow,220.2
2026-07-23 12:43:25,Long Valley,Rock Ck. Div. Flow,0.8
2026-07-23 12:43:25,Long Valley,Upper Gorge Total Release,44.9
2026-07-23 12:43:25,Long Valley,Release at Middle Gorge,0.0
2026-07-23 12:43:25,Northern Owens Valley,Rock Ck. At Owens River (PV) Flow,48.4
2026-07-23 12:43:25,Northern Owens Valley,Pleasant Valley Outflow,368.7
2026-07-23 12:43:25,Northern Owens Valley,Baker Ck. At LA Station Flow,6.9
2026-07-23 12:43:25,Northern Owens Valley,Big Pine Ck. USGS Flow,85.8
2026-07-23 12:43:25,Northern Owens Valley,O.R. Below Big Pine,461.4
2026-07-23 12:43:25,Northern Owens Valley,Fish Springs At RR Flow,40.7
2026-07-23 12:43:25,Northern Owens Valley,Tinemaha Reservoir Outflow,449.4
2026-07-23 12:43:25,Northern Owens Valley,Bishop Creek Through Plant 6,148.0
2026-07-23 12:43:25,Northern Owens Valley,Bishop Creek Around Plant 6,31.3
2026-07-23 12:43:25,Southern Owens Valley,Tinemaha Reservoir Outflow,449.4
2026-07-23 12:43:25,Southern Owens Valley,Indep. Ck. At Junction Flow,12.2
2026-07-23 12:43:25,Southern Owens Valley,LAA at Alabama Flow,407.0
2026-07-23 12:43:25,Southern Owens Valley,Cottonwood Ck. At LAA Flow,8.0
2026-07-23 12:43:25,Southern Owens Valley,LAA at Cottonwood Flow,501.0
2026-07-23 12:43:25,Southern Owens Valley,Haiwee LAA #1 Current Flow,0.0
2026-07-23 12:43:25,Southern Owens Valley,Haiwee LAA #2 Current Flow,194.9
2026-07-23 12:43:25,Southern Owens Valley,Reinhackel Flow,2.9
2026-07-23 12:43:25,Southern Owens Valley,Lubkin Spillgate Outflow,0.0
2026-07-23 12:43:25,Southern Owens Valley,Cartago Spillgate Outflow,0.0
2026-07-23 12:43:25,Southern Owens Valley,Lone Pine Creek Flow,32.1
2026-07-23 12:43:25,Lower Owens River Project,LORP Intake Flow,81.0
2026-07-23 12:43:25,Lower Owens River Project,LORP at Mazourka Canyon Road,0.0
2026-07-23 12:43:25,Lower Owens River Project,LORP at Reinhackle Springs,82.0
2026-07-23 12:43:25,Lower Owens River Project,LORP Above Pumpstation,57.0
2026-07-23 12:43:25,Lower Owens River Project,LORP At Pump Station Discharge Flow,48.0
2026-07-23 12:43:25,Southern District,Haiwee LAA #2 Current Flow,194.9
2026-07-23 12:43:25,Southern District,Haiwee LAA #1 Current Flow,0.0
2026-07-23 12:43:25,Southern District,LAA #1 Flow at Fairmont Reservoir,414.8
2026-07-23 12:43:25,Southern District,LAA #2 Flow at Fairmont Res.,203.7
2026-07-23 12:43:25,Southern District,Bouquet Reservoir Inflow,39.2
2026-07-23 12:43:25,Southern District,Bouquet Reservoir Outflow,0.5
2026-07-23 12:43:25,Southern District,LAA #1 at Soledad Flow,279.5
2026-07-23 12:43:25,Southern District,LAA #2 at Soledad Flow,249.2
2026-07-23 12:43:26,Mono Basin,Mono Lk. Elevation,6382.5
2026-07-23 12:43:26,Mono Basin,Grant Lk. Elevation,7129.9
2026-07-23 12:43:26,Long Valley,Long Valley Elevation,6775.6
2026-07-23 12:43:26,Northern Owens Valley,Pleasant Valley Elevation,4383.0
2026-07-23 12:43:26,Southern Owens Valley,LAA at Alabama Level,7.9
2026-07-23 12:43:26,Southern Owens Valley,LAA at Alabama Water Temp,75.5
2026-07-23 12:43:26,Southern Owens Valley,LAA at Cottonwood Level,9.3
2026-07-23 12:43:26,Southern Owens Valley,LAA at Cotton. Water Temp,76.3
2026-07-23 12:43:26,Southern Owens Valley,N. Haiwee Elevation,3757.0
2026-07-23 12:43:26,Southern Owens Valley,S. Haiwee Reservoir Elevation,3731.4
2026-07-23 12:43:26,Southern District,S. Haiwee Reservoir Elevation,3731.4
2026-07-23 12:43:26,Southern District,Fairmont Reservoir Elevation,3025.5
2026-07-23 12:43:26,Southern District,Bouquet Reservoir Elevation,2981.0
2026-07-23 12:58:25,Mono Basin,Lee Vining Intake Above Flow,60.6
2026-07-23 12:58:25,Mono Basin,Lee Vining Intake Below Flow,32.6
2026-07-23 12:58:25,Mono Basin,Walker Ck. Above Conduit Flow,8.0
2026-07-23 12:58:25,Mono Basin,L.V. Conduit Below Intake Flow,25.0
2026-07-23 12:58:25,Mono Basin,Walker Ck. Under Conduit Flow,8.0
2026-07-23 12:58:25,Mono Basin,Parker Ck. Under Conduit Flow,28.0
2026-07-23 12:58:25,Mono Basin,Parker Ck. Above Conduit Flow,30.0
2026-07-23 12:58:25,Mono Basin,Grant Lk. Spill Flow,0.0
2026-07-23 12:58:25,Mono Basin,Mono Gate 1 Return Ditch Flow,41.8
2026-07-23 12:58:25,Mono Basin,Grant Lk. Outflow,42.7
2026-07-23 12:58:25,Mono Basin,Rush Ck. at Damsite Flow,28.2
2026-07-23 12:58:25,Mono Basin,Flow to West Portal,0.0
2026-07-23 12:58:25,Long Valley,East Portal Flow,12.0
2026-07-23 12:58:25,Long Valley,OR Below EP Flow,57.0
2026-07-23 12:58:25,Long Valley,Hot Ck.at Hwy. Flow,12.0
2026-07-23 12:58:25,Long Valley,McGee Ck. Lower Sta. Flow,12.8
2026-07-23 12:58:25,Long Valley,Long Valley Current Outflow,220.2
2026-07-23 12:58:25,Long Valley,Rock Ck. Div. Flow,0.8
2026-07-23 12:58:25,Long Valley,Upper Gorge Total Release,45.2
2026-07-23 12:58:25,Long Valley,Release at Middle Gorge,0.0
2026-07-23 12:58:25,Northern Owens Valley,Rock Ck. At Owens River (PV) Flow,48.2
2026-07-23 12:58:25,Northern Owens Valley,Pleasant Valley Outflow,367.8
2026-07-23 12:58:25,Northern Owens Valley,Baker Ck. At LA Station Flow,6.9
2026-07-23 12:58:25,Northern Owens Valley,Big Pine Ck. USGS Flow,85.8
2026-07-23 12:58:25,Northern Owens Valley,O.R. Below Big Pine,461.1
2026-07-23 12:58:25,Northern Owens Valley,Fish Springs At RR Flow,40.7
2026-07-23 12:58:25,Northern Owens Valley,Tinemaha Reservoir Outflow,449.4
2026-07-23 12:58:25,Northern Owens Valley,Bishop Creek Through Plant 6,150.3
2026-07-23 12:58:25,Northern Owens Valley,Bishop Creek Around Plant 6,31.2
2026-07-23 12:58:25,Southern Owens Valley,Tinemaha Reservoir Outflow,449.4
2026-07-23 12:58:25,Southern Owens Valley,Indep. Ck. At Junction Flow,12.2
2026-07-23 12:58:25,Southern Owens Valley,LAA at Alabama Flow,407.0
2026-07-23 12:58:25,Southern Owens Valley,LAA at Alabama Level,7.9
2026-07-23 12:58:25,Southern Owens Valley,LAA at Alabama Water Temp,75.5
2026-07-23 12:58:25,Southern Owens Valley,Cottonwood Ck. At LAA Flow,8.0
2026-07-23 12:58:25,Southern Owens Valley,LAA at Cottonwood Flow,501.0
2026-07-23 12:58:25,Southern Owens Valley,LAA at Cottonwood Level,9.3
2026-07-23 12:58:25,Southern Owens Valley,LAA at Cotton. Water Temp,76.4
2026-07-23 12:58:25,Southern Owens Valley,Haiwee LAA #1 Current Flow,0.0
2026-07-23 12:58:25,Southern Owens Valley,Haiwee LAA #2 Current Flow,194.9
2026-07-23 12:58:25,Southern Owens Valley,Reinhackel Flow,2.9
2026-07-23 12:58:25,Southern Owens Valley,Lubkin Spillgate Outflow,0.0
2026-07-23 12:58:25,Southern Owens Valley,Cartago Spillgate Outflow,0.0
2026-07-23 12:58:25,Southern Owens Valley,Lone Pine Creek Flow,32.1
2026-07-23 12:58:25,Lower Owens River Project,LORP Intake Flow,81.0
2026-07-23 12:58:25,Lower Owens River Project,LORP at Mazourka Canyon Road,0.0
2026-07-23 12:58:25,Lower Owens River Project,LORP at Reinhackle Springs,82.0
2026-07-23 12:58:25,Lower Owens River Project,LORP Above Pumpstation,57.0
2026-07-23 12:58:25,Lower Owens River Project,LORP At Pump Station Discharge Flow,48.0
2026-07-23 12:58:25,Southern District,Haiwee LAA #2 Current Flow,194.9
2026-07-23 12:58:25,Southern District,Haiwee LAA #1 Current Flow,0.0
2026-07-23 12:58:25,Southern District,LAA #1 Flow at Fairmont Reservoir,414.8
2026-07-23 12:58:25,Southern District,LAA #2 Flow at Fairmont Res.,203.7
2026-07-23 12:58:25,Southern District,Bouquet Reservoir Inflow,39.2
2026-07-23 12:58:25,Southern District,Bouquet Reservoir Outflow,0.6
2026-07-23 12:58:25,Southern District,LAA #1 at Soledad Flow,279.5
2026-07-23 12:58:25,Southern District,LAA #2 at Soledad Flow,249.2
2026-07-23 12:58:26,Northern Owens Valley,Tinemaha Elevation,3861.6
2026-07-23 12:58:26,Southern Owens Valley,Tinemaha Elevation,3861.6
2026-07-23 12:58:26,Mono Basin,Mono Lk. Elevation,6382.5
2026-07-23 12:58:26,Mono Basin,Grant Lk. Elevation,7129.9
2026-07-23 12:58:26,Long Valley,Long Valley Elevation,6775.6
2026-07-23 12:58:26,Northern Owens Valley,Pleasant Valley Elevation,4383.0
2026-07-23 12:58:26,Southern Owens Valley,N. Haiwee Elevation,3757.0
2026-07-23 12:58:26,Southern Owens Valley,S. Haiwee Reservoir Elevation,3731.4
2026-07-23 12:58:26,Southern District,S. Haiwee Reservoir Elevation,3731.4
2026-07-23 12:58:26,Southern District,Fairmont Reservoir Elevation,3025.6
2026-07-23 12:58:26,Southern District,Bouquet Reservoir Elevation,2981.0
2026-07-23 13:13:25,Mono Basin,Lee Vining Intake Above Flow,60.4
2026-07-23 13:13:25,Mono Basin,Lee Vining Intake Below Flow,32.6
2026-07-23 13:13:25,Mono Basin,Walker Ck. Above Conduit Flow,8.0
2026-07-23 13:13:25,Mono Basin,L.V. Conduit Below Intake Flow,25.1
2026-07-23 13:13:25,Mono Basin,Walker Ck. Under Conduit Flow,8.0
2026-07-23 13:13:25,Mono Basin,Parker Ck. Under Conduit Flow,28.0
2026-07-23 13:13:25,Mono Basin,Parker Ck. Above Conduit Flow,30.0
2026-07-23 13:13:25,Mono Basin,Grant Lk. Spill Flow,0.0
2026-07-23 13:13:25,Mono Basin,Mono Gate 1 Return Ditch Flow,41.8
2026-07-23 13:13:25,Mono Basin,Grant Lk. Outflow,42.7
2026-07-23 13:13:25,Mono Basin,Rush Ck. at Damsite Flow,28.2
2026-07-23 13:13:25,Mono Basin,Flow to West Portal,0.0
2026-07-23 13:13:25,Long Valley,East Portal Flow,12.0
2026-07-23 13:13:25,Long Valley,OR Below EP Flow,57.0
2026-07-23 13:13:25,Long Valley,Hot Ck.at Hwy. Flow,12.0
2026-07-23 13:13:25,Long Valley,McGee Ck. Lower Sta. Flow,12.8
2026-07-23 13:13:25,Long Valley,Long Valley Current Outflow,220.2
2026-07-23 13:13:25,Long Valley,Rock Ck. Div. Flow,0.8
2026-07-23 13:13:25,Long Valley,Upper Gorge Total Release,45.1
2026-07-23 13:13:25,Long Valley,Release at Middle Gorge,0.0
2026-07-23 13:13:25,Northern Owens Valley,Rock Ck. At Owens River (PV) Flow,48.0
2026-07-23 13:13:25,Northern Owens Valley,Pleasant Valley Outflow,368.8
2026-07-23 13:13:25,Northern Owens Valley,Baker Ck. At LA Station Flow,6.9
2026-07-23 13:13:25,Northern Owens Valley,Big Pine Ck. USGS Flow,85.8
2026-07-23 13:13:25,Northern Owens Valley,O.R. Below Big Pine,460.9
2026-07-23 13:13:25,Northern Owens Valley,Fish Springs At RR Flow,40.7
2026-07-23 13:13:25,Northern Owens Valley,Tinemaha Reservoir Outflow,450.2
2026-07-23 13:13:25,Northern Owens Valley,Bishop Creek Through Plant 6,145.5
2026-07-23 13:13:25,Northern Owens Valley,Bishop Creek Around Plant 6,31.3
2026-07-23 13:13:25,Southern Owens Valley,Tinemaha Reservoir Outflow,450.2
2026-07-23 13:13:25,Southern Owens Valley,Indep. Ck. At Junction Flow,12.2
2026-07-23 13:13:25,Southern Owens Valley,LAA at Alabama Flow,409.0
2026-07-23 13:13:25,Southern Owens Valley,Cottonwood Ck. At LAA Flow,8.0
2026-07-23 13:13:25,Southern Owens Valley,LAA at Cottonwood Flow,501.0
2026-07-23 13:13:25,Southern Owens Valley,Haiwee LAA #1 Current Flow,0.0
2026-07-23 13:13:25,Southern Owens Valley,Haiwee LAA #2 Current Flow,194.9
2026-07-23 13:13:25,Southern Owens Valley,Reinhackel Flow,2.9
2026-07-23 13:13:25,Southern Owens Valley,Lubkin Spillgate Outflow,0.0
2026-07-23 13:13:25,Southern Owens Valley,Cartago Spillgate Outflow,0.0
2026-07-23 13:13:25,Southern Owens Valley,Lone Pine Creek Flow,31.9
2026-07-23 13:13:25,Lower Owens River Project,LORP Intake Flow,81.0
2026-07-23 13:13:25,Lower Owens River Project,LORP at Mazourka Canyon Road,0.0
2026-07-23 13:13:25,Lower Owens River Project,LORP at Reinhackle Springs,82.0
2026-07-23 13:13:25,Lower Owens River Project,LORP Above Pumpstation,57.0
2026-07-23 13:13:25,Lower Owens River Project,LORP At Pump Station Discharge Flow,48.0
2026-07-23 13:13:25,Southern District,Haiwee LAA #2 Current Flow,194.9
2026-07-23 13:13:25,Southern District,Haiwee LAA #1 Current Flow,0.0
2026-07-23 13:13:25,Southern District,LAA #1 Flow at Fairmont Reservoir,414.8
2026-07-23 13:13:25,Southern District,LAA #2 Flow at Fairmont Res.,203.7
2026-07-23 13:13:25,Southern District,Bouquet Reservoir Inflow,33.9
2026-07-23 13:13:25,Southern District,Bouquet Reservoir Outflow,0.6
2026-07-23 13:13:25,Southern District,LAA #1 at Soledad Flow,279.5
2026-07-23 13:13:25,Southern District,LAA #2 at Soledad Flow,249.2
2026-07-23 13:13:26,Mono Basin,Mono Lk. Elevation,6382.5
2026-07-23 13:13:26,Mono Basin,Grant Lk. Elevation,7129.9
2026-07-23 13:13:26,Long Valley,Long Valley Elevation,6775.6
2026-07-23 13:13:26,Northern Owens Valley,Pleasant Valley Elevation,4383.0
2026-07-23 13:13:26,Southern Owens Valley,LAA at Alabama Level,7.9
2026-07-23 13:13:26,Southern Owens Valley,LAA at Alabama Water Temp,75.9
2026-07-23 13:13:26,Southern Owens Valley,LAA at Cottonwood Level,9.3
2026-07-23 13:13:26,Southern Owens Valley,LAA at Cotton. Water Temp,76.5
2026-07-23 13:13:26,Southern Owens Valley,N. Haiwee Elevation,3757.0
2026-07-23 13:13:26,Southern Owens Valley,S. Haiwee Reservoir Elevation,3731.4
2026-07-23 13:13:26,Southern District,S. Haiwee Reservoir Elevation,3731.4
2026-07-23 13:13:26,Southern District,Fairmont Reservoir Elevation,3025.6
2026-07-23 13:13:26,Southern District,Bouquet Reservoir Elevation,2981.0
2026-07-23 13:28:25,Northern Owens Valley,Tinemaha Elevation,3861.6
2026-07-23 13:28:25,Southern Owens Valley,Tinemaha Elevation,3861.6
2026-07-23 13:28:25,Mono Basin,Lee Vining Intake Above Flow,60.4
2026-07-23 13:28:25,Mono Basin,Lee Vining Intake Below Flow,32.6
2026-07-23 13:28:25,Mono Basin,Mono Lk. Elevation,6382.5
2026-07-23 13:28:25,Mono Basin,Walker Ck. Above Conduit Flow,8.0
2026-07-23 13:28:25,Mono Basin,L.V. Conduit Below Intake Flow,25.1
2026-07-23 13:28:25,Mono Basin,Walker Ck. Under Conduit Flow,8.0
2026-07-23 13:28:25,Mono Basin,Parker Ck. Under Conduit Flow,28.0
2026-07-23 13:28:25,Mono Basin,Parker Ck. Above Conduit Flow,30.0
2026-07-23 13:28:25,Mono Basin,Grant Lk. Spill Flow,0.0
2026-07-23 13:28:25,Mono Basin,Mono Gate 1 Return Ditch Flow,41.8
2026-07-23 13:28:25,Mono Basin,Grant Lk. Elevation,7129.9
2026-07-23 13:28:25,Mono Basin,Grant Lk. Outflow,42.5
2026-07-23 13:28:25,Mono Basin,Rush Ck. at Damsite Flow,28.2
2026-07-23 13:28:25,Mono Basin,Flow to West Portal,0.0
2026-07-23 13:28:25,Long Valley,East Portal Flow,12.0
2026-07-23 13:28:25,Long Valley,OR Below EP Flow,57.0
2026-07-23 13:28:25,Long Valley,Hot Ck.at Hwy. Flow,12.0
2026-07-23 13:28:25,Long Valley,McGee Ck. Lower Sta. Flow,12.8
2026-07-23 13:28:25,Long Valley,Long Valley Elevation,6775.6
2026-07-23 13:28:25,Long Valley,Long Valley Current Outflow,220.2
2026-07-23 13:28:25,Long Valley,Rock Ck. Div. Flow,0.8
2026-07-23 13:28:25,Long Valley,Upper Gorge Total Release,45.0
2026-07-23 13:28:25,Long Valley,Release at Middle Gorge,0.0
2026-07-23 13:28:25,Northern Owens Valley,Rock Ck. At Owens River (PV) Flow,47.5
2026-07-23 13:28:25,Northern Owens Valley,Pleasant Valley Elevation,4383.0
2026-07-23 13:28:25,Northern Owens Valley,Pleasant Valley Outflow,368.7
2026-07-23 13:28:25,Northern Owens Valley,Baker Ck. At LA Station Flow,6.9
2026-07-23 13:28:25,Northern Owens Valley,Big Pine Ck. USGS Flow,85.8
2026-07-23 13:28:25,Northern Owens Valley,O.R. Below Big Pine,460.5
2026-07-23 13:28:25,Northern Owens Valley,Fish Springs At RR Flow,40.7
2026-07-23 13:28:25,Northern Owens Valley,Tinemaha Reservoir Outflow,450.2
2026-07-23 13:28:25,Northern Owens Valley,Bishop Creek Through Plant 6,146.5
2026-07-23 13:28:25,Northern Owens Valley,Bishop Creek Around Plant 6,31.2
2026-07-23 13:28:25,Southern Owens Valley,Tinemaha Reservoir Outflow,450.2
2026-07-23 13:28:25,Southern Owens Valley,Indep. Ck. At Junction Flow,12.2
2026-07-23 13:28:25,Southern Owens Valley,LAA at Alabama Flow,409.0
2026-07-23 13:28:25,Southern Owens Valley,LAA at Alabama Level,7.9
2026-07-23 13:28:25,Southern Owens Valley,LAA at Alabama Water Temp,75.9
2026-07-23 13:28:25,Southern Owens Valley,Cottonwood Ck. At LAA Flow,8.0
2026-07-23 13:28:25,Southern Owens Valley,LAA at Cottonwood Flow,501.0
2026-07-23 13:28:25,Southern Owens Valley,LAA at Cottonwood Level,9.3
2026-07-23 13:28:25,Southern Owens Valley,LAA at Cotton. Water Temp,76.6
2026-07-23 13:28:25,Southern Owens Valley,N. Haiwee Elevation,3757.0
2026-07-23 13:28:25,Southern Owens Valley,S. Haiwee Reservoir Elevation,3731.4
2026-07-23 13:28:25,Southern Owens Valley,Haiwee LAA #1 Current Flow,0.0
2026-07-23 13:28:25,Southern Owens Valley,Haiwee LAA #2 Current Flow,194.9
2026-07-23 13:28:25,Southern Owens Valley,Reinhackel Flow,2.9
2026-07-23 13:28:25,Southern Owens Valley,Lubkin Spillgate Outflow,0.0
2026-07-23 13:28:25,Southern Owens Valley,Cartago Spillgate Outflow,0.0
2026-07-23 13:28:25,Southern Owens Valley,Lone Pine Creek Flow,31.9
2026-07-23 13:28:25,Lower Owens River Project,LORP Intake Flow,81.0
2026-07-23 13:28:25,Lower Owens River Project,LORP at Mazourka Canyon Road,0.0
2026-07-23 13:28:25,Lower Owens River Project,LORP at Reinhackle Springs,80.0
2026-07-23 13:28:25,Lower Owens River Project,LORP Above Pumpstation,55.0
2026-07-23 13:28:25,Lower Owens River Project,LORP At Pump Station Discharge Flow,47.0
2026-07-23 13:28:25,Southern District,Haiwee LAA #2 Current Flow,194.9
2026-07-23 13:28:25,Southern District,S. Haiwee Reservoir Elevation,3731.4
2026-07-23 13:28:25,Southern District,Haiwee LAA #1 Current Flow,0.0
2026-07-23 13:28:25,Southern District,Fairmont Reservoir Elevation,3025.6
2026-07-23 13:28:25,Southern District,LAA #1 Flow at Fairmont Reservoir,415.0
2026-07-23 13:28:25,Southern District,LAA #2 Flow at Fairmont Res.,203.8
2026-07-23 13:28:25,Southern District,Bouquet Reservoir Elevation,2981.0
2026-07-23 13:28:25,Southern District,Bouquet Reservoir Inflow,38.8
2026-07-23 13:28:25,Southern District,Bouquet Reservoir Outflow,0.5
2026-07-23 13:28:25,Southern District,LAA #1 at Soledad Flow,279.5
2026-07-23 13:28:25,Southern District,LAA #2 at Soledad Flow,249.2
2026-07-23 13:43:25,Mono Basin,Lee Vining Intake Above Flow,61.0
2026-07-23 13:43:25,Mono Basin,Lee Vining Intake Below Flow,32.7
2026-07-23 13:43:25,Mono Basin,Walker Ck. Above Conduit Flow,8.0
2026-07-23 13:43:25,Mono Basin,L.V. Conduit Below Intake Flow,25.3
2026-07-23 13:43:25,Mono Basin,Walker Ck. Under Conduit Flow,8.0
2026-07-23 13:43:25,Mono Basin,Parker Ck. Under Conduit Flow,28.0
2026-07-23 13:43:25,Mono Basin,Parker Ck. Above Conduit Flow,30.0
2026-07-23 13:43:25,Mono Basin,Grant Lk. Spill Flow,0.0
2026-07-23 13:43:25,Mono Basin,Mono Gate 1 Return Ditch Flow,41.8
2026-07-23 13:43:25,Mono Basin,Grant Lk. Outflow,42.5
2026-07-23 13:43:25,Mono Basin,Rush Ck. at Damsite Flow,28.2
2026-07-23 13:43:25,Mono Basin,Flow to West Portal,0.0
2026-07-23 13:43:25,Long Valley,East Portal Flow,12.0
2026-07-23 13:43:25,Long Valley,OR Below EP Flow,57.0
2026-07-23 13:43:25,Long Valley,Hot Ck.at Hwy. Flow,12.0
2026-07-23 13:43:25,Long Valley,McGee Ck. Lower Sta. Flow,12.8
2026-07-23 13:43:25,Long Valley,Long Valley Current Outflow,220.2
2026-07-23 13:43:25,Long Valley,Rock Ck. Div. Flow,0.8
2026-07-23 13:43:25,Long Valley,Upper Gorge Total Release,45.2
2026-07-23 13:43:25,Long Valley,Release at Middle Gorge,0.0
2026-07-23 13:43:25,Northern Owens Valley,Rock Ck. At Owens River (PV) Flow,47.3
2026-07-23 13:43:25,Northern Owens Valley,Pleasant Valley Outflow,368.1
2026-07-23 13:43:25,Northern Owens Valley,Baker Ck. At LA Station Flow,6.9
2026-07-23 13:43:25,Northern Owens Valley,Big Pine Ck. USGS Flow,85.8
2026-07-23 13:43:25,Northern Owens Valley,O.R. Below Big Pine,460.5
2026-07-23 13:43:25,Northern Owens Valley,Fish Springs At RR Flow,40.7
2026-07-23 13:43:25,Northern Owens Valley,Tinemaha Reservoir Outflow,450.2
2026-07-23 13:43:25,Northern Owens Valley,Bishop Creek Through Plant 6,147.0
2026-07-23 13:43:25,Northern Owens Valley,Bishop Creek Around Plant 6,31.2
2026-07-23 13:43:25,Southern Owens Valley,Tinemaha Reservoir Outflow,450.2
2026-07-23 13:43:25,Southern Owens Valley,Indep. Ck. At Junction Flow,12.2
2026-07-23 13:43:25,Southern Owens Valley,LAA at Alabama Flow,409.0
2026-07-23 13:43:25,Southern Owens Valley,Cottonwood Ck. At LAA Flow,8.0
2026-07-23 13:43:25,Southern Owens Valley,LAA at Cottonwood Flow,502.0
2026-07-23 13:43:25,Southern Owens Valley,Haiwee LAA #1 Current Flow,0.0
2026-07-23 13:43:25,Southern Owens Valley,Haiwee LAA #2 Current Flow,194.9
2026-07-23 13:43:25,Southern Owens Valley,Reinhackel Flow,2.9
2026-07-23 13:43:25,Southern Owens Valley,Lubkin Spillgate Outflow,0.0
2026-07-23 13:43:25,Southern Owens Valley,Cartago Spillgate Outflow,0.0
2026-07-23 13:43:25,Southern Owens Valley,Lone Pine Creek Flow,31.3
2026-07-23 13:43:25,Lower Owens River Project,LORP Intake Flow,81.0
2026-07-23 13:43:25,Lower Owens River Project,LORP at Mazourka Canyon Road,0.0
2026-07-23 13:43:25,Lower Owens River Project,LORP at Reinhackle Springs,80.0
2026-07-23 13:43:25,Lower Owens River Project,LORP Above Pumpstation,57.0
2026-07-23 13:43:25,Lower Owens River Project,LORP At Pump Station Discharge Flow,47.0
2026-07-23 13:43:25,Southern District,Haiwee LAA #2 Current Flow,194.9
2026-07-23 13:43:25,Southern District,Haiwee LAA #1 Current Flow,0.0
2026-07-23 13:43:25,Southern District,LAA #1 Flow at Fairmont Reservoir,415.1
2026-07-23 13:43:25,Southern District,LAA #2 Flow at Fairmont Res.,203.8
2026-07-23 13:43:25,Southern District,Bouquet Reservoir Inflow,39.0
2026-07-23 13:43:25,Southern District,Bouquet Reservoir Outflow,0.5
2026-07-23 13:43:25,Southern District,LAA #1 at Soledad Flow,279.5
2026-07-23 13:43:25,Southern District,LAA #2 at Soledad Flow,249.2
2026-07-23 13:43:26,Mono Basin,Mono Lk. Elevation,6382.5
2026-07-23 13:43:26,Mono Basin,Grant Lk. Elevation,7129.9
2026-07-23 13:43:26,Long Valley,Long Valley Elevation,6775.6
2026-07-23 13:43:26,Northern Owens Valley,Pleasant Valley Elevation,4383.0
2026-07-23 13:43:26,Southern Owens Valley,LAA at Alabama Level,7.9
2026-07-23 13:43:26,Southern Owens Valley,LAA at Alabama Water Temp,75.9
2026-07-23 13:43:26,Southern Owens Valley,LAA at Cottonwood Level,9.3
2026-07-23 13:43:26,Southern Owens Valley,LAA at Cotton. Water Temp,76.8
2026-07-23 13:43:26,Southern Owens Valley,N. Haiwee Elevation,3757.0
2026-07-23 13:43:26,Southern Owens Valley,S. Haiwee Reservoir Elevation,3731.4
2026-07-23 13:43:26,Southern District,S. Haiwee Reservoir Elevation,3731.4
2026-07-23 13:43:26,Southern District,Fairmont Reservoir Elevation,3025.6
2026-07-23 13:43:26,Southern District,Bouquet Reservoir Elevation,2981.0
2026-07-23 13:58:25,Northern Owens Valley,Tinemaha Elevation,3861.6
2026-07-23 13:58:25,Southern Owens Valley,Tinemaha Elevation,3861.6
2026-07-23 13:58:25,Mono Basin,Lee Vining Intake Above Flow,61.0
2026-07-23 13:58:25,Mono Basin,Lee Vining Intake Below Flow,32.7
2026-07-23 13:58:25,Mono Basin,Mono Lk. Elevation,6382.5
2026-07-23 13:58:25,Mono Basin,Walker Ck. Above Conduit Flow,8.0
2026-07-23 13:58:25,Mono Basin,L.V. Conduit Below Intake Flow,25.3
2026-07-23 13:58:25,Mono Basin,Walker Ck. Under Conduit Flow,8.0
2026-07-23 13:58:25,Mono Basin,Parker Ck. Under Conduit Flow,28.0
2026-07-23 13:58:25,Mono Basin,Parker Ck. Above Conduit Flow,30.0
2026-07-23 13:58:25,Mono Basin,Grant Lk. Spill Flow,0.0
2026-07-23 13:58:25,Mono Basin,Mono Gate 1 Return Ditch Flow,41.8
2026-07-23 13:58:25,Mono Basin,Grant Lk. Elevation,7129.9
2026-07-23 13:58:25,Mono Basin,Grant Lk. Outflow,42.5
2026-07-23 13:58:25,Mono Basin,Rush Ck. at Damsite Flow,28.2
2026-07-23 13:58:25,Mono Basin,Flow to West Portal,0.0
2026-07-23 13:58:25,Long Valley,East Portal Flow,12.0
2026-07-23 13:58:25,Long Valley,OR Below EP Flow,57.0
2026-07-23 13:58:25,Long Valley,Hot Ck.at Hwy. Flow,12.0
2026-07-23 13:58:25,Long Valley,McGee Ck. Lower Sta. Flow,12.8
2026-07-23 13:58:25,Long Valley,Long Valley Elevation,6775.6
2026-07-23 13:58:25,Long Valley,Long Valley Current Outflow,220.2
2026-07-23 13:58:25,Long Valley,Rock Ck. Div. Flow,0.8
2026-07-23 13:58:25,Long Valley,Upper Gorge Total Release,45.0
2026-07-23 13:58:25,Long Valley,Release at Middle Gorge,0.0
2026-07-23 13:58:25,Northern Owens Valley,Rock Ck. At Owens River (PV) Flow,47.0
2026-07-23 13:58:25,Northern Owens Valley,Pleasant Valley Elevation,4382.9
2026-07-23 13:58:25,Northern Owens Valley,Pleasant Valley Outflow,368.2
2026-07-23 13:58:25,Northern Owens Valley,Baker Ck. At LA Station Flow,6.9
2026-07-23 13:58:25,Northern Owens Valley,Big Pine Ck. USGS Flow,83.2
2026-07-23 13:58:25,Northern Owens Valley,O.R. Below Big Pine,460.7
2026-07-23 13:58:25,Northern Owens Valley,Fish Springs At RR Flow,40.7
2026-07-23 13:58:25,Northern Owens Valley,Tinemaha Reservoir Outflow,450.2
2026-07-23 13:58:25,Northern Owens Valley,Bishop Creek Through Plant 6,147.0
2026-07-23 13:58:25,Northern Owens Valley,Bishop Creek Around Plant 6,31.2
2026-07-23 13:58:25,Southern Owens Valley,Tinemaha Reservoir Outflow,450.2
2026-07-23 13:58:25,Southern Owens Valley,Indep. Ck. At Junction Flow,12.2
2026-07-23 13:58:25,Southern Owens Valley,LAA at Alabama Flow,409.0
2026-07-23 13:58:25,Southern Owens Valley,LAA at Alabama Level,7.9
2026-07-23 13:58:25,Southern Owens Valley,LAA at Alabama Water Temp,75.9
2026-07-23 13:58:25,Southern Owens Valley,Cottonwood Ck. At LAA Flow,8.0
2026-07-23 13:58:25,Southern Owens Valley,LAA at Cottonwood Flow,502.0
2026-07-23 13:58:25,Southern Owens Valley,LAA at Cottonwood Level,9.3
2026-07-23 13:58:25,Southern Owens Valley,LAA at Cotton. Water Temp,76.8
2026-07-23 13:58:25,Southern Owens Valley,N. Haiwee Elevation,3757.0
2026-07-23 13:58:25,Southern Owens Valley,S. Haiwee Reservoir Elevation,3731.4
2026-07-23 13:58:25,Southern Owens Valley,Haiwee LAA #1 Current Flow,0.0
2026-07-23 13:58:25,Southern Owens Valley,Haiwee LAA #2 Current Flow,194.9
2026-07-23 13:58:25,Southern Owens Valley,Reinhackel Flow,2.9
2026-07-23 13:58:25,Southern Owens Valley,Lubkin Spillgate Outflow,0.0
2026-07-23 13:58:25,Southern Owens Valley,Cartago Spillgate Outflow,0.0
2026-07-23 13:58:25,Southern Owens Valley,Lone Pine Creek Flow,31.3
2026-07-23 13:58:25,Lower Owens River Project,LORP Intake Flow,81.0
2026-07-23 13:58:25,Lower Owens River Project,LORP at Mazourka Canyon Road,0.0
2026-07-23 13:58:25,Lower Owens River Project,LORP at Reinhackle Springs,80.0
2026-07-23 13:58:25,Lower Owens River Project,LORP Above Pumpstation,58.0
2026-07-23 13:58:25,Lower Owens River Project,LORP At Pump Station Discharge Flow,48.0
2026-07-23 13:58:25,Southern District,Haiwee LAA #2 Current Flow,194.9
2026-07-23 13:58:25,Southern District,S. Haiwee Reservoir Elevation,3731.4
2026-07-23 13:58:25,Southern District,Haiwee LAA #1 Current Flow,0.0
2026-07-23 13:58:25,Southern District,Fairmont Reservoir Elevation,3025.6
2026-07-23 13:58:25,Southern District,LAA #1 Flow at Fairmont Reservoir,413.0
2026-07-23 13:58:25,Southern District,LAA #2 Flow at Fairmont Res.,203.8
2026-07-23 13:58:25,Southern District,Bouquet Reservoir Elevation,2981.0
2026-07-23 13:58:25,Southern District,Bouquet Reservoir Inflow,39.0
2026-07-23 13:58:25,Southern District,Bouquet Reservoir Outflow,0.5
2026-07-23 13:58:25,Southern District,LAA #1 at Soledad Flow,279.5
2026-07-23 13:58:25,Southern District,LAA #2 at Soledad Flow,249.2
2026-07-23 14:28:25,Northern Owens Valley,Tinemaha Elevation,3861.6
2026-07-23 14:28:25,Southern Owens Valley,Tinemaha Elevation,3861.6
2026-07-23 14:43:25,Mono Basin,Lee Vining Intake Above Flow,59.6
2026-07-23 14:43:25,Mono Basin,Lee Vining Intake Below Flow,32.3
2026-07-23 14:43:25,Mono Basin,Walker Ck. Above Conduit Flow,8.0
2026-07-23 14:43:25,Mono Basin,L.V. Conduit Below Intake Flow,25.1
2026-07-23 14:43:25,Mono Basin,Walker Ck. Under Conduit Flow,8.0
2026-07-23 14:43:25,Mono Basin,Parker Ck. Under Conduit Flow,28.0
2026-07-23 14:43:25,Mono Basin,Parker Ck. Above Conduit Flow,30.0
2026-07-23 14:43:25,Mono Basin,Grant Lk. Spill Flow,0.0
2026-07-23 14:43:25,Mono Basin,Mono Gate 1 Return Ditch Flow,41.8
2026-07-23 14:43:25,Mono Basin,Grant Lk. Outflow,42.6
2026-07-23 14:43:25,Mono Basin,Rush Ck. at Damsite Flow,28.2
2026-07-23 14:43:25,Mono Basin,Flow to West Portal,0.0
2026-07-23 14:43:25,Long Valley,East Portal Flow,12.0
2026-07-23 14:43:25,Long Valley,OR Below EP Flow,57.0
2026-07-23 14:43:25,Long Valley,Hot Ck.at Hwy. Flow,12.0
2026-07-23 14:43:25,Long Valley,McGee Ck. Lower Sta. Flow,12.8
2026-07-23 14:43:25,Long Valley,Long Valley Current Outflow,220.2
2026-07-23 14:43:25,Long Valley,Rock Ck. Div. Flow,0.8
2026-07-23 14:43:25,Long Valley,Upper Gorge Total Release,45.1
2026-07-23 14:43:25,Long Valley,Release at Middle Gorge,0.0
2026-07-23 14:43:25,Northern Owens Valley,Rock Ck. At Owens River (PV) Flow,46.3
2026-07-23 14:43:25,Northern Owens Valley,Pleasant Valley Outflow,368.6
2026-07-23 14:43:25,Northern Owens Valley,Baker Ck. At LA Station Flow,6.9
2026-07-23 14:43:25,Northern Owens Valley,Big Pine Ck. USGS Flow,83.2
2026-07-23 14:43:25,Northern Owens Valley,O.R. Below Big Pine,460.3
2026-07-23 14:43:25,Northern Owens Valley,Fish Springs At RR Flow,40.7
2026-07-23 14:43:25,Northern Owens Valley,Tinemaha Reservoir Outflow,449.4
2026-07-23 14:43:25,Northern Owens Valley,Bishop Creek Through Plant 6,148.2
2026-07-23 14:43:25,Northern Owens Valley,Bishop Creek Around Plant 6,31.0
2026-07-23 14:43:25,Southern Owens Valley,Tinemaha Reservoir Outflow,449.4
2026-07-23 14:43:25,Southern Owens Valley,Indep. Ck. At Junction Flow,11.7
2026-07-23 14:43:25,Southern Owens Valley,LAA at Alabama Flow,408.0
2026-07-23 14:43:25,Southern Owens Valley,Cottonwood Ck. At LAA Flow,8.0
2026-07-23 14:43:25,Southern Owens Valley,LAA at Cottonwood Flow,500.0
2026-07-23 14:43:25,Southern Owens Valley,Haiwee LAA #1 Current Flow,0.0
2026-07-23 14:43:25,Southern Owens Valley,Haiwee LAA #2 Current Flow,194.9
2026-07-23 14:43:25,Southern Owens Valley,Reinhackel Flow,2.9
2026-07-23 14:43:25,Southern Owens Valley,Lubkin Spillgate Outflow,0.0
2026-07-23 14:43:25,Southern Owens Valley,Cartago Spillgate Outflow,0.0
2026-07-23 14:43:25,Southern Owens Valley,Lone Pine Creek Flow,30.9
2026-07-23 14:43:25,Lower Owens River Project,LORP Intake Flow,80.0
2026-07-23 14:43:25,Lower Owens River Project,LORP at Mazourka Canyon Road,0.0
2026-07-23 14:43:25,Lower Owens River Project,LORP at Reinhackle Springs,80.0
2026-07-23 14:43:25,Lower Owens River Project,LORP Above Pumpstation,55.0
2026-07-23 14:43:25,Lower Owens River Project,LORP At Pump Station Discharge Flow,47.0
2026-07-23 14:43:25,Southern District,Haiwee LAA #2 Current Flow,194.9
2026-07-23 14:43:25,Southern District,Haiwee LAA #1 Current Flow,0.0
2026-07-23 14:43:25,Southern District,LAA #1 Flow at Fairmont Reservoir,413.8
2026-07-23 14:43:25,Southern District,LAA #2 Flow at Fairmont Res.,203.8
2026-07-23 14:43:25,Southern District,Bouquet Reservoir Inflow,39.2
2026-07-23 14:43:25,Southern District,Bouquet Reservoir Outflow,0.5
2026-07-23 14:43:25,Southern District,LAA #1 at Soledad Flow,279.5
2026-07-23 14:43:25,Southern District,LAA #2 at Soledad Flow,249.2
2026-07-23 14:43:26,Mono Basin,Mono Lk. Elevation,6382.5
2026-07-23 14:43:26,Mono Basin,Grant Lk. Elevation,7129.9
2026-07-23 14:43:26,Long Valley,Long Valley Elevation,6775.6
2026-07-23 14:43:26,Northern Owens Valley,Pleasant Valley Elevation,4382.9
2026-07-23 14:43:26,Southern Owens Valley,LAA at Alabama Level,7.9
2026-07-23 14:43:26,Southern Owens Valley,LAA at Alabama Water Temp,76.5
2026-07-23 14:43:26,Southern Owens Valley,LAA at Cottonwood Level,9.3
2026-07-23 14:43:26,Southern Owens Valley,LAA at Cotton. Water Temp,77.1
2026-07-23 14:43:26,Southern Owens Valley,N. Haiwee Elevation,3757.0
2026-07-23 14:43:26,Southern Owens Valley,S. Haiwee Reservoir Elevation,3731.3
2026-07-23 14:43:26,Southern District,S. Haiwee Reservoir Elevation,3731.3
2026-07-23 14:43:26,Southern District,Fairmont Reservoir Elevation,3025.6
2026-07-23 14:43:26,Southern District,Bouquet Reservoir Elevation,2981.0
2026-07-23 14:58:25,Northern Owens Valley,Tinemaha Elevation,3861.6
2026-07-23 14:58:25,Southern Owens Valley,Tinemaha Elevation,3861.6
2026-07-23 15:28:25,Northern Owens Valley,Tinemaha Elevation,3861.6
2026-07-23 15:28:25,Southern Owens Valley,Tinemaha Elevation,3861.6
2026-07-23 15:43:25,Mono Basin,Lee Vining Intake Above Flow,59.4
2026-07-23 15:43:25,Mono Basin,Lee Vining Intake Below Flow,31.7
2026-07-23 15:43:25,Mono Basin,Walker Ck. Above Conduit Flow,8.0
2026-07-23 15:43:25,Mono Basin,L.V. Conduit Below Intake Flow,25.1
2026-07-23 15:43:25,Mono Basin,Walker Ck. Under Conduit Flow,8.0
2026-07-23 15:43:25,Mono Basin,Parker Ck. Under Conduit Flow,27.0
2026-07-23 15:43:25,Mono Basin,Parker Ck. Above Conduit Flow,29.0
2026-07-23 15:43:25,Mono Basin,Grant Lk. Spill Flow,0.0
2026-07-23 15:43:25,Mono Basin,Mono Gate 1 Return Ditch Flow,41.9
2026-07-23 15:43:25,Mono Basin,Grant Lk. Outflow,42.5
2026-07-23 15:43:25,Mono Basin,Rush Ck. at Damsite Flow,24.7
2026-07-23 15:43:25,Mono Basin,Flow to West Portal,0.0
2026-07-23 15:43:25,Long Valley,East Portal Flow,12.0
2026-07-23 15:43:25,Long Valley,OR Below EP Flow,57.0
2026-07-23 15:43:25,Long Valley,Hot Ck.at Hwy. Flow,12.0
2026-07-23 15:43:25,Long Valley,McGee Ck. Lower Sta. Flow,12.0
2026-07-23 15:43:25,Long Valley,Long Valley Current Outflow,220.5
2026-07-23 15:43:25,Long Valley,Rock Ck. Div. Flow,0.8
2026-07-23 15:43:25,Long Valley,Upper Gorge Total Release,45.3
2026-07-23 15:43:25,Long Valley,Release at Middle Gorge,3.3
2026-07-23 15:43:25,Northern Owens Valley,Rock Ck. At Owens River (PV) Flow,45.5
2026-07-23 15:43:25,Northern Owens Valley,Pleasant Valley Outflow,369.5
2026-07-23 15:43:25,Northern Owens Valley,Baker Ck. At LA Station Flow,6.4
2026-07-23 15:43:25,Northern Owens Valley,Big Pine Ck. USGS Flow,81.2
2026-07-23 15:43:25,Northern Owens Valley,O.R. Below Big Pine,459.6
2026-07-23 15:43:25,Northern Owens Valley,Fish Springs At RR Flow,40.7
2026-07-23 15:43:25,Northern Owens Valley,Tinemaha Reservoir Outflow,451.0
2026-07-23 15:43:25,Northern Owens Valley,Bishop Creek Through Plant 6,148.2
2026-07-23 15:43:25,Northern Owens Valley,Bishop Creek Around Plant 6,30.5
2026-07-23 15:43:25,Southern Owens Valley,Tinemaha Reservoir Outflow,451.0
2026-07-23 15:43:25,Southern Owens Valley,Indep. Ck. At Junction Flow,11.7
2026-07-23 15:43:25,Southern Owens Valley,LAA at Alabama Flow,409.0
2026-07-23 15:43:25,Southern Owens Valley,LAA at Alabama Water Temp,77.0
2026-07-23 15:43:25,Southern Owens Valley,Cottonwood Ck. At LAA Flow,8.0
2026-07-23 15:43:25,Southern Owens Valley,LAA at Cottonwood Flow,501.0
2026-07-23 15:43:25,Southern Owens Valley,LAA at Cotton. Water Temp,77.4
2026-07-23 15:43:25,Southern Owens Valley,Haiwee LAA #1 Current Flow,0.0
2026-07-23 15:43:25,Southern Owens Valley,Haiwee LAA #2 Current Flow,194.9
2026-07-23 15:43:25,Southern Owens Valley,Reinhackel Flow,2.9
2026-07-23 15:43:25,Southern Owens Valley,Lubkin Spillgate Outflow,0.0
2026-07-23 15:43:25,Southern Owens Valley,Cartago Spillgate Outflow,0.0
2026-07-23 15:43:25,Southern Owens Valley,Lone Pine Creek Flow,30.3
2026-07-23 15:43:25,Lower Owens River Project,LORP Intake Flow,80.0
2026-07-23 15:43:25,Lower Owens River Project,LORP at Mazourka Canyon Road,0.0
2026-07-23 15:43:25,Lower Owens River Project,LORP at Reinhackle Springs,79.0
2026-07-23 15:43:25,Lower Owens River Project,LORP Above Pumpstation,56.0
2026-07-23 15:43:25,Lower Owens River Project,LORP At Pump Station Discharge Flow,48.0
2026-07-23 15:43:25,Southern District,Haiwee LAA #2 Current Flow,194.9
2026-07-23 15:43:25,Southern District,Haiwee LAA #1 Current Flow,0.0
2026-07-23 15:43:25,Southern District,LAA #1 Flow at Fairmont Reservoir,414.3
2026-07-23 15:43:25,Southern District,LAA #2 Flow at Fairmont Res.,203.7
2026-07-23 15:43:25,Southern District,Bouquet Reservoir Inflow,34.4
2026-07-23 15:43:25,Southern District,Bouquet Reservoir Outflow,0.5
2026-07-23 15:43:25,Southern District,LAA #1 at Soledad Flow,279.5
2026-07-23 15:43:25,Southern District,LAA #2 at Soledad Flow,249.2
2026-07-23 15:43:26,Mono Basin,Mono Lk. Elevation,6382.5
2026-07-23 15:43:26,Mono Basin,Grant Lk. Elevation,7129.9
2026-07-23 15:43:26,Long Valley,Long Valley Elevation,6775.6
2026-07-23 15:43:26,Northern Owens Valley,Pleasant Valley Elevation,4382.8
2026-07-23 15:43:26,Southern Owens Valley,LAA at Alabama Level,7.9
2026-07-23 15:43:26,Southern Owens Valley,LAA at Cottonwood Level,9.3
2026-07-23 15:43:26,Southern Owens Valley,N. Haiwee Elevation,3757.0
2026-07-23 15:43:26,Southern Owens Valley,S. Haiwee Reservoir Elevation,3731.3
2026-07-23 15:43:26,Southern District,S. Haiwee Reservoir Elevation,3731.3
2026-07-23 15:43:26,Southern District,Fairmont Reservoir Elevation,3025.6
2026-07-23 15:43:26,Southern District,Bouquet Reservoir Elevation,2981.1
2026-07-23 15:58:25,Northern Owens Valley,Tinemaha Elevation,3861.6
2026-07-23 15:58:25,Southern Owens Valley,Tinemaha Elevation,3861.6
2026-07-23 16:28:25,Northern Owens Valley,Tinemaha Elevation,3861.6
2026-07-23 16:28:25,Southern Owens Valley,Tinemaha Elevation,3861.6
2026-07-23 16:43:25,Mono Basin,Lee Vining Intake Above Flow,59.1
2026-07-23 16:43:25,Mono Basin,Lee Vining Intake Below Flow,31.8
2026-07-23 16:43:25,Mono Basin,Walker Ck. Above Conduit Flow,8.0
2026-07-23 16:43:25,Mono Basin,L.V. Conduit Below Intake Flow,25.2
2026-07-23 16:43:25,Mono Basin,Walker Ck. Under Conduit Flow,8.0
2026-07-23 16:43:25,Mono Basin,Parker Ck. Under Conduit Flow,27.0
2026-07-23 16:43:25,Mono Basin,Parker Ck. Above Conduit Flow,29.0
2026-07-23 16:43:25,Mono Basin,Grant Lk. Spill Flow,0.0
2026-07-23 16:43:25,Mono Basin,Mono Gate 1 Return Ditch Flow,41.8
2026-07-23 16:43:25,Mono Basin,Grant Lk. Outflow,42.3
2026-07-23 16:43:25,Mono Basin,Rush Ck. at Damsite Flow,24.7
2026-07-23 16:43:25,Mono Basin,Flow to West Portal,0.0
2026-07-23 16:43:25,Long Valley,East Portal Flow,12.0
2026-07-23 16:43:25,Long Valley,OR Below EP Flow,57.0
2026-07-23 16:43:25,Long Valley,Hot Ck.at Hwy. Flow,12.0
2026-07-23 16:43:25,Long Valley,McGee Ck. Lower Sta. Flow,12.0
2026-07-23 16:43:25,Long Valley,Long Valley Current Outflow,220.5
2026-07-23 16:43:25,Long Valley,Rock Ck. Div. Flow,0.8
2026-07-23 16:43:25,Long Valley,Upper Gorge Total Release,44.3
2026-07-23 16:43:25,Long Valley,Release at Middle Gorge,1.0
2026-07-23 16:43:25,Northern Owens Valley,Rock Ck. At Owens River (PV) Flow,44.5
2026-07-23 16:43:25,Northern Owens Valley,Pleasant Valley Outflow,368.3
2026-07-23 16:43:25,Northern Owens Valley,Baker Ck. At LA Station Flow,6.4
2026-07-23 16:43:25,Northern Owens Valley,Big Pine Ck. USGS Flow,81.2
2026-07-23 16:43:25,Northern Owens Valley,O.R. Below Big Pine,457.6
2026-07-23 16:43:25,Northern Owens Valley,Fish Springs At RR Flow,40.7
2026-07-23 16:43:25,Northern Owens Valley,Tinemaha Reservoir Outflow,450.2
2026-07-23 16:43:25,Northern Owens Valley,Bishop Creek Through Plant 6,148.2
2026-07-23 16:43:25,Northern Owens Valley,Bishop Creek Around Plant 6,30.5
2026-07-23 16:43:25,Southern Owens Valley,Tinemaha Reservoir Outflow,450.2
2026-07-23 16:43:25,Southern Owens Valley,Indep. Ck. At Junction Flow,11.7
2026-07-23 16:43:25,Southern Owens Valley,LAA at Alabama Flow,407.0
2026-07-23 16:43:25,Southern Owens Valley,LAA at Alabama Level,7.9
2026-07-23 16:43:25,Southern Owens Valley,LAA at Alabama Water Temp,77.3
2026-07-23 16:43:25,Southern Owens Valley,Cottonwood Ck. At LAA Flow,11.0
2026-07-23 16:43:25,Southern Owens Valley,LAA at Cottonwood Flow,499.0
2026-07-23 16:43:25,Southern Owens Valley,LAA at Cottonwood Level,9.3
2026-07-23 16:43:25,Southern Owens Valley,LAA at Cotton. Water Temp,77.6
2026-07-23 16:43:25,Southern Owens Valley,Haiwee LAA #1 Current Flow,0.0
2026-07-23 16:43:25,Southern Owens Valley,Haiwee LAA #2 Current Flow,194.9
2026-07-23 16:43:25,Southern Owens Valley,Reinhackel Flow,2.9
2026-07-23 16:43:25,Southern Owens Valley,Lubkin Spillgate Outflow,0.0
2026-07-23 16:43:25,Southern Owens Valley,Cartago Spillgate Outflow,0.0
2026-07-23 16:43:25,Southern Owens Valley,Lone Pine Creek Flow,30.0
2026-07-23 16:43:25,Lower Owens River Project,LORP Intake Flow,80.0
2026-07-23 16:43:25,Lower Owens River Project,LORP at Mazourka Canyon Road,0.0
2026-07-23 16:43:25,Lower Owens River Project,LORP at Reinhackle Springs,80.0
2026-07-23 16:43:25,Lower Owens River Project,LORP Above Pumpstation,57.0
2026-07-23 16:43:25,Lower Owens River Project,LORP At Pump Station Discharge Flow,48.0
2026-07-23 16:43:25,Southern District,Haiwee LAA #2 Current Flow,194.9
2026-07-23 16:43:25,Southern District,Haiwee LAA #1 Current Flow,0.0
2026-07-23 16:43:25,Southern District,LAA #1 Flow at Fairmont Reservoir,412.7
2026-07-23 16:43:25,Southern District,LAA #2 Flow at Fairmont Res.,203.8
2026-07-23 16:43:25,Southern District,Bouquet Reservoir Inflow,37.4
2026-07-23 16:43:25,Southern District,Bouquet Reservoir Outflow,0.7
2026-07-23 16:43:25,Southern District,LAA #1 at Soledad Flow,279.5
2026-07-23 16:43:25,Southern District,LAA #2 at Soledad Flow,249.2
2026-07-23 16:43:26,Mono Basin,Mono Lk. Elevation,6382.5
2026-07-23 16:43:26,Mono Basin,Grant Lk. Elevation,7129.9
2026-07-23 16:43:26,Long Valley,Long Valley Elevation,6775.6
2026-07-23 16:43:26,Northern Owens Valley,Pleasant Valley Elevation,4382.7
2026-07-23 16:43:26,Southern Owens Valley,N. Haiwee Elevation,3757.0
2026-07-23 16:43:26,Southern Owens Valley,S. Haiwee Reservoir Elevation,3731.4
2026-07-23 16:43:26,Southern District,S. Haiwee Reservoir Elevation,3731.4
2026-07-23 16:43:26,Southern District,Fairmont Reservoir Elevation,3025.6
2026-07-23 16:43:26,Southern District,Bouquet Reservoir Elevation,2981.1
2026-07-23 16:58:26,Northern Owens Valley,Tinemaha Elevation,3861.6
2026-07-23 16:58:26,Southern Owens Valley,Tinemaha Elevation,3861.6
2026-07-23 17:28:26,Northern Owens Valley,Tinemaha Elevation,3861.6
2026-07-23 17:28:26,Southern Owens Valley,Tinemaha Elevation,3861.6
2026-07-23 17:43:25,Mono Basin,Lee Vining Intake Above Flow,58.5
2026-07-23 17:43:25,Mono Basin,Lee Vining Intake Below Flow,31.7
2026-07-23 17:43:25,Mono Basin,Walker Ck. Above Conduit Flow,8.0
2026-07-23 17:43:25,Mono Basin,L.V. Conduit Below Intake Flow,25.1
2026-07-23 17:43:25,Mono Basin,Walker Ck. Under Conduit Flow,8.0
2026-07-23 17:43:25,Mono Basin,Parker Ck. Under Conduit Flow,27.0
2026-07-23 17:43:25,Mono Basin,Parker Ck. Above Conduit Flow,29.0
2026-07-23 17:43:25,Mono Basin,Grant Lk. Spill Flow,0.0
2026-07-23 17:43:25,Mono Basin,Mono Gate 1 Return Ditch Flow,41.9
2026-07-23 17:43:25,Mono Basin,Grant Lk. Outflow,42.6
2026-07-23 17:43:25,Mono Basin,Rush Ck. at Damsite Flow,24.7
2026-07-23 17:43:25,Mono Basin,Flow to West Portal,0.0
2026-07-23 17:43:25,Long Valley,East Portal Flow,12.0
2026-07-23 17:43:25,Long Valley,OR Below EP Flow,57.0
2026-07-23 17:43:25,Long Valley,Hot Ck.at Hwy. Flow,12.0
2026-07-23 17:43:25,Long Valley,McGee Ck. Lower Sta. Flow,12.0
2026-07-23 17:43:25,Long Valley,Long Valley Current Outflow,220.5
2026-07-23 17:43:25,Long Valley,Rock Ck. Div. Flow,0.8
2026-07-23 17:43:25,Long Valley,Upper Gorge Total Release,45.5
2026-07-23 17:43:25,Long Valley,Release at Middle Gorge,0.0
2026-07-23 17:43:25,Northern Owens Valley,Rock Ck. At Owens River (PV) Flow,44.0
2026-07-23 17:43:25,Northern Owens Valley,Pleasant Valley Outflow,367.5
2026-07-23 17:43:25,Northern Owens Valley,Baker Ck. At LA Station Flow,6.4
2026-07-23 17:43:25,Northern Owens Valley,Big Pine Ck. USGS Flow,81.2
2026-07-23 17:43:25,Northern Owens Valley,O.R. Below Big Pine,455.9
2026-07-23 17:43:25,Northern Owens Valley,Fish Springs At RR Flow,40.7
2026-07-23 17:43:25,Northern Owens Valley,Tinemaha Reservoir Outflow,450.2
2026-07-23 17:43:25,Northern Owens Valley,Bishop Creek Through Plant 6,146.8
2026-07-23 17:43:25,Northern Owens Valley,Bishop Creek Around Plant 6,29.2
2026-07-23 17:43:25,Southern Owens Valley,Tinemaha Reservoir Outflow,450.2
2026-07-23 17:43:25,Southern Owens Valley,Indep. Ck. At Junction Flow,11.7
2026-07-23 17:43:25,Southern Owens Valley,LAA at Alabama Flow,404.0
2026-07-23 17:43:25,Southern Owens Valley,Cottonwood Ck. At LAA Flow,7.0
2026-07-23 17:43:25,Southern Owens Valley,LAA at Cottonwood Flow,502.0
2026-07-23 17:43:25,Southern Owens Valley,Haiwee LAA #1 Current Flow,0.0
2026-07-23 17:43:25,Southern Owens Valley,Haiwee LAA #2 Current Flow,194.9
2026-07-23 17:43:25,Southern Owens Valley,Reinhackel Flow,2.9
2026-07-23 17:43:25,Southern Owens Valley,Lubkin Spillgate Outflow,0.0
2026-07-23 17:43:25,Southern Owens Valley,Cartago Spillgate Outflow,0.0
2026-07-23 17:43:25,Southern Owens Valley,Lone Pine Creek Flow,29.4
2026-07-23 17:43:25,Lower Owens River Project,LORP Intake Flow,80.0
2026-07-23 17:43:25,Lower Owens River Project,LORP at Mazourka Canyon Road,0.0
2026-07-23 17:43:25,Lower Owens River Project,LORP at Reinhackle Springs,80.0
2026-07-23 17:43:25,Lower Owens River Project,LORP Above Pumpstation,56.0
2026-07-23 17:43:25,Lower Owens River Project,LORP At Pump Station Discharge Flow,48.0
2026-07-23 17:43:25,Southern District,Haiwee LAA #2 Current Flow,194.9
2026-07-23 17:43:25,Southern District,Haiwee LAA #1 Current Flow,0.0
2026-07-23 17:43:25,Southern District,LAA #1 Flow at Fairmont Reservoir,411.9
2026-07-23 17:43:25,Southern District,LAA #2 Flow at Fairmont Res.,203.7
2026-07-23 17:43:25,Southern District,Bouquet Reservoir Inflow,39.3
2026-07-23 17:43:25,Southern District,Bouquet Reservoir Outflow,0.5
2026-07-23 17:43:25,Southern District,LAA #1 at Soledad Flow,279.5
2026-07-23 17:43:25,Southern District,LAA #2 at Soledad Flow,249.2
2026-07-23 17:43:26,Mono Basin,Mono Lk. Elevation,6382.5
2026-07-23 17:43:26,Mono Basin,Grant Lk. Elevation,7129.9
2026-07-23 17:43:26,Long Valley,Long Valley Elevation,6775.6
2026-07-23 17:43:26,Northern Owens Valley,Pleasant Valley Elevation,4382.6
2026-07-23 17:43:26,Southern Owens Valley,LAA at Alabama Level,7.8
2026-07-23 17:43:26,Southern Owens Valley,LAA at Alabama Water Temp,77.4
2026-07-23 17:43:26,Southern Owens Valley,LAA at Cottonwood Level,9.3
2026-07-23 17:43:26,Southern Owens Valley,LAA at Cotton. Water Temp,77.6
2026-07-23 17:43:26,Southern Owens Valley,N. Haiwee Elevation,3757.0
2026-07-23 17:43:26,Southern Owens Valley,S. Haiwee Reservoir Elevation,3731.3
2026-07-23 17:43:26,Southern District,S. Haiwee Reservoir Elevation,3731.3
2026-07-23 17:43:26,Southern District,Fairmont Reservoir Elevation,3025.6
2026-07-23 17:43:26,Southern District,Bouquet Reservoir Elevation,2981.1
2026-07-23 17:58:26,Northern Owens Valley,Tinemaha Elevation,3861.6
2026-07-23 17:58:26,Southern Owens Valley,Tinemaha Elevation,3861.6
2026-07-23 18:28:25,Northern Owens Valley,Tinemaha Elevation,3861.6
2026-07-23 18:28:25,Southern Owens Valley,Tinemaha Elevation,3861.6
2026-07-23 18:43:25,Mono Basin,Lee Vining Intake Above Flow,59.5
2026-07-23 18:43:25,Mono Basin,Lee Vining Intake Below Flow,31.4
2026-07-23 18:43:25,Mono Basin,Walker Ck. Above Conduit Flow,8.0
2026-07-23 18:43:25,Mono Basin,L.V. Conduit Below Intake Flow,25.3
2026-07-23 18:43:25,Mono Basin,Walker Ck. Under Conduit Flow,8.0
2026-07-23 18:43:25,Mono Basin,Parker Ck. Under Conduit Flow,27.0
2026-07-23 18:43:25,Mono Basin,Parker Ck. Above Conduit Flow,29.0
2026-07-23 18:43:25,Mono Basin,Grant Lk. Spill Flow,0.0
2026-07-23 18:43:25,Mono Basin,Mono Gate 1 Return Ditch Flow,41.9
2026-07-23 18:43:25,Mono Basin,Grant Lk. Outflow,42.7
2026-07-23 18:43:25,Mono Basin,Rush Ck. at Damsite Flow,24.7
2026-07-23 18:43:25,Mono Basin,Flow to West Portal,0.0
2026-07-23 18:43:25,Long Valley,East Portal Flow,12.0
2026-07-23 18:43:25,Long Valley,OR Below EP Flow,56.0
2026-07-23 18:43:25,Long Valley,Hot Ck.at Hwy. Flow,12.0
2026-07-23 18:43:25,Long Valley,McGee Ck. Lower Sta. Flow,12.0
2026-07-23 18:43:25,Long Valley,Long Valley Current Outflow,220.8
2026-07-23 18:43:25,Long Valley,Rock Ck. Div. Flow,0.8
2026-07-23 18:43:25,Long Valley,Upper Gorge Total Release,43.9
2026-07-23 18:43:25,Long Valley,Release at Middle Gorge,0.0
2026-07-23 18:43:25,Northern Owens Valley,Rock Ck. At Owens River (PV) Flow,43.6
2026-07-23 18:43:25,Northern Owens Valley,Pleasant Valley Outflow,367.2
2026-07-23 18:43:25,Northern Owens Valley,Baker Ck. At LA Station Flow,6.0
2026-07-23 18:43:25,Northern Owens Valley,Big Pine Ck. USGS Flow,81.2
2026-07-23 18:43:25,Northern Owens Valley,O.R. Below Big Pine,455.0
2026-07-23 18:43:25,Northern Owens Valley,Fish Springs At RR Flow,36.8
2026-07-23 18:43:25,Northern Owens Valley,Tinemaha Reservoir Outflow,449.4
2026-07-23 18:43:25,Northern Owens Valley,Bishop Creek Through Plant 6,154.1
2026-07-23 18:43:25,Northern Owens Valley,Bishop Creek Around Plant 6,27.7
2026-07-23 18:43:25,Southern Owens Valley,Tinemaha Reservoir Outflow,449.4
2026-07-23 18:43:25,Southern Owens Valley,Indep. Ck. At Junction Flow,11.7
2026-07-23 18:43:25,Southern Owens Valley,LAA at Alabama Flow,404.0
2026-07-23 18:43:25,Southern Owens Valley,LAA at Alabama Water Temp,77.3
2026-07-23 18:43:25,Southern Owens Valley,Cottonwood Ck. At LAA Flow,7.0
2026-07-23 18:43:25,Southern Owens Valley,LAA at Cottonwood Flow,500.0
2026-07-23 18:43:25,Southern Owens Valley,LAA at Cotton. Water Temp,77.5
2026-07-23 18:43:25,Southern Owens Valley,Haiwee LAA #1 Current Flow,0.0
2026-07-23 18:43:25,Southern Owens Valley,Haiwee LAA #2 Current Flow,195.3
2026-07-23 18:43:25,Southern Owens Valley,Reinhackel Flow,2.9
2026-07-23 18:43:25,Southern Owens Valley,Lubkin Spillgate Outflow,0.0
2026-07-23 18:43:25,Southern Owens Valley,Cartago Spillgate Outflow,0.0
2026-07-23 18:43:25,Southern Owens Valley,Lone Pine Creek Flow,29.1
2026-07-23 18:43:25,Lower Owens River Project,LORP Intake Flow,80.0
2026-07-23 18:43:25,Lower Owens River Project,LORP at Mazourka Canyon Road,0.0
2026-07-23 18:43:25,Lower Owens River Project,LORP at Reinhackle Springs,79.0
2026-07-23 18:43:25,Lower Owens River Project,LORP Above Pumpstation,56.0
2026-07-23 18:43:25,Lower Owens River Project,LORP At Pump Station Discharge Flow,48.0
2026-07-23 18:43:25,Southern District,Haiwee LAA #2 Current Flow,195.3
2026-07-23 18:43:25,Southern District,Haiwee LAA #1 Current Flow,0.0
2026-07-23 18:43:25,Southern District,LAA #1 Flow at Fairmont Reservoir,410.1
2026-07-23 18:43:25,Southern District,LAA #2 Flow at Fairmont Res.,203.7
2026-07-23 18:43:25,Southern District,Bouquet Reservoir Inflow,39.2
2026-07-23 18:43:25,Southern District,Bouquet Reservoir Outflow,0.4
2026-07-23 18:43:25,Southern District,LAA #1 at Soledad Flow,279.5
2026-07-23 18:43:25,Southern District,LAA #2 at Soledad Flow,249.2
2026-07-23 18:43:26,Mono Basin,Mono Lk. Elevation,6382.5
2026-07-23 18:43:26,Mono Basin,Grant Lk. Elevation,7129.9
2026-07-23 18:43:26,Long Valley,Long Valley Elevation,6775.6
2026-07-23 18:43:26,Northern Owens Valley,Pleasant Valley Elevation,4382.5
2026-07-23 18:43:26,Southern Owens Valley,LAA at Alabama Level,7.8
2026-07-23 18:43:26,Southern Owens Valley,LAA at Cottonwood Level,9.3
2026-07-23 18:43:26,Southern Owens Valley,N. Haiwee Elevation,3757.0
2026-07-23 18:43:26,Southern Owens Valley,S. Haiwee Reservoir Elevation,3731.3
2026-07-23 18:43:26,Southern District,S. Haiwee Reservoir Elevation,3731.3
2026-07-23 18:43:26,Southern District,Fairmont Reservoir Elevation,3025.6
2026-07-23 18:43:26,Southern District,Bouquet Reservoir Elevation,2981.1
2026-07-23 18:58:25,Northern Owens Valley,Tinemaha Elevation,3861.6
2026-07-23 18:58:25,Southern Owens Valley,Tinemaha Elevation,3861.6
2026-07-23 19:28:25,Northern Owens Valley,Tinemaha Elevation,3861.6
2026-07-23 19:28:25,Southern Owens Valley,Tinemaha Elevation,3861.6
2026-07-23 19:43:25,Mono Basin,Lee Vining Intake Above Flow,76.7
2026-07-23 19:43:25,Mono Basin,Lee Vining Intake Below Flow,43.2
2026-07-23 19:43:25,Mono Basin,Walker Ck. Above Conduit Flow,8.0
2026-07-23 19:43:25,Mono Basin,L.V. Conduit Below Intake Flow,29.0
2026-07-23 19:43:25,Mono Basin,Walker Ck. Under Conduit Flow,8.0
2026-07-23 19:43:25,Mono Basin,Parker Ck. Under Conduit Flow,27.0
2026-07-23 19:43:25,Mono Basin,Parker Ck. Above Conduit Flow,29.0
2026-07-23 19:43:25,Mono Basin,Grant Lk. Spill Flow,0.0
2026-07-23 19:43:25,Mono Basin,Mono Gate 1 Return Ditch Flow,41.7
2026-07-23 19:43:25,Mono Basin,Grant Lk. Outflow,42.3
2026-07-23 19:43:25,Mono Basin,Rush Ck. at Damsite Flow,24.7
2026-07-23 19:43:25,Mono Basin,Flow to West Portal,0.0
2026-07-23 19:43:25,Long Valley,East Portal Flow,12.0
2026-07-23 19:43:25,Long Valley,OR Below EP Flow,56.0
2026-07-23 19:43:25,Long Valley,Hot Ck.at Hwy. Flow,12.0
2026-07-23 19:43:25,Long Valley,McGee Ck. Lower Sta. Flow,12.0
2026-07-23 19:43:25,Long Valley,Long Valley Current Outflow,221.1
2026-07-23 19:43:25,Long Valley,Rock Ck. Div. Flow,0.8
2026-07-23 19:43:25,Long Valley,Upper Gorge Total Release,45.1
2026-07-23 19:43:25,Long Valley,Release at Middle Gorge,0.0
2026-07-23 19:43:25,Northern Owens Valley,Rock Ck. At Owens River (PV) Flow,43.6
2026-07-23 19:43:25,Northern Owens Valley,Pleasant Valley Outflow,365.2
2026-07-23 19:43:25,Northern Owens Valley,Baker Ck. At LA Station Flow,6.0
2026-07-23 19:43:25,Northern Owens Valley,Big Pine Ck. USGS Flow,81.2
2026-07-23 19:43:25,Northern Owens Valley,O.R. Below Big Pine,453.9
2026-07-23 19:43:25,Northern Owens Valley,Fish Springs At RR Flow,36.8
2026-07-23 19:43:25,Northern Owens Valley,Tinemaha Reservoir Outflow,450.2
2026-07-23 19:43:25,Northern Owens Valley,Bishop Creek Through Plant 6,150.1
2026-07-23 19:43:25,Northern Owens Valley,Bishop Creek Around Plant 6,27.3
2026-07-23 19:43:25,Southern Owens Valley,Tinemaha Reservoir Outflow,450.2
2026-07-23 19:43:25,Southern Owens Valley,Indep. Ck. At Junction Flow,11.8
2026-07-23 19:43:25,Southern Owens Valley,LAA at Alabama Flow,403.0
2026-07-23 19:43:25,Southern Owens Valley,LAA at Alabama Water Temp,77.1
2026-07-23 19:43:25,Southern Owens Valley,Cottonwood Ck. At LAA Flow,7.0
2026-07-23 19:43:25,Southern Owens Valley,LAA at Cottonwood Flow,499.0
2026-07-23 19:43:25,Southern Owens Valley,LAA at Cotton. Water Temp,77.3
2026-07-23 19:43:25,Southern Owens Valley,Haiwee LAA #1 Current Flow,0.0
2026-07-23 19:43:25,Southern Owens Valley,Haiwee LAA #2 Current Flow,195.3
2026-07-23 19:43:25,Southern Owens Valley,Reinhackel Flow,2.9
2026-07-23 19:43:25,Southern Owens Valley,Lubkin Spillgate Outflow,0.0
2026-07-23 19:43:25,Southern Owens Valley,Cartago Spillgate Outflow,0.0
2026-07-23 19:43:25,Southern Owens Valley,Lone Pine Creek Flow,29.0
2026-07-23 19:43:25,Lower Owens River Project,LORP Intake Flow,80.0
2026-07-23 19:43:25,Lower Owens River Project,LORP at Mazourka Canyon Road,0.0
2026-07-23 19:43:25,Lower Owens River Project,LORP at Reinhackle Springs,77.0
2026-07-23 19:43:25,Lower Owens River Project,LORP Above Pumpstation,55.0
2026-07-23 19:43:25,Lower Owens River Project,LORP At Pump Station Discharge Flow,48.0
2026-07-23 19:43:25,Southern District,Haiwee LAA #2 Current Flow,195.3
2026-07-23 19:43:25,Southern District,Haiwee LAA #1 Current Flow,0.0
2026-07-23 19:43:25,Southern District,LAA #1 Flow at Fairmont Reservoir,409.1
2026-07-23 19:43:25,Southern District,LAA #2 Flow at Fairmont Res.,203.8
2026-07-23 19:43:25,Southern District,Bouquet Reservoir Inflow,40.8
2026-07-23 19:43:25,Southern District,Bouquet Reservoir Outflow,0.6
2026-07-23 19:43:25,Southern District,LAA #1 at Soledad Flow,280.2
2026-07-23 19:43:25,Southern District,LAA #2 at Soledad Flow,249.3
2026-07-23 19:43:26,Mono Basin,Mono Lk. Elevation,6382.5
2026-07-23 19:43:26,Mono Basin,Grant Lk. Elevation,7129.9
2026-07-23 19:43:26,Long Valley,Long Valley Elevation,6775.6
2026-07-23 19:43:26,Northern Owens Valley,Pleasant Valley Elevation,4382.4
2026-07-23 19:43:26,Southern Owens Valley,LAA at Alabama Level,7.8
2026-07-23 19:43:26,Southern Owens Valley,LAA at Cottonwood Level,9.3
2026-07-23 19:43:26,Southern Owens Valley,N. Haiwee Elevation,3757.0
2026-07-23 19:43:26,Southern Owens Valley,S. Haiwee Reservoir Elevation,3731.3
2026-07-23 19:43:26,Southern District,S. Haiwee Reservoir Elevation,3731.3
2026-07-23 19:43:26,Southern District,Fairmont Reservoir Elevation,3025.6
2026-07-23 19:43:26,Southern District,Bouquet Reservoir Elevation,2981.1
2026-07-23 19:58:25,Northern Owens Valley,Tinemaha Elevation,3861.6
2026-07-23 19:58:25,Southern Owens Valley,Tinemaha Elevation,3861.6
2026-07-23 20:28:25,Northern Owens Valley,Tinemaha Elevation,3861.6
2026-07-23 20:28:25,Southern Owens Valley,Tinemaha Elevation,3861.6
2026-07-23 20:43:25,Mono Basin,Lee Vining Intake Above Flow,86.1
2026-07-23 20:43:25,Mono Basin,Lee Vining Intake Below Flow,51.0
2026-07-23 20:43:25,Mono Basin,Walker Ck. Above Conduit Flow,8.0
2026-07-23 20:43:25,Mono Basin,L.V. Conduit Below Intake Flow,32.3
2026-07-23 20:43:25,Mono Basin,Walker Ck. Under Conduit Flow,8.0
2026-07-23 20:43:25,Mono Basin,Parker Ck. Under Conduit Flow,27.0
2026-07-23 20:43:25,Mono Basin,Parker Ck. Above Conduit Flow,29.0
2026-07-23 20:43:25,Mono Basin,Grant Lk. Spill Flow,0.0
2026-07-23 20:43:25,Mono Basin,Mono Gate 1 Return Ditch Flow,41.7
2026-07-23 20:43:25,Mono Basin,Grant Lk. Outflow,42.4
2026-07-23 20:43:25,Mono Basin,Rush Ck. at Damsite Flow,24.7
2026-07-23 20:43:25,Mono Basin,Flow to West Portal,0.0
2026-07-23 20:43:25,Long Valley,East Portal Flow,12.0
2026-07-23 20:43:25,Long Valley,OR Below EP Flow,57.0
2026-07-23 20:43:25,Long Valley,Hot Ck.at Hwy. Flow,12.0
2026-07-23 20:43:25,Long Valley,McGee Ck. Lower Sta. Flow,12.0
2026-07-23 20:43:25,Long Valley,Long Valley Current Outflow,221.1
2026-07-23 20:43:25,Long Valley,Rock Ck. Div. Flow,0.9
2026-07-23 20:43:25,Long Valley,Upper Gorge Total Release,45.4
2026-07-23 20:43:25,Long Valley,Release at Middle Gorge,0.0
2026-07-23 20:43:25,Northern Owens Valley,Rock Ck. At Owens River (PV) Flow,43.4
2026-07-23 20:43:25,Northern Owens Valley,Pleasant Valley Outflow,362.9
2026-07-23 20:43:25,Northern Owens Valley,Baker Ck. At LA Station Flow,6.0
2026-07-23 20:43:25,Northern Owens Valley,Big Pine Ck. USGS Flow,81.2
2026-07-23 20:43:25,Northern Owens Valley,O.R. Below Big Pine,453.6
2026-07-23 20:43:25,Northern Owens Valley,Fish Springs At RR Flow,36.8
2026-07-23 20:43:25,Northern Owens Valley,Tinemaha Reservoir Outflow,450.2
2026-07-23 20:43:25,Northern Owens Valley,Bishop Creek Through Plant 6,147.3
2026-07-23 20:43:25,Northern Owens Valley,Bishop Creek Around Plant 6,26.9
2026-07-23 20:43:25,Southern Owens Valley,Tinemaha Reservoir Outflow,450.2
2026-07-23 20:43:25,Southern Owens Valley,Indep. Ck. At Junction Flow,11.8
2026-07-23 20:43:25,Southern Owens Valley,LAA at Alabama Flow,402.0
2026-07-23 20:43:25,Southern Owens Valley,Cottonwood Ck. At LAA Flow,6.0
2026-07-23 20:43:25,Southern Owens Valley,LAA at Cottonwood Flow,500.0
2026-07-23 20:43:25,Southern Owens Valley,Haiwee LAA #1 Current Flow,0.0
2026-07-23 20:43:25,Southern Owens Valley,Haiwee LAA #2 Current Flow,195.3
2026-07-23 20:43:25,Southern Owens Valley,Reinhackel Flow,2.9
2026-07-23 20:43:25,Southern Owens Valley,Lubkin Spillgate Outflow,0.0
2026-07-23 20:43:25,Southern Owens Valley,Cartago Spillgate Outflow,0.0
2026-07-23 20:43:25,Southern Owens Valley,Lone Pine Creek Flow,29.1
2026-07-23 20:43:25,Lower Owens River Project,LORP Intake Flow,80.0
2026-07-23 20:43:25,Lower Owens River Project,LORP at Mazourka Canyon Road,0.0
2026-07-23 20:43:25,Lower Owens River Project,LORP at Reinhackle Springs,81.0
2026-07-23 20:43:25,Lower Owens River Project,LORP Above Pumpstation,56.0
2026-07-23 20:43:25,Lower Owens River Project,LORP At Pump Station Discharge Flow,48.0
2026-07-23 20:43:25,Southern District,Haiwee LAA #2 Current Flow,195.3
2026-07-23 20:43:25,Southern District,Haiwee LAA #1 Current Flow,0.0
2026-07-23 20:43:25,Southern District,LAA #1 Flow at Fairmont Reservoir,406.5
2026-07-23 20:43:25,Southern District,LAA #2 Flow at Fairmont Res.,203.7
2026-07-23 20:43:25,Southern District,Bouquet Reservoir Inflow,40.2
2026-07-23 20:43:25,Southern District,Bouquet Reservoir Outflow,0.5
2026-07-23 20:43:25,Southern District,LAA #1 at Soledad Flow,280.2
2026-07-23 20:43:25,Southern District,LAA #2 at Soledad Flow,249.3
2026-07-23 20:43:26,Mono Basin,Mono Lk. Elevation,6382.5
2026-07-23 20:43:26,Mono Basin,Grant Lk. Elevation,7129.9
2026-07-23 20:43:26,Long Valley,Long Valley Elevation,6775.6
2026-07-23 20:43:26,Northern Owens Valley,Pleasant Valley Elevation,4382.3
2026-07-23 20:43:26,Southern Owens Valley,LAA at Alabama Level,7.8
2026-07-23 20:43:26,Southern Owens Valley,LAA at Alabama Water Temp,76.9
2026-07-23 20:43:26,Southern Owens Valley,LAA at Cottonwood Level,9.3
2026-07-23 20:43:26,Southern Owens Valley,LAA at Cotton. Water Temp,77.1
2026-07-23 20:43:26,Southern Owens Valley,N. Haiwee Elevation,3757.0
2026-07-23 20:43:26,Southern Owens Valley,S. Haiwee Reservoir Elevation,3731.3
2026-07-23 20:43:26,Southern District,S. Haiwee Reservoir Elevation,3731.3
2026-07-23 20:43:26,Southern District,Fairmont Reservoir Elevation,3025.6
2026-07-23 20:43:26,Southern District,Bouquet Reservoir Elevation,2981.1
2026-07-23 20:58:26,Northern Owens Valley,Tinemaha Elevation,3861.6
2026-07-23 20:58:26,Southern Owens Valley,Tinemaha Elevation,3861.6
2026-07-23 21:28:26,Northern Owens Valley,Tinemaha Elevation,3861.6
2026-07-23 21:28:26,Southern Owens Valley,Tinemaha Elevation,3861.6
2026-07-23 21:43:25,Mono Basin,Lee Vining Intake Above Flow,85.9
2026-07-23 21:43:25,Mono Basin,Lee Vining Intake Below Flow,50.7
2026-07-23 21:43:25,Mono Basin,Walker Ck. Above Conduit Flow,8.0
2026-07-23 21:43:25,Mono Basin,L.V. Conduit Below Intake Flow,32.2
2026-07-23 21:43:25,Mono Basin,Walker Ck. Under Conduit Flow,8.0
2026-07-23 21:43:25,Mono Basin,Parker Ck. Under Conduit Flow,27.0
2026-07-23 21:43:25,Mono Basin,Parker Ck. Above Conduit Flow,29.0
2026-07-23 21:43:25,Mono Basin,Grant Lk. Spill Flow,0.0
2026-07-23 21:43:25,Mono Basin,Mono Gate 1 Return Ditch Flow,41.9
2026-07-23 21:43:25,Mono Basin,Grant Lk. Outflow,42.4
2026-07-23 21:43:25,Mono Basin,Rush Ck. at Damsite Flow,24.7
2026-07-23 21:43:25,Mono Basin,Flow to West Portal,0.0
2026-07-23 21:43:25,Long Valley,East Portal Flow,12.0
2026-07-23 21:43:25,Long Valley,OR Below EP Flow,57.0
2026-07-23 21:43:25,Long Valley,Hot Ck.at Hwy. Flow,12.0
2026-07-23 21:43:25,Long Valley,McGee Ck. Lower Sta. Flow,12.0
2026-07-23 21:43:25,Long Valley,Long Valley Current Outflow,221.3
2026-07-23 21:43:25,Long Valley,Rock Ck. Div. Flow,0.8
2026-07-23 21:43:25,Long Valley,Upper Gorge Total Release,45.0
2026-07-23 21:43:25,Long Valley,Release at Middle Gorge,0.0
2026-07-23 21:43:25,Northern Owens Valley,Rock Ck. At Owens River (PV) Flow,43.4
2026-07-23 21:43:25,Northern Owens Valley,Pleasant Valley Outflow,360.6
2026-07-23 21:43:25,Northern Owens Valley,Baker Ck. At LA Station Flow,6.0
2026-07-23 21:43:25,Northern Owens Valley,Big Pine Ck. USGS Flow,81.2
2026-07-23 21:43:25,Northern Owens Valley,O.R. Below Big Pine,452.9
2026-07-23 21:43:25,Northern Owens Valley,Fish Springs At RR Flow,36.8
2026-07-23 21:43:25,Northern Owens Valley,Tinemaha Reservoir Outflow,450.2
2026-07-23 21:43:25,Northern Owens Valley,Bishop Creek Through Plant 6,147.3
2026-07-23 21:43:25,Northern Owens Valley,Bishop Creek Around Plant 6,26.9
2026-07-23 21:43:25,Southern Owens Valley,Tinemaha Reservoir Outflow,450.2
2026-07-23 21:43:25,Southern Owens Valley,Indep. Ck. At Junction Flow,11.8
2026-07-23 21:43:25,Southern Owens Valley,LAA at Alabama Flow,401.0
2026-07-23 21:43:25,Southern Owens Valley,Cottonwood Ck. At LAA Flow,6.0
2026-07-23 21:43:25,Southern Owens Valley,LAA at Cottonwood Flow,499.0
2026-07-23 21:43:25,Southern Owens Valley,Haiwee LAA #1 Current Flow,0.0
2026-07-23 21:43:25,Southern Owens Valley,Haiwee LAA #2 Current Flow,195.3
2026-07-23 21:43:25,Southern Owens Valley,Reinhackel Flow,2.9
2026-07-23 21:43:25,Southern Owens Valley,Lubkin Spillgate Outflow,0.0
2026-07-23 21:43:25,Southern Owens Valley,Cartago Spillgate Outflow,0.0
2026-07-23 21:43:25,Southern Owens Valley,Lone Pine Creek Flow,29.4
2026-07-23 21:43:25,Lower Owens River Project,LORP Intake Flow,80.0
2026-07-23 21:43:25,Lower Owens River Project,LORP at Mazourka Canyon Road,0.0
2026-07-23 21:43:25,Lower Owens River Project,LORP at Reinhackle Springs,81.0
2026-07-23 21:43:25,Lower Owens River Project,LORP Above Pumpstation,57.0
2026-07-23 21:43:25,Lower Owens River Project,LORP At Pump Station Discharge Flow,48.0
2026-07-23 21:43:25,Southern District,Haiwee LAA #2 Current Flow,195.3
2026-07-23 21:43:25,Southern District,Haiwee LAA #1 Current Flow,0.0
2026-07-23 21:43:25,Southern District,LAA #1 Flow at Fairmont Reservoir,405.8
2026-07-23 21:43:25,Southern District,LAA #2 Flow at Fairmont Res.,203.7
2026-07-23 21:43:25,Southern District,Bouquet Reservoir Inflow,40.4
2026-07-23 21:43:25,Southern District,Bouquet Reservoir Outflow,0.5
2026-07-23 21:43:25,Southern District,LAA #1 at Soledad Flow,280.2
2026-07-23 21:43:25,Southern District,LAA #2 at Soledad Flow,249.3
2026-07-23 21:43:26,Mono Basin,Mono Lk. Elevation,6382.5
2026-07-23 21:43:26,Mono Basin,Grant Lk. Elevation,7130.0
2026-07-23 21:43:26,Long Valley,Long Valley Elevation,6775.6
2026-07-23 21:43:26,Northern Owens Valley,Pleasant Valley Elevation,4382.3
2026-07-23 21:43:26,Southern Owens Valley,LAA at Alabama Level,7.8
2026-07-23 21:43:26,Southern Owens Valley,LAA at Alabama Water Temp,76.9
2026-07-23 21:43:26,Southern Owens Valley,LAA at Cottonwood Level,9.3
2026-07-23 21:43:26,Southern Owens Valley,LAA at Cotton. Water Temp,76.8
2026-07-23 21:43:26,Southern Owens Valley,N. Haiwee Elevation,3757.0
2026-07-23 21:43:26,Southern Owens Valley,S. Haiwee Reservoir Elevation,3731.3
2026-07-23 21:43:26,Southern District,S. Haiwee Reservoir Elevation,3731.3
2026-07-23 21:43:26,Southern District,Fairmont Reservoir Elevation,3025.6
2026-07-23 21:43:26,Southern District,Bouquet Reservoir Elevation,2981.1
2026-07-23 21:58:25,Northern Owens Valley,Tinemaha Elevation,3861.6
2026-07-23 21:58:25,Southern Owens Valley,Tinemaha Elevation,3861.6
2026-07-23 22:28:27,Northern Owens Valley,Tinemaha Elevation,3861.6
2026-07-23 22:28:27,Southern Owens Valley,Tinemaha Elevation,3861.6
2026-07-23 22:43:26,Mono Basin,Lee Vining Intake Above Flow,85.0
2026-07-23 22:43:26,Mono Basin,Lee Vining Intake Below Flow,49.9
2026-07-23 22:43:26,Mono Basin,Walker Ck. Above Conduit Flow,8.0
2026-07-23 22:43:26,Mono Basin,L.V. Conduit Below Intake Flow,31.4
2026-07-23 22:43:26,Mono Basin,Walker Ck. Under Conduit Flow,8.0
2026-07-23 22:43:26,Mono Basin,Parker Ck. Under Conduit Flow,27.0
2026-07-23 22:43:26,Mono Basin,Parker Ck. Above Conduit Flow,29.0
2026-07-23 22:43:26,Mono Basin,Grant Lk. Spill Flow,0.0
2026-07-23 22:43:26,Mono Basin,Mono Gate 1 Return Ditch Flow,41.8
2026-07-23 22:43:26,Mono Basin,Grant Lk. Outflow,42.4
2026-07-23 22:43:26,Mono Basin,Rush Ck. at Damsite Flow,24.7
2026-07-23 22:43:26,Mono Basin,Flow to West Portal,0.0
2026-07-23 22:43:26,Long Valley,East Portal Flow,12.0
2026-07-23 22:43:26,Long Valley,OR Below EP Flow,57.0
2026-07-23 22:43:26,Long Valley,Hot Ck.at Hwy. Flow,12.0
2026-07-23 22:43:26,Long Valley,McGee Ck. Lower Sta. Flow,12.0
2026-07-23 22:43:26,Long Valley,Long Valley Current Outflow,221.3
2026-07-23 22:43:26,Long Valley,Rock Ck. Div. Flow,0.8
2026-07-23 22:43:26,Long Valley,Upper Gorge Total Release,45.2
2026-07-23 22:43:26,Long Valley,Release at Middle Gorge,0.0
2026-07-23 22:43:26,Northern Owens Valley,Rock Ck. At Owens River (PV) Flow,43.4
2026-07-23 22:43:26,Northern Owens Valley,Pleasant Valley Outflow,357.8
2026-07-23 22:43:26,Northern Owens Valley,Baker Ck. At LA Station Flow,6.0
2026-07-23 22:43:26,Northern Owens Valley,Big Pine Ck. USGS Flow,89.5
2026-07-23 22:43:26,Northern Owens Valley,O.R. Below Big Pine,451.8
2026-07-23 22:43:26,Northern Owens Valley,Fish Springs At RR Flow,36.8
2026-07-23 22:43:26,Northern Owens Valley,Tinemaha Reservoir Outflow,451.9
2026-07-23 22:43:26,Northern Owens Valley,Bishop Creek Through Plant 6,146.6
2026-07-23 22:43:26,Northern Owens Valley,Bishop Creek Around Plant 6,22.2
2026-07-23 22:43:26,Southern Owens Valley,Tinemaha Reservoir Outflow,451.9
2026-07-23 22:43:26,Southern Owens Valley,Indep. Ck. At Junction Flow,11.8
2026-07-23 22:43:26,Southern Owens Valley,LAA at Alabama Flow,399.0
2026-07-23 22:43:26,Southern Owens Valley,Cottonwood Ck. At LAA Flow,6.0
2026-07-23 22:43:26,Southern Owens Valley,LAA at Cottonwood Flow,498.0
2026-07-23 22:43:26,Southern Owens Valley,Haiwee LAA #1 Current Flow,0.0
2026-07-23 22:43:26,Southern Owens Valley,Haiwee LAA #2 Current Flow,195.3
2026-07-23 22:43:26,Southern Owens Valley,Reinhackel Flow,2.9
2026-07-23 22:43:26,Southern Owens Valley,Lubkin Spillgate Outflow,0.0
2026-07-23 22:43:26,Southern Owens Valley,Cartago Spillgate Outflow,0.0
2026-07-23 22:43:26,Southern Owens Valley,Lone Pine Creek Flow,29.4
2026-07-23 22:43:26,Lower Owens River Project,LORP Intake Flow,80.0
2026-07-23 22:43:26,Lower Owens River Project,LORP at Mazourka Canyon Road,0.0
2026-07-23 22:43:26,Lower Owens River Project,LORP at Reinhackle Springs,77.0
2026-07-23 22:43:26,Lower Owens River Project,LORP Above Pumpstation,57.0
2026-07-23 22:43:26,Lower Owens River Project,LORP At Pump Station Discharge Flow,48.0
2026-07-23 22:43:26,Southern District,Haiwee LAA #2 Current Flow,195.3
2026-07-23 22:43:26,Southern District,Haiwee LAA #1 Current Flow,0.0
2026-07-23 22:43:26,Southern District,LAA #1 Flow at Fairmont Reservoir,405.0
2026-07-23 22:43:26,Southern District,LAA #2 Flow at Fairmont Res.,203.7
2026-07-23 22:43:26,Southern District,Bouquet Reservoir Inflow,39.0
2026-07-23 22:43:26,Southern District,Bouquet Reservoir Outflow,0.5
2026-07-23 22:43:26,Southern District,LAA #1 at Soledad Flow,280.2
2026-07-23 22:43:26,Southern District,LAA #2 at Soledad Flow,249.3
2026-07-23 22:43:27,Mono Basin,Mono Lk. Elevation,6382.5
2026-07-23 22:43:27,Mono Basin,Grant Lk. Elevation,7129.9
2026-07-23 22:43:27,Long Valley,Long Valley Elevation,6775.6
2026-07-23 22:43:27,Northern Owens Valley,Pleasant Valley Elevation,4382.2
2026-07-23 22:43:27,Southern Owens Valley,LAA at Alabama Level,7.8
2026-07-23 22:43:27,Southern Owens Valley,LAA at Alabama Water Temp,76.7
2026-07-23 22:43:27,Southern Owens Valley,LAA at Cottonwood Level,9.3
2026-07-23 22:43:27,Southern Owens Valley,LAA at Cotton. Water Temp,76.6
2026-07-23 22:43:27,Southern Owens Valley,N. Haiwee Elevation,3757.0
2026-07-23 22:43:27,Southern Owens Valley,S. Haiwee Reservoir Elevation,3731.2
2026-07-23 22:43:27,Southern District,S. Haiwee Reservoir Elevation,3731.2
2026-07-23 22:43:27,Southern District,Fairmont Reservoir Elevation,3025.6
2026-07-23 22:43:27,Southern District,Bouquet Reservoir Elevation,2981.1
2026-07-23 22:58:26,Northern Owens Valley,Tinemaha Elevation,3861.6
2026-07-23 22:58:26,Southern Owens Valley,Tinemaha Elevation,3861.6
2026-07-23 23:28:26,Northern Owens Valley,Tinemaha Elevation,3861.6
2026-07-23 23:28:26,Southern Owens Valley,Tinemaha Elevation,3861.6
2026-07-23 23:43:25,Mono Basin,Lee Vining Intake Above Flow,84.2
2026-07-23 23:43:25,Mono Basin,Lee Vining Intake Below Flow,47.8
2026-07-23 23:43:25,Mono Basin,Walker Ck. Above Conduit Flow,8.0
2026-07-23 23:43:25,Mono Basin,L.V. Conduit Below Intake Flow,30.1
2026-07-23 23:43:25,Mono Basin,Walker Ck. Under Conduit Flow,8.0
2026-07-23 23:43:25,Mono Basin,Parker Ck. Under Conduit Flow,27.0
2026-07-23 23:43:25,Mono Basin,Parker Ck. Above Conduit Flow,29.0
2026-07-23 23:43:25,Mono Basin,Grant Lk. Spill Flow,0.0
2026-07-23 23:43:25,Mono Basin,Mono Gate 1 Return Ditch Flow,41.9
2026-07-23 23:43:25,Mono Basin,Grant Lk. Outflow,42.1
2026-07-23 23:43:25,Mono Basin,Rush Ck. at Damsite Flow,32.8
2026-07-23 23:43:25,Mono Basin,Flow to West Portal,0.0
2026-07-23 23:43:25,Long Valley,East Portal Flow,12.0
2026-07-23 23:43:25,Long Valley,OR Below EP Flow,57.0
2026-07-23 23:43:25,Long Valley,Hot Ck.at Hwy. Flow,12.0
2026-07-23 23:43:25,Long Valley,McGee Ck. Lower Sta. Flow,12.0
2026-07-23 23:43:25,Long Valley,Long Valley Current Outflow,221.3
2026-07-23 23:43:25,Long Valley,Rock Ck. Div. Flow,0.8
2026-07-23 23:43:25,Long Valley,Upper Gorge Total Release,45.1
2026-07-23 23:43:25,Long Valley,Release at Middle Gorge,0.0
2026-07-23 23:43:25,Northern Owens Valley,Rock Ck. At Owens River (PV) Flow,43.4
2026-07-23 23:43:25,Northern Owens Valley,Pleasant Valley Outflow,357.9
2026-07-23 23:43:25,Northern Owens Valley,Baker Ck. At LA Station Flow,6.0
2026-07-23 23:43:25,Northern Owens Valley,Big Pine Ck. USGS Flow,89.5
2026-07-23 23:43:25,Northern Owens Valley,O.R. Below Big Pine,452.5
2026-07-23 23:43:25,Northern Owens Valley,Fish Springs At RR Flow,36.8
2026-07-23 23:43:25,Northern Owens Valley,Tinemaha Reservoir Outflow,451.9
2026-07-23 23:43:25,Northern Owens Valley,Bishop Creek Through Plant 6,150.7
2026-07-23 23:43:25,Northern Owens Valley,Bishop Creek Around Plant 6,22.0
2026-07-23 23:43:25,Southern Owens Valley,Tinemaha Reservoir Outflow,451.9
2026-07-23 23:43:25,Southern Owens Valley,Indep. Ck. At Junction Flow,11.8
2026-07-23 23:43:25,Southern Owens Valley,LAA at Alabama Flow,397.0
2026-07-23 23:43:25,Southern Owens Valley,Cottonwood Ck. At LAA Flow,6.0
2026-07-23 23:43:25,Southern Owens Valley,LAA at Cottonwood Flow,497.0
2026-07-23 23:43:25,Southern Owens Valley,Haiwee LAA #1 Current Flow,0.0
2026-07-23 23:43:25,Southern Owens Valley,Haiwee LAA #2 Current Flow,195.3
2026-07-23 23:43:25,Southern Owens Valley,Reinhackel Flow,2.9
2026-07-23 23:43:25,Southern Owens Valley,Lubkin Spillgate Outflow,0.0
2026-07-23 23:43:25,Southern Owens Valley,Cartago Spillgate Outflow,0.0
2026-07-23 23:43:25,Southern Owens Valley,Lone Pine Creek Flow,29.7
2026-07-23 23:43:25,Lower Owens River Project,LORP Intake Flow,81.0
2026-07-23 23:43:25,Lower Owens River Project,LORP at Mazourka Canyon Road,0.0
2026-07-23 23:43:25,Lower Owens River Project,LORP at Reinhackle Springs,75.0
2026-07-23 23:43:25,Lower Owens River Project,LORP Above Pumpstation,57.0
2026-07-23 23:43:25,Lower Owens River Project,LORP At Pump Station Discharge Flow,48.0
2026-07-23 23:43:25,Southern District,Haiwee LAA #2 Current Flow,195.3
2026-07-23 23:43:25,Southern District,Haiwee LAA #1 Current Flow,0.0
2026-07-23 23:43:25,Southern District,LAA #1 Flow at Fairmont Reservoir,402.0
2026-07-23 23:43:25,Southern District,LAA #2 Flow at Fairmont Res.,203.7
2026-07-23 23:43:25,Southern District,Bouquet Reservoir Inflow,39.9
2026-07-23 23:43:25,Southern District,Bouquet Reservoir Outflow,0.6
2026-07-23 23:43:25,Southern District,LAA #1 at Soledad Flow,280.2
2026-07-23 23:43:25,Southern District,LAA #2 at Soledad Flow,249.3
2026-07-23 23:43:26,Mono Basin,Mono Lk. Elevation,6382.5
2026-07-23 23:43:26,Mono Basin,Grant Lk. Elevation,7130.0
2026-07-23 23:43:26,Long Valley,Long Valley Elevation,6775.6
2026-07-23 23:43:26,Northern Owens Valley,Pleasant Valley Elevation,4382.1
2026-07-23 23:43:26,Southern Owens Valley,LAA at Alabama Level,7.8
2026-07-23 23:43:26,Southern Owens Valley,LAA at Alabama Water Temp,76.7
2026-07-23 23:43:26,Southern Owens Valley,LAA at Cottonwood Level,9.3
2026-07-23 23:43:26,Southern Owens Valley,LAA at Cotton. Water Temp,76.4
2026-07-23 23:43:26,Southern Owens Valley,N. Haiwee Elevation,3757.0
2026-07-23 23:43:26,Southern Owens Valley,S. Haiwee Reservoir Elevation,3731.2
2026-07-23 23:43:26,Southern District,S. Haiwee Reservoir Elevation,3731.2
2026-07-23 23:43:26,Southern District,Fairmont Reservoir Elevation,3025.6
2026-07-23 23:43:26,Southern District,Bouquet Reservoir Elevation,2981.1
2026-07-23 23:58:25,Northern Owens Valley,Tinemaha Elevation,3861.6
2026-07-23 23:58:25,Southern Owens Valley,Tinemaha Elevation,3861.6
