date,district,source,value
2026-08-14 02:28:29,Northern Owens Valley,Tinemaha Elevation,3861.8
2026-08-14 02:28:29,Southern Owens Valley,Tinemaha Elevation,3861.8
2026-08-14 02:58:29,Northern Owens Valley,Tinemaha Elevation,3861.8
2026-08-14 02:58:29,Southern Owens Valley,Tinemaha Elevation,3861.8
2026-08-14 03:28:29,Northern Owens Valley,Tinemaha Elevation,3861.8
2026-08-14 03:28:29,Southern Owens Valley,Tinemaha Elevation,3861.8
2026-08-14 03:58:29,Northern Owens Valley,Tinemaha Elevation,3861.8
2026-08-14 03:58:29,Southern Owens Valley,Tinemaha Elevation,3861.8
2026-08-14 04:28:29,Northern Owens Valley,Tinemaha Elevation,3861.8
2026-08-14 04:28:29,Southern Owens Valley,Tinemaha Elevation,3861.8
2026-08-14 04:58:29,Northern Owens Valley,Tinemaha Elevation,3861.8
2026-08-14 04:58:29,Southern Owens Valley,Tinemaha Elevation,3861.8
2026-08-14 05:28:29,Northern Owens Valley,Tinemaha Elevation,3861.8
2026-08-14 05:28:29,Southern Owens Valley,Tinemaha Elevation,3861.8
2026-08-14 05:58:29,Northern Owens Valley,Tinemaha Elevation,3861.8
2026-08-14 05:58:29,Southern Owens Valley,Tinemaha Elevation,3861.8
2026-08-14 06:28:29,Northern Owens Valley,Tinemaha Elevation,3861.8
2026-08-14 06:28:29,Southern Owens Valley,Tinemaha Elevation,3861.8
2026-08-14 06:58:29,Northern Owens Valley,Tinemaha Elevation,3861.8
2026-08-14 06:58:29,Southern Owens Valley,Tinemaha Elevation,3861.8
2026-08-14 07:28:29,Northern Owens Valley,Tinemaha Elevation,3861.8
2026-08-14 07:28:29,Southern Owens Valley,Tinemaha Elevation,3861.8
2026-08-14 07:58:29,Northern Owens Valley,Tinemaha Elevation,3861.8
2026-08-14 07:58:29,Southern Owens Valley,Tinemaha Elevation,3861.8
2026-08-14 08:13:28,Mono Basin,Lee Vining Intake Above Flow,48.1
2026-08-14 08:13:28,Mono Basin,Lee Vining Intake Below Flow,29.8
2026-08-14 08:13:28,Mono Basin,Walker Ck. Above Conduit Flow,0.0
2026-08-14 08:13:28,Mono Basin,L.V. Conduit Below Intake Flow,20.2
2026-08-14 08:13:28,Mono Basin,Walker Ck. Under Conduit Flow,10.0
2026-08-14 08:13:28,Mono Basin,Parker Ck. Under Conduit Flow,0.0
2026-08-14 08:13:28,Mono Basin,Parker Ck. Above Conduit Flow,6.0
2026-08-14 08:13:28,Mono Basin,Grant Lk. Spill Flow,0.0
2026-08-14 08:13:28,Mono Basin,Mono Gate 1 Return Ditch Flow,25.6
2026-08-14 08:13:28,Mono Basin,Grant Lk. Outflow,39.7
2026-08-14 08:13:28,Mono Basin,Rush Ck. at Damsite Flow,16.5
2026-08-14 08:13:28,Mono Basin,Flow to West Portal,11.8
2026-08-14 08:13:28,Long Valley,East Portal Flow,27.0
2026-08-14 08:13:28,Long Valley,OR Below EP Flow,71.0
2026-08-14 08:13:28,Long Valley,Hot Ck.at Hwy. Flow,7.0
2026-08-14 08:13:28,Long Valley,McGee Ck. Lower Sta. Flow,19.8
2026-08-14 08:13:28,Long Valley,Long Valley Current Outflow,89.0
2026-08-14 08:13:28,Long Valley,Rock Ck. Div. Flow,0.0
2026-08-14 08:13:28,Long Valley,Upper Gorge Total Release,42.4
2026-08-14 08:13:28,Long Valley,Release at Middle Gorge,0.0
2026-08-14 08:13:28,Northern Owens Valley,Rock Ck. At Owens River (PV) Flow,31.0
2026-08-14 08:13:28,Northern Owens Valley,Pleasant Valley Outflow,506.3
2026-08-14 08:13:28,Northern Owens Valley,Baker Ck. At LA Station Flow,9.9
2026-08-14 08:13:28,Northern Owens Valley,Big Pine Ck. USGS Flow,55.7
2026-08-14 08:13:28,Northern Owens Valley,O.R. Below Big Pine,523.3
2026-08-14 08:13:28,Northern Owens Valley,Fish Springs At RR Flow,39.2
2026-08-14 08:13:28,Northern Owens Valley,Tinemaha Reservoir Outflow,503.6
2026-08-14 08:13:28,Northern Owens Valley,Bishop Creek Through Plant 6,104.2
2026-08-14 08:13:28,Northern Owens Valley,Bishop Creek Around Plant 6,14.7
2026-08-14 08:13:28,Southern Owens Valley,Tinemaha Reservoir Outflow,503.6
2026-08-14 08:13:28,Southern Owens Valley,Indep. Ck. At Junction Flow,7.8
2026-08-14 08:13:28,Southern Owens Valley,LAA at Alabama Flow,402.0
2026-08-14 08:13:28,Southern Owens Valley,Cottonwood Ck. At LAA Flow,5.0
2026-08-14 08:13:28,Southern Owens Valley,LAA at Cottonwood Flow,496.0
2026-08-14 08:13:28,Southern Owens Valley,Haiwee LAA #1 Current Flow,0.0
2026-08-14 08:13:28,Southern Owens Valley,Haiwee LAA #2 Current Flow,99.6
2026-08-14 08:13:28,Southern Owens Valley,Reinhackel Flow,2.9
2026-08-14 08:13:28,Southern Owens Valley,Lubkin Spillgate Outflow,0.0
2026-08-14 08:13:28,Southern Owens Valley,Cartago Spillgate Outflow,12.6
2026-08-14 08:13:28,Southern Owens Valley,Lone Pine Creek Flow,13.2
2026-08-14 08:13:28,Lower Owens River Project,LORP Intake Flow,87.0
2026-08-14 08:13:28,Lower Owens River Project,LORP at Mazourka Canyon Road,0.0
2026-08-14 08:13:28,Lower Owens River Project,LORP at Reinhackle Springs,70.0
2026-08-14 08:13:28,Lower Owens River Project,LORP Above Pumpstation,51.0
2026-08-14 08:13:28,Lower Owens River Project,LORP At Pump Station Discharge Flow,48.0
2026-08-14 08:13:28,Southern District,Haiwee LAA #2 Current Flow,99.6
2026-08-14 08:13:28,Southern District,Haiwee LAA #1 Current Flow,0.0
2026-08-14 08:13:28,Southern District,LAA #1 Flow at Fairmont Reservoir,253.0
2026-08-14 08:13:28,Southern District,LAA #2 Flow at Fairmont Res.,98.2
2026-08-14 08:13:28,Southern District,Bouquet Reservoir Inflow,0.0
2026-08-14 08:13:28,Southern District,Bouquet Reservoir Outflow,116.4
2026-08-14 08:13:28,Southern District,LAA #1 at Soledad Flow,269.9
2026-08-14 08:13:28,Southern District,LAA #2 at Soledad Flow,185.3
2026-08-14 08:13:29,Mono Basin,Mono Lk. Elevation,6382.4
2026-08-14 08:13:29,Mono Basin,Grant Lk. Elevation,7129.7
2026-08-14 08:13:29,Long Valley,Long Valley Elevation,6772.8
2026-08-14 08:13:29,Northern Owens Valley,Pleasant Valley Elevation,4657.4
2026-08-14 08:13:29,Southern Owens Valley,LAA at Alabama Level,7.8
2026-08-14 08:13:29,Southern Owens Valley,LAA at Alabama Water Temp,68.0
2026-08-14 08:13:29,Southern Owens Valley,LAA at Cottonwood Level,9.3
2026-08-14 08:13:29,Southern Owens Valley,LAA at Cotton. Water Temp,69.9
2026-08-14 08:13:29,Southern Owens Valley,N. Haiwee Elevation,3757.2
2026-08-14 08:13:29,Southern Owens Valley,S. Haiwee Reservoir Elevation,3723.2
2026-08-14 08:13:29,Southern District,S. Haiwee Reservoir Elevation,3723.2
2026-08-14 08:13:29,Southern District,Fairmont Reservoir Elevation,3024.7
2026-08-14 08:13:29,Southern District,Bouquet Reservoir Elevation,2983.6
2026-08-14 08:28:28,Mono Basin,Lee Vining Intake Above Flow,48.1
2026-08-14 08:28:28,Mono Basin,Lee Vining Intake Below Flow,29.8
2026-08-14 08:28:28,Mono Basin,Walker Ck. Above Conduit Flow,0.0
2026-08-14 08:28:28,Mono Basin,L.V. Conduit Below Intake Flow,20.2
2026-08-14 08:28:28,Mono Basin,Walker Ck. Under Conduit Flow,10.0
2026-08-14 08:28:28,Mono Basin,Parker Ck. Under Conduit Flow,0.0
2026-08-14 08:28:28,Mono Basin,Parker Ck. Above Conduit Flow,6.0
2026-08-14 08:28:28,Mono Basin,Grant Lk. Spill Flow,0.0
2026-08-14 08:28:28,Mono Basin,Mono Gate 1 Return Ditch Flow,25.6
2026-08-14 08:28:28,Mono Basin,Grant Lk. Outflow,39.6
2026-08-14 08:28:28,Mono Basin,Rush Ck. at Damsite Flow,16.5
2026-08-14 08:28:28,Mono Basin,Flow to West Portal,11.8
2026-08-14 08:28:28,Long Valley,East Portal Flow,27.0
2026-08-14 08:28:28,Long Valley,OR Below EP Flow,71.0
2026-08-14 08:28:28,Long Valley,Hot Ck.at Hwy. Flow,7.0
2026-08-14 08:28:28,Long Valley,McGee Ck. Lower Sta. Flow,19.8
2026-08-14 08:28:28,Long Valley,Long Valley Current Outflow,0.1
2026-08-14 08:28:28,Long Valley,Rock Ck. Div. Flow,0.0
2026-08-14 08:28:28,Long Valley,Upper Gorge Total Release,41.8
2026-08-14 08:28:28,Long Valley,Release at Middle Gorge,0.0
2026-08-14 08:28:28,Northern Owens Valley,Rock Ck. At Owens River (PV) Flow,31.0
2026-08-14 08:28:28,Northern Owens Valley,Pleasant Valley Outflow,505.3
2026-08-14 08:28:28,Northern Owens Valley,Baker Ck. At LA Station Flow,9.9
2026-08-14 08:28:28,Northern Owens Valley,Big Pine Ck. USGS Flow,56.7
2026-08-14 08:28:28,Northern Owens Valley,O.R. Below Big Pine,523.9
2026-08-14 08:28:28,Northern Owens Valley,Fish Springs At RR Flow,39.2
2026-08-14 08:28:28,Northern Owens Valley,Tinemaha Reservoir Outflow,503.6
2026-08-14 08:28:28,Northern Owens Valley,Bishop Creek Through Plant 6,104.2
2026-08-14 08:28:28,Northern Owens Valley,Bishop Creek Around Plant 6,14.7
2026-08-14 08:28:28,Southern Owens Valley,Tinemaha Reservoir Outflow,503.6
2026-08-14 08:28:28,Southern Owens Valley,Indep. Ck. At Junction Flow,7.8
2026-08-14 08:28:28,Southern Owens Valley,LAA at Alabama Flow,403.0
2026-08-14 08:28:28,Southern Owens Valley,Cottonwood Ck. At LAA Flow,5.0
2026-08-14 08:28:28,Southern Owens Valley,LAA at Cottonwood Flow,496.0
2026-08-14 08:28:28,Southern Owens Valley,Haiwee LAA #1 Current Flow,0.0
2026-08-14 08:28:28,Southern Owens Valley,Haiwee LAA #2 Current Flow,99.6
2026-08-14 08:28:28,Southern Owens Valley,Reinhackel Flow,2.9
2026-08-14 08:28:28,Southern Owens Valley,Lubkin Spillgate Outflow,0.0
2026-08-14 08:28:28,Southern Owens Valley,Cartago Spillgate Outflow,11.7
2026-08-14 08:28:28,Southern Owens Valley,Lone Pine Creek Flow,13.2
2026-08-14 08:28:28,Lower Owens River Project,LORP Intake Flow,87.0
2026-08-14 08:28:28,Lower Owens River Project,LORP at Mazourka Canyon Road,0.0
2026-08-14 08:28:28,Lower Owens River Project,LORP at Reinhackle Springs,74.0
2026-08-14 08:28:28,Lower Owens River Project,LORP Above Pumpstation,51.0
2026-08-14 08:28:28,Lower Owens River Project,LORP At Pump Station Discharge Flow,48.0
2026-08-14 08:28:28,Southern District,Haiwee LAA #2 Current Flow,99.6
2026-08-14 08:28:28,Southern District,Haiwee LAA #1 Current Flow,0.0
2026-08-14 08:28:28,Southern District,LAA #1 Flow at Fairmont Reservoir,252.4
2026-08-14 08:28:28,Southern District,LAA #2 Flow at Fairmont Res.,97.8
2026-08-14 08:28:28,Southern District,Bouquet Reservoir Inflow,0.0
2026-08-14 08:28:28,Southern District,Bouquet Reservoir Outflow,116.9
2026-08-14 08:28:28,Southern District,LAA #1 at Soledad Flow,269.9
2026-08-14 08:28:28,Southern District,LAA #2 at Soledad Flow,185.3
2026-08-14 08:28:29,Mono Basin,Mono Lk. Elevation,6382.4
2026-08-14 08:28:29,Mono Basin,Grant Lk. Elevation,7129.7
2026-08-14 08:28:29,Long Valley,Long Valley Elevation,6772.8
2026-08-14 08:28:29,Northern Owens Valley,Pleasant Valley Elevation,4352.9
2026-08-14 08:28:29,Northern Owens Valley,Tinemaha Elevation,3861.8
2026-08-14 08:28:29,Southern Owens Valley,Tinemaha Elevation,3861.8
2026-08-14 08:28:29,Southern Owens Valley,LAA at Alabama Level,7.8
2026-08-14 08:28:29,Southern Owens Valley,LAA at Alabama Water Temp,68.0
2026-08-14 08:28:29,Southern Owens Valley,LAA at Cottonwood Level,9.3
2026-08-14 08:28:29,Southern Owens Valley,LAA at Cotton. Water Temp,69.9
2026-08-14 08:28:29,Southern Owens Valley,N. Haiwee Elevation,3757.2
2026-08-14 08:28:29,Southern Owens Valley,S. Haiwee Reservoir Elevation,3723.2
2026-08-14 08:28:29,Southern District,S. Haiwee Reservoir Elevation,3723.2
2026-08-14 08:28:29,Southern District,Fairmont Reservoir Elevation,3024.7
2026-08-14 08:28:29,Southern District,Bouquet Reservoir Elevation,2983.6
2026-08-14 08:43:30,Mono Basin,Lee Vining Intake Above Flow,50.8
2026-08-14 08:43:30,Mono Basin,Lee Vining Intake Below Flow,30.6
2026-08-14 08:43:30,Mono Basin,Mono Lk. Elevation,6382.4
2026-08-14 08:43:30,Mono Basin,Walker Ck. Above Conduit Flow,0.0
2026-08-14 08:43:30,Mono Basin,L.V. Conduit Below Intake Flow,20.5
2026-08-14 08:43:30,Mono Basin,Walker Ck. Under Conduit Flow,10.0
2026-08-14 08:43:30,Mono Basin,Parker Ck. Under Conduit Flow,0.0
2026-08-14 08:43:30,Mono Basin,Parker Ck. Above Conduit Flow,6.0
2026-08-14 08:43:30,Mono Basin,Grant Lk. Spill Flow,0.0
2026-08-14 08:43:30,Mono Basin,Mono Gate 1 Return Ditch Flow,25.6
2026-08-14 08:43:30,Mono Basin,Grant Lk. Elevation,7129.7
2026-08-14 08:43:30,Mono Basin,Grant Lk. Outflow,39.6
2026-08-14 08:43:30,Mono Basin,Rush Ck. at Damsite Flow,16.5
2026-08-14 08:43:30,Mono Basin,Flow to West Portal,11.8
2026-08-14 08:43:30,Long Valley,East Portal Flow,27.0
2026-08-14 08:43:30,Long Valley,OR Below EP Flow,71.0
2026-08-14 08:43:30,Long Valley,Hot Ck.at Hwy. Flow,7.0
2026-08-14 08:43:30,Long Valley,McGee Ck. Lower Sta. Flow,19.8
2026-08-14 08:43:30,Long Valley,Long Valley Elevation,6772.8
2026-08-14 08:43:30,Long Valley,Long Valley Current Outflow,0.1
2026-08-14 08:43:30,Long Valley,Rock Ck. Div. Flow,0.0
2026-08-14 08:43:30,Long Valley,Upper Gorge Total Release,42.6
2026-08-14 08:43:30,Long Valley,Release at Middle Gorge,0.0
2026-08-14 08:43:30,Northern Owens Valley,Rock Ck. At Owens River (PV) Flow,31.0
2026-08-14 08:43:30,Northern Owens Valley,Pleasant Valley Elevation,4387.7
2026-08-14 08:43:30,Northern Owens Valley,Pleasant Valley Outflow,504.9
2026-08-14 08:43:30,Northern Owens Valley,Baker Ck. At LA Station Flow,9.9
2026-08-14 08:43:30,Northern Owens Valley,Big Pine Ck. USGS Flow,56.7
2026-08-14 08:43:30,Northern Owens Valley,O.R. Below Big Pine,524.4
2026-08-14 08:43:30,Northern Owens Valley,Fish Springs At RR Flow,39.2
2026-08-14 08:43:30,Northern Owens Valley,Tinemaha Reservoir Outflow,503.6
2026-08-14 08:43:30,Northern Owens Valley,Bishop Creek Through Plant 6,109.1
2026-08-14 08:43:30,Northern Owens Valley,Bishop Creek Around Plant 6,14.6
2026-08-14 08:43:30,Southern Owens Valley,Tinemaha Reservoir Outflow,503.6
2026-08-14 08:43:30,Southern Owens Valley,Indep. Ck. At Junction Flow,7.8
2026-08-14 08:43:30,Southern Owens Valley,LAA at Alabama Flow,403.0
2026-08-14 08:43:30,Southern Owens Valley,LAA at Alabama Level,7.8
2026-08-14 08:43:30,Southern Owens Valley,LAA at Alabama Water Temp,68.0
2026-08-14 08:43:30,Southern Owens Valley,Cottonwood Ck. At LAA Flow,5.0
2026-08-14 08:43:30,Southern Owens Valley,LAA at Cottonwood Flow,496.0
2026-08-14 08:43:30,Southern Owens Valley,LAA at Cottonwood Level,9.3
2026-08-14 08:43:30,Southern Owens Valley,LAA at Cotton. Water Temp,69.9
2026-08-14 08:43:30,Southern Owens Valley,N. Haiwee Elevation,3757.2
2026-08-14 08:43:30,Southern Owens Valley,S. Haiwee Reservoir Elevation,3723.3
2026-08-14 08:43:30,Southern Owens Valley,Haiwee LAA #1 Current Flow,0.0
2026-08-14 08:43:30,Southern Owens Valley,Haiwee LAA #2 Current Flow,99.6
2026-08-14 08:43:30,Southern Owens Valley,Reinhackel Flow,2.9
2026-08-14 08:43:30,Southern Owens Valley,Lubkin Spillgate Outflow,0.0
2026-08-14 08:43:30,Southern Owens Valley,Cartago Spillgate Outflow,11.7
2026-08-14 08:43:30,Southern Owens Valley,Lone Pine Creek Flow,13.2
2026-08-14 08:43:30,Lower Owens River Project,LORP Intake Flow,87.0
2026-08-14 08:43:30,Lower Owens River Project,LORP at Mazourka Canyon Road,0.0
2026-08-14 08:43:30,Lower Owens River Project,LORP at Reinhackle Springs,74.0
2026-08-14 08:43:30,Lower Owens River Project,LORP Above Pumpstation,51.0
2026-08-14 08:43:30,Lower Owens River Project,LORP At Pump Station Discharge Flow,48.0
2026-08-14 08:43:30,Southern District,Haiwee LAA #2 Current Flow,99.6
2026-08-14 08:43:30,Southern District,S. Haiwee Reservoir Elevation,3723.3
2026-08-14 08:43:30,Southern District,Haiwee LAA #1 Current Flow,0.0
2026-08-14 08:43:30,Southern District,Fairmont Reservoir Elevation,3024.7
2026-08-14 08:43:30,Southern District,LAA #1 Flow at Fairmont Reservoir,252.9
2026-08-14 08:43:30,Southern District,LAA #2 Flow at Fairmont Res.,97.9
2026-08-14 08:43:30,Southern District,Bouquet Reservoir Elevation,2983.6
2026-08-14 08:43:30,Southern District,Bouquet Reservoir Inflow,0.0
2026-08-14 08:43:30,Southern District,Bouquet Reservoir Outflow,164.8
2026-08-14 08:43:30,Southern District,LAA #1 at Soledad Flow,269.9
2026-08-14 08:43:30,Southern District,LAA #2 at Soledad Flow,184.5
2026-08-14 08:58:28,Mono Basin,Walker Ck. Under Conduit Flow,10.0
2026-08-14 08:58:28,Long Valley,Hot Ck.at Hwy. Flow,7.0
2026-08-14 08:58:28,Long Valley,McGee Ck. Lower Sta. Flow,19.8
2026-08-14 08:58:28,Long Valley,Long Valley Current Outflow,0.1
2026-08-14 08:58:28,Long Valley,Rock Ck. Div. Flow,0.0
2026-08-14 08:58:28,Long Valley,Upper Gorge Total Release,41.6
2026-08-14 08:58:28,Long Valley,Release at Middle Gorge,0.0
2026-08-14 08:58:28,Northern Owens Valley,Rock Ck. At Owens River (PV) Flow,31.0
2026-08-14 08:58:28,Northern Owens Valley,Pleasant Valley Outflow,504.9
2026-08-14 08:58:28,Northern Owens Valley,Baker Ck. At LA Station Flow,9.9
2026-08-14 08:58:28,Northern Owens Valley,Big Pine Ck. USGS Flow,56.7
2026-08-14 08:58:28,Northern Owens Valley,O.R. Below Big Pine,524.0
2026-08-14 08:58:28,Northern Owens Valley,Fish Springs At RR Flow,39.2
2026-08-14 08:58:28,Northern Owens Valley,Tinemaha Reservoir Outflow,503.6
2026-08-14 08:58:28,Northern Owens Valley,Bishop Creek Through Plant 6,109.6
2026-08-14 08:58:28,Northern Owens Valley,Bishop Creek Around Plant 6,14.5
2026-08-14 08:58:28,Southern Owens Valley,Tinemaha Reservoir Outflow,503.6
2026-08-14 08:58:28,Southern Owens Valley,Indep. Ck. At Junction Flow,7.8
2026-08-14 08:58:28,Southern Owens Valley,LAA at Alabama Flow,402.0
2026-08-14 08:58:28,Southern Owens Valley,Cottonwood Ck. At LAA Flow,5.0
2026-08-14 08:58:28,Southern Owens Valley,LAA at Cottonwood Flow,496.0
2026-08-14 08:58:28,Southern Owens Valley,Haiwee LAA #1 Current Flow,0.0
2026-08-14 08:58:28,Southern Owens Valley,Haiwee LAA #2 Current Flow,99.6
2026-08-14 08:58:28,Southern Owens Valley,Reinhackel Flow,2.9
2026-08-14 08:58:28,Southern Owens Valley,Lubkin Spillgate Outflow,0.0
2026-08-14 08:58:28,Southern Owens Valley,Cartago Spillgate Outflow,12.0
2026-08-14 08:58:28,Southern Owens Valley,Lone Pine Creek Flow,13.2
2026-08-14 08:58:28,Lower Owens River Project,LORP Intake Flow,87.0
2026-08-14 08:58:28,Lower Owens River Project,LORP at Mazourka Canyon Road,0.0
2026-08-14 08:58:28,Lower Owens River Project,LORP at Reinhackle Springs,74.0
2026-08-14 08:58:28,Lower Owens River Project,LORP Above Pumpstation,51.0
2026-08-14 08:58:28,Lower Owens River Project,LORP At Pump Station Discharge Flow,48.0
2026-08-14 08:58:28,Southern District,Haiwee LAA #2 Current Flow,99.6
2026-08-14 08:58:28,Southern District,Haiwee LAA #1 Current Flow,0.0
2026-08-14 08:58:29,Mono Basin,Lee Vining Intake Above Flow,50.8
2026-08-14 08:58:29,Mono Basin,Lee Vining Intake Below Flow,30.6
2026-08-14 08:58:29,Mono Basin,Mono Lk. Elevation,6382.4
2026-08-14 08:58:29,Mono Basin,Walker Ck. Above Conduit Flow,0.0
2026-08-14 08:58:29,Mono Basin,L.V. Conduit Below Intake Flow,20.5
2026-08-14 08:58:29,Mono Basin,Parker Ck. Under Conduit Flow,0.0
2026-08-14 08:58:29,Mono Basin,Parker Ck. Above Conduit Flow,6.0
2026-08-14 08:58:29,Mono Basin,Grant Lk. Spill Flow,0.0
2026-08-14 08:58:29,Mono Basin,Mono Gate 1 Return Ditch Flow,25.6
2026-08-14 08:58:29,Mono Basin,Grant Lk. Elevation,7129.7
2026-08-14 08:58:29,Mono Basin,Grant Lk. Outflow,39.6
2026-08-14 08:58:29,Mono Basin,Rush Ck. at Damsite Flow,16.5
2026-08-14 08:58:29,Mono Basin,Flow to West Portal,11.8
2026-08-14 08:58:29,Long Valley,East Portal Flow,27.0
2026-08-14 08:58:29,Long Valley,OR Below EP Flow,71.0
2026-08-14 08:58:29,Long Valley,Long Valley Elevation,6772.8
2026-08-14 08:58:29,Northern Owens Valley,Pleasant Valley Elevation,4387.8
2026-08-14 08:58:29,Northern Owens Valley,Tinemaha Elevation,3861.8
2026-08-14 08:58:29,Southern Owens Valley,Tinemaha Elevation,3861.8
2026-08-14 08:58:29,Southern Owens Valley,LAA at Alabama Level,7.8
2026-08-14 08:58:29,Southern Owens Valley,LAA at Alabama Water Temp,68.1
2026-08-14 08:58:29,Southern Owens Valley,LAA at Cottonwood Level,9.3
2026-08-14 08:58:29,Southern Owens Valley,LAA at Cotton. Water Temp,69.9
2026-08-14 08:58:29,Southern Owens Valley,N. Haiwee Elevation,3757.2
2026-08-14 08:58:29,Southern Owens Valley,S. Haiwee Reservoir Elevation,3723.3
2026-08-14 08:58:29,Southern District,S. Haiwee Reservoir Elevation,3723.3
2026-08-14 08:58:29,Southern District,Fairmont Reservoir Elevation,3024.7
2026-08-14 08:58:29,Southern District,LAA #1 Flow at Fairmont Reservoir,251.9
2026-08-14 08:58:29,Southern District,LAA #2 Flow at Fairmont Res.,98.5
2026-08-14 08:58:29,Southern District,Bouquet Reservoir Elevation,2983.6
2026-08-14 08:58:29,Southern District,Bouquet Reservoir Inflow,0.0
2026-08-14 08:58:29,Southern District,Bouquet Reservoir Outflow,164.6
2026-08-14 08:58:29,Southern District,LAA #1 at Soledad Flow,269.9
2026-08-14 08:58:29,Southern District,LAA #2 at Soledad Flow,184.5
2026-08-14 09:13:28,Mono Basin,Lee Vining Intake Above Flow,53.6
2026-08-14 09:13:28,Mono Basin,Lee Vining Intake Below Flow,30.5
2026-08-14 09:13:28,Mono Basin,Walker Ck. Above Conduit Flow,0.0
2026-08-14 09:13:28,Mono Basin,L.V. Conduit Below Intake Flow,22.3
2026-08-14 09:13:28,Mono Basin,Walker Ck. Under Conduit Flow,10.0
2026-08-14 09:13:28,Mono Basin,Parker Ck. Under Conduit Flow,0.0
2026-08-14 09:13:28,Mono Basin,Parker Ck. Above Conduit Flow,5.0
2026-08-14 09:13:28,Mono Basin,Grant Lk. Spill Flow,0.0
2026-08-14 09:13:28,Mono Basin,Mono Gate 1 Return Ditch Flow,25.6
2026-08-14 09:13:28,Mono Basin,Grant Lk. Outflow,39.6
2026-08-14 09:13:28,Mono Basin,Rush Ck. at Damsite Flow,16.5
2026-08-14 09:13:28,Mono Basin,Flow to West Portal,11.8
2026-08-14 09:13:28,Long Valley,East Portal Flow,27.0
2026-08-14 09:13:28,Long Valley,OR Below EP Flow,71.0
2026-08-14 09:13:28,Long Valley,Hot Ck.at Hwy. Flow,7.0
2026-08-14 09:13:28,Long Valley,McGee Ck. Lower Sta. Flow,19.8
2026-08-14 09:13:28,Long Valley,Long Valley Current Outflow,0.1
2026-08-14 09:13:28,Long Valley,Rock Ck. Div. Flow,0.0
2026-08-14 09:13:28,Long Valley,Upper Gorge Total Release,42.0
2026-08-14 09:13:28,Long Valley,Release at Middle Gorge,0.0
2026-08-14 09:13:28,Northern Owens Valley,Rock Ck. At Owens River (PV) Flow,31.0
2026-08-14 09:13:28,Northern Owens Valley,Pleasant Valley Outflow,504.5
2026-08-14 09:13:28,Northern Owens Valley,Baker Ck. At LA Station Flow,9.9
2026-08-14 09:13:28,Northern Owens Valley,Big Pine Ck. USGS Flow,56.7
2026-08-14 09:13:28,Northern Owens Valley,O.R. Below Big Pine,522.3
2026-08-14 09:13:28,Northern Owens Valley,Fish Springs At RR Flow,39.2
2026-08-14 09:13:28,Northern Owens Valley,Tinemaha Reservoir Outflow,504.4
2026-08-14 09:13:28,Northern Owens Valley,Bishop Creek Through Plant 6,103.7
2026-08-14 09:13:28,Northern Owens Valley,Bishop Creek Around Plant 6,14.4
2026-08-14 09:13:28,Southern Owens Valley,Tinemaha Reservoir Outflow,504.4
2026-08-14 09:13:28,Southern Owens Valley,Indep. Ck. At Junction Flow,7.8
2026-08-14 09:13:28,Southern Owens Valley,LAA at Alabama Flow,403.0
2026-08-14 09:13:28,Southern Owens Valley,Cottonwood Ck. At LAA Flow,5.0
2026-08-14 09:13:28,Southern Owens Valley,LAA at Cottonwood Flow,496.0
2026-08-14 09:13:28,Southern Owens Valley,Haiwee LAA #1 Current Flow,0.0
2026-08-14 09:13:28,Southern Owens Valley,Haiwee LAA #2 Current Flow,99.6
2026-08-14 09:13:28,Southern Owens Valley,Reinhackel Flow,2.9
2026-08-14 09:13:28,Southern Owens Valley,Lubkin Spillgate Outflow,0.0
2026-08-14 09:13:28,Southern Owens Valley,Cartago Spillgate Outflow,12.0
2026-08-14 09:13:28,Southern Owens Valley,Lone Pine Creek Flow,13.2
2026-08-14 09:13:28,Lower Owens River Project,LORP Intake Flow,87.0
2026-08-14 09:13:28,Lower Owens River Project,LORP at Mazourka Canyon Road,0.0
2026-08-14 09:13:28,Lower Owens River Project,LORP at Reinhackle Springs,74.0
2026-08-14 09:13:28,Lower Owens River Project,LORP Above Pumpstation,52.0
2026-08-14 09:13:28,Lower Owens River Project,LORP At Pump Station Discharge Flow,49.0
2026-08-14 09:13:28,Southern District,Haiwee LAA #2 Current Flow,99.6
2026-08-14 09:13:28,Southern District,Haiwee LAA #1 Current Flow,0.0
2026-08-14 09:13:28,Southern District,LAA #1 Flow at Fairmont Reservoir,252.1
2026-08-14 09:13:28,Southern District,LAA #2 Flow at Fairmont Res.,98.6
2026-08-14 09:13:28,Southern District,Bouquet Reservoir Inflow,0.0
2026-08-14 09:13:28,Southern District,Bouquet Reservoir Outflow,164.1
2026-08-14 09:13:28,Southern District,LAA #1 at Soledad Flow,269.9
2026-08-14 09:13:28,Southern District,LAA #2 at Soledad Flow,184.5
2026-08-14 09:13:29,Mono Basin,Mono Lk. Elevation,6382.4
2026-08-14 09:13:29,Mono Basin,Grant Lk. Elevation,7129.7
2026-08-14 09:13:29,Long Valley,Long Valley Elevation,6772.8
2026-08-14 09:13:29,Northern Owens Valley,Pleasant Valley Elevation,4387.8
2026-08-14 09:13:29,Southern Owens Valley,LAA at Alabama Level,7.8
2026-08-14 09:13:29,Southern Owens Valley,LAA at Alabama Water Temp,68.1
2026-08-14 09:13:29,Southern Owens Valley,LAA at Cottonwood Level,9.3
2026-08-14 09:13:29,Southern Owens Valley,LAA at Cotton. Water Temp,69.9
2026-08-14 09:13:29,Southern Owens Valley,N. Haiwee Elevation,3757.2
2026-08-14 09:13:29,Southern Owens Valley,S. Haiwee Reservoir Elevation,3723.3
2026-08-14 09:13:29,Southern District,S. Haiwee Reservoir Elevation,3723.3
2026-08-14 09:13:29,Southern District,Fairmont Reservoir Elevation,3024.7
2026-08-14 09:13:29,Southern District,Bouquet Reservoir Elevation,2983.6
2026-08-14 09:28:28,Mono Basin,Lee Vining Intake Above Flow,53.6
2026-08-14 09:28:28,Mono Basin,Lee Vining Intake Below Flow,30.5
2026-08-14 09:28:28,Mono Basin,Walker Ck. Above Conduit Flow,0.0
2026-08-14 09:28:28,Mono Basin,L.V. Conduit Below Intake Flow,22.3
2026-08-14 09:28:28,Mono Basin,Walker Ck. Under Conduit Flow,10.0
2026-08-14 09:28:28,Mono Basin,Parker Ck. Under Conduit Flow,0.0
2026-08-14 09:28:28,Mono Basin,Parker Ck. Above Conduit Flow,5.0
2026-08-14 09:28:28,Mono Basin,Grant Lk. Spill Flow,0.0
2026-08-14 09:28:28,Mono Basin,Mono Gate 1 Return Ditch Flow,27.0
2026-08-14 09:28:28,Mono Basin,Grant Lk. Outflow,39.6
2026-08-14 09:28:28,Mono Basin,Rush Ck. at Damsite Flow,16.5
2026-08-14 09:28:28,Mono Basin,Flow to West Portal,11.8
2026-08-14 09:28:28,Long Valley,East Portal Flow,27.0
2026-08-14 09:28:28,Long Valley,OR Below EP Flow,71.0
2026-08-14 09:28:28,Long Valley,Hot Ck.at Hwy. Flow,7.0
2026-08-14 09:28:28,Long Valley,McGee Ck. Lower Sta. Flow,19.8
2026-08-14 09:28:28,Long Valley,Long Valley Current Outflow,0.3
2026-08-14 09:28:28,Long Valley,Rock Ck. Div. Flow,0.0
2026-08-14 09:28:28,Long Valley,Upper Gorge Total Release,42.0
2026-08-14 09:28:28,Long Valley,Release at Middle Gorge,0.0
2026-08-14 09:28:28,Northern Owens Valley,Rock Ck. At Owens River (PV) Flow,31.0
2026-08-14 09:28:28,Northern Owens Valley,Pleasant Valley Outflow,504.6
2026-08-14 09:28:28,Northern Owens Valley,Baker Ck. At LA Station Flow,9.9
2026-08-14 09:28:28,Northern Owens Valley,Big Pine Ck. USGS Flow,56.7
2026-08-14 09:28:28,Northern Owens Valley,O.R. Below Big Pine,522.1
2026-08-14 09:28:28,Northern Owens Valley,Fish Springs At RR Flow,39.2
2026-08-14 09:28:28,Northern Owens Valley,Tinemaha Reservoir Outflow,504.4
2026-08-14 09:28:28,Northern Owens Valley,Bishop Creek Through Plant 6,105.5
2026-08-14 09:28:28,Northern Owens Valley,Bishop Creek Around Plant 6,14.4
2026-08-14 09:28:28,Southern Owens Valley,Tinemaha Reservoir Outflow,504.4
2026-08-14 09:28:28,Southern Owens Valley,Indep. Ck. At Junction Flow,7.8
2026-08-14 09:28:28,Southern Owens Valley,LAA at Alabama Flow,403.0
2026-08-14 09:28:28,Southern Owens Valley,Cottonwood Ck. At LAA Flow,5.0
2026-08-14 09:28:28,Southern Owens Valley,LAA at Cottonwood Flow,496.0
2026-08-14 09:28:28,Southern Owens Valley,Haiwee LAA #1 Current Flow,0.0
2026-08-14 09:28:28,Southern Owens Valley,Haiwee LAA #2 Current Flow,99.6
2026-08-14 09:28:28,Southern Owens Valley,Reinhackel Flow,2.9
2026-08-14 09:28:28,Southern Owens Valley,Lubkin Spillgate Outflow,0.0
2026-08-14 09:28:28,Southern Owens Valley,Cartago Spillgate Outflow,12.7
2026-08-14 09:28:28,Southern Owens Valley,Lone Pine Creek Flow,13.2
2026-08-14 09:28:28,Lower Owens River Project,LORP Intake Flow,87.0
2026-08-14 09:28:28,Lower Owens River Project,LORP at Mazourka Canyon Road,0.0
2026-08-14 09:28:28,Lower Owens River Project,LORP at Reinhackle Springs,74.0
2026-08-14 09:28:28,Lower Owens River Project,LORP Above Pumpstation,51.0
2026-08-14 09:28:28,Lower Owens River Project,LORP At Pump Station Discharge Flow,48.0
2026-08-14 09:28:28,Southern District,Haiwee LAA #2 Current Flow,99.6
2026-08-14 09:28:28,Southern District,Haiwee LAA #1 Current Flow,0.0
2026-08-14 09:28:28,Southern District,LAA #1 Flow at Fairmont Reservoir,251.8
2026-08-14 09:28:28,Southern District,LAA #2 Flow at Fairmont Res.,98.5
2026-08-14 09:28:28,Southern District,Bouquet Reservoir Inflow,0.0
2026-08-14 09:28:28,Southern District,Bouquet Reservoir Outflow,164.0
2026-08-14 09:28:28,Southern District,LAA #1 at Soledad Flow,269.9
2026-08-14 09:28:28,Southern District,LAA #2 at Soledad Flow,184.5
2026-08-14 09:28:29,Mono Basin,Mono Lk. Elevation,6382.4
2026-08-14 09:28:29,Mono Basin,Grant Lk. Elevation,7129.7
2026-08-14 09:28:29,Long Valley,Long Valley Elevation,6772.8
2026-08-14 09:28:29,Northern Owens Valley,Pleasant Valley Elevation,4387.8
2026-08-14 09:28:29,Northern Owens Valley,Tinemaha Elevation,3861.8
2026-08-14 09:28:29,Southern Owens Valley,Tinemaha Elevation,3861.8
2026-08-14 09:28:29,Southern Owens Valley,LAA at Alabama Level,7.8
2026-08-14 09:28:29,Southern Owens Valley,LAA at Alabama Water Temp,68.1
2026-08-14 09:28:29,Southern Owens Valley,LAA at Cottonwood Level,9.3
2026-08-14 09:28:29,Southern Owens Valley,LAA at Cotton. Water Temp,69.9
2026-08-14 09:28:29,Southern Owens Valley,N. Haiwee Elevation,3757.2
2026-08-14 09:28:29,Southern Owens Valley,S. Haiwee Reservoir Elevation,3723.3
2026-08-14 09:28:29,Southern District,S. Haiwee Reservoir Elevation,3723.3
2026-08-14 09:28:29,Southern District,Fairmont Reservoir Elevation,3024.7
2026-08-14 09:28:29,Southern District,Bouquet Reservoir Elevation,2983.6
2026-08-14 09:43:29,Mono Basin,Lee Vining Intake Above Flow,56.6
2026-08-14 09:43:29,Mono Basin,Lee Vining Intake Below Flow,30.4
2026-08-14 09:43:29,Mono Basin,Walker Ck. Above Conduit Flow,0.0
2026-08-14 09:43:29,Mono Basin,L.V. Conduit Below Intake Flow,23.5
2026-08-14 09:43:29,Mono Basin,Walker Ck. Under Conduit Flow,10.0
2026-08-14 09:43:29,Mono Basin,Parker Ck. Under Conduit Flow,0.0
2026-08-14 09:43:29,Mono Basin,Parker Ck. Above Conduit Flow,5.0
2026-08-14 09:43:29,Mono Basin,Grant Lk. Spill Flow,0.0
2026-08-14 09:43:29,Mono Basin,Mono Gate 1 Return Ditch Flow,27.0
2026-08-14 09:43:29,Mono Basin,Grant Lk. Outflow,39.6
2026-08-14 09:43:29,Mono Basin,Rush Ck. at Damsite Flow,16.5
2026-08-14 09:43:29,Mono Basin,Flow to West Portal,11.8
2026-08-14 09:43:29,Long Valley,East Portal Flow,27.0
2026-08-14 09:43:29,Long Valley,OR Below EP Flow,71.0
2026-08-14 09:43:29,Long Valley,Hot Ck.at Hwy. Flow,7.0
2026-08-14 09:43:29,Long Valley,McGee Ck. Lower Sta. Flow,19.8
2026-08-14 09:43:29,Long Valley,Long Valley Current Outflow,0.3
2026-08-14 09:43:29,Long Valley,Rock Ck. Div. Flow,0.0
2026-08-14 09:43:29,Long Valley,Upper Gorge Total Release,42.0
2026-08-14 09:43:29,Long Valley,Release at Middle Gorge,0.0
2026-08-14 09:43:29,Northern Owens Valley,Rock Ck. At Owens River (PV) Flow,31.0
2026-08-14 09:43:29,Northern Owens Valley,Pleasant Valley Outflow,504.5
2026-08-14 09:43:29,Northern Owens Valley,Baker Ck. At LA Station Flow,9.2
2026-08-14 09:43:29,Northern Owens Valley,Big Pine Ck. USGS Flow,56.7
2026-08-14 09:43:29,Northern Owens Valley,O.R. Below Big Pine,521.4
2026-08-14 09:43:29,Northern Owens Valley,Fish Springs At RR Flow,39.2
2026-08-14 09:43:29,Northern Owens Valley,Tinemaha Reservoir Outflow,504.4
2026-08-14 09:43:29,Northern Owens Valley,Bishop Creek Through Plant 6,105.5
2026-08-14 09:43:29,Northern Owens Valley,Bishop Creek Around Plant 6,14.4
2026-08-14 09:43:29,Southern Owens Valley,Tinemaha Reservoir Outflow,504.4
2026-08-14 09:43:29,Southern Owens Valley,Indep. Ck. At Junction Flow,7.8
2026-08-14 09:43:29,Southern Owens Valley,LAA at Alabama Flow,403.0
2026-08-14 09:43:29,Southern Owens Valley,Cottonwood Ck. At LAA Flow,5.0
2026-08-14 09:43:29,Southern Owens Valley,LAA at Cottonwood Flow,496.0
2026-08-14 09:43:29,Southern Owens Valley,Haiwee LAA #1 Current Flow,0.0
2026-08-14 09:43:29,Southern Owens Valley,Haiwee LAA #2 Current Flow,99.6
2026-08-14 09:43:29,Southern Owens Valley,Reinhackel Flow,2.9
2026-08-14 09:43:29,Southern Owens Valley,Lubkin Spillgate Outflow,0.0
2026-08-14 09:43:29,Southern Owens Valley,Cartago Spillgate Outflow,12.3
2026-08-14 09:43:29,Southern Owens Valley,Lone Pine Creek Flow,13.2
2026-08-14 09:43:29,Lower Owens River Project,LORP Intake Flow,87.0
2026-08-14 09:43:29,Lower Owens River Project,LORP at Mazourka Canyon Road,0.0
2026-08-14 09:43:29,Lower Owens River Project,LORP at Reinhackle Springs,74.0
2026-08-14 09:43:29,Lower Owens River Project,LORP Above Pumpstation,50.0
2026-08-14 09:43:29,Lower Owens River Project,LORP At Pump Station Discharge Flow,47.0
2026-08-14 09:43:29,Southern District,Haiwee LAA #2 Current Flow,99.6
2026-08-14 09:43:29,Southern District,Haiwee LAA #1 Current Flow,0.0
2026-08-14 09:43:29,Southern District,LAA #1 Flow at Fairmont Reservoir,252.6
2026-08-14 09:43:29,Southern District,LAA #2 Flow at Fairmont Res.,98.2
2026-08-14 09:43:29,Southern District,Bouquet Reservoir Inflow,0.0
2026-08-14 09:43:29,Southern District,Bouquet Reservoir Outflow,163.8
2026-08-14 09:43:29,Southern District,LAA #1 at Soledad Flow,269.9
2026-08-14 09:43:29,Southern District,LAA #2 at Soledad Flow,184.5
2026-08-14 09:43:30,Mono Basin,Mono Lk. Elevation,6382.4
2026-08-14 09:43:30,Mono Basin,Grant Lk. Elevation,7129.7
2026-08-14 09:43:30,Long Valley,Long Valley Elevation,6772.8
2026-08-14 09:43:30,Northern Owens Valley,Pleasant Valley Elevation,4387.8
2026-08-14 09:43:30,Southern Owens Valley,LAA at Alabama Level,7.8
2026-08-14 09:43:30,Southern Owens Valley,LAA at Alabama Water Temp,68.1
2026-08-14 09:43:30,Southern Owens Valley,LAA at Cottonwood Level,9.3
2026-08-14 09:43:30,Southern Owens Valley,LAA at Cotton. Water Temp,70.0
2026-08-14 09:43:30,Southern Owens Valley,N. Haiwee Elevation,3757.2
2026-08-14 09:43:30,Southern Owens Valley,S. Haiwee Reservoir Elevation,3723.3
2026-08-14 09:43:30,Southern District,S. Haiwee Reservoir Elevation,3723.3
2026-08-14 09:43:30,Southern District,Fairmont Reservoir Elevation,3024.7
2026-08-14 09:43:30,Southern District,Bouquet Reservoir Elevation,2983.6
2026-08-14 09:58:28,Mono Basin,Lee Vining Intake Above Flow,56.6
2026-08-14 09:58:28,Mono Basin,Lee Vining Intake Below Flow,30.4
2026-08-14 09:58:28,Mono Basin,Walker Ck. Above Conduit Flow,0.0
2026-08-14 09:58:28,Mono Basin,L.V. Conduit Below Intake Flow,23.5
2026-08-14 09:58:28,Mono Basin,Walker Ck. Under Conduit Flow,10.0
2026-08-14 09:58:28,Mono Basin,Parker Ck. Under Conduit Flow,0.0
2026-08-14 09:58:28,Mono Basin,Parker Ck. Above Conduit Flow,5.0
2026-08-14 09:58:28,Mono Basin,Grant Lk. Spill Flow,0.0
2026-08-14 09:58:28,Mono Basin,Mono Gate 1 Return Ditch Flow,27.0
2026-08-14 09:58:28,Mono Basin,Grant Lk. Outflow,39.6
2026-08-14 09:58:28,Mono Basin,Rush Ck. at Damsite Flow,16.5
2026-08-14 09:58:28,Mono Basin,Flow to West Portal,11.8
2026-08-14 09:58:28,Long Valley,East Portal Flow,27.0
2026-08-14 09:58:28,Long Valley,OR Below EP Flow,71.0
2026-08-14 09:58:28,Long Valley,Hot Ck.at Hwy. Flow,7.0
2026-08-14 09:58:28,Long Valley,McGee Ck. Lower Sta. Flow,19.8
2026-08-14 09:58:28,Long Valley,Long Valley Current Outflow,0.1
2026-08-14 09:58:28,Long Valley,Rock Ck. Div. Flow,0.0
2026-08-14 09:58:28,Long Valley,Upper Gorge Total Release,42.1
2026-08-14 09:58:28,Long Valley,Release at Middle Gorge,0.0
2026-08-14 09:58:28,Northern Owens Valley,Rock Ck. At Owens River (PV) Flow,31.0
2026-08-14 09:58:28,Northern Owens Valley,Pleasant Valley Outflow,503.6
2026-08-14 09:58:28,Northern Owens Valley,Baker Ck. At LA Station Flow,9.2
2026-08-14 09:58:28,Northern Owens Valley,Big Pine Ck. USGS Flow,56.7
2026-08-14 09:58:28,Northern Owens Valley,O.R. Below Big Pine,521.5
2026-08-14 09:58:28,Northern Owens Valley,Fish Springs At RR Flow,39.2
2026-08-14 09:58:28,Northern Owens Valley,Tinemaha Reservoir Outflow,503.6
2026-08-14 09:58:28,Northern Owens Valley,Bishop Creek Through Plant 6,105.5
2026-08-14 09:58:28,Northern Owens Valley,Bishop Creek Around Plant 6,14.4
2026-08-14 09:58:28,Southern Owens Valley,Tinemaha Reservoir Outflow,503.6
2026-08-14 09:58:28,Southern Owens Valley,Indep. Ck. At Junction Flow,7.8
2026-08-14 09:58:28,Southern Owens Valley,LAA at Alabama Flow,403.0
2026-08-14 09:58:28,Southern Owens Valley,Cottonwood Ck. At LAA Flow,5.0
2026-08-14 09:58:28,Southern Owens Valley,LAA at Cottonwood Flow,496.0
2026-08-14 09:58:28,Southern Owens Valley,Haiwee LAA #1 Current Flow,0.0
2026-08-14 09:58:28,Southern Owens Valley,Haiwee LAA #2 Current Flow,99.6
2026-08-14 09:58:28,Southern Owens Valley,Reinhackel Flow,2.9
2026-08-14 09:58:28,Southern Owens Valley,Lubkin Spillgate Outflow,0.0
2026-08-14 09:58:28,Southern Owens Valley,Cartago Spillgate Outflow,11.1
2026-08-14 09:58:28,Southern Owens Valley,Lone Pine Creek Flow,13.2
2026-08-14 09:58:28,Lower Owens River Project,LORP Intake Flow,87.0
2026-08-14 09:58:28,Lower Owens River Project,LORP at Mazourka Canyon Road,0.0
2026-08-14 09:58:28,Lower Owens River Project,LORP at Reinhackle Springs,74.0
2026-08-14 09:58:28,Lower Owens River Project,LORP Above Pumpstation,51.0
2026-08-14 09:58:28,Lower Owens River Project,LORP At Pump Station Discharge Flow,48.0
2026-08-14 09:58:28,Southern District,Haiwee LAA #2 Current Flow,99.6
2026-08-14 09:58:28,Southern District,Haiwee LAA #1 Current Flow,0.0
2026-08-14 09:58:28,Southern District,LAA #1 Flow at Fairmont Reservoir,251.7
2026-08-14 09:58:28,Southern District,LAA #2 Flow at Fairmont Res.,98.4
2026-08-14 09:58:28,Southern District,Bouquet Reservoir Inflow,0.0
2026-08-14 09:58:28,Southern District,Bouquet Reservoir Outflow,167.0
2026-08-14 09:58:28,Southern District,LAA #1 at Soledad Flow,269.9
2026-08-14 09:58:28,Southern District,LAA #2 at Soledad Flow,184.5
2026-08-14 09:58:29,Mono Basin,Mono Lk. Elevation,6382.4
2026-08-14 09:58:29,Mono Basin,Grant Lk. Elevation,7129.7
2026-08-14 09:58:29,Long Valley,Long Valley Elevation,6772.8
2026-08-14 09:58:29,Northern Owens Valley,Pleasant Valley Elevation,4387.8
2026-08-14 09:58:29,Northern Owens Valley,Tinemaha Elevation,3861.8
2026-08-14 09:58:29,Southern Owens Valley,Tinemaha Elevation,3861.8
2026-08-14 09:58:29,Southern Owens Valley,LAA at Alabama Level,7.8
2026-08-14 09:58:29,Southern Owens Valley,LAA at Alabama Water Temp,68.1
2026-08-14 09:58:29,Southern Owens Valley,LAA at Cottonwood Level,9.3
2026-08-14 09:58:29,Southern Owens Valley,LAA at Cotton. Water Temp,70.1
2026-08-14 09:58:29,Southern Owens Valley,N. Haiwee Elevation,3757.2
2026-08-14 09:58:29,Southern Owens Valley,S. Haiwee Reservoir Elevation,3723.3
2026-08-14 09:58:29,Southern District,S. Haiwee Reservoir Elevation,3723.3
2026-08-14 09:58:29,Southern District,Fairmont Reservoir Elevation,3024.7
2026-08-14 09:58:29,Southern District,Bouquet Reservoir Elevation,2983.6
2026-08-14 10:13:29,Mono Basin,Lee Vining Intake Above Flow,57.1
2026-08-14 10:13:29,Mono Basin,Lee Vining Intake Below Flow,30.5
2026-08-14 10:13:29,Mono Basin,Mono Lk. Elevation,6382.4
2026-08-14 10:13:29,Mono Basin,Walker Ck. Above Conduit Flow,0.0
2026-08-14 10:13:29,Mono Basin,L.V. Conduit Below Intake Flow,24.7
2026-08-14 10:13:29,Mono Basin,Walker Ck. Under Conduit Flow,10.0
2026-08-14 10:13:29,Mono Basin,Parker Ck. Under Conduit Flow,0.0
2026-08-14 10:13:29,Mono Basin,Parker Ck. Above Conduit Flow,5.0
2026-08-14 10:13:29,Mono Basin,Grant Lk. Spill Flow,0.0
2026-08-14 10:13:29,Mono Basin,Mono Gate 1 Return Ditch Flow,27.0
2026-08-14 10:13:29,Mono Basin,Grant Lk. Elevation,7129.7
2026-08-14 10:13:29,Mono Basin,Grant Lk. Outflow,39.6
2026-08-14 10:13:29,Mono Basin,Rush Ck. at Damsite Flow,16.5
2026-08-14 10:13:29,Mono Basin,Flow to West Portal,11.8
2026-08-14 10:13:29,Long Valley,East Portal Flow,27.0
2026-08-14 10:13:29,Long Valley,OR Below EP Flow,71.0
2026-08-14 10:13:29,Long Valley,Hot Ck.at Hwy. Flow,7.0
2026-08-14 10:13:29,Long Valley,McGee Ck. Lower Sta. Flow,19.8
2026-08-14 10:13:29,Long Valley,Long Valley Elevation,6772.8
2026-08-14 10:13:29,Long Valley,Long Valley Current Outflow,0.1
2026-08-14 10:13:29,Long Valley,Rock Ck. Div. Flow,0.0
2026-08-14 10:13:29,Long Valley,Upper Gorge Total Release,41.9
2026-08-14 10:13:29,Long Valley,Release at Middle Gorge,0.0
2026-08-14 10:13:29,Northern Owens Valley,Rock Ck. At Owens River (PV) Flow,31.0
2026-08-14 10:13:29,Northern Owens Valley,Pleasant Valley Elevation,4387.8
2026-08-14 10:13:29,Northern Owens Valley,Pleasant Valley Outflow,503.2
2026-08-14 10:13:29,Northern Owens Valley,Baker Ck. At LA Station Flow,9.2
2026-08-14 10:13:29,Northern Owens Valley,Big Pine Ck. USGS Flow,56.7
2026-08-14 10:13:29,Northern Owens Valley,O.R. Below Big Pine,522.8
2026-08-14 10:13:29,Northern Owens Valley,Fish Springs At RR Flow,39.2
2026-08-14 10:13:29,Northern Owens Valley,Tinemaha Reservoir Outflow,504.4
2026-08-14 10:13:29,Northern Owens Valley,Bishop Creek Through Plant 6,105.5
2026-08-14 10:13:29,Northern Owens Valley,Bishop Creek Around Plant 6,14.4
2026-08-14 10:13:29,Southern Owens Valley,Tinemaha Reservoir Outflow,504.4
2026-08-14 10:13:29,Southern Owens Valley,Indep. Ck. At Junction Flow,7.8
2026-08-14 10:13:29,Southern Owens Valley,LAA at Alabama Flow,403.0
2026-08-14 10:13:29,Southern Owens Valley,LAA at Alabama Level,7.8
2026-08-14 10:13:29,Southern Owens Valley,LAA at Alabama Water Temp,68.5
2026-08-14 10:13:29,Southern Owens Valley,Cottonwood Ck. At LAA Flow,5.0
2026-08-14 10:13:29,Southern Owens Valley,LAA at Cottonwood Flow,496.0
2026-08-14 10:13:29,Southern Owens Valley,LAA at Cottonwood Level,9.3
2026-08-14 10:13:29,Southern Owens Valley,LAA at Cotton. Water Temp,70.1
2026-08-14 10:13:29,Southern Owens Valley,N. Haiwee Elevation,3757.2
2026-08-14 10:13:29,Southern Owens Valley,S. Haiwee Reservoir Elevation,3723.3
2026-08-14 10:13:29,Southern Owens Valley,Haiwee LAA #1 Current Flow,0.0
2026-08-14 10:13:29,Southern Owens Valley,Haiwee LAA #2 Current Flow,99.6
2026-08-14 10:13:29,Southern Owens Valley,Reinhackel Flow,2.9
2026-08-14 10:13:29,Southern Owens Valley,Lubkin Spillgate Outflow,0.0
2026-08-14 10:13:29,Southern Owens Valley,Cartago Spillgate Outflow,2.0
2026-08-14 10:13:29,Southern Owens Valley,Lone Pine Creek Flow,13.1
2026-08-14 10:13:29,Lower Owens River Project,LORP Intake Flow,87.0
2026-08-14 10:13:29,Lower Owens River Project,LORP at Mazourka Canyon Road,0.0
2026-08-14 10:13:29,Lower Owens River Project,LORP at Reinhackle Springs,74.0
2026-08-14 10:13:29,Lower Owens River Project,LORP Above Pumpstation,50.0
2026-08-14 10:13:29,Lower Owens River Project,LORP At Pump Station Discharge Flow,47.0
2026-08-14 10:13:29,Southern District,Haiwee LAA #2 Current Flow,99.6
2026-08-14 10:13:29,Southern District,S. Haiwee Reservoir Elevation,3723.3
2026-08-14 10:13:29,Southern District,Haiwee LAA #1 Current Flow,0.0
2026-08-14 10:13:29,Southern District,Fairmont Reservoir Elevation,3024.7
2026-08-14 10:13:29,Southern District,LAA #1 Flow at Fairmont Reservoir,252.1
2026-08-14 10:13:29,Southern District,LAA #2 Flow at Fairmont Res.,98.4
2026-08-14 10:13:29,Southern District,Bouquet Reservoir Elevation,2983.6
2026-08-14 10:13:29,Southern District,Bouquet Reservoir Inflow,0.0
2026-08-14 10:13:29,Southern District,Bouquet Reservoir Outflow,134.4
2026-08-14 10:13:29,Southern District,LAA #1 at Soledad Flow,269.9
2026-08-14 10:13:29,Southern District,LAA #2 at Soledad Flow,184.5
2026-08-14 10:28:28,Mono Basin,Lee Vining Intake Above Flow,57.1
2026-08-14 10:28:28,Mono Basin,Lee Vining Intake Below Flow,30.5
2026-08-14 10:28:28,Mono Basin,Walker Ck. Above Conduit Flow,0.0
2026-08-14 10:28:28,Mono Basin,L.V. Conduit Below Intake Flow,24.7
2026-08-14 10:28:28,Mono Basin,Walker Ck. Under Conduit Flow,10.0
2026-08-14 10:28:28,Mono Basin,Parker Ck. Under Conduit Flow,0.0
2026-08-14 10:28:28,Mono Basin,Parker Ck. Above Conduit Flow,5.0
2026-08-14 10:28:28,Mono Basin,Grant Lk. Spill Flow,0.0
2026-08-14 10:28:28,Mono Basin,Mono Gate 1 Return Ditch Flow,29.7
2026-08-14 10:28:28,Mono Basin,Grant Lk. Outflow,39.6
2026-08-14 10:28:28,Mono Basin,Rush Ck. at Damsite Flow,16.5
2026-08-14 10:28:28,Mono Basin,Flow to West Portal,11.8
2026-08-14 10:28:28,Long Valley,East Portal Flow,27.0
2026-08-14 10:28:28,Long Valley,OR Below EP Flow,71.0
2026-08-14 10:28:28,Long Valley,Hot Ck.at Hwy. Flow,7.0
2026-08-14 10:28:28,Long Valley,McGee Ck. Lower Sta. Flow,19.8
2026-08-14 10:28:28,Long Valley,Long Valley Current Outflow,0.1
2026-08-14 10:28:28,Long Valley,Rock Ck. Div. Flow,0.0
2026-08-14 10:28:28,Long Valley,Upper Gorge Total Release,42.3
2026-08-14 10:28:28,Long Valley,Release at Middle Gorge,0.0
2026-08-14 10:28:28,Northern Owens Valley,Rock Ck. At Owens River (PV) Flow,31.0
2026-08-14 10:28:28,Northern Owens Valley,Pleasant Valley Outflow,503.0
2026-08-14 10:28:28,Northern Owens Valley,Baker Ck. At LA Station Flow,9.2
2026-08-14 10:28:28,Northern Owens Valley,Big Pine Ck. USGS Flow,56.7
2026-08-14 10:28:28,Northern Owens Valley,O.R. Below Big Pine,520.5
2026-08-14 10:28:28,Northern Owens Valley,Fish Springs At RR Flow,39.2
2026-08-14 10:28:28,Northern Owens Valley,Tinemaha Reservoir Outflow,504.4
2026-08-14 10:28:28,Northern Owens Valley,Bishop Creek Through Plant 6,105.5
2026-08-14 10:28:28,Northern Owens Valley,Bishop Creek Around Plant 6,14.4
2026-08-14 10:28:28,Southern Owens Valley,Tinemaha Reservoir Outflow,504.4
2026-08-14 10:28:28,Southern Owens Valley,Indep. Ck. At Junction Flow,7.8
2026-08-14 10:28:28,Southern Owens Valley,LAA at Alabama Flow,402.0
2026-08-14 10:28:28,Southern Owens Valley,Cottonwood Ck. At LAA Flow,5.0
2026-08-14 10:28:28,Southern Owens Valley,LAA at Cottonwood Flow,496.0
2026-08-14 10:28:28,Southern Owens Valley,Haiwee LAA #1 Current Flow,0.0
2026-08-14 10:28:28,Southern Owens Valley,Haiwee LAA #2 Current Flow,99.6
2026-08-14 10:28:28,Southern Owens Valley,Reinhackel Flow,2.9
2026-08-14 10:28:28,Southern Owens Valley,Lubkin Spillgate Outflow,0.0
2026-08-14 10:28:28,Southern Owens Valley,Cartago Spillgate Outflow,0.0
2026-08-14 10:28:28,Southern Owens Valley,Lone Pine Creek Flow,13.1
2026-08-14 10:28:28,Lower Owens River Project,LORP Intake Flow,87.0
2026-08-14 10:28:28,Lower Owens River Project,LORP at Mazourka Canyon Road,0.0
2026-08-14 10:28:28,Lower Owens River Project,LORP at Reinhackle Springs,75.0
2026-08-14 10:28:28,Lower Owens River Project,LORP Above Pumpstation,51.0
2026-08-14 10:28:28,Lower Owens River Project,LORP At Pump Station Discharge Flow,48.0
2026-08-14 10:28:28,Southern District,Haiwee LAA #2 Current Flow,99.6
2026-08-14 10:28:28,Southern District,Haiwee LAA #1 Current Flow,0.0
2026-08-14 10:28:28,Southern District,LAA #1 Flow at Fairmont Reservoir,251.9
2026-08-14 10:28:28,Southern District,LAA #2 Flow at Fairmont Res.,98.7
2026-08-14 10:28:28,Southern District,Bouquet Reservoir Inflow,0.0
2026-08-14 10:28:28,Southern District,Bouquet Reservoir Outflow,137.2
2026-08-14 10:28:28,Southern District,LAA #1 at Soledad Flow,269.9
2026-08-14 10:28:28,Southern District,LAA #2 at Soledad Flow,187.3
2026-08-14 10:28:29,Mono Basin,Mono Lk. Elevation,6382.4
2026-08-14 10:28:29,Mono Basin,Grant Lk. Elevation,7129.7
2026-08-14 10:28:29,Long Valley,Long Valley Elevation,6772.8
2026-08-14 10:28:29,Northern Owens Valley,Pleasant Valley Elevation,4387.8
2026-08-14 10:28:29,Northern Owens Valley,Tinemaha Elevation,3861.8
2026-08-14 10:28:29,Southern Owens Valley,Tinemaha Elevation,3861.8
2026-08-14 10:28:29,Southern Owens Valley,LAA at Alabama Level,7.8
2026-08-14 10:28:29,Southern Owens Valley,LAA at Alabama Water Temp,68.6
2026-08-14 10:28:29,Southern Owens Valley,LAA at Cottonwood Level,9.3
2026-08-14 10:28:29,Southern Owens Valley,LAA at Cotton. Water Temp,70.1
2026-08-14 10:28:29,Southern Owens Valley,N. Haiwee Elevation,3757.2
2026-08-14 10:28:29,Southern Owens Valley,S. Haiwee Reservoir Elevation,3723.3
2026-08-14 10:28:29,Southern District,S. Haiwee Reservoir Elevation,3723.3
2026-08-14 10:28:29,Southern District,Fairmont Reservoir Elevation,3024.7
2026-08-14 10:28:29,Southern District,Bouquet Reservoir Elevation,2983.6
2026-08-14 10:43:29,Mono Basin,Lee Vining Intake Above Flow,57.3
2026-08-14 10:43:29,Mono Basin,Lee Vining Intake Below Flow,30.7
2026-08-14 10:43:29,Mono Basin,Walker Ck. Above Conduit Flow,0.0
2026-08-14 10:43:29,Mono Basin,L.V. Conduit Below Intake Flow,25.1
2026-08-14 10:43:29,Mono Basin,Walker Ck. Under Conduit Flow,10.0
2026-08-14 10:43:29,Mono Basin,Parker Ck. Under Conduit Flow,0.0
2026-08-14 10:43:29,Mono Basin,Parker Ck. Above Conduit Flow,5.0
2026-08-14 10:43:29,Mono Basin,Grant Lk. Spill Flow,0.0
2026-08-14 10:43:29,Mono Basin,Mono Gate 1 Return Ditch Flow,29.7
2026-08-14 10:43:29,Mono Basin,Grant Lk. Outflow,39.6
2026-08-14 10:43:29,Mono Basin,Rush Ck. at Damsite Flow,16.5
2026-08-14 10:43:29,Mono Basin,Flow to West Portal,11.8
2026-08-14 10:43:29,Long Valley,East Portal Flow,27.0
2026-08-14 10:43:29,Long Valley,OR Below EP Flow,71.0
2026-08-14 10:43:29,Long Valley,Hot Ck.at Hwy. Flow,7.0
2026-08-14 10:43:29,Long Valley,McGee Ck. Lower Sta. Flow,19.8
2026-08-14 10:43:29,Long Valley,Long Valley Current Outflow,0.1
2026-08-14 10:43:29,Long Valley,Rock Ck. Div. Flow,0.0
2026-08-14 10:43:29,Long Valley,Upper Gorge Total Release,41.5
2026-08-14 10:43:29,Long Valley,Release at Middle Gorge,0.0
2026-08-14 10:43:29,Northern Owens Valley,Rock Ck. At Owens River (PV) Flow,31.0
2026-08-14 10:43:29,Northern Owens Valley,Pleasant Valley Outflow,502.3
2026-08-14 10:43:29,Northern Owens Valley,Baker Ck. At LA Station Flow,9.2
2026-08-14 10:43:29,Northern Owens Valley,Big Pine Ck. USGS Flow,56.7
2026-08-14 10:43:29,Northern Owens Valley,O.R. Below Big Pine,522.0
2026-08-14 10:43:29,Northern Owens Valley,Fish Springs At RR Flow,39.2
2026-08-14 10:43:29,Northern Owens Valley,Tinemaha Reservoir Outflow,504.4
2026-08-14 10:43:29,Northern Owens Valley,Bishop Creek Through Plant 6,105.5
2026-08-14 10:43:29,Northern Owens Valley,Bishop Creek Around Plant 6,14.4
2026-08-14 10:43:29,Southern Owens Valley,Tinemaha Reservoir Outflow,504.4
2026-08-14 10:43:29,Southern Owens Valley,Indep. Ck. At Junction Flow,7.8
2026-08-14 10:43:29,Southern Owens Valley,LAA at Alabama Flow,402.0
2026-08-14 10:43:29,Southern Owens Valley,Cottonwood Ck. At LAA Flow,5.0
2026-08-14 10:43:29,Southern Owens Valley,LAA at Cottonwood Flow,496.0
2026-08-14 10:43:29,Southern Owens Valley,Haiwee LAA #1 Current Flow,0.0
2026-08-14 10:43:29,Southern Owens Valley,Haiwee LAA #2 Current Flow,99.6
2026-08-14 10:43:29,Southern Owens Valley,Reinhackel Flow,2.9
2026-08-14 10:43:29,Southern Owens Valley,Lubkin Spillgate Outflow,0.0
2026-08-14 10:43:29,Southern Owens Valley,Cartago Spillgate Outflow,0.0
2026-08-14 10:43:29,Southern Owens Valley,Lone Pine Creek Flow,13.0
2026-08-14 10:43:29,Lower Owens River Project,LORP Intake Flow,87.0
2026-08-14 10:43:29,Lower Owens River Project,LORP at Mazourka Canyon Road,0.0
2026-08-14 10:43:29,Lower Owens River Project,LORP at Reinhackle Springs,75.0
2026-08-14 10:43:29,Lower Owens River Project,LORP Above Pumpstation,52.0
2026-08-14 10:43:29,Lower Owens River Project,LORP At Pump Station Discharge Flow,49.0
2026-08-14 10:43:29,Southern District,Haiwee LAA #2 Current Flow,99.6
2026-08-14 10:43:29,Southern District,Haiwee LAA #1 Current Flow,0.0
2026-08-14 10:43:29,Southern District,LAA #1 Flow at Fairmont Reservoir,251.6
2026-08-14 10:43:29,Southern District,LAA #2 Flow at Fairmont Res.,98.7
2026-08-14 10:43:29,Southern District,Bouquet Reservoir Inflow,0.0
2026-08-14 10:43:29,Southern District,Bouquet Reservoir Outflow,138.5
2026-08-14 10:43:29,Southern District,LAA #1 at Soledad Flow,270.1
2026-08-14 10:43:29,Southern District,LAA #2 at Soledad Flow,187.3
2026-08-14 10:43:30,Mono Basin,Mono Lk. Elevation,6382.4
2026-08-14 10:43:30,Mono Basin,Grant Lk. Elevation,7129.7
2026-08-14 10:43:30,Long Valley,Long Valley Elevation,6772.8
2026-08-14 10:43:30,Northern Owens Valley,Pleasant Valley Elevation,4387.2
2026-08-14 10:43:30,Southern Owens Valley,LAA at Alabama Level,7.8
2026-08-14 10:43:30,Southern Owens Valley,LAA at Alabama Water Temp,68.6
2026-08-14 10:43:30,Southern Owens Valley,LAA at Cottonwood Level,9.3
2026-08-14 10:43:30,Southern Owens Valley,LAA at Cotton. Water Temp,70.3
2026-08-14 10:43:30,Southern Owens Valley,N. Haiwee Elevation,3757.2
2026-08-14 10:43:30,Southern Owens Valley,S. Haiwee Reservoir Elevation,3723.3
2026-08-14 10:43:30,Southern District,S. Haiwee Reservoir Elevation,3723.3
2026-08-14 10:43:30,Southern District,Fairmont Reservoir Elevation,3024.7
2026-08-14 10:43:30,Southern District,Bouquet Reservoir Elevation,2983.6
2026-08-14 10:58:28,Mono Basin,Lee Vining Intake Above Flow,57.3
2026-08-14 10:58:28,Mono Basin,Lee Vining Intake Below Flow,30.7
2026-08-14 10:58:28,Mono Basin,Mono Lk. Elevation,6382.4
2026-08-14 10:58:28,Mono Basin,Walker Ck. Above Conduit Flow,0.0
2026-08-14 10:58:28,Mono Basin,L.V. Conduit Below Intake Flow,25.1
2026-08-14 10:58:28,Mono Basin,Walker Ck. Under Conduit Flow,10.0
2026-08-14 10:58:28,Mono Basin,Parker Ck. Under Conduit Flow,0.0
2026-08-14 10:58:28,Mono Basin,Parker Ck. Above Conduit Flow,5.0
2026-08-14 10:58:28,Mono Basin,Grant Lk. Spill Flow,0.0
2026-08-14 10:58:28,Mono Basin,Mono Gate 1 Return Ditch Flow,31.3
2026-08-14 10:58:28,Mono Basin,Grant Lk. Elevation,7129.7
2026-08-14 10:58:28,Mono Basin,Grant Lk. Outflow,39.5
2026-08-14 10:58:28,Mono Basin,Rush Ck. at Damsite Flow,16.5
2026-08-14 10:58:28,Mono Basin,Flow to West Portal,11.8
2026-08-14 10:58:28,Long Valley,East Portal Flow,27.0
2026-08-14 10:58:28,Long Valley,OR Below EP Flow,71.0
2026-08-14 10:58:28,Long Valley,Hot Ck.at Hwy. Flow,7.0
2026-08-14 10:58:28,Long Valley,McGee Ck. Lower Sta. Flow,19.8
2026-08-14 10:58:28,Long Valley,Long Valley Elevation,6772.8
2026-08-14 10:58:28,Long Valley,Long Valley Current Outflow,0.1
2026-08-14 10:58:28,Long Valley,Rock Ck. Div. Flow,0.0
2026-08-14 10:58:28,Long Valley,Upper Gorge Total Release,42.0
2026-08-14 10:58:28,Long Valley,Release at Middle Gorge,0.0
2026-08-14 10:58:28,Northern Owens Valley,Rock Ck. At Owens River (PV) Flow,31.0
2026-08-14 10:58:28,Northern Owens Valley,Pleasant Valley Elevation,4387.0
2026-08-14 10:58:28,Northern Owens Valley,Pleasant Valley Outflow,502.3
2026-08-14 10:58:28,Northern Owens Valley,Baker Ck. At LA Station Flow,9.2
2026-08-14 10:58:28,Northern Owens Valley,Big Pine Ck. USGS Flow,56.7
2026-08-14 10:58:28,Northern Owens Valley,O.R. Below Big Pine,521.1
2026-08-14 10:58:28,Northern Owens Valley,Fish Springs At RR Flow,39.2
2026-08-14 10:58:28,Northern Owens Valley,Tinemaha Elevation,3861.8
2026-08-14 10:58:28,Northern Owens Valley,Tinemaha Reservoir Outflow,504.4
2026-08-14 10:58:28,Northern Owens Valley,Bishop Creek Through Plant 6,107.1
2026-08-14 10:58:28,Northern Owens Valley,Bishop Creek Around Plant 6,14.1
2026-08-14 10:58:28,Southern Owens Valley,Tinemaha Elevation,3861.8
2026-08-14 10:58:28,Southern Owens Valley,Tinemaha Reservoir Outflow,504.4
2026-08-14 10:58:28,Southern Owens Valley,Indep. Ck. At Junction Flow,7.8
2026-08-14 10:58:28,Southern Owens Valley,LAA at Alabama Flow,402.0
2026-08-14 10:58:28,Southern Owens Valley,LAA at Alabama Level,7.8
2026-08-14 10:58:28,Southern Owens Valley,LAA at Alabama Water Temp,68.6
2026-08-14 10:58:28,Southern Owens Valley,Cottonwood Ck. At LAA Flow,5.0
2026-08-14 10:58:28,Southern Owens Valley,LAA at Cottonwood Flow,496.0
2026-08-14 10:58:28,Southern Owens Valley,LAA at Cottonwood Level,9.3
2026-08-14 10:58:28,Southern Owens Valley,LAA at Cotton. Water Temp,70.4
2026-08-14 10:58:28,Southern Owens Valley,N. Haiwee Elevation,3757.2
2026-08-14 10:58:28,Southern Owens Valley,S. Haiwee Reservoir Elevation,3723.3
2026-08-14 10:58:28,Southern Owens Valley,Haiwee LAA #1 Current Flow,0.0
2026-08-14 10:58:28,Southern Owens Valley,Haiwee LAA #2 Current Flow,99.6
2026-08-14 10:58:28,Southern Owens Valley,Reinhackel Flow,2.9
2026-08-14 10:58:28,Southern Owens Valley,Lubkin Spillgate Outflow,0.0
2026-08-14 10:58:28,Southern Owens Valley,Cartago Spillgate Outflow,0.0
2026-08-14 10:58:28,Southern Owens Valley,Lone Pine Creek Flow,13.0
2026-08-14 10:58:28,Lower Owens River Project,LORP Intake Flow,87.0
2026-08-14 10:58:28,Lower Owens River Project,LORP at Mazourka Canyon Road,0.0
2026-08-14 10:58:28,Lower Owens River Project,LORP at Reinhackle Springs,75.0
2026-08-14 10:58:28,Lower Owens River Project,LORP Above Pumpstation,51.0
2026-08-14 10:58:28,Lower Owens River Project,LORP At Pump Station Discharge Flow,48.0
2026-08-14 10:58:28,Southern District,Haiwee LAA #2 Current Flow,99.6
2026-08-14 10:58:28,Southern District,S. Haiwee Reservoir Elevation,3723.3
2026-08-14 10:58:28,Southern District,Haiwee LAA #1 Current Flow,0.0
2026-08-14 10:58:28,Southern District,Fairmont Reservoir Elevation,3024.6
2026-08-14 10:58:28,Southern District,LAA #1 Flow at Fairmont Reservoir,251.7
2026-08-14 10:58:28,Southern District,LAA #2 Flow at Fairmont Res.,98.4
2026-08-14 10:58:28,Southern District,Bouquet Reservoir Elevation,2983.6
2026-08-14 10:58:28,Southern District,Bouquet Reservoir Inflow,0.0
2026-08-14 10:58:28,Southern District,Bouquet Reservoir Outflow,131.1
2026-08-14 10:58:28,Southern District,LAA #1 at Soledad Flow,270.1
2026-08-14 10:58:28,Southern District,LAA #2 at Soledad Flow,187.3
2026-08-14 11:13:28,Mono Basin,Lee Vining Intake Above Flow,57.0
2026-08-14 11:13:28,Mono Basin,Lee Vining Intake Below Flow,30.5
2026-08-14 11:13:28,Mono Basin,Walker Ck. Above Conduit Flow,0.0
2026-08-14 11:13:28,Mono Basin,L.V. Conduit Below Intake Flow,25.2
2026-08-14 11:13:28,Mono Basin,Walker Ck. Under Conduit Flow,10.0
2026-08-14 11:13:28,Mono Basin,Parker Ck. Under Conduit Flow,0.0
2026-08-14 11:13:28,Mono Basin,Parker Ck. Above Conduit Flow,5.0
2026-08-14 11:13:28,Mono Basin,Grant Lk. Spill Flow,0.0
2026-08-14 11:13:28,Mono Basin,Mono Gate 1 Return Ditch Flow,31.5
2026-08-14 11:13:28,Mono Basin,Grant Lk. Outflow,39.6
2026-08-14 11:13:28,Mono Basin,Rush Ck. at Damsite Flow,16.5
2026-08-14 11:13:28,Mono Basin,Flow to West Portal,11.8
2026-08-14 11:13:28,Long Valley,East Portal Flow,27.0
2026-08-14 11:13:28,Long Valley,OR Below EP Flow,71.0
2026-08-14 11:13:28,Long Valley,Hot Ck.at Hwy. Flow,7.0
2026-08-14 11:13:28,Long Valley,McGee Ck. Lower Sta. Flow,19.8
2026-08-14 11:13:28,Long Valley,Long Valley Current Outflow,0.1
2026-08-14 11:13:28,Long Valley,Rock Ck. Div. Flow,0.0
2026-08-14 11:13:28,Long Valley,Upper Gorge Total Release,41.2
2026-08-14 11:13:28,Long Valley,Release at Middle Gorge,0.0
2026-08-14 11:13:28,Northern Owens Valley,Rock Ck. At Owens River (PV) Flow,31.0
2026-08-14 11:13:28,Northern Owens Valley,Pleasant Valley Outflow,502.0
2026-08-14 11:13:28,Northern Owens Valley,Baker Ck. At LA Station Flow,9.2
2026-08-14 11:13:28,Northern Owens Valley,Big Pine Ck. USGS Flow,56.7
2026-08-14 11:13:28,Northern Owens Valley,O.R. Below Big Pine,520.1
2026-08-14 11:13:28,Northern Owens Valley,Fish Springs At RR Flow,39.2
2026-08-14 11:13:28,Northern Owens Valley,Tinemaha Reservoir Outflow,505.3
2026-08-14 11:13:28,Northern Owens Valley,Bishop Creek Through Plant 6,101.2
2026-08-14 11:13:28,Northern Owens Valley,Bishop Creek Around Plant 6,14.1
2026-08-14 11:13:28,Southern Owens Valley,Tinemaha Reservoir Outflow,505.3
2026-08-14 11:13:28,Southern Owens Valley,Indep. Ck. At Junction Flow,7.8
2026-08-14 11:13:28,Southern Owens Valley,LAA at Alabama Flow,403.0
2026-08-14 11:13:28,Southern Owens Valley,Cottonwood Ck. At LAA Flow,5.0
2026-08-14 11:13:28,Southern Owens Valley,LAA at Cottonwood Flow,496.0
2026-08-14 11:13:28,Southern Owens Valley,Haiwee LAA #1 Current Flow,0.0
2026-08-14 11:13:28,Southern Owens Valley,Haiwee LAA #2 Current Flow,99.6
2026-08-14 11:13:28,Southern Owens Valley,Reinhackel Flow,2.9
2026-08-14 11:13:28,Southern Owens Valley,Lubkin Spillgate Outflow,0.0
2026-08-14 11:13:28,Southern Owens Valley,Cartago Spillgate Outflow,0.0
2026-08-14 11:13:28,Southern Owens Valley,Lone Pine Creek Flow,13.0
2026-08-14 11:13:28,Lower Owens River Project,LORP Intake Flow,87.0
2026-08-14 11:13:28,Lower Owens River Project,LORP at Mazourka Canyon Road,0.0
2026-08-14 11:13:28,Lower Owens River Project,LORP at Reinhackle Springs,75.0
2026-08-14 11:13:28,Lower Owens River Project,LORP Above Pumpstation,52.0
2026-08-14 11:13:28,Lower Owens River Project,LORP At Pump Station Discharge Flow,48.0
2026-08-14 11:13:28,Southern District,Haiwee LAA #2 Current Flow,99.6
2026-08-14 11:13:28,Southern District,Haiwee LAA #1 Current Flow,0.0
2026-08-14 11:13:28,Southern District,LAA #1 Flow at Fairmont Reservoir,252.3
2026-08-14 11:13:28,Southern District,LAA #2 Flow at Fairmont Res.,98.5
2026-08-14 11:13:28,Southern District,Bouquet Reservoir Inflow,0.0
2026-08-14 11:13:28,Southern District,Bouquet Reservoir Outflow,136.4
2026-08-14 11:13:28,Southern District,LAA #1 at Soledad Flow,270.1
2026-08-14 11:13:28,Southern District,LAA #2 at Soledad Flow,187.3
2026-08-14 11:13:29,Mono Basin,Mono Lk. Elevation,6382.4
2026-08-14 11:13:29,Mono Basin,Grant Lk. Elevation,7129.7
2026-08-14 11:13:29,Long Valley,Long Valley Elevation,6772.8
2026-08-14 11:13:29,Northern Owens Valley,Pleasant Valley Elevation,4386.9
2026-08-14 11:13:29,Southern Owens Valley,LAA at Alabama Level,7.8
2026-08-14 11:13:29,Southern Owens Valley,LAA at Alabama Water Temp,69.0
2026-08-14 11:13:29,Southern Owens Valley,LAA at Cottonwood Level,9.3
2026-08-14 11:13:29,Southern Owens Valley,LAA at Cotton. Water Temp,70.4
2026-08-14 11:13:29,Southern Owens Valley,N. Haiwee Elevation,3757.2
2026-08-14 11:13:29,Southern Owens Valley,S. Haiwee Reservoir Elevation,3723.3
2026-08-14 11:13:29,Southern District,S. Haiwee Reservoir Elevation,3723.3
2026-08-14 11:13:29,Southern District,Fairmont Reservoir Elevation,3024.6
2026-08-14 11:13:29,Southern District,Bouquet Reservoir Elevation,2983.6
2026-08-14 11:28:28,Mono Basin,Lee Vining Intake Above Flow,57.0
2026-08-14 11:28:28,Mono Basin,Lee Vining Intake Below Flow,30.5
2026-08-14 11:28:28,Mono Basin,Walker Ck. Above Conduit Flow,0.0
2026-08-14 11:28:28,Mono Basin,L.V. Conduit Below Intake Flow,25.2
2026-08-14 11:28:28,Mono Basin,Walker Ck. Under Conduit Flow,10.0
2026-08-14 11:28:28,Mono Basin,Parker Ck. Under Conduit Flow,0.0
2026-08-14 11:28:28,Mono Basin,Parker Ck. Above Conduit Flow,5.0
2026-08-14 11:28:28,Mono Basin,Grant Lk. Spill Flow,0.0
2026-08-14 11:28:28,Mono Basin,Mono Gate 1 Return Ditch Flow,32.0
2026-08-14 11:28:28,Mono Basin,Grant Lk. Outflow,40.1
2026-08-14 11:28:28,Mono Basin,Rush Ck. at Damsite Flow,16.5
2026-08-14 11:28:28,Mono Basin,Flow to West Portal,11.8
2026-08-14 11:28:28,Long Valley,East Portal Flow,27.0
2026-08-14 11:28:28,Long Valley,OR Below EP Flow,71.0
2026-08-14 11:28:28,Long Valley,Hot Ck.at Hwy. Flow,7.0
2026-08-14 11:28:28,Long Valley,McGee Ck. Lower Sta. Flow,19.8
2026-08-14 11:28:28,Long Valley,Long Valley Current Outflow,0.1
2026-08-14 11:28:28,Long Valley,Rock Ck. Div. Flow,0.0
2026-08-14 11:28:28,Long Valley,Upper Gorge Total Release,41.5
2026-08-14 11:28:28,Long Valley,Release at Middle Gorge,0.0
2026-08-14 11:28:28,Northern Owens Valley,Rock Ck. At Owens River (PV) Flow,31.0
2026-08-14 11:28:28,Northern Owens Valley,Pleasant Valley Outflow,501.5
2026-08-14 11:28:28,Northern Owens Valley,Baker Ck. At LA Station Flow,9.2
2026-08-14 11:28:28,Northern Owens Valley,Big Pine Ck. USGS Flow,56.7
2026-08-14 11:28:28,Northern Owens Valley,O.R. Below Big Pine,519.8
2026-08-14 11:28:28,Northern Owens Valley,Fish Springs At RR Flow,39.2
2026-08-14 11:28:28,Northern Owens Valley,Tinemaha Reservoir Outflow,505.3
2026-08-14 11:28:28,Northern Owens Valley,Bishop Creek Through Plant 6,107.7
2026-08-14 11:28:28,Northern Owens Valley,Bishop Creek Around Plant 6,14.1
2026-08-14 11:28:28,Southern Owens Valley,Tinemaha Reservoir Outflow,505.3
2026-08-14 11:28:28,Southern Owens Valley,Indep. Ck. At Junction Flow,7.6
2026-08-14 11:28:28,Southern Owens Valley,LAA at Alabama Flow,403.0
2026-08-14 11:28:28,Southern Owens Valley,Cottonwood Ck. At LAA Flow,5.0
2026-08-14 11:28:28,Southern Owens Valley,LAA at Cottonwood Flow,496.0
2026-08-14 11:28:28,Southern Owens Valley,Haiwee LAA #1 Current Flow,0.0
2026-08-14 11:28:28,Southern Owens Valley,Haiwee LAA #2 Current Flow,99.6
2026-08-14 11:28:28,Southern Owens Valley,Reinhackel Flow,2.9
2026-08-14 11:28:28,Southern Owens Valley,Lubkin Spillgate Outflow,0.0
2026-08-14 11:28:28,Southern Owens Valley,Cartago Spillgate Outflow,2.4
2026-08-14 11:28:28,Southern Owens Valley,Lone Pine Creek Flow,13.0
2026-08-14 11:28:28,Lower Owens River Project,LORP Intake Flow,87.0
2026-08-14 11:28:28,Lower Owens River Project,LORP at Mazourka Canyon Road,0.0
2026-08-14 11:28:28,Lower Owens River Project,LORP at Reinhackle Springs,74.0
2026-08-14 11:28:28,Lower Owens River Project,LORP Above Pumpstation,53.0
2026-08-14 11:28:28,Lower Owens River Project,LORP At Pump Station Discharge Flow,49.0
2026-08-14 11:28:28,Southern District,Haiwee LAA #2 Current Flow,99.6
2026-08-14 11:28:28,Southern District,Haiwee LAA #1 Current Flow,0.0
2026-08-14 11:28:28,Southern District,LAA #1 Flow at Fairmont Reservoir,253.0
2026-08-14 11:28:28,Southern District,LAA #2 Flow at Fairmont Res.,98.8
2026-08-14 11:28:28,Southern District,Bouquet Reservoir Inflow,0.0
2026-08-14 11:28:28,Southern District,Bouquet Reservoir Outflow,131.1
2026-08-14 11:28:28,Southern District,LAA #1 at Soledad Flow,0.0
2026-08-14 11:28:28,Southern District,LAA #2 at Soledad Flow,187.3
2026-08-14 11:28:29,Mono Basin,Mono Lk. Elevation,6382.4
2026-08-14 11:28:29,Mono Basin,Grant Lk. Elevation,7129.7
2026-08-14 11:28:29,Long Valley,Long Valley Elevation,6772.8
2026-08-14 11:28:29,Northern Owens Valley,Pleasant Valley Elevation,4386.8
2026-08-14 11:28:29,Northern Owens Valley,Tinemaha Elevation,3861.8
2026-08-14 11:28:29,Southern Owens Valley,Tinemaha Elevation,3861.8
2026-08-14 11:28:29,Southern Owens Valley,LAA at Alabama Level,7.8
2026-08-14 11:28:29,Southern Owens Valley,LAA at Alabama Water Temp,69.0
2026-08-14 11:28:29,Southern Owens Valley,LAA at Cottonwood Level,9.3
2026-08-14 11:28:29,Southern Owens Valley,LAA at Cotton. Water Temp,70.4
2026-08-14 11:28:29,Southern Owens Valley,N. Haiwee Elevation,3757.2
2026-08-14 11:28:29,Southern Owens Valley,S. Haiwee Reservoir Elevation,3723.3
2026-08-14 11:28:29,Southern District,S. Haiwee Reservoir Elevation,3723.3
2026-08-14 11:28:29,Southern District,Fairmont Reservoir Elevation,3024.6
2026-08-14 11:28:29,Southern District,Bouquet Reservoir Elevation,2983.6
2026-08-14 11:43:29,Mono Basin,Lee Vining Intake Above Flow,56.8
2026-08-14 11:43:29,Mono Basin,Lee Vining Intake Below Flow,30.5
2026-08-14 11:43:29,Mono Basin,Walker Ck. Above Conduit Flow,0.0
2026-08-14 11:43:29,Mono Basin,L.V. Conduit Below Intake Flow,25.4
2026-08-14 11:43:29,Mono Basin,Walker Ck. Under Conduit Flow,10.0
2026-08-14 11:43:29,Mono Basin,Parker Ck. Under Conduit Flow,0.0
2026-08-14 11:43:29,Mono Basin,Parker Ck. Above Conduit Flow,5.0
2026-08-14 11:43:29,Mono Basin,Grant Lk. Spill Flow,0.0
2026-08-14 11:43:29,Mono Basin,Mono Gate 1 Return Ditch Flow,32.0
2026-08-14 11:43:29,Mono Basin,Grant Lk. Outflow,40.1
2026-08-14 11:43:29,Mono Basin,Rush Ck. at Damsite Flow,16.5
2026-08-14 11:43:29,Mono Basin,Flow to West Portal,11.8
2026-08-14 11:43:29,Long Valley,East Portal Flow,27.0
2026-08-14 11:43:29,Long Valley,OR Below EP Flow,71.0
2026-08-14 11:43:29,Long Valley,Hot Ck.at Hwy. Flow,7.0
2026-08-14 11:43:29,Long Valley,McGee Ck. Lower Sta. Flow,19.8
2026-08-14 11:43:29,Long Valley,Long Valley Current Outflow,0.1
2026-08-14 11:43:29,Long Valley,Rock Ck. Div. Flow,0.0
2026-08-14 11:43:29,Long Valley,Upper Gorge Total Release,41.5
2026-08-14 11:43:29,Long Valley,Release at Middle Gorge,0.0
2026-08-14 11:43:29,Northern Owens Valley,Rock Ck. At Owens River (PV) Flow,31.0
2026-08-14 11:43:29,Northern Owens Valley,Pleasant Valley Outflow,500.0
2026-08-14 11:43:29,Northern Owens Valley,Baker Ck. At LA Station Flow,9.2
2026-08-14 11:43:29,Northern Owens Valley,Big Pine Ck. USGS Flow,56.7
2026-08-14 11:43:29,Northern Owens Valley,O.R. Below Big Pine,520.1
2026-08-14 11:43:29,Northern Owens Valley,Fish Springs At RR Flow,39.2
2026-08-14 11:43:29,Northern Owens Valley,Tinemaha Reservoir Outflow,505.3
2026-08-14 11:43:29,Northern Owens Valley,Bishop Creek Through Plant 6,102.6
2026-08-14 11:43:29,Northern Owens Valley,Bishop Creek Around Plant 6,14.1
2026-08-14 11:43:29,Southern Owens Valley,Tinemaha Reservoir Outflow,505.3
2026-08-14 11:43:29,Southern Owens Valley,Indep. Ck. At Junction Flow,7.6
2026-08-14 11:43:29,Southern Owens Valley,LAA at Alabama Flow,403.0
2026-08-14 11:43:29,Southern Owens Valley,Cottonwood Ck. At LAA Flow,5.0
2026-08-14 11:43:29,Southern Owens Valley,LAA at Cottonwood Flow,496.0
2026-08-14 11:43:29,Southern Owens Valley,Haiwee LAA #1 Current Flow,0.0
2026-08-14 11:43:29,Southern Owens Valley,Haiwee LAA #2 Current Flow,99.6
2026-08-14 11:43:29,Southern Owens Valley,Reinhackel Flow,2.9
2026-08-14 11:43:29,Southern Owens Valley,Lubkin Spillgate Outflow,0.0
2026-08-14 11:43:29,Southern Owens Valley,Cartago Spillgate Outflow,2.4
2026-08-14 11:43:29,Southern Owens Valley,Lone Pine Creek Flow,12.9
2026-08-14 11:43:29,Lower Owens River Project,LORP Intake Flow,81.0
2026-08-14 11:43:29,Lower Owens River Project,LORP at Mazourka Canyon Road,0.0
2026-08-14 11:43:29,Lower Owens River Project,LORP at Reinhackle Springs,74.0
2026-08-14 11:43:29,Lower Owens River Project,LORP Above Pumpstation,52.0
2026-08-14 11:43:29,Lower Owens River Project,LORP At Pump Station Discharge Flow,48.0
2026-08-14 11:43:29,Southern District,Haiwee LAA #2 Current Flow,99.6
2026-08-14 11:43:29,Southern District,Haiwee LAA #1 Current Flow,0.0
2026-08-14 11:43:29,Southern District,LAA #1 Flow at Fairmont Reservoir,252.8
2026-08-14 11:43:29,Southern District,LAA #2 Flow at Fairmont Res.,98.8
2026-08-14 11:43:29,Southern District,Bouquet Reservoir Inflow,0.0
2026-08-14 11:43:29,Southern District,Bouquet Reservoir Outflow,131.0
2026-08-14 11:43:29,Southern District,LAA #1 at Soledad Flow,0.0
2026-08-14 11:43:29,Southern District,LAA #2 at Soledad Flow,187.3
2026-08-14 11:43:30,Mono Basin,Mono Lk. Elevation,6382.4
2026-08-14 11:43:30,Mono Basin,Grant Lk. Elevation,7129.7
2026-08-14 11:43:30,Long Valley,Long Valley Elevation,6772.8
2026-08-14 11:43:30,Northern Owens Valley,Pleasant Valley Elevation,4386.7
2026-08-14 11:43:30,Southern Owens Valley,LAA at Alabama Level,7.8
2026-08-14 11:43:30,Southern Owens Valley,LAA at Alabama Water Temp,69.0
2026-08-14 11:43:30,Southern Owens Valley,LAA at Cottonwood Level,9.3
2026-08-14 11:43:30,Southern Owens Valley,LAA at Cotton. Water Temp,70.6
2026-08-14 11:43:30,Southern Owens Valley,N. Haiwee Elevation,3757.2
2026-08-14 11:43:30,Southern Owens Valley,S. Haiwee Reservoir Elevation,3723.3
2026-08-14 11:43:30,Southern District,S. Haiwee Reservoir Elevation,3723.3
2026-08-14 11:43:30,Southern District,Fairmont Reservoir Elevation,3024.5
2026-08-14 11:43:30,Southern District,Bouquet Reservoir Elevation,2983.6
2026-08-14 11:58:28,Mono Basin,Lee Vining Intake Above Flow,56.8
2026-08-14 11:58:28,Mono Basin,Lee Vining Intake Below Flow,30.5
2026-08-14 11:58:28,Mono Basin,Walker Ck. Above Conduit Flow,0.0
2026-08-14 11:58:28,Mono Basin,L.V. Conduit Below Intake Flow,25.4
2026-08-14 11:58:28,Mono Basin,Walker Ck. Under Conduit Flow,10.0
2026-08-14 11:58:28,Mono Basin,Parker Ck. Under Conduit Flow,0.0
2026-08-14 11:58:28,Mono Basin,Parker Ck. Above Conduit Flow,5.0
2026-08-14 11:58:28,Mono Basin,Grant Lk. Spill Flow,0.0
2026-08-14 11:58:28,Mono Basin,Mono Gate 1 Return Ditch Flow,32.0
2026-08-14 11:58:28,Mono Basin,Grant Lk. Outflow,40.1
2026-08-14 11:58:28,Mono Basin,Rush Ck. at Damsite Flow,16.5
2026-08-14 11:58:28,Mono Basin,Flow to West Portal,11.8
2026-08-14 11:58:28,Long Valley,East Portal Flow,27.0
2026-08-14 11:58:28,Long Valley,OR Below EP Flow,71.0
2026-08-14 11:58:28,Long Valley,Hot Ck.at Hwy. Flow,7.0
2026-08-14 11:58:28,Long Valley,McGee Ck. Lower Sta. Flow,19.8
2026-08-14 11:58:28,Long Valley,Long Valley Current Outflow,0.1
2026-08-14 11:58:28,Long Valley,Rock Ck. Div. Flow,0.0
2026-08-14 11:58:28,Long Valley,Upper Gorge Total Release,41.4
2026-08-14 11:58:28,Long Valley,Release at Middle Gorge,0.0
2026-08-14 11:58:28,Northern Owens Valley,Rock Ck. At Owens River (PV) Flow,31.0
2026-08-14 11:58:28,Northern Owens Valley,Pleasant Valley Outflow,499.3
2026-08-14 11:58:28,Northern Owens Valley,Baker Ck. At LA Station Flow,9.2
2026-08-14 11:58:28,Northern Owens Valley,Big Pine Ck. USGS Flow,56.7
2026-08-14 11:58:28,Northern Owens Valley,O.R. Below Big Pine,520.1
2026-08-14 11:58:28,Northern Owens Valley,Fish Springs At RR Flow,39.2
2026-08-14 11:58:28,Northern Owens Valley,Tinemaha Reservoir Outflow,505.3
2026-08-14 11:58:28,Northern Owens Valley,Bishop Creek Through Plant 6,105.1
2026-08-14 11:58:28,Northern Owens Valley,Bishop Creek Around Plant 6,14.1
2026-08-14 11:58:28,Southern Owens Valley,Tinemaha Reservoir Outflow,505.3
2026-08-14 11:58:28,Southern Owens Valley,Indep. Ck. At Junction Flow,7.6
2026-08-14 11:58:28,Southern Owens Valley,LAA at Alabama Flow,403.0
2026-08-14 11:58:28,Southern Owens Valley,Cottonwood Ck. At LAA Flow,5.0
2026-08-14 11:58:28,Southern Owens Valley,LAA at Cottonwood Flow,496.0
2026-08-14 11:58:28,Southern Owens Valley,Haiwee LAA #1 Current Flow,0.0
2026-08-14 11:58:28,Southern Owens Valley,Haiwee LAA #2 Current Flow,99.6
2026-08-14 11:58:28,Southern Owens Valley,Reinhackel Flow,2.9
2026-08-14 11:58:28,Southern Owens Valley,Lubkin Spillgate Outflow,0.0
2026-08-14 11:58:28,Southern Owens Valley,Cartago Spillgate Outflow,0.0
2026-08-14 11:58:28,Southern Owens Valley,Lone Pine Creek Flow,12.9
2026-08-14 11:58:28,Lower Owens River Project,LORP Intake Flow,81.0
2026-08-14 11:58:28,Lower Owens River Project,LORP at Mazourka Canyon Road,0.0
2026-08-14 11:58:28,Lower Owens River Project,LORP at Reinhackle Springs,74.0
2026-08-14 11:58:28,Lower Owens River Project,LORP Above Pumpstation,52.0
2026-08-14 11:58:28,Lower Owens River Project,LORP At Pump Station Discharge Flow,49.0
2026-08-14 11:58:28,Southern District,Haiwee LAA #2 Current Flow,99.6
2026-08-14 11:58:28,Southern District,Haiwee LAA #1 Current Flow,0.0
2026-08-14 11:58:28,Southern District,LAA #1 Flow at Fairmont Reservoir,251.7
2026-08-14 11:58:28,Southern District,LAA #2 Flow at Fairmont Res.,98.9
2026-08-14 11:58:28,Southern District,Bouquet Reservoir Inflow,0.0
2026-08-14 11:58:28,Southern District,Bouquet Reservoir Outflow,136.0
2026-08-14 11:58:28,Southern District,LAA #1 at Soledad Flow,0.0
2026-08-14 11:58:28,Southern District,LAA #2 at Soledad Flow,187.3
2026-08-14 11:58:29,Mono Basin,Mono Lk. Elevation,6382.4
2026-08-14 11:58:29,Mono Basin,Grant Lk. Elevation,7129.7
2026-08-14 11:58:29,Long Valley,Long Valley Elevation,6772.8
2026-08-14 11:58:29,Northern Owens Valley,Pleasant Valley Elevation,4386.6
2026-08-14 11:58:29,Northern Owens Valley,Tinemaha Elevation,3861.8
2026-08-14 11:58:29,Southern Owens Valley,Tinemaha Elevation,3861.8
2026-08-14 11:58:29,Southern Owens Valley,LAA at Alabama Level,7.8
2026-08-14 11:58:29,Southern Owens Valley,LAA at Alabama Water Temp,69.0
2026-08-14 11:58:29,Southern Owens Valley,LAA at Cottonwood Level,9.3
2026-08-14 11:58:29,Southern Owens Valley,LAA at Cotton. Water Temp,70.7
2026-08-14 11:58:29,Southern Owens Valley,N. Haiwee Elevation,3757.2
2026-08-14 11:58:29,Southern Owens Valley,S. Haiwee Reservoir Elevation,3723.3
2026-08-14 11:58:29,Southern District,S. Haiwee Reservoir Elevation,3723.3
2026-08-14 11:58:29,Southern District,Fairmont Reservoir Elevation,3024.5
2026-08-14 11:58:29,Southern District,Bouquet Reservoir Elevation,2983.6
2026-08-14 12:13:28,Mono Basin,Lee Vining Intake Above Flow,56.2
2026-08-14 12:13:28,Mono Basin,Lee Vining Intake Below Flow,30.2
2026-08-14 12:13:28,Mono Basin,Walker Ck. Above Conduit Flow,0.0
2026-08-14 12:13:28,Mono Basin,L.V. Conduit Below Intake Flow,25.4
2026-08-14 12:13:28,Mono Basin,Walker Ck. Under Conduit Flow,10.0
2026-08-14 12:13:28,Mono Basin,Parker Ck. Under Conduit Flow,0.0
2026-08-14 12:13:28,Mono Basin,Parker Ck. Above Conduit Flow,5.0
2026-08-14 12:13:28,Mono Basin,Grant Lk. Spill Flow,0.0
2026-08-14 12:13:28,Mono Basin,Mono Gate 1 Return Ditch Flow,32.0
2026-08-14 12:13:28,Mono Basin,Grant Lk. Outflow,40.1
2026-08-14 12:13:28,Mono Basin,Rush Ck. at Damsite Flow,16.5
2026-08-14 12:13:28,Mono Basin,Flow to West Portal,8.0
2026-08-14 12:13:28,Long Valley,East Portal Flow,27.0
2026-08-14 12:13:28,Long Valley,OR Below EP Flow,71.0
2026-08-14 12:13:28,Long Valley,Hot Ck.at Hwy. Flow,7.0
2026-08-14 12:13:28,Long Valley,McGee Ck. Lower Sta. Flow,18.1
2026-08-14 12:13:28,Long Valley,Long Valley Current Outflow,0.1
2026-08-14 12:13:28,Long Valley,Rock Ck. Div. Flow,0.0
2026-08-14 12:13:28,Long Valley,Upper Gorge Total Release,42.2
2026-08-14 12:13:28,Long Valley,Release at Middle Gorge,0.0
2026-08-14 12:13:28,Northern Owens Valley,Rock Ck. At Owens River (PV) Flow,31.0
2026-08-14 12:13:28,Northern Owens Valley,Pleasant Valley Outflow,498.0
2026-08-14 12:13:28,Northern Owens Valley,Baker Ck. At LA Station Flow,8.6
2026-08-14 12:13:28,Northern Owens Valley,Big Pine Ck. USGS Flow,56.7
2026-08-14 12:13:28,Northern Owens Valley,O.R. Below Big Pine,519.8
2026-08-14 12:13:28,Northern Owens Valley,Fish Springs At RR Flow,39.2
2026-08-14 12:13:28,Northern Owens Valley,Tinemaha Reservoir Outflow,504.4
2026-08-14 12:13:28,Northern Owens Valley,Bishop Creek Through Plant 6,106.2
2026-08-14 12:13:28,Northern Owens Valley,Bishop Creek Around Plant 6,13.7
2026-08-14 12:13:28,Southern Owens Valley,Tinemaha Reservoir Outflow,504.4
2026-08-14 12:13:28,Southern Owens Valley,Indep. Ck. At Junction Flow,7.6
2026-08-14 12:13:28,Southern Owens Valley,LAA at Alabama Flow,403.0
2026-08-14 12:13:28,Southern Owens Valley,Cottonwood Ck. At LAA Flow,5.0
2026-08-14 12:13:28,Southern Owens Valley,LAA at Cottonwood Flow,496.0
2026-08-14 12:13:28,Southern Owens Valley,Haiwee LAA #1 Current Flow,0.0
2026-08-14 12:13:28,Southern Owens Valley,Haiwee LAA #2 Current Flow,99.6
2026-08-14 12:13:28,Southern Owens Valley,Reinhackel Flow,2.9
2026-08-14 12:13:28,Southern Owens Valley,Lubkin Spillgate Outflow,0.0
2026-08-14 12:13:28,Southern Owens Valley,Cartago Spillgate Outflow,0.0
2026-08-14 12:13:28,Southern Owens Valley,Lone Pine Creek Flow,12.8
2026-08-14 12:13:28,Lower Owens River Project,LORP Intake Flow,81.0
2026-08-14 12:13:28,Lower Owens River Project,LORP at Mazourka Canyon Road,0.0
2026-08-14 12:13:28,Lower Owens River Project,LORP at Reinhackle Springs,74.0
2026-08-14 12:13:28,Lower Owens River Project,LORP Above Pumpstation,51.0
2026-08-14 12:13:28,Lower Owens River Project,LORP At Pump Station Discharge Flow,48.0
2026-08-14 12:13:28,Southern District,Haiwee LAA #2 Current Flow,99.6
2026-08-14 12:13:28,Southern District,Haiwee LAA #1 Current Flow,0.0
2026-08-14 12:13:28,Southern District,LAA #1 Flow at Fairmont Reservoir,252.8
2026-08-14 12:13:28,Southern District,LAA #2 Flow at Fairmont Res.,109.2
2026-08-14 12:13:28,Southern District,Bouquet Reservoir Inflow,0.0
2026-08-14 12:13:28,Southern District,Bouquet Reservoir Outflow,104.7
2026-08-14 12:13:28,Southern District,LAA #1 at Soledad Flow,0.0
2026-08-14 12:13:28,Southern District,LAA #2 at Soledad Flow,187.3
2026-08-14 12:13:29,Mono Basin,Mono Lk. Elevation,6382.4
2026-08-14 12:13:29,Mono Basin,Grant Lk. Elevation,7129.7
2026-08-14 12:13:29,Long Valley,Long Valley Elevation,6772.8
2026-08-14 12:13:29,Northern Owens Valley,Pleasant Valley Elevation,4386.6
2026-08-14 12:13:29,Southern Owens Valley,LAA at Alabama Level,7.8
2026-08-14 12:13:29,Southern Owens Valley,LAA at Alabama Water Temp,69.5
2026-08-14 12:13:29,Southern Owens Valley,LAA at Cottonwood Level,9.3
2026-08-14 12:13:29,Southern Owens Valley,LAA at Cotton. Water Temp,70.8
2026-08-14 12:13:29,Southern Owens Valley,N. Haiwee Elevation,3757.2
2026-08-14 12:13:29,Southern Owens Valley,S. Haiwee Reservoir Elevation,3723.3
2026-08-14 12:13:29,Southern District,S. Haiwee Reservoir Elevation,3723.3
2026-08-14 12:13:29,Southern District,Fairmont Reservoir Elevation,3024.4
2026-08-14 12:13:29,Southern District,Bouquet Reservoir Elevation,2983.6
2026-08-14 12:28:28,Mono Basin,Lee Vining Intake Above Flow,56.2
2026-08-14 12:28:28,Mono Basin,Lee Vining Intake Below Flow,30.2
2026-08-14 12:28:28,Mono Basin,Walker Ck. Above Conduit Flow,0.0
2026-08-14 12:28:28,Mono Basin,L.V. Conduit Below Intake Flow,25.4
2026-08-14 12:28:28,Mono Basin,Walker Ck. Under Conduit Flow,9.0
2026-08-14 12:28:28,Mono Basin,Parker Ck. Under Conduit Flow,0.0
2026-08-14 12:28:28,Mono Basin,Parker Ck. Above Conduit Flow,5.0
2026-08-14 12:28:28,Mono Basin,Grant Lk. Spill Flow,0.0
2026-08-14 12:28:28,Mono Basin,Mono Gate 1 Return Ditch Flow,32.2
2026-08-14 12:28:28,Mono Basin,Grant Lk. Outflow,39.7
2026-08-14 12:28:28,Mono Basin,Rush Ck. at Damsite Flow,16.5
2026-08-14 12:28:28,Mono Basin,Flow to West Portal,8.0
2026-08-14 12:28:28,Long Valley,East Portal Flow,27.0
2026-08-14 12:28:28,Long Valley,OR Below EP Flow,71.0
2026-08-14 12:28:28,Long Valley,Hot Ck.at Hwy. Flow,7.0
2026-08-14 12:28:28,Long Valley,McGee Ck. Lower Sta. Flow,18.1
2026-08-14 12:28:28,Long Valley,Long Valley Current Outflow,0.1
2026-08-14 12:28:28,Long Valley,Rock Ck. Div. Flow,0.0
2026-08-14 12:28:28,Long Valley,Upper Gorge Total Release,41.5
2026-08-14 12:28:28,Long Valley,Release at Middle Gorge,0.0
2026-08-14 12:28:28,Northern Owens Valley,Rock Ck. At Owens River (PV) Flow,31.0
2026-08-14 12:28:28,Northern Owens Valley,Pleasant Valley Outflow,497.4
2026-08-14 12:28:28,Northern Owens Valley,Baker Ck. At LA Station Flow,8.6
2026-08-14 12:28:28,Northern Owens Valley,Big Pine Ck. USGS Flow,50.5
2026-08-14 12:28:28,Northern Owens Valley,O.R. Below Big Pine,517.4
2026-08-14 12:28:28,Northern Owens Valley,Fish Springs At RR Flow,41.8
2026-08-14 12:28:28,Northern Owens Valley,Tinemaha Reservoir Outflow,504.4
2026-08-14 12:28:28,Northern Owens Valley,Bishop Creek Through Plant 6,106.2
2026-08-14 12:28:28,Northern Owens Valley,Bishop Creek Around Plant 6,13.7
2026-08-14 12:28:28,Southern Owens Valley,Tinemaha Reservoir Outflow,504.4
2026-08-14 12:28:28,Southern Owens Valley,Indep. Ck. At Junction Flow,7.6
2026-08-14 12:28:28,Southern Owens Valley,LAA at Alabama Flow,404.0
2026-08-14 12:28:28,Southern Owens Valley,Cottonwood Ck. At LAA Flow,5.0
2026-08-14 12:28:28,Southern Owens Valley,LAA at Cottonwood Flow,496.0
2026-08-14 12:28:28,Southern Owens Valley,Haiwee LAA #1 Current Flow,0.0
2026-08-14 12:28:28,Southern Owens Valley,Haiwee LAA #2 Current Flow,99.6
2026-08-14 12:28:28,Southern Owens Valley,Reinhackel Flow,2.9
2026-08-14 12:28:28,Southern Owens Valley,Lubkin Spillgate Outflow,0.0
2026-08-14 12:28:28,Southern Owens Valley,Cartago Spillgate Outflow,0.0
2026-08-14 12:28:28,Southern Owens Valley,Lone Pine Creek Flow,12.8
2026-08-14 12:28:28,Lower Owens River Project,LORP Intake Flow,81.0
2026-08-14 12:28:28,Lower Owens River Project,LORP at Mazourka Canyon Road,0.0
2026-08-14 12:28:28,Lower Owens River Project,LORP at Reinhackle Springs,72.0
2026-08-14 12:28:28,Lower Owens River Project,LORP Above Pumpstation,51.0
2026-08-14 12:28:28,Lower Owens River Project,LORP At Pump Station Discharge Flow,48.0
2026-08-14 12:28:28,Southern District,Haiwee LAA #2 Current Flow,99.6
2026-08-14 12:28:28,Southern District,Haiwee LAA #1 Current Flow,0.0
2026-08-14 12:28:28,Southern District,LAA #1 Flow at Fairmont Reservoir,253.1
2026-08-14 12:28:28,Southern District,LAA #2 Flow at Fairmont Res.,112.3
2026-08-14 12:28:28,Southern District,Bouquet Reservoir Inflow,0.0
2026-08-14 12:28:28,Southern District,Bouquet Reservoir Outflow,99.5
2026-08-14 12:28:28,Southern District,LAA #1 at Soledad Flow,0.0
2026-08-14 12:28:28,Southern District,LAA #2 at Soledad Flow,187.3
2026-08-14 12:28:29,Mono Basin,Mono Lk. Elevation,6382.4
2026-08-14 12:28:29,Mono Basin,Grant Lk. Elevation,7129.7
2026-08-14 12:28:29,Long Valley,Long Valley Elevation,6772.8
2026-08-14 12:28:29,Northern Owens Valley,Pleasant Valley Elevation,4386.5
2026-08-14 12:28:29,Northern Owens Valley,Tinemaha Elevation,3861.8
2026-08-14 12:28:29,Southern Owens Valley,Tinemaha Elevation,3861.8
2026-08-14 12:28:29,Southern Owens Valley,LAA at Alabama Level,7.8
2026-08-14 12:28:29,Southern Owens Valley,LAA at Alabama Water Temp,69.7
2026-08-14 12:28:29,Southern Owens Valley,LAA at Cottonwood Level,9.3
2026-08-14 12:28:29,Southern Owens Valley,LAA at Cotton. Water Temp,70.8
2026-08-14 12:28:29,Southern Owens Valley,N. Haiwee Elevation,3757.2
2026-08-14 12:28:29,Southern Owens Valley,S. Haiwee Reservoir Elevation,3723.3
2026-08-14 12:28:29,Southern District,S. Haiwee Reservoir Elevation,3723.3
2026-08-14 12:28:29,Southern District,Fairmont Reservoir Elevation,3024.4
2026-08-14 12:28:29,Southern District,Bouquet Reservoir Elevation,2983.5
2026-08-14 12:43:30,Mono Basin,Lee Vining Intake Above Flow,56.5
2026-08-14 12:43:30,Mono Basin,Lee Vining Intake Below Flow,30.3
2026-08-14 12:43:30,Mono Basin,Mono Lk. Elevation,6382.4
2026-08-14 12:43:30,Mono Basin,Walker Ck. Above Conduit Flow,0.0
2026-08-14 12:43:30,Mono Basin,L.V. Conduit Below Intake Flow,25.5
2026-08-14 12:43:30,Mono Basin,Walker Ck. Under Conduit Flow,9.0
2026-08-14 12:43:30,Mono Basin,Parker Ck. Under Conduit Flow,0.0
2026-08-14 12:43:30,Mono Basin,Parker Ck. Above Conduit Flow,5.0
2026-08-14 12:43:30,Mono Basin,Grant Lk. Spill Flow,0.0
2026-08-14 12:43:30,Mono Basin,Mono Gate 1 Return Ditch Flow,32.3
2026-08-14 12:43:30,Mono Basin,Grant Lk. Elevation,7129.7
2026-08-14 12:43:30,Mono Basin,Grant Lk. Outflow,39.6
2026-08-14 12:43:30,Mono Basin,Rush Ck. at Damsite Flow,16.5
2026-08-14 12:43:30,Mono Basin,Flow to West Portal,8.0
2026-08-14 12:43:30,Long Valley,East Portal Flow,27.0
2026-08-14 12:43:30,Long Valley,OR Below EP Flow,71.0
2026-08-14 12:43:30,Long Valley,Hot Ck.at Hwy. Flow,7.0
2026-08-14 12:43:30,Long Valley,McGee Ck. Lower Sta. Flow,18.1
2026-08-14 12:43:30,Long Valley,Long Valley Elevation,6772.8
2026-08-14 12:43:30,Long Valley,Long Valley Current Outflow,0.1
2026-08-14 12:43:30,Long Valley,Rock Ck. Div. Flow,0.0
2026-08-14 12:43:30,Long Valley,Upper Gorge Total Release,41.6
2026-08-14 12:43:30,Long Valley,Release at Middle Gorge,0.0
2026-08-14 12:43:30,Northern Owens Valley,Rock Ck. At Owens River (PV) Flow,31.0
2026-08-14 12:43:30,Northern Owens Valley,Pleasant Valley Elevation,4386.4
2026-08-14 12:43:30,Northern Owens Valley,Pleasant Valley Outflow,496.8
2026-08-14 12:43:30,Northern Owens Valley,Baker Ck. At LA Station Flow,8.6
2026-08-14 12:43:30,Northern Owens Valley,Big Pine Ck. USGS Flow,50.5
2026-08-14 12:43:30,Northern Owens Valley,O.R. Below Big Pine,519.0
2026-08-14 12:43:30,Northern Owens Valley,Fish Springs At RR Flow,41.8
2026-08-14 12:43:30,Northern Owens Valley,Tinemaha Reservoir Outflow,504.4
2026-08-14 12:43:30,Northern Owens Valley,Bishop Creek Through Plant 6,105.8
2026-08-14 12:43:30,Northern Owens Valley,Bishop Creek Around Plant 6,13.4
2026-08-14 12:43:30,Southern Owens Valley,Tinemaha Reservoir Outflow,504.4
2026-08-14 12:43:30,Southern Owens Valley,Indep. Ck. At Junction Flow,7.4
2026-08-14 12:43:30,Southern Owens Valley,LAA at Alabama Flow,404.0
2026-08-14 12:43:30,Southern Owens Valley,LAA at Alabama Level,7.8
2026-08-14 12:43:30,Southern Owens Valley,LAA at Alabama Water Temp,69.7
2026-08-14 12:43:30,Southern Owens Valley,Cottonwood Ck. At LAA Flow,5.0
2026-08-14 12:43:30,Southern Owens Valley,LAA at Cottonwood Flow,496.0
2026-08-14 12:43:30,Southern Owens Valley,LAA at Cottonwood Level,9.3
2026-08-14 12:43:30,Southern Owens Valley,LAA at Cotton. Water Temp,71.1
2026-08-14 12:43:30,Southern Owens Valley,N. Haiwee Elevation,3757.2
2026-08-14 12:43:30,Southern Owens Valley,S. Haiwee Reservoir Elevation,3723.3
2026-08-14 12:43:30,Southern Owens Valley,Haiwee LAA #1 Current Flow,0.0
2026-08-14 12:43:30,Southern Owens Valley,Haiwee LAA #2 Current Flow,99.6
2026-08-14 12:43:30,Southern Owens Valley,Reinhackel Flow,2.9
2026-08-14 12:43:30,Southern Owens Valley,Lubkin Spillgate Outflow,0.0
2026-08-14 12:43:30,Southern Owens Valley,Cartago Spillgate Outflow,0.0
2026-08-14 12:43:30,Southern Owens Valley,Lone Pine Creek Flow,12.8
2026-08-14 12:43:30,Lower Owens River Project,LORP Intake Flow,81.0
2026-08-14 12:43:30,Lower Owens River Project,LORP at Mazourka Canyon Road,0.0
2026-08-14 12:43:30,Lower Owens River Project,LORP at Reinhackle Springs,72.0
2026-08-14 12:43:30,Lower Owens River Project,LORP Above Pumpstation,50.0
2026-08-14 12:43:30,Lower Owens River Project,LORP At Pump Station Discharge Flow,47.0
2026-08-14 12:43:30,Southern District,Haiwee LAA #2 Current Flow,99.6
2026-08-14 12:43:30,Southern District,S. Haiwee Reservoir Elevation,3723.3
2026-08-14 12:43:30,Southern District,Haiwee LAA #1 Current Flow,0.0
2026-08-14 12:43:30,Southern District,Fairmont Reservoir Elevation,3024.4
2026-08-14 12:43:30,Southern District,LAA #1 Flow at Fairmont Reservoir,252.4
2026-08-14 12:43:30,Southern District,LAA #2 Flow at Fairmont Res.,114.8
2026-08-14 12:43:30,Southern District,Bouquet Reservoir Elevation,2983.5
2026-08-14 12:43:30,Southern District,Bouquet Reservoir Inflow,0.0
2026-08-14 12:43:30,Southern District,Bouquet Reservoir Outflow,104.5
2026-08-14 12:43:30,Southern District,LAA #1 at Soledad Flow,0.0
2026-08-14 12:43:30,Southern District,LAA #2 at Soledad Flow,187.3
2026-08-14 12:58:28,Mono Basin,Lee Vining Intake Above Flow,56.5
2026-08-14 12:58:28,Mono Basin,Lee Vining Intake Below Flow,30.3
2026-08-14 12:58:28,Mono Basin,Mono Lk. Elevation,6382.4
2026-08-14 12:58:28,Mono Basin,Walker Ck. Above Conduit Flow,0.0
2026-08-14 12:58:28,Mono Basin,L.V. Conduit Below Intake Flow,25.5
2026-08-14 12:58:28,Mono Basin,Walker Ck. Under Conduit Flow,9.0
2026-08-14 12:58:28,Mono Basin,Parker Ck. Under Conduit Flow,0.0
2026-08-14 12:58:28,Mono Basin,Parker Ck. Above Conduit Flow,5.0
2026-08-14 12:58:28,Mono Basin,Grant Lk. Spill Flow,0.0
2026-08-14 12:58:28,Mono Basin,Mono Gate 1 Return Ditch Flow,32.3
2026-08-14 12:58:28,Mono Basin,Grant Lk. Elevation,7129.7
2026-08-14 12:58:28,Mono Basin,Grant Lk. Outflow,39.6
2026-08-14 12:58:28,Mono Basin,Rush Ck. at Damsite Flow,16.5
2026-08-14 12:58:28,Mono Basin,Flow to West Portal,8.0
2026-08-14 12:58:28,Long Valley,East Portal Flow,27.0
2026-08-14 12:58:28,Long Valley,OR Below EP Flow,71.0
2026-08-14 12:58:28,Long Valley,Hot Ck.at Hwy. Flow,7.0
2026-08-14 12:58:28,Long Valley,McGee Ck. Lower Sta. Flow,18.1
2026-08-14 12:58:28,Long Valley,Long Valley Elevation,6772.8
2026-08-14 12:58:28,Long Valley,Long Valley Current Outflow,0.1
2026-08-14 12:58:28,Long Valley,Rock Ck. Div. Flow,0.0
2026-08-14 12:58:28,Long Valley,Upper Gorge Total Release,41.7
2026-08-14 12:58:28,Long Valley,Release at Middle Gorge,0.0
2026-08-14 12:58:28,Northern Owens Valley,Rock Ck. At Owens River (PV) Flow,31.0
2026-08-14 12:58:28,Northern Owens Valley,Pleasant Valley Elevation,4386.3
2026-08-14 12:58:28,Northern Owens Valley,Pleasant Valley Outflow,496.3
2026-08-14 12:58:28,Northern Owens Valley,Baker Ck. At LA Station Flow,8.6
2026-08-14 12:58:28,Northern Owens Valley,Big Pine Ck. USGS Flow,49.9
2026-08-14 12:58:28,Northern Owens Valley,O.R. Below Big Pine,519.0
2026-08-14 12:58:28,Northern Owens Valley,Fish Springs At RR Flow,41.8
2026-08-14 12:58:28,Northern Owens Valley,Tinemaha Elevation,3861.8
2026-08-14 12:58:28,Northern Owens Valley,Tinemaha Reservoir Outflow,504.4
2026-08-14 12:58:28,Northern Owens Valley,Bishop Creek Through Plant 6,105.8
2026-08-14 12:58:28,Northern Owens Valley,Bishop Creek Around Plant 6,13.4
2026-08-14 12:58:28,Southern Owens Valley,Tinemaha Elevation,3861.8
2026-08-14 12:58:28,Southern Owens Valley,Tinemaha Reservoir Outflow,504.4
2026-08-14 12:58:28,Southern Owens Valley,Indep. Ck. At Junction Flow,7.4
2026-08-14 12:58:28,Southern Owens Valley,LAA at Alabama Flow,404.0
2026-08-14 12:58:28,Southern Owens Valley,LAA at Alabama Level,7.8
2026-08-14 12:58:28,Southern Owens Valley,LAA at Alabama Water Temp,70.0
2026-08-14 12:58:28,Southern Owens Valley,Cottonwood Ck. At LAA Flow,4.0
2026-08-14 12:58:28,Southern Owens Valley,LAA at Cottonwood Flow,496.0
2026-08-14 12:58:28,Southern Owens Valley,LAA at Cottonwood Level,9.3
2026-08-14 12:58:28,Southern Owens Valley,LAA at Cotton. Water Temp,71.2
2026-08-14 12:58:28,Southern Owens Valley,N. Haiwee Elevation,3757.2
2026-08-14 12:58:28,Southern Owens Valley,S. Haiwee Reservoir Elevation,3723.3
2026-08-14 12:58:28,Southern Owens Valley,Haiwee LAA #1 Current Flow,0.0
2026-08-14 12:58:28,Southern Owens Valley,Haiwee LAA #2 Current Flow,99.6
2026-08-14 12:58:28,Southern Owens Valley,Reinhackel Flow,2.9
2026-08-14 12:58:28,Southern Owens Valley,Lubkin Spillgate Outflow,0.0
2026-08-14 12:58:28,Southern Owens Valley,Cartago Spillgate Outflow,0.2
2026-08-14 12:58:28,Southern Owens Valley,Lone Pine Creek Flow,12.8
2026-08-14 12:58:28,Lower Owens River Project,LORP Intake Flow,81.0
2026-08-14 12:58:28,Lower Owens River Project,LORP at Mazourka Canyon Road,0.0
2026-08-14 12:58:28,Lower Owens River Project,LORP at Reinhackle Springs,72.0
2026-08-14 12:58:28,Lower Owens River Project,LORP Above Pumpstation,51.0
2026-08-14 12:58:28,Lower Owens River Project,LORP At Pump Station Discharge Flow,48.0
2026-08-14 12:58:28,Southern District,Haiwee LAA #2 Current Flow,99.6
2026-08-14 12:58:28,Southern District,S. Haiwee Reservoir Elevation,3723.3
2026-08-14 12:58:28,Southern District,Haiwee LAA #1 Current Flow,0.0
2026-08-14 12:58:28,Southern District,Fairmont Reservoir Elevation,3024.3
2026-08-14 12:58:28,Southern District,LAA #1 Flow at Fairmont Reservoir,252.1
2026-08-14 12:58:28,Southern District,LAA #2 Flow at Fairmont Res.,116.7
2026-08-14 12:58:28,Southern District,Bouquet Reservoir Elevation,2983.5
2026-08-14 12:58:28,Southern District,Bouquet Reservoir Inflow,0.0
2026-08-14 12:58:28,Southern District,Bouquet Reservoir Outflow,101.6
2026-08-14 12:58:28,Southern District,LAA #1 at Soledad Flow,0.0
2026-08-14 12:58:28,Southern District,LAA #2 at Soledad Flow,187.3
2026-08-14 13:13:29,Mono Basin,Lee Vining Intake Above Flow,56.7
2026-08-14 13:13:29,Mono Basin,Lee Vining Intake Below Flow,30.1
2026-08-14 13:13:29,Mono Basin,Mono Lk. Elevation,6382.4
2026-08-14 13:13:29,Mono Basin,Walker Ck. Above Conduit Flow,0.0
2026-08-14 13:13:29,Mono Basin,L.V. Conduit Below Intake Flow,25.4
2026-08-14 13:13:29,Mono Basin,Walker Ck. Under Conduit Flow,9.0
2026-08-14 13:13:29,Mono Basin,Parker Ck. Under Conduit Flow,0.0
2026-08-14 13:13:29,Mono Basin,Parker Ck. Above Conduit Flow,5.0
2026-08-14 13:13:29,Mono Basin,Grant Lk. Spill Flow,0.0
2026-08-14 13:13:29,Mono Basin,Mono Gate 1 Return Ditch Flow,32.3
2026-08-14 13:13:29,Mono Basin,Grant Lk. Elevation,7129.7
2026-08-14 13:13:29,Mono Basin,Grant Lk. Outflow,39.6
2026-08-14 13:13:29,Mono Basin,Rush Ck. at Damsite Flow,16.5
2026-08-14 13:13:29,Mono Basin,Flow to West Portal,8.0
2026-08-14 13:13:29,Long Valley,East Portal Flow,27.0
2026-08-14 13:13:29,Long Valley,OR Below EP Flow,71.0
2026-08-14 13:13:29,Long Valley,Hot Ck.at Hwy. Flow,7.0
2026-08-14 13:13:29,Long Valley,McGee Ck. Lower Sta. Flow,18.1
2026-08-14 13:13:29,Long Valley,Long Valley Elevation,6772.8
2026-08-14 13:13:29,Long Valley,Long Valley Current Outflow,0.1
2026-08-14 13:13:29,Long Valley,Rock Ck. Div. Flow,0.0
2026-08-14 13:13:29,Long Valley,Upper Gorge Total Release,41.9
2026-08-14 13:13:29,Long Valley,Release at Middle Gorge,0.0
2026-08-14 13:13:29,Northern Owens Valley,Rock Ck. At Owens River (PV) Flow,31.0
2026-08-14 13:13:29,Northern Owens Valley,Pleasant Valley Elevation,4386.2
2026-08-14 13:13:29,Northern Owens Valley,Pleasant Valley Outflow,495.8
2026-08-14 13:13:29,Northern Owens Valley,Baker Ck. At LA Station Flow,8.6
2026-08-14 13:13:29,Northern Owens Valley,Big Pine Ck. USGS Flow,49.9
2026-08-14 13:13:29,Northern Owens Valley,O.R. Below Big Pine,518.5
2026-08-14 13:13:29,Northern Owens Valley,Fish Springs At RR Flow,41.8
2026-08-14 13:13:29,Northern Owens Valley,Tinemaha Reservoir Outflow,503.6
2026-08-14 13:13:29,Northern Owens Valley,Bishop Creek Through Plant 6,106.0
2026-08-14 13:13:29,Northern Owens Valley,Bishop Creek Around Plant 6,13.0
2026-08-14 13:13:29,Southern Owens Valley,Tinemaha Reservoir Outflow,503.6
2026-08-14 13:13:29,Southern Owens Valley,Indep. Ck. At Junction Flow,7.4
2026-08-14 13:13:29,Southern Owens Valley,LAA at Alabama Flow,404.0
2026-08-14 13:13:29,Southern Owens Valley,LAA at Alabama Level,7.8
2026-08-14 13:13:29,Southern Owens Valley,LAA at Alabama Water Temp,70.0
2026-08-14 13:13:29,Southern Owens Valley,Cottonwood Ck. At LAA Flow,4.0
2026-08-14 13:13:29,Southern Owens Valley,LAA at Cottonwood Flow,496.0
2026-08-14 13:13:29,Southern Owens Valley,LAA at Cottonwood Level,9.3
2026-08-14 13:13:29,Southern Owens Valley,LAA at Cotton. Water Temp,71.3
2026-08-14 13:13:29,Southern Owens Valley,N. Haiwee Elevation,3757.2
2026-08-14 13:13:29,Southern Owens Valley,S. Haiwee Reservoir Elevation,3723.3
2026-08-14 13:13:29,Southern Owens Valley,Haiwee LAA #1 Current Flow,0.0
2026-08-14 13:13:29,Southern Owens Valley,Haiwee LAA #2 Current Flow,99.6
2026-08-14 13:13:29,Southern Owens Valley,Reinhackel Flow,2.9
2026-08-14 13:13:29,Southern Owens Valley,Lubkin Spillgate Outflow,0.0
2026-08-14 13:13:29,Southern Owens Valley,Cartago Spillgate Outflow,0.0
2026-08-14 13:13:29,Southern Owens Valley,Lone Pine Creek Flow,12.8
2026-08-14 13:13:29,Lower Owens River Project,LORP Intake Flow,81.0
2026-08-14 13:13:29,Lower Owens River Project,LORP at Mazourka Canyon Road,0.0
2026-08-14 13:13:29,Lower Owens River Project,LORP at Reinhackle Springs,72.0
2026-08-14 13:13:29,Lower Owens River Project,LORP Above Pumpstation,51.0
2026-08-14 13:13:29,Lower Owens River Project,LORP At Pump Station Discharge Flow,48.0
2026-08-14 13:13:29,Southern District,Haiwee LAA #2 Current Flow,99.6
2026-08-14 13:13:29,Southern District,S. Haiwee Reservoir Elevation,3723.3
2026-08-14 13:13:29,Southern District,Haiwee LAA #1 Current Flow,0.0
2026-08-14 13:13:29,Southern District,Fairmont Reservoir Elevation,3024.3
2026-08-14 13:13:29,Southern District,LAA #1 Flow at Fairmont Reservoir,252.7
2026-08-14 13:13:29,Southern District,LAA #2 Flow at Fairmont Res.,119.4
2026-08-14 13:13:29,Southern District,Bouquet Reservoir Elevation,2983.5
2026-08-14 13:13:29,Southern District,Bouquet Reservoir Inflow,0.0
2026-08-14 13:13:29,Southern District,Bouquet Reservoir Outflow,99.0
2026-08-14 13:13:29,Southern District,LAA #1 at Soledad Flow,0.0
2026-08-14 13:13:29,Southern District,LAA #2 at Soledad Flow,187.3
2026-08-14 13:28:28,Mono Basin,Lee Vining Intake Above Flow,56.7
2026-08-14 13:28:28,Mono Basin,Lee Vining Intake Below Flow,30.1
2026-08-14 13:28:28,Mono Basin,Walker Ck. Above Conduit Flow,0.0
2026-08-14 13:28:28,Mono Basin,L.V. Conduit Below Intake Flow,25.4
2026-08-14 13:28:28,Mono Basin,Walker Ck. Under Conduit Flow,9.0
2026-08-14 13:28:28,Mono Basin,Parker Ck. Under Conduit Flow,0.0
2026-08-14 13:28:28,Mono Basin,Parker Ck. Above Conduit Flow,5.0
2026-08-14 13:28:28,Mono Basin,Grant Lk. Spill Flow,0.0
2026-08-14 13:28:28,Mono Basin,Mono Gate 1 Return Ditch Flow,32.1
2026-08-14 13:28:28,Mono Basin,Grant Lk. Outflow,39.5
2026-08-14 13:28:28,Mono Basin,Rush Ck. at Damsite Flow,16.5
2026-08-14 13:28:28,Mono Basin,Flow to West Portal,8.0
2026-08-14 13:28:28,Long Valley,East Portal Flow,27.0
2026-08-14 13:28:28,Long Valley,OR Below EP Flow,71.0
2026-08-14 13:28:28,Long Valley,Hot Ck.at Hwy. Flow,7.0
2026-08-14 13:28:28,Long Valley,McGee Ck. Lower Sta. Flow,18.1
2026-08-14 13:28:28,Long Valley,Long Valley Current Outflow,0.1
2026-08-14 13:28:28,Long Valley,Rock Ck. Div. Flow,0.0
2026-08-14 13:28:28,Long Valley,Upper Gorge Total Release,41.5
2026-08-14 13:28:28,Long Valley,Release at Middle Gorge,0.0
2026-08-14 13:28:28,Northern Owens Valley,Rock Ck. At Owens River (PV) Flow,30.9
2026-08-14 13:28:28,Northern Owens Valley,Pleasant Valley Outflow,495.5
2026-08-14 13:28:28,Northern Owens Valley,Baker Ck. At LA Station Flow,8.6
2026-08-14 13:28:28,Northern Owens Valley,Big Pine Ck. USGS Flow,49.9
2026-08-14 13:28:28,Northern Owens Valley,O.R. Below Big Pine,519.2
2026-08-14 13:28:28,Northern Owens Valley,Fish Springs At RR Flow,41.8
2026-08-14 13:28:28,Northern Owens Valley,Tinemaha Reservoir Outflow,503.6
2026-08-14 13:28:28,Northern Owens Valley,Bishop Creek Through Plant 6,105.7
2026-08-14 13:28:28,Northern Owens Valley,Bishop Creek Around Plant 6,12.8
2026-08-14 13:28:28,Southern Owens Valley,Tinemaha Reservoir Outflow,503.6
2026-08-14 13:28:28,Southern Owens Valley,Indep. Ck. At Junction Flow,7.4
2026-08-14 13:28:28,Southern Owens Valley,LAA at Alabama Flow,404.0
2026-08-14 13:28:28,Southern Owens Valley,Cottonwood Ck. At LAA Flow,4.0
2026-08-14 13:28:28,Southern Owens Valley,LAA at Cottonwood Flow,496.0
2026-08-14 13:28:28,Southern Owens Valley,Haiwee LAA #1 Current Flow,0.0
2026-08-14 13:28:28,Southern Owens Valley,Haiwee LAA #2 Current Flow,99.6
2026-08-14 13:28:28,Southern Owens Valley,Reinhackel Flow,2.9
2026-08-14 13:28:28,Southern Owens Valley,Lubkin Spillgate Outflow,0.0
2026-08-14 13:28:28,Southern Owens Valley,Cartago Spillgate Outflow,0.0
2026-08-14 13:28:28,Southern Owens Valley,Lone Pine Creek Flow,12.8
2026-08-14 13:28:28,Lower Owens River Project,LORP Intake Flow,81.0
2026-08-14 13:28:28,Lower Owens River Project,LORP at Mazourka Canyon Road,0.0
2026-08-14 13:28:28,Lower Owens River Project,LORP at Reinhackle Springs,70.0
2026-08-14 13:28:28,Lower Owens River Project,LORP Above Pumpstation,52.0
2026-08-14 13:28:28,Lower Owens River Project,LORP At Pump Station Discharge Flow,49.0
2026-08-14 13:28:28,Southern District,Haiwee LAA #2 Current Flow,99.6
2026-08-14 13:28:28,Southern District,Haiwee LAA #1 Current Flow,0.0
2026-08-14 13:28:28,Southern District,LAA #1 Flow at Fairmont Reservoir,252.3
2026-08-14 13:28:28,Southern District,LAA #2 Flow at Fairmont Res.,120.7
2026-08-14 13:28:28,Southern District,Bouquet Reservoir Inflow,0.0
2026-08-14 13:28:28,Southern District,Bouquet Reservoir Outflow,99.0
2026-08-14 13:28:28,Southern District,LAA #1 at Soledad Flow,265.3
2026-08-14 13:28:28,Southern District,LAA #2 at Soledad Flow,187.3
2026-08-14 13:28:29,Mono Basin,Mono Lk. Elevation,6382.4
2026-08-14 13:28:29,Mono Basin,Grant Lk. Elevation,7129.8
2026-08-14 13:28:29,Long Valley,Long Valley Elevation,6772.8
2026-08-14 13:28:29,Northern Owens Valley,Pleasant Valley Elevation,4386.1
2026-08-14 13:28:29,Northern Owens Valley,Tinemaha Elevation,3861.8
2026-08-14 13:28:29,Southern Owens Valley,Tinemaha Elevation,3861.8
2026-08-14 13:28:29,Southern Owens Valley,LAA at Alabama Level,7.8
2026-08-14 13:28:29,Southern Owens Valley,LAA at Alabama Water Temp,70.0
2026-08-14 13:28:29,Southern Owens Valley,LAA at Cottonwood Level,9.3
2026-08-14 13:28:29,Southern Owens Valley,LAA at Cotton. Water Temp,71.3
2026-08-14 13:28:29,Southern Owens Valley,N. Haiwee Elevation,3757.2
2026-08-14 13:28:29,Southern Owens Valley,S. Haiwee Reservoir Elevation,3723.3
2026-08-14 13:28:29,Southern District,S. Haiwee Reservoir Elevation,3723.3
2026-08-14 13:28:29,Southern District,Fairmont Reservoir Elevation,3024.3
2026-08-14 13:28:29,Southern District,Bouquet Reservoir Elevation,2983.5
2026-08-14 13:43:30,Mono Basin,Lee Vining Intake Above Flow,55.9
2026-08-14 13:43:30,Mono Basin,Lee Vining Intake Below Flow,30.3
2026-08-14 13:43:30,Mono Basin,Mono Lk. Elevation,6382.4
2026-08-14 13:43:30,Mono Basin,Walker Ck. Above Conduit Flow,0.0
2026-08-14 13:43:30,Mono Basin,L.V. Conduit Below Intake Flow,25.2
2026-08-14 13:43:30,Mono Basin,Walker Ck. Under Conduit Flow,9.0
2026-08-14 13:43:30,Mono Basin,Parker Ck. Under Conduit Flow,0.0
2026-08-14 13:43:30,Mono Basin,Parker Ck. Above Conduit Flow,5.0
2026-08-14 13:43:30,Mono Basin,Grant Lk. Spill Flow,0.0
2026-08-14 13:43:30,Mono Basin,Mono Gate 1 Return Ditch Flow,32.1
2026-08-14 13:43:30,Mono Basin,Grant Lk. Elevation,7129.8
2026-08-14 13:43:30,Mono Basin,Grant Lk. Outflow,39.5
2026-08-14 13:43:30,Mono Basin,Rush Ck. at Damsite Flow,16.5
2026-08-14 13:43:30,Mono Basin,Flow to West Portal,8.0
2026-08-14 13:43:30,Long Valley,East Portal Flow,27.0
2026-08-14 13:43:30,Long Valley,OR Below EP Flow,71.0
2026-08-14 13:43:30,Long Valley,Hot Ck.at Hwy. Flow,7.0
2026-08-14 13:43:30,Long Valley,McGee Ck. Lower Sta. Flow,18.1
2026-08-14 13:43:30,Long Valley,Long Valley Elevation,6772.8
2026-08-14 13:43:30,Long Valley,Long Valley Current Outflow,0.1
2026-08-14 13:43:30,Long Valley,Rock Ck. Div. Flow,0.0
2026-08-14 13:43:30,Long Valley,Upper Gorge Total Release,41.9
2026-08-14 13:43:30,Long Valley,Release at Middle Gorge,0.0
2026-08-14 13:43:30,Northern Owens Valley,Rock Ck. At Owens River (PV) Flow,30.8
2026-08-14 13:43:30,Northern Owens Valley,Pleasant Valley Elevation,4386.0
2026-08-14 13:43:30,Northern Owens Valley,Pleasant Valley Outflow,494.9
2026-08-14 13:43:30,Northern Owens Valley,Baker Ck. At LA Station Flow,8.6
2026-08-14 13:43:30,Northern Owens Valley,Big Pine Ck. USGS Flow,49.9
2026-08-14 13:43:30,Northern Owens Valley,O.R. Below Big Pine,518.5
2026-08-14 13:43:30,Northern Owens Valley,Fish Springs At RR Flow,41.8
2026-08-14 13:43:30,Northern Owens Valley,Tinemaha Reservoir Outflow,503.6
2026-08-14 13:43:30,Northern Owens Valley,Bishop Creek Through Plant 6,105.7
2026-08-14 13:43:30,Northern Owens Valley,Bishop Creek Around Plant 6,12.8
2026-08-14 13:43:30,Southern Owens Valley,Tinemaha Reservoir Outflow,503.6
2026-08-14 13:43:30,Southern Owens Valley,Indep. Ck. At Junction Flow,7.4
2026-08-14 13:43:30,Southern Owens Valley,LAA at Alabama Flow,404.0
2026-08-14 13:43:30,Southern Owens Valley,LAA at Alabama Level,7.8
2026-08-14 13:43:30,Southern Owens Valley,LAA at Alabama Water Temp,70.0
2026-08-14 13:43:30,Southern Owens Valley,Cottonwood Ck. At LAA Flow,4.0
2026-08-14 13:43:30,Southern Owens Valley,LAA at Cottonwood Flow,495.0
2026-08-14 13:43:30,Southern Owens Valley,LAA at Cottonwood Level,9.3
2026-08-14 13:43:30,Southern Owens Valley,LAA at Cotton. Water Temp,71.5
2026-08-14 13:43:30,Southern Owens Valley,N. Haiwee Elevation,3757.2
2026-08-14 13:43:30,Southern Owens Valley,S. Haiwee Reservoir Elevation,3723.3
2026-08-14 13:43:30,Southern Owens Valley,Haiwee LAA #1 Current Flow,0.0
2026-08-14 13:43:30,Southern Owens Valley,Haiwee LAA #2 Current Flow,99.6
2026-08-14 13:43:30,Southern Owens Valley,Reinhackel Flow,2.9
2026-08-14 13:43:30,Southern Owens Valley,Lubkin Spillgate Outflow,0.0
2026-08-14 13:43:30,Southern Owens Valley,Cartago Spillgate Outflow,0.0
2026-08-14 13:43:30,Southern Owens Valley,Lone Pine Creek Flow,12.6
2026-08-14 13:43:30,Lower Owens River Project,LORP Intake Flow,81.0
2026-08-14 13:43:30,Lower Owens River Project,LORP at Mazourka Canyon Road,0.0
2026-08-14 13:43:30,Lower Owens River Project,LORP at Reinhackle Springs,70.0
2026-08-14 13:43:30,Lower Owens River Project,LORP Above Pumpstation,51.0
2026-08-14 13:43:30,Lower Owens River Project,LORP At Pump Station Discharge Flow,48.0
2026-08-14 13:43:30,Southern District,Haiwee LAA #2 Current Flow,99.6
2026-08-14 13:43:30,Southern District,S. Haiwee Reservoir Elevation,3723.3
2026-08-14 13:43:30,Southern District,Haiwee LAA #1 Current Flow,0.0
2026-08-14 13:43:30,Southern District,Fairmont Reservoir Elevation,3024.2
2026-08-14 13:43:30,Southern District,LAA #1 Flow at Fairmont Reservoir,252.0
2026-08-14 13:43:30,Southern District,LAA #2 Flow at Fairmont Res.,117.9
2026-08-14 13:43:30,Southern District,Bouquet Reservoir Elevation,2983.5
2026-08-14 13:43:30,Southern District,Bouquet Reservoir Inflow,0.0
2026-08-14 13:43:30,Southern District,Bouquet Reservoir Outflow,99.0
2026-08-14 13:43:30,Southern District,LAA #1 at Soledad Flow,265.3
2026-08-14 13:43:30,Southern District,LAA #2 at Soledad Flow,187.3
2026-08-14 13:58:28,Mono Basin,Lee Vining Intake Above Flow,55.9
2026-08-14 13:58:28,Mono Basin,Lee Vining Intake Below Flow,30.3
2026-08-14 13:58:28,Mono Basin,Mono Lk. Elevation,6382.4
2026-08-14 13:58:28,Mono Basin,Walker Ck. Above Conduit Flow,0.0
2026-08-14 13:58:28,Mono Basin,L.V. Conduit Below Intake Flow,25.2
2026-08-14 13:58:28,Mono Basin,Walker Ck. Under Conduit Flow,9.0
2026-08-14 13:58:28,Mono Basin,Parker Ck. Under Conduit Flow,0.0
2026-08-14 13:58:28,Mono Basin,Parker Ck. Above Conduit Flow,5.0
2026-08-14 13:58:28,Mono Basin,Grant Lk. Spill Flow,0.0
2026-08-14 13:58:28,Mono Basin,Mono Gate 1 Return Ditch Flow,32.1
2026-08-14 13:58:28,Mono Basin,Grant Lk. Elevation,7129.8
2026-08-14 13:58:28,Mono Basin,Grant Lk. Outflow,39.5
2026-08-14 13:58:28,Mono Basin,Rush Ck. at Damsite Flow,16.5
2026-08-14 13:58:28,Mono Basin,Flow to West Portal,8.0
2026-08-14 13:58:28,Long Valley,East Portal Flow,27.0
2026-08-14 13:58:28,Long Valley,OR Below EP Flow,71.0
2026-08-14 13:58:28,Long Valley,Hot Ck.at Hwy. Flow,7.0
2026-08-14 13:58:28,Long Valley,McGee Ck. Lower Sta. Flow,18.1
2026-08-14 13:58:28,Long Valley,Long Valley Elevation,6772.8
2026-08-14 13:58:28,Long Valley,Long Valley Current Outflow,0.1
2026-08-14 13:58:28,Long Valley,Rock Ck. Div. Flow,0.0
2026-08-14 13:58:28,Long Valley,Upper Gorge Total Release,41.1
2026-08-14 13:58:28,Long Valley,Release at Middle Gorge,0.0
2026-08-14 13:58:28,Northern Owens Valley,Rock Ck. At Owens River (PV) Flow,30.7
2026-08-14 13:58:28,Northern Owens Valley,Pleasant Valley Elevation,4385.9
2026-08-14 13:58:28,Northern Owens Valley,Pleasant Valley Outflow,494.9
2026-08-14 13:58:28,Northern Owens Valley,Baker Ck. At LA Station Flow,8.6
2026-08-14 13:58:28,Northern Owens Valley,Big Pine Ck. USGS Flow,49.9
2026-08-14 13:58:28,Northern Owens Valley,O.R. Below Big Pine,518.6
2026-08-14 13:58:28,Northern Owens Valley,Fish Springs At RR Flow,41.8
2026-08-14 13:58:28,Northern Owens Valley,Tinemaha Elevation,3861.8
2026-08-14 13:58:28,Northern Owens Valley,Tinemaha Reservoir Outflow,503.6
2026-08-14 13:58:28,Northern Owens Valley,Bishop Creek Through Plant 6,104.9
2026-08-14 13:58:28,Northern Owens Valley,Bishop Creek Around Plant 6,12.6
2026-08-14 13:58:28,Southern Owens Valley,Tinemaha Elevation,3861.8
2026-08-14 13:58:28,Southern Owens Valley,Tinemaha Reservoir Outflow,503.6
2026-08-14 13:58:28,Southern Owens Valley,Indep. Ck. At Junction Flow,7.4
2026-08-14 13:58:28,Southern Owens Valley,LAA at Alabama Flow,404.0
2026-08-14 13:58:28,Southern Owens Valley,LAA at Alabama Level,7.8
2026-08-14 13:58:28,Southern Owens Valley,LAA at Alabama Water Temp,70.0
2026-08-14 13:58:28,Southern Owens Valley,Cottonwood Ck. At LAA Flow,4.0
2026-08-14 13:58:28,Southern Owens Valley,LAA at Cottonwood Flow,495.0
2026-08-14 13:58:28,Southern Owens Valley,LAA at Cottonwood Level,9.3
2026-08-14 13:58:28,Southern Owens Valley,LAA at Cotton. Water Temp,71.5
2026-08-14 13:58:28,Southern Owens Valley,N. Haiwee Elevation,3757.2
2026-08-14 13:58:28,Southern Owens Valley,S. Haiwee Reservoir Elevation,3723.3
2026-08-14 13:58:28,Southern Owens Valley,Haiwee LAA #1 Current Flow,0.0
2026-08-14 13:58:28,Southern Owens Valley,Haiwee LAA #2 Current Flow,99.6
2026-08-14 13:58:28,Southern Owens Valley,Reinhackel Flow,2.9
2026-08-14 13:58:28,Southern Owens Valley,Lubkin Spillgate Outflow,0.0
2026-08-14 13:58:28,Southern Owens Valley,Cartago Spillgate Outflow,0.0
2026-08-14 13:58:28,Southern Owens Valley,Lone Pine Creek Flow,12.6
2026-08-14 13:58:28,Lower Owens River Project,LORP Intake Flow,81.0
2026-08-14 13:58:28,Lower Owens River Project,LORP at Mazourka Canyon Road,0.0
2026-08-14 13:58:28,Lower Owens River Project,LORP at Reinhackle Springs,70.0
2026-08-14 13:58:28,Lower Owens River Project,LORP Above Pumpstation,52.0
2026-08-14 13:58:28,Lower Owens River Project,LORP At Pump Station Discharge Flow,49.0
2026-08-14 13:58:28,Southern District,Haiwee LAA #2 Current Flow,99.6
2026-08-14 13:58:28,Southern District,S. Haiwee Reservoir Elevation,3723.3
2026-08-14 13:58:28,Southern District,Haiwee LAA #1 Current Flow,0.0
2026-08-14 13:58:28,Southern District,Fairmont Reservoir Elevation,3024.2
2026-08-14 13:58:28,Southern District,LAA #1 Flow at Fairmont Reservoir,251.5
2026-08-14 13:58:28,Southern District,LAA #2 Flow at Fairmont Res.,120.0
2026-08-14 13:58:28,Southern District,Bouquet Reservoir Elevation,2983.5
2026-08-14 13:58:28,Southern District,Bouquet Reservoir Inflow,0.0
2026-08-14 13:58:28,Southern District,Bouquet Reservoir Outflow,99.0
2026-08-14 13:58:28,Southern District,LAA #1 at Soledad Flow,265.3
2026-08-14 13:58:28,Southern District,LAA #2 at Soledad Flow,187.3
