date,district,source,value
2026-09-29 05:28:07,Northern Owens Valley,Tinemaha Elevation,3860.3
2026-09-29 05:28:07,Southern Owens Valley,Tinemaha Elevation,3860.3
2026-09-29 05:58:07,Northern Owens Valley,Tinemaha Elevation,3860.3
2026-09-29 05:58:07,Southern Owens Valley,Tinemaha Elevation,3860.3
2026-09-29 06:28:08,Northern Owens Valley,Tinemaha Elevation,3860.3
2026-09-29 06:28:08,Southern Owens Valley,Tinemaha Elevation,3860.3
2026-09-29 06:58:07,Northern Owens Valley,Tinemaha Elevation,3860.3
2026-09-29 06:58:07,Southern Owens Valley,Tinemaha Elevation,3860.3
2026-09-29 07:28:07,Northern Owens Valley,Tinemaha Elevation,3860.3
2026-09-29 07:28:07,Southern Owens Valley,Tinemaha Elevation,3860.3
2026-09-29 07:58:07,Northern Owens Valley,Tinemaha Elevation,3860.3
2026-09-29 07:58:07,Southern Owens Valley,Tinemaha Elevation,3860.3
2026-09-29 08:28:07,Northern Owens Valley,Tinemaha Elevation,3860.3
2026-09-29 08:28:07,Southern Owens Valley,Tinemaha Elevation,3860.3
2026-09-29 08:58:07,Northern Owens Valley,Tinemaha Elevation,3860.3
2026-09-29 08:58:07,Southern Owens Valley,Tinemaha Elevation,3860.3
2026-09-29 09:28:07,Northern Owens Valley,Tinemaha Elevation,3860.3
2026-09-29 09:28:07,Southern Owens Valley,Tinemaha Elevation,3860.3
2026-09-29 09:58:07,Northern Owens Valley,Tinemaha Elevation,3860.3
2026-09-29 09:58:07,Southern Owens Valley,Tinemaha Elevation,3860.3
2026-09-29 10:28:07,Northern Owens Valley,Tinemaha Elevation,3860.3
2026-09-29 10:28:07,Southern Owens Valley,Tinemaha Elevation,3860.3
2026-09-29 10:58:07,Northern Owens Valley,Tinemaha Elevation,3860.3
2026-09-29 10:58:07,Southern Owens Valley,Tinemaha Elevation,3860.3
2026-09-29 11:13:06,Mono Basin,Lee Vining Intake Above Flow,23.7
2026-09-29 11:13:06,Mono Basin,Lee Vining Intake Below Flow,23.4
2026-09-29 11:13:06,Mono Basin,Walker Ck. Above Conduit Flow,2.0
2026-09-29 11:13:06,Mono Basin,L.V. Conduit Below Intake Flow,0.3
2026-09-29 11:13:06,Mono Basin,Walker Ck. Under Conduit Flow,2.0
2026-09-29 11:13:06,Mono Basin,Parker Ck. Under Conduit Flow,5.0
2026-09-29 11:13:06,Mono Basin,Parker Ck. Above Conduit Flow,5.0
2026-09-29 11:13:06,Mono Basin,Grant Lk. Spill Flow,0.0
2026-09-29 11:13:06,Mono Basin,Mono Gate 1 Return Ditch Flow,41.1
2026-09-29 11:13:06,Mono Basin,Grant Lk. Outflow,39.5
2026-09-29 11:13:06,Mono Basin,Rush Ck. at Damsite Flow,23.7
2026-09-29 11:13:06,Mono Basin,Flow to West Portal,0.0
2026-09-29 11:13:06,Long Valley,East Portal Flow,12.0
2026-09-29 11:13:06,Long Valley,OR Below EP Flow,58.0
2026-09-29 11:13:06,Long Valley,Hot Ck.at Hwy. Flow,5.0
2026-09-29 11:13:06,Long Valley,McGee Ck. Lower Sta. Flow,8.1
2026-09-29 11:13:06,Long Valley,Long Valley Current Outflow,217.8
2026-09-29 11:13:06,Long Valley,Rock Ck. Div. Flow,0.0
2026-09-29 11:13:06,Long Valley,Upper Gorge Total Release,35.6
2026-09-29 11:13:06,Long Valley,Release at Middle Gorge,0.0
2026-09-29 11:13:06,Northern Owens Valley,Rock Ck. At Owens River (PV) Flow,28.1
2026-09-29 11:13:06,Northern Owens Valley,Pleasant Valley Outflow,425.3
2026-09-29 11:13:06,Northern Owens Valley,Baker Ck. At LA Station Flow,6.2
2026-09-29 11:13:06,Northern Owens Valley,Big Pine Ck. USGS Flow,24.5
2026-09-29 11:13:06,Northern Owens Valley,O.R. Below Big Pine,453.3
2026-09-29 11:13:06,Northern Owens Valley,Fish Springs At RR Flow,35.3
2026-09-29 11:13:06,Northern Owens Valley,Tinemaha Reservoir Outflow,427.6
2026-09-29 11:13:06,Northern Owens Valley,Bishop Creek Through Plant 6,59.8
2026-09-29 11:13:06,Northern Owens Valley,Bishop Creek Around Plant 6,6.7
2026-09-29 11:13:06,Southern Owens Valley,Tinemaha Reservoir Outflow,427.6
2026-09-29 11:13:06,Southern Owens Valley,Indep. Ck. At Junction Flow,3.2
2026-09-29 11:13:06,Southern Owens Valley,LAA at Alabama Flow,390.0
2026-09-29 11:13:06,Southern Owens Valley,LAA at Alabama Level,7.7
2026-09-29 11:13:06,Southern Owens Valley,LAA at Alabama Water Temp,60.1
2026-09-29 11:13:06,Southern Owens Valley,Cottonwood Ck. At LAA Flow,0.0
2026-09-29 11:13:06,Southern Owens Valley,LAA at Cottonwood Flow,348.0
2026-09-29 11:13:06,Southern Owens Valley,LAA at Cottonwood Level,7.7
2026-09-29 11:13:06,Southern Owens Valley,LAA at Cotton. Water Temp,61.6
2026-09-29 11:13:06,Southern Owens Valley,Haiwee LAA #1 Current Flow,0.0
2026-09-29 11:13:06,Southern Owens Valley,Haiwee LAA #2 Current Flow,119.3
2026-09-29 11:13:06,Southern Owens Valley,Reinhackel Flow,2.9
2026-09-29 11:13:06,Southern Owens Valley,Lubkin Spillgate Outflow,67.6
2026-09-29 11:13:06,Southern Owens Valley,Cartago Spillgate Outflow,116.6
2026-09-29 11:13:06,Southern Owens Valley,Lone Pine Creek Flow,5.6
2026-09-29 11:13:06,Lower Owens River Project,LORP Intake Flow,80.0
2026-09-29 11:13:06,Lower Owens River Project,LORP at Mazourka Canyon Road,0.0
2026-09-29 11:13:06,Lower Owens River Project,LORP at Reinhackle Springs,60.0
2026-09-29 11:13:06,Lower Owens River Project,LORP Above Pumpstation,52.0
2026-09-29 11:13:06,Lower Owens River Project,LORP At Pump Station Discharge Flow,40.0
2026-09-29 11:13:06,Southern District,Haiwee LAA #2 Current Flow,119.3
2026-09-29 11:13:06,Southern District,Haiwee LAA #1 Current Flow,0.0
2026-09-29 11:13:06,Southern District,LAA #1 Flow at Fairmont Reservoir,176.0
2026-09-29 11:13:06,Southern District,LAA #2 Flow at Fairmont Res.,154.5
2026-09-29 11:13:06,Southern District,Bouquet Reservoir Inflow,0.0
2026-09-29 11:13:06,Southern District,Bouquet Reservoir Outflow,0.7
2026-09-29 11:13:06,Southern District,LAA #1 at Soledad Flow,0.0
2026-09-29 11:13:06,Southern District,LAA #2 at Soledad Flow,208.3
2026-09-29 11:13:07,Mono Basin,Mono Lk. Elevation,6381.7
2026-09-29 11:13:07,Mono Basin,Grant Lk. Elevation,7128.2
2026-09-29 11:13:07,Long Valley,Long Valley Elevation,6765.6
2026-09-29 11:13:07,Northern Owens Valley,Pleasant Valley Elevation,4388.6
2026-09-29 11:13:07,Southern Owens Valley,N. Haiwee Elevation,3756.7
2026-09-29 11:13:07,Southern Owens Valley,S. Haiwee Reservoir Elevation,3720.6
2026-09-29 11:13:07,Southern District,S. Haiwee Reservoir Elevation,3720.6
2026-09-29 11:13:07,Southern District,Fairmont Reservoir Elevation,3023.5
2026-09-29 11:13:07,Southern District,Bouquet Reservoir Elevation,2977.8
2026-09-29 11:28:06,Mono Basin,Lee Vining Intake Above Flow,23.7
2026-09-29 11:28:06,Mono Basin,Lee Vining Intake Below Flow,23.4
2026-09-29 11:28:06,Mono Basin,Walker Ck. Above Conduit Flow,2.0
2026-09-29 11:28:06,Mono Basin,L.V. Conduit Below Intake Flow,0.3
2026-09-29 11:28:06,Mono Basin,Walker Ck. Under Conduit Flow,2.0
2026-09-29 11:28:06,Mono Basin,Parker Ck. Under Conduit Flow,5.0
2026-09-29 11:28:06,Mono Basin,Parker Ck. Above Conduit Flow,5.0
2026-09-29 11:28:06,Mono Basin,Grant Lk. Spill Flow,0.0
2026-09-29 11:28:06,Mono Basin,Mono Gate 1 Return Ditch Flow,41.1
2026-09-29 11:28:06,Mono Basin,Grant Lk. Outflow,39.4
2026-09-29 11:28:06,Mono Basin,Rush Ck. at Damsite Flow,23.7
2026-09-29 11:28:06,Mono Basin,Flow to West Portal,0.0
2026-09-29 11:28:06,Long Valley,East Portal Flow,12.0
2026-09-29 11:28:06,Long Valley,OR Below EP Flow,58.0
2026-09-29 11:28:06,Long Valley,Hot Ck.at Hwy. Flow,5.0
2026-09-29 11:28:06,Long Valley,McGee Ck. Lower Sta. Flow,8.1
2026-09-29 11:28:06,Long Valley,Long Valley Current Outflow,244.0
2026-09-29 11:28:06,Long Valley,Rock Ck. Div. Flow,0.0
2026-09-29 11:28:06,Long Valley,Upper Gorge Total Release,35.3
2026-09-29 11:28:06,Long Valley,Release at Middle Gorge,0.0
2026-09-29 11:28:06,Northern Owens Valley,Rock Ck. At Owens River (PV) Flow,28.1
2026-09-29 11:28:06,Northern Owens Valley,Pleasant Valley Outflow,425.1
2026-09-29 11:28:06,Northern Owens Valley,Baker Ck. At LA Station Flow,6.2
2026-09-29 11:28:06,Northern Owens Valley,Big Pine Ck. USGS Flow,24.5
2026-09-29 11:28:06,Northern Owens Valley,O.R. Below Big Pine,454.0
2026-09-29 11:28:06,Northern Owens Valley,Fish Springs At RR Flow,35.3
2026-09-29 11:28:06,Northern Owens Valley,Tinemaha Reservoir Outflow,426.8
2026-09-29 11:28:06,Northern Owens Valley,Bishop Creek Through Plant 6,59.8
2026-09-29 11:28:06,Northern Owens Valley,Bishop Creek Around Plant 6,6.7
2026-09-29 11:28:06,Southern Owens Valley,Tinemaha Reservoir Outflow,426.8
2026-09-29 11:28:06,Southern Owens Valley,Indep. Ck. At Junction Flow,3.2
2026-09-29 11:28:06,Southern Owens Valley,LAA at Alabama Flow,390.0
2026-09-29 11:28:06,Southern Owens Valley,LAA at Alabama Level,7.7
2026-09-29 11:28:06,Southern Owens Valley,LAA at Alabama Water Temp,60.1
2026-09-29 11:28:06,Southern Owens Valley,Cottonwood Ck. At LAA Flow,0.0
2026-09-29 11:28:06,Southern Owens Valley,LAA at Cottonwood Flow,348.0
2026-09-29 11:28:06,Southern Owens Valley,LAA at Cottonwood Level,7.7
2026-09-29 11:28:06,Southern Owens Valley,LAA at Cotton. Water Temp,61.6
2026-09-29 11:28:06,Southern Owens Valley,Haiwee LAA #1 Current Flow,0.0
2026-09-29 11:28:06,Southern Owens Valley,Haiwee LAA #2 Current Flow,119.3
2026-09-29 11:28:06,Southern Owens Valley,Reinhackel Flow,2.9
2026-09-29 11:28:06,Southern Owens Valley,Lubkin Spillgate Outflow,53.9
2026-09-29 11:28:06,Southern Owens Valley,Cartago Spillgate Outflow,100.8
2026-09-29 11:28:06,Southern Owens Valley,Lone Pine Creek Flow,5.6
2026-09-29 11:28:06,Lower Owens River Project,LORP Intake Flow,80.0
2026-09-29 11:28:06,Lower Owens River Project,LORP at Mazourka Canyon Road,0.0
2026-09-29 11:28:06,Lower Owens River Project,LORP at Reinhackle Springs,62.0
2026-09-29 11:28:06,Lower Owens River Project,LORP Above Pumpstation,58.0
2026-09-29 11:28:06,Lower Owens River Project,LORP At Pump Station Discharge Flow,47.0
2026-09-29 11:28:06,Southern District,Haiwee LAA #2 Current Flow,119.3
2026-09-29 11:28:06,Southern District,Haiwee LAA #1 Current Flow,0.0
2026-09-29 11:28:06,Southern District,LAA #1 Flow at Fairmont Reservoir,174.9
2026-09-29 11:28:06,Southern District,LAA #2 Flow at Fairmont Res.,154.0
2026-09-29 11:28:06,Southern District,Bouquet Reservoir Inflow,0.0
2026-09-29 11:28:06,Southern District,Bouquet Reservoir Outflow,0.7
2026-09-29 11:28:06,Southern District,LAA #1 at Soledad Flow,128.0
2026-09-29 11:28:06,Southern District,LAA #2 at Soledad Flow,208.3
2026-09-29 11:28:07,Mono Basin,Mono Lk. Elevation,6381.7
2026-09-29 11:28:07,Mono Basin,Grant Lk. Elevation,7128.2
2026-09-29 11:28:07,Long Valley,Long Valley Elevation,6765.6
2026-09-29 11:28:07,Northern Owens Valley,Pleasant Valley Elevation,4388.6
2026-09-29 11:28:07,Northern Owens Valley,Tinemaha Elevation,3860.3
2026-09-29 11:28:07,Southern Owens Valley,Tinemaha Elevation,3860.3
2026-09-29 11:28:07,Southern Owens Valley,N. Haiwee Elevation,3756.7
2026-09-29 11:28:07,Southern Owens Valley,S. Haiwee Reservoir Elevation,3720.6
2026-09-29 11:28:07,Southern District,S. Haiwee Reservoir Elevation,3720.6
2026-09-29 11:28:07,Southern District,Fairmont Reservoir Elevation,3023.4
2026-09-29 11:28:07,Southern District,Bouquet Reservoir Elevation,2977.8
2026-09-29 11:43:06,Mono Basin,Lee Vining Intake Above Flow,23.8
2026-09-29 11:43:06,Mono Basin,Lee Vining Intake Below Flow,23.6
2026-09-29 11:43:06,Mono Basin,Walker Ck. Above Conduit Flow,2.0
2026-09-29 11:43:06,Mono Basin,L.V. Conduit Below Intake Flow,0.3
2026-09-29 11:43:06,Mono Basin,Walker Ck. Under Conduit Flow,2.0
2026-09-29 11:43:06,Mono Basin,Parker Ck. Under Conduit Flow,5.0
2026-09-29 11:43:06,Mono Basin,Parker Ck. Above Conduit Flow,5.0
2026-09-29 11:43:06,Mono Basin,Grant Lk. Spill Flow,0.0
2026-09-29 11:43:06,Mono Basin,Mono Gate 1 Return Ditch Flow,41.1
2026-09-29 11:43:06,Mono Basin,Grant Lk. Outflow,39.4
2026-09-29 11:43:06,Mono Basin,Rush Ck. at Damsite Flow,23.7
2026-09-29 11:43:06,Mono Basin,Flow to West Portal,0.0
2026-09-29 11:43:06,Long Valley,East Portal Flow,12.0
2026-09-29 11:43:06,Long Valley,OR Below EP Flow,58.0
2026-09-29 11:43:06,Long Valley,Hot Ck.at Hwy. Flow,5.0
2026-09-29 11:43:06,Long Valley,McGee Ck. Lower Sta. Flow,8.1
2026-09-29 11:43:06,Long Valley,Long Valley Current Outflow,244.0
2026-09-29 11:43:06,Long Valley,Rock Ck. Div. Flow,0.0
2026-09-29 11:43:06,Long Valley,Upper Gorge Total Release,35.0
2026-09-29 11:43:06,Long Valley,Release at Middle Gorge,0.0
2026-09-29 11:43:06,Northern Owens Valley,Rock Ck. At Owens River (PV) Flow,28.1
2026-09-29 11:43:06,Northern Owens Valley,Pleasant Valley Outflow,424.9
2026-09-29 11:43:06,Northern Owens Valley,Baker Ck. At LA Station Flow,6.2
2026-09-29 11:43:06,Northern Owens Valley,Big Pine Ck. USGS Flow,24.5
2026-09-29 11:43:06,Northern Owens Valley,O.R. Below Big Pine,452.2
2026-09-29 11:43:06,Northern Owens Valley,Fish Springs At RR Flow,35.3
2026-09-29 11:43:06,Northern Owens Valley,Tinemaha Reservoir Outflow,426.8
2026-09-29 11:43:06,Northern Owens Valley,Bishop Creek Through Plant 6,59.8
2026-09-29 11:43:06,Northern Owens Valley,Bishop Creek Around Plant 6,6.7
2026-09-29 11:43:06,Southern Owens Valley,Tinemaha Reservoir Outflow,426.8
2026-09-29 11:43:06,Southern Owens Valley,Indep. Ck. At Junction Flow,3.2
2026-09-29 11:43:06,Southern Owens Valley,LAA at Alabama Flow,390.0
2026-09-29 11:43:06,Southern Owens Valley,LAA at Alabama Level,7.7
2026-09-29 11:43:06,Southern Owens Valley,LAA at Alabama Water Temp,60.1
2026-09-29 11:43:06,Southern Owens Valley,Cottonwood Ck. At LAA Flow,0.0
2026-09-29 11:43:06,Southern Owens Valley,LAA at Cottonwood Flow,347.0
2026-09-29 11:43:06,Southern Owens Valley,LAA at Cottonwood Level,7.7
2026-09-29 11:43:06,Southern Owens Valley,LAA at Cotton. Water Temp,61.6
2026-09-29 11:43:06,Southern Owens Valley,Haiwee LAA #1 Current Flow,0.0
2026-09-29 11:43:06,Southern Owens Valley,Haiwee LAA #2 Current Flow,119.3
2026-09-29 11:43:06,Southern Owens Valley,Reinhackel Flow,2.9
2026-09-29 11:43:06,Southern Owens Valley,Lubkin Spillgate Outflow,53.9
2026-09-29 11:43:06,Southern Owens Valley,Cartago Spillgate Outflow,101.1
2026-09-29 11:43:06,Southern Owens Valley,Lone Pine Creek Flow,5.5
2026-09-29 11:43:06,Lower Owens River Project,LORP Intake Flow,78.0
2026-09-29 11:43:06,Lower Owens River Project,LORP at Mazourka Canyon Road,0.0
2026-09-29 11:43:06,Lower Owens River Project,LORP at Reinhackle Springs,62.0
2026-09-29 11:43:06,Lower Owens River Project,LORP Above Pumpstation,58.0
2026-09-29 11:43:06,Lower Owens River Project,LORP At Pump Station Discharge Flow,48.0
2026-09-29 11:43:06,Southern District,Haiwee LAA #2 Current Flow,119.3
2026-09-29 11:43:06,Southern District,Haiwee LAA #1 Current Flow,0.0
2026-09-29 11:43:06,Southern District,LAA #1 Flow at Fairmont Reservoir,174.6
2026-09-29 11:43:06,Southern District,LAA #2 Flow at Fairmont Res.,153.3
2026-09-29 11:43:06,Southern District,Bouquet Reservoir Inflow,0.0
2026-09-29 11:43:06,Southern District,Bouquet Reservoir Outflow,0.7
2026-09-29 11:43:06,Southern District,LAA #1 at Soledad Flow,128.0
2026-09-29 11:43:06,Southern District,LAA #2 at Soledad Flow,208.3
2026-09-29 11:43:07,Mono Basin,Mono Lk. Elevation,6381.7
2026-09-29 11:43:07,Mono Basin,Grant Lk. Elevation,7128.2
2026-09-29 11:43:07,Long Valley,Long Valley Elevation,6765.6
2026-09-29 11:43:07,Northern Owens Valley,Pleasant Valley Elevation,4388.6
2026-09-29 11:43:07,Southern Owens Valley,N. Haiwee Elevation,3756.7
2026-09-29 11:43:07,Southern Owens Valley,S. Haiwee Reservoir Elevation,3720.6
2026-09-29 11:43:07,Southern District,S. Haiwee Reservoir Elevation,3720.6
2026-09-29 11:43:07,Southern District,Fairmont Reservoir Elevation,3023.4
2026-09-29 11:43:07,Southern District,Bouquet Reservoir Elevation,2977.8
2026-09-29 11:58:06,Mono Basin,Lee Vining Intake Above Flow,23.8
2026-09-29 11:58:06,Mono Basin,Lee Vining Intake Below Flow,23.6
2026-09-29 11:58:06,Mono Basin,Walker Ck. Above Conduit Flow,2.0
2026-09-29 11:58:06,Mono Basin,L.V. Conduit Below Intake Flow,0.3
2026-09-29 11:58:06,Mono Basin,Walker Ck. Under Conduit Flow,2.0
2026-09-29 11:58:06,Mono Basin,Parker Ck. Under Conduit Flow,5.0
2026-09-29 11:58:06,Mono Basin,Parker Ck. Above Conduit Flow,5.0
2026-09-29 11:58:06,Mono Basin,Grant Lk. Spill Flow,0.0
2026-09-29 11:58:06,Mono Basin,Mono Gate 1 Return Ditch Flow,41.1
2026-09-29 11:58:06,Mono Basin,Grant Lk. Outflow,39.4
2026-09-29 11:58:06,Mono Basin,Rush Ck. at Damsite Flow,23.7
2026-09-29 11:58:06,Mono Basin,Flow to West Portal,0.0
2026-09-29 11:58:06,Long Valley,East Portal Flow,12.0
2026-09-29 11:58:06,Long Valley,OR Below EP Flow,59.0
2026-09-29 11:58:06,Long Valley,Hot Ck.at Hwy. Flow,5.0
2026-09-29 11:58:06,Long Valley,McGee Ck. Lower Sta. Flow,8.1
2026-09-29 11:58:06,Long Valley,Long Valley Elevation,6765.6
2026-09-29 11:58:06,Long Valley,Long Valley Current Outflow,244.0
2026-09-29 11:58:06,Long Valley,Rock Ck. Div. Flow,0.0
2026-09-29 11:58:06,Long Valley,Upper Gorge Total Release,35.6
2026-09-29 11:58:06,Long Valley,Release at Middle Gorge,0.0
2026-09-29 11:58:06,Northern Owens Valley,Rock Ck. At Owens River (PV) Flow,28.1
2026-09-29 11:58:06,Northern Owens Valley,Pleasant Valley Elevation,4388.6
2026-09-29 11:58:06,Northern Owens Valley,Pleasant Valley Outflow,424.8
2026-09-29 11:58:06,Northern Owens Valley,Baker Ck. At LA Station Flow,6.2
2026-09-29 11:58:06,Northern Owens Valley,Big Pine Ck. USGS Flow,24.5
2026-09-29 11:58:06,Northern Owens Valley,O.R. Below Big Pine,453.5
2026-09-29 11:58:06,Northern Owens Valley,Fish Springs At RR Flow,35.3
2026-09-29 11:58:06,Northern Owens Valley,Tinemaha Elevation,3860.3
2026-09-29 11:58:06,Northern Owens Valley,Tinemaha Reservoir Outflow,426.8
2026-09-29 11:58:06,Northern Owens Valley,Bishop Creek Through Plant 6,56.4
2026-09-29 11:58:06,Northern Owens Valley,Bishop Creek Around Plant 6,6.2
2026-09-29 11:58:06,Southern Owens Valley,Tinemaha Elevation,3860.3
2026-09-29 11:58:06,Southern Owens Valley,Tinemaha Reservoir Outflow,426.8
2026-09-29 11:58:06,Southern Owens Valley,Indep. Ck. At Junction Flow,3.2
2026-09-29 11:58:06,Southern Owens Valley,LAA at Alabama Flow,390.0
2026-09-29 11:58:06,Southern Owens Valley,LAA at Alabama Level,7.7
2026-09-29 11:58:06,Southern Owens Valley,LAA at Alabama Water Temp,60.1
2026-09-29 11:58:06,Southern Owens Valley,Cottonwood Ck. At LAA Flow,0.0
2026-09-29 11:58:06,Southern Owens Valley,LAA at Cottonwood Flow,347.0
2026-09-29 11:58:06,Southern Owens Valley,LAA at Cottonwood Level,7.7
2026-09-29 11:58:06,Southern Owens Valley,LAA at Cotton. Water Temp,61.6
2026-09-29 11:58:06,Southern Owens Valley,N. Haiwee Elevation,3756.7
2026-09-29 11:58:06,Southern Owens Valley,S. Haiwee Reservoir Elevation,3720.6
2026-09-29 11:58:06,Southern Owens Valley,Haiwee LAA #1 Current Flow,0.0
2026-09-29 11:58:06,Southern Owens Valley,Haiwee LAA #2 Current Flow,119.3
2026-09-29 11:58:06,Southern Owens Valley,Reinhackel Flow,2.9
2026-09-29 11:58:06,Southern Owens Valley,Lubkin Spillgate Outflow,49.1
2026-09-29 11:58:06,Southern Owens Valley,Cartago Spillgate Outflow,97.7
2026-09-29 11:58:06,Southern Owens Valley,Lone Pine Creek Flow,5.5
2026-09-29 11:58:06,Lower Owens River Project,LORP Intake Flow,78.0
2026-09-29 11:58:06,Lower Owens River Project,LORP at Mazourka Canyon Road,0.0
2026-09-29 11:58:06,Lower Owens River Project,LORP at Reinhackle Springs,62.0
2026-09-29 11:58:06,Lower Owens River Project,LORP Above Pumpstation,59.0
2026-09-29 11:58:06,Lower Owens River Project,LORP At Pump Station Discharge Flow,48.0
2026-09-29 11:58:06,Southern District,Haiwee LAA #2 Current Flow,119.3
2026-09-29 11:58:06,Southern District,S. Haiwee Reservoir Elevation,3720.6
2026-09-29 11:58:06,Southern District,Haiwee LAA #1 Current Flow,0.0
2026-09-29 11:58:06,Southern District,LAA #1 Flow at Fairmont Reservoir,172.2
2026-09-29 11:58:06,Southern District,LAA #2 Flow at Fairmont Res.,152.3
2026-09-29 11:58:06,Southern District,Bouquet Reservoir Inflow,0.0
2026-09-29 11:58:06,Southern District,Bouquet Reservoir Outflow,0.7
2026-09-29 11:58:06,Southern District,LAA #1 at Soledad Flow,128.0
2026-09-29 11:58:06,Southern District,LAA #2 at Soledad Flow,208.3
2026-09-29 11:58:07,Mono Basin,Mono Lk. Elevation,6381.7
2026-09-29 11:58:07,Mono Basin,Grant Lk. Elevation,7128.2
2026-09-29 11:58:07,Southern District,Fairmont Reservoir Elevation,3023.3
2026-09-29 11:58:07,Southern District,Bouquet Reservoir Elevation,2977.8
2026-09-29 12:13:06,Mono Basin,Lee Vining Intake Above Flow,24.0
2026-09-29 12:13:06,Mono Basin,Lee Vining Intake Below Flow,23.5
2026-09-29 12:13:06,Mono Basin,Walker Ck. Above Conduit Flow,2.0
2026-09-29 12:13:06,Mono Basin,L.V. Conduit Below Intake Flow,0.3
2026-09-29 12:13:06,Mono Basin,Walker Ck. Under Conduit Flow,2.0
2026-09-29 12:13:06,Mono Basin,Parker Ck. Under Conduit Flow,5.0
2026-09-29 12:13:06,Mono Basin,Parker Ck. Above Conduit Flow,6.0
2026-09-29 12:13:06,Mono Basin,Grant Lk. Spill Flow,0.0
2026-09-29 12:13:06,Mono Basin,Mono Gate 1 Return Ditch Flow,41.1
2026-09-29 12:13:06,Mono Basin,Grant Lk. Outflow,39.4
2026-09-29 12:13:06,Mono Basin,Rush Ck. at Damsite Flow,23.7
2026-09-29 12:13:06,Mono Basin,Flow to West Portal,0.0
2026-09-29 12:13:06,Long Valley,East Portal Flow,12.0
2026-09-29 12:13:06,Long Valley,OR Below EP Flow,59.0
2026-09-29 12:13:06,Long Valley,Hot Ck.at Hwy. Flow,5.0
2026-09-29 12:13:06,Long Valley,McGee Ck. Lower Sta. Flow,8.0
2026-09-29 12:13:06,Long Valley,Long Valley Elevation,6765.6
2026-09-29 12:13:06,Long Valley,Long Valley Current Outflow,223.0
2026-09-29 12:13:06,Long Valley,Rock Ck. Div. Flow,0.0
2026-09-29 12:13:06,Long Valley,Upper Gorge Total Release,36.0
2026-09-29 12:13:06,Long Valley,Release at Middle Gorge,0.0
2026-09-29 12:13:06,Northern Owens Valley,Rock Ck. At Owens River (PV) Flow,28.1
2026-09-29 12:13:06,Northern Owens Valley,Pleasant Valley Elevation,4388.5
2026-09-29 12:13:06,Northern Owens Valley,Pleasant Valley Outflow,424.6
2026-09-29 12:13:06,Northern Owens Valley,Baker Ck. At LA Station Flow,6.2
2026-09-29 12:13:06,Northern Owens Valley,Big Pine Ck. USGS Flow,24.5
2026-09-29 12:13:06,Northern Owens Valley,O.R. Below Big Pine,452.9
2026-09-29 12:13:06,Northern Owens Valley,Fish Springs At RR Flow,35.3
2026-09-29 12:13:06,Northern Owens Valley,Tinemaha Reservoir Outflow,426.8
2026-09-29 12:13:06,Northern Owens Valley,Bishop Creek Through Plant 6,61.9
2026-09-29 12:13:06,Northern Owens Valley,Bishop Creek Around Plant 6,6.2
2026-09-29 12:13:06,Southern Owens Valley,Tinemaha Reservoir Outflow,426.8
2026-09-29 12:13:06,Southern Owens Valley,Indep. Ck. At Junction Flow,3.2
2026-09-29 12:13:06,Southern Owens Valley,LAA at Alabama Flow,391.0
2026-09-29 12:13:06,Southern Owens Valley,LAA at Alabama Level,7.7
2026-09-29 12:13:06,Southern Owens Valley,LAA at Alabama Water Temp,60.8
2026-09-29 12:13:06,Southern Owens Valley,Cottonwood Ck. At LAA Flow,0.0
2026-09-29 12:13:06,Southern Owens Valley,LAA at Cottonwood Flow,346.0
2026-09-29 12:13:06,Southern Owens Valley,LAA at Cottonwood Level,7.7
2026-09-29 12:13:06,Southern Owens Valley,LAA at Cotton. Water Temp,61.8
2026-09-29 12:13:06,Southern Owens Valley,N. Haiwee Elevation,3756.7
2026-09-29 12:13:06,Southern Owens Valley,S. Haiwee Reservoir Elevation,3720.6
2026-09-29 12:13:06,Southern Owens Valley,Haiwee LAA #1 Current Flow,0.0
2026-09-29 12:13:06,Southern Owens Valley,Haiwee LAA #2 Current Flow,119.3
2026-09-29 12:13:06,Southern Owens Valley,Reinhackel Flow,2.9
2026-09-29 12:13:06,Southern Owens Valley,Lubkin Spillgate Outflow,51.5
2026-09-29 12:13:06,Southern Owens Valley,Cartago Spillgate Outflow,106.3
2026-09-29 12:13:06,Southern Owens Valley,Lone Pine Creek Flow,5.5
2026-09-29 12:13:06,Lower Owens River Project,LORP Intake Flow,78.0
2026-09-29 12:13:06,Lower Owens River Project,LORP at Mazourka Canyon Road,0.0
2026-09-29 12:13:06,Lower Owens River Project,LORP at Reinhackle Springs,62.0
2026-09-29 12:13:06,Lower Owens River Project,LORP Above Pumpstation,58.0
2026-09-29 12:13:06,Lower Owens River Project,LORP At Pump Station Discharge Flow,48.0
2026-09-29 12:13:06,Southern District,Haiwee LAA #2 Current Flow,119.3
2026-09-29 12:13:06,Southern District,S. Haiwee Reservoir Elevation,3720.6
2026-09-29 12:13:06,Southern District,Haiwee LAA #1 Current Flow,0.0
2026-09-29 12:13:06,Southern District,LAA #1 Flow at Fairmont Reservoir,172.7
2026-09-29 12:13:06,Southern District,LAA #2 Flow at Fairmont Res.,151.9
2026-09-29 12:13:06,Southern District,Bouquet Reservoir Inflow,0.0
2026-09-29 12:13:06,Southern District,Bouquet Reservoir Outflow,0.7
2026-09-29 12:13:06,Southern District,LAA #1 at Soledad Flow,128.0
2026-09-29 12:13:06,Southern District,LAA #2 at Soledad Flow,208.3
2026-09-29 12:13:07,Mono Basin,Mono Lk. Elevation,6381.7
2026-09-29 12:13:07,Mono Basin,Grant Lk. Elevation,7128.2
2026-09-29 12:13:07,Southern District,Fairmont Reservoir Elevation,3023.3
2026-09-29 12:13:07,Southern District,Bouquet Reservoir Elevation,2977.8
2026-09-29 12:28:06,Mono Basin,Lee Vining Intake Above Flow,24.0
2026-09-29 12:28:06,Mono Basin,Lee Vining Intake Below Flow,23.5
2026-09-29 12:28:06,Mono Basin,Walker Ck. Above Conduit Flow,2.0
2026-09-29 12:28:06,Mono Basin,L.V. Conduit Below Intake Flow,0.3
2026-09-29 12:28:06,Mono Basin,Walker Ck. Under Conduit Flow,2.0
2026-09-29 12:28:06,Mono Basin,Parker Ck. Under Conduit Flow,5.0
2026-09-29 12:28:06,Mono Basin,Parker Ck. Above Conduit Flow,6.0
2026-09-29 12:28:06,Mono Basin,Grant Lk. Spill Flow,0.0
2026-09-29 12:28:06,Mono Basin,Mono Gate 1 Return Ditch Flow,41.1
2026-09-29 12:28:06,Mono Basin,Grant Lk. Outflow,39.0
2026-09-29 12:28:06,Mono Basin,Rush Ck. at Damsite Flow,23.7
2026-09-29 12:28:06,Mono Basin,Flow to West Portal,0.0
2026-09-29 12:28:06,Long Valley,East Portal Flow,12.0
2026-09-29 12:28:06,Long Valley,OR Below EP Flow,58.0
2026-09-29 12:28:06,Long Valley,Hot Ck.at Hwy. Flow,6.0
2026-09-29 12:28:06,Long Valley,McGee Ck. Lower Sta. Flow,8.0
2026-09-29 12:28:06,Long Valley,Long Valley Current Outflow,222.7
2026-09-29 12:28:06,Long Valley,Rock Ck. Div. Flow,0.0
2026-09-29 12:28:06,Long Valley,Upper Gorge Total Release,36.4
2026-09-29 12:28:06,Long Valley,Release at Middle Gorge,0.0
2026-09-29 12:28:06,Northern Owens Valley,Rock Ck. At Owens River (PV) Flow,28.1
2026-09-29 12:28:06,Northern Owens Valley,Pleasant Valley Outflow,424.9
2026-09-29 12:28:06,Northern Owens Valley,Baker Ck. At LA Station Flow,6.2
2026-09-29 12:28:06,Northern Owens Valley,Big Pine Ck. USGS Flow,23.6
2026-09-29 12:28:06,Northern Owens Valley,O.R. Below Big Pine,454.2
2026-09-29 12:28:06,Northern Owens Valley,Fish Springs At RR Flow,35.3
2026-09-29 12:28:06,Northern Owens Valley,Tinemaha Elevation,3860.3
2026-09-29 12:28:06,Northern Owens Valley,Tinemaha Reservoir Outflow,427.6
2026-09-29 12:28:06,Northern Owens Valley,Bishop Creek Through Plant 6,61.9
2026-09-29 12:28:06,Northern Owens Valley,Bishop Creek Around Plant 6,6.2
2026-09-29 12:28:06,Southern Owens Valley,Tinemaha Elevation,3860.3
2026-09-29 12:28:06,Southern Owens Valley,Tinemaha Reservoir Outflow,427.6
2026-09-29 12:28:06,Southern Owens Valley,Indep. Ck. At Junction Flow,3.2
2026-09-29 12:28:06,Southern Owens Valley,LAA at Alabama Flow,392.0
2026-09-29 12:28:06,Southern Owens Valley,LAA at Alabama Level,7.7
2026-09-29 12:28:06,Southern Owens Valley,LAA at Alabama Water Temp,60.9
2026-09-29 12:28:06,Southern Owens Valley,Cottonwood Ck. At LAA Flow,0.0
2026-09-29 12:28:06,Southern Owens Valley,LAA at Cottonwood Flow,346.0
2026-09-29 12:28:06,Southern Owens Valley,LAA at Cottonwood Level,7.7
2026-09-29 12:28:06,Southern Owens Valley,LAA at Cotton. Water Temp,61.8
2026-09-29 12:28:06,Southern Owens Valley,N. Haiwee Elevation,3756.7
2026-09-29 12:28:06,Southern Owens Valley,Haiwee LAA #1 Current Flow,0.0
2026-09-29 12:28:06,Southern Owens Valley,Haiwee LAA #2 Current Flow,119.3
2026-09-29 12:28:06,Southern Owens Valley,Reinhackel Flow,2.9
2026-09-29 12:28:06,Southern Owens Valley,Lubkin Spillgate Outflow,55.8
2026-09-29 12:28:06,Southern Owens Valley,Cartago Spillgate Outflow,94.3
2026-09-29 12:28:06,Southern Owens Valley,Lone Pine Creek Flow,5.5
2026-09-29 12:28:06,Lower Owens River Project,LORP Intake Flow,78.0
2026-09-29 12:28:06,Lower Owens River Project,LORP at Mazourka Canyon Road,0.0
2026-09-29 12:28:06,Lower Owens River Project,LORP at Reinhackle Springs,65.0
2026-09-29 12:28:06,Lower Owens River Project,LORP Above Pumpstation,59.0
2026-09-29 12:28:06,Lower Owens River Project,LORP At Pump Station Discharge Flow,48.0
2026-09-29 12:28:06,Southern District,Haiwee LAA #2 Current Flow,119.3
2026-09-29 12:28:06,Southern District,Haiwee LAA #1 Current Flow,0.0
2026-09-29 12:28:06,Southern District,LAA #1 Flow at Fairmont Reservoir,172.2
2026-09-29 12:28:06,Southern District,LAA #2 Flow at Fairmont Res.,151.0
2026-09-29 12:28:06,Southern District,Bouquet Reservoir Inflow,0.0
2026-09-29 12:28:06,Southern District,Bouquet Reservoir Outflow,0.7
2026-09-29 12:28:06,Southern District,LAA #1 at Soledad Flow,128.0
2026-09-29 12:28:06,Southern District,LAA #2 at Soledad Flow,208.3
2026-09-29 12:28:07,Mono Basin,Mono Lk. Elevation,6381.7
2026-09-29 12:28:07,Mono Basin,Grant Lk. Elevation,7128.2
2026-09-29 12:28:07,Long Valley,Long Valley Elevation,6765.6
2026-09-29 12:28:07,Northern Owens Valley,Pleasant Valley Elevation,4388.5
2026-09-29 12:28:07,Southern Owens Valley,S. Haiwee Reservoir Elevation,3720.6
2026-09-29 12:28:07,Southern District,S. Haiwee Reservoir Elevation,3720.6
2026-09-29 12:28:07,Southern District,Fairmont Reservoir Elevation,3023.3
2026-09-29 12:28:07,Southern District,Bouquet Reservoir Elevation,2977.8
2026-09-29 12:43:06,Mono Basin,Lee Vining Intake Above Flow,23.9
2026-09-29 12:43:06,Mono Basin,Lee Vining Intake Below Flow,23.3
2026-09-29 12:43:06,Mono Basin,Walker Ck. Above Conduit Flow,2.0
2026-09-29 12:43:06,Mono Basin,L.V. Conduit Below Intake Flow,0.3
2026-09-29 12:43:06,Mono Basin,Walker Ck. Under Conduit Flow,2.0
2026-09-29 12:43:06,Mono Basin,Parker Ck. Under Conduit Flow,5.0
2026-09-29 12:43:06,Mono Basin,Parker Ck. Above Conduit Flow,6.0
2026-09-29 12:43:06,Mono Basin,Grant Lk. Spill Flow,0.0
2026-09-29 12:43:06,Mono Basin,Mono Gate 1 Return Ditch Flow,41.1
2026-09-29 12:43:06,Mono Basin,Grant Lk. Elevation,7128.2
2026-09-29 12:43:06,Mono Basin,Grant Lk. Outflow,39.0
2026-09-29 12:43:06,Mono Basin,Rush Ck. at Damsite Flow,23.7
2026-09-29 12:43:06,Mono Basin,Flow to West Portal,0.0
2026-09-29 12:43:06,Long Valley,East Portal Flow,12.0
2026-09-29 12:43:06,Long Valley,OR Below EP Flow,58.0
2026-09-29 12:43:06,Long Valley,Hot Ck.at Hwy. Flow,6.0
2026-09-29 12:43:06,Long Valley,McGee Ck. Lower Sta. Flow,8.0
2026-09-29 12:43:06,Long Valley,Long Valley Elevation,6765.6
2026-09-29 12:43:06,Long Valley,Long Valley Current Outflow,222.7
2026-09-29 12:43:06,Long Valley,Rock Ck. Div. Flow,0.0
2026-09-29 12:43:06,Long Valley,Upper Gorge Total Release,34.8
2026-09-29 12:43:06,Long Valley,Release at Middle Gorge,0.0
2026-09-29 12:43:06,Northern Owens Valley,Rock Ck. At Owens River (PV) Flow,28.1
2026-09-29 12:43:06,Northern Owens Valley,Pleasant Valley Elevation,4388.5
2026-09-29 12:43:06,Northern Owens Valley,Pleasant Valley Outflow,425.0
2026-09-29 12:43:06,Northern Owens Valley,Baker Ck. At LA Station Flow,6.2
2026-09-29 12:43:06,Northern Owens Valley,Big Pine Ck. USGS Flow,23.6
2026-09-29 12:43:06,Northern Owens Valley,O.R. Below Big Pine,453.1
2026-09-29 12:43:06,Northern Owens Valley,Fish Springs At RR Flow,35.1
2026-09-29 12:43:06,Northern Owens Valley,Tinemaha Reservoir Outflow,427.6
2026-09-29 12:43:06,Northern Owens Valley,Bishop Creek Through Plant 6,59.5
2026-09-29 12:43:06,Northern Owens Valley,Bishop Creek Around Plant 6,6.1
2026-09-29 12:43:06,Southern Owens Valley,Tinemaha Reservoir Outflow,427.6
2026-09-29 12:43:06,Southern Owens Valley,Indep. Ck. At Junction Flow,3.0
2026-09-29 12:43:06,Southern Owens Valley,LAA at Alabama Flow,392.0
2026-09-29 12:43:06,Southern Owens Valley,LAA at Alabama Level,7.7
2026-09-29 12:43:06,Southern Owens Valley,LAA at Alabama Water Temp,60.9
2026-09-29 12:43:06,Southern Owens Valley,Cottonwood Ck. At LAA Flow,0.0
2026-09-29 12:43:06,Southern Owens Valley,LAA at Cottonwood Flow,344.0
2026-09-29 12:43:06,Southern Owens Valley,LAA at Cottonwood Level,7.7
2026-09-29 12:43:06,Southern Owens Valley,LAA at Cotton. Water Temp,61.9
2026-09-29 12:43:06,Southern Owens Valley,N. Haiwee Elevation,3756.7
2026-09-29 12:43:06,Southern Owens Valley,S. Haiwee Reservoir Elevation,3720.5
2026-09-29 12:43:06,Southern Owens Valley,Haiwee LAA #1 Current Flow,0.0
2026-09-29 12:43:06,Southern Owens Valley,Haiwee LAA #2 Current Flow,119.3
2026-09-29 12:43:06,Southern Owens Valley,Reinhackel Flow,2.9
2026-09-29 12:43:06,Southern Owens Valley,Lubkin Spillgate Outflow,50.4
2026-09-29 12:43:06,Southern Owens Valley,Cartago Spillgate Outflow,114.9
2026-09-29 12:43:06,Southern Owens Valley,Lone Pine Creek Flow,5.4
2026-09-29 12:43:06,Lower Owens River Project,LORP Intake Flow,78.0
2026-09-29 12:43:06,Lower Owens River Project,LORP at Mazourka Canyon Road,0.0
2026-09-29 12:43:06,Lower Owens River Project,LORP at Reinhackle Springs,65.0
2026-09-29 12:43:06,Lower Owens River Project,LORP Above Pumpstation,60.0
2026-09-29 12:43:06,Lower Owens River Project,LORP At Pump Station Discharge Flow,49.0
2026-09-29 12:43:06,Southern District,Haiwee LAA #2 Current Flow,119.3
2026-09-29 12:43:06,Southern District,S. Haiwee Reservoir Elevation,3720.5
2026-09-29 12:43:06,Southern District,Haiwee LAA #1 Current Flow,0.0
2026-09-29 12:43:06,Southern District,LAA #1 Flow at Fairmont Reservoir,170.3
2026-09-29 12:43:06,Southern District,LAA #2 Flow at Fairmont Res.,151.0
2026-09-29 12:43:06,Southern District,Bouquet Reservoir Inflow,0.0
2026-09-29 12:43:06,Southern District,Bouquet Reservoir Outflow,0.7
2026-09-29 12:43:06,Southern District,LAA #1 at Soledad Flow,128.0
2026-09-29 12:43:06,Southern District,LAA #2 at Soledad Flow,208.3
2026-09-29 12:43:07,Mono Basin,Mono Lk. Elevation,6381.7
2026-09-29 12:43:07,Southern District,Fairmont Reservoir Elevation,3023.4
2026-09-29 12:43:07,Southern District,Bouquet Reservoir Elevation,2977.8
2026-09-29 12:58:06,Mono Basin,Lee Vining Intake Above Flow,23.9
2026-09-29 12:58:06,Mono Basin,Lee Vining Intake Below Flow,23.3
2026-09-29 12:58:06,Mono Basin,Mono Lk. Elevation,6381.7
2026-09-29 12:58:06,Mono Basin,Walker Ck. Above Conduit Flow,2.0
2026-09-29 12:58:06,Mono Basin,L.V. Conduit Below Intake Flow,0.3
2026-09-29 12:58:06,Mono Basin,Walker Ck. Under Conduit Flow,2.0
2026-09-29 12:58:06,Mono Basin,Parker Ck. Under Conduit Flow,5.0
2026-09-29 12:58:06,Mono Basin,Parker Ck. Above Conduit Flow,6.0
2026-09-29 12:58:06,Mono Basin,Grant Lk. Spill Flow,0.0
2026-09-29 12:58:06,Mono Basin,Mono Gate 1 Return Ditch Flow,41.1
2026-09-29 12:58:06,Mono Basin,Grant Lk. Elevation,7128.2
2026-09-29 12:58:06,Mono Basin,Grant Lk. Outflow,39.0
2026-09-29 12:58:06,Mono Basin,Rush Ck. at Damsite Flow,23.7
2026-09-29 12:58:06,Mono Basin,Flow to West Portal,0.0
2026-09-29 12:58:06,Long Valley,East Portal Flow,12.0
2026-09-29 12:58:06,Long Valley,OR Below EP Flow,58.0
2026-09-29 12:58:06,Long Valley,Hot Ck.at Hwy. Flow,6.0
2026-09-29 12:58:06,Long Valley,McGee Ck. Lower Sta. Flow,8.0
2026-09-29 12:58:06,Long Valley,Long Valley Elevation,6765.6
2026-09-29 12:58:06,Long Valley,Long Valley Current Outflow,222.7
2026-09-29 12:58:06,Long Valley,Rock Ck. Div. Flow,0.0
2026-09-29 12:58:06,Long Valley,Upper Gorge Total Release,35.5
2026-09-29 12:58:06,Long Valley,Release at Middle Gorge,0.0
2026-09-29 12:58:06,Northern Owens Valley,Rock Ck. At Owens River (PV) Flow,28.1
2026-09-29 12:58:06,Northern Owens Valley,Pleasant Valley Elevation,4388.4
2026-09-29 12:58:06,Northern Owens Valley,Pleasant Valley Outflow,425.3
2026-09-29 12:58:06,Northern Owens Valley,Baker Ck. At LA Station Flow,6.2
2026-09-29 12:58:06,Northern Owens Valley,Big Pine Ck. USGS Flow,23.6
2026-09-29 12:58:06,Northern Owens Valley,O.R. Below Big Pine,453.4
2026-09-29 12:58:06,Northern Owens Valley,Fish Springs At RR Flow,35.1
2026-09-29 12:58:06,Northern Owens Valley,Tinemaha Elevation,3860.3
2026-09-29 12:58:06,Northern Owens Valley,Tinemaha Reservoir Outflow,427.6
2026-09-29 12:58:06,Northern Owens Valley,Bishop Creek Through Plant 6,59.5
2026-09-29 12:58:06,Northern Owens Valley,Bishop Creek Around Plant 6,6.1
2026-09-29 12:58:06,Southern Owens Valley,Tinemaha Elevation,3860.3
2026-09-29 12:58:06,Southern Owens Valley,Tinemaha Reservoir Outflow,427.6
2026-09-29 12:58:06,Southern Owens Valley,Indep. Ck. At Junction Flow,3.0
2026-09-29 12:58:06,Southern Owens Valley,LAA at Alabama Flow,392.0
2026-09-29 12:58:06,Southern Owens Valley,LAA at Alabama Level,7.7
2026-09-29 12:58:06,Southern Owens Valley,LAA at Alabama Water Temp,60.9
2026-09-29 12:58:06,Southern Owens Valley,Cottonwood Ck. At LAA Flow,0.0
2026-09-29 12:58:06,Southern Owens Valley,LAA at Cottonwood Flow,342.0
2026-09-29 12:58:06,Southern Owens Valley,LAA at Cottonwood Level,7.7
2026-09-29 12:58:06,Southern Owens Valley,LAA at Cotton. Water Temp,62.0
2026-09-29 12:58:06,Southern Owens Valley,N. Haiwee Elevation,3756.7
2026-09-29 12:58:06,Southern Owens Valley,S. Haiwee Reservoir Elevation,3720.5
2026-09-29 12:58:06,Southern Owens Valley,Haiwee LAA #1 Current Flow,0.0
2026-09-29 12:58:06,Southern Owens Valley,Haiwee LAA #2 Current Flow,119.3
2026-09-29 12:58:06,Southern Owens Valley,Reinhackel Flow,2.9
2026-09-29 12:58:06,Southern Owens Valley,Lubkin Spillgate Outflow,50.1
2026-09-29 12:58:06,Southern Owens Valley,Cartago Spillgate Outflow,104.6
2026-09-29 12:58:06,Southern Owens Valley,Lone Pine Creek Flow,5.4
2026-09-29 12:58:06,Lower Owens River Project,LORP Intake Flow,78.0
2026-09-29 12:58:06,Lower Owens River Project,LORP at Mazourka Canyon Road,0.0
2026-09-29 12:58:06,Lower Owens River Project,LORP at Reinhackle Springs,65.0
2026-09-29 12:58:06,Lower Owens River Project,LORP Above Pumpstation,59.0
2026-09-29 12:58:06,Lower Owens River Project,LORP At Pump Station Discharge Flow,48.0
2026-09-29 12:58:06,Southern District,Haiwee LAA #2 Current Flow,119.3
2026-09-29 12:58:06,Southern District,S. Haiwee Reservoir Elevation,3720.5
2026-09-29 12:58:06,Southern District,Haiwee LAA #1 Current Flow,0.0
2026-09-29 12:58:06,Southern District,Fairmont Reservoir Elevation,3023.4
2026-09-29 12:58:06,Southern District,LAA #1 Flow at Fairmont Reservoir,167.2
2026-09-29 12:58:06,Southern District,LAA #2 Flow at Fairmont Res.,150.4
2026-09-29 12:58:06,Southern District,Bouquet Reservoir Elevation,2977.8
2026-09-29 12:58:06,Southern District,Bouquet Reservoir Inflow,0.0
2026-09-29 12:58:06,Southern District,Bouquet Reservoir Outflow,0.7
2026-09-29 12:58:06,Southern District,LAA #1 at Soledad Flow,128.0
2026-09-29 12:58:06,Southern District,LAA #2 at Soledad Flow,208.3
2026-09-29 13:13:06,Mono Basin,Lee Vining Intake Above Flow,24.1
2026-09-29 13:13:06,Mono Basin,Lee Vining Intake Below Flow,23.6
2026-09-29 13:13:06,Mono Basin,Mono Lk. Elevation,6381.7
2026-09-29 13:13:06,Mono Basin,Walker Ck. Above Conduit Flow,2.0
2026-09-29 13:13:06,Mono Basin,L.V. Conduit Below Intake Flow,0.3
2026-09-29 13:13:06,Mono Basin,Walker Ck. Under Conduit Flow,2.0
2026-09-29 13:13:06,Mono Basin,Parker Ck. Under Conduit Flow,5.0
2026-09-29 13:13:06,Mono Basin,Parker Ck. Above Conduit Flow,6.0
2026-09-29 13:13:06,Mono Basin,Grant Lk. Spill Flow,0.0
2026-09-29 13:13:06,Mono Basin,Mono Gate 1 Return Ditch Flow,41.1
2026-09-29 13:13:06,Mono Basin,Grant Lk. Elevation,7128.2
2026-09-29 13:13:06,Mono Basin,Grant Lk. Outflow,39.0
2026-09-29 13:13:06,Mono Basin,Rush Ck. at Damsite Flow,23.7
2026-09-29 13:13:06,Mono Basin,Flow to West Portal,0.0
2026-09-29 13:13:06,Long Valley,East Portal Flow,12.0
2026-09-29 13:13:06,Long Valley,OR Below EP Flow,58.0
2026-09-29 13:13:06,Long Valley,Hot Ck.at Hwy. Flow,6.0
2026-09-29 13:13:06,Long Valley,McGee Ck. Lower Sta. Flow,8.0
2026-09-29 13:13:06,Long Valley,Long Valley Elevation,6765.6
2026-09-29 13:13:06,Long Valley,Long Valley Current Outflow,222.7
2026-09-29 13:13:06,Long Valley,Rock Ck. Div. Flow,0.0
2026-09-29 13:13:06,Long Valley,Upper Gorge Total Release,35.3
2026-09-29 13:13:06,Long Valley,Release at Middle Gorge,0.0
2026-09-29 13:13:06,Northern Owens Valley,Rock Ck. At Owens River (PV) Flow,28.1
2026-09-29 13:13:06,Northern Owens Valley,Pleasant Valley Elevation,4388.4
2026-09-29 13:13:06,Northern Owens Valley,Pleasant Valley Outflow,424.1
2026-09-29 13:13:06,Northern Owens Valley,Baker Ck. At LA Station Flow,6.2
2026-09-29 13:13:06,Northern Owens Valley,Big Pine Ck. USGS Flow,23.6
2026-09-29 13:13:06,Northern Owens Valley,O.R. Below Big Pine,452.5
2026-09-29 13:13:06,Northern Owens Valley,Fish Springs At RR Flow,35.1
2026-09-29 13:13:06,Northern Owens Valley,Tinemaha Reservoir Outflow,427.6
2026-09-29 13:13:06,Northern Owens Valley,Bishop Creek Through Plant 6,56.5
2026-09-29 13:13:06,Northern Owens Valley,Bishop Creek Around Plant 6,6.1
2026-09-29 13:13:06,Southern Owens Valley,Tinemaha Reservoir Outflow,427.6
2026-09-29 13:13:06,Southern Owens Valley,Indep. Ck. At Junction Flow,3.0
2026-09-29 13:13:06,Southern Owens Valley,LAA at Alabama Flow,392.0
2026-09-29 13:13:06,Southern Owens Valley,LAA at Alabama Level,7.7
2026-09-29 13:13:06,Southern Owens Valley,LAA at Alabama Water Temp,61.5
2026-09-29 13:13:06,Southern Owens Valley,Cottonwood Ck. At LAA Flow,0.0
2026-09-29 13:13:06,Southern Owens Valley,LAA at Cottonwood Flow,342.0
2026-09-29 13:13:06,Southern Owens Valley,LAA at Cottonwood Level,7.7
2026-09-29 13:13:06,Southern Owens Valley,LAA at Cotton. Water Temp,62.1
2026-09-29 13:13:06,Southern Owens Valley,N. Haiwee Elevation,3756.7
2026-09-29 13:13:06,Southern Owens Valley,S. Haiwee Reservoir Elevation,3720.5
2026-09-29 13:13:06,Southern Owens Valley,Haiwee LAA #1 Current Flow,0.0
2026-09-29 13:13:06,Southern Owens Valley,Haiwee LAA #2 Current Flow,119.3
2026-09-29 13:13:06,Southern Owens Valley,Reinhackel Flow,2.9
2026-09-29 13:13:06,Southern Owens Valley,Lubkin Spillgate Outflow,60.6
2026-09-29 13:13:06,Southern Owens Valley,Cartago Spillgate Outflow,104.6
2026-09-29 13:13:06,Southern Owens Valley,Lone Pine Creek Flow,5.4
2026-09-29 13:13:06,Lower Owens River Project,LORP Intake Flow,78.0
2026-09-29 13:13:06,Lower Owens River Project,LORP at Mazourka Canyon Road,0.0
2026-09-29 13:13:06,Lower Owens River Project,LORP at Reinhackle Springs,65.0
2026-09-29 13:13:06,Lower Owens River Project,LORP Above Pumpstation,59.0
2026-09-29 13:13:06,Lower Owens River Project,LORP At Pump Station Discharge Flow,48.0
2026-09-29 13:13:06,Southern District,Haiwee LAA #2 Current Flow,119.3
2026-09-29 13:13:06,Southern District,S. Haiwee Reservoir Elevation,3720.5
2026-09-29 13:13:06,Southern District,Haiwee LAA #1 Current Flow,0.0
2026-09-29 13:13:06,Southern District,Fairmont Reservoir Elevation,3023.4
2026-09-29 13:13:06,Southern District,LAA #1 Flow at Fairmont Reservoir,166.5
2026-09-29 13:13:06,Southern District,LAA #2 Flow at Fairmont Res.,150.2
2026-09-29 13:13:06,Southern District,Bouquet Reservoir Elevation,2977.8
2026-09-29 13:13:06,Southern District,Bouquet Reservoir Inflow,0.0
2026-09-29 13:13:06,Southern District,Bouquet Reservoir Outflow,0.7
2026-09-29 13:13:06,Southern District,LAA #1 at Soledad Flow,128.0
2026-09-29 13:13:06,Southern District,LAA #2 at Soledad Flow,208.3
2026-09-29 13:28:06,Mono Basin,Lee Vining Intake Above Flow,24.1
2026-09-29 13:28:06,Mono Basin,Lee Vining Intake Below Flow,23.6
2026-09-29 13:28:06,Mono Basin,Mono Lk. Elevation,6381.7
2026-09-29 13:28:06,Mono Basin,Walker Ck. Above Conduit Flow,2.0
2026-09-29 13:28:06,Mono Basin,L.V. Conduit Below Intake Flow,0.3
2026-09-29 13:28:06,Mono Basin,Walker Ck. Under Conduit Flow,2.0
2026-09-29 13:28:06,Mono Basin,Parker Ck. Under Conduit Flow,5.0
2026-09-29 13:28:06,Mono Basin,Parker Ck. Above Conduit Flow,6.0
2026-09-29 13:28:06,Mono Basin,Grant Lk. Spill Flow,0.0
2026-09-29 13:28:06,Mono Basin,Mono Gate 1 Return Ditch Flow,41.0
2026-09-29 13:28:06,Mono Basin,Grant Lk. Elevation,7128.2
2026-09-29 13:28:06,Mono Basin,Grant Lk. Outflow,39.5
2026-09-29 13:28:06,Mono Basin,Rush Ck. at Damsite Flow,23.7
2026-09-29 13:28:06,Mono Basin,Flow to West Portal,0.0
2026-09-29 13:28:06,Long Valley,East Portal Flow,12.0
2026-09-29 13:28:06,Long Valley,OR Below EP Flow,58.0
2026-09-29 13:28:06,Long Valley,Hot Ck.at Hwy. Flow,6.0
2026-09-29 13:28:06,Long Valley,McGee Ck. Lower Sta. Flow,8.0
2026-09-29 13:28:06,Long Valley,Long Valley Elevation,6765.6
2026-09-29 13:28:06,Long Valley,Long Valley Current Outflow,222.7
2026-09-29 13:28:06,Long Valley,Rock Ck. Div. Flow,0.0
2026-09-29 13:28:06,Long Valley,Upper Gorge Total Release,33.6
2026-09-29 13:28:06,Long Valley,Release at Middle Gorge,0.0
2026-09-29 13:28:06,Northern Owens Valley,Rock Ck. At Owens River (PV) Flow,28.1
2026-09-29 13:28:06,Northern Owens Valley,Pleasant Valley Elevation,4388.4
2026-09-29 13:28:06,Northern Owens Valley,Pleasant Valley Outflow,424.8
2026-09-29 13:28:06,Northern Owens Valley,Baker Ck. At LA Station Flow,6.2
2026-09-29 13:28:06,Northern Owens Valley,Big Pine Ck. USGS Flow,23.6
2026-09-29 13:28:06,Northern Owens Valley,O.R. Below Big Pine,453.3
2026-09-29 13:28:06,Northern Owens Valley,Fish Springs At RR Flow,35.1
2026-09-29 13:28:06,Northern Owens Valley,Tinemaha Elevation,3860.3
2026-09-29 13:28:06,Northern Owens Valley,Tinemaha Reservoir Outflow,426.8
2026-09-29 13:28:06,Northern Owens Valley,Bishop Creek Through Plant 6,62.6
2026-09-29 13:28:06,Northern Owens Valley,Bishop Creek Around Plant 6,6.1
2026-09-29 13:28:06,Southern Owens Valley,Tinemaha Elevation,3860.3
2026-09-29 13:28:06,Southern Owens Valley,Tinemaha Reservoir Outflow,426.8
2026-09-29 13:28:06,Southern Owens Valley,Indep. Ck. At Junction Flow,3.0
2026-09-29 13:28:06,Southern Owens Valley,LAA at Alabama Flow,392.0
2026-09-29 13:28:06,Southern Owens Valley,LAA at Alabama Level,7.7
2026-09-29 13:28:06,Southern Owens Valley,LAA at Alabama Water Temp,61.5
2026-09-29 13:28:06,Southern Owens Valley,Cottonwood Ck. At LAA Flow,0.0
2026-09-29 13:28:06,Southern Owens Valley,LAA at Cottonwood Flow,342.0
2026-09-29 13:28:06,Southern Owens Valley,LAA at Cottonwood Level,7.7
2026-09-29 13:28:06,Southern Owens Valley,LAA at Cotton. Water Temp,62.1
2026-09-29 13:28:06,Southern Owens Valley,N. Haiwee Elevation,3756.7
2026-09-29 13:28:06,Southern Owens Valley,S. Haiwee Reservoir Elevation,3720.5
2026-09-29 13:28:06,Southern Owens Valley,Haiwee LAA #1 Current Flow,0.0
2026-09-29 13:28:06,Southern Owens Valley,Haiwee LAA #2 Current Flow,119.3
2026-09-29 13:28:06,Southern Owens Valley,Reinhackel Flow,2.9
2026-09-29 13:28:06,Southern Owens Valley,Lubkin Spillgate Outflow,69.6
2026-09-29 13:28:06,Southern Owens Valley,Cartago Spillgate Outflow,112.8
2026-09-29 13:28:06,Southern Owens Valley,Lone Pine Creek Flow,5.4
2026-09-29 13:28:06,Lower Owens River Project,LORP Intake Flow,78.0
2026-09-29 13:28:06,Lower Owens River Project,LORP at Mazourka Canyon Road,0.0
2026-09-29 13:28:06,Lower Owens River Project,LORP at Reinhackle Springs,62.0
2026-09-29 13:28:06,Lower Owens River Project,LORP Above Pumpstation,58.0
2026-09-29 13:28:06,Lower Owens River Project,LORP At Pump Station Discharge Flow,48.0
2026-09-29 13:28:06,Southern District,Haiwee LAA #2 Current Flow,119.3
2026-09-29 13:28:06,Southern District,S. Haiwee Reservoir Elevation,3720.5
2026-09-29 13:28:06,Southern District,Haiwee LAA #1 Current Flow,0.0
2026-09-29 13:28:06,Southern District,Fairmont Reservoir Elevation,3023.3
2026-09-29 13:28:06,Southern District,LAA #1 Flow at Fairmont Reservoir,166.4
2026-09-29 13:28:06,Southern District,LAA #2 Flow at Fairmont Res.,149.4
2026-09-29 13:28:06,Southern District,Bouquet Reservoir Elevation,2977.8
2026-09-29 13:28:06,Southern District,Bouquet Reservoir Inflow,0.0
2026-09-29 13:28:06,Southern District,Bouquet Reservoir Outflow,0.7
2026-09-29 13:28:06,Southern District,LAA #1 at Soledad Flow,128.0
2026-09-29 13:28:06,Southern District,LAA #2 at Soledad Flow,208.3
2026-09-29 13:43:06,Mono Basin,Lee Vining Intake Above Flow,24.5
2026-09-29 13:43:06,Mono Basin,Lee Vining Intake Below Flow,24.2
2026-09-29 13:43:06,Mono Basin,Mono Lk. Elevation,6381.7
2026-09-29 13:43:06,Mono Basin,Walker Ck. Above Conduit Flow,2.0
2026-09-29 13:43:06,Mono Basin,L.V. Conduit Below Intake Flow,0.3
2026-09-29 13:43:06,Mono Basin,Walker Ck. Under Conduit Flow,2.0
2026-09-29 13:43:06,Mono Basin,Parker Ck. Under Conduit Flow,5.0
2026-09-29 13:43:06,Mono Basin,Parker Ck. Above Conduit Flow,6.0
2026-09-29 13:43:06,Mono Basin,Grant Lk. Spill Flow,0.0
2026-09-29 13:43:06,Mono Basin,Mono Gate 1 Return Ditch Flow,41.0
2026-09-29 13:43:06,Mono Basin,Grant Lk. Elevation,7128.2
2026-09-29 13:43:06,Mono Basin,Grant Lk. Outflow,39.5
2026-09-29 13:43:06,Mono Basin,Rush Ck. at Damsite Flow,23.7
2026-09-29 13:43:06,Mono Basin,Flow to West Portal,0.0
2026-09-29 13:43:06,Long Valley,East Portal Flow,12.0
2026-09-29 13:43:06,Long Valley,OR Below EP Flow,58.0
2026-09-29 13:43:06,Long Valley,Hot Ck.at Hwy. Flow,6.0
2026-09-29 13:43:06,Long Valley,McGee Ck. Lower Sta. Flow,8.0
2026-09-29 13:43:06,Long Valley,Long Valley Elevation,6765.6
2026-09-29 13:43:06,Long Valley,Long Valley Current Outflow,222.7
2026-09-29 13:43:06,Long Valley,Rock Ck. Div. Flow,0.0
2026-09-29 13:43:06,Long Valley,Upper Gorge Total Release,36.2
2026-09-29 13:43:06,Long Valley,Release at Middle Gorge,0.0
2026-09-29 13:43:06,Northern Owens Valley,Rock Ck. At Owens River (PV) Flow,28.1
2026-09-29 13:43:06,Northern Owens Valley,Pleasant Valley Elevation,4388.3
2026-09-29 13:43:06,Northern Owens Valley,Pleasant Valley Outflow,424.8
2026-09-29 13:43:06,Northern Owens Valley,Baker Ck. At LA Station Flow,6.2
2026-09-29 13:43:06,Northern Owens Valley,Big Pine Ck. USGS Flow,23.6
2026-09-29 13:43:06,Northern Owens Valley,O.R. Below Big Pine,453.1
2026-09-29 13:43:06,Northern Owens Valley,Fish Springs At RR Flow,35.1
2026-09-29 13:43:06,Northern Owens Valley,Tinemaha Reservoir Outflow,426.8
2026-09-29 13:43:06,Northern Owens Valley,Bishop Creek Through Plant 6,62.1
2026-09-29 13:43:06,Northern Owens Valley,Bishop Creek Around Plant 6,6.1
2026-09-29 13:43:06,Southern Owens Valley,Tinemaha Reservoir Outflow,426.8
2026-09-29 13:43:06,Southern Owens Valley,Indep. Ck. At Junction Flow,3.0
2026-09-29 13:43:06,Southern Owens Valley,LAA at Alabama Flow,392.0
2026-09-29 13:43:06,Southern Owens Valley,LAA at Alabama Level,7.7
2026-09-29 13:43:06,Southern Owens Valley,LAA at Alabama Water Temp,61.5
2026-09-29 13:43:06,Southern Owens Valley,Cottonwood Ck. At LAA Flow,0.0
2026-09-29 13:43:06,Southern Owens Valley,LAA at Cottonwood Flow,342.0
2026-09-29 13:43:06,Southern Owens Valley,LAA at Cottonwood Level,7.7
2026-09-29 13:43:06,Southern Owens Valley,LAA at Cotton. Water Temp,62.3
2026-09-29 13:43:06,Southern Owens Valley,N. Haiwee Elevation,3756.7
2026-09-29 13:43:06,Southern Owens Valley,S. Haiwee Reservoir Elevation,3720.5
2026-09-29 13:43:06,Southern Owens Valley,Haiwee LAA #1 Current Flow,0.0
2026-09-29 13:43:06,Southern Owens Valley,Haiwee LAA #2 Current Flow,119.3
2026-09-29 13:43:06,Southern Owens Valley,Reinhackel Flow,2.9
2026-09-29 13:43:06,Southern Owens Valley,Lubkin Spillgate Outflow,60.2
2026-09-29 13:43:06,Southern Owens Valley,Cartago Spillgate Outflow,114.6
2026-09-29 13:43:06,Southern Owens Valley,Lone Pine Creek Flow,5.4
2026-09-29 13:43:06,Lower Owens River Project,LORP Intake Flow,78.0
2026-09-29 13:43:06,Lower Owens River Project,LORP at Mazourka Canyon Road,0.0
2026-09-29 13:43:06,Lower Owens River Project,LORP at Reinhackle Springs,62.0
2026-09-29 13:43:06,Lower Owens River Project,LORP Above Pumpstation,59.0
2026-09-29 13:43:06,Lower Owens River Project,LORP At Pump Station Discharge Flow,48.0
2026-09-29 13:43:06,Southern District,Haiwee LAA #2 Current Flow,119.3
2026-09-29 13:43:06,Southern District,S. Haiwee Reservoir Elevation,3720.5
2026-09-29 13:43:06,Southern District,Haiwee LAA #1 Current Flow,0.0
2026-09-29 13:43:06,Southern District,Fairmont Reservoir Elevation,3023.3
2026-09-29 13:43:06,Southern District,LAA #1 Flow at Fairmont Reservoir,166.5
2026-09-29 13:43:06,Southern District,LAA #2 Flow at Fairmont Res.,149.3
2026-09-29 13:43:06,Southern District,Bouquet Reservoir Elevation,2977.8
2026-09-29 13:43:06,Southern District,Bouquet Reservoir Inflow,0.0
2026-09-29 13:43:06,Southern District,Bouquet Reservoir Outflow,0.7
2026-09-29 13:43:06,Southern District,LAA #1 at Soledad Flow,128.0
2026-09-29 13:43:06,Southern District,LAA #2 at Soledad Flow,208.3
2026-09-29 13:58:06,Mono Basin,Lee Vining Intake Above Flow,24.5
2026-09-29 13:58:06,Mono Basin,Lee Vining Intake Below Flow,24.2
2026-09-29 13:58:06,Mono Basin,Mono Lk. Elevation,6381.7
2026-09-29 13:58:06,Mono Basin,Walker Ck. Above Conduit Flow,2.0
2026-09-29 13:58:06,Mono Basin,L.V. Conduit Below Intake Flow,0.3
2026-09-29 13:58:06,Mono Basin,Walker Ck. Under Conduit Flow,2.0
2026-09-29 13:58:06,Mono Basin,Parker Ck. Under Conduit Flow,5.0
2026-09-29 13:58:06,Mono Basin,Parker Ck. Above Conduit Flow,6.0
2026-09-29 13:58:06,Mono Basin,Grant Lk. Spill Flow,0.0
2026-09-29 13:58:06,Mono Basin,Mono Gate 1 Return Ditch Flow,41.1
2026-09-29 13:58:06,Mono Basin,Grant Lk. Elevation,7128.2
2026-09-29 13:58:06,Mono Basin,Grant Lk. Outflow,39.5
2026-09-29 13:58:06,Mono Basin,Rush Ck. at Damsite Flow,23.7
2026-09-29 13:58:06,Mono Basin,Flow to West Portal,0.0
2026-09-29 13:58:06,Long Valley,East Portal Flow,12.0
2026-09-29 13:58:06,Long Valley,OR Below EP Flow,58.0
2026-09-29 13:58:06,Long Valley,Hot Ck.at Hwy. Flow,6.0
2026-09-29 13:58:06,Long Valley,McGee Ck. Lower Sta. Flow,8.0
2026-09-29 13:58:06,Long Valley,Long Valley Elevation,6765.6
2026-09-29 13:58:06,Long Valley,Long Valley Current Outflow,222.7
2026-09-29 13:58:06,Long Valley,Rock Ck. Div. Flow,0.0
2026-09-29 13:58:06,Long Valley,Upper Gorge Total Release,34.6
2026-09-29 13:58:06,Long Valley,Release at Middle Gorge,0.0
2026-09-29 13:58:06,Northern Owens Valley,Rock Ck. At Owens River (PV) Flow,28.1
2026-09-29 13:58:06,Northern Owens Valley,Pleasant Valley Elevation,4388.3
2026-09-29 13:58:06,Northern Owens Valley,Pleasant Valley Outflow,425.1
2026-09-29 13:58:06,Northern Owens Valley,Baker Ck. At LA Station Flow,6.2
2026-09-29 13:58:06,Northern Owens Valley,Big Pine Ck. USGS Flow,23.6
2026-09-29 13:58:06,Northern Owens Valley,O.R. Below Big Pine,453.2
2026-09-29 13:58:06,Northern Owens Valley,Fish Springs At RR Flow,35.1
2026-09-29 13:58:06,Northern Owens Valley,Tinemaha Elevation,3860.3
2026-09-29 13:58:06,Northern Owens Valley,Tinemaha Reservoir Outflow,426.8
2026-09-29 13:58:06,Northern Owens Valley,Bishop Creek Through Plant 6,62.1
2026-09-29 13:58:06,Northern Owens Valley,Bishop Creek Around Plant 6,6.1
2026-09-29 13:58:06,Southern Owens Valley,Tinemaha Elevation,3860.3
2026-09-29 13:58:06,Southern Owens Valley,Tinemaha Reservoir Outflow,426.8
2026-09-29 13:58:06,Southern Owens Valley,Indep. Ck. At Junction Flow,3.0
2026-09-29 13:58:06,Southern Owens Valley,LAA at Alabama Flow,392.0
2026-09-29 13:58:06,Southern Owens Valley,LAA at Alabama Level,7.7
2026-09-29 13:58:06,Southern Owens Valley,LAA at Alabama Water Temp,61.5
2026-09-29 13:58:06,Southern Owens Valley,Cottonwood Ck. At LAA Flow,0.0
2026-09-29 13:58:06,Southern Owens Valley,LAA at Cottonwood Flow,342.0
2026-09-29 13:58:06,Southern Owens Valley,LAA at Cottonwood Level,7.7
2026-09-29 13:58:06,Southern Owens Valley,LAA at Cotton. Water Temp,62.3
2026-09-29 13:58:06,Southern Owens Valley,N. Haiwee Elevation,3756.7
2026-09-29 13:58:06,Southern Owens Valley,S. Haiwee Reservoir Elevation,3720.5
2026-09-29 13:58:06,Southern Owens Valley,Haiwee LAA #1 Current Flow,0.0
2026-09-29 13:58:06,Southern Owens Valley,Haiwee LAA #2 Current Flow,119.3
2026-09-29 13:58:06,Southern Owens Valley,Reinhackel Flow,2.9
2026-09-29 13:58:06,Southern Owens Valley,Lubkin Spillgate Outflow,55.4
2026-09-29 13:58:06,Southern Owens Valley,Cartago Spillgate Outflow,109.1
2026-09-29 13:58:06,Southern Owens Valley,Lone Pine Creek Flow,5.4
2026-09-29 13:58:06,Lower Owens River Project,LORP Intake Flow,78.0
2026-09-29 13:58:06,Lower Owens River Project,LORP at Mazourka Canyon Road,0.0
2026-09-29 13:58:06,Lower Owens River Project,LORP at Reinhackle Springs,62.0
2026-09-29 13:58:06,Lower Owens River Project,LORP Above Pumpstation,59.0
2026-09-29 13:58:06,Lower Owens River Project,LORP At Pump Station Discharge Flow,48.0
2026-09-29 13:58:06,Southern District,Haiwee LAA #2 Current Flow,119.3
2026-09-29 13:58:06,Southern District,S. Haiwee Reservoir Elevation,3720.5
2026-09-29 13:58:06,Southern District,Haiwee LAA #1 Current Flow,0.0
2026-09-29 13:58:06,Southern District,Fairmont Reservoir Elevation,3023.3
2026-09-29 13:58:06,Southern District,LAA #1 Flow at Fairmont Reservoir,162.1
2026-09-29 13:58:06,Southern District,LAA #2 Flow at Fairmont Res.,149.5
2026-09-29 13:58:06,Southern District,Bouquet Reservoir Elevation,2977.8
2026-09-29 13:58:06,Southern District,Bouquet Reservoir Inflow,0.0
2026-09-29 13:58:06,Southern District,Bouquet Reservoir Outflow,91.5
2026-09-29 13:58:06,Southern District,LAA #1 at Soledad Flow,128.0
2026-09-29 13:58:06,Southern District,LAA #2 at Soledad Flow,202.9
2026-09-29 14:13:06,Mono Basin,Lee Vining Intake Above Flow,24.6
2026-09-29 14:13:06,Mono Basin,Lee Vining Intake Below Flow,27.2
2026-09-29 14:13:06,Mono Basin,Mono Lk. Elevation,6381.7
2026-09-29 14:13:06,Mono Basin,Walker Ck. Above Conduit Flow,2.0
2026-09-29 14:13:06,Mono Basin,L.V. Conduit Below Intake Flow,0.3
2026-09-29 14:13:06,Mono Basin,Walker Ck. Under Conduit Flow,2.0
2026-09-29 14:13:06,Mono Basin,Parker Ck. Under Conduit Flow,5.0
2026-09-29 14:13:06,Mono Basin,Parker Ck. Above Conduit Flow,6.0
2026-09-29 14:13:06,Mono Basin,Grant Lk. Spill Flow,0.0
2026-09-29 14:13:06,Mono Basin,Mono Gate 1 Return Ditch Flow,41.1
2026-09-29 14:13:06,Mono Basin,Grant Lk. Elevation,7128.2
2026-09-29 14:13:06,Mono Basin,Grant Lk. Outflow,39.5
2026-09-29 14:13:06,Mono Basin,Rush Ck. at Damsite Flow,23.7
2026-09-29 14:13:06,Mono Basin,Flow to West Portal,0.0
2026-09-29 14:13:06,Long Valley,East Portal Flow,12.0
2026-09-29 14:13:06,Long Valley,OR Below EP Flow,58.0
2026-09-29 14:13:06,Long Valley,Hot Ck.at Hwy. Flow,6.0
2026-09-29 14:13:06,Long Valley,McGee Ck. Lower Sta. Flow,8.0
2026-09-29 14:13:06,Long Valley,Long Valley Elevation,6765.6
2026-09-29 14:13:06,Long Valley,Long Valley Current Outflow,222.7
2026-09-29 14:13:06,Long Valley,Rock Ck. Div. Flow,0.0
2026-09-29 14:13:06,Long Valley,Upper Gorge Total Release,34.6
2026-09-29 14:13:06,Long Valley,Release at Middle Gorge,0.0
2026-09-29 14:13:06,Northern Owens Valley,Rock Ck. At Owens River (PV) Flow,28.1
2026-09-29 14:13:06,Northern Owens Valley,Pleasant Valley Elevation,4388.3
2026-09-29 14:13:06,Northern Owens Valley,Pleasant Valley Outflow,424.3
2026-09-29 14:13:06,Northern Owens Valley,Baker Ck. At LA Station Flow,6.2
2026-09-29 14:13:06,Northern Owens Valley,Big Pine Ck. USGS Flow,23.3
2026-09-29 14:13:06,Northern Owens Valley,O.R. Below Big Pine,453.1
2026-09-29 14:13:06,Northern Owens Valley,Fish Springs At RR Flow,35.1
2026-09-29 14:13:06,Northern Owens Valley,Tinemaha Reservoir Outflow,426.8
2026-09-29 14:13:06,Northern Owens Valley,Bishop Creek Through Plant 6,62.1
2026-09-29 14:13:06,Northern Owens Valley,Bishop Creek Around Plant 6,6.1
2026-09-29 14:13:06,Southern Owens Valley,Tinemaha Reservoir Outflow,426.8
2026-09-29 14:13:06,Southern Owens Valley,Indep. Ck. At Junction Flow,3.0
2026-09-29 14:13:06,Southern Owens Valley,LAA at Alabama Flow,393.0
2026-09-29 14:13:06,Southern Owens Valley,LAA at Alabama Level,7.7
2026-09-29 14:13:06,Southern Owens Valley,LAA at Alabama Water Temp,62.1
2026-09-29 14:13:06,Southern Owens Valley,Cottonwood Ck. At LAA Flow,0.0
2026-09-29 14:13:06,Southern Owens Valley,LAA at Cottonwood Flow,341.0
2026-09-29 14:13:06,Southern Owens Valley,LAA at Cottonwood Level,7.7
2026-09-29 14:13:06,Southern Owens Valley,LAA at Cotton. Water Temp,62.5
2026-09-29 14:13:06,Southern Owens Valley,N. Haiwee Elevation,3756.7
2026-09-29 14:13:06,Southern Owens Valley,S. Haiwee Reservoir Elevation,3720.5
2026-09-29 14:13:06,Southern Owens Valley,Haiwee LAA #1 Current Flow,0.0
2026-09-29 14:13:06,Southern Owens Valley,Haiwee LAA #2 Current Flow,119.3
2026-09-29 14:13:06,Southern Owens Valley,Reinhackel Flow,2.9
2026-09-29 14:13:06,Southern Owens Valley,Lubkin Spillgate Outflow,55.4
2026-09-29 14:13:06,Southern Owens Valley,Cartago Spillgate Outflow,105.5
2026-09-29 14:13:06,Southern Owens Valley,Lone Pine Creek Flow,5.3
2026-09-29 14:13:06,Lower Owens River Project,LORP Intake Flow,78.0
2026-09-29 14:13:06,Lower Owens River Project,LORP at Mazourka Canyon Road,0.0
2026-09-29 14:13:06,Lower Owens River Project,LORP at Reinhackle Springs,62.0
2026-09-29 14:13:06,Lower Owens River Project,LORP Above Pumpstation,58.0
2026-09-29 14:13:06,Lower Owens River Project,LORP At Pump Station Discharge Flow,48.0
2026-09-29 14:13:06,Southern District,Haiwee LAA #2 Current Flow,119.3
2026-09-29 14:13:06,Southern District,S. Haiwee Reservoir Elevation,3720.5
2026-09-29 14:13:06,Southern District,Haiwee LAA #1 Current Flow,0.0
2026-09-29 14:13:06,Southern District,Fairmont Reservoir Elevation,3023.3
2026-09-29 14:13:06,Southern District,LAA #1 Flow at Fairmont Reservoir,162.8
2026-09-29 14:13:06,Southern District,LAA #2 Flow at Fairmont Res.,149.3
2026-09-29 14:13:06,Southern District,Bouquet Reservoir Elevation,2977.8
2026-09-29 14:13:06,Southern District,Bouquet Reservoir Inflow,0.0
2026-09-29 14:13:06,Southern District,Bouquet Reservoir Outflow,101.3
2026-09-29 14:13:06,Southern District,LAA #1 at Soledad Flow,124.9
2026-09-29 14:13:06,Southern District,LAA #2 at Soledad Flow,202.9
2026-09-29 14:28:06,Mono Basin,Lee Vining Intake Above Flow,24.6
2026-09-29 14:28:06,Mono Basin,Lee Vining Intake Below Flow,27.2
2026-09-29 14:28:06,Mono Basin,Mono Lk. Elevation,6381.7
2026-09-29 14:28:06,Mono Basin,Walker Ck. Above Conduit Flow,2.0
2026-09-29 14:28:06,Mono Basin,L.V. Conduit Below Intake Flow,0.3
2026-09-29 14:28:06,Mono Basin,Walker Ck. Under Conduit Flow,2.0
2026-09-29 14:28:06,Mono Basin,Parker Ck. Under Conduit Flow,5.0
2026-09-29 14:28:06,Mono Basin,Parker Ck. Above Conduit Flow,6.0
2026-09-29 14:28:06,Mono Basin,Grant Lk. Spill Flow,0.0
2026-09-29 14:28:06,Mono Basin,Mono Gate 1 Return Ditch Flow,41.1
2026-09-29 14:28:06,Mono Basin,Grant Lk. Elevation,7128.2
2026-09-29 14:28:06,Mono Basin,Grant Lk. Outflow,39.5
2026-09-29 14:28:06,Mono Basin,Rush Ck. at Damsite Flow,23.7
2026-09-29 14:28:06,Mono Basin,Flow to West Portal,0.0
2026-09-29 14:28:06,Long Valley,East Portal Flow,13.0
2026-09-29 14:28:06,Long Valley,OR Below EP Flow,58.0
2026-09-29 14:28:06,Long Valley,Hot Ck.at Hwy. Flow,6.0
2026-09-29 14:28:06,Long Valley,McGee Ck. Lower Sta. Flow,8.0
2026-09-29 14:28:06,Long Valley,Long Valley Elevation,6765.6
2026-09-29 14:28:06,Long Valley,Long Valley Current Outflow,222.5
2026-09-29 14:28:06,Long Valley,Rock Ck. Div. Flow,0.0
2026-09-29 14:28:06,Long Valley,Upper Gorge Total Release,34.8
2026-09-29 14:28:06,Long Valley,Release at Middle Gorge,0.0
2026-09-29 14:28:06,Northern Owens Valley,Rock Ck. At Owens River (PV) Flow,28.1
2026-09-29 14:28:06,Northern Owens Valley,Pleasant Valley Elevation,4388.2
2026-09-29 14:28:06,Northern Owens Valley,Pleasant Valley Outflow,424.1
2026-09-29 14:28:06,Northern Owens Valley,Baker Ck. At LA Station Flow,6.2
2026-09-29 14:28:06,Northern Owens Valley,Big Pine Ck. USGS Flow,23.3
2026-09-29 14:28:06,Northern Owens Valley,O.R. Below Big Pine,453.4
2026-09-29 14:28:06,Northern Owens Valley,Fish Springs At RR Flow,35.1
2026-09-29 14:28:06,Northern Owens Valley,Tinemaha Elevation,3860.3
2026-09-29 14:28:06,Northern Owens Valley,Tinemaha Reservoir Outflow,426.8
2026-09-29 14:28:06,Northern Owens Valley,Bishop Creek Through Plant 6,62.1
2026-09-29 14:28:06,Northern Owens Valley,Bishop Creek Around Plant 6,6.1
2026-09-29 14:28:06,Southern Owens Valley,Tinemaha Elevation,3860.3
2026-09-29 14:28:06,Southern Owens Valley,Tinemaha Reservoir Outflow,426.8
2026-09-29 14:28:06,Southern Owens Valley,Indep. Ck. At Junction Flow,3.0
2026-09-29 14:28:06,Southern Owens Valley,LAA at Alabama Flow,393.0
2026-09-29 14:28:06,Southern Owens Valley,LAA at Alabama Level,7.7
2026-09-29 14:28:06,Southern Owens Valley,LAA at Alabama Water Temp,62.1
2026-09-29 14:28:06,Southern Owens Valley,Cottonwood Ck. At LAA Flow,0.0
2026-09-29 14:28:06,Southern Owens Valley,LAA at Cottonwood Flow,341.0
2026-09-29 14:28:06,Southern Owens Valley,LAA at Cottonwood Level,7.7
2026-09-29 14:28:06,Southern Owens Valley,LAA at Cotton. Water Temp,62.5
2026-09-29 14:28:06,Southern Owens Valley,N. Haiwee Elevation,3756.7
2026-09-29 14:28:06,Southern Owens Valley,S. Haiwee Reservoir Elevation,3720.5
2026-09-29 14:28:06,Southern Owens Valley,Haiwee LAA #1 Current Flow,0.0
2026-09-29 14:28:06,Southern Owens Valley,Haiwee LAA #2 Current Flow,119.3
2026-09-29 14:28:06,Southern Owens Valley,Reinhackel Flow,2.9
2026-09-29 14:28:06,Southern Owens Valley,Lubkin Spillgate Outflow,55.4
2026-09-29 14:28:06,Southern Owens Valley,Cartago Spillgate Outflow,106.9
2026-09-29 14:28:06,Southern Owens Valley,Lone Pine Creek Flow,5.3
2026-09-29 14:28:06,Lower Owens River Project,LORP Intake Flow,78.0
2026-09-29 14:28:06,Lower Owens River Project,LORP at Mazourka Canyon Road,0.0
2026-09-29 14:28:06,Lower Owens River Project,LORP at Reinhackle Springs,63.0
2026-09-29 14:28:06,Lower Owens River Project,LORP Above Pumpstation,59.0
2026-09-29 14:28:06,Lower Owens River Project,LORP At Pump Station Discharge Flow,48.0
2026-09-29 14:28:06,Southern District,Haiwee LAA #2 Current Flow,119.3
2026-09-29 14:28:06,Southern District,S. Haiwee Reservoir Elevation,3720.5
2026-09-29 14:28:06,Southern District,Haiwee LAA #1 Current Flow,0.0
2026-09-29 14:28:06,Southern District,Fairmont Reservoir Elevation,3023.2
2026-09-29 14:28:06,Southern District,LAA #1 Flow at Fairmont Reservoir,160.3
2026-09-29 14:28:06,Southern District,LAA #2 Flow at Fairmont Res.,149.2
2026-09-29 14:28:06,Southern District,Bouquet Reservoir Elevation,2977.8
2026-09-29 14:28:06,Southern District,Bouquet Reservoir Inflow,0.0
2026-09-29 14:28:06,Southern District,Bouquet Reservoir Outflow,32.3
2026-09-29 14:28:06,Southern District,LAA #1 at Soledad Flow,124.9
2026-09-29 14:28:06,Southern District,LAA #2 at Soledad Flow,202.9
2026-09-29 14:43:06,Mono Basin,Lee Vining Intake Above Flow,25.4
2026-09-29 14:43:06,Mono Basin,Lee Vining Intake Below Flow,25.5
2026-09-29 14:43:06,Mono Basin,Mono Lk. Elevation,6381.7
2026-09-29 14:43:06,Mono Basin,Walker Ck. Above Conduit Flow,2.0
2026-09-29 14:43:06,Mono Basin,L.V. Conduit Below Intake Flow,0.3
2026-09-29 14:43:06,Mono Basin,Walker Ck. Under Conduit Flow,2.0
2026-09-29 14:43:06,Mono Basin,Parker Ck. Under Conduit Flow,5.0
2026-09-29 14:43:06,Mono Basin,Parker Ck. Above Conduit Flow,6.0
2026-09-29 14:43:06,Mono Basin,Grant Lk. Spill Flow,0.0
2026-09-29 14:43:06,Mono Basin,Mono Gate 1 Return Ditch Flow,41.1
2026-09-29 14:43:06,Mono Basin,Grant Lk. Elevation,7128.2
2026-09-29 14:43:06,Mono Basin,Grant Lk. Outflow,39.5
2026-09-29 14:43:06,Mono Basin,Rush Ck. at Damsite Flow,23.7
2026-09-29 14:43:06,Mono Basin,Flow to West Portal,0.0
2026-09-29 14:43:06,Long Valley,East Portal Flow,12.0
2026-09-29 14:43:06,Long Valley,OR Below EP Flow,58.0
2026-09-29 14:43:06,Long Valley,Hot Ck.at Hwy. Flow,6.0
2026-09-29 14:43:06,Long Valley,McGee Ck. Lower Sta. Flow,8.0
2026-09-29 14:43:06,Long Valley,Long Valley Elevation,6765.6
2026-09-29 14:43:06,Long Valley,Long Valley Current Outflow,222.5
2026-09-29 14:43:06,Long Valley,Rock Ck. Div. Flow,0.0
2026-09-29 14:43:06,Long Valley,Upper Gorge Total Release,36.5
2026-09-29 14:43:06,Long Valley,Release at Middle Gorge,0.0
2026-09-29 14:43:06,Northern Owens Valley,Rock Ck. At Owens River (PV) Flow,28.1
2026-09-29 14:43:06,Northern Owens Valley,Pleasant Valley Elevation,4388.2
2026-09-29 14:43:06,Northern Owens Valley,Pleasant Valley Outflow,424.6
2026-09-29 14:43:06,Northern Owens Valley,Baker Ck. At LA Station Flow,6.2
2026-09-29 14:43:06,Northern Owens Valley,Big Pine Ck. USGS Flow,23.3
2026-09-29 14:43:06,Northern Owens Valley,O.R. Below Big Pine,452.6
2026-09-29 14:43:06,Northern Owens Valley,Fish Springs At RR Flow,35.1
2026-09-29 14:43:06,Northern Owens Valley,Tinemaha Reservoir Outflow,426.8
2026-09-29 14:43:06,Northern Owens Valley,Bishop Creek Through Plant 6,62.1
2026-09-29 14:43:06,Northern Owens Valley,Bishop Creek Around Plant 6,6.1
2026-09-29 14:43:06,Southern Owens Valley,Tinemaha Reservoir Outflow,426.8
2026-09-29 14:43:06,Southern Owens Valley,Indep. Ck. At Junction Flow,3.0
2026-09-29 14:43:06,Southern Owens Valley,LAA at Alabama Flow,393.0
2026-09-29 14:43:06,Southern Owens Valley,LAA at Alabama Level,7.7
2026-09-29 14:43:06,Southern Owens Valley,LAA at Alabama Water Temp,62.1
2026-09-29 14:43:06,Southern Owens Valley,Cottonwood Ck. At LAA Flow,0.0
2026-09-29 14:43:06,Southern Owens Valley,LAA at Cottonwood Flow,341.0
2026-09-29 14:43:06,Southern Owens Valley,LAA at Cottonwood Level,7.7
2026-09-29 14:43:06,Southern Owens Valley,LAA at Cotton. Water Temp,62.8
2026-09-29 14:43:06,Southern Owens Valley,N. Haiwee Elevation,3756.7
2026-09-29 14:43:06,Southern Owens Valley,S. Haiwee Reservoir Elevation,3720.5
2026-09-29 14:43:06,Southern Owens Valley,Haiwee LAA #1 Current Flow,0.0
2026-09-29 14:43:06,Southern Owens Valley,Haiwee LAA #2 Current Flow,119.3
2026-09-29 14:43:06,Southern Owens Valley,Reinhackel Flow,2.9
2026-09-29 14:43:06,Southern Owens Valley,Lubkin Spillgate Outflow,54.2
2026-09-29 14:43:06,Southern Owens Valley,Cartago Spillgate Outflow,113.1
2026-09-29 14:43:06,Southern Owens Valley,Lone Pine Creek Flow,5.2
2026-09-29 14:43:06,Lower Owens River Project,LORP Intake Flow,81.0
2026-09-29 14:43:06,Lower Owens River Project,LORP at Mazourka Canyon Road,0.0
2026-09-29 14:43:06,Lower Owens River Project,LORP at Reinhackle Springs,63.0
2026-09-29 14:43:06,Lower Owens River Project,LORP Above Pumpstation,57.0
2026-09-29 14:43:06,Lower Owens River Project,LORP At Pump Station Discharge Flow,47.0
2026-09-29 14:43:06,Southern District,Haiwee LAA #2 Current Flow,119.3
2026-09-29 14:43:06,Southern District,S. Haiwee Reservoir Elevation,3720.5
2026-09-29 14:43:06,Southern District,Haiwee LAA #1 Current Flow,0.0
2026-09-29 14:43:06,Southern District,Fairmont Reservoir Elevation,3023.3
2026-09-29 14:43:06,Southern District,LAA #1 Flow at Fairmont Reservoir,159.3
2026-09-29 14:43:06,Southern District,LAA #2 Flow at Fairmont Res.,149.1
2026-09-29 14:43:06,Southern District,Bouquet Reservoir Elevation,2977.8
2026-09-29 14:43:06,Southern District,Bouquet Reservoir Inflow,0.0
2026-09-29 14:43:06,Southern District,Bouquet Reservoir Outflow,28.4
2026-09-29 14:43:06,Southern District,LAA #1 at Soledad Flow,124.9
2026-09-29 14:43:06,Southern District,LAA #2 at Soledad Flow,202.9
2026-09-29 14:58:06,Mono Basin,Lee Vining Intake Above Flow,25.4
2026-09-29 14:58:06,Mono Basin,Lee Vining Intake Below Flow,25.5
2026-09-29 14:58:06,Mono Basin,Mono Lk. Elevation,6381.7
2026-09-29 14:58:06,Mono Basin,Walker Ck. Above Conduit Flow,2.0
2026-09-29 14:58:06,Mono Basin,L.V. Conduit Below Intake Flow,0.3
2026-09-29 14:58:06,Mono Basin,Walker Ck. Under Conduit Flow,2.0
2026-09-29 14:58:06,Mono Basin,Parker Ck. Under Conduit Flow,5.0
2026-09-29 14:58:06,Mono Basin,Parker Ck. Above Conduit Flow,6.0
2026-09-29 14:58:06,Mono Basin,Grant Lk. Spill Flow,0.0
2026-09-29 14:58:06,Mono Basin,Mono Gate 1 Return Ditch Flow,41.1
2026-09-29 14:58:06,Mono Basin,Grant Lk. Elevation,7128.2
2026-09-29 14:58:06,Mono Basin,Grant Lk. Outflow,39.5
2026-09-29 14:58:06,Mono Basin,Rush Ck. at Damsite Flow,23.7
2026-09-29 14:58:06,Mono Basin,Flow to West Portal,0.0
2026-09-29 14:58:06,Long Valley,East Portal Flow,12.0
2026-09-29 14:58:06,Long Valley,OR Below EP Flow,58.0
2026-09-29 14:58:06,Long Valley,Hot Ck.at Hwy. Flow,6.0
2026-09-29 14:58:06,Long Valley,McGee Ck. Lower Sta. Flow,8.0
2026-09-29 14:58:06,Long Valley,Long Valley Elevation,6765.6
2026-09-29 14:58:06,Long Valley,Long Valley Current Outflow,222.5
2026-09-29 14:58:06,Long Valley,Rock Ck. Div. Flow,0.0
2026-09-29 14:58:06,Long Valley,Upper Gorge Total Release,35.5
2026-09-29 14:58:06,Long Valley,Release at Middle Gorge,0.0
2026-09-29 14:58:06,Northern Owens Valley,Rock Ck. At Owens River (PV) Flow,27.9
2026-09-29 14:58:06,Northern Owens Valley,Pleasant Valley Elevation,4388.2
2026-09-29 14:58:06,Northern Owens Valley,Pleasant Valley Outflow,424.0
2026-09-29 14:58:06,Northern Owens Valley,Baker Ck. At LA Station Flow,6.2
2026-09-29 14:58:06,Northern Owens Valley,Big Pine Ck. USGS Flow,23.3
2026-09-29 14:58:06,Northern Owens Valley,O.R. Below Big Pine,452.2
2026-09-29 14:58:06,Northern Owens Valley,Fish Springs At RR Flow,35.1
2026-09-29 14:58:06,Northern Owens Valley,Tinemaha Elevation,3860.3
2026-09-29 14:58:06,Northern Owens Valley,Tinemaha Reservoir Outflow,426.8
2026-09-29 14:58:06,Northern Owens Valley,Bishop Creek Through Plant 6,62.1
2026-09-29 14:58:06,Northern Owens Valley,Bishop Creek Around Plant 6,6.1
2026-09-29 14:58:06,Southern Owens Valley,Tinemaha Elevation,3860.3
2026-09-29 14:58:06,Southern Owens Valley,Tinemaha Reservoir Outflow,426.8
2026-09-29 14:58:06,Southern Owens Valley,Indep. Ck. At Junction Flow,3.0
2026-09-29 14:58:06,Southern Owens Valley,LAA at Alabama Flow,393.0
2026-09-29 14:58:06,Southern Owens Valley,LAA at Alabama Level,7.7
2026-09-29 14:58:06,Southern Owens Valley,LAA at Alabama Water Temp,62.1
2026-09-29 14:58:06,Southern Owens Valley,Cottonwood Ck. At LAA Flow,0.0
2026-09-29 14:58:06,Southern Owens Valley,LAA at Cottonwood Flow,341.0
2026-09-29 14:58:06,Southern Owens Valley,LAA at Cottonwood Level,7.7
2026-09-29 14:58:06,Southern Owens Valley,LAA at Cotton. Water Temp,62.8
2026-09-29 14:58:06,Southern Owens Valley,N. Haiwee Elevation,3756.7
2026-09-29 14:58:06,Southern Owens Valley,S. Haiwee Reservoir Elevation,3720.5
2026-09-29 14:58:06,Southern Owens Valley,Haiwee LAA #1 Current Flow,0.0
2026-09-29 14:58:06,Southern Owens Valley,Haiwee LAA #2 Current Flow,119.3
2026-09-29 14:58:06,Southern Owens Valley,Reinhackel Flow,2.9
2026-09-29 14:58:06,Southern Owens Valley,Lubkin Spillgate Outflow,61.0
2026-09-29 14:58:06,Southern Owens Valley,Cartago Spillgate Outflow,118.7
2026-09-29 14:58:06,Southern Owens Valley,Lone Pine Creek Flow,5.2
2026-09-29 14:58:06,Lower Owens River Project,LORP Intake Flow,81.0
2026-09-29 14:58:06,Lower Owens River Project,LORP at Mazourka Canyon Road,0.0
2026-09-29 14:58:06,Lower Owens River Project,LORP at Reinhackle Springs,63.0
2026-09-29 14:58:06,Lower Owens River Project,LORP Above Pumpstation,59.0
2026-09-29 14:58:06,Lower Owens River Project,LORP At Pump Station Discharge Flow,48.0
2026-09-29 14:58:06,Southern District,Haiwee LAA #2 Current Flow,119.3
2026-09-29 14:58:06,Southern District,S. Haiwee Reservoir Elevation,3720.5
2026-09-29 14:58:06,Southern District,Haiwee LAA #1 Current Flow,0.0
2026-09-29 14:58:06,Southern District,Fairmont Reservoir Elevation,3023.3
2026-09-29 14:58:06,Southern District,LAA #1 Flow at Fairmont Reservoir,156.9
2026-09-29 14:58:06,Southern District,LAA #2 Flow at Fairmont Res.,149.1
2026-09-29 14:58:06,Southern District,Bouquet Reservoir Elevation,2977.8
2026-09-29 14:58:06,Southern District,Bouquet Reservoir Inflow,0.0
2026-09-29 14:58:06,Southern District,Bouquet Reservoir Outflow,26.3
2026-09-29 14:58:06,Southern District,LAA #1 at Soledad Flow,124.9
2026-09-29 14:58:06,Southern District,LAA #2 at Soledad Flow,202.9
2026-09-29 15:13:06,Mono Basin,Lee Vining Intake Above Flow,25.3
2026-09-29 15:13:06,Mono Basin,Lee Vining Intake Below Flow,25.3
2026-09-29 15:13:06,Mono Basin,Mono Lk. Elevation,6381.7
2026-09-29 15:13:06,Mono Basin,Walker Ck. Above Conduit Flow,2.0
2026-09-29 15:13:06,Mono Basin,L.V. Conduit Below Intake Flow,0.3
2026-09-29 15:13:06,Mono Basin,Walker Ck. Under Conduit Flow,2.0
2026-09-29 15:13:06,Mono Basin,Parker Ck. Under Conduit Flow,5.0
2026-09-29 15:13:06,Mono Basin,Parker Ck. Above Conduit Flow,6.0
2026-09-29 15:13:06,Mono Basin,Grant Lk. Spill Flow,0.0
2026-09-29 15:13:06,Mono Basin,Mono Gate 1 Return Ditch Flow,41.1
2026-09-29 15:13:06,Mono Basin,Grant Lk. Elevation,7128.2
2026-09-29 15:13:06,Mono Basin,Grant Lk. Outflow,39.5
2026-09-29 15:13:06,Mono Basin,Rush Ck. at Damsite Flow,23.7
2026-09-29 15:13:06,Mono Basin,Flow to West Portal,0.0
2026-09-29 15:13:06,Long Valley,East Portal Flow,12.0
2026-09-29 15:13:06,Long Valley,OR Below EP Flow,58.0
2026-09-29 15:13:06,Long Valley,Hot Ck.at Hwy. Flow,6.0
2026-09-29 15:13:06,Long Valley,McGee Ck. Lower Sta. Flow,8.0
2026-09-29 15:13:06,Long Valley,Long Valley Elevation,6765.6
2026-09-29 15:13:06,Long Valley,Long Valley Current Outflow,222.5
2026-09-29 15:13:06,Long Valley,Rock Ck. Div. Flow,0.0
2026-09-29 15:13:06,Long Valley,Upper Gorge Total Release,33.9
2026-09-29 15:13:06,Long Valley,Release at Middle Gorge,0.0
2026-09-29 15:13:06,Northern Owens Valley,Rock Ck. At Owens River (PV) Flow,27.9
2026-09-29 15:13:06,Northern Owens Valley,Pleasant Valley Elevation,4388.1
2026-09-29 15:13:06,Northern Owens Valley,Pleasant Valley Outflow,423.8
2026-09-29 15:13:06,Northern Owens Valley,Baker Ck. At LA Station Flow,6.2
2026-09-29 15:13:06,Northern Owens Valley,Big Pine Ck. USGS Flow,23.3
2026-09-29 15:13:06,Northern Owens Valley,O.R. Below Big Pine,453.2
2026-09-29 15:13:06,Northern Owens Valley,Fish Springs At RR Flow,35.1
2026-09-29 15:13:06,Northern Owens Valley,Tinemaha Reservoir Outflow,426.8
2026-09-29 15:13:06,Northern Owens Valley,Bishop Creek Through Plant 6,56.8
2026-09-29 15:13:06,Northern Owens Valley,Bishop Creek Around Plant 6,6.2
2026-09-29 15:13:06,Southern Owens Valley,Tinemaha Reservoir Outflow,426.8
2026-09-29 15:13:06,Southern Owens Valley,Indep. Ck. At Junction Flow,3.0
2026-09-29 15:13:06,Southern Owens Valley,LAA at Alabama Flow,391.0
2026-09-29 15:13:06,Southern Owens Valley,LAA at Alabama Level,7.7
2026-09-29 15:13:06,Southern Owens Valley,LAA at Alabama Water Temp,62.7
2026-09-29 15:13:06,Southern Owens Valley,Cottonwood Ck. At LAA Flow,0.0
2026-09-29 15:13:06,Southern Owens Valley,LAA at Cottonwood Flow,341.0
2026-09-29 15:13:06,Southern Owens Valley,LAA at Cottonwood Level,7.7
2026-09-29 15:13:06,Southern Owens Valley,LAA at Cotton. Water Temp,62.9
2026-09-29 15:13:06,Southern Owens Valley,N. Haiwee Elevation,3756.7
2026-09-29 15:13:06,Southern Owens Valley,S. Haiwee Reservoir Elevation,3720.5
2026-09-29 15:13:06,Southern Owens Valley,Haiwee LAA #1 Current Flow,0.0
2026-09-29 15:13:06,Southern Owens Valley,Haiwee LAA #2 Current Flow,119.3
2026-09-29 15:13:06,Southern Owens Valley,Reinhackel Flow,2.9
2026-09-29 15:13:06,Southern Owens Valley,Lubkin Spillgate Outflow,55.4
2026-09-29 15:13:06,Southern Owens Valley,Cartago Spillgate Outflow,90.2
2026-09-29 15:13:06,Southern Owens Valley,Lone Pine Creek Flow,5.2
2026-09-29 15:13:06,Lower Owens River Project,LORP Intake Flow,81.0
2026-09-29 15:13:06,Lower Owens River Project,LORP at Mazourka Canyon Road,0.0
2026-09-29 15:13:06,Lower Owens River Project,LORP at Reinhackle Springs,63.0
2026-09-29 15:13:06,Lower Owens River Project,LORP Above Pumpstation,58.0
2026-09-29 15:13:06,Lower Owens River Project,LORP At Pump Station Discharge Flow,48.0
2026-09-29 15:13:06,Southern District,Haiwee LAA #2 Current Flow,119.3
2026-09-29 15:13:06,Southern District,S. Haiwee Reservoir Elevation,3720.5
2026-09-29 15:13:06,Southern District,Haiwee LAA #1 Current Flow,0.0
2026-09-29 15:13:06,Southern District,Fairmont Reservoir Elevation,3023.3
2026-09-29 15:13:06,Southern District,LAA #1 Flow at Fairmont Reservoir,157.6
2026-09-29 15:13:06,Southern District,LAA #2 Flow at Fairmont Res.,148.9
2026-09-29 15:13:06,Southern District,Bouquet Reservoir Elevation,2977.8
2026-09-29 15:13:06,Southern District,Bouquet Reservoir Inflow,0.0
2026-09-29 15:13:06,Southern District,Bouquet Reservoir Outflow,32.6
2026-09-29 15:13:06,Southern District,LAA #1 at Soledad Flow,124.9
2026-09-29 15:13:06,Southern District,LAA #2 at Soledad Flow,202.9
2026-09-29 15:28:06,Mono Basin,Lee Vining Intake Above Flow,25.3
2026-09-29 15:28:06,Mono Basin,Lee Vining Intake Below Flow,25.3
2026-09-29 15:28:06,Mono Basin,Mono Lk. Elevation,6381.7
2026-09-29 15:28:06,Mono Basin,Walker Ck. Above Conduit Flow,2.0
2026-09-29 15:28:06,Mono Basin,L.V. Conduit Below Intake Flow,0.3
2026-09-29 15:28:06,Mono Basin,Walker Ck. Under Conduit Flow,2.0
2026-09-29 15:28:06,Mono Basin,Parker Ck. Under Conduit Flow,5.0
2026-09-29 15:28:06,Mono Basin,Parker Ck. Above Conduit Flow,6.0
2026-09-29 15:28:06,Mono Basin,Grant Lk. Spill Flow,0.0
2026-09-29 15:28:06,Mono Basin,Mono Gate 1 Return Ditch Flow,41.2
2026-09-29 15:28:06,Mono Basin,Grant Lk. Elevation,7128.2
2026-09-29 15:28:06,Mono Basin,Grant Lk. Outflow,39.4
2026-09-29 15:28:06,Mono Basin,Rush Ck. at Damsite Flow,18.4
2026-09-29 15:28:06,Mono Basin,Flow to West Portal,0.0
2026-09-29 15:28:06,Long Valley,East Portal Flow,12.0
2026-09-29 15:28:06,Long Valley,OR Below EP Flow,58.0
2026-09-29 15:28:06,Long Valley,Hot Ck.at Hwy. Flow,6.0
2026-09-29 15:28:06,Long Valley,McGee Ck. Lower Sta. Flow,8.0
2026-09-29 15:28:06,Long Valley,Long Valley Elevation,6765.6
2026-09-29 15:28:06,Long Valley,Long Valley Current Outflow,222.2
2026-09-29 15:28:06,Long Valley,Rock Ck. Div. Flow,0.0
2026-09-29 15:28:06,Long Valley,Upper Gorge Total Release,35.0
2026-09-29 15:28:06,Long Valley,Release at Middle Gorge,0.0
2026-09-29 15:28:06,Northern Owens Valley,Rock Ck. At Owens River (PV) Flow,27.8
2026-09-29 15:28:06,Northern Owens Valley,Pleasant Valley Elevation,4388.1
2026-09-29 15:28:06,Northern Owens Valley,Pleasant Valley Outflow,423.7
2026-09-29 15:28:06,Northern Owens Valley,Baker Ck. At LA Station Flow,6.2
2026-09-29 15:28:06,Northern Owens Valley,Big Pine Ck. USGS Flow,23.3
2026-09-29 15:28:06,Northern Owens Valley,O.R. Below Big Pine,452.1
2026-09-29 15:28:06,Northern Owens Valley,Fish Springs At RR Flow,35.1
2026-09-29 15:28:06,Northern Owens Valley,Tinemaha Elevation,3860.3
2026-09-29 15:28:06,Northern Owens Valley,Tinemaha Reservoir Outflow,426.8
2026-09-29 15:28:06,Northern Owens Valley,Bishop Creek Through Plant 6,61.7
2026-09-29 15:28:06,Northern Owens Valley,Bishop Creek Around Plant 6,6.2
2026-09-29 15:28:06,Southern Owens Valley,Tinemaha Elevation,3860.3
2026-09-29 15:28:06,Southern Owens Valley,Tinemaha Reservoir Outflow,426.8
2026-09-29 15:28:06,Southern Owens Valley,Indep. Ck. At Junction Flow,3.0
2026-09-29 15:28:06,Southern Owens Valley,LAA at Alabama Flow,392.0
2026-09-29 15:28:06,Southern Owens Valley,LAA at Alabama Level,7.7
2026-09-29 15:28:06,Southern Owens Valley,LAA at Alabama Water Temp,62.8
2026-09-29 15:28:06,Southern Owens Valley,Cottonwood Ck. At LAA Flow,0.0
2026-09-29 15:28:06,Southern Owens Valley,LAA at Cottonwood Flow,341.0
2026-09-29 15:28:06,Southern Owens Valley,LAA at Cottonwood Level,7.7
2026-09-29 15:28:06,Southern Owens Valley,LAA at Cotton. Water Temp,62.9
2026-09-29 15:28:06,Southern Owens Valley,N. Haiwee Elevation,3756.7
2026-09-29 15:28:06,Southern Owens Valley,S. Haiwee Reservoir Elevation,3720.5
2026-09-29 15:28:06,Southern Owens Valley,Haiwee LAA #1 Current Flow,0.0
2026-09-29 15:28:06,Southern Owens Valley,Haiwee LAA #2 Current Flow,119.3
2026-09-29 15:28:06,Southern Owens Valley,Reinhackel Flow,2.8
2026-09-29 15:28:06,Southern Owens Valley,Lubkin Spillgate Outflow,62.2
2026-09-29 15:28:06,Southern Owens Valley,Cartago Spillgate Outflow,105.0
2026-09-29 15:28:06,Southern Owens Valley,Lone Pine Creek Flow,5.2
2026-09-29 15:28:06,Lower Owens River Project,LORP Intake Flow,81.0
2026-09-29 15:28:06,Lower Owens River Project,LORP at Mazourka Canyon Road,0.0
2026-09-29 15:28:06,Lower Owens River Project,LORP at Reinhackle Springs,64.0
2026-09-29 15:28:06,Lower Owens River Project,LORP Above Pumpstation,50.0
2026-09-29 15:28:06,Lower Owens River Project,LORP At Pump Station Discharge Flow,39.0
2026-09-29 15:28:06,Southern District,Haiwee LAA #2 Current Flow,119.3
2026-09-29 15:28:06,Southern District,S. Haiwee Reservoir Elevation,3720.5
2026-09-29 15:28:06,Southern District,Haiwee LAA #1 Current Flow,0.0
2026-09-29 15:28:06,Southern District,Fairmont Reservoir Elevation,3023.3
2026-09-29 15:28:06,Southern District,LAA #1 Flow at Fairmont Reservoir,156.1
2026-09-29 15:28:06,Southern District,LAA #2 Flow at Fairmont Res.,148.9
2026-09-29 15:28:06,Southern District,Bouquet Reservoir Elevation,2977.7
2026-09-29 15:28:06,Southern District,Bouquet Reservoir Inflow,0.0
2026-09-29 15:28:06,Southern District,Bouquet Reservoir Outflow,32.6
2026-09-29 15:28:06,Southern District,LAA #1 at Soledad Flow,124.9
2026-09-29 15:28:06,Southern District,LAA #2 at Soledad Flow,202.9
2026-09-29 15:43:06,Mono Basin,Lee Vining Intake Above Flow,25.5
2026-09-29 15:43:06,Mono Basin,Lee Vining Intake Below Flow,25.5
2026-09-29 15:43:06,Mono Basin,Mono Lk. Elevation,6381.7
2026-09-29 15:43:06,Mono Basin,Walker Ck. Above Conduit Flow,2.0
2026-09-29 15:43:06,Mono Basin,L.V. Conduit Below Intake Flow,0.3
2026-09-29 15:43:06,Mono Basin,Walker Ck. Under Conduit Flow,2.0
2026-09-29 15:43:06,Mono Basin,Parker Ck. Under Conduit Flow,5.0
2026-09-29 15:43:06,Mono Basin,Parker Ck. Above Conduit Flow,6.0
2026-09-29 15:43:06,Mono Basin,Grant Lk. Spill Flow,0.0
2026-09-29 15:43:06,Mono Basin,Mono Gate 1 Return Ditch Flow,41.2
2026-09-29 15:43:06,Mono Basin,Grant Lk. Elevation,7128.2
2026-09-29 15:43:06,Mono Basin,Grant Lk. Outflow,39.4
2026-09-29 15:43:06,Mono Basin,Rush Ck. at Damsite Flow,18.4
2026-09-29 15:43:06,Mono Basin,Flow to West Portal,0.0
2026-09-29 15:43:06,Long Valley,East Portal Flow,12.0
2026-09-29 15:43:06,Long Valley,OR Below EP Flow,58.0
2026-09-29 15:43:06,Long Valley,Hot Ck.at Hwy. Flow,6.0
2026-09-29 15:43:06,Long Valley,McGee Ck. Lower Sta. Flow,8.0
2026-09-29 15:43:06,Long Valley,Long Valley Elevation,6765.6
2026-09-29 15:43:06,Long Valley,Long Valley Current Outflow,222.2
2026-09-29 15:43:06,Long Valley,Rock Ck. Div. Flow,0.0
2026-09-29 15:43:06,Long Valley,Upper Gorge Total Release,34.0
2026-09-29 15:43:06,Long Valley,Release at Middle Gorge,0.0
2026-09-29 15:43:06,Northern Owens Valley,Rock Ck. At Owens River (PV) Flow,27.7
2026-09-29 15:43:06,Northern Owens Valley,Pleasant Valley Elevation,4388.1
2026-09-29 15:43:06,Northern Owens Valley,Pleasant Valley Outflow,423.9
2026-09-29 15:43:06,Northern Owens Valley,Baker Ck. At LA Station Flow,6.2
2026-09-29 15:43:06,Northern Owens Valley,Big Pine Ck. USGS Flow,23.0
2026-09-29 15:43:06,Northern Owens Valley,O.R. Below Big Pine,452.4
2026-09-29 15:43:06,Northern Owens Valley,Fish Springs At RR Flow,35.1
2026-09-29 15:43:06,Northern Owens Valley,Tinemaha Reservoir Outflow,426.8
2026-09-29 15:43:06,Northern Owens Valley,Bishop Creek Through Plant 6,58.8
2026-09-29 15:43:06,Northern Owens Valley,Bishop Creek Around Plant 6,6.3
2026-09-29 15:43:06,Southern Owens Valley,Tinemaha Reservoir Outflow,426.8
2026-09-29 15:43:06,Southern Owens Valley,Indep. Ck. At Junction Flow,3.0
2026-09-29 15:43:06,Southern Owens Valley,LAA at Alabama Flow,392.0
2026-09-29 15:43:06,Southern Owens Valley,LAA at Alabama Level,7.7
2026-09-29 15:43:06,Southern Owens Valley,LAA at Alabama Water Temp,62.8
2026-09-29 15:43:06,Southern Owens Valley,Cottonwood Ck. At LAA Flow,0.0
2026-09-29 15:43:06,Southern Owens Valley,LAA at Cottonwood Flow,341.0
2026-09-29 15:43:06,Southern Owens Valley,LAA at Cottonwood Level,7.7
2026-09-29 15:43:06,Southern Owens Valley,LAA at Cotton. Water Temp,63.0
2026-09-29 15:43:06,Southern Owens Valley,N. Haiwee Elevation,3756.7
2026-09-29 15:43:06,Southern Owens Valley,S. Haiwee Reservoir Elevation,3720.5
2026-09-29 15:43:06,Southern Owens Valley,Haiwee LAA #1 Current Flow,0.0
2026-09-29 15:43:06,Southern Owens Valley,Haiwee LAA #2 Current Flow,119.3
2026-09-29 15:43:06,Southern Owens Valley,Reinhackel Flow,2.8
2026-09-29 15:43:06,Southern Owens Valley,Lubkin Spillgate Outflow,66.3
2026-09-29 15:43:06,Southern Owens Valley,Cartago Spillgate Outflow,108.4
2026-09-29 15:43:06,Southern Owens Valley,Lone Pine Creek Flow,5.1
2026-09-29 15:43:06,Lower Owens River Project,LORP Intake Flow,81.0
2026-09-29 15:43:06,Lower Owens River Project,LORP at Mazourka Canyon Road,0.0
2026-09-29 15:43:06,Lower Owens River Project,LORP at Reinhackle Springs,64.0
2026-09-29 15:43:06,Lower Owens River Project,LORP Above Pumpstation,52.0
2026-09-29 15:43:06,Lower Owens River Project,LORP At Pump Station Discharge Flow,40.0
2026-09-29 15:43:06,Southern District,Haiwee LAA #2 Current Flow,119.3
2026-09-29 15:43:06,Southern District,S. Haiwee Reservoir Elevation,3720.5
2026-09-29 15:43:06,Southern District,Haiwee LAA #1 Current Flow,0.0
2026-09-29 15:43:06,Southern District,Fairmont Reservoir Elevation,3023.3
2026-09-29 15:43:06,Southern District,LAA #1 Flow at Fairmont Reservoir,154.7
2026-09-29 15:43:06,Southern District,LAA #2 Flow at Fairmont Res.,148.8
2026-09-29 15:43:06,Southern District,Bouquet Reservoir Elevation,2977.7
2026-09-29 15:43:06,Southern District,Bouquet Reservoir Inflow,0.0
2026-09-29 15:43:06,Southern District,Bouquet Reservoir Outflow,32.6
2026-09-29 15:43:06,Southern District,LAA #1 at Soledad Flow,124.9
2026-09-29 15:43:06,Southern District,LAA #2 at Soledad Flow,202.9
2026-09-29 15:58:06,Mono Basin,Lee Vining Intake Above Flow,25.5
2026-09-29 15:58:06,Mono Basin,Lee Vining Intake Below Flow,25.5
2026-09-29 15:58:06,Mono Basin,Mono Lk. Elevation,6381.7
2026-09-29 15:58:06,Mono Basin,Walker Ck. Above Conduit Flow,2.0
2026-09-29 15:58:06,Mono Basin,L.V. Conduit Below Intake Flow,0.3
2026-09-29 15:58:06,Mono Basin,Walker Ck. Under Conduit Flow,2.0
2026-09-29 15:58:06,Mono Basin,Parker Ck. Under Conduit Flow,5.0
2026-09-29 15:58:06,Mono Basin,Parker Ck. Above Conduit Flow,6.0
2026-09-29 15:58:06,Mono Basin,Grant Lk. Spill Flow,0.0
2026-09-29 15:58:06,Mono Basin,Mono Gate 1 Return Ditch Flow,41.2
2026-09-29 15:58:06,Mono Basin,Grant Lk. Elevation,7128.2
2026-09-29 15:58:06,Mono Basin,Grant Lk. Outflow,39.4
2026-09-29 15:58:06,Mono Basin,Rush Ck. at Damsite Flow,18.4
2026-09-29 15:58:06,Mono Basin,Flow to West Portal,0.0
2026-09-29 15:58:06,Long Valley,East Portal Flow,12.0
2026-09-29 15:58:06,Long Valley,OR Below EP Flow,58.0
2026-09-29 15:58:06,Long Valley,Hot Ck.at Hwy. Flow,6.0
2026-09-29 15:58:06,Long Valley,McGee Ck. Lower Sta. Flow,8.0
2026-09-29 15:58:06,Long Valley,Long Valley Elevation,6765.6
2026-09-29 15:58:06,Long Valley,Long Valley Current Outflow,222.2
2026-09-29 15:58:06,Long Valley,Rock Ck. Div. Flow,0.0
2026-09-29 15:58:06,Long Valley,Upper Gorge Total Release,34.6
2026-09-29 15:58:06,Long Valley,Release at Middle Gorge,0.0
2026-09-29 15:58:06,Northern Owens Valley,Rock Ck. At Owens River (PV) Flow,27.7
2026-09-29 15:58:06,Northern Owens Valley,Pleasant Valley Elevation,4388.1
2026-09-29 15:58:06,Northern Owens Valley,Pleasant Valley Outflow,423.4
2026-09-29 15:58:06,Northern Owens Valley,Baker Ck. At LA Station Flow,6.2
2026-09-29 15:58:06,Northern Owens Valley,Big Pine Ck. USGS Flow,23.0
2026-09-29 15:58:06,Northern Owens Valley,O.R. Below Big Pine,453.1
2026-09-29 15:58:06,Northern Owens Valley,Fish Springs At RR Flow,35.1
2026-09-29 15:58:06,Northern Owens Valley,Tinemaha Elevation,3860.3
2026-09-29 15:58:06,Northern Owens Valley,Tinemaha Reservoir Outflow,426.8
2026-09-29 15:58:06,Northern Owens Valley,Bishop Creek Through Plant 6,61.8
2026-09-29 15:58:06,Northern Owens Valley,Bishop Creek Around Plant 6,6.3
2026-09-29 15:58:06,Southern Owens Valley,Tinemaha Elevation,3860.3
2026-09-29 15:58:06,Southern Owens Valley,Tinemaha Reservoir Outflow,426.8
2026-09-29 15:58:06,Southern Owens Valley,Indep. Ck. At Junction Flow,3.0
2026-09-29 15:58:06,Southern Owens Valley,LAA at Alabama Flow,392.0
2026-09-29 15:58:06,Southern Owens Valley,LAA at Alabama Level,7.7
2026-09-29 15:58:06,Southern Owens Valley,LAA at Alabama Water Temp,62.8
2026-09-29 15:58:06,Southern Owens Valley,Cottonwood Ck. At LAA Flow,0.0
2026-09-29 15:58:06,Southern Owens Valley,LAA at Cottonwood Flow,341.0
2026-09-29 15:58:06,Southern Owens Valley,LAA at Cottonwood Level,7.7
2026-09-29 15:58:06,Southern Owens Valley,LAA at Cotton. Water Temp,63.0
2026-09-29 15:58:06,Southern Owens Valley,N. Haiwee Elevation,3756.7
2026-09-29 15:58:06,Southern Owens Valley,S. Haiwee Reservoir Elevation,3720.5
2026-09-29 15:58:06,Southern Owens Valley,Haiwee LAA #1 Current Flow,0.0
2026-09-29 15:58:06,Southern Owens Valley,Haiwee LAA #2 Current Flow,119.3
2026-09-29 15:58:06,Southern Owens Valley,Reinhackel Flow,2.8
2026-09-29 15:58:06,Southern Owens Valley,Lubkin Spillgate Outflow,66.3
2026-09-29 15:58:06,Southern Owens Valley,Cartago Spillgate Outflow,101.8
2026-09-29 15:58:06,Southern Owens Valley,Lone Pine Creek Flow,5.1
2026-09-29 15:58:06,Lower Owens River Project,LORP Intake Flow,81.0
2026-09-29 15:58:06,Lower Owens River Project,LORP at Mazourka Canyon Road,0.0
2026-09-29 15:58:06,Lower Owens River Project,LORP at Reinhackle Springs,64.0
2026-09-29 15:58:06,Lower Owens River Project,LORP Above Pumpstation,50.0
2026-09-29 15:58:06,Lower Owens River Project,LORP At Pump Station Discharge Flow,39.0
2026-09-29 15:58:06,Southern District,Haiwee LAA #2 Current Flow,119.3
2026-09-29 15:58:06,Southern District,S. Haiwee Reservoir Elevation,3720.5
2026-09-29 15:58:06,Southern District,Haiwee LAA #1 Current Flow,0.0
2026-09-29 15:58:06,Southern District,Fairmont Reservoir Elevation,3023.3
2026-09-29 15:58:06,Southern District,LAA #1 Flow at Fairmont Reservoir,154.3
2026-09-29 15:58:06,Southern District,LAA #2 Flow at Fairmont Res.,148.8
2026-09-29 15:58:06,Southern District,Bouquet Reservoir Elevation,2977.7
2026-09-29 15:58:06,Southern District,Bouquet Reservoir Inflow,0.0
2026-09-29 15:58:06,Southern District,Bouquet Reservoir Outflow,32.6
2026-09-29 15:58:06,Southern District,LAA #1 at Soledad Flow,124.9
2026-09-29 15:58:06,Southern District,LAA #2 at Soledad Flow,202.9
2026-09-29 16:13:06,Mono Basin,Lee Vining Intake Above Flow,25.6
2026-09-29 16:13:06,Mono Basin,Lee Vining Intake Below Flow,25.9
2026-09-29 16:13:06,Mono Basin,Mono Lk. Elevation,6381.7
2026-09-29 16:13:06,Mono Basin,Walker Ck. Above Conduit Flow,2.0
2026-09-29 16:13:06,Mono Basin,L.V. Conduit Below Intake Flow,0.3
2026-09-29 16:13:06,Mono Basin,Walker Ck. Under Conduit Flow,2.0
2026-09-29 16:13:06,Mono Basin,Parker Ck. Under Conduit Flow,5.0
2026-09-29 16:13:06,Mono Basin,Parker Ck. Above Conduit Flow,6.0
2026-09-29 16:13:06,Mono Basin,Grant Lk. Spill Flow,0.0
2026-09-29 16:13:06,Mono Basin,Mono Gate 1 Return Ditch Flow,41.2
2026-09-29 16:13:06,Mono Basin,Grant Lk. Elevation,7128.2
2026-09-29 16:13:06,Mono Basin,Grant Lk. Outflow,39.4
2026-09-29 16:13:06,Mono Basin,Rush Ck. at Damsite Flow,18.4
2026-09-29 16:13:06,Mono Basin,Flow to West Portal,0.0
2026-09-29 16:13:06,Long Valley,East Portal Flow,12.0
2026-09-29 16:13:06,Long Valley,OR Below EP Flow,58.0
2026-09-29 16:13:06,Long Valley,Hot Ck.at Hwy. Flow,6.0
2026-09-29 16:13:06,Long Valley,McGee Ck. Lower Sta. Flow,8.0
2026-09-29 16:13:06,Long Valley,Long Valley Elevation,6765.6
2026-09-29 16:13:06,Long Valley,Long Valley Current Outflow,222.2
2026-09-29 16:13:06,Long Valley,Rock Ck. Div. Flow,0.0
2026-09-29 16:13:06,Long Valley,Upper Gorge Total Release,33.8
2026-09-29 16:13:06,Long Valley,Release at Middle Gorge,0.0
2026-09-29 16:13:06,Northern Owens Valley,Rock Ck. At Owens River (PV) Flow,27.7
2026-09-29 16:13:06,Northern Owens Valley,Pleasant Valley Elevation,4388.0
2026-09-29 16:13:06,Northern Owens Valley,Pleasant Valley Outflow,423.5
2026-09-29 16:13:06,Northern Owens Valley,Baker Ck. At LA Station Flow,6.2
2026-09-29 16:13:06,Northern Owens Valley,Big Pine Ck. USGS Flow,23.0
2026-09-29 16:13:06,Northern Owens Valley,O.R. Below Big Pine,452.2
2026-09-29 16:13:06,Northern Owens Valley,Fish Springs At RR Flow,35.1
2026-09-29 16:13:06,Northern Owens Valley,Tinemaha Reservoir Outflow,426.8
2026-09-29 16:13:06,Northern Owens Valley,Bishop Creek Through Plant 6,61.8
2026-09-29 16:13:06,Northern Owens Valley,Bishop Creek Around Plant 6,6.3
2026-09-29 16:13:06,Southern Owens Valley,Tinemaha Reservoir Outflow,426.8
2026-09-29 16:13:06,Southern Owens Valley,Indep. Ck. At Junction Flow,3.0
2026-09-29 16:13:06,Southern Owens Valley,LAA at Alabama Flow,392.0
2026-09-29 16:13:06,Southern Owens Valley,LAA at Alabama Level,7.7
2026-09-29 16:13:06,Southern Owens Valley,LAA at Alabama Water Temp,63.1
2026-09-29 16:13:06,Southern Owens Valley,Cottonwood Ck. At LAA Flow,0.0
2026-09-29 16:13:06,Southern Owens Valley,LAA at Cottonwood Flow,341.0
2026-09-29 16:13:06,Southern Owens Valley,LAA at Cottonwood Level,7.7
2026-09-29 16:13:06,Southern Owens Valley,LAA at Cotton. Water Temp,63.2
2026-09-29 16:13:06,Southern Owens Valley,N. Haiwee Elevation,3756.7
2026-09-29 16:13:06,Southern Owens Valley,S. Haiwee Reservoir Elevation,3720.5
2026-09-29 16:13:06,Southern Owens Valley,Haiwee LAA #1 Current Flow,0.0
2026-09-29 16:13:06,Southern Owens Valley,Haiwee LAA #2 Current Flow,119.3
2026-09-29 16:13:06,Southern Owens Valley,Reinhackel Flow,2.8
2026-09-29 16:13:06,Southern Owens Valley,Lubkin Spillgate Outflow,60.5
2026-09-29 16:13:06,Southern Owens Valley,Cartago Spillgate Outflow,93.0
2026-09-29 16:13:06,Southern Owens Valley,Lone Pine Creek Flow,5.1
2026-09-29 16:13:06,Lower Owens River Project,LORP Intake Flow,81.0
2026-09-29 16:13:06,Lower Owens River Project,LORP at Mazourka Canyon Road,0.0
2026-09-29 16:13:06,Lower Owens River Project,LORP at Reinhackle Springs,64.0
2026-09-29 16:13:06,Lower Owens River Project,LORP Above Pumpstation,50.0
2026-09-29 16:13:06,Lower Owens River Project,LORP At Pump Station Discharge Flow,39.0
2026-09-29 16:13:06,Southern District,Haiwee LAA #2 Current Flow,119.3
2026-09-29 16:13:06,Southern District,S. Haiwee Reservoir Elevation,3720.5
2026-09-29 16:13:06,Southern District,Haiwee LAA #1 Current Flow,0.0
2026-09-29 16:13:06,Southern District,Fairmont Reservoir Elevation,3023.3
2026-09-29 16:13:06,Southern District,LAA #1 Flow at Fairmont Reservoir,153.7
2026-09-29 16:13:06,Southern District,LAA #2 Flow at Fairmont Res.,148.8
2026-09-29 16:13:06,Southern District,Bouquet Reservoir Elevation,2977.7
2026-09-29 16:13:06,Southern District,Bouquet Reservoir Inflow,0.0
2026-09-29 16:13:06,Southern District,Bouquet Reservoir Outflow,32.6
2026-09-29 16:13:06,Southern District,LAA #1 at Soledad Flow,124.9
2026-09-29 16:13:06,Southern District,LAA #2 at Soledad Flow,202.9
2026-09-29 16:28:06,Mono Basin,Lee Vining Intake Above Flow,25.6
2026-09-29 16:28:06,Mono Basin,Lee Vining Intake Below Flow,25.9
2026-09-29 16:28:06,Mono Basin,Mono Lk. Elevation,6381.7
2026-09-29 16:28:06,Mono Basin,Walker Ck. Above Conduit Flow,2.0
2026-09-29 16:28:06,Mono Basin,L.V. Conduit Below Intake Flow,0.3
2026-09-29 16:28:06,Mono Basin,Walker Ck. Under Conduit Flow,2.0
2026-09-29 16:28:06,Mono Basin,Parker Ck. Under Conduit Flow,5.0
2026-09-29 16:28:06,Mono Basin,Parker Ck. Above Conduit Flow,6.0
2026-09-29 16:28:06,Mono Basin,Grant Lk. Spill Flow,0.0
2026-09-29 16:28:06,Mono Basin,Mono Gate 1 Return Ditch Flow,41.1
2026-09-29 16:28:06,Mono Basin,Grant Lk. Elevation,7128.2
2026-09-29 16:28:06,Mono Basin,Grant Lk. Outflow,39.4
2026-09-29 16:28:06,Mono Basin,Rush Ck. at Damsite Flow,18.4
2026-09-29 16:28:06,Mono Basin,Flow to West Portal,0.0
2026-09-29 16:28:06,Long Valley,East Portal Flow,12.0
2026-09-29 16:28:06,Long Valley,OR Below EP Flow,58.0
2026-09-29 16:28:06,Long Valley,Hot Ck.at Hwy. Flow,6.0
2026-09-29 16:28:06,Long Valley,McGee Ck. Lower Sta. Flow,8.0
2026-09-29 16:28:06,Long Valley,Long Valley Elevation,6765.6
2026-09-29 16:28:06,Long Valley,Long Valley Current Outflow,222.2
2026-09-29 16:28:06,Long Valley,Rock Ck. Div. Flow,0.0
2026-09-29 16:28:06,Long Valley,Upper Gorge Total Release,34.0
2026-09-29 16:28:06,Long Valley,Release at Middle Gorge,0.0
2026-09-29 16:28:06,Northern Owens Valley,Rock Ck. At Owens River (PV) Flow,27.7
2026-09-29 16:28:06,Northern Owens Valley,Pleasant Valley Elevation,4388.0
2026-09-29 16:28:06,Northern Owens Valley,Pleasant Valley Outflow,422.8
2026-09-29 16:28:06,Northern Owens Valley,Baker Ck. At LA Station Flow,6.2
2026-09-29 16:28:06,Northern Owens Valley,Big Pine Ck. USGS Flow,23.0
2026-09-29 16:28:06,Northern Owens Valley,O.R. Below Big Pine,453.5
2026-09-29 16:28:06,Northern Owens Valley,Fish Springs At RR Flow,35.1
2026-09-29 16:28:06,Northern Owens Valley,Tinemaha Elevation,3860.3
2026-09-29 16:28:06,Northern Owens Valley,Tinemaha Reservoir Outflow,427.6
2026-09-29 16:28:06,Northern Owens Valley,Bishop Creek Through Plant 6,56.2
2026-09-29 16:28:06,Northern Owens Valley,Bishop Creek Around Plant 6,6.1
2026-09-29 16:28:06,Southern Owens Valley,Tinemaha Elevation,3860.3
2026-09-29 16:28:06,Southern Owens Valley,Tinemaha Reservoir Outflow,427.6
2026-09-29 16:28:06,Southern Owens Valley,Indep. Ck. At Junction Flow,3.0
2026-09-29 16:28:06,Southern Owens Valley,LAA at Alabama Flow,392.0
2026-09-29 16:28:06,Southern Owens Valley,LAA at Alabama Level,7.7
2026-09-29 16:28:06,Southern Owens Valley,LAA at Alabama Water Temp,63.1
2026-09-29 16:28:06,Southern Owens Valley,Cottonwood Ck. At LAA Flow,0.0
2026-09-29 16:28:06,Southern Owens Valley,LAA at Cottonwood Flow,341.0
2026-09-29 16:28:06,Southern Owens Valley,LAA at Cottonwood Level,7.7
2026-09-29 16:28:06,Southern Owens Valley,LAA at Cotton. Water Temp,63.2
2026-09-29 16:28:06,Southern Owens Valley,N. Haiwee Elevation,3756.7
2026-09-29 16:28:06,Southern Owens Valley,S. Haiwee Reservoir Elevation,3720.5
2026-09-29 16:28:06,Southern Owens Valley,Haiwee LAA #1 Current Flow,0.0
2026-09-29 16:28:06,Southern Owens Valley,Haiwee LAA #2 Current Flow,119.3
2026-09-29 16:28:06,Southern Owens Valley,Reinhackel Flow,2.8
2026-09-29 16:28:06,Southern Owens Valley,Lubkin Spillgate Outflow,60.5
2026-09-29 16:28:06,Southern Owens Valley,Cartago Spillgate Outflow,86.8
2026-09-29 16:28:06,Southern Owens Valley,Lone Pine Creek Flow,5.1
2026-09-29 16:28:06,Lower Owens River Project,LORP Intake Flow,81.0
2026-09-29 16:28:06,Lower Owens River Project,LORP at Mazourka Canyon Road,0.0
2026-09-29 16:28:06,Lower Owens River Project,LORP at Reinhackle Springs,56.0
2026-09-29 16:28:06,Lower Owens River Project,LORP Above Pumpstation,50.0
2026-09-29 16:28:06,Lower Owens River Project,LORP At Pump Station Discharge Flow,39.0
2026-09-29 16:28:06,Southern District,Haiwee LAA #2 Current Flow,119.3
2026-09-29 16:28:06,Southern District,S. Haiwee Reservoir Elevation,3720.5
2026-09-29 16:28:06,Southern District,Haiwee LAA #1 Current Flow,0.0
2026-09-29 16:28:06,Southern District,Fairmont Reservoir Elevation,3023.3
2026-09-29 16:28:06,Southern District,LAA #1 Flow at Fairmont Reservoir,151.9
2026-09-29 16:28:06,Southern District,LAA #2 Flow at Fairmont Res.,148.8
2026-09-29 16:28:06,Southern District,Bouquet Reservoir Elevation,2977.7
2026-09-29 16:28:06,Southern District,Bouquet Reservoir Inflow,0.0
2026-09-29 16:28:06,Southern District,Bouquet Reservoir Outflow,32.7
2026-09-29 16:28:06,Southern District,LAA #1 at Soledad Flow,124.9
2026-09-29 16:28:06,Southern District,LAA #2 at Soledad Flow,202.9
2026-09-29 16:43:06,Mono Basin,Lee Vining Intake Above Flow,26.1
2026-09-29 16:43:06,Mono Basin,Lee Vining Intake Below Flow,25.9
2026-09-29 16:43:06,Mono Basin,Mono Lk. Elevation,6381.7
2026-09-29 16:43:06,Mono Basin,Walker Ck. Above Conduit Flow,2.0
2026-09-29 16:43:06,Mono Basin,L.V. Conduit Below Intake Flow,0.3
2026-09-29 16:43:06,Mono Basin,Walker Ck. Under Conduit Flow,2.0
2026-09-29 16:43:06,Mono Basin,Parker Ck. Under Conduit Flow,5.0
2026-09-29 16:43:06,Mono Basin,Parker Ck. Above Conduit Flow,6.0
2026-09-29 16:43:06,Mono Basin,Grant Lk. Spill Flow,0.0
2026-09-29 16:43:06,Mono Basin,Mono Gate 1 Return Ditch Flow,41.1
2026-09-29 16:43:06,Mono Basin,Grant Lk. Elevation,7128.2
2026-09-29 16:43:06,Mono Basin,Grant Lk. Outflow,39.4
2026-09-29 16:43:06,Mono Basin,Rush Ck. at Damsite Flow,18.4
2026-09-29 16:43:06,Mono Basin,Flow to West Portal,0.0
2026-09-29 16:43:06,Long Valley,East Portal Flow,12.0
2026-09-29 16:43:06,Long Valley,OR Below EP Flow,58.0
2026-09-29 16:43:06,Long Valley,Hot Ck.at Hwy. Flow,6.0
2026-09-29 16:43:06,Long Valley,McGee Ck. Lower Sta. Flow,8.0
2026-09-29 16:43:06,Long Valley,Long Valley Elevation,6765.6
2026-09-29 16:43:06,Long Valley,Long Valley Current Outflow,222.2
2026-09-29 16:43:06,Long Valley,Rock Ck. Div. Flow,0.0
2026-09-29 16:43:06,Long Valley,Upper Gorge Total Release,35.0
2026-09-29 16:43:06,Long Valley,Release at Middle Gorge,0.0
2026-09-29 16:43:06,Northern Owens Valley,Rock Ck. At Owens River (PV) Flow,27.7
2026-09-29 16:43:06,Northern Owens Valley,Pleasant Valley Elevation,4387.9
2026-09-29 16:43:06,Northern Owens Valley,Pleasant Valley Outflow,422.7
2026-09-29 16:43:06,Northern Owens Valley,Baker Ck. At LA Station Flow,6.2
2026-09-29 16:43:06,Northern Owens Valley,Big Pine Ck. USGS Flow,23.0
2026-09-29 16:43:06,Northern Owens Valley,O.R. Below Big Pine,454.0
2026-09-29 16:43:06,Northern Owens Valley,Fish Springs At RR Flow,35.1
2026-09-29 16:43:06,Northern Owens Valley,Tinemaha Reservoir Outflow,427.6
2026-09-29 16:43:06,Northern Owens Valley,Bishop Creek Through Plant 6,61.0
2026-09-29 16:43:06,Northern Owens Valley,Bishop Creek Around Plant 6,6.2
2026-09-29 16:43:06,Southern Owens Valley,Tinemaha Reservoir Outflow,427.6
2026-09-29 16:43:06,Southern Owens Valley,Indep. Ck. At Junction Flow,3.0
2026-09-29 16:43:06,Southern Owens Valley,LAA at Alabama Flow,392.0
2026-09-29 16:43:06,Southern Owens Valley,LAA at Alabama Level,7.7
2026-09-29 16:43:06,Southern Owens Valley,LAA at Alabama Water Temp,63.1
2026-09-29 16:43:06,Southern Owens Valley,Cottonwood Ck. At LAA Flow,0.0
2026-09-29 16:43:06,Southern Owens Valley,LAA at Cottonwood Flow,341.0
2026-09-29 16:43:06,Southern Owens Valley,LAA at Cottonwood Level,7.7
2026-09-29 16:43:06,Southern Owens Valley,LAA at Cotton. Water Temp,63.2
2026-09-29 16:43:06,Southern Owens Valley,N. Haiwee Elevation,3756.7
2026-09-29 16:43:06,Southern Owens Valley,S. Haiwee Reservoir Elevation,3720.5
2026-09-29 16:43:06,Southern Owens Valley,Haiwee LAA #1 Current Flow,0.0
2026-09-29 16:43:06,Southern Owens Valley,Haiwee LAA #2 Current Flow,119.3
2026-09-29 16:43:06,Southern Owens Valley,Reinhackel Flow,2.8
2026-09-29 16:43:06,Southern Owens Valley,Lubkin Spillgate Outflow,54.5
2026-09-29 16:43:06,Southern Owens Valley,Cartago Spillgate Outflow,97.5
2026-09-29 16:43:06,Southern Owens Valley,Lone Pine Creek Flow,5.1
2026-09-29 16:43:06,Lower Owens River Project,LORP Intake Flow,81.0
2026-09-29 16:43:06,Lower Owens River Project,LORP at Mazourka Canyon Road,0.0
2026-09-29 16:43:06,Lower Owens River Project,LORP at Reinhackle Springs,56.0
2026-09-29 16:43:06,Lower Owens River Project,LORP Above Pumpstation,50.0
2026-09-29 16:43:06,Lower Owens River Project,LORP At Pump Station Discharge Flow,39.0
2026-09-29 16:43:06,Southern District,Haiwee LAA #2 Current Flow,119.3
2026-09-29 16:43:06,Southern District,S. Haiwee Reservoir Elevation,3720.5
2026-09-29 16:43:06,Southern District,Haiwee LAA #1 Current Flow,0.0
2026-09-29 16:43:06,Southern District,Fairmont Reservoir Elevation,3023.3
2026-09-29 16:43:06,Southern District,LAA #1 Flow at Fairmont Reservoir,152.8
2026-09-29 16:43:06,Southern District,LAA #2 Flow at Fairmont Res.,148.8
2026-09-29 16:43:06,Southern District,Bouquet Reservoir Elevation,2977.7
2026-09-29 16:43:06,Southern District,Bouquet Reservoir Inflow,0.0
2026-09-29 16:43:06,Southern District,Bouquet Reservoir Outflow,27.5
2026-09-29 16:43:06,Southern District,LAA #1 at Soledad Flow,124.9
2026-09-29 16:43:06,Southern District,LAA #2 at Soledad Flow,202.9
2026-09-29 16:58:06,Mono Basin,Lee Vining Intake Above Flow,26.1
2026-09-29 16:58:06,Mono Basin,Lee Vining Intake Below Flow,25.9
2026-09-29 16:58:06,Mono Basin,Mono Lk. Elevation,6381.7
2026-09-29 16:58:06,Mono Basin,Walker Ck. Above Conduit Flow,2.0
2026-09-29 16:58:06,Mono Basin,L.V. Conduit Below Intake Flow,0.3
2026-09-29 16:58:06,Mono Basin,Walker Ck. Under Conduit Flow,2.0
2026-09-29 16:58:06,Mono Basin,Parker Ck. Under Conduit Flow,5.0
2026-09-29 16:58:06,Mono Basin,Parker Ck. Above Conduit Flow,6.0
2026-09-29 16:58:06,Mono Basin,Grant Lk. Spill Flow,0.0
2026-09-29 16:58:06,Mono Basin,Mono Gate 1 Return Ditch Flow,41.1
2026-09-29 16:58:06,Mono Basin,Grant Lk. Elevation,7128.2
2026-09-29 16:58:06,Mono Basin,Grant Lk. Outflow,39.4
2026-09-29 16:58:06,Mono Basin,Rush Ck. at Damsite Flow,18.4
2026-09-29 16:58:06,Mono Basin,Flow to West Portal,0.0
2026-09-29 16:58:06,Long Valley,East Portal Flow,12.0
2026-09-29 16:58:06,Long Valley,OR Below EP Flow,58.0
2026-09-29 16:58:06,Long Valley,Hot Ck.at Hwy. Flow,6.0
2026-09-29 16:58:06,Long Valley,McGee Ck. Lower Sta. Flow,8.0
2026-09-29 16:58:06,Long Valley,Long Valley Elevation,6765.6
2026-09-29 16:58:06,Long Valley,Long Valley Current Outflow,222.2
2026-09-29 16:58:06,Long Valley,Rock Ck. Div. Flow,0.0
2026-09-29 16:58:06,Long Valley,Upper Gorge Total Release,35.7
2026-09-29 16:58:06,Long Valley,Release at Middle Gorge,0.0
2026-09-29 16:58:06,Northern Owens Valley,Rock Ck. At Owens River (PV) Flow,27.5
2026-09-29 16:58:06,Northern Owens Valley,Pleasant Valley Elevation,4387.9
2026-09-29 16:58:06,Northern Owens Valley,Pleasant Valley Outflow,422.3
2026-09-29 16:58:06,Northern Owens Valley,Baker Ck. At LA Station Flow,6.2
2026-09-29 16:58:06,Northern Owens Valley,Big Pine Ck. USGS Flow,23.0
2026-09-29 16:58:06,Northern Owens Valley,O.R. Below Big Pine,454.0
2026-09-29 16:58:06,Northern Owens Valley,Fish Springs At RR Flow,35.1
2026-09-29 16:58:06,Northern Owens Valley,Tinemaha Elevation,3860.3
2026-09-29 16:58:06,Northern Owens Valley,Tinemaha Reservoir Outflow,427.6
2026-09-29 16:58:06,Northern Owens Valley,Bishop Creek Through Plant 6,61.0
2026-09-29 16:58:06,Northern Owens Valley,Bishop Creek Around Plant 6,6.2
2026-09-29 16:58:06,Southern Owens Valley,Tinemaha Elevation,3860.3
2026-09-29 16:58:06,Southern Owens Valley,Tinemaha Reservoir Outflow,427.6
2026-09-29 16:58:06,Southern Owens Valley,Indep. Ck. At Junction Flow,3.0
2026-09-29 16:58:06,Southern Owens Valley,LAA at Alabama Flow,392.0
2026-09-29 16:58:06,Southern Owens Valley,LAA at Alabama Level,7.7
2026-09-29 16:58:06,Southern Owens Valley,LAA at Alabama Water Temp,63.1
2026-09-29 16:58:06,Southern Owens Valley,Cottonwood Ck. At LAA Flow,0.0
2026-09-29 16:58:06,Southern Owens Valley,LAA at Cottonwood Flow,341.0
2026-09-29 16:58:06,Southern Owens Valley,LAA at Cottonwood Level,7.7
2026-09-29 16:58:06,Southern Owens Valley,LAA at Cotton. Water Temp,63.2
2026-09-29 16:58:06,Southern Owens Valley,N. Haiwee Elevation,3756.7
2026-09-29 16:58:06,Southern Owens Valley,S. Haiwee Reservoir Elevation,3720.5
2026-09-29 16:58:06,Southern Owens Valley,Haiwee LAA #1 Current Flow,0.0
2026-09-29 16:58:06,Southern Owens Valley,Haiwee LAA #2 Current Flow,119.3
2026-09-29 16:58:06,Southern Owens Valley,Reinhackel Flow,2.8
2026-09-29 16:58:06,Southern Owens Valley,Lubkin Spillgate Outflow,54.5
2026-09-29 16:58:06,Southern Owens Valley,Cartago Spillgate Outflow,107.3
2026-09-29 16:58:06,Southern Owens Valley,Lone Pine Creek Flow,5.1
2026-09-29 16:58:06,Lower Owens River Project,LORP Intake Flow,81.0
2026-09-29 16:58:06,Lower Owens River Project,LORP at Mazourka Canyon Road,0.0
2026-09-29 16:58:06,Lower Owens River Project,LORP at Reinhackle Springs,56.0
2026-09-29 16:58:06,Lower Owens River Project,LORP Above Pumpstation,59.0
2026-09-29 16:58:06,Lower Owens River Project,LORP At Pump Station Discharge Flow,49.0
2026-09-29 16:58:06,Southern District,Haiwee LAA #2 Current Flow,119.3
2026-09-29 16:58:06,Southern District,S. Haiwee Reservoir Elevation,3720.5
2026-09-29 16:58:06,Southern District,Haiwee LAA #1 Current Flow,0.0
2026-09-29 16:58:06,Southern District,Fairmont Reservoir Elevation,3023.3
2026-09-29 16:58:06,Southern District,LAA #1 Flow at Fairmont Reservoir,151.8
2026-09-29 16:58:06,Southern District,LAA #2 Flow at Fairmont Res.,148.8
2026-09-29 16:58:06,Southern District,Bouquet Reservoir Elevation,2977.7
2026-09-29 16:58:06,Southern District,Bouquet Reservoir Inflow,0.0
2026-09-29 16:58:06,Southern District,Bouquet Reservoir Outflow,31.0
2026-09-29 16:58:06,Southern District,LAA #1 at Soledad Flow,124.9
2026-09-29 16:58:06,Southern District,LAA #2 at Soledad Flow,202.9
