date,district,source,value
2026-08-13 00:43:29,Mono Basin,Lee Vining Intake Above Flow,35.4
2026-08-13 00:43:29,Mono Basin,Lee Vining Intake Below Flow,30.6
2026-08-13 00:43:29,Mono Basin,Mono Lk. Elevation,6382.4
2026-08-13 00:43:29,Mono Basin,Walker Ck. Above Conduit Flow,7.0
2026-08-13 00:43:29,Mono Basin,L.V. Conduit Below Intake Flow,4.6
2026-08-13 00:43:29,Mono Basin,Walker Ck. Under Conduit Flow,7.0
2026-08-13 00:43:29,Mono Basin,Parker Ck. Under Conduit Flow,14.0
2026-08-13 00:43:29,Mono Basin,Parker Ck. Above Conduit Flow,15.0
2026-08-13 00:43:29,Mono Basin,Grant Lk. Spill Flow,0.0
2026-08-13 00:43:29,Mono Basin,Mono Gate 1 Return Ditch Flow,25.3
2026-08-13 00:43:29,Mono Basin,Grant Lk. Elevation,7129.7
2026-08-13 00:43:29,Mono Basin,Grant Lk. Outflow,39.8
2026-08-13 00:43:29,Mono Basin,Rush Ck. at Damsite Flow,11.7
2026-08-13 00:43:29,Mono Basin,Flow to West Portal,15.9
2026-08-13 00:43:29,Long Valley,East Portal Flow,27.0
2026-08-13 00:43:29,Long Valley,OR Below EP Flow,70.0
2026-08-13 00:43:29,Long Valley,Hot Ck.at Hwy. Flow,7.0
2026-08-13 00:43:29,Long Valley,McGee Ck. Lower Sta. Flow,8.3
2026-08-13 00:43:29,Long Valley,Long Valley Elevation,6773.0
2026-08-13 00:43:29,Long Valley,Long Valley Current Outflow,580.6
2026-08-13 00:43:29,Long Valley,Rock Ck. Div. Flow,0.0
2026-08-13 00:43:29,Long Valley,Upper Gorge Total Release,41.5
2026-08-13 00:43:29,Long Valley,Release at Middle Gorge,0.0
2026-08-13 00:43:29,Northern Owens Valley,Rock Ck. At Owens River (PV) Flow,27.9
2026-08-13 00:43:29,Northern Owens Valley,Pleasant Valley Elevation,4384.4
2026-08-13 00:43:29,Northern Owens Valley,Pleasant Valley Outflow,497.3
2026-08-13 00:43:29,Northern Owens Valley,Baker Ck. At LA Station Flow,8.0
2026-08-13 00:43:29,Northern Owens Valley,Big Pine Ck. USGS Flow,46.8
2026-08-13 00:43:29,Northern Owens Valley,O.R. Below Big Pine,503.0
2026-08-13 00:43:29,Northern Owens Valley,Fish Springs At RR Flow,34.7
2026-08-13 00:43:29,Northern Owens Valley,Tinemaha Reservoir Outflow,478.3
2026-08-13 00:43:29,Northern Owens Valley,Bishop Creek Through Plant 6,114.8
2026-08-13 00:43:29,Northern Owens Valley,Bishop Creek Around Plant 6,8.0
2026-08-13 00:43:29,Southern Owens Valley,Tinemaha Reservoir Outflow,478.3
2026-08-13 00:43:29,Southern Owens Valley,Indep. Ck. At Junction Flow,7.5
2026-08-13 00:43:29,Southern Owens Valley,LAA at Alabama Flow,359.0
2026-08-13 00:43:29,Southern Owens Valley,LAA at Alabama Level,7.4
2026-08-13 00:43:29,Southern Owens Valley,LAA at Alabama Water Temp,73.1
2026-08-13 00:43:29,Southern Owens Valley,Cottonwood Ck. At LAA Flow,6.0
2026-08-13 00:43:29,Southern Owens Valley,LAA at Cottonwood Flow,437.0
2026-08-13 00:43:29,Southern Owens Valley,LAA at Cottonwood Level,8.7
2026-08-13 00:43:29,Southern Owens Valley,LAA at Cotton. Water Temp,73.4
2026-08-13 00:43:29,Southern Owens Valley,N. Haiwee Elevation,3757.0
2026-08-13 00:43:29,Southern Owens Valley,S. Haiwee Reservoir Elevation,3723.0
2026-08-13 00:43:29,Southern Owens Valley,Haiwee LAA #1 Current Flow,0.0
2026-08-13 00:43:29,Southern Owens Valley,Haiwee LAA #2 Current Flow,99.6
2026-08-13 00:43:29,Southern Owens Valley,Reinhackel Flow,2.9
2026-08-13 00:43:29,Southern Owens Valley,Lubkin Spillgate Outflow,0.0
2026-08-13 00:43:29,Southern Owens Valley,Cartago Spillgate Outflow,0.0
2026-08-13 00:43:29,Southern Owens Valley,Lone Pine Creek Flow,13.6
2026-08-13 00:43:29,Lower Owens River Project,LORP Intake Flow,90.0
2026-08-13 00:43:29,Lower Owens River Project,LORP at Mazourka Canyon Road,0.0
2026-08-13 00:43:29,Lower Owens River Project,LORP at Reinhackle Springs,70.0
2026-08-13 00:43:29,Lower Owens River Project,LORP Above Pumpstation,49.0
2026-08-13 00:43:29,Lower Owens River Project,LORP At Pump Station Discharge Flow,48.0
2026-08-13 00:43:29,Southern District,Haiwee LAA #2 Current Flow,99.6
2026-08-13 00:43:29,Southern District,S. Haiwee Reservoir Elevation,3723.0
2026-08-13 00:43:29,Southern District,Haiwee LAA #1 Current Flow,0.0
2026-08-13 00:43:29,Southern District,Fairmont Reservoir Elevation,3027.7
2026-08-13 00:43:29,Southern District,LAA #1 Flow at Fairmont Reservoir,314.6
2026-08-13 00:43:29,Southern District,LAA #2 Flow at Fairmont Res.,140.6
2026-08-13 00:43:29,Southern District,Bouquet Reservoir Elevation,2984.0
2026-08-13 00:43:29,Southern District,Bouquet Reservoir Inflow,14.4
2026-08-13 00:43:29,Southern District,Bouquet Reservoir Outflow,0.5
2026-08-13 00:43:29,Southern District,LAA #1 at Soledad Flow,270.7
2026-08-13 00:43:29,Southern District,LAA #2 at Soledad Flow,193.1
2026-08-13 01:43:29,Mono Basin,Lee Vining Intake Above Flow,34.5
2026-08-13 01:43:29,Mono Basin,Lee Vining Intake Below Flow,29.4
2026-08-13 01:43:29,Mono Basin,Mono Lk. Elevation,6382.4
2026-08-13 01:43:29,Mono Basin,Walker Ck. Above Conduit Flow,7.0
2026-08-13 01:43:29,Mono Basin,L.V. Conduit Below Intake Flow,4.3
2026-08-13 01:43:29,Mono Basin,Walker Ck. Under Conduit Flow,7.0
2026-08-13 01:43:29,Mono Basin,Parker Ck. Under Conduit Flow,14.0
2026-08-13 01:43:29,Mono Basin,Parker Ck. Above Conduit Flow,15.0
2026-08-13 01:43:29,Mono Basin,Grant Lk. Spill Flow,0.0
2026-08-13 01:43:29,Mono Basin,Mono Gate 1 Return Ditch Flow,25.4
2026-08-13 01:43:29,Mono Basin,Grant Lk. Elevation,7129.7
2026-08-13 01:43:29,Mono Basin,Grant Lk. Outflow,39.5
2026-08-13 01:43:29,Mono Basin,Rush Ck. at Damsite Flow,11.7
2026-08-13 01:43:29,Mono Basin,Flow to West Portal,15.9
2026-08-13 01:43:29,Long Valley,East Portal Flow,27.0
2026-08-13 01:43:29,Long Valley,OR Below EP Flow,70.0
2026-08-13 01:43:29,Long Valley,Hot Ck.at Hwy. Flow,7.0
2026-08-13 01:43:29,Long Valley,McGee Ck. Lower Sta. Flow,8.3
2026-08-13 01:43:29,Long Valley,Long Valley Elevation,6773.0
2026-08-13 01:43:29,Long Valley,Long Valley Current Outflow,582.1
2026-08-13 01:43:29,Long Valley,Rock Ck. Div. Flow,0.0
2026-08-13 01:43:29,Long Valley,Upper Gorge Total Release,41.2
2026-08-13 01:43:29,Long Valley,Release at Middle Gorge,0.0
2026-08-13 01:43:29,Northern Owens Valley,Rock Ck. At Owens River (PV) Flow,28.1
2026-08-13 01:43:29,Northern Owens Valley,Pleasant Valley Elevation,4384.6
2026-08-13 01:43:29,Northern Owens Valley,Pleasant Valley Outflow,497.4
2026-08-13 01:43:29,Northern Owens Valley,Baker Ck. At LA Station Flow,9.0
2026-08-13 01:43:29,Northern Owens Valley,Big Pine Ck. USGS Flow,46.8
2026-08-13 01:43:29,Northern Owens Valley,O.R. Below Big Pine,505.2
2026-08-13 01:43:29,Northern Owens Valley,Fish Springs At RR Flow,34.7
2026-08-13 01:43:29,Northern Owens Valley,Tinemaha Reservoir Outflow,477.5
2026-08-13 01:43:29,Northern Owens Valley,Bishop Creek Through Plant 6,114.8
2026-08-13 01:43:29,Northern Owens Valley,Bishop Creek Around Plant 6,8.0
2026-08-13 01:43:29,Southern Owens Valley,Tinemaha Reservoir Outflow,477.5
2026-08-13 01:43:29,Southern Owens Valley,Indep. Ck. At Junction Flow,7.5
2026-08-13 01:43:29,Southern Owens Valley,LAA at Alabama Flow,360.0
2026-08-13 01:43:29,Southern Owens Valley,LAA at Alabama Level,7.4
2026-08-13 01:43:29,Southern Owens Valley,LAA at Alabama Water Temp,72.8
2026-08-13 01:43:29,Southern Owens Valley,Cottonwood Ck. At LAA Flow,6.0
2026-08-13 01:43:29,Southern Owens Valley,LAA at Cottonwood Flow,439.0
2026-08-13 01:43:29,Southern Owens Valley,LAA at Cottonwood Level,8.7
2026-08-13 01:43:29,Southern Owens Valley,LAA at Cotton. Water Temp,73.1
2026-08-13 01:43:29,Southern Owens Valley,N. Haiwee Elevation,3757.0
2026-08-13 01:43:29,Southern Owens Valley,S. Haiwee Reservoir Elevation,3723.0
2026-08-13 01:43:29,Southern Owens Valley,Haiwee LAA #1 Current Flow,0.0
2026-08-13 01:43:29,Southern Owens Valley,Haiwee LAA #2 Current Flow,99.5
2026-08-13 01:43:29,Southern Owens Valley,Reinhackel Flow,2.9
2026-08-13 01:43:29,Southern Owens Valley,Lubkin Spillgate Outflow,0.0
2026-08-13 01:43:29,Southern Owens Valley,Cartago Spillgate Outflow,0.0
2026-08-13 01:43:29,Southern Owens Valley,Lone Pine Creek Flow,13.9
2026-08-13 01:43:29,Lower Owens River Project,LORP Intake Flow,90.0
2026-08-13 01:43:29,Lower Owens River Project,LORP at Mazourka Canyon Road,0.0
2026-08-13 01:43:29,Lower Owens River Project,LORP at Reinhackle Springs,69.0
2026-08-13 01:43:29,Lower Owens River Project,LORP Above Pumpstation,49.0
2026-08-13 01:43:29,Lower Owens River Project,LORP At Pump Station Discharge Flow,48.0
2026-08-13 01:43:29,Southern District,Haiwee LAA #2 Current Flow,99.5
2026-08-13 01:43:29,Southern District,S. Haiwee Reservoir Elevation,3723.0
2026-08-13 01:43:29,Southern District,Haiwee LAA #1 Current Flow,0.0
2026-08-13 01:43:29,Southern District,Fairmont Reservoir Elevation,3027.5
2026-08-13 01:43:29,Southern District,LAA #1 Flow at Fairmont Reservoir,315.0
2026-08-13 01:43:29,Southern District,LAA #2 Flow at Fairmont Res.,133.5
2026-08-13 01:43:29,Southern District,Bouquet Reservoir Elevation,2984.0
2026-08-13 01:43:29,Southern District,Bouquet Reservoir Inflow,16.4
2026-08-13 01:43:29,Southern District,Bouquet Reservoir Outflow,0.7
2026-08-13 01:43:29,Southern District,LAA #1 at Soledad Flow,270.7
2026-08-13 01:43:29,Southern District,LAA #2 at Soledad Flow,193.1
2026-08-13 02:43:29,Mono Basin,Lee Vining Intake Above Flow,33.0
2026-08-13 02:43:29,Mono Basin,Lee Vining Intake Below Flow,29.7
2026-08-13 02:43:29,Mono Basin,Walker Ck. Above Conduit Flow,7.0
2026-08-13 02:43:29,Mono Basin,L.V. Conduit Below Intake Flow,3.9
2026-08-13 02:43:29,Mono Basin,Walker Ck. Under Conduit Flow,7.0
2026-08-13 02:43:29,Mono Basin,Parker Ck. Under Conduit Flow,14.0
2026-08-13 02:43:29,Mono Basin,Parker Ck. Above Conduit Flow,15.0
2026-08-13 02:43:29,Mono Basin,Grant Lk. Spill Flow,0.0
2026-08-13 02:43:29,Mono Basin,Mono Gate 1 Return Ditch Flow,25.5
2026-08-13 02:43:29,Mono Basin,Grant Lk. Outflow,39.5
2026-08-13 02:43:29,Mono Basin,Rush Ck. at Damsite Flow,11.7
2026-08-13 02:43:29,Mono Basin,Flow to West Portal,15.9
2026-08-13 02:43:29,Long Valley,East Portal Flow,27.0
2026-08-13 02:43:29,Long Valley,OR Below EP Flow,70.0
2026-08-13 02:43:29,Long Valley,Hot Ck.at Hwy. Flow,7.0
2026-08-13 02:43:29,Long Valley,McGee Ck. Lower Sta. Flow,8.3
2026-08-13 02:43:29,Long Valley,Long Valley Current Outflow,582.0
2026-08-13 02:43:29,Long Valley,Rock Ck. Div. Flow,0.0
2026-08-13 02:43:29,Long Valley,Upper Gorge Total Release,41.6
2026-08-13 02:43:29,Long Valley,Release at Middle Gorge,0.0
2026-08-13 02:43:29,Northern Owens Valley,Rock Ck. At Owens River (PV) Flow,28.1
2026-08-13 02:43:29,Northern Owens Valley,Pleasant Valley Outflow,498.0
2026-08-13 02:43:29,Northern Owens Valley,Baker Ck. At LA Station Flow,9.0
2026-08-13 02:43:29,Northern Owens Valley,Big Pine Ck. USGS Flow,46.8
2026-08-13 02:43:29,Northern Owens Valley,O.R. Below Big Pine,505.5
2026-08-13 02:43:29,Northern Owens Valley,Fish Springs At RR Flow,34.7
2026-08-13 02:43:29,Northern Owens Valley,Tinemaha Reservoir Outflow,479.1
2026-08-13 02:43:29,Northern Owens Valley,Bishop Creek Through Plant 6,121.2
2026-08-13 02:43:29,Northern Owens Valley,Bishop Creek Around Plant 6,8.0
2026-08-13 02:43:29,Southern Owens Valley,Tinemaha Reservoir Outflow,479.1
2026-08-13 02:43:29,Southern Owens Valley,Indep. Ck. At Junction Flow,7.5
2026-08-13 02:43:29,Southern Owens Valley,LAA at Alabama Flow,364.0
2026-08-13 02:43:29,Southern Owens Valley,Cottonwood Ck. At LAA Flow,5.0
2026-08-13 02:43:29,Southern Owens Valley,LAA at Cottonwood Flow,441.0
2026-08-13 02:43:29,Southern Owens Valley,Haiwee LAA #1 Current Flow,0.0
2026-08-13 02:43:29,Southern Owens Valley,Haiwee LAA #2 Current Flow,99.5
2026-08-13 02:43:29,Southern Owens Valley,Reinhackel Flow,2.9
2026-08-13 02:43:29,Southern Owens Valley,Lubkin Spillgate Outflow,0.0
2026-08-13 02:43:29,Southern Owens Valley,Cartago Spillgate Outflow,0.0
2026-08-13 02:43:29,Southern Owens Valley,Lone Pine Creek Flow,13.7
2026-08-13 02:43:29,Lower Owens River Project,LORP Intake Flow,90.0
2026-08-13 02:43:29,Lower Owens River Project,LORP at Mazourka Canyon Road,0.0
2026-08-13 02:43:29,Lower Owens River Project,LORP at Reinhackle Springs,74.0
2026-08-13 02:43:29,Lower Owens River Project,LORP Above Pumpstation,49.0
2026-08-13 02:43:29,Lower Owens River Project,LORP At Pump Station Discharge Flow,48.0
2026-08-13 02:43:29,Southern District,Haiwee LAA #2 Current Flow,99.5
2026-08-13 02:43:29,Southern District,Haiwee LAA #1 Current Flow,0.0
2026-08-13 02:43:29,Southern District,LAA #1 Flow at Fairmont Reservoir,314.4
2026-08-13 02:43:29,Southern District,LAA #2 Flow at Fairmont Res.,126.5
2026-08-13 02:43:29,Southern District,Bouquet Reservoir Inflow,14.4
2026-08-13 02:43:29,Southern District,Bouquet Reservoir Outflow,0.5
2026-08-13 02:43:29,Southern District,LAA #1 at Soledad Flow,270.7
2026-08-13 02:43:29,Southern District,LAA #2 at Soledad Flow,193.1
2026-08-13 02:43:30,Mono Basin,Mono Lk. Elevation,6382.4
2026-08-13 02:43:30,Mono Basin,Grant Lk. Elevation,7129.7
2026-08-13 02:43:30,Long Valley,Long Valley Elevation,6773.0
2026-08-13 02:43:30,Northern Owens Valley,Pleasant Valley Elevation,4384.7
2026-08-13 02:43:30,Southern Owens Valley,LAA at Alabama Level,7.4
2026-08-13 02:43:30,Southern Owens Valley,LAA at Alabama Water Temp,72.3
2026-08-13 02:43:30,Southern Owens Valley,LAA at Cottonwood Level,8.7
2026-08-13 02:43:30,Southern Owens Valley,LAA at Cotton. Water Temp,73.0
2026-08-13 02:43:30,Southern Owens Valley,N. Haiwee Elevation,3757.0
2026-08-13 02:43:30,Southern Owens Valley,S. Haiwee Reservoir Elevation,3723.0
2026-08-13 02:43:30,Southern District,S. Haiwee Reservoir Elevation,3723.0
2026-08-13 02:43:30,Southern District,Fairmont Reservoir Elevation,3027.4
2026-08-13 02:43:30,Southern District,Bouquet Reservoir Elevation,2984.0
2026-08-13 03:28:28,Northern Owens Valley,Tinemaha Elevation,3861.8
2026-08-13 03:28:28,Southern Owens Valley,Tinemaha Elevation,3861.8
2026-08-13 03:43:29,Mono Basin,Lee Vining Intake Above Flow,33.0
2026-08-13 03:43:29,Mono Basin,Lee Vining Intake Below Flow,30.0
2026-08-13 03:43:29,Mono Basin,Mono Lk. Elevation,6382.4
2026-08-13 03:43:29,Mono Basin,Walker Ck. Above Conduit Flow,7.0
2026-08-13 03:43:29,Mono Basin,L.V. Conduit Below Intake Flow,3.9
2026-08-13 03:43:29,Mono Basin,Walker Ck. Under Conduit Flow,7.0
2026-08-13 03:43:29,Mono Basin,Parker Ck. Under Conduit Flow,14.0
2026-08-13 03:43:29,Mono Basin,Parker Ck. Above Conduit Flow,15.0
2026-08-13 03:43:29,Mono Basin,Grant Lk. Spill Flow,0.0
2026-08-13 03:43:29,Mono Basin,Mono Gate 1 Return Ditch Flow,25.5
2026-08-13 03:43:29,Mono Basin,Grant Lk. Elevation,7129.7
2026-08-13 03:43:29,Mono Basin,Grant Lk. Outflow,39.5
2026-08-13 03:43:29,Mono Basin,Rush Ck. at Damsite Flow,11.7
2026-08-13 03:43:29,Mono Basin,Flow to West Portal,15.9
2026-08-13 03:43:29,Long Valley,East Portal Flow,27.0
2026-08-13 03:43:29,Long Valley,OR Below EP Flow,70.0
2026-08-13 03:43:29,Long Valley,Hot Ck.at Hwy. Flow,7.0
2026-08-13 03:43:29,Long Valley,McGee Ck. Lower Sta. Flow,8.3
2026-08-13 03:43:29,Long Valley,Long Valley Elevation,6773.0
2026-08-13 03:43:29,Long Valley,Long Valley Current Outflow,586.1
2026-08-13 03:43:29,Long Valley,Rock Ck. Div. Flow,0.0
2026-08-13 03:43:29,Long Valley,Upper Gorge Total Release,41.7
2026-08-13 03:43:29,Long Valley,Release at Middle Gorge,0.0
2026-08-13 03:43:29,Northern Owens Valley,Rock Ck. At Owens River (PV) Flow,28.1
2026-08-13 03:43:29,Northern Owens Valley,Pleasant Valley Elevation,4384.8
2026-08-13 03:43:29,Northern Owens Valley,Pleasant Valley Outflow,498.6
2026-08-13 03:43:29,Northern Owens Valley,Baker Ck. At LA Station Flow,9.1
2026-08-13 03:43:29,Northern Owens Valley,Big Pine Ck. USGS Flow,46.8
2026-08-13 03:43:29,Northern Owens Valley,O.R. Below Big Pine,506.3
2026-08-13 03:43:29,Northern Owens Valley,Fish Springs At RR Flow,34.7
2026-08-13 03:43:29,Northern Owens Valley,Tinemaha Reservoir Outflow,477.5
2026-08-13 03:43:29,Northern Owens Valley,Bishop Creek Through Plant 6,128.2
2026-08-13 03:43:29,Northern Owens Valley,Bishop Creek Around Plant 6,8.0
2026-08-13 03:43:29,Southern Owens Valley,Tinemaha Reservoir Outflow,477.5
2026-08-13 03:43:29,Southern Owens Valley,Indep. Ck. At Junction Flow,7.5
2026-08-13 03:43:29,Southern Owens Valley,LAA at Alabama Flow,369.0
2026-08-13 03:43:29,Southern Owens Valley,LAA at Alabama Level,7.5
2026-08-13 03:43:29,Southern Owens Valley,LAA at Alabama Water Temp,72.0
2026-08-13 03:43:29,Southern Owens Valley,Cottonwood Ck. At LAA Flow,5.0
2026-08-13 03:43:29,Southern Owens Valley,LAA at Cottonwood Flow,443.0
2026-08-13 03:43:29,Southern Owens Valley,LAA at Cottonwood Level,8.8
2026-08-13 03:43:29,Southern Owens Valley,LAA at Cotton. Water Temp,72.8
2026-08-13 03:43:29,Southern Owens Valley,N. Haiwee Elevation,3757.0
2026-08-13 03:43:29,Southern Owens Valley,S. Haiwee Reservoir Elevation,3723.0
2026-08-13 03:43:29,Southern Owens Valley,Haiwee LAA #1 Current Flow,0.0
2026-08-13 03:43:29,Southern Owens Valley,Haiwee LAA #2 Current Flow,99.5
2026-08-13 03:43:29,Southern Owens Valley,Reinhackel Flow,2.9
2026-08-13 03:43:29,Southern Owens Valley,Lubkin Spillgate Outflow,0.0
2026-08-13 03:43:29,Southern Owens Valley,Cartago Spillgate Outflow,11.9
2026-08-13 03:43:29,Southern Owens Valley,Lone Pine Creek Flow,13.5
2026-08-13 03:43:29,Lower Owens River Project,LORP Intake Flow,90.0
2026-08-13 03:43:29,Lower Owens River Project,LORP at Mazourka Canyon Road,0.0
2026-08-13 03:43:29,Lower Owens River Project,LORP at Reinhackle Springs,73.0
2026-08-13 03:43:29,Lower Owens River Project,LORP Above Pumpstation,50.0
2026-08-13 03:43:29,Lower Owens River Project,LORP At Pump Station Discharge Flow,48.0
2026-08-13 03:43:29,Southern District,Haiwee LAA #2 Current Flow,99.5
2026-08-13 03:43:29,Southern District,S. Haiwee Reservoir Elevation,3723.0
2026-08-13 03:43:29,Southern District,Haiwee LAA #1 Current Flow,0.0
2026-08-13 03:43:29,Southern District,Fairmont Reservoir Elevation,3027.2
2026-08-13 03:43:29,Southern District,LAA #1 Flow at Fairmont Reservoir,315.3
2026-08-13 03:43:29,Southern District,LAA #2 Flow at Fairmont Res.,118.5
2026-08-13 03:43:29,Southern District,Bouquet Reservoir Elevation,2984.0
2026-08-13 03:43:29,Southern District,Bouquet Reservoir Inflow,2.5
2026-08-13 03:43:29,Southern District,Bouquet Reservoir Outflow,0.5
2026-08-13 03:43:29,Southern District,LAA #1 at Soledad Flow,270.6
2026-08-13 03:43:29,Southern District,LAA #2 at Soledad Flow,192.4
2026-08-13 03:58:28,Northern Owens Valley,Tinemaha Elevation,3861.8
2026-08-13 03:58:28,Southern Owens Valley,Tinemaha Elevation,3861.8
2026-08-13 04:28:28,Northern Owens Valley,Tinemaha Elevation,3861.8
2026-08-13 04:28:28,Southern Owens Valley,Tinemaha Elevation,3861.8
2026-08-13 04:43:29,Mono Basin,Lee Vining Intake Above Flow,34.2
2026-08-13 04:43:29,Mono Basin,Lee Vining Intake Below Flow,30.5
2026-08-13 04:43:29,Mono Basin,Mono Lk. Elevation,6382.4
2026-08-13 04:43:29,Mono Basin,Walker Ck. Above Conduit Flow,7.0
2026-08-13 04:43:29,Mono Basin,L.V. Conduit Below Intake Flow,4.2
2026-08-13 04:43:29,Mono Basin,Walker Ck. Under Conduit Flow,7.0
2026-08-13 04:43:29,Mono Basin,Parker Ck. Under Conduit Flow,14.0
2026-08-13 04:43:29,Mono Basin,Parker Ck. Above Conduit Flow,15.0
2026-08-13 04:43:29,Mono Basin,Grant Lk. Spill Flow,0.0
2026-08-13 04:43:29,Mono Basin,Mono Gate 1 Return Ditch Flow,25.5
2026-08-13 04:43:29,Mono Basin,Grant Lk. Elevation,7129.7
2026-08-13 04:43:29,Mono Basin,Grant Lk. Outflow,39.7
2026-08-13 04:43:29,Mono Basin,Rush Ck. at Damsite Flow,11.7
2026-08-13 04:43:29,Mono Basin,Flow to West Portal,15.9
2026-08-13 04:43:29,Long Valley,East Portal Flow,27.0
2026-08-13 04:43:29,Long Valley,OR Below EP Flow,70.0
2026-08-13 04:43:29,Long Valley,Hot Ck.at Hwy. Flow,7.0
2026-08-13 04:43:29,Long Valley,McGee Ck. Lower Sta. Flow,8.3
2026-08-13 04:43:29,Long Valley,Long Valley Elevation,6773.0
2026-08-13 04:43:29,Long Valley,Long Valley Current Outflow,581.1
2026-08-13 04:43:29,Long Valley,Rock Ck. Div. Flow,0.0
2026-08-13 04:43:29,Long Valley,Upper Gorge Total Release,41.7
2026-08-13 04:43:29,Long Valley,Release at Middle Gorge,0.0
2026-08-13 04:43:29,Northern Owens Valley,Rock Ck. At Owens River (PV) Flow,28.1
2026-08-13 04:43:29,Northern Owens Valley,Pleasant Valley Elevation,4384.9
2026-08-13 04:43:29,Northern Owens Valley,Pleasant Valley Outflow,499.2
2026-08-13 04:43:29,Northern Owens Valley,Baker Ck. At LA Station Flow,9.1
2026-08-13 04:43:29,Northern Owens Valley,Big Pine Ck. USGS Flow,46.8
2026-08-13 04:43:29,Northern Owens Valley,O.R. Below Big Pine,507.2
2026-08-13 04:43:29,Northern Owens Valley,Fish Springs At RR Flow,34.7
2026-08-13 04:43:29,Northern Owens Valley,Tinemaha Reservoir Outflow,477.5
2026-08-13 04:43:29,Northern Owens Valley,Bishop Creek Through Plant 6,110.9
2026-08-13 04:43:29,Northern Owens Valley,Bishop Creek Around Plant 6,11.3
2026-08-13 04:43:29,Southern Owens Valley,Tinemaha Reservoir Outflow,477.5
2026-08-13 04:43:29,Southern Owens Valley,Indep. Ck. At Junction Flow,7.5
2026-08-13 04:43:29,Southern Owens Valley,LAA at Alabama Flow,369.0
2026-08-13 04:43:29,Southern Owens Valley,LAA at Alabama Level,7.5
2026-08-13 04:43:29,Southern Owens Valley,LAA at Alabama Water Temp,71.8
2026-08-13 04:43:29,Southern Owens Valley,Cottonwood Ck. At LAA Flow,5.0
2026-08-13 04:43:29,Southern Owens Valley,LAA at Cottonwood Flow,446.0
2026-08-13 04:43:29,Southern Owens Valley,LAA at Cottonwood Level,8.8
2026-08-13 04:43:29,Southern Owens Valley,LAA at Cotton. Water Temp,72.5
2026-08-13 04:43:29,Southern Owens Valley,N. Haiwee Elevation,3757.0
2026-08-13 04:43:29,Southern Owens Valley,S. Haiwee Reservoir Elevation,3723.0
2026-08-13 04:43:29,Southern Owens Valley,Haiwee LAA #1 Current Flow,0.0
2026-08-13 04:43:29,Southern Owens Valley,Haiwee LAA #2 Current Flow,99.5
2026-08-13 04:43:29,Southern Owens Valley,Reinhackel Flow,2.9
2026-08-13 04:43:29,Southern Owens Valley,Lubkin Spillgate Outflow,0.0
2026-08-13 04:43:29,Southern Owens Valley,Cartago Spillgate Outflow,12.4
2026-08-13 04:43:29,Southern Owens Valley,Lone Pine Creek Flow,13.4
2026-08-13 04:43:29,Lower Owens River Project,LORP Intake Flow,90.0
2026-08-13 04:43:29,Lower Owens River Project,LORP at Mazourka Canyon Road,0.0
2026-08-13 04:43:29,Lower Owens River Project,LORP at Reinhackle Springs,69.0
2026-08-13 04:43:29,Lower Owens River Project,LORP Above Pumpstation,50.0
2026-08-13 04:43:29,Lower Owens River Project,LORP At Pump Station Discharge Flow,48.0
2026-08-13 04:43:29,Southern District,Haiwee LAA #2 Current Flow,99.5
2026-08-13 04:43:29,Southern District,S. Haiwee Reservoir Elevation,3723.0
2026-08-13 04:43:29,Southern District,Haiwee LAA #1 Current Flow,0.0
2026-08-13 04:43:29,Southern District,Fairmont Reservoir Elevation,3027.1
2026-08-13 04:43:29,Southern District,LAA #1 Flow at Fairmont Reservoir,316.2
2026-08-13 04:43:29,Southern District,LAA #2 Flow at Fairmont Res.,111.7
2026-08-13 04:43:29,Southern District,Bouquet Reservoir Elevation,2984.0
2026-08-13 04:43:29,Southern District,Bouquet Reservoir Inflow,2.3
2026-08-13 04:43:29,Southern District,Bouquet Reservoir Outflow,0.5
2026-08-13 04:43:29,Southern District,LAA #1 at Soledad Flow,270.6
2026-08-13 04:43:29,Southern District,LAA #2 at Soledad Flow,192.4
2026-08-13 04:58:28,Northern Owens Valley,Tinemaha Elevation,3861.8
2026-08-13 04:58:28,Southern Owens Valley,Tinemaha Elevation,3861.8
2026-08-13 05:28:28,Northern Owens Valley,Tinemaha Elevation,3861.8
2026-08-13 05:28:28,Southern Owens Valley,Tinemaha Elevation,3861.8
2026-08-13 05:43:28,Southern Owens Valley,Indep. Ck. At Junction Flow,7.5
2026-08-13 05:43:28,Southern Owens Valley,LAA at Alabama Flow,373.0
2026-08-13 05:43:28,Southern Owens Valley,Cottonwood Ck. At LAA Flow,4.0
2026-08-13 05:43:28,Southern Owens Valley,LAA at Cottonwood Flow,447.0
2026-08-13 05:43:28,Southern Owens Valley,Lone Pine Creek Flow,13.5
2026-08-13 05:43:29,Mono Basin,Lee Vining Intake Above Flow,36.0
2026-08-13 05:43:29,Mono Basin,Lee Vining Intake Below Flow,30.6
2026-08-13 05:43:29,Mono Basin,Mono Lk. Elevation,6382.4
2026-08-13 05:43:29,Mono Basin,Walker Ck. Above Conduit Flow,7.0
2026-08-13 05:43:29,Mono Basin,L.V. Conduit Below Intake Flow,4.6
2026-08-13 05:43:29,Mono Basin,Walker Ck. Under Conduit Flow,7.0
2026-08-13 05:43:29,Mono Basin,Parker Ck. Under Conduit Flow,14.0
2026-08-13 05:43:29,Mono Basin,Parker Ck. Above Conduit Flow,15.0
2026-08-13 05:43:29,Mono Basin,Grant Lk. Spill Flow,0.0
2026-08-13 05:43:29,Mono Basin,Mono Gate 1 Return Ditch Flow,25.6
2026-08-13 05:43:29,Mono Basin,Grant Lk. Elevation,7129.7
2026-08-13 05:43:29,Mono Basin,Grant Lk. Outflow,39.7
2026-08-13 05:43:29,Mono Basin,Rush Ck. at Damsite Flow,11.7
2026-08-13 05:43:29,Mono Basin,Flow to West Portal,15.9
2026-08-13 05:43:29,Long Valley,East Portal Flow,27.0
2026-08-13 05:43:29,Long Valley,OR Below EP Flow,70.0
2026-08-13 05:43:29,Long Valley,Hot Ck.at Hwy. Flow,7.0
2026-08-13 05:43:29,Long Valley,McGee Ck. Lower Sta. Flow,8.3
2026-08-13 05:43:29,Long Valley,Long Valley Elevation,6773.0
2026-08-13 05:43:29,Long Valley,Long Valley Current Outflow,582.1
2026-08-13 05:43:29,Long Valley,Rock Ck. Div. Flow,0.0
2026-08-13 05:43:29,Long Valley,Upper Gorge Total Release,40.0
2026-08-13 05:43:29,Long Valley,Release at Middle Gorge,0.0
2026-08-13 05:43:29,Northern Owens Valley,Rock Ck. At Owens River (PV) Flow,28.3
2026-08-13 05:43:29,Northern Owens Valley,Pleasant Valley Elevation,4385.0
2026-08-13 05:43:29,Northern Owens Valley,Pleasant Valley Outflow,499.3
2026-08-13 05:43:29,Northern Owens Valley,Baker Ck. At LA Station Flow,10.0
2026-08-13 05:43:29,Northern Owens Valley,Big Pine Ck. USGS Flow,46.8
2026-08-13 05:43:29,Northern Owens Valley,O.R. Below Big Pine,507.1
2026-08-13 05:43:29,Northern Owens Valley,Fish Springs At RR Flow,34.7
2026-08-13 05:43:29,Northern Owens Valley,Tinemaha Reservoir Outflow,476.6
2026-08-13 05:43:29,Northern Owens Valley,Bishop Creek Through Plant 6,82.5
2026-08-13 05:43:29,Northern Owens Valley,Bishop Creek Around Plant 6,8.2
2026-08-13 05:43:29,Southern Owens Valley,Tinemaha Reservoir Outflow,476.6
2026-08-13 05:43:29,Southern Owens Valley,LAA at Alabama Level,7.5
2026-08-13 05:43:29,Southern Owens Valley,LAA at Alabama Water Temp,71.5
2026-08-13 05:43:29,Southern Owens Valley,LAA at Cottonwood Level,8.8
2026-08-13 05:43:29,Southern Owens Valley,LAA at Cotton. Water Temp,72.3
2026-08-13 05:43:29,Southern Owens Valley,N. Haiwee Elevation,3757.0
2026-08-13 05:43:29,Southern Owens Valley,S. Haiwee Reservoir Elevation,3723.0
2026-08-13 05:43:29,Southern Owens Valley,Haiwee LAA #1 Current Flow,0.0
2026-08-13 05:43:29,Southern Owens Valley,Haiwee LAA #2 Current Flow,99.5
2026-08-13 05:43:29,Southern Owens Valley,Reinhackel Flow,2.9
2026-08-13 05:43:29,Southern Owens Valley,Lubkin Spillgate Outflow,0.0
2026-08-13 05:43:29,Southern Owens Valley,Cartago Spillgate Outflow,11.7
2026-08-13 05:43:29,Lower Owens River Project,LORP Intake Flow,91.0
2026-08-13 05:43:29,Lower Owens River Project,LORP at Mazourka Canyon Road,0.0
2026-08-13 05:43:29,Lower Owens River Project,LORP at Reinhackle Springs,68.0
2026-08-13 05:43:29,Lower Owens River Project,LORP Above Pumpstation,50.0
2026-08-13 05:43:29,Lower Owens River Project,LORP At Pump Station Discharge Flow,48.0
2026-08-13 05:43:29,Southern District,Haiwee LAA #2 Current Flow,99.5
2026-08-13 05:43:29,Southern District,S. Haiwee Reservoir Elevation,3723.0
2026-08-13 05:43:29,Southern District,Haiwee LAA #1 Current Flow,0.0
2026-08-13 05:43:29,Southern District,Fairmont Reservoir Elevation,3026.9
2026-08-13 05:43:29,Southern District,LAA #1 Flow at Fairmont Reservoir,316.0
2026-08-13 05:43:29,Southern District,LAA #2 Flow at Fairmont Res.,106.4
2026-08-13 05:43:29,Southern District,Bouquet Reservoir Elevation,2984.0
2026-08-13 05:43:29,Southern District,Bouquet Reservoir Inflow,2.8
2026-08-13 05:43:29,Southern District,Bouquet Reservoir Outflow,0.5
2026-08-13 05:43:29,Southern District,LAA #1 at Soledad Flow,270.6
2026-08-13 05:43:29,Southern District,LAA #2 at Soledad Flow,192.4
2026-08-13 05:58:28,Northern Owens Valley,Tinemaha Elevation,3861.8
2026-08-13 05:58:28,Southern Owens Valley,Tinemaha Elevation,3861.8
2026-08-13 06:28:28,Northern Owens Valley,Tinemaha Elevation,3861.8
2026-08-13 06:28:28,Southern Owens Valley,Tinemaha Elevation,3861.8
2026-08-13 06:43:29,Mono Basin,Lee Vining Intake Above Flow,36.1
2026-08-13 06:43:29,Mono Basin,Lee Vining Intake Below Flow,30.9
2026-08-13 06:43:29,Mono Basin,Walker Ck. Above Conduit Flow,6.0
2026-08-13 06:43:29,Mono Basin,L.V. Conduit Below Intake Flow,5.3
2026-08-13 06:43:29,Mono Basin,Walker Ck. Under Conduit Flow,6.0
2026-08-13 06:43:29,Mono Basin,Parker Ck. Under Conduit Flow,14.0
2026-08-13 06:43:29,Mono Basin,Parker Ck. Above Conduit Flow,15.0
2026-08-13 06:43:29,Mono Basin,Grant Lk. Spill Flow,0.0
2026-08-13 06:43:29,Mono Basin,Mono Gate 1 Return Ditch Flow,25.7
2026-08-13 06:43:29,Mono Basin,Grant Lk. Outflow,39.9
2026-08-13 06:43:29,Mono Basin,Rush Ck. at Damsite Flow,12.2
2026-08-13 06:43:29,Mono Basin,Flow to West Portal,15.6
2026-08-13 06:43:29,Long Valley,East Portal Flow,27.0
2026-08-13 06:43:29,Long Valley,OR Below EP Flow,70.0
2026-08-13 06:43:29,Long Valley,Hot Ck.at Hwy. Flow,7.0
2026-08-13 06:43:29,Long Valley,McGee Ck. Lower Sta. Flow,8.3
2026-08-13 06:43:29,Long Valley,Long Valley Current Outflow,579.1
2026-08-13 06:43:29,Long Valley,Rock Ck. Div. Flow,0.0
2026-08-13 06:43:29,Long Valley,Upper Gorge Total Release,39.3
2026-08-13 06:43:29,Long Valley,Release at Middle Gorge,0.0
2026-08-13 06:43:29,Northern Owens Valley,Rock Ck. At Owens River (PV) Flow,28.3
2026-08-13 06:43:29,Northern Owens Valley,Pleasant Valley Outflow,499.7
2026-08-13 06:43:29,Northern Owens Valley,Baker Ck. At LA Station Flow,10.1
2026-08-13 06:43:29,Northern Owens Valley,Big Pine Ck. USGS Flow,46.9
2026-08-13 06:43:29,Northern Owens Valley,O.R. Below Big Pine,509.9
2026-08-13 06:43:29,Northern Owens Valley,Fish Springs At RR Flow,34.7
2026-08-13 06:43:29,Northern Owens Valley,Tinemaha Reservoir Outflow,477.5
2026-08-13 06:43:29,Northern Owens Valley,Bishop Creek Through Plant 6,92.2
2026-08-13 06:43:29,Northern Owens Valley,Bishop Creek Around Plant 6,7.8
2026-08-13 06:43:29,Southern Owens Valley,Tinemaha Reservoir Outflow,477.5
2026-08-13 06:43:29,Southern Owens Valley,Indep. Ck. At Junction Flow,7.6
2026-08-13 06:43:29,Southern Owens Valley,LAA at Alabama Flow,375.0
2026-08-13 06:43:29,Southern Owens Valley,Cottonwood Ck. At LAA Flow,4.0
2026-08-13 06:43:29,Southern Owens Valley,LAA at Cottonwood Flow,450.0
2026-08-13 06:43:29,Southern Owens Valley,Haiwee LAA #1 Current Flow,0.0
2026-08-13 06:43:29,Southern Owens Valley,Haiwee LAA #2 Current Flow,99.4
2026-08-13 06:43:29,Southern Owens Valley,Reinhackel Flow,2.9
2026-08-13 06:43:29,Southern Owens Valley,Lubkin Spillgate Outflow,0.0
2026-08-13 06:43:29,Southern Owens Valley,Cartago Spillgate Outflow,11.5
2026-08-13 06:43:29,Southern Owens Valley,Lone Pine Creek Flow,13.5
2026-08-13 06:43:29,Lower Owens River Project,LORP Intake Flow,91.0
2026-08-13 06:43:29,Lower Owens River Project,LORP at Mazourka Canyon Road,0.0
2026-08-13 06:43:29,Lower Owens River Project,LORP at Reinhackle Springs,68.0
2026-08-13 06:43:29,Lower Owens River Project,LORP Above Pumpstation,49.0
2026-08-13 06:43:29,Lower Owens River Project,LORP At Pump Station Discharge Flow,47.0
2026-08-13 06:43:29,Southern District,Haiwee LAA #2 Current Flow,99.4
2026-08-13 06:43:29,Southern District,Haiwee LAA #1 Current Flow,0.0
2026-08-13 06:43:29,Southern District,LAA #1 Flow at Fairmont Reservoir,315.5
2026-08-13 06:43:29,Southern District,LAA #2 Flow at Fairmont Res.,102.3
2026-08-13 06:43:29,Southern District,Bouquet Reservoir Inflow,0.2
2026-08-13 06:43:29,Southern District,Bouquet Reservoir Outflow,0.5
2026-08-13 06:43:29,Southern District,LAA #1 at Soledad Flow,270.9
2026-08-13 06:43:29,Southern District,LAA #2 at Soledad Flow,190.9
2026-08-13 06:43:30,Mono Basin,Mono Lk. Elevation,6382.4
2026-08-13 06:43:30,Mono Basin,Grant Lk. Elevation,7129.7
2026-08-13 06:43:30,Long Valley,Long Valley Elevation,6773.0
2026-08-13 06:43:30,Northern Owens Valley,Pleasant Valley Elevation,4385.1
2026-08-13 06:43:30,Southern Owens Valley,LAA at Alabama Level,7.5
2026-08-13 06:43:30,Southern Owens Valley,LAA at Alabama Water Temp,71.3
2026-08-13 06:43:30,Southern Owens Valley,LAA at Cottonwood Level,8.8
2026-08-13 06:43:30,Southern Owens Valley,LAA at Cotton. Water Temp,72.3
2026-08-13 06:43:30,Southern Owens Valley,N. Haiwee Elevation,3757.0
2026-08-13 06:43:30,Southern Owens Valley,S. Haiwee Reservoir Elevation,3723.1
2026-08-13 06:43:30,Southern District,S. Haiwee Reservoir Elevation,3723.1
2026-08-13 06:43:30,Southern District,Fairmont Reservoir Elevation,3026.7
2026-08-13 06:43:30,Southern District,Bouquet Reservoir Elevation,2984.0
2026-08-13 06:58:28,Northern Owens Valley,Tinemaha Elevation,3861.8
2026-08-13 06:58:28,Southern Owens Valley,Tinemaha Elevation,3861.8
2026-08-13 07:28:28,Northern Owens Valley,Tinemaha Elevation,3861.8
2026-08-13 07:28:28,Southern Owens Valley,Tinemaha Elevation,3861.8
2026-08-13 07:43:29,Mono Basin,Lee Vining Intake Above Flow,36.5
2026-08-13 07:43:29,Mono Basin,Lee Vining Intake Below Flow,30.4
2026-08-13 07:43:29,Mono Basin,Mono Lk. Elevation,6382.4
2026-08-13 07:43:29,Mono Basin,Walker Ck. Above Conduit Flow,6.0
2026-08-13 07:43:29,Mono Basin,L.V. Conduit Below Intake Flow,6.5
2026-08-13 07:43:29,Mono Basin,Walker Ck. Under Conduit Flow,6.0
2026-08-13 07:43:29,Mono Basin,Parker Ck. Under Conduit Flow,14.0
2026-08-13 07:43:29,Mono Basin,Parker Ck. Above Conduit Flow,15.0
2026-08-13 07:43:29,Mono Basin,Grant Lk. Spill Flow,0.0
2026-08-13 07:43:29,Mono Basin,Mono Gate 1 Return Ditch Flow,25.8
2026-08-13 07:43:29,Mono Basin,Grant Lk. Elevation,7129.7
2026-08-13 07:43:29,Mono Basin,Grant Lk. Outflow,39.6
2026-08-13 07:43:29,Mono Basin,Rush Ck. at Damsite Flow,12.2
2026-08-13 07:43:29,Mono Basin,Flow to West Portal,15.6
2026-08-13 07:43:29,Long Valley,East Portal Flow,27.0
2026-08-13 07:43:29,Long Valley,OR Below EP Flow,70.0
2026-08-13 07:43:29,Long Valley,Hot Ck.at Hwy. Flow,7.0
2026-08-13 07:43:29,Long Valley,McGee Ck. Lower Sta. Flow,8.3
2026-08-13 07:43:29,Long Valley,Long Valley Elevation,6772.9
2026-08-13 07:43:29,Long Valley,Long Valley Current Outflow,581.7
2026-08-13 07:43:29,Long Valley,Rock Ck. Div. Flow,0.0
2026-08-13 07:43:29,Long Valley,Upper Gorge Total Release,41.0
2026-08-13 07:43:29,Long Valley,Release at Middle Gorge,0.0
2026-08-13 07:43:29,Northern Owens Valley,Rock Ck. At Owens River (PV) Flow,28.4
2026-08-13 07:43:29,Northern Owens Valley,Pleasant Valley Elevation,4385.3
2026-08-13 07:43:29,Northern Owens Valley,Pleasant Valley Outflow,500.5
2026-08-13 07:43:29,Northern Owens Valley,Baker Ck. At LA Station Flow,10.1
2026-08-13 07:43:29,Northern Owens Valley,Big Pine Ck. USGS Flow,46.9
2026-08-13 07:43:29,Northern Owens Valley,O.R. Below Big Pine,510.4
2026-08-13 07:43:29,Northern Owens Valley,Fish Springs At RR Flow,34.7
2026-08-13 07:43:29,Northern Owens Valley,Tinemaha Reservoir Outflow,477.5
2026-08-13 07:43:29,Northern Owens Valley,Bishop Creek Through Plant 6,105.6
2026-08-13 07:43:29,Northern Owens Valley,Bishop Creek Around Plant 6,7.4
2026-08-13 07:43:29,Southern Owens Valley,Tinemaha Reservoir Outflow,477.5
2026-08-13 07:43:29,Southern Owens Valley,Indep. Ck. At Junction Flow,7.6
2026-08-13 07:43:29,Southern Owens Valley,LAA at Alabama Flow,378.0
2026-08-13 07:43:29,Southern Owens Valley,LAA at Alabama Level,7.6
2026-08-13 07:43:29,Southern Owens Valley,LAA at Alabama Water Temp,70.9
2026-08-13 07:43:29,Southern Owens Valley,Cottonwood Ck. At LAA Flow,4.0
2026-08-13 07:43:29,Southern Owens Valley,LAA at Cottonwood Flow,452.0
2026-08-13 07:43:29,Southern Owens Valley,LAA at Cottonwood Level,8.9
2026-08-13 07:43:29,Southern Owens Valley,LAA at Cotton. Water Temp,72.2
2026-08-13 07:43:29,Southern Owens Valley,N. Haiwee Elevation,3757.0
2026-08-13 07:43:29,Southern Owens Valley,S. Haiwee Reservoir Elevation,3723.1
2026-08-13 07:43:29,Southern Owens Valley,Haiwee LAA #1 Current Flow,0.0
2026-08-13 07:43:29,Southern Owens Valley,Haiwee LAA #2 Current Flow,99.4
2026-08-13 07:43:29,Southern Owens Valley,Reinhackel Flow,2.9
2026-08-13 07:43:29,Southern Owens Valley,Lubkin Spillgate Outflow,0.0
2026-08-13 07:43:29,Southern Owens Valley,Cartago Spillgate Outflow,11.9
2026-08-13 07:43:29,Southern Owens Valley,Lone Pine Creek Flow,13.5
2026-08-13 07:43:29,Lower Owens River Project,LORP Intake Flow,91.0
2026-08-13 07:43:29,Lower Owens River Project,LORP at Mazourka Canyon Road,0.0
2026-08-13 07:43:29,Lower Owens River Project,LORP at Reinhackle Springs,75.0
2026-08-13 07:43:29,Lower Owens River Project,LORP Above Pumpstation,50.0
2026-08-13 07:43:29,Lower Owens River Project,LORP At Pump Station Discharge Flow,48.0
2026-08-13 07:43:29,Southern District,Haiwee LAA #2 Current Flow,99.4
2026-08-13 07:43:29,Southern District,S. Haiwee Reservoir Elevation,3723.1
2026-08-13 07:43:29,Southern District,Haiwee LAA #1 Current Flow,0.0
2026-08-13 07:43:29,Southern District,Fairmont Reservoir Elevation,3026.5
2026-08-13 07:43:29,Southern District,LAA #1 Flow at Fairmont Reservoir,313.5
2026-08-13 07:43:29,Southern District,LAA #2 Flow at Fairmont Res.,101.2
2026-08-13 07:43:29,Southern District,Bouquet Reservoir Elevation,2984.0
2026-08-13 07:43:29,Southern District,Bouquet Reservoir Inflow,0.2
2026-08-13 07:43:29,Southern District,Bouquet Reservoir Outflow,0.5
2026-08-13 07:43:29,Southern District,LAA #1 at Soledad Flow,270.3
2026-08-13 07:43:29,Southern District,LAA #2 at Soledad Flow,190.6
2026-08-13 07:58:28,Northern Owens Valley,Tinemaha Elevation,3861.8
2026-08-13 07:58:28,Southern Owens Valley,Tinemaha Elevation,3861.8
2026-08-13 08:28:28,Northern Owens Valley,Tinemaha Elevation,3861.8
2026-08-13 08:28:28,Southern Owens Valley,Tinemaha Elevation,3861.8
2026-08-13 08:43:30,Mono Basin,Lee Vining Intake Above Flow,37.5
2026-08-13 08:43:30,Mono Basin,Lee Vining Intake Below Flow,30.7
2026-08-13 08:43:30,Mono Basin,Mono Lk. Elevation,6382.4
2026-08-13 08:43:30,Mono Basin,Walker Ck. Above Conduit Flow,6.0
2026-08-13 08:43:30,Mono Basin,L.V. Conduit Below Intake Flow,8.3
2026-08-13 08:43:30,Mono Basin,Walker Ck. Under Conduit Flow,6.0
2026-08-13 08:43:30,Mono Basin,Parker Ck. Under Conduit Flow,14.0
2026-08-13 08:43:30,Mono Basin,Parker Ck. Above Conduit Flow,15.0
2026-08-13 08:43:30,Mono Basin,Grant Lk. Spill Flow,0.0
2026-08-13 08:43:30,Mono Basin,Mono Gate 1 Return Ditch Flow,25.7
2026-08-13 08:43:30,Mono Basin,Grant Lk. Elevation,7129.7
2026-08-13 08:43:30,Mono Basin,Grant Lk. Outflow,39.8
2026-08-13 08:43:30,Mono Basin,Rush Ck. at Damsite Flow,12.2
2026-08-13 08:43:30,Mono Basin,Flow to West Portal,15.6
2026-08-13 08:43:30,Long Valley,East Portal Flow,27.0
2026-08-13 08:43:30,Long Valley,OR Below EP Flow,70.0
2026-08-13 08:43:30,Long Valley,Hot Ck.at Hwy. Flow,7.0
2026-08-13 08:43:30,Long Valley,McGee Ck. Lower Sta. Flow,8.2
2026-08-13 08:43:30,Long Valley,Long Valley Elevation,6772.9
2026-08-13 08:43:30,Long Valley,Long Valley Current Outflow,571.7
2026-08-13 08:43:30,Long Valley,Rock Ck. Div. Flow,0.0
2026-08-13 08:43:30,Long Valley,Upper Gorge Total Release,41.0
2026-08-13 08:43:30,Long Valley,Release at Middle Gorge,0.0
2026-08-13 08:43:30,Northern Owens Valley,Rock Ck. At Owens River (PV) Flow,28.7
2026-08-13 08:43:30,Northern Owens Valley,Pleasant Valley Elevation,4385.4
2026-08-13 08:43:30,Northern Owens Valley,Pleasant Valley Outflow,500.8
2026-08-13 08:43:30,Northern Owens Valley,Baker Ck. At LA Station Flow,10.1
2026-08-13 08:43:30,Northern Owens Valley,Big Pine Ck. USGS Flow,46.6
2026-08-13 08:43:30,Northern Owens Valley,O.R. Below Big Pine,509.4
2026-08-13 08:43:30,Northern Owens Valley,Fish Springs At RR Flow,34.7
2026-08-13 08:43:30,Northern Owens Valley,Tinemaha Reservoir Outflow,477.5
2026-08-13 08:43:30,Northern Owens Valley,Bishop Creek Through Plant 6,106.2
2026-08-13 08:43:30,Northern Owens Valley,Bishop Creek Around Plant 6,7.3
2026-08-13 08:43:30,Southern Owens Valley,Tinemaha Reservoir Outflow,477.5
2026-08-13 08:43:30,Southern Owens Valley,Indep. Ck. At Junction Flow,7.6
2026-08-13 08:43:30,Southern Owens Valley,LAA at Alabama Flow,381.0
2026-08-13 08:43:30,Southern Owens Valley,LAA at Alabama Level,7.6
2026-08-13 08:43:30,Southern Owens Valley,LAA at Alabama Water Temp,70.8
2026-08-13 08:43:30,Southern Owens Valley,Cottonwood Ck. At LAA Flow,4.0
2026-08-13 08:43:30,Southern Owens Valley,LAA at Cottonwood Flow,455.0
2026-08-13 08:43:30,Southern Owens Valley,LAA at Cottonwood Level,8.9
2026-08-13 08:43:30,Southern Owens Valley,LAA at Cotton. Water Temp,72.2
2026-08-13 08:43:30,Southern Owens Valley,N. Haiwee Elevation,3757.0
2026-08-13 08:43:30,Southern Owens Valley,S. Haiwee Reservoir Elevation,3723.1
2026-08-13 08:43:30,Southern Owens Valley,Haiwee LAA #1 Current Flow,0.0
2026-08-13 08:43:30,Southern Owens Valley,Haiwee LAA #2 Current Flow,99.7
2026-08-13 08:43:30,Southern Owens Valley,Reinhackel Flow,2.9
2026-08-13 08:43:30,Southern Owens Valley,Lubkin Spillgate Outflow,0.0
2026-08-13 08:43:30,Southern Owens Valley,Cartago Spillgate Outflow,12.5
2026-08-13 08:43:30,Southern Owens Valley,Lone Pine Creek Flow,13.5
2026-08-13 08:43:30,Lower Owens River Project,LORP Intake Flow,91.0
2026-08-13 08:43:30,Lower Owens River Project,LORP at Mazourka Canyon Road,0.0
2026-08-13 08:43:30,Lower Owens River Project,LORP at Reinhackle Springs,72.0
2026-08-13 08:43:30,Lower Owens River Project,LORP Above Pumpstation,51.0
2026-08-13 08:43:30,Lower Owens River Project,LORP At Pump Station Discharge Flow,48.0
2026-08-13 08:43:30,Southern District,Haiwee LAA #2 Current Flow,99.7
2026-08-13 08:43:30,Southern District,S. Haiwee Reservoir Elevation,3723.1
2026-08-13 08:43:30,Southern District,Haiwee LAA #1 Current Flow,0.0
2026-08-13 08:43:30,Southern District,Fairmont Reservoir Elevation,3026.2
2026-08-13 08:43:30,Southern District,LAA #1 Flow at Fairmont Reservoir,309.0
2026-08-13 08:43:30,Southern District,LAA #2 Flow at Fairmont Res.,99.0
2026-08-13 08:43:30,Southern District,Bouquet Reservoir Elevation,2984.0
2026-08-13 08:43:30,Southern District,Bouquet Reservoir Inflow,0.4
2026-08-13 08:43:30,Southern District,Bouquet Reservoir Outflow,0.7
2026-08-13 08:43:30,Southern District,LAA #1 at Soledad Flow,270.3
2026-08-13 08:43:30,Southern District,LAA #2 at Soledad Flow,190.6
2026-08-13 08:58:29,Northern Owens Valley,Tinemaha Elevation,3861.8
2026-08-13 08:58:29,Southern Owens Valley,Tinemaha Elevation,3861.8
2026-08-13 09:13:28,Mono Basin,Lee Vining Intake Above Flow,37.7
2026-08-13 09:13:28,Mono Basin,Lee Vining Intake Below Flow,30.7
2026-08-13 09:13:28,Mono Basin,Walker Ck. Above Conduit Flow,6.0
2026-08-13 09:13:28,Mono Basin,L.V. Conduit Below Intake Flow,9.1
2026-08-13 09:13:28,Mono Basin,Walker Ck. Under Conduit Flow,6.0
2026-08-13 09:13:28,Mono Basin,Parker Ck. Under Conduit Flow,14.0
2026-08-13 09:13:28,Mono Basin,Parker Ck. Above Conduit Flow,15.0
2026-08-13 09:13:28,Mono Basin,Grant Lk. Spill Flow,0.0
2026-08-13 09:13:28,Mono Basin,Mono Gate 1 Return Ditch Flow,25.7
2026-08-13 09:13:28,Mono Basin,Grant Lk. Outflow,39.8
2026-08-13 09:13:28,Mono Basin,Rush Ck. at Damsite Flow,12.2
2026-08-13 09:13:28,Mono Basin,Flow to West Portal,15.6
2026-08-13 09:13:28,Long Valley,East Portal Flow,27.0
2026-08-13 09:13:28,Long Valley,OR Below EP Flow,70.0
2026-08-13 09:13:28,Long Valley,Hot Ck.at Hwy. Flow,7.0
2026-08-13 09:13:28,Long Valley,McGee Ck. Lower Sta. Flow,8.2
2026-08-13 09:13:28,Long Valley,Long Valley Current Outflow,574.1
2026-08-13 09:13:28,Long Valley,Rock Ck. Div. Flow,0.0
2026-08-13 09:13:28,Long Valley,Upper Gorge Total Release,40.3
2026-08-13 09:13:28,Long Valley,Release at Middle Gorge,0.0
2026-08-13 09:13:28,Northern Owens Valley,Rock Ck. At Owens River (PV) Flow,28.7
2026-08-13 09:13:28,Northern Owens Valley,Pleasant Valley Outflow,500.5
2026-08-13 09:13:28,Northern Owens Valley,Baker Ck. At LA Station Flow,10.1
2026-08-13 09:13:28,Northern Owens Valley,Big Pine Ck. USGS Flow,46.6
2026-08-13 09:13:28,Northern Owens Valley,O.R. Below Big Pine,511.3
2026-08-13 09:13:28,Northern Owens Valley,Fish Springs At RR Flow,34.7
2026-08-13 09:13:28,Northern Owens Valley,Tinemaha Reservoir Outflow,477.5
2026-08-13 09:13:28,Northern Owens Valley,Bishop Creek Through Plant 6,106.2
2026-08-13 09:13:28,Northern Owens Valley,Bishop Creek Around Plant 6,7.3
2026-08-13 09:13:28,Southern Owens Valley,Tinemaha Reservoir Outflow,477.5
2026-08-13 09:13:28,Southern Owens Valley,Indep. Ck. At Junction Flow,7.6
2026-08-13 09:13:28,Southern Owens Valley,LAA at Alabama Flow,382.0
2026-08-13 09:13:28,Southern Owens Valley,Cottonwood Ck. At LAA Flow,4.0
2026-08-13 09:13:28,Southern Owens Valley,LAA at Cottonwood Flow,456.0
2026-08-13 09:13:28,Southern Owens Valley,Haiwee LAA #1 Current Flow,0.0
2026-08-13 09:13:28,Southern Owens Valley,Haiwee LAA #2 Current Flow,99.7
2026-08-13 09:13:28,Southern Owens Valley,Reinhackel Flow,2.9
2026-08-13 09:13:28,Southern Owens Valley,Lubkin Spillgate Outflow,0.0
2026-08-13 09:13:28,Southern Owens Valley,Cartago Spillgate Outflow,12.5
2026-08-13 09:13:28,Southern Owens Valley,Lone Pine Creek Flow,13.4
2026-08-13 09:13:28,Lower Owens River Project,LORP Intake Flow,91.0
2026-08-13 09:13:28,Lower Owens River Project,LORP at Mazourka Canyon Road,0.0
2026-08-13 09:13:28,Lower Owens River Project,LORP at Reinhackle Springs,72.0
2026-08-13 09:13:28,Lower Owens River Project,LORP Above Pumpstation,51.0
2026-08-13 09:13:28,Lower Owens River Project,LORP At Pump Station Discharge Flow,48.0
2026-08-13 09:13:28,Southern District,Haiwee LAA #2 Current Flow,99.7
2026-08-13 09:13:28,Southern District,Haiwee LAA #1 Current Flow,0.0
2026-08-13 09:13:28,Southern District,LAA #1 Flow at Fairmont Reservoir,307.3
2026-08-13 09:13:28,Southern District,LAA #2 Flow at Fairmont Res.,99.7
2026-08-13 09:13:28,Southern District,Bouquet Reservoir Inflow,0.2
2026-08-13 09:13:28,Southern District,Bouquet Reservoir Outflow,0.7
2026-08-13 09:13:28,Southern District,LAA #1 at Soledad Flow,270.3
2026-08-13 09:13:28,Southern District,LAA #2 at Soledad Flow,190.6
2026-08-13 09:13:29,Mono Basin,Mono Lk. Elevation,6382.4
2026-08-13 09:13:29,Mono Basin,Grant Lk. Elevation,7129.7
2026-08-13 09:13:29,Long Valley,Long Valley Elevation,6772.9
2026-08-13 09:13:29,Northern Owens Valley,Pleasant Valley Elevation,4385.4
2026-08-13 09:13:29,Southern Owens Valley,LAA at Alabama Level,7.6
2026-08-13 09:13:29,Southern Owens Valley,LAA at Alabama Water Temp,70.7
2026-08-13 09:13:29,Southern Owens Valley,LAA at Cottonwood Level,8.9
2026-08-13 09:13:29,Southern Owens Valley,LAA at Cotton. Water Temp,72.3
2026-08-13 09:13:29,Southern Owens Valley,N. Haiwee Elevation,3757.0
2026-08-13 09:13:29,Southern Owens Valley,S. Haiwee Reservoir Elevation,3723.1
2026-08-13 09:13:29,Southern District,S. Haiwee Reservoir Elevation,3723.1
2026-08-13 09:13:29,Southern District,Fairmont Reservoir Elevation,3026.0
2026-08-13 09:13:29,Southern District,Bouquet Reservoir Elevation,2984.0
2026-08-13 09:28:28,Mono Basin,Lee Vining Intake Above Flow,37.7
2026-08-13 09:28:28,Mono Basin,Lee Vining Intake Below Flow,30.7
2026-08-13 09:28:28,Mono Basin,Walker Ck. Above Conduit Flow,6.0
2026-08-13 09:28:28,Mono Basin,L.V. Conduit Below Intake Flow,9.1
2026-08-13 09:28:28,Mono Basin,Walker Ck. Under Conduit Flow,6.0
2026-08-13 09:28:28,Mono Basin,Parker Ck. Under Conduit Flow,14.0
2026-08-13 09:28:28,Mono Basin,Parker Ck. Above Conduit Flow,15.0
2026-08-13 09:28:28,Mono Basin,Grant Lk. Spill Flow,0.0
2026-08-13 09:28:28,Mono Basin,Mono Gate 1 Return Ditch Flow,25.6
2026-08-13 09:28:28,Mono Basin,Grant Lk. Outflow,39.6
2026-08-13 09:28:28,Mono Basin,Rush Ck. at Damsite Flow,12.2
2026-08-13 09:28:28,Mono Basin,Flow to West Portal,15.6
2026-08-13 09:28:28,Long Valley,East Portal Flow,27.0
2026-08-13 09:28:28,Long Valley,OR Below EP Flow,70.0
2026-08-13 09:28:28,Long Valley,Hot Ck.at Hwy. Flow,7.0
2026-08-13 09:28:28,Long Valley,McGee Ck. Lower Sta. Flow,8.2
2026-08-13 09:28:28,Long Valley,Long Valley Current Outflow,574.1
2026-08-13 09:28:28,Long Valley,Rock Ck. Div. Flow,0.0
2026-08-13 09:28:28,Long Valley,Upper Gorge Total Release,40.6
2026-08-13 09:28:28,Long Valley,Release at Middle Gorge,0.0
2026-08-13 09:28:28,Northern Owens Valley,Rock Ck. At Owens River (PV) Flow,28.7
2026-08-13 09:28:28,Northern Owens Valley,Pleasant Valley Outflow,501.0
2026-08-13 09:28:28,Northern Owens Valley,Baker Ck. At LA Station Flow,10.1
2026-08-13 09:28:28,Northern Owens Valley,Big Pine Ck. USGS Flow,46.6
2026-08-13 09:28:28,Northern Owens Valley,O.R. Below Big Pine,512.0
2026-08-13 09:28:28,Northern Owens Valley,Fish Springs At RR Flow,34.7
2026-08-13 09:28:28,Northern Owens Valley,Tinemaha Reservoir Outflow,478.3
2026-08-13 09:28:28,Northern Owens Valley,Bishop Creek Through Plant 6,111.6
2026-08-13 09:28:28,Northern Owens Valley,Bishop Creek Around Plant 6,7.3
2026-08-13 09:28:28,Southern Owens Valley,Tinemaha Reservoir Outflow,478.3
2026-08-13 09:28:28,Southern Owens Valley,Indep. Ck. At Junction Flow,7.6
2026-08-13 09:28:28,Southern Owens Valley,LAA at Alabama Flow,382.0
2026-08-13 09:28:28,Southern Owens Valley,Cottonwood Ck. At LAA Flow,4.0
2026-08-13 09:28:28,Southern Owens Valley,LAA at Cottonwood Flow,456.0
2026-08-13 09:28:28,Southern Owens Valley,Haiwee LAA #1 Current Flow,0.0
2026-08-13 09:28:28,Southern Owens Valley,Haiwee LAA #2 Current Flow,99.7
2026-08-13 09:28:28,Southern Owens Valley,Reinhackel Flow,2.9
2026-08-13 09:28:28,Southern Owens Valley,Lubkin Spillgate Outflow,0.0
2026-08-13 09:28:28,Southern Owens Valley,Cartago Spillgate Outflow,11.7
2026-08-13 09:28:28,Southern Owens Valley,Lone Pine Creek Flow,13.4
2026-08-13 09:28:28,Lower Owens River Project,LORP Intake Flow,91.0
2026-08-13 09:28:28,Lower Owens River Project,LORP at Mazourka Canyon Road,0.0
2026-08-13 09:28:28,Lower Owens River Project,LORP at Reinhackle Springs,72.0
2026-08-13 09:28:28,Lower Owens River Project,LORP Above Pumpstation,51.0
2026-08-13 09:28:28,Lower Owens River Project,LORP At Pump Station Discharge Flow,48.0
2026-08-13 09:28:28,Southern District,Haiwee LAA #2 Current Flow,99.7
2026-08-13 09:28:28,Southern District,Haiwee LAA #1 Current Flow,0.0
2026-08-13 09:28:28,Southern District,LAA #1 Flow at Fairmont Reservoir,306.6
2026-08-13 09:28:28,Southern District,LAA #2 Flow at Fairmont Res.,99.4
2026-08-13 09:28:28,Southern District,Bouquet Reservoir Inflow,0.2
2026-08-13 09:28:28,Southern District,Bouquet Reservoir Outflow,0.7
2026-08-13 09:28:28,Southern District,LAA #1 at Soledad Flow,270.3
2026-08-13 09:28:28,Southern District,LAA #2 at Soledad Flow,190.6
2026-08-13 09:28:29,Mono Basin,Mono Lk. Elevation,6382.4
2026-08-13 09:28:29,Mono Basin,Grant Lk. Elevation,7129.7
2026-08-13 09:28:29,Long Valley,Long Valley Elevation,6772.9
2026-08-13 09:28:29,Northern Owens Valley,Pleasant Valley Elevation,4385.5
2026-08-13 09:28:29,Northern Owens Valley,Tinemaha Elevation,3861.8
2026-08-13 09:28:29,Southern Owens Valley,Tinemaha Elevation,3861.8
2026-08-13 09:28:29,Southern Owens Valley,LAA at Alabama Level,7.6
2026-08-13 09:28:29,Southern Owens Valley,LAA at Alabama Water Temp,70.7
2026-08-13 09:28:29,Southern Owens Valley,LAA at Cottonwood Level,8.9
2026-08-13 09:28:29,Southern Owens Valley,LAA at Cotton. Water Temp,72.3
2026-08-13 09:28:29,Southern Owens Valley,N. Haiwee Elevation,3757.0
2026-08-13 09:28:29,Southern Owens Valley,S. Haiwee Reservoir Elevation,3723.1
2026-08-13 09:28:29,Southern District,S. Haiwee Reservoir Elevation,3723.1
2026-08-13 09:28:29,Southern District,Fairmont Reservoir Elevation,3025.9
2026-08-13 09:28:29,Southern District,Bouquet Reservoir Elevation,2984.0
2026-08-13 09:43:30,Mono Basin,Lee Vining Intake Above Flow,38.9
2026-08-13 09:43:30,Mono Basin,Lee Vining Intake Below Flow,30.7
2026-08-13 09:43:30,Mono Basin,Mono Lk. Elevation,6382.4
2026-08-13 09:43:30,Mono Basin,Walker Ck. Above Conduit Flow,6.0
2026-08-13 09:43:30,Mono Basin,L.V. Conduit Below Intake Flow,9.7
2026-08-13 09:43:30,Mono Basin,Walker Ck. Under Conduit Flow,6.0
2026-08-13 09:43:30,Mono Basin,Parker Ck. Under Conduit Flow,14.0
2026-08-13 09:43:30,Mono Basin,Parker Ck. Above Conduit Flow,15.0
2026-08-13 09:43:30,Mono Basin,Grant Lk. Spill Flow,0.0
2026-08-13 09:43:30,Mono Basin,Mono Gate 1 Return Ditch Flow,25.6
2026-08-13 09:43:30,Mono Basin,Grant Lk. Elevation,7129.7
2026-08-13 09:43:30,Mono Basin,Grant Lk. Outflow,39.6
2026-08-13 09:43:30,Mono Basin,Rush Ck. at Damsite Flow,12.2
2026-08-13 09:43:30,Mono Basin,Flow to West Portal,15.6
2026-08-13 09:43:30,Long Valley,East Portal Flow,27.0
2026-08-13 09:43:30,Long Valley,OR Below EP Flow,70.0
2026-08-13 09:43:30,Long Valley,Hot Ck.at Hwy. Flow,7.0
2026-08-13 09:43:30,Long Valley,McGee Ck. Lower Sta. Flow,8.2
2026-08-13 09:43:30,Long Valley,Long Valley Elevation,6772.9
2026-08-13 09:43:30,Long Valley,Long Valley Current Outflow,574.1
2026-08-13 09:43:30,Long Valley,Rock Ck. Div. Flow,0.0
2026-08-13 09:43:30,Long Valley,Upper Gorge Total Release,41.5
2026-08-13 09:43:30,Long Valley,Release at Middle Gorge,0.0
2026-08-13 09:43:30,Northern Owens Valley,Rock Ck. At Owens River (PV) Flow,28.7
2026-08-13 09:43:30,Northern Owens Valley,Pleasant Valley Elevation,4385.5
2026-08-13 09:43:30,Northern Owens Valley,Pleasant Valley Outflow,500.5
2026-08-13 09:43:30,Northern Owens Valley,Baker Ck. At LA Station Flow,10.1
2026-08-13 09:43:30,Northern Owens Valley,Big Pine Ck. USGS Flow,46.6
2026-08-13 09:43:30,Northern Owens Valley,O.R. Below Big Pine,513.4
2026-08-13 09:43:30,Northern Owens Valley,Fish Springs At RR Flow,34.7
2026-08-13 09:43:30,Northern Owens Valley,Tinemaha Reservoir Outflow,478.3
2026-08-13 09:43:30,Northern Owens Valley,Bishop Creek Through Plant 6,109.4
2026-08-13 09:43:30,Northern Owens Valley,Bishop Creek Around Plant 6,7.3
2026-08-13 09:43:30,Southern Owens Valley,Tinemaha Reservoir Outflow,478.3
2026-08-13 09:43:30,Southern Owens Valley,Indep. Ck. At Junction Flow,7.6
2026-08-13 09:43:30,Southern Owens Valley,LAA at Alabama Flow,382.0
2026-08-13 09:43:30,Southern Owens Valley,LAA at Alabama Level,7.6
2026-08-13 09:43:30,Southern Owens Valley,LAA at Alabama Water Temp,71.0
2026-08-13 09:43:30,Southern Owens Valley,Cottonwood Ck. At LAA Flow,4.0
2026-08-13 09:43:30,Southern Owens Valley,LAA at Cottonwood Flow,458.0
2026-08-13 09:43:30,Southern Owens Valley,LAA at Cottonwood Level,8.9
2026-08-13 09:43:30,Southern Owens Valley,LAA at Cotton. Water Temp,72.4
2026-08-13 09:43:30,Southern Owens Valley,N. Haiwee Elevation,3757.0
2026-08-13 09:43:30,Southern Owens Valley,S. Haiwee Reservoir Elevation,3723.1
2026-08-13 09:43:30,Southern Owens Valley,Haiwee LAA #1 Current Flow,0.0
2026-08-13 09:43:30,Southern Owens Valley,Haiwee LAA #2 Current Flow,99.7
2026-08-13 09:43:30,Southern Owens Valley,Reinhackel Flow,2.9
2026-08-13 09:43:30,Southern Owens Valley,Lubkin Spillgate Outflow,0.0
2026-08-13 09:43:30,Southern Owens Valley,Cartago Spillgate Outflow,11.7
2026-08-13 09:43:30,Southern Owens Valley,Lone Pine Creek Flow,13.4
2026-08-13 09:43:30,Lower Owens River Project,LORP Intake Flow,91.0
2026-08-13 09:43:30,Lower Owens River Project,LORP at Mazourka Canyon Road,0.0
2026-08-13 09:43:30,Lower Owens River Project,LORP at Reinhackle Springs,72.0
2026-08-13 09:43:30,Lower Owens River Project,LORP Above Pumpstation,50.0
2026-08-13 09:43:30,Lower Owens River Project,LORP At Pump Station Discharge Flow,47.0
2026-08-13 09:43:30,Southern District,Haiwee LAA #2 Current Flow,99.7
2026-08-13 09:43:30,Southern District,S. Haiwee Reservoir Elevation,3723.1
2026-08-13 09:43:30,Southern District,Haiwee LAA #1 Current Flow,0.0
2026-08-13 09:43:30,Southern District,Fairmont Reservoir Elevation,3025.7
2026-08-13 09:43:30,Southern District,LAA #1 Flow at Fairmont Reservoir,302.4
2026-08-13 09:43:30,Southern District,LAA #2 Flow at Fairmont Res.,99.5
2026-08-13 09:43:30,Southern District,Bouquet Reservoir Elevation,2984.0
2026-08-13 09:43:30,Southern District,Bouquet Reservoir Inflow,0.2
2026-08-13 09:43:30,Southern District,Bouquet Reservoir Outflow,0.7
2026-08-13 09:43:30,Southern District,LAA #1 at Soledad Flow,270.3
2026-08-13 09:43:30,Southern District,LAA #2 at Soledad Flow,190.6
2026-08-13 09:58:28,Mono Basin,Lee Vining Intake Above Flow,38.9
2026-08-13 09:58:28,Mono Basin,Lee Vining Intake Below Flow,30.7
2026-08-13 09:58:28,Mono Basin,Mono Lk. Elevation,6382.4
2026-08-13 09:58:28,Mono Basin,Walker Ck. Above Conduit Flow,6.0
2026-08-13 09:58:28,Mono Basin,L.V. Conduit Below Intake Flow,9.7
2026-08-13 09:58:28,Mono Basin,Walker Ck. Under Conduit Flow,6.0
2026-08-13 09:58:28,Mono Basin,Parker Ck. Under Conduit Flow,14.0
2026-08-13 09:58:28,Mono Basin,Parker Ck. Above Conduit Flow,15.0
2026-08-13 09:58:28,Mono Basin,Grant Lk. Spill Flow,0.0
2026-08-13 09:58:28,Mono Basin,Mono Gate 1 Return Ditch Flow,25.6
2026-08-13 09:58:28,Mono Basin,Grant Lk. Elevation,7129.7
2026-08-13 09:58:28,Mono Basin,Grant Lk. Outflow,39.6
2026-08-13 09:58:28,Mono Basin,Rush Ck. at Damsite Flow,12.2
2026-08-13 09:58:28,Mono Basin,Flow to West Portal,15.6
2026-08-13 09:58:28,Long Valley,East Portal Flow,27.0
2026-08-13 09:58:28,Long Valley,OR Below EP Flow,70.0
2026-08-13 09:58:28,Long Valley,Hot Ck.at Hwy. Flow,7.0
2026-08-13 09:58:28,Long Valley,McGee Ck. Lower Sta. Flow,8.2
2026-08-13 09:58:28,Long Valley,Long Valley Elevation,6772.9
2026-08-13 09:58:28,Long Valley,Long Valley Current Outflow,574.1
2026-08-13 09:58:28,Long Valley,Rock Ck. Div. Flow,0.0
2026-08-13 09:58:28,Long Valley,Upper Gorge Total Release,40.3
2026-08-13 09:58:28,Long Valley,Release at Middle Gorge,0.0
2026-08-13 09:58:28,Northern Owens Valley,Rock Ck. At Owens River (PV) Flow,28.7
2026-08-13 09:58:28,Northern Owens Valley,Pleasant Valley Elevation,4385.5
2026-08-13 09:58:28,Northern Owens Valley,Pleasant Valley Outflow,500.9
2026-08-13 09:58:28,Northern Owens Valley,Baker Ck. At LA Station Flow,10.1
2026-08-13 09:58:28,Northern Owens Valley,Big Pine Ck. USGS Flow,46.6
2026-08-13 09:58:28,Northern Owens Valley,O.R. Below Big Pine,512.4
2026-08-13 09:58:28,Northern Owens Valley,Fish Springs At RR Flow,34.7
2026-08-13 09:58:28,Northern Owens Valley,Tinemaha Elevation,3861.8
2026-08-13 09:58:28,Northern Owens Valley,Tinemaha Reservoir Outflow,478.3
2026-08-13 09:58:28,Northern Owens Valley,Bishop Creek Through Plant 6,109.4
2026-08-13 09:58:28,Northern Owens Valley,Bishop Creek Around Plant 6,7.3
2026-08-13 09:58:28,Southern Owens Valley,Tinemaha Elevation,3861.8
2026-08-13 09:58:28,Southern Owens Valley,Tinemaha Reservoir Outflow,478.3
2026-08-13 09:58:28,Southern Owens Valley,Indep. Ck. At Junction Flow,7.6
2026-08-13 09:58:28,Southern Owens Valley,LAA at Alabama Flow,382.0
2026-08-13 09:58:28,Southern Owens Valley,LAA at Alabama Level,7.6
2026-08-13 09:58:28,Southern Owens Valley,LAA at Alabama Water Temp,71.0
2026-08-13 09:58:28,Southern Owens Valley,Cottonwood Ck. At LAA Flow,4.0
2026-08-13 09:58:28,Southern Owens Valley,LAA at Cottonwood Flow,458.0
2026-08-13 09:58:28,Southern Owens Valley,LAA at Cottonwood Level,8.9
2026-08-13 09:58:28,Southern Owens Valley,LAA at Cotton. Water Temp,72.4
2026-08-13 09:58:28,Southern Owens Valley,N. Haiwee Elevation,3757.0
2026-08-13 09:58:28,Southern Owens Valley,S. Haiwee Reservoir Elevation,3723.1
2026-08-13 09:58:28,Southern Owens Valley,Haiwee LAA #1 Current Flow,0.0
2026-08-13 09:58:28,Southern Owens Valley,Haiwee LAA #2 Current Flow,99.7
2026-08-13 09:58:28,Southern Owens Valley,Reinhackel Flow,2.9
2026-08-13 09:58:28,Southern Owens Valley,Lubkin Spillgate Outflow,0.0
2026-08-13 09:58:28,Southern Owens Valley,Cartago Spillgate Outflow,10.5
2026-08-13 09:58:28,Southern Owens Valley,Lone Pine Creek Flow,13.4
2026-08-13 09:58:28,Lower Owens River Project,LORP Intake Flow,91.0
2026-08-13 09:58:28,Lower Owens River Project,LORP at Mazourka Canyon Road,0.0
2026-08-13 09:58:28,Lower Owens River Project,LORP at Reinhackle Springs,72.0
2026-08-13 09:58:28,Lower Owens River Project,LORP Above Pumpstation,51.0
2026-08-13 09:58:28,Lower Owens River Project,LORP At Pump Station Discharge Flow,48.0
2026-08-13 09:58:28,Southern District,Haiwee LAA #2 Current Flow,99.7
2026-08-13 09:58:28,Southern District,S. Haiwee Reservoir Elevation,3723.1
2026-08-13 09:58:28,Southern District,Haiwee LAA #1 Current Flow,0.0
2026-08-13 09:58:28,Southern District,Fairmont Reservoir Elevation,3025.6
2026-08-13 09:58:28,Southern District,LAA #1 Flow at Fairmont Reservoir,304.4
2026-08-13 09:58:28,Southern District,LAA #2 Flow at Fairmont Res.,99.3
2026-08-13 09:58:28,Southern District,Bouquet Reservoir Elevation,2984.0
2026-08-13 09:58:28,Southern District,Bouquet Reservoir Inflow,0.2
2026-08-13 09:58:28,Southern District,Bouquet Reservoir Outflow,0.5
2026-08-13 09:58:28,Southern District,LAA #1 at Soledad Flow,270.3
2026-08-13 09:58:28,Southern District,LAA #2 at Soledad Flow,190.6
2026-08-13 10:13:28,Mono Basin,Lee Vining Intake Above Flow,39.0
2026-08-13 10:13:28,Mono Basin,Lee Vining Intake Below Flow,30.5
2026-08-13 10:13:28,Mono Basin,Mono Lk. Elevation,6382.4
2026-08-13 10:13:28,Mono Basin,Walker Ck. Above Conduit Flow,6.0
2026-08-13 10:13:28,Mono Basin,L.V. Conduit Below Intake Flow,10.4
2026-08-13 10:13:28,Mono Basin,Walker Ck. Under Conduit Flow,6.0
2026-08-13 10:13:28,Mono Basin,Parker Ck. Under Conduit Flow,14.0
2026-08-13 10:13:28,Mono Basin,Parker Ck. Above Conduit Flow,15.0
2026-08-13 10:13:28,Mono Basin,Grant Lk. Spill Flow,0.0
2026-08-13 10:13:28,Mono Basin,Mono Gate 1 Return Ditch Flow,25.6
2026-08-13 10:13:28,Mono Basin,Grant Lk. Elevation,7129.7
2026-08-13 10:13:28,Mono Basin,Grant Lk. Outflow,39.6
2026-08-13 10:13:28,Mono Basin,Rush Ck. at Damsite Flow,12.2
2026-08-13 10:13:28,Mono Basin,Flow to West Portal,15.6
2026-08-13 10:13:28,Long Valley,East Portal Flow,27.0
2026-08-13 10:13:28,Long Valley,OR Below EP Flow,70.0
2026-08-13 10:13:28,Long Valley,Hot Ck.at Hwy. Flow,7.0
2026-08-13 10:13:28,Long Valley,McGee Ck. Lower Sta. Flow,8.2
2026-08-13 10:13:28,Long Valley,Long Valley Elevation,6772.9
2026-08-13 10:13:28,Long Valley,Long Valley Current Outflow,574.1
2026-08-13 10:13:28,Long Valley,Rock Ck. Div. Flow,0.0
2026-08-13 10:13:28,Long Valley,Upper Gorge Total Release,40.5
2026-08-13 10:13:28,Long Valley,Release at Middle Gorge,0.0
2026-08-13 10:13:28,Northern Owens Valley,Rock Ck. At Owens River (PV) Flow,28.7
2026-08-13 10:13:28,Northern Owens Valley,Pleasant Valley Elevation,4385.6
2026-08-13 10:13:28,Northern Owens Valley,Pleasant Valley Outflow,501.4
2026-08-13 10:13:28,Northern Owens Valley,Baker Ck. At LA Station Flow,10.1
2026-08-13 10:13:28,Northern Owens Valley,Big Pine Ck. USGS Flow,46.6
2026-08-13 10:13:28,Northern Owens Valley,O.R. Below Big Pine,511.9
2026-08-13 10:13:28,Northern Owens Valley,Fish Springs At RR Flow,34.7
2026-08-13 10:13:28,Northern Owens Valley,Tinemaha Reservoir Outflow,478.3
2026-08-13 10:13:28,Northern Owens Valley,Bishop Creek Through Plant 6,109.7
2026-08-13 10:13:28,Northern Owens Valley,Bishop Creek Around Plant 6,7.3
2026-08-13 10:13:28,Southern Owens Valley,Tinemaha Reservoir Outflow,478.3
2026-08-13 10:13:28,Southern Owens Valley,Indep. Ck. At Junction Flow,7.6
2026-08-13 10:13:28,Southern Owens Valley,LAA at Alabama Flow,383.0
2026-08-13 10:13:28,Southern Owens Valley,LAA at Alabama Level,7.6
2026-08-13 10:13:28,Southern Owens Valley,LAA at Alabama Water Temp,71.3
2026-08-13 10:13:28,Southern Owens Valley,Cottonwood Ck. At LAA Flow,3.0
2026-08-13 10:13:28,Southern Owens Valley,LAA at Cottonwood Flow,458.0
2026-08-13 10:13:28,Southern Owens Valley,LAA at Cottonwood Level,8.9
2026-08-13 10:13:28,Southern Owens Valley,LAA at Cotton. Water Temp,72.5
2026-08-13 10:13:28,Southern Owens Valley,N. Haiwee Elevation,3757.0
2026-08-13 10:13:28,Southern Owens Valley,S. Haiwee Reservoir Elevation,3723.1
2026-08-13 10:13:28,Southern Owens Valley,Haiwee LAA #1 Current Flow,0.0
2026-08-13 10:13:28,Southern Owens Valley,Haiwee LAA #2 Current Flow,99.4
2026-08-13 10:13:28,Southern Owens Valley,Reinhackel Flow,2.9
2026-08-13 10:13:28,Southern Owens Valley,Lubkin Spillgate Outflow,0.0
2026-08-13 10:13:28,Southern Owens Valley,Cartago Spillgate Outflow,7.4
2026-08-13 10:13:28,Southern Owens Valley,Lone Pine Creek Flow,13.3
2026-08-13 10:13:28,Lower Owens River Project,LORP Intake Flow,91.0
2026-08-13 10:13:28,Lower Owens River Project,LORP at Mazourka Canyon Road,0.0
2026-08-13 10:13:28,Lower Owens River Project,LORP at Reinhackle Springs,72.0
2026-08-13 10:13:28,Lower Owens River Project,LORP Above Pumpstation,51.0
2026-08-13 10:13:28,Lower Owens River Project,LORP At Pump Station Discharge Flow,48.0
2026-08-13 10:13:28,Southern District,Haiwee LAA #2 Current Flow,99.4
2026-08-13 10:13:28,Southern District,S. Haiwee Reservoir Elevation,3723.1
2026-08-13 10:13:28,Southern District,Haiwee LAA #1 Current Flow,0.0
2026-08-13 10:13:28,Southern District,Fairmont Reservoir Elevation,3025.4
2026-08-13 10:13:28,Southern District,LAA #1 Flow at Fairmont Reservoir,302.5
2026-08-13 10:13:28,Southern District,LAA #2 Flow at Fairmont Res.,99.1
2026-08-13 10:13:28,Southern District,Bouquet Reservoir Elevation,2984.0
2026-08-13 10:13:28,Southern District,Bouquet Reservoir Inflow,0.2
2026-08-13 10:13:28,Southern District,Bouquet Reservoir Outflow,0.5
2026-08-13 10:13:28,Southern District,LAA #1 at Soledad Flow,270.3
2026-08-13 10:13:28,Southern District,LAA #2 at Soledad Flow,194.7
2026-08-13 10:28:28,Mono Basin,Lee Vining Intake Above Flow,39.0
2026-08-13 10:28:28,Mono Basin,Lee Vining Intake Below Flow,30.5
2026-08-13 10:28:28,Mono Basin,Walker Ck. Above Conduit Flow,6.0
2026-08-13 10:28:28,Mono Basin,L.V. Conduit Below Intake Flow,10.4
2026-08-13 10:28:28,Mono Basin,Walker Ck. Under Conduit Flow,6.0
2026-08-13 10:28:28,Mono Basin,Parker Ck. Under Conduit Flow,14.0
2026-08-13 10:28:28,Mono Basin,Parker Ck. Above Conduit Flow,15.0
2026-08-13 10:28:28,Mono Basin,Grant Lk. Spill Flow,0.0
2026-08-13 10:28:28,Mono Basin,Mono Gate 1 Return Ditch Flow,25.5
2026-08-13 10:28:28,Mono Basin,Grant Lk. Outflow,39.6
2026-08-13 10:28:28,Mono Basin,Rush Ck. at Damsite Flow,12.2
2026-08-13 10:28:28,Mono Basin,Flow to West Portal,15.6
2026-08-13 10:28:28,Long Valley,East Portal Flow,27.0
2026-08-13 10:28:28,Long Valley,OR Below EP Flow,70.0
2026-08-13 10:28:28,Long Valley,Hot Ck.at Hwy. Flow,7.0
2026-08-13 10:28:28,Long Valley,McGee Ck. Lower Sta. Flow,8.2
2026-08-13 10:28:28,Long Valley,Long Valley Current Outflow,592.3
2026-08-13 10:28:28,Long Valley,Rock Ck. Div. Flow,0.0
2026-08-13 10:28:28,Long Valley,Upper Gorge Total Release,40.3
2026-08-13 10:28:28,Long Valley,Release at Middle Gorge,0.0
2026-08-13 10:28:28,Northern Owens Valley,Rock Ck. At Owens River (PV) Flow,28.7
2026-08-13 10:28:28,Northern Owens Valley,Pleasant Valley Outflow,501.4
2026-08-13 10:28:28,Northern Owens Valley,Baker Ck. At LA Station Flow,10.1
2026-08-13 10:28:28,Northern Owens Valley,Big Pine Ck. USGS Flow,46.6
2026-08-13 10:28:28,Northern Owens Valley,O.R. Below Big Pine,511.3
2026-08-13 10:28:28,Northern Owens Valley,Fish Springs At RR Flow,34.7
2026-08-13 10:28:28,Northern Owens Valley,Tinemaha Reservoir Outflow,478.3
2026-08-13 10:28:28,Northern Owens Valley,Bishop Creek Through Plant 6,108.2
2026-08-13 10:28:28,Northern Owens Valley,Bishop Creek Around Plant 6,7.3
2026-08-13 10:28:28,Southern Owens Valley,Tinemaha Reservoir Outflow,478.3
2026-08-13 10:28:28,Southern Owens Valley,Indep. Ck. At Junction Flow,7.6
2026-08-13 10:28:28,Southern Owens Valley,LAA at Alabama Flow,384.0
2026-08-13 10:28:28,Southern Owens Valley,Cottonwood Ck. At LAA Flow,3.0
2026-08-13 10:28:28,Southern Owens Valley,LAA at Cottonwood Flow,459.0
2026-08-13 10:28:28,Southern Owens Valley,Haiwee LAA #1 Current Flow,0.0
2026-08-13 10:28:28,Southern Owens Valley,Haiwee LAA #2 Current Flow,99.4
2026-08-13 10:28:28,Southern Owens Valley,Reinhackel Flow,2.9
2026-08-13 10:28:28,Southern Owens Valley,Lubkin Spillgate Outflow,0.0
2026-08-13 10:28:28,Southern Owens Valley,Cartago Spillgate Outflow,0.0
2026-08-13 10:28:28,Southern Owens Valley,Lone Pine Creek Flow,13.3
2026-08-13 10:28:28,Lower Owens River Project,LORP Intake Flow,91.0
2026-08-13 10:28:28,Lower Owens River Project,LORP at Mazourka Canyon Road,0.0
2026-08-13 10:28:28,Lower Owens River Project,LORP at Reinhackle Springs,69.0
2026-08-13 10:28:28,Lower Owens River Project,LORP Above Pumpstation,51.0
2026-08-13 10:28:28,Lower Owens River Project,LORP At Pump Station Discharge Flow,48.0
2026-08-13 10:28:28,Southern District,Haiwee LAA #2 Current Flow,99.4
2026-08-13 10:28:28,Southern District,Haiwee LAA #1 Current Flow,0.0
2026-08-13 10:28:28,Southern District,LAA #1 Flow at Fairmont Reservoir,301.0
2026-08-13 10:28:28,Southern District,LAA #2 Flow at Fairmont Res.,99.0
2026-08-13 10:28:28,Southern District,Bouquet Reservoir Inflow,0.2
2026-08-13 10:28:28,Southern District,Bouquet Reservoir Outflow,0.5
2026-08-13 10:28:28,Southern District,LAA #1 at Soledad Flow,270.3
2026-08-13 10:28:28,Southern District,LAA #2 at Soledad Flow,196.3
2026-08-13 10:28:29,Mono Basin,Mono Lk. Elevation,6382.4
2026-08-13 10:28:29,Mono Basin,Grant Lk. Elevation,7129.7
2026-08-13 10:28:29,Long Valley,Long Valley Elevation,6772.9
2026-08-13 10:28:29,Northern Owens Valley,Pleasant Valley Elevation,4385.6
2026-08-13 10:28:29,Northern Owens Valley,Tinemaha Elevation,3861.8
2026-08-13 10:28:29,Southern Owens Valley,Tinemaha Elevation,3861.8
2026-08-13 10:28:29,Southern Owens Valley,LAA at Alabama Level,7.6
2026-08-13 10:28:29,Southern Owens Valley,LAA at Alabama Water Temp,71.5
2026-08-13 10:28:29,Southern Owens Valley,LAA at Cottonwood Level,8.9
2026-08-13 10:28:29,Southern Owens Valley,LAA at Cotton. Water Temp,72.7
2026-08-13 10:28:29,Southern Owens Valley,N. Haiwee Elevation,3757.0
2026-08-13 10:28:29,Southern Owens Valley,S. Haiwee Reservoir Elevation,3723.1
2026-08-13 10:28:29,Southern District,S. Haiwee Reservoir Elevation,3723.1
2026-08-13 10:28:29,Southern District,Fairmont Reservoir Elevation,3025.3
2026-08-13 10:28:29,Southern District,Bouquet Reservoir Elevation,2984.0
2026-08-13 10:43:30,Mono Basin,Lee Vining Intake Above Flow,39.6
2026-08-13 10:43:30,Mono Basin,Lee Vining Intake Below Flow,30.4
2026-08-13 10:43:30,Mono Basin,Walker Ck. Above Conduit Flow,6.0
2026-08-13 10:43:30,Mono Basin,L.V. Conduit Below Intake Flow,10.8
2026-08-13 10:43:30,Mono Basin,Walker Ck. Under Conduit Flow,6.0
2026-08-13 10:43:30,Mono Basin,Parker Ck. Under Conduit Flow,14.0
2026-08-13 10:43:30,Mono Basin,Parker Ck. Above Conduit Flow,15.0
2026-08-13 10:43:30,Mono Basin,Grant Lk. Spill Flow,0.0
2026-08-13 10:43:30,Mono Basin,Mono Gate 1 Return Ditch Flow,25.6
2026-08-13 10:43:30,Mono Basin,Grant Lk. Outflow,39.7
2026-08-13 10:43:30,Mono Basin,Rush Ck. at Damsite Flow,12.2
2026-08-13 10:43:30,Mono Basin,Flow to West Portal,15.6
2026-08-13 10:43:30,Long Valley,East Portal Flow,27.0
2026-08-13 10:43:30,Long Valley,OR Below EP Flow,70.0
2026-08-13 10:43:30,Long Valley,Hot Ck.at Hwy. Flow,7.0
2026-08-13 10:43:30,Long Valley,McGee Ck. Lower Sta. Flow,8.2
2026-08-13 10:43:30,Long Valley,Long Valley Current Outflow,594.7
2026-08-13 10:43:30,Long Valley,Rock Ck. Div. Flow,0.0
2026-08-13 10:43:30,Long Valley,Upper Gorge Total Release,40.8
2026-08-13 10:43:30,Long Valley,Release at Middle Gorge,0.0
2026-08-13 10:43:30,Northern Owens Valley,Rock Ck. At Owens River (PV) Flow,28.7
2026-08-13 10:43:30,Northern Owens Valley,Pleasant Valley Outflow,501.2
2026-08-13 10:43:30,Northern Owens Valley,Baker Ck. At LA Station Flow,10.1
2026-08-13 10:43:30,Northern Owens Valley,Big Pine Ck. USGS Flow,46.6
2026-08-13 10:43:30,Northern Owens Valley,O.R. Below Big Pine,512.5
2026-08-13 10:43:30,Northern Owens Valley,Fish Springs At RR Flow,34.7
2026-08-13 10:43:30,Northern Owens Valley,Tinemaha Reservoir Outflow,478.3
2026-08-13 10:43:30,Northern Owens Valley,Bishop Creek Through Plant 6,108.0
2026-08-13 10:43:30,Northern Owens Valley,Bishop Creek Around Plant 6,7.3
2026-08-13 10:43:30,Southern Owens Valley,Tinemaha Reservoir Outflow,478.3
2026-08-13 10:43:30,Southern Owens Valley,Indep. Ck. At Junction Flow,7.6
2026-08-13 10:43:30,Southern Owens Valley,LAA at Alabama Flow,384.0
2026-08-13 10:43:30,Southern Owens Valley,Cottonwood Ck. At LAA Flow,3.0
2026-08-13 10:43:30,Southern Owens Valley,LAA at Cottonwood Flow,460.0
2026-08-13 10:43:30,Southern Owens Valley,Haiwee LAA #1 Current Flow,0.0
2026-08-13 10:43:30,Southern Owens Valley,Haiwee LAA #2 Current Flow,99.4
2026-08-13 10:43:30,Southern Owens Valley,Reinhackel Flow,2.9
2026-08-13 10:43:30,Southern Owens Valley,Lubkin Spillgate Outflow,0.0
2026-08-13 10:43:30,Southern Owens Valley,Cartago Spillgate Outflow,0.0
2026-08-13 10:43:30,Southern Owens Valley,Lone Pine Creek Flow,13.3
2026-08-13 10:43:30,Lower Owens River Project,LORP Intake Flow,91.0
2026-08-13 10:43:30,Lower Owens River Project,LORP at Mazourka Canyon Road,0.0
2026-08-13 10:43:30,Lower Owens River Project,LORP at Reinhackle Springs,69.0
2026-08-13 10:43:30,Lower Owens River Project,LORP Above Pumpstation,51.0
2026-08-13 10:43:30,Lower Owens River Project,LORP At Pump Station Discharge Flow,48.0
2026-08-13 10:43:30,Southern District,Haiwee LAA #2 Current Flow,99.4
2026-08-13 10:43:30,Southern District,Haiwee LAA #1 Current Flow,0.0
2026-08-13 10:43:30,Southern District,LAA #1 Flow at Fairmont Reservoir,297.4
2026-08-13 10:43:30,Southern District,LAA #2 Flow at Fairmont Res.,99.1
2026-08-13 10:43:30,Southern District,Bouquet Reservoir Inflow,19.4
2026-08-13 10:43:30,Southern District,Bouquet Reservoir Outflow,0.7
2026-08-13 10:43:30,Southern District,LAA #1 at Soledad Flow,269.8
2026-08-13 10:43:30,Southern District,LAA #2 at Soledad Flow,196.3
2026-08-13 10:43:31,Mono Basin,Mono Lk. Elevation,6382.4
2026-08-13 10:43:31,Mono Basin,Grant Lk. Elevation,7129.7
2026-08-13 10:43:31,Long Valley,Long Valley Elevation,6772.9
2026-08-13 10:43:31,Northern Owens Valley,Pleasant Valley Elevation,4385.6
2026-08-13 10:43:31,Southern Owens Valley,LAA at Alabama Level,7.6
2026-08-13 10:43:31,Southern Owens Valley,LAA at Alabama Water Temp,71.5
2026-08-13 10:43:31,Southern Owens Valley,LAA at Cottonwood Level,8.9
2026-08-13 10:43:31,Southern Owens Valley,LAA at Cotton. Water Temp,72.8
2026-08-13 10:43:31,Southern Owens Valley,N. Haiwee Elevation,3757.0
2026-08-13 10:43:31,Southern Owens Valley,S. Haiwee Reservoir Elevation,3723.1
2026-08-13 10:43:31,Southern District,S. Haiwee Reservoir Elevation,3723.1
2026-08-13 10:43:31,Southern District,Fairmont Reservoir Elevation,3025.1
2026-08-13 10:43:31,Southern District,Bouquet Reservoir Elevation,2984.0
2026-08-13 10:58:28,Mono Basin,Lee Vining Intake Above Flow,39.6
2026-08-13 10:58:28,Mono Basin,Lee Vining Intake Below Flow,30.4
2026-08-13 10:58:28,Mono Basin,Walker Ck. Above Conduit Flow,6.0
2026-08-13 10:58:28,Mono Basin,L.V. Conduit Below Intake Flow,10.8
2026-08-13 10:58:28,Mono Basin,Walker Ck. Under Conduit Flow,6.0
2026-08-13 10:58:28,Mono Basin,Parker Ck. Under Conduit Flow,14.0
2026-08-13 10:58:28,Mono Basin,Parker Ck. Above Conduit Flow,15.0
2026-08-13 10:58:28,Mono Basin,Grant Lk. Spill Flow,0.0
2026-08-13 10:58:28,Mono Basin,Mono Gate 1 Return Ditch Flow,25.6
2026-08-13 10:58:28,Mono Basin,Grant Lk. Outflow,39.8
2026-08-13 10:58:28,Mono Basin,Rush Ck. at Damsite Flow,12.2
2026-08-13 10:58:28,Mono Basin,Flow to West Portal,15.6
2026-08-13 10:58:28,Long Valley,East Portal Flow,27.0
2026-08-13 10:58:28,Long Valley,OR Below EP Flow,70.0
2026-08-13 10:58:28,Long Valley,Hot Ck.at Hwy. Flow,7.0
2026-08-13 10:58:28,Long Valley,McGee Ck. Lower Sta. Flow,8.2
2026-08-13 10:58:28,Long Valley,Long Valley Current Outflow,594.7
2026-08-13 10:58:28,Long Valley,Rock Ck. Div. Flow,0.0
2026-08-13 10:58:28,Long Valley,Upper Gorge Total Release,41.5
2026-08-13 10:58:28,Long Valley,Release at Middle Gorge,0.0
2026-08-13 10:58:28,Northern Owens Valley,Rock Ck. At Owens River (PV) Flow,28.7
2026-08-13 10:58:28,Northern Owens Valley,Pleasant Valley Outflow,501.7
2026-08-13 10:58:28,Northern Owens Valley,Baker Ck. At LA Station Flow,10.1
2026-08-13 10:58:28,Northern Owens Valley,Big Pine Ck. USGS Flow,46.6
2026-08-13 10:58:28,Northern Owens Valley,O.R. Below Big Pine,511.6
2026-08-13 10:58:28,Northern Owens Valley,Fish Springs At RR Flow,34.7
2026-08-13 10:58:28,Northern Owens Valley,Tinemaha Reservoir Outflow,478.3
2026-08-13 10:58:28,Northern Owens Valley,Bishop Creek Through Plant 6,107.9
2026-08-13 10:58:28,Northern Owens Valley,Bishop Creek Around Plant 6,7.3
2026-08-13 10:58:28,Southern Owens Valley,Tinemaha Reservoir Outflow,478.3
2026-08-13 10:58:28,Southern Owens Valley,Indep. Ck. At Junction Flow,7.6
2026-08-13 10:58:28,Southern Owens Valley,LAA at Alabama Flow,384.0
2026-08-13 10:58:28,Southern Owens Valley,Cottonwood Ck. At LAA Flow,3.0
2026-08-13 10:58:28,Southern Owens Valley,LAA at Cottonwood Flow,460.0
2026-08-13 10:58:28,Southern Owens Valley,Haiwee LAA #1 Current Flow,0.0
2026-08-13 10:58:28,Southern Owens Valley,Haiwee LAA #2 Current Flow,99.4
2026-08-13 10:58:28,Southern Owens Valley,Reinhackel Flow,2.9
2026-08-13 10:58:28,Southern Owens Valley,Lubkin Spillgate Outflow,0.0
2026-08-13 10:58:28,Southern Owens Valley,Cartago Spillgate Outflow,0.0
2026-08-13 10:58:28,Southern Owens Valley,Lone Pine Creek Flow,13.3
2026-08-13 10:58:28,Lower Owens River Project,LORP Intake Flow,91.0
2026-08-13 10:58:28,Lower Owens River Project,LORP at Mazourka Canyon Road,0.0
2026-08-13 10:58:28,Lower Owens River Project,LORP at Reinhackle Springs,69.0
2026-08-13 10:58:28,Lower Owens River Project,LORP Above Pumpstation,51.0
2026-08-13 10:58:28,Lower Owens River Project,LORP At Pump Station Discharge Flow,48.0
2026-08-13 10:58:28,Southern District,Haiwee LAA #2 Current Flow,99.4
2026-08-13 10:58:28,Southern District,Haiwee LAA #1 Current Flow,0.0
2026-08-13 10:58:28,Southern District,LAA #1 Flow at Fairmont Reservoir,297.0
2026-08-13 10:58:28,Southern District,LAA #2 Flow at Fairmont Res.,98.9
2026-08-13 10:58:28,Southern District,Bouquet Reservoir Inflow,19.4
2026-08-13 10:58:28,Southern District,Bouquet Reservoir Outflow,0.7
2026-08-13 10:58:28,Southern District,LAA #1 at Soledad Flow,269.8
2026-08-13 10:58:28,Southern District,LAA #2 at Soledad Flow,196.3
2026-08-13 10:58:29,Mono Basin,Mono Lk. Elevation,6382.4
2026-08-13 10:58:29,Mono Basin,Grant Lk. Elevation,7129.7
2026-08-13 10:58:29,Long Valley,Long Valley Elevation,6772.9
2026-08-13 10:58:29,Northern Owens Valley,Pleasant Valley Elevation,4385.6
2026-08-13 10:58:29,Northern Owens Valley,Tinemaha Elevation,3861.8
2026-08-13 10:58:29,Southern Owens Valley,Tinemaha Elevation,3861.8
2026-08-13 10:58:29,Southern Owens Valley,LAA at Alabama Level,7.6
2026-08-13 10:58:29,Southern Owens Valley,LAA at Alabama Water Temp,71.5
2026-08-13 10:58:29,Southern Owens Valley,LAA at Cottonwood Level,8.9
2026-08-13 10:58:29,Southern Owens Valley,LAA at Cotton. Water Temp,72.8
2026-08-13 10:58:29,Southern Owens Valley,N. Haiwee Elevation,3757.0
2026-08-13 10:58:29,Southern Owens Valley,S. Haiwee Reservoir Elevation,3723.1
2026-08-13 10:58:29,Southern District,S. Haiwee Reservoir Elevation,3723.1
2026-08-13 10:58:29,Southern District,Fairmont Reservoir Elevation,3025.0
2026-08-13 10:58:29,Southern District,Bouquet Reservoir Elevation,2984.0
2026-08-13 11:13:29,Mono Basin,Lee Vining Intake Above Flow,39.9
2026-08-13 11:13:29,Mono Basin,Lee Vining Intake Below Flow,30.6
2026-08-13 11:13:29,Mono Basin,Walker Ck. Above Conduit Flow,6.0
2026-08-13 11:13:29,Mono Basin,L.V. Conduit Below Intake Flow,11.3
2026-08-13 11:13:29,Mono Basin,Walker Ck. Under Conduit Flow,6.0
2026-08-13 11:13:29,Mono Basin,Parker Ck. Under Conduit Flow,14.0
2026-08-13 11:13:29,Mono Basin,Parker Ck. Above Conduit Flow,15.0
2026-08-13 11:13:29,Mono Basin,Grant Lk. Spill Flow,0.0
2026-08-13 11:13:29,Mono Basin,Mono Gate 1 Return Ditch Flow,25.5
2026-08-13 11:13:29,Mono Basin,Grant Lk. Outflow,39.8
2026-08-13 11:13:29,Mono Basin,Rush Ck. at Damsite Flow,12.2
2026-08-13 11:13:29,Mono Basin,Flow to West Portal,15.6
2026-08-13 11:13:29,Long Valley,East Portal Flow,27.0
2026-08-13 11:13:29,Long Valley,OR Below EP Flow,71.0
2026-08-13 11:13:29,Long Valley,Hot Ck.at Hwy. Flow,7.0
2026-08-13 11:13:29,Long Valley,McGee Ck. Lower Sta. Flow,8.2
2026-08-13 11:13:29,Long Valley,Long Valley Current Outflow,594.7
2026-08-13 11:13:29,Long Valley,Rock Ck. Div. Flow,0.0
2026-08-13 11:13:29,Long Valley,Upper Gorge Total Release,41.3
2026-08-13 11:13:29,Long Valley,Release at Middle Gorge,0.0
2026-08-13 11:13:29,Northern Owens Valley,Rock Ck. At Owens River (PV) Flow,28.7
2026-08-13 11:13:29,Northern Owens Valley,Pleasant Valley Outflow,501.4
2026-08-13 11:13:29,Northern Owens Valley,Baker Ck. At LA Station Flow,10.1
2026-08-13 11:13:29,Northern Owens Valley,Big Pine Ck. USGS Flow,46.6
2026-08-13 11:13:29,Northern Owens Valley,O.R. Below Big Pine,513.6
2026-08-13 11:13:29,Northern Owens Valley,Fish Springs At RR Flow,34.7
2026-08-13 11:13:29,Northern Owens Valley,Tinemaha Reservoir Outflow,478.3
2026-08-13 11:13:29,Northern Owens Valley,Bishop Creek Through Plant 6,107.9
2026-08-13 11:13:29,Northern Owens Valley,Bishop Creek Around Plant 6,7.3
2026-08-13 11:13:29,Southern Owens Valley,Tinemaha Reservoir Outflow,478.3
2026-08-13 11:13:29,Southern Owens Valley,Indep. Ck. At Junction Flow,7.6
2026-08-13 11:13:29,Southern Owens Valley,LAA at Alabama Flow,386.0
2026-08-13 11:13:29,Southern Owens Valley,Cottonwood Ck. At LAA Flow,3.0
2026-08-13 11:13:29,Southern Owens Valley,LAA at Cottonwood Flow,461.0
2026-08-13 11:13:29,Southern Owens Valley,Haiwee LAA #1 Current Flow,0.0
2026-08-13 11:13:29,Southern Owens Valley,Haiwee LAA #2 Current Flow,99.4
2026-08-13 11:13:29,Southern Owens Valley,Reinhackel Flow,2.9
2026-08-13 11:13:29,Southern Owens Valley,Lubkin Spillgate Outflow,0.0
2026-08-13 11:13:29,Southern Owens Valley,Cartago Spillgate Outflow,0.0
2026-08-13 11:13:29,Southern Owens Valley,Lone Pine Creek Flow,13.2
2026-08-13 11:13:29,Lower Owens River Project,LORP Intake Flow,91.0
2026-08-13 11:13:29,Lower Owens River Project,LORP at Mazourka Canyon Road,0.0
2026-08-13 11:13:29,Lower Owens River Project,LORP at Reinhackle Springs,69.0
2026-08-13 11:13:29,Lower Owens River Project,LORP Above Pumpstation,51.0
2026-08-13 11:13:29,Lower Owens River Project,LORP At Pump Station Discharge Flow,48.0
2026-08-13 11:13:29,Southern District,Haiwee LAA #2 Current Flow,99.4
2026-08-13 11:13:29,Southern District,Haiwee LAA #1 Current Flow,0.0
2026-08-13 11:13:29,Southern District,LAA #1 Flow at Fairmont Reservoir,292.3
2026-08-13 11:13:29,Southern District,LAA #2 Flow at Fairmont Res.,99.0
2026-08-13 11:13:29,Southern District,Bouquet Reservoir Inflow,19.4
2026-08-13 11:13:29,Southern District,Bouquet Reservoir Outflow,0.7
2026-08-13 11:13:29,Southern District,LAA #1 at Soledad Flow,269.8
2026-08-13 11:13:29,Southern District,LAA #2 at Soledad Flow,196.3
2026-08-13 11:13:30,Mono Basin,Mono Lk. Elevation,6382.4
2026-08-13 11:13:30,Mono Basin,Grant Lk. Elevation,7129.7
2026-08-13 11:13:30,Long Valley,Long Valley Elevation,6772.9
2026-08-13 11:13:30,Northern Owens Valley,Pleasant Valley Elevation,4385.7
2026-08-13 11:13:30,Southern Owens Valley,LAA at Alabama Level,7.7
2026-08-13 11:13:30,Southern Owens Valley,LAA at Alabama Water Temp,71.9
2026-08-13 11:13:30,Southern Owens Valley,LAA at Cottonwood Level,8.9
2026-08-13 11:13:30,Southern Owens Valley,LAA at Cotton. Water Temp,72.9
2026-08-13 11:13:30,Southern Owens Valley,N. Haiwee Elevation,3757.0
2026-08-13 11:13:30,Southern Owens Valley,S. Haiwee Reservoir Elevation,3723.1
2026-08-13 11:13:30,Southern District,S. Haiwee Reservoir Elevation,3723.1
2026-08-13 11:13:30,Southern District,Fairmont Reservoir Elevation,3024.9
2026-08-13 11:13:30,Southern District,Bouquet Reservoir Elevation,2984.0
2026-08-13 11:28:28,Mono Basin,Lee Vining Intake Above Flow,39.9
2026-08-13 11:28:28,Mono Basin,Lee Vining Intake Below Flow,30.6
2026-08-13 11:28:28,Mono Basin,Walker Ck. Above Conduit Flow,6.0
2026-08-13 11:28:28,Mono Basin,L.V. Conduit Below Intake Flow,11.3
2026-08-13 11:28:28,Mono Basin,Walker Ck. Under Conduit Flow,6.0
2026-08-13 11:28:28,Mono Basin,Parker Ck. Under Conduit Flow,14.0
2026-08-13 11:28:28,Mono Basin,Parker Ck. Above Conduit Flow,15.0
2026-08-13 11:28:28,Mono Basin,Grant Lk. Spill Flow,0.0
2026-08-13 11:28:28,Mono Basin,Mono Gate 1 Return Ditch Flow,25.4
2026-08-13 11:28:28,Mono Basin,Grant Lk. Outflow,39.9
2026-08-13 11:28:28,Mono Basin,Rush Ck. at Damsite Flow,12.2
2026-08-13 11:28:28,Mono Basin,Flow to West Portal,15.6
2026-08-13 11:28:28,Long Valley,East Portal Flow,27.0
2026-08-13 11:28:28,Long Valley,OR Below EP Flow,70.0
2026-08-13 11:28:28,Long Valley,Hot Ck.at Hwy. Flow,7.0
2026-08-13 11:28:28,Long Valley,McGee Ck. Lower Sta. Flow,8.2
2026-08-13 11:28:28,Long Valley,Long Valley Current Outflow,591.9
2026-08-13 11:28:28,Long Valley,Rock Ck. Div. Flow,0.0
2026-08-13 11:28:28,Long Valley,Upper Gorge Total Release,41.2
2026-08-13 11:28:28,Long Valley,Release at Middle Gorge,0.0
2026-08-13 11:28:28,Northern Owens Valley,Rock Ck. At Owens River (PV) Flow,28.7
2026-08-13 11:28:28,Northern Owens Valley,Pleasant Valley Outflow,502.0
2026-08-13 11:28:28,Northern Owens Valley,Baker Ck. At LA Station Flow,10.1
2026-08-13 11:28:28,Northern Owens Valley,Big Pine Ck. USGS Flow,46.6
2026-08-13 11:28:28,Northern Owens Valley,O.R. Below Big Pine,512.4
2026-08-13 11:28:28,Northern Owens Valley,Fish Springs At RR Flow,34.7
2026-08-13 11:28:28,Northern Owens Valley,Tinemaha Reservoir Outflow,478.3
2026-08-13 11:28:28,Northern Owens Valley,Bishop Creek Through Plant 6,107.9
2026-08-13 11:28:28,Northern Owens Valley,Bishop Creek Around Plant 6,7.3
2026-08-13 11:28:28,Southern Owens Valley,Tinemaha Reservoir Outflow,478.3
2026-08-13 11:28:28,Southern Owens Valley,Indep. Ck. At Junction Flow,7.6
2026-08-13 11:28:28,Southern Owens Valley,LAA at Alabama Flow,386.0
2026-08-13 11:28:28,Southern Owens Valley,LAA at Alabama Level,7.7
2026-08-13 11:28:28,Southern Owens Valley,LAA at Alabama Water Temp,71.9
2026-08-13 11:28:28,Southern Owens Valley,Cottonwood Ck. At LAA Flow,3.0
2026-08-13 11:28:28,Southern Owens Valley,LAA at Cottonwood Flow,461.0
2026-08-13 11:28:28,Southern Owens Valley,LAA at Cottonwood Level,8.9
2026-08-13 11:28:28,Southern Owens Valley,LAA at Cotton. Water Temp,72.9
2026-08-13 11:28:28,Southern Owens Valley,Haiwee LAA #1 Current Flow,0.0
2026-08-13 11:28:28,Southern Owens Valley,Haiwee LAA #2 Current Flow,99.4
2026-08-13 11:28:28,Southern Owens Valley,Reinhackel Flow,2.9
2026-08-13 11:28:28,Southern Owens Valley,Lubkin Spillgate Outflow,0.0
2026-08-13 11:28:28,Southern Owens Valley,Cartago Spillgate Outflow,0.7
2026-08-13 11:28:28,Southern Owens Valley,Lone Pine Creek Flow,13.2
2026-08-13 11:28:28,Lower Owens River Project,LORP Intake Flow,91.0
2026-08-13 11:28:28,Lower Owens River Project,LORP at Mazourka Canyon Road,0.0
2026-08-13 11:28:28,Lower Owens River Project,LORP at Reinhackle Springs,68.0
2026-08-13 11:28:28,Lower Owens River Project,LORP Above Pumpstation,52.0
2026-08-13 11:28:28,Lower Owens River Project,LORP At Pump Station Discharge Flow,49.0
2026-08-13 11:28:28,Southern District,Haiwee LAA #2 Current Flow,99.4
2026-08-13 11:28:28,Southern District,Haiwee LAA #1 Current Flow,0.0
2026-08-13 11:28:28,Southern District,LAA #1 Flow at Fairmont Reservoir,293.4
2026-08-13 11:28:28,Southern District,LAA #2 Flow at Fairmont Res.,98.9
2026-08-13 11:28:28,Southern District,Bouquet Reservoir Inflow,19.4
2026-08-13 11:28:28,Southern District,Bouquet Reservoir Outflow,0.7
2026-08-13 11:28:28,Southern District,LAA #1 at Soledad Flow,269.8
2026-08-13 11:28:28,Southern District,LAA #2 at Soledad Flow,196.3
2026-08-13 11:28:29,Mono Basin,Mono Lk. Elevation,6382.4
2026-08-13 11:28:29,Mono Basin,Grant Lk. Elevation,7129.7
2026-08-13 11:28:29,Long Valley,Long Valley Elevation,6772.9
2026-08-13 11:28:29,Northern Owens Valley,Pleasant Valley Elevation,4385.7
2026-08-13 11:28:29,Northern Owens Valley,Tinemaha Elevation,3861.8
2026-08-13 11:28:29,Southern Owens Valley,Tinemaha Elevation,3861.8
2026-08-13 11:28:29,Southern Owens Valley,N. Haiwee Elevation,3757.0
2026-08-13 11:28:29,Southern Owens Valley,S. Haiwee Reservoir Elevation,3723.1
2026-08-13 11:28:29,Southern District,S. Haiwee Reservoir Elevation,3723.1
2026-08-13 11:28:29,Southern District,Fairmont Reservoir Elevation,3024.8
2026-08-13 11:28:29,Southern District,Bouquet Reservoir Elevation,2984.0
2026-08-13 11:43:30,Mono Basin,Lee Vining Intake Above Flow,39.4
2026-08-13 11:43:30,Mono Basin,Lee Vining Intake Below Flow,30.5
2026-08-13 11:43:30,Mono Basin,Mono Lk. Elevation,6382.4
2026-08-13 11:43:30,Mono Basin,Walker Ck. Above Conduit Flow,6.0
2026-08-13 11:43:30,Mono Basin,L.V. Conduit Below Intake Flow,11.5
2026-08-13 11:43:30,Mono Basin,Walker Ck. Under Conduit Flow,6.0
2026-08-13 11:43:30,Mono Basin,Parker Ck. Under Conduit Flow,14.0
2026-08-13 11:43:30,Mono Basin,Parker Ck. Above Conduit Flow,15.0
2026-08-13 11:43:30,Mono Basin,Grant Lk. Spill Flow,0.0
2026-08-13 11:43:30,Mono Basin,Mono Gate 1 Return Ditch Flow,25.4
2026-08-13 11:43:30,Mono Basin,Grant Lk. Elevation,7129.7
2026-08-13 11:43:30,Mono Basin,Grant Lk. Outflow,39.9
2026-08-13 11:43:30,Mono Basin,Rush Ck. at Damsite Flow,12.2
2026-08-13 11:43:30,Mono Basin,Flow to West Portal,15.6
2026-08-13 11:43:30,Long Valley,East Portal Flow,27.0
2026-08-13 11:43:30,Long Valley,OR Below EP Flow,70.0
2026-08-13 11:43:30,Long Valley,Hot Ck.at Hwy. Flow,7.0
2026-08-13 11:43:30,Long Valley,McGee Ck. Lower Sta. Flow,8.2
2026-08-13 11:43:30,Long Valley,Long Valley Elevation,6772.9
2026-08-13 11:43:30,Long Valley,Long Valley Current Outflow,591.9
2026-08-13 11:43:30,Long Valley,Rock Ck. Div. Flow,0.0
2026-08-13 11:43:30,Long Valley,Upper Gorge Total Release,41.5
2026-08-13 11:43:30,Long Valley,Release at Middle Gorge,0.0
2026-08-13 11:43:30,Northern Owens Valley,Rock Ck. At Owens River (PV) Flow,28.7
2026-08-13 11:43:30,Northern Owens Valley,Pleasant Valley Elevation,4385.7
2026-08-13 11:43:30,Northern Owens Valley,Pleasant Valley Outflow,502.0
2026-08-13 11:43:30,Northern Owens Valley,Baker Ck. At LA Station Flow,10.1
2026-08-13 11:43:30,Northern Owens Valley,Big Pine Ck. USGS Flow,46.6
2026-08-13 11:43:30,Northern Owens Valley,O.R. Below Big Pine,512.4
2026-08-13 11:43:30,Northern Owens Valley,Fish Springs At RR Flow,34.7
2026-08-13 11:43:30,Northern Owens Valley,Tinemaha Reservoir Outflow,478.3
2026-08-13 11:43:30,Northern Owens Valley,Bishop Creek Through Plant 6,101.9
2026-08-13 11:43:30,Northern Owens Valley,Bishop Creek Around Plant 6,7.2
2026-08-13 11:43:30,Southern Owens Valley,Tinemaha Reservoir Outflow,478.3
2026-08-13 11:43:30,Southern Owens Valley,Indep. Ck. At Junction Flow,7.6
2026-08-13 11:43:30,Southern Owens Valley,LAA at Alabama Flow,386.0
2026-08-13 11:43:30,Southern Owens Valley,LAA at Alabama Level,7.7
2026-08-13 11:43:30,Southern Owens Valley,LAA at Alabama Water Temp,71.9
2026-08-13 11:43:30,Southern Owens Valley,Cottonwood Ck. At LAA Flow,3.0
2026-08-13 11:43:30,Southern Owens Valley,LAA at Cottonwood Flow,461.0
2026-08-13 11:43:30,Southern Owens Valley,LAA at Cottonwood Level,8.9
2026-08-13 11:43:30,Southern Owens Valley,LAA at Cotton. Water Temp,72.9
2026-08-13 11:43:30,Southern Owens Valley,N. Haiwee Elevation,3757.0
2026-08-13 11:43:30,Southern Owens Valley,S. Haiwee Reservoir Elevation,3723.1
2026-08-13 11:43:30,Southern Owens Valley,Haiwee LAA #1 Current Flow,0.0
2026-08-13 11:43:30,Southern Owens Valley,Haiwee LAA #2 Current Flow,99.4
2026-08-13 11:43:30,Southern Owens Valley,Reinhackel Flow,2.9
2026-08-13 11:43:30,Southern Owens Valley,Lubkin Spillgate Outflow,0.0
2026-08-13 11:43:30,Southern Owens Valley,Cartago Spillgate Outflow,0.0
2026-08-13 11:43:30,Southern Owens Valley,Lone Pine Creek Flow,13.2
2026-08-13 11:43:30,Lower Owens River Project,LORP Intake Flow,91.0
2026-08-13 11:43:30,Lower Owens River Project,LORP at Mazourka Canyon Road,0.0
2026-08-13 11:43:30,Lower Owens River Project,LORP at Reinhackle Springs,68.0
2026-08-13 11:43:30,Lower Owens River Project,LORP Above Pumpstation,51.0
2026-08-13 11:43:30,Lower Owens River Project,LORP At Pump Station Discharge Flow,48.0
2026-08-13 11:43:30,Southern District,Haiwee LAA #2 Current Flow,99.4
2026-08-13 11:43:30,Southern District,S. Haiwee Reservoir Elevation,3723.1
2026-08-13 11:43:30,Southern District,Haiwee LAA #1 Current Flow,0.0
2026-08-13 11:43:30,Southern District,Fairmont Reservoir Elevation,3024.7
2026-08-13 11:43:30,Southern District,LAA #1 Flow at Fairmont Reservoir,290.2
2026-08-13 11:43:30,Southern District,LAA #2 Flow at Fairmont Res.,109.1
2026-08-13 11:43:30,Southern District,Bouquet Reservoir Elevation,2984.0
2026-08-13 11:43:30,Southern District,Bouquet Reservoir Inflow,19.4
2026-08-13 11:43:30,Southern District,Bouquet Reservoir Outflow,0.7
2026-08-13 11:43:30,Southern District,LAA #1 at Soledad Flow,269.8
2026-08-13 11:43:30,Southern District,LAA #2 at Soledad Flow,196.3
2026-08-13 11:58:28,Mono Basin,Lee Vining Intake Above Flow,39.4
2026-08-13 11:58:28,Mono Basin,Lee Vining Intake Below Flow,30.5
2026-08-13 11:58:28,Mono Basin,Walker Ck. Above Conduit Flow,6.0
2026-08-13 11:58:28,Mono Basin,L.V. Conduit Below Intake Flow,11.5
2026-08-13 11:58:28,Mono Basin,Walker Ck. Under Conduit Flow,6.0
2026-08-13 11:58:28,Mono Basin,Parker Ck. Under Conduit Flow,14.0
2026-08-13 11:58:28,Mono Basin,Parker Ck. Above Conduit Flow,15.0
2026-08-13 11:58:28,Mono Basin,Grant Lk. Spill Flow,0.0
2026-08-13 11:58:28,Mono Basin,Mono Gate 1 Return Ditch Flow,25.4
2026-08-13 11:58:28,Mono Basin,Grant Lk. Outflow,39.9
2026-08-13 11:58:28,Mono Basin,Rush Ck. at Damsite Flow,12.2
2026-08-13 11:58:28,Mono Basin,Flow to West Portal,15.6
2026-08-13 11:58:28,Long Valley,East Portal Flow,27.0
2026-08-13 11:58:28,Long Valley,OR Below EP Flow,70.0
2026-08-13 11:58:28,Long Valley,Hot Ck.at Hwy. Flow,7.0
2026-08-13 11:58:28,Long Valley,McGee Ck. Lower Sta. Flow,8.2
2026-08-13 11:58:28,Long Valley,Long Valley Current Outflow,591.9
2026-08-13 11:58:28,Long Valley,Rock Ck. Div. Flow,0.0
2026-08-13 11:58:28,Long Valley,Upper Gorge Total Release,41.5
2026-08-13 11:58:28,Long Valley,Release at Middle Gorge,0.0
2026-08-13 11:58:28,Northern Owens Valley,Rock Ck. At Owens River (PV) Flow,28.7
2026-08-13 11:58:28,Northern Owens Valley,Pleasant Valley Outflow,441.7
2026-08-13 11:58:28,Northern Owens Valley,Baker Ck. At LA Station Flow,9.0
2026-08-13 11:58:28,Northern Owens Valley,Big Pine Ck. USGS Flow,46.6
2026-08-13 11:58:28,Northern Owens Valley,O.R. Below Big Pine,512.4
2026-08-13 11:58:28,Northern Owens Valley,Fish Springs At RR Flow,34.7
2026-08-13 11:58:28,Northern Owens Valley,Tinemaha Reservoir Outflow,478.3
2026-08-13 11:58:28,Northern Owens Valley,Bishop Creek Through Plant 6,102.2
2026-08-13 11:58:28,Northern Owens Valley,Bishop Creek Around Plant 6,7.5
2026-08-13 11:58:28,Southern Owens Valley,Tinemaha Reservoir Outflow,478.3
2026-08-13 11:58:28,Southern Owens Valley,Indep. Ck. At Junction Flow,7.6
2026-08-13 11:58:28,Southern Owens Valley,LAA at Alabama Flow,386.0
2026-08-13 11:58:28,Southern Owens Valley,Cottonwood Ck. At LAA Flow,3.0
2026-08-13 11:58:28,Southern Owens Valley,LAA at Cottonwood Flow,461.0
2026-08-13 11:58:28,Southern Owens Valley,Haiwee LAA #1 Current Flow,0.0
2026-08-13 11:58:28,Southern Owens Valley,Haiwee LAA #2 Current Flow,99.4
2026-08-13 11:58:28,Southern Owens Valley,Reinhackel Flow,2.9
2026-08-13 11:58:28,Southern Owens Valley,Lubkin Spillgate Outflow,0.0
2026-08-13 11:58:28,Southern Owens Valley,Cartago Spillgate Outflow,0.0
2026-08-13 11:58:28,Southern Owens Valley,Lone Pine Creek Flow,13.2
2026-08-13 11:58:28,Lower Owens River Project,LORP Intake Flow,91.0
2026-08-13 11:58:28,Lower Owens River Project,LORP at Mazourka Canyon Road,0.0
2026-08-13 11:58:28,Lower Owens River Project,LORP at Reinhackle Springs,68.0
2026-08-13 11:58:28,Lower Owens River Project,LORP Above Pumpstation,51.0
2026-08-13 11:58:28,Lower Owens River Project,LORP At Pump Station Discharge Flow,48.0
2026-08-13 11:58:28,Southern District,Haiwee LAA #2 Current Flow,99.4
2026-08-13 11:58:28,Southern District,Haiwee LAA #1 Current Flow,0.0
2026-08-13 11:58:28,Southern District,LAA #1 Flow at Fairmont Reservoir,287.3
2026-08-13 11:58:28,Southern District,LAA #2 Flow at Fairmont Res.,107.6
2026-08-13 11:58:28,Southern District,Bouquet Reservoir Inflow,21.9
2026-08-13 11:58:28,Southern District,Bouquet Reservoir Outflow,0.7
2026-08-13 11:58:28,Southern District,LAA #1 at Soledad Flow,269.8
2026-08-13 11:58:28,Southern District,LAA #2 at Soledad Flow,196.3
2026-08-13 11:58:29,Mono Basin,Mono Lk. Elevation,6382.4
2026-08-13 11:58:29,Mono Basin,Grant Lk. Elevation,7129.7
2026-08-13 11:58:29,Long Valley,Long Valley Elevation,6772.9
2026-08-13 11:58:29,Northern Owens Valley,Pleasant Valley Elevation,4385.7
2026-08-13 11:58:29,Northern Owens Valley,Tinemaha Elevation,3861.8
2026-08-13 11:58:29,Southern Owens Valley,Tinemaha Elevation,3861.8
2026-08-13 11:58:29,Southern Owens Valley,LAA at Alabama Level,7.7
2026-08-13 11:58:29,Southern Owens Valley,LAA at Alabama Water Temp,71.9
2026-08-13 11:58:29,Southern Owens Valley,LAA at Cottonwood Level,8.9
2026-08-13 11:58:29,Southern Owens Valley,LAA at Cotton. Water Temp,72.9
2026-08-13 11:58:29,Southern Owens Valley,N. Haiwee Elevation,3757.0
2026-08-13 11:58:29,Southern Owens Valley,S. Haiwee Reservoir Elevation,3723.1
2026-08-13 11:58:29,Southern District,S. Haiwee Reservoir Elevation,3723.1
2026-08-13 11:58:29,Southern District,Fairmont Reservoir Elevation,3024.6
2026-08-13 11:58:29,Southern District,Bouquet Reservoir Elevation,2984.0
2026-08-13 12:13:29,Mono Basin,Lee Vining Intake Above Flow,40.7
2026-08-13 12:13:29,Mono Basin,Lee Vining Intake Below Flow,30.8
2026-08-13 12:13:29,Mono Basin,Mono Lk. Elevation,6382.4
2026-08-13 12:13:29,Mono Basin,Walker Ck. Above Conduit Flow,6.0
2026-08-13 12:13:29,Mono Basin,L.V. Conduit Below Intake Flow,11.9
2026-08-13 12:13:29,Mono Basin,Walker Ck. Under Conduit Flow,6.0
2026-08-13 12:13:29,Mono Basin,Parker Ck. Under Conduit Flow,14.0
2026-08-13 12:13:29,Mono Basin,Parker Ck. Above Conduit Flow,15.0
2026-08-13 12:13:29,Mono Basin,Grant Lk. Spill Flow,0.0
2026-08-13 12:13:29,Mono Basin,Mono Gate 1 Return Ditch Flow,25.5
2026-08-13 12:13:29,Mono Basin,Grant Lk. Elevation,7129.7
2026-08-13 12:13:29,Mono Basin,Grant Lk. Outflow,39.7
2026-08-13 12:13:29,Mono Basin,Rush Ck. at Damsite Flow,12.2
2026-08-13 12:13:29,Mono Basin,Flow to West Portal,15.9
2026-08-13 12:13:29,Long Valley,East Portal Flow,27.0
2026-08-13 12:13:29,Long Valley,OR Below EP Flow,70.0
2026-08-13 12:13:29,Long Valley,Hot Ck.at Hwy. Flow,7.0
2026-08-13 12:13:29,Long Valley,McGee Ck. Lower Sta. Flow,8.9
2026-08-13 12:13:29,Long Valley,Long Valley Elevation,6772.9
2026-08-13 12:13:29,Long Valley,Long Valley Current Outflow,597.2
2026-08-13 12:13:29,Long Valley,Rock Ck. Div. Flow,0.0
2026-08-13 12:13:29,Long Valley,Upper Gorge Total Release,41.7
2026-08-13 12:13:29,Long Valley,Release at Middle Gorge,0.0
2026-08-13 12:13:29,Northern Owens Valley,Rock Ck. At Owens River (PV) Flow,28.7
2026-08-13 12:13:29,Northern Owens Valley,Pleasant Valley Elevation,4385.8
2026-08-13 12:13:29,Northern Owens Valley,Pleasant Valley Outflow,437.7
2026-08-13 12:13:29,Northern Owens Valley,Baker Ck. At LA Station Flow,8.9
2026-08-13 12:13:29,Northern Owens Valley,Big Pine Ck. USGS Flow,46.6
2026-08-13 12:13:29,Northern Owens Valley,O.R. Below Big Pine,512.7
2026-08-13 12:13:29,Northern Owens Valley,Fish Springs At RR Flow,34.7
2026-08-13 12:13:29,Northern Owens Valley,Tinemaha Reservoir Outflow,478.3
2026-08-13 12:13:29,Northern Owens Valley,Bishop Creek Through Plant 6,102.0
2026-08-13 12:13:29,Northern Owens Valley,Bishop Creek Around Plant 6,7.6
2026-08-13 12:13:29,Southern Owens Valley,Tinemaha Reservoir Outflow,478.3
2026-08-13 12:13:29,Southern Owens Valley,Indep. Ck. At Junction Flow,7.6
2026-08-13 12:13:29,Southern Owens Valley,LAA at Alabama Flow,386.0
2026-08-13 12:13:29,Southern Owens Valley,LAA at Alabama Level,7.7
2026-08-13 12:13:29,Southern Owens Valley,LAA at Alabama Water Temp,71.9
2026-08-13 12:13:29,Southern Owens Valley,Cottonwood Ck. At LAA Flow,3.0
2026-08-13 12:13:29,Southern Owens Valley,LAA at Cottonwood Flow,461.0
2026-08-13 12:13:29,Southern Owens Valley,LAA at Cottonwood Level,8.9
2026-08-13 12:13:29,Southern Owens Valley,LAA at Cotton. Water Temp,72.9
2026-08-13 12:13:29,Southern Owens Valley,N. Haiwee Elevation,3757.0
2026-08-13 12:13:29,Southern Owens Valley,S. Haiwee Reservoir Elevation,3723.1
2026-08-13 12:13:29,Southern Owens Valley,Haiwee LAA #1 Current Flow,0.0
2026-08-13 12:13:29,Southern Owens Valley,Haiwee LAA #2 Current Flow,99.4
2026-08-13 12:13:29,Southern Owens Valley,Reinhackel Flow,2.9
2026-08-13 12:13:29,Southern Owens Valley,Lubkin Spillgate Outflow,0.0
2026-08-13 12:13:29,Southern Owens Valley,Cartago Spillgate Outflow,0.0
2026-08-13 12:13:29,Southern Owens Valley,Lone Pine Creek Flow,13.1
2026-08-13 12:13:29,Lower Owens River Project,LORP Intake Flow,91.0
2026-08-13 12:13:29,Lower Owens River Project,LORP at Mazourka Canyon Road,0.0
2026-08-13 12:13:29,Lower Owens River Project,LORP at Reinhackle Springs,68.0
2026-08-13 12:13:29,Lower Owens River Project,LORP Above Pumpstation,51.0
2026-08-13 12:13:29,Lower Owens River Project,LORP At Pump Station Discharge Flow,48.0
2026-08-13 12:13:29,Southern District,Haiwee LAA #2 Current Flow,99.4
2026-08-13 12:13:29,Southern District,S. Haiwee Reservoir Elevation,3723.1
2026-08-13 12:13:29,Southern District,Haiwee LAA #1 Current Flow,0.0
2026-08-13 12:13:29,Southern District,Fairmont Reservoir Elevation,3024.6
2026-08-13 12:13:29,Southern District,LAA #1 Flow at Fairmont Reservoir,286.8
2026-08-13 12:13:29,Southern District,LAA #2 Flow at Fairmont Res.,103.1
2026-08-13 12:13:29,Southern District,Bouquet Reservoir Elevation,2984.0
2026-08-13 12:13:29,Southern District,Bouquet Reservoir Inflow,4.1
2026-08-13 12:13:29,Southern District,Bouquet Reservoir Outflow,0.7
2026-08-13 12:13:29,Southern District,LAA #1 at Soledad Flow,269.8
2026-08-13 12:13:29,Southern District,LAA #2 at Soledad Flow,196.3
2026-08-13 12:28:28,Mono Basin,Lee Vining Intake Above Flow,40.7
2026-08-13 12:28:28,Mono Basin,Lee Vining Intake Below Flow,30.8
2026-08-13 12:28:28,Mono Basin,Walker Ck. Above Conduit Flow,6.0
2026-08-13 12:28:28,Mono Basin,L.V. Conduit Below Intake Flow,11.9
2026-08-13 12:28:28,Mono Basin,Walker Ck. Under Conduit Flow,6.0
2026-08-13 12:28:28,Mono Basin,Parker Ck. Under Conduit Flow,14.0
2026-08-13 12:28:28,Mono Basin,Parker Ck. Above Conduit Flow,15.0
2026-08-13 12:28:28,Mono Basin,Grant Lk. Spill Flow,0.0
2026-08-13 12:28:28,Mono Basin,Mono Gate 1 Return Ditch Flow,25.6
2026-08-13 12:28:28,Mono Basin,Grant Lk. Outflow,39.9
2026-08-13 12:28:28,Mono Basin,Rush Ck. at Damsite Flow,12.2
2026-08-13 12:28:28,Mono Basin,Flow to West Portal,15.9
2026-08-13 12:28:28,Long Valley,East Portal Flow,27.0
2026-08-13 12:28:28,Long Valley,OR Below EP Flow,70.0
2026-08-13 12:28:28,Long Valley,Hot Ck.at Hwy. Flow,8.0
2026-08-13 12:28:28,Long Valley,McGee Ck. Lower Sta. Flow,8.9
2026-08-13 12:28:28,Long Valley,Long Valley Current Outflow,596.9
2026-08-13 12:28:28,Long Valley,Rock Ck. Div. Flow,0.0
2026-08-13 12:28:28,Long Valley,Upper Gorge Total Release,41.8
2026-08-13 12:28:28,Long Valley,Release at Middle Gorge,0.0
2026-08-13 12:28:28,Northern Owens Valley,Rock Ck. At Owens River (PV) Flow,28.7
2026-08-13 12:28:28,Northern Owens Valley,Pleasant Valley Outflow,435.8
2026-08-13 12:28:28,Northern Owens Valley,Baker Ck. At LA Station Flow,8.9
2026-08-13 12:28:28,Northern Owens Valley,Big Pine Ck. USGS Flow,45.1
2026-08-13 12:28:28,Northern Owens Valley,O.R. Below Big Pine,512.3
2026-08-13 12:28:28,Northern Owens Valley,Fish Springs At RR Flow,36.1
2026-08-13 12:28:28,Northern Owens Valley,Tinemaha Reservoir Outflow,486.6
2026-08-13 12:28:28,Northern Owens Valley,Bishop Creek Through Plant 6,102.0
2026-08-13 12:28:28,Northern Owens Valley,Bishop Creek Around Plant 6,7.6
2026-08-13 12:28:28,Southern Owens Valley,Tinemaha Reservoir Outflow,486.6
2026-08-13 12:28:28,Southern Owens Valley,Indep. Ck. At Junction Flow,7.6
2026-08-13 12:28:28,Southern Owens Valley,LAA at Alabama Flow,388.0
2026-08-13 12:28:28,Southern Owens Valley,LAA at Alabama Level,7.7
2026-08-13 12:28:28,Southern Owens Valley,LAA at Alabama Water Temp,71.6
2026-08-13 12:28:28,Southern Owens Valley,Cottonwood Ck. At LAA Flow,3.0
2026-08-13 12:28:28,Southern Owens Valley,LAA at Cottonwood Flow,461.0
2026-08-13 12:28:28,Southern Owens Valley,LAA at Cottonwood Level,8.9
2026-08-13 12:28:28,Southern Owens Valley,LAA at Cotton. Water Temp,72.9
2026-08-13 12:28:28,Southern Owens Valley,Haiwee LAA #1 Current Flow,0.0
2026-08-13 12:28:28,Southern Owens Valley,Haiwee LAA #2 Current Flow,99.4
2026-08-13 12:28:28,Southern Owens Valley,Reinhackel Flow,2.9
2026-08-13 12:28:28,Southern Owens Valley,Lubkin Spillgate Outflow,0.0
2026-08-13 12:28:28,Southern Owens Valley,Cartago Spillgate Outflow,0.0
2026-08-13 12:28:28,Southern Owens Valley,Lone Pine Creek Flow,13.1
2026-08-13 12:28:28,Lower Owens River Project,LORP Intake Flow,91.0
2026-08-13 12:28:28,Lower Owens River Project,LORP at Mazourka Canyon Road,0.0
2026-08-13 12:28:28,Lower Owens River Project,LORP at Reinhackle Springs,72.0
2026-08-13 12:28:28,Lower Owens River Project,LORP Above Pumpstation,51.0
2026-08-13 12:28:28,Lower Owens River Project,LORP At Pump Station Discharge Flow,48.0
2026-08-13 12:28:28,Southern District,Haiwee LAA #2 Current Flow,99.4
2026-08-13 12:28:28,Southern District,Haiwee LAA #1 Current Flow,0.0
2026-08-13 12:28:28,Southern District,LAA #1 Flow at Fairmont Reservoir,282.2
2026-08-13 12:28:28,Southern District,LAA #2 Flow at Fairmont Res.,99.0
2026-08-13 12:28:28,Southern District,Bouquet Reservoir Inflow,19.6
2026-08-13 12:28:28,Southern District,Bouquet Reservoir Outflow,0.7
2026-08-13 12:28:28,Southern District,LAA #1 at Soledad Flow,269.8
2026-08-13 12:28:28,Southern District,LAA #2 at Soledad Flow,196.3
2026-08-13 12:28:29,Northern Owens Valley,Tinemaha Elevation,3861.8
2026-08-13 12:28:29,Southern Owens Valley,Tinemaha Elevation,3861.8
2026-08-13 12:28:29,Mono Basin,Mono Lk. Elevation,6382.4
2026-08-13 12:28:29,Mono Basin,Grant Lk. Elevation,7129.7
2026-08-13 12:28:29,Long Valley,Long Valley Elevation,6772.9
2026-08-13 12:28:29,Northern Owens Valley,Pleasant Valley Elevation,4387.0
2026-08-13 12:28:29,Southern Owens Valley,N. Haiwee Elevation,3757.0
2026-08-13 12:28:29,Southern Owens Valley,S. Haiwee Reservoir Elevation,3723.1
2026-08-13 12:28:29,Southern District,S. Haiwee Reservoir Elevation,3723.1
2026-08-13 12:28:29,Southern District,Fairmont Reservoir Elevation,3024.6
2026-08-13 12:28:29,Southern District,Bouquet Reservoir Elevation,2984.0
2026-08-13 12:43:29,Mono Basin,Lee Vining Intake Above Flow,40.8
2026-08-13 12:43:29,Mono Basin,Lee Vining Intake Below Flow,30.5
2026-08-13 12:43:29,Mono Basin,Walker Ck. Above Conduit Flow,6.0
2026-08-13 12:43:29,Mono Basin,L.V. Conduit Below Intake Flow,12.1
2026-08-13 12:43:29,Mono Basin,Walker Ck. Under Conduit Flow,6.0
2026-08-13 12:43:29,Mono Basin,Parker Ck. Under Conduit Flow,14.0
2026-08-13 12:43:29,Mono Basin,Parker Ck. Above Conduit Flow,15.0
2026-08-13 12:43:29,Mono Basin,Grant Lk. Spill Flow,0.0
2026-08-13 12:43:29,Mono Basin,Mono Gate 1 Return Ditch Flow,25.6
2026-08-13 12:43:29,Mono Basin,Grant Lk. Outflow,39.9
2026-08-13 12:43:29,Mono Basin,Rush Ck. at Damsite Flow,12.2
2026-08-13 12:43:29,Mono Basin,Flow to West Portal,15.9
2026-08-13 12:43:29,Long Valley,East Portal Flow,27.0
2026-08-13 12:43:29,Long Valley,OR Below EP Flow,70.0
2026-08-13 12:43:29,Long Valley,Hot Ck.at Hwy. Flow,8.0
2026-08-13 12:43:29,Long Valley,McGee Ck. Lower Sta. Flow,8.9
2026-08-13 12:43:29,Long Valley,Long Valley Current Outflow,596.9
2026-08-13 12:43:29,Long Valley,Rock Ck. Div. Flow,0.0
2026-08-13 12:43:29,Long Valley,Upper Gorge Total Release,42.0
2026-08-13 12:43:29,Long Valley,Release at Middle Gorge,0.0
2026-08-13 12:43:29,Northern Owens Valley,Rock Ck. At Owens River (PV) Flow,28.8
2026-08-13 12:43:29,Northern Owens Valley,Pleasant Valley Outflow,435.5
2026-08-13 12:43:29,Northern Owens Valley,Baker Ck. At LA Station Flow,8.9
2026-08-13 12:43:29,Northern Owens Valley,Big Pine Ck. USGS Flow,45.1
2026-08-13 12:43:29,Northern Owens Valley,O.R. Below Big Pine,512.8
2026-08-13 12:43:29,Northern Owens Valley,Fish Springs At RR Flow,36.1
2026-08-13 12:43:29,Northern Owens Valley,Tinemaha Reservoir Outflow,506.5
2026-08-13 12:43:29,Northern Owens Valley,Bishop Creek Through Plant 6,101.6
2026-08-13 12:43:29,Northern Owens Valley,Bishop Creek Around Plant 6,7.8
2026-08-13 12:43:29,Southern Owens Valley,Tinemaha Reservoir Outflow,506.5
2026-08-13 12:43:29,Southern Owens Valley,Indep. Ck. At Junction Flow,7.6
2026-08-13 12:43:29,Southern Owens Valley,LAA at Alabama Flow,388.0
2026-08-13 12:43:29,Southern Owens Valley,Cottonwood Ck. At LAA Flow,3.0
2026-08-13 12:43:29,Southern Owens Valley,LAA at Cottonwood Flow,464.0
2026-08-13 12:43:29,Southern Owens Valley,Haiwee LAA #1 Current Flow,0.0
2026-08-13 12:43:29,Southern Owens Valley,Haiwee LAA #2 Current Flow,99.4
2026-08-13 12:43:29,Southern Owens Valley,Reinhackel Flow,2.9
2026-08-13 12:43:29,Southern Owens Valley,Lubkin Spillgate Outflow,0.0
2026-08-13 12:43:29,Southern Owens Valley,Cartago Spillgate Outflow,0.2
2026-08-13 12:43:29,Southern Owens Valley,Lone Pine Creek Flow,13.0
2026-08-13 12:43:29,Lower Owens River Project,LORP Intake Flow,91.0
2026-08-13 12:43:29,Lower Owens River Project,LORP at Mazourka Canyon Road,0.0
2026-08-13 12:43:29,Lower Owens River Project,LORP at Reinhackle Springs,72.0
2026-08-13 12:43:29,Lower Owens River Project,LORP Above Pumpstation,51.0
2026-08-13 12:43:29,Lower Owens River Project,LORP At Pump Station Discharge Flow,48.0
2026-08-13 12:43:29,Southern District,Haiwee LAA #2 Current Flow,99.4
2026-08-13 12:43:29,Southern District,Haiwee LAA #1 Current Flow,0.0
2026-08-13 12:43:29,Southern District,LAA #1 Flow at Fairmont Reservoir,283.2
2026-08-13 12:43:29,Southern District,LAA #2 Flow at Fairmont Res.,98.9
2026-08-13 12:43:29,Southern District,Bouquet Reservoir Inflow,2.5
2026-08-13 12:43:29,Southern District,Bouquet Reservoir Outflow,0.7
2026-08-13 12:43:29,Southern District,LAA #1 at Soledad Flow,269.8
2026-08-13 12:43:29,Southern District,LAA #2 at Soledad Flow,196.3
2026-08-13 12:43:30,Mono Basin,Mono Lk. Elevation,6382.4
2026-08-13 12:43:30,Mono Basin,Grant Lk. Elevation,7129.7
2026-08-13 12:43:30,Long Valley,Long Valley Elevation,6772.9
2026-08-13 12:43:30,Northern Owens Valley,Pleasant Valley Elevation,4389.6
2026-08-13 12:43:30,Southern Owens Valley,LAA at Alabama Level,7.7
2026-08-13 12:43:30,Southern Owens Valley,LAA at Alabama Water Temp,71.6
2026-08-13 12:43:30,Southern Owens Valley,LAA at Cottonwood Level,9.0
2026-08-13 12:43:30,Southern Owens Valley,LAA at Cotton. Water Temp,72.8
2026-08-13 12:43:30,Southern Owens Valley,N. Haiwee Elevation,3757.0
2026-08-13 12:43:30,Southern Owens Valley,S. Haiwee Reservoir Elevation,3723.1
2026-08-13 12:43:30,Southern District,S. Haiwee Reservoir Elevation,3723.1
2026-08-13 12:43:30,Southern District,Fairmont Reservoir Elevation,3024.6
2026-08-13 12:43:30,Southern District,Bouquet Reservoir Elevation,2984.0
2026-08-13 12:58:28,Mono Basin,Lee Vining Intake Above Flow,40.8
2026-08-13 12:58:28,Mono Basin,Lee Vining Intake Below Flow,30.5
2026-08-13 12:58:28,Mono Basin,Walker Ck. Above Conduit Flow,6.0
2026-08-13 12:58:28,Mono Basin,L.V. Conduit Below Intake Flow,12.1
2026-08-13 12:58:28,Mono Basin,Walker Ck. Under Conduit Flow,6.0
2026-08-13 12:58:28,Mono Basin,Parker Ck. Under Conduit Flow,14.0
2026-08-13 12:58:28,Mono Basin,Parker Ck. Above Conduit Flow,15.0
2026-08-13 12:58:28,Mono Basin,Grant Lk. Spill Flow,0.0
2026-08-13 12:58:28,Mono Basin,Mono Gate 1 Return Ditch Flow,25.8
2026-08-13 12:58:28,Mono Basin,Grant Lk. Outflow,39.8
2026-08-13 12:58:28,Mono Basin,Rush Ck. at Damsite Flow,12.2
2026-08-13 12:58:28,Mono Basin,Flow to West Portal,15.9
2026-08-13 12:58:28,Long Valley,East Portal Flow,27.0
2026-08-13 12:58:28,Long Valley,OR Below EP Flow,70.0
2026-08-13 12:58:28,Long Valley,Hot Ck.at Hwy. Flow,8.0
2026-08-13 12:58:28,Long Valley,McGee Ck. Lower Sta. Flow,8.9
2026-08-13 12:58:28,Long Valley,Long Valley Current Outflow,596.9
2026-08-13 12:58:28,Long Valley,Rock Ck. Div. Flow,0.0
2026-08-13 12:58:28,Long Valley,Upper Gorge Total Release,42.3
2026-08-13 12:58:28,Long Valley,Release at Middle Gorge,0.0
2026-08-13 12:58:28,Northern Owens Valley,Rock Ck. At Owens River (PV) Flow,28.9
2026-08-13 12:58:28,Northern Owens Valley,Pleasant Valley Outflow,434.8
2026-08-13 12:58:28,Northern Owens Valley,Baker Ck. At LA Station Flow,8.9
2026-08-13 12:58:28,Northern Owens Valley,Big Pine Ck. USGS Flow,45.1
2026-08-13 12:58:28,Northern Owens Valley,O.R. Below Big Pine,513.9
2026-08-13 12:58:28,Northern Owens Valley,Fish Springs At RR Flow,36.1
2026-08-13 12:58:28,Northern Owens Valley,Tinemaha Reservoir Outflow,517.5
2026-08-13 12:58:28,Northern Owens Valley,Bishop Creek Through Plant 6,101.6
2026-08-13 12:58:28,Northern Owens Valley,Bishop Creek Around Plant 6,7.8
2026-08-13 12:58:28,Southern Owens Valley,Tinemaha Reservoir Outflow,517.5
2026-08-13 12:58:28,Southern Owens Valley,Indep. Ck. At Junction Flow,7.6
2026-08-13 12:58:28,Southern Owens Valley,LAA at Alabama Flow,388.0
2026-08-13 12:58:28,Southern Owens Valley,LAA at Alabama Level,7.7
2026-08-13 12:58:28,Southern Owens Valley,LAA at Alabama Water Temp,71.6
2026-08-13 12:58:28,Southern Owens Valley,Cottonwood Ck. At LAA Flow,3.0
2026-08-13 12:58:28,Southern Owens Valley,LAA at Cottonwood Flow,465.0
2026-08-13 12:58:28,Southern Owens Valley,LAA at Cottonwood Level,9.0
2026-08-13 12:58:28,Southern Owens Valley,LAA at Cotton. Water Temp,72.8
2026-08-13 12:58:28,Southern Owens Valley,Haiwee LAA #1 Current Flow,0.0
2026-08-13 12:58:28,Southern Owens Valley,Haiwee LAA #2 Current Flow,99.4
2026-08-13 12:58:28,Southern Owens Valley,Reinhackel Flow,2.9
2026-08-13 12:58:28,Southern Owens Valley,Lubkin Spillgate Outflow,0.0
2026-08-13 12:58:28,Southern Owens Valley,Cartago Spillgate Outflow,0.0
2026-08-13 12:58:28,Southern Owens Valley,Lone Pine Creek Flow,13.0
2026-08-13 12:58:28,Lower Owens River Project,LORP Intake Flow,91.0
2026-08-13 12:58:28,Lower Owens River Project,LORP at Mazourka Canyon Road,0.0
2026-08-13 12:58:28,Lower Owens River Project,LORP at Reinhackle Springs,72.0
2026-08-13 12:58:28,Lower Owens River Project,LORP Above Pumpstation,51.0
2026-08-13 12:58:28,Lower Owens River Project,LORP At Pump Station Discharge Flow,48.0
2026-08-13 12:58:28,Southern District,Haiwee LAA #2 Current Flow,99.4
2026-08-13 12:58:28,Southern District,Haiwee LAA #1 Current Flow,0.0
2026-08-13 12:58:28,Southern District,LAA #1 Flow at Fairmont Reservoir,281.9
2026-08-13 12:58:28,Southern District,LAA #2 Flow at Fairmont Res.,98.9
2026-08-13 12:58:28,Southern District,Bouquet Reservoir Inflow,0.2
2026-08-13 12:58:28,Southern District,Bouquet Reservoir Outflow,87.3
2026-08-13 12:58:28,Southern District,LAA #1 at Soledad Flow,269.8
2026-08-13 12:58:28,Southern District,LAA #2 at Soledad Flow,196.3
2026-08-13 12:58:29,Northern Owens Valley,Tinemaha Elevation,3861.8
2026-08-13 12:58:29,Southern Owens Valley,Tinemaha Elevation,3861.8
2026-08-13 12:58:29,Mono Basin,Mono Lk. Elevation,6382.4
2026-08-13 12:58:29,Mono Basin,Grant Lk. Elevation,7129.7
2026-08-13 12:58:29,Long Valley,Long Valley Elevation,6772.9
2026-08-13 12:58:29,Northern Owens Valley,Pleasant Valley Elevation,4392.9
2026-08-13 12:58:29,Southern Owens Valley,N. Haiwee Elevation,3757.0
2026-08-13 12:58:29,Southern Owens Valley,S. Haiwee Reservoir Elevation,3723.1
2026-08-13 12:58:29,Southern District,S. Haiwee Reservoir Elevation,3723.1
2026-08-13 12:58:29,Southern District,Fairmont Reservoir Elevation,3024.6
2026-08-13 12:58:29,Southern District,Bouquet Reservoir Elevation,2984.0
2026-08-13 13:13:28,Mono Basin,Lee Vining Intake Above Flow,41.0
2026-08-13 13:13:28,Mono Basin,Lee Vining Intake Below Flow,30.6
2026-08-13 13:13:28,Mono Basin,Walker Ck. Above Conduit Flow,6.0
2026-08-13 13:13:28,Mono Basin,L.V. Conduit Below Intake Flow,12.8
2026-08-13 13:13:28,Mono Basin,Walker Ck. Under Conduit Flow,6.0
2026-08-13 13:13:28,Mono Basin,Parker Ck. Under Conduit Flow,14.0
2026-08-13 13:13:28,Mono Basin,Parker Ck. Above Conduit Flow,15.0
2026-08-13 13:13:28,Mono Basin,Grant Lk. Spill Flow,0.0
2026-08-13 13:13:28,Mono Basin,Mono Gate 1 Return Ditch Flow,25.8
2026-08-13 13:13:28,Mono Basin,Grant Lk. Outflow,39.8
2026-08-13 13:13:28,Mono Basin,Rush Ck. at Damsite Flow,12.2
2026-08-13 13:13:28,Mono Basin,Flow to West Portal,15.9
2026-08-13 13:13:28,Long Valley,East Portal Flow,27.0
2026-08-13 13:13:28,Long Valley,OR Below EP Flow,70.0
2026-08-13 13:13:28,Long Valley,Hot Ck.at Hwy. Flow,8.0
2026-08-13 13:13:28,Long Valley,McGee Ck. Lower Sta. Flow,8.9
2026-08-13 13:13:28,Long Valley,Long Valley Current Outflow,596.9
2026-08-13 13:13:28,Long Valley,Rock Ck. Div. Flow,0.0
2026-08-13 13:13:28,Long Valley,Upper Gorge Total Release,41.7
2026-08-13 13:13:28,Long Valley,Release at Middle Gorge,0.0
2026-08-13 13:13:28,Northern Owens Valley,Rock Ck. At Owens River (PV) Flow,28.9
2026-08-13 13:13:28,Northern Owens Valley,Pleasant Valley Outflow,458.5
2026-08-13 13:13:28,Northern Owens Valley,Baker Ck. At LA Station Flow,8.9
2026-08-13 13:13:28,Northern Owens Valley,Big Pine Ck. USGS Flow,45.1
2026-08-13 13:13:28,Northern Owens Valley,O.R. Below Big Pine,514.9
2026-08-13 13:13:28,Northern Owens Valley,Fish Springs At RR Flow,36.1
2026-08-13 13:13:28,Northern Owens Valley,Tinemaha Reservoir Outflow,517.5
2026-08-13 13:13:28,Northern Owens Valley,Bishop Creek Through Plant 6,101.6
2026-08-13 13:13:28,Northern Owens Valley,Bishop Creek Around Plant 6,7.8
2026-08-13 13:13:28,Southern Owens Valley,Tinemaha Reservoir Outflow,517.5
2026-08-13 13:13:28,Southern Owens Valley,Indep. Ck. At Junction Flow,9.6
2026-08-13 13:13:28,Southern Owens Valley,LAA at Alabama Flow,388.0
2026-08-13 13:13:28,Southern Owens Valley,Cottonwood Ck. At LAA Flow,3.0
2026-08-13 13:13:28,Southern Owens Valley,LAA at Cottonwood Flow,466.0
2026-08-13 13:13:28,Southern Owens Valley,Haiwee LAA #1 Current Flow,0.0
2026-08-13 13:13:28,Southern Owens Valley,Haiwee LAA #2 Current Flow,99.4
2026-08-13 13:13:28,Southern Owens Valley,Reinhackel Flow,2.9
2026-08-13 13:13:28,Southern Owens Valley,Lubkin Spillgate Outflow,0.0
2026-08-13 13:13:28,Southern Owens Valley,Cartago Spillgate Outflow,0.0
2026-08-13 13:13:28,Southern Owens Valley,Lone Pine Creek Flow,12.9
2026-08-13 13:13:28,Lower Owens River Project,LORP Intake Flow,91.0
2026-08-13 13:13:28,Lower Owens River Project,LORP at Mazourka Canyon Road,0.0
2026-08-13 13:13:28,Lower Owens River Project,LORP at Reinhackle Springs,72.0
2026-08-13 13:13:28,Lower Owens River Project,LORP Above Pumpstation,51.0
2026-08-13 13:13:28,Lower Owens River Project,LORP At Pump Station Discharge Flow,48.0
2026-08-13 13:13:28,Southern District,Haiwee LAA #2 Current Flow,99.4
2026-08-13 13:13:28,Southern District,Haiwee LAA #1 Current Flow,0.0
2026-08-13 13:13:28,Southern District,LAA #1 Flow at Fairmont Reservoir,279.1
2026-08-13 13:13:28,Southern District,LAA #2 Flow at Fairmont Res.,98.9
2026-08-13 13:13:28,Southern District,Bouquet Reservoir Inflow,0.2
2026-08-13 13:13:28,Southern District,Bouquet Reservoir Outflow,128.3
2026-08-13 13:13:28,Southern District,LAA #1 at Soledad Flow,269.8
2026-08-13 13:13:28,Southern District,LAA #2 at Soledad Flow,196.3
2026-08-13 13:13:29,Mono Basin,Mono Lk. Elevation,6382.4
2026-08-13 13:13:29,Mono Basin,Grant Lk. Elevation,7129.7
2026-08-13 13:13:29,Long Valley,Long Valley Elevation,6772.9
2026-08-13 13:13:29,Northern Owens Valley,Pleasant Valley Elevation,4388.6
2026-08-13 13:13:29,Southern Owens Valley,LAA at Alabama Level,7.7
2026-08-13 13:13:29,Southern Owens Valley,LAA at Alabama Water Temp,71.7
2026-08-13 13:13:29,Southern Owens Valley,LAA at Cottonwood Level,9.0
2026-08-13 13:13:29,Southern Owens Valley,LAA at Cotton. Water Temp,72.7
2026-08-13 13:13:29,Southern Owens Valley,N. Haiwee Elevation,3757.0
2026-08-13 13:13:29,Southern Owens Valley,S. Haiwee Reservoir Elevation,3723.1
2026-08-13 13:13:29,Southern District,S. Haiwee Reservoir Elevation,3723.1
2026-08-13 13:13:29,Southern District,Fairmont Reservoir Elevation,3024.7
2026-08-13 13:13:29,Southern District,Bouquet Reservoir Elevation,2984.0
2026-08-13 13:28:28,Southern Owens Valley,Cottonwood Ck. At LAA Flow,3.0
2026-08-13 13:28:28,Southern Owens Valley,Lone Pine Creek Flow,12.9
2026-08-13 13:28:29,Northern Owens Valley,Tinemaha Elevation,3861.8
2026-08-13 13:28:29,Southern Owens Valley,Tinemaha Elevation,3861.8
2026-08-13 13:28:29,Mono Basin,Lee Vining Intake Above Flow,41.0
2026-08-13 13:28:29,Mono Basin,Lee Vining Intake Below Flow,30.6
2026-08-13 13:28:29,Mono Basin,Mono Lk. Elevation,6382.4
2026-08-13 13:28:29,Mono Basin,Walker Ck. Above Conduit Flow,6.0
2026-08-13 13:28:29,Mono Basin,L.V. Conduit Below Intake Flow,12.8
2026-08-13 13:28:29,Mono Basin,Walker Ck. Under Conduit Flow,6.0
2026-08-13 13:28:29,Mono Basin,Parker Ck. Under Conduit Flow,14.0
2026-08-13 13:28:29,Mono Basin,Parker Ck. Above Conduit Flow,15.0
2026-08-13 13:28:29,Mono Basin,Grant Lk. Spill Flow,0.0
2026-08-13 13:28:29,Mono Basin,Mono Gate 1 Return Ditch Flow,26.0
2026-08-13 13:28:29,Mono Basin,Grant Lk. Elevation,7129.7
2026-08-13 13:28:29,Mono Basin,Grant Lk. Outflow,39.8
2026-08-13 13:28:29,Mono Basin,Rush Ck. at Damsite Flow,12.2
2026-08-13 13:28:29,Mono Basin,Flow to West Portal,15.9
2026-08-13 13:28:29,Long Valley,East Portal Flow,27.0
2026-08-13 13:28:29,Long Valley,OR Below EP Flow,70.0
2026-08-13 13:28:29,Long Valley,Hot Ck.at Hwy. Flow,8.0
2026-08-13 13:28:29,Long Valley,McGee Ck. Lower Sta. Flow,8.9
2026-08-13 13:28:29,Long Valley,Long Valley Elevation,6772.9
2026-08-13 13:28:29,Long Valley,Long Valley Current Outflow,548.3
2026-08-13 13:28:29,Long Valley,Rock Ck. Div. Flow,0.0
2026-08-13 13:28:29,Long Valley,Upper Gorge Total Release,41.2
2026-08-13 13:28:29,Long Valley,Release at Middle Gorge,0.0
2026-08-13 13:28:29,Northern Owens Valley,Rock Ck. At Owens River (PV) Flow,28.9
2026-08-13 13:28:29,Northern Owens Valley,Pleasant Valley Elevation,4390.5
2026-08-13 13:28:29,Northern Owens Valley,Pleasant Valley Outflow,578.4
2026-08-13 13:28:29,Northern Owens Valley,Baker Ck. At LA Station Flow,8.9
2026-08-13 13:28:29,Northern Owens Valley,Big Pine Ck. USGS Flow,45.1
2026-08-13 13:28:29,Northern Owens Valley,O.R. Below Big Pine,513.7
2026-08-13 13:28:29,Northern Owens Valley,Fish Springs At RR Flow,36.1
2026-08-13 13:28:29,Northern Owens Valley,Tinemaha Reservoir Outflow,504.4
2026-08-13 13:28:29,Northern Owens Valley,Bishop Creek Through Plant 6,101.6
2026-08-13 13:28:29,Northern Owens Valley,Bishop Creek Around Plant 6,7.8
2026-08-13 13:28:29,Southern Owens Valley,Tinemaha Reservoir Outflow,504.4
2026-08-13 13:28:29,Southern Owens Valley,Indep. Ck. At Junction Flow,9.6
2026-08-13 13:28:29,Southern Owens Valley,LAA at Alabama Flow,390.0
2026-08-13 13:28:29,Southern Owens Valley,LAA at Alabama Level,7.7
2026-08-13 13:28:29,Southern Owens Valley,LAA at Alabama Water Temp,71.8
2026-08-13 13:28:29,Southern Owens Valley,LAA at Cottonwood Flow,466.0
2026-08-13 13:28:29,Southern Owens Valley,LAA at Cottonwood Level,9.0
2026-08-13 13:28:29,Southern Owens Valley,LAA at Cotton. Water Temp,72.7
2026-08-13 13:28:29,Southern Owens Valley,N. Haiwee Elevation,3757.0
2026-08-13 13:28:29,Southern Owens Valley,S. Haiwee Reservoir Elevation,3723.1
2026-08-13 13:28:29,Southern Owens Valley,Haiwee LAA #1 Current Flow,0.0
2026-08-13 13:28:29,Southern Owens Valley,Haiwee LAA #2 Current Flow,99.4
2026-08-13 13:28:29,Southern Owens Valley,Reinhackel Flow,2.9
2026-08-13 13:28:29,Southern Owens Valley,Lubkin Spillgate Outflow,0.0
2026-08-13 13:28:29,Southern Owens Valley,Cartago Spillgate Outflow,0.0
2026-08-13 13:28:29,Lower Owens River Project,LORP Intake Flow,91.0
2026-08-13 13:28:29,Lower Owens River Project,LORP at Mazourka Canyon Road,0.0
2026-08-13 13:28:29,Lower Owens River Project,LORP at Reinhackle Springs,70.0
2026-08-13 13:28:29,Lower Owens River Project,LORP Above Pumpstation,51.0
2026-08-13 13:28:29,Lower Owens River Project,LORP At Pump Station Discharge Flow,48.0
2026-08-13 13:28:29,Southern District,Haiwee LAA #2 Current Flow,99.4
2026-08-13 13:28:29,Southern District,S. Haiwee Reservoir Elevation,3723.1
2026-08-13 13:28:29,Southern District,Haiwee LAA #1 Current Flow,0.0
2026-08-13 13:28:29,Southern District,Fairmont Reservoir Elevation,3024.7
2026-08-13 13:28:29,Southern District,LAA #1 Flow at Fairmont Reservoir,277.5
2026-08-13 13:28:29,Southern District,LAA #2 Flow at Fairmont Res.,98.9
2026-08-13 13:28:29,Southern District,Bouquet Reservoir Elevation,2984.0
2026-08-13 13:28:29,Southern District,Bouquet Reservoir Inflow,0.2
2026-08-13 13:28:29,Southern District,Bouquet Reservoir Outflow,127.8
2026-08-13 13:28:29,Southern District,LAA #1 at Soledad Flow,269.8
2026-08-13 13:28:29,Southern District,LAA #2 at Soledad Flow,196.3
2026-08-13 13:43:29,Mono Basin,Lee Vining Intake Above Flow,41.4
2026-08-13 13:43:29,Mono Basin,Lee Vining Intake Below Flow,30.7
2026-08-13 13:43:29,Mono Basin,L.V. Conduit Below Intake Flow,13.4
2026-08-13 13:43:29,Mono Basin,Walker Ck. Under Conduit Flow,6.0
2026-08-13 13:43:29,Mono Basin,Parker Ck. Under Conduit Flow,14.0
2026-08-13 13:43:29,Long Valley,Hot Ck.at Hwy. Flow,8.0
2026-08-13 13:43:29,Long Valley,McGee Ck. Lower Sta. Flow,8.9
2026-08-13 13:43:29,Long Valley,Long Valley Current Outflow,538.7
2026-08-13 13:43:29,Long Valley,Rock Ck. Div. Flow,0.0
2026-08-13 13:43:29,Long Valley,Upper Gorge Total Release,41.6
2026-08-13 13:43:29,Long Valley,Release at Middle Gorge,0.0
2026-08-13 13:43:29,Northern Owens Valley,Rock Ck. At Owens River (PV) Flow,28.9
2026-08-13 13:43:29,Northern Owens Valley,Pleasant Valley Outflow,525.7
2026-08-13 13:43:29,Northern Owens Valley,Baker Ck. At LA Station Flow,8.9
2026-08-13 13:43:29,Northern Owens Valley,Big Pine Ck. USGS Flow,45.1
2026-08-13 13:43:29,Northern Owens Valley,O.R. Below Big Pine,515.0
2026-08-13 13:43:29,Northern Owens Valley,Fish Springs At RR Flow,36.1
2026-08-13 13:43:29,Northern Owens Valley,Tinemaha Reservoir Outflow,504.4
2026-08-13 13:43:29,Northern Owens Valley,Bishop Creek Through Plant 6,95.9
2026-08-13 13:43:29,Northern Owens Valley,Bishop Creek Around Plant 6,8.5
2026-08-13 13:43:29,Southern Owens Valley,Tinemaha Reservoir Outflow,504.4
2026-08-13 13:43:29,Southern Owens Valley,Indep. Ck. At Junction Flow,9.6
2026-08-13 13:43:29,Southern Owens Valley,LAA at Alabama Flow,390.0
2026-08-13 13:43:29,Southern Owens Valley,Cottonwood Ck. At LAA Flow,3.0
2026-08-13 13:43:29,Southern Owens Valley,LAA at Cottonwood Flow,467.0
2026-08-13 13:43:29,Southern Owens Valley,Haiwee LAA #1 Current Flow,0.0
2026-08-13 13:43:29,Southern Owens Valley,Haiwee LAA #2 Current Flow,99.4
2026-08-13 13:43:29,Southern Owens Valley,Reinhackel Flow,2.9
2026-08-13 13:43:29,Southern Owens Valley,Lubkin Spillgate Outflow,0.0
2026-08-13 13:43:29,Southern Owens Valley,Cartago Spillgate Outflow,0.0
2026-08-13 13:43:29,Southern Owens Valley,Lone Pine Creek Flow,13.1
2026-08-13 13:43:29,Lower Owens River Project,LORP Intake Flow,91.0
2026-08-13 13:43:29,Lower Owens River Project,LORP at Mazourka Canyon Road,0.0
2026-08-13 13:43:29,Lower Owens River Project,LORP at Reinhackle Springs,70.0
2026-08-13 13:43:29,Lower Owens River Project,LORP Above Pumpstation,52.0
2026-08-13 13:43:29,Lower Owens River Project,LORP At Pump Station Discharge Flow,49.0
2026-08-13 13:43:29,Southern District,Haiwee LAA #2 Current Flow,99.4
2026-08-13 13:43:29,Southern District,Haiwee LAA #1 Current Flow,0.0
2026-08-13 13:43:30,Mono Basin,Mono Lk. Elevation,6382.4
2026-08-13 13:43:30,Mono Basin,Walker Ck. Above Conduit Flow,6.0
2026-08-13 13:43:30,Mono Basin,Parker Ck. Above Conduit Flow,15.0
2026-08-13 13:43:30,Mono Basin,Grant Lk. Spill Flow,0.0
2026-08-13 13:43:30,Mono Basin,Mono Gate 1 Return Ditch Flow,26.0
2026-08-13 13:43:30,Mono Basin,Grant Lk. Elevation,7129.7
2026-08-13 13:43:30,Mono Basin,Grant Lk. Outflow,39.8
2026-08-13 13:43:30,Mono Basin,Rush Ck. at Damsite Flow,12.2
2026-08-13 13:43:30,Mono Basin,Flow to West Portal,15.9
2026-08-13 13:43:30,Long Valley,East Portal Flow,27.0
2026-08-13 13:43:30,Long Valley,OR Below EP Flow,70.0
2026-08-13 13:43:30,Long Valley,Long Valley Elevation,6772.9
2026-08-13 13:43:30,Northern Owens Valley,Pleasant Valley Elevation,4389.7
2026-08-13 13:43:30,Southern Owens Valley,LAA at Alabama Level,7.7
2026-08-13 13:43:30,Southern Owens Valley,LAA at Alabama Water Temp,71.8
2026-08-13 13:43:30,Southern Owens Valley,LAA at Cottonwood Level,9.0
2026-08-13 13:43:30,Southern Owens Valley,LAA at Cotton. Water Temp,72.5
2026-08-13 13:43:30,Southern Owens Valley,N. Haiwee Elevation,3757.0
2026-08-13 13:43:30,Southern Owens Valley,S. Haiwee Reservoir Elevation,3723.2
2026-08-13 13:43:30,Southern District,S. Haiwee Reservoir Elevation,3723.2
2026-08-13 13:43:30,Southern District,Fairmont Reservoir Elevation,3024.7
2026-08-13 13:43:30,Southern District,LAA #1 Flow at Fairmont Reservoir,276.1
2026-08-13 13:43:30,Southern District,LAA #2 Flow at Fairmont Res.,98.9
2026-08-13 13:43:30,Southern District,Bouquet Reservoir Elevation,2984.0
2026-08-13 13:43:30,Southern District,Bouquet Reservoir Inflow,0.2
2026-08-13 13:43:30,Southern District,Bouquet Reservoir Outflow,128.4
2026-08-13 13:43:30,Southern District,LAA #1 at Soledad Flow,269.8
2026-08-13 13:43:30,Southern District,LAA #2 at Soledad Flow,196.3
2026-08-13 13:58:28,Northern Owens Valley,Tinemaha Elevation,3861.8
2026-08-13 13:58:28,Southern Owens Valley,Tinemaha Elevation,3861.8
2026-08-13 13:58:28,Mono Basin,Lee Vining Intake Above Flow,41.4
2026-08-13 13:58:28,Mono Basin,Lee Vining Intake Below Flow,30.7
2026-08-13 13:58:28,Mono Basin,Mono Lk. Elevation,6382.4
2026-08-13 13:58:28,Mono Basin,Walker Ck. Above Conduit Flow,6.0
2026-08-13 13:58:28,Mono Basin,L.V. Conduit Below Intake Flow,13.4
2026-08-13 13:58:28,Mono Basin,Walker Ck. Under Conduit Flow,6.0
2026-08-13 13:58:28,Mono Basin,Parker Ck. Under Conduit Flow,0.0
2026-08-13 13:58:28,Mono Basin,Parker Ck. Above Conduit Flow,1.0
2026-08-13 13:58:28,Mono Basin,Grant Lk. Spill Flow,0.0
2026-08-13 13:58:28,Mono Basin,Mono Gate 1 Return Ditch Flow,25.9
2026-08-13 13:58:28,Mono Basin,Grant Lk. Elevation,7129.7
2026-08-13 13:58:28,Mono Basin,Grant Lk. Outflow,39.6
2026-08-13 13:58:28,Mono Basin,Rush Ck. at Damsite Flow,12.2
2026-08-13 13:58:28,Mono Basin,Flow to West Portal,15.9
2026-08-13 13:58:28,Long Valley,East Portal Flow,27.0
2026-08-13 13:58:28,Long Valley,OR Below EP Flow,70.0
2026-08-13 13:58:28,Long Valley,Hot Ck.at Hwy. Flow,8.0
2026-08-13 13:58:28,Long Valley,McGee Ck. Lower Sta. Flow,8.9
2026-08-13 13:58:28,Long Valley,Long Valley Elevation,6772.9
2026-08-13 13:58:28,Long Valley,Long Valley Current Outflow,505.5
2026-08-13 13:58:28,Long Valley,Rock Ck. Div. Flow,0.0
2026-08-13 13:58:28,Long Valley,Upper Gorge Total Release,41.8
2026-08-13 13:58:28,Long Valley,Release at Middle Gorge,0.0
2026-08-13 13:58:28,Northern Owens Valley,Rock Ck. At Owens River (PV) Flow,28.9
2026-08-13 13:58:28,Northern Owens Valley,Pleasant Valley Elevation,4389.9
2026-08-13 13:58:28,Northern Owens Valley,Pleasant Valley Outflow,525.6
2026-08-13 13:58:28,Northern Owens Valley,Baker Ck. At LA Station Flow,8.9
2026-08-13 13:58:28,Northern Owens Valley,Big Pine Ck. USGS Flow,45.1
2026-08-13 13:58:28,Northern Owens Valley,O.R. Below Big Pine,516.1
2026-08-13 13:58:28,Northern Owens Valley,Fish Springs At RR Flow,36.1
2026-08-13 13:58:28,Northern Owens Valley,Tinemaha Reservoir Outflow,504.4
2026-08-13 13:58:28,Northern Owens Valley,Bishop Creek Through Plant 6,103.6
2026-08-13 13:58:28,Northern Owens Valley,Bishop Creek Around Plant 6,8.5
2026-08-13 13:58:28,Southern Owens Valley,Tinemaha Reservoir Outflow,504.4
2026-08-13 13:58:28,Southern Owens Valley,Indep. Ck. At Junction Flow,8.5
2026-08-13 13:58:28,Southern Owens Valley,LAA at Alabama Flow,390.0
2026-08-13 13:58:28,Southern Owens Valley,LAA at Alabama Level,7.7
2026-08-13 13:58:28,Southern Owens Valley,LAA at Alabama Water Temp,71.8
2026-08-13 13:58:28,Southern Owens Valley,Cottonwood Ck. At LAA Flow,3.0
2026-08-13 13:58:28,Southern Owens Valley,LAA at Cottonwood Flow,467.0
2026-08-13 13:58:28,Southern Owens Valley,LAA at Cottonwood Level,9.0
2026-08-13 13:58:28,Southern Owens Valley,LAA at Cotton. Water Temp,72.5
2026-08-13 13:58:28,Southern Owens Valley,N. Haiwee Elevation,3757.0
2026-08-13 13:58:28,Southern Owens Valley,S. Haiwee Reservoir Elevation,3723.2
2026-08-13 13:58:28,Southern Owens Valley,Haiwee LAA #1 Current Flow,0.0
2026-08-13 13:58:28,Southern Owens Valley,Haiwee LAA #2 Current Flow,99.4
2026-08-13 13:58:28,Southern Owens Valley,Reinhackel Flow,2.9
2026-08-13 13:58:28,Southern Owens Valley,Lubkin Spillgate Outflow,0.0
2026-08-13 13:58:28,Southern Owens Valley,Cartago Spillgate Outflow,0.0
2026-08-13 13:58:28,Southern Owens Valley,Lone Pine Creek Flow,13.1
2026-08-13 13:58:28,Lower Owens River Project,LORP Intake Flow,91.0
2026-08-13 13:58:28,Lower Owens River Project,LORP at Mazourka Canyon Road,0.0
2026-08-13 13:58:28,Lower Owens River Project,LORP at Reinhackle Springs,70.0
2026-08-13 13:58:28,Lower Owens River Project,LORP Above Pumpstation,52.0
2026-08-13 13:58:28,Lower Owens River Project,LORP At Pump Station Discharge Flow,49.0
2026-08-13 13:58:28,Southern District,Haiwee LAA #2 Current Flow,99.4
2026-08-13 13:58:28,Southern District,S. Haiwee Reservoir Elevation,3723.2
2026-08-13 13:58:28,Southern District,Haiwee LAA #1 Current Flow,0.0
2026-08-13 13:58:28,Southern District,Fairmont Reservoir Elevation,3024.7
2026-08-13 13:58:28,Southern District,LAA #1 Flow at Fairmont Reservoir,272.1
2026-08-13 13:58:28,Southern District,LAA #2 Flow at Fairmont Res.,98.9
2026-08-13 13:58:28,Southern District,Bouquet Reservoir Elevation,2984.0
2026-08-13 13:58:28,Southern District,Bouquet Reservoir Inflow,0.2
2026-08-13 13:58:28,Southern District,Bouquet Reservoir Outflow,128.6
2026-08-13 13:58:28,Southern District,LAA #1 at Soledad Flow,269.8
2026-08-13 13:58:28,Southern District,LAA #2 at Soledad Flow,196.3
2026-08-13 14:13:28,Mono Basin,Lee Vining Intake Above Flow,42.5
2026-08-13 14:13:28,Mono Basin,Lee Vining Intake Below Flow,30.4
2026-08-13 14:13:28,Mono Basin,Walker Ck. Above Conduit Flow,6.0
2026-08-13 14:13:28,Mono Basin,L.V. Conduit Below Intake Flow,14.3
2026-08-13 14:13:28,Mono Basin,Walker Ck. Under Conduit Flow,6.0
2026-08-13 14:13:28,Mono Basin,Parker Ck. Under Conduit Flow,0.0
2026-08-13 14:13:28,Mono Basin,Parker Ck. Above Conduit Flow,1.0
2026-08-13 14:13:28,Mono Basin,Grant Lk. Spill Flow,0.0
2026-08-13 14:13:28,Mono Basin,Mono Gate 1 Return Ditch Flow,25.8
2026-08-13 14:13:28,Mono Basin,Grant Lk. Outflow,40.0
2026-08-13 14:13:28,Mono Basin,Rush Ck. at Damsite Flow,12.2
2026-08-13 14:13:28,Mono Basin,Flow to West Portal,15.9
2026-08-13 14:13:28,Long Valley,East Portal Flow,27.0
2026-08-13 14:13:28,Long Valley,OR Below EP Flow,70.0
2026-08-13 14:13:28,Long Valley,Hot Ck.at Hwy. Flow,8.0
2026-08-13 14:13:28,Long Valley,McGee Ck. Lower Sta. Flow,8.9
2026-08-13 14:13:28,Long Valley,Long Valley Current Outflow,505.5
2026-08-13 14:13:28,Long Valley,Rock Ck. Div. Flow,0.0
2026-08-13 14:13:28,Long Valley,Upper Gorge Total Release,41.0
2026-08-13 14:13:28,Long Valley,Release at Middle Gorge,0.0
2026-08-13 14:13:28,Northern Owens Valley,Rock Ck. At Owens River (PV) Flow,28.9
2026-08-13 14:13:28,Northern Owens Valley,Pleasant Valley Outflow,512.1
2026-08-13 14:13:28,Northern Owens Valley,Baker Ck. At LA Station Flow,8.9
2026-08-13 14:13:28,Northern Owens Valley,Big Pine Ck. USGS Flow,45.1
2026-08-13 14:13:28,Northern Owens Valley,O.R. Below Big Pine,515.6
2026-08-13 14:13:28,Northern Owens Valley,Fish Springs At RR Flow,36.1
2026-08-13 14:13:28,Northern Owens Valley,Tinemaha Reservoir Outflow,504.4
2026-08-13 14:13:28,Northern Owens Valley,Bishop Creek Through Plant 6,103.6
2026-08-13 14:13:28,Northern Owens Valley,Bishop Creek Around Plant 6,8.5
2026-08-13 14:13:28,Southern Owens Valley,Tinemaha Reservoir Outflow,504.4
2026-08-13 14:13:28,Southern Owens Valley,Indep. Ck. At Junction Flow,8.5
2026-08-13 14:13:28,Southern Owens Valley,LAA at Alabama Flow,390.0
2026-08-13 14:13:28,Southern Owens Valley,Cottonwood Ck. At LAA Flow,3.0
2026-08-13 14:13:28,Southern Owens Valley,LAA at Cottonwood Flow,470.0
2026-08-13 14:13:28,Southern Owens Valley,Haiwee LAA #1 Current Flow,0.0
2026-08-13 14:13:28,Southern Owens Valley,Haiwee LAA #2 Current Flow,99.4
2026-08-13 14:13:28,Southern Owens Valley,Reinhackel Flow,2.9
2026-08-13 14:13:28,Southern Owens Valley,Lubkin Spillgate Outflow,0.0
2026-08-13 14:13:28,Southern Owens Valley,Cartago Spillgate Outflow,0.0
2026-08-13 14:13:28,Southern Owens Valley,Lone Pine Creek Flow,13.0
2026-08-13 14:13:28,Lower Owens River Project,LORP Intake Flow,91.0
2026-08-13 14:13:28,Lower Owens River Project,LORP at Mazourka Canyon Road,0.0
2026-08-13 14:13:28,Lower Owens River Project,LORP at Reinhackle Springs,70.0
2026-08-13 14:13:28,Lower Owens River Project,LORP Above Pumpstation,51.0
2026-08-13 14:13:28,Lower Owens River Project,LORP At Pump Station Discharge Flow,48.0
2026-08-13 14:13:28,Southern District,Haiwee LAA #2 Current Flow,99.4
2026-08-13 14:13:28,Southern District,Haiwee LAA #1 Current Flow,0.0
2026-08-13 14:13:28,Southern District,LAA #1 Flow at Fairmont Reservoir,271.9
2026-08-13 14:13:28,Southern District,LAA #2 Flow at Fairmont Res.,98.9
2026-08-13 14:13:28,Southern District,Bouquet Reservoir Inflow,0.2
2026-08-13 14:13:28,Southern District,Bouquet Reservoir Outflow,133.5
2026-08-13 14:13:28,Southern District,LAA #1 at Soledad Flow,269.8
2026-08-13 14:13:28,Southern District,LAA #2 at Soledad Flow,196.3
2026-08-13 14:13:29,Mono Basin,Mono Lk. Elevation,6382.4
2026-08-13 14:13:29,Mono Basin,Grant Lk. Elevation,7129.7
2026-08-13 14:13:29,Long Valley,Long Valley Elevation,6772.9
2026-08-13 14:13:29,Northern Owens Valley,Pleasant Valley Elevation,4388.8
2026-08-13 14:13:29,Southern Owens Valley,LAA at Alabama Level,7.7
2026-08-13 14:13:29,Southern Owens Valley,LAA at Alabama Water Temp,71.5
2026-08-13 14:13:29,Southern Owens Valley,LAA at Cottonwood Level,9.0
2026-08-13 14:13:29,Southern Owens Valley,LAA at Cotton. Water Temp,72.4
2026-08-13 14:13:29,Southern Owens Valley,N. Haiwee Elevation,3757.0
2026-08-13 14:13:29,Southern Owens Valley,S. Haiwee Reservoir Elevation,3723.2
2026-08-13 14:13:29,Southern District,S. Haiwee Reservoir Elevation,3723.2
2026-08-13 14:13:29,Southern District,Fairmont Reservoir Elevation,3024.7
2026-08-13 14:13:29,Southern District,Bouquet Reservoir Elevation,2984.0
2026-08-13 14:28:28,Northern Owens Valley,Tinemaha Elevation,3861.8
2026-08-13 14:28:28,Southern Owens Valley,Tinemaha Elevation,3861.8
2026-08-13 14:28:28,Mono Basin,Lee Vining Intake Above Flow,42.5
2026-08-13 14:28:28,Mono Basin,Lee Vining Intake Below Flow,30.4
2026-08-13 14:28:28,Mono Basin,Mono Lk. Elevation,6382.4
2026-08-13 14:28:28,Mono Basin,Walker Ck. Above Conduit Flow,6.0
2026-08-13 14:28:28,Mono Basin,L.V. Conduit Below Intake Flow,14.3
2026-08-13 14:28:28,Mono Basin,Walker Ck. Under Conduit Flow,6.0
2026-08-13 14:28:28,Mono Basin,Parker Ck. Under Conduit Flow,0.0
2026-08-13 14:28:28,Mono Basin,Parker Ck. Above Conduit Flow,1.0
2026-08-13 14:28:28,Mono Basin,Grant Lk. Spill Flow,0.0
2026-08-13 14:28:28,Mono Basin,Mono Gate 1 Return Ditch Flow,25.9
2026-08-13 14:28:28,Mono Basin,Grant Lk. Elevation,7129.7
2026-08-13 14:28:28,Mono Basin,Grant Lk. Outflow,39.9
2026-08-13 14:28:28,Mono Basin,Rush Ck. at Damsite Flow,12.2
2026-08-13 14:28:28,Mono Basin,Flow to West Portal,15.9
2026-08-13 14:28:28,Long Valley,East Portal Flow,27.0
2026-08-13 14:28:28,Long Valley,OR Below EP Flow,70.0
2026-08-13 14:28:28,Long Valley,Hot Ck.at Hwy. Flow,8.0
2026-08-13 14:28:28,Long Valley,McGee Ck. Lower Sta. Flow,8.9
2026-08-13 14:28:28,Long Valley,Long Valley Elevation,6772.9
2026-08-13 14:28:28,Long Valley,Long Valley Current Outflow,519.6
2026-08-13 14:28:28,Long Valley,Rock Ck. Div. Flow,0.0
2026-08-13 14:28:28,Long Valley,Upper Gorge Total Release,40.3
2026-08-13 14:28:28,Long Valley,Release at Middle Gorge,0.0
2026-08-13 14:28:28,Northern Owens Valley,Rock Ck. At Owens River (PV) Flow,28.9
2026-08-13 14:28:28,Northern Owens Valley,Pleasant Valley Elevation,4391.1
2026-08-13 14:28:28,Northern Owens Valley,Pleasant Valley Outflow,512.6
2026-08-13 14:28:28,Northern Owens Valley,Baker Ck. At LA Station Flow,8.9
2026-08-13 14:28:28,Northern Owens Valley,Big Pine Ck. USGS Flow,45.1
2026-08-13 14:28:28,Northern Owens Valley,O.R. Below Big Pine,515.6
2026-08-13 14:28:28,Northern Owens Valley,Fish Springs At RR Flow,36.1
2026-08-13 14:28:28,Northern Owens Valley,Tinemaha Reservoir Outflow,505.3
2026-08-13 14:28:28,Northern Owens Valley,Bishop Creek Through Plant 6,103.6
2026-08-13 14:28:28,Northern Owens Valley,Bishop Creek Around Plant 6,8.5
2026-08-13 14:28:28,Southern Owens Valley,Tinemaha Reservoir Outflow,505.3
2026-08-13 14:28:28,Southern Owens Valley,Indep. Ck. At Junction Flow,8.5
2026-08-13 14:28:28,Southern Owens Valley,LAA at Alabama Flow,390.0
2026-08-13 14:28:28,Southern Owens Valley,LAA at Alabama Level,7.7
2026-08-13 14:28:28,Southern Owens Valley,LAA at Alabama Water Temp,71.5
2026-08-13 14:28:28,Southern Owens Valley,Cottonwood Ck. At LAA Flow,3.0
2026-08-13 14:28:28,Southern Owens Valley,LAA at Cottonwood Flow,470.0
2026-08-13 14:28:28,Southern Owens Valley,LAA at Cottonwood Level,9.0
2026-08-13 14:28:28,Southern Owens Valley,LAA at Cotton. Water Temp,72.4
2026-08-13 14:28:28,Southern Owens Valley,N. Haiwee Elevation,3757.0
2026-08-13 14:28:28,Southern Owens Valley,S. Haiwee Reservoir Elevation,3723.2
2026-08-13 14:28:28,Southern Owens Valley,Haiwee LAA #1 Current Flow,0.0
2026-08-13 14:28:28,Southern Owens Valley,Haiwee LAA #2 Current Flow,99.4
2026-08-13 14:28:28,Southern Owens Valley,Reinhackel Flow,2.9
2026-08-13 14:28:28,Southern Owens Valley,Lubkin Spillgate Outflow,0.0
2026-08-13 14:28:28,Southern Owens Valley,Cartago Spillgate Outflow,0.0
2026-08-13 14:28:28,Southern Owens Valley,Lone Pine Creek Flow,13.0
2026-08-13 14:28:28,Lower Owens River Project,LORP Intake Flow,91.0
2026-08-13 14:28:28,Lower Owens River Project,LORP at Mazourka Canyon Road,0.0
2026-08-13 14:28:28,Lower Owens River Project,LORP at Reinhackle Springs,70.0
2026-08-13 14:28:28,Lower Owens River Project,LORP Above Pumpstation,51.0
2026-08-13 14:28:28,Lower Owens River Project,LORP At Pump Station Discharge Flow,48.0
2026-08-13 14:28:28,Southern District,Haiwee LAA #2 Current Flow,99.4
2026-08-13 14:28:28,Southern District,S. Haiwee Reservoir Elevation,3723.2
2026-08-13 14:28:28,Southern District,Haiwee LAA #1 Current Flow,0.0
2026-08-13 14:28:28,Southern District,Fairmont Reservoir Elevation,3024.8
2026-08-13 14:28:28,Southern District,LAA #1 Flow at Fairmont Reservoir,271.0
2026-08-13 14:28:28,Southern District,LAA #2 Flow at Fairmont Res.,98.9
2026-08-13 14:28:28,Southern District,Bouquet Reservoir Elevation,2984.0
2026-08-13 14:28:28,Southern District,Bouquet Reservoir Inflow,0.2
2026-08-13 14:28:28,Southern District,Bouquet Reservoir Outflow,128.4
2026-08-13 14:28:28,Southern District,LAA #1 at Soledad Flow,269.8
2026-08-13 14:28:28,Southern District,LAA #2 at Soledad Flow,196.3
2026-08-13 14:43:29,Mono Basin,Lee Vining Intake Above Flow,43.6
2026-08-13 14:43:29,Mono Basin,Lee Vining Intake Below Flow,30.9
2026-08-13 14:43:29,Mono Basin,Walker Ck. Above Conduit Flow,6.0
2026-08-13 14:43:29,Mono Basin,L.V. Conduit Below Intake Flow,15.4
2026-08-13 14:43:29,Mono Basin,Walker Ck. Under Conduit Flow,6.0
2026-08-13 14:43:29,Mono Basin,Parker Ck. Under Conduit Flow,0.0
2026-08-13 14:43:29,Mono Basin,Parker Ck. Above Conduit Flow,1.0
2026-08-13 14:43:29,Mono Basin,Grant Lk. Spill Flow,0.0
2026-08-13 14:43:29,Mono Basin,Mono Gate 1 Return Ditch Flow,25.9
2026-08-13 14:43:29,Mono Basin,Grant Lk. Outflow,39.9
2026-08-13 14:43:29,Mono Basin,Rush Ck. at Damsite Flow,12.2
2026-08-13 14:43:29,Mono Basin,Flow to West Portal,15.9
2026-08-13 14:43:29,Long Valley,East Portal Flow,27.0
2026-08-13 14:43:29,Long Valley,OR Below EP Flow,70.0
2026-08-13 14:43:29,Long Valley,Hot Ck.at Hwy. Flow,8.0
2026-08-13 14:43:29,Long Valley,McGee Ck. Lower Sta. Flow,8.9
2026-08-13 14:43:29,Long Valley,Long Valley Current Outflow,519.6
2026-08-13 14:43:29,Long Valley,Rock Ck. Div. Flow,0.0
2026-08-13 14:43:29,Long Valley,Upper Gorge Total Release,39.9
2026-08-13 14:43:29,Long Valley,Release at Middle Gorge,0.0
2026-08-13 14:43:29,Northern Owens Valley,Rock Ck. At Owens River (PV) Flow,28.9
2026-08-13 14:43:29,Northern Owens Valley,Pleasant Valley Outflow,498.9
2026-08-13 14:43:29,Northern Owens Valley,Baker Ck. At LA Station Flow,8.9
2026-08-13 14:43:29,Northern Owens Valley,Big Pine Ck. USGS Flow,45.1
2026-08-13 14:43:29,Northern Owens Valley,O.R. Below Big Pine,515.4
2026-08-13 14:43:29,Northern Owens Valley,Fish Springs At RR Flow,36.1
2026-08-13 14:43:29,Northern Owens Valley,Tinemaha Reservoir Outflow,505.3
2026-08-13 14:43:29,Northern Owens Valley,Bishop Creek Through Plant 6,103.6
2026-08-13 14:43:29,Northern Owens Valley,Bishop Creek Around Plant 6,8.5
2026-08-13 14:43:29,Southern Owens Valley,Tinemaha Reservoir Outflow,505.3
2026-08-13 14:43:29,Southern Owens Valley,Indep. Ck. At Junction Flow,8.5
2026-08-13 14:43:29,Southern Owens Valley,LAA at Alabama Flow,390.0
2026-08-13 14:43:29,Southern Owens Valley,Cottonwood Ck. At LAA Flow,3.0
2026-08-13 14:43:29,Southern Owens Valley,LAA at Cottonwood Flow,472.0
2026-08-13 14:43:29,Southern Owens Valley,Haiwee LAA #1 Current Flow,0.0
2026-08-13 14:43:29,Southern Owens Valley,Haiwee LAA #2 Current Flow,99.4
2026-08-13 14:43:29,Southern Owens Valley,Reinhackel Flow,2.9
2026-08-13 14:43:29,Southern Owens Valley,Lubkin Spillgate Outflow,0.0
2026-08-13 14:43:29,Southern Owens Valley,Cartago Spillgate Outflow,0.0
2026-08-13 14:43:29,Southern Owens Valley,Lone Pine Creek Flow,13.1
2026-08-13 14:43:29,Lower Owens River Project,LORP Intake Flow,80.0
2026-08-13 14:43:29,Lower Owens River Project,LORP at Mazourka Canyon Road,0.0
2026-08-13 14:43:29,Lower Owens River Project,LORP at Reinhackle Springs,70.0
2026-08-13 14:43:29,Lower Owens River Project,LORP Above Pumpstation,51.0
2026-08-13 14:43:29,Lower Owens River Project,LORP At Pump Station Discharge Flow,48.0
2026-08-13 14:43:29,Southern District,Haiwee LAA #2 Current Flow,99.4
2026-08-13 14:43:29,Southern District,Haiwee LAA #1 Current Flow,0.0
2026-08-13 14:43:29,Southern District,LAA #1 Flow at Fairmont Reservoir,267.1
2026-08-13 14:43:29,Southern District,LAA #2 Flow at Fairmont Res.,99.0
2026-08-13 14:43:29,Southern District,Bouquet Reservoir Inflow,0.2
2026-08-13 14:43:29,Southern District,Bouquet Reservoir Outflow,133.6
2026-08-13 14:43:29,Southern District,LAA #1 at Soledad Flow,269.8
2026-08-13 14:43:29,Southern District,LAA #2 at Soledad Flow,196.3
2026-08-13 14:43:30,Mono Basin,Mono Lk. Elevation,6382.4
2026-08-13 14:43:30,Mono Basin,Grant Lk. Elevation,7129.7
2026-08-13 14:43:30,Long Valley,Long Valley Elevation,6772.9
2026-08-13 14:43:30,Northern Owens Valley,Pleasant Valley Elevation,4390.1
2026-08-13 14:43:30,Southern Owens Valley,LAA at Alabama Level,7.7
2026-08-13 14:43:30,Southern Owens Valley,LAA at Alabama Water Temp,71.5
2026-08-13 14:43:30,Southern Owens Valley,LAA at Cottonwood Level,9.0
2026-08-13 14:43:30,Southern Owens Valley,LAA at Cotton. Water Temp,72.2
2026-08-13 14:43:30,Southern Owens Valley,N. Haiwee Elevation,3757.0
2026-08-13 14:43:30,Southern Owens Valley,S. Haiwee Reservoir Elevation,3723.1
2026-08-13 14:43:30,Southern District,S. Haiwee Reservoir Elevation,3723.1
2026-08-13 14:43:30,Southern District,Fairmont Reservoir Elevation,3024.8
2026-08-13 14:43:30,Southern District,Bouquet Reservoir Elevation,2984.0
2026-08-13 14:58:28,Mono Basin,Lee Vining Intake Above Flow,43.6
2026-08-13 14:58:28,Mono Basin,Lee Vining Intake Below Flow,30.9
2026-08-13 14:58:28,Mono Basin,Walker Ck. Above Conduit Flow,6.0
2026-08-13 14:58:28,Mono Basin,L.V. Conduit Below Intake Flow,15.4
2026-08-13 14:58:28,Mono Basin,Walker Ck. Under Conduit Flow,6.0
2026-08-13 14:58:28,Mono Basin,Parker Ck. Under Conduit Flow,0.0
2026-08-13 14:58:28,Mono Basin,Parker Ck. Above Conduit Flow,1.0
2026-08-13 14:58:28,Mono Basin,Grant Lk. Spill Flow,0.0
2026-08-13 14:58:28,Mono Basin,Mono Gate 1 Return Ditch Flow,25.9
2026-08-13 14:58:28,Mono Basin,Grant Lk. Outflow,39.9
2026-08-13 14:58:28,Mono Basin,Rush Ck. at Damsite Flow,12.2
2026-08-13 14:58:28,Mono Basin,Flow to West Portal,15.9
2026-08-13 14:58:28,Long Valley,East Portal Flow,27.0
2026-08-13 14:58:28,Long Valley,OR Below EP Flow,70.0
2026-08-13 14:58:28,Long Valley,Hot Ck.at Hwy. Flow,8.0
2026-08-13 14:58:28,Long Valley,McGee Ck. Lower Sta. Flow,8.9
2026-08-13 14:58:28,Long Valley,Long Valley Current Outflow,519.6
2026-08-13 14:58:28,Long Valley,Rock Ck. Div. Flow,0.0
2026-08-13 14:58:28,Long Valley,Upper Gorge Total Release,40.2
2026-08-13 14:58:28,Long Valley,Release at Middle Gorge,0.0
2026-08-13 14:58:28,Northern Owens Valley,Rock Ck. At Owens River (PV) Flow,28.9
2026-08-13 14:58:28,Northern Owens Valley,Pleasant Valley Outflow,498.6
2026-08-13 14:58:28,Northern Owens Valley,Baker Ck. At LA Station Flow,8.6
2026-08-13 14:58:28,Northern Owens Valley,Big Pine Ck. USGS Flow,45.1
2026-08-13 14:58:28,Northern Owens Valley,O.R. Below Big Pine,512.4
2026-08-13 14:58:28,Northern Owens Valley,Fish Springs At RR Flow,36.1
2026-08-13 14:58:28,Northern Owens Valley,Tinemaha Reservoir Outflow,503.6
2026-08-13 14:58:28,Northern Owens Valley,Bishop Creek Through Plant 6,104.0
2026-08-13 14:58:28,Northern Owens Valley,Bishop Creek Around Plant 6,8.1
2026-08-13 14:58:28,Southern Owens Valley,Tinemaha Reservoir Outflow,503.6
2026-08-13 14:58:28,Southern Owens Valley,Indep. Ck. At Junction Flow,8.5
2026-08-13 14:58:28,Southern Owens Valley,LAA at Alabama Flow,390.0
2026-08-13 14:58:28,Southern Owens Valley,Cottonwood Ck. At LAA Flow,3.0
2026-08-13 14:58:28,Southern Owens Valley,LAA at Cottonwood Flow,472.0
2026-08-13 14:58:28,Southern Owens Valley,Haiwee LAA #1 Current Flow,0.0
2026-08-13 14:58:28,Southern Owens Valley,Haiwee LAA #2 Current Flow,99.4
2026-08-13 14:58:28,Southern Owens Valley,Reinhackel Flow,2.9
2026-08-13 14:58:28,Southern Owens Valley,Lubkin Spillgate Outflow,0.0
2026-08-13 14:58:28,Southern Owens Valley,Cartago Spillgate Outflow,0.0
2026-08-13 14:58:28,Southern Owens Valley,Lone Pine Creek Flow,13.1
2026-08-13 14:58:28,Lower Owens River Project,LORP Intake Flow,80.0
2026-08-13 14:58:28,Lower Owens River Project,LORP at Mazourka Canyon Road,0.0
2026-08-13 14:58:28,Lower Owens River Project,LORP at Reinhackle Springs,70.0
2026-08-13 14:58:28,Lower Owens River Project,LORP Above Pumpstation,51.0
2026-08-13 14:58:28,Lower Owens River Project,LORP At Pump Station Discharge Flow,48.0
2026-08-13 14:58:28,Southern District,Haiwee LAA #2 Current Flow,99.4
2026-08-13 14:58:28,Southern District,Haiwee LAA #1 Current Flow,0.0
2026-08-13 14:58:28,Southern District,LAA #1 Flow at Fairmont Reservoir,267.4
2026-08-13 14:58:28,Southern District,LAA #2 Flow at Fairmont Res.,98.8
2026-08-13 14:58:28,Southern District,Bouquet Reservoir Inflow,0.2
2026-08-13 14:58:28,Southern District,Bouquet Reservoir Outflow,133.6
2026-08-13 14:58:28,Southern District,LAA #1 at Soledad Flow,269.8
2026-08-13 14:58:28,Southern District,LAA #2 at Soledad Flow,196.3
2026-08-13 14:58:29,Northern Owens Valley,Tinemaha Elevation,3861.8
2026-08-13 14:58:29,Southern Owens Valley,Tinemaha Elevation,3861.8
2026-08-13 14:58:29,Mono Basin,Mono Lk. Elevation,6382.4
2026-08-13 14:58:29,Mono Basin,Grant Lk. Elevation,7129.7
2026-08-13 14:58:29,Long Valley,Long Valley Elevation,6772.9
2026-08-13 14:58:29,Northern Owens Valley,Pleasant Valley Elevation,4392.4
2026-08-13 14:58:29,Southern Owens Valley,LAA at Alabama Level,7.7
2026-08-13 14:58:29,Southern Owens Valley,LAA at Alabama Water Temp,71.5
2026-08-13 14:58:29,Southern Owens Valley,LAA at Cottonwood Level,9.0
2026-08-13 14:58:29,Southern Owens Valley,LAA at Cotton. Water Temp,72.2
2026-08-13 14:58:29,Southern Owens Valley,N. Haiwee Elevation,3757.0
2026-08-13 14:58:29,Southern Owens Valley,S. Haiwee Reservoir Elevation,3723.1
2026-08-13 14:58:29,Southern District,S. Haiwee Reservoir Elevation,3723.1
2026-08-13 14:58:29,Southern District,Fairmont Reservoir Elevation,3024.8
2026-08-13 14:58:29,Southern District,Bouquet Reservoir Elevation,2984.0
2026-08-13 15:28:29,Northern Owens Valley,Tinemaha Elevation,3861.8
2026-08-13 15:28:29,Southern Owens Valley,Tinemaha Elevation,3861.8
2026-08-13 15:43:29,Mono Basin,Lee Vining Intake Above Flow,48.7
2026-08-13 15:43:29,Mono Basin,Lee Vining Intake Below Flow,30.8
2026-08-13 15:43:29,Mono Basin,Walker Ck. Above Conduit Flow,0.0
2026-08-13 15:43:29,Mono Basin,L.V. Conduit Below Intake Flow,17.4
2026-08-13 15:43:29,Mono Basin,Walker Ck. Under Conduit Flow,6.0
2026-08-13 15:43:29,Mono Basin,Parker Ck. Under Conduit Flow,0.0
2026-08-13 15:43:29,Mono Basin,Parker Ck. Above Conduit Flow,2.0
2026-08-13 15:43:29,Mono Basin,Grant Lk. Spill Flow,0.0
2026-08-13 15:43:29,Mono Basin,Mono Gate 1 Return Ditch Flow,25.9
2026-08-13 15:43:29,Mono Basin,Grant Lk. Outflow,39.8
2026-08-13 15:43:29,Mono Basin,Rush Ck. at Damsite Flow,11.6
2026-08-13 15:43:29,Mono Basin,Flow to West Portal,15.7
2026-08-13 15:43:29,Long Valley,East Portal Flow,27.0
2026-08-13 15:43:29,Long Valley,OR Below EP Flow,70.0
2026-08-13 15:43:29,Long Valley,Hot Ck.at Hwy. Flow,8.0
2026-08-13 15:43:29,Long Valley,McGee Ck. Lower Sta. Flow,9.1
2026-08-13 15:43:29,Long Valley,Long Valley Current Outflow,551.4
2026-08-13 15:43:29,Long Valley,Rock Ck. Div. Flow,0.0
2026-08-13 15:43:29,Long Valley,Upper Gorge Total Release,39.2
2026-08-13 15:43:29,Long Valley,Release at Middle Gorge,0.0
2026-08-13 15:43:29,Northern Owens Valley,Rock Ck. At Owens River (PV) Flow,28.9
2026-08-13 15:43:29,Northern Owens Valley,Pleasant Valley Outflow,499.6
2026-08-13 15:43:29,Northern Owens Valley,Baker Ck. At LA Station Flow,8.6
2026-08-13 15:43:29,Northern Owens Valley,Big Pine Ck. USGS Flow,45.5
2026-08-13 15:43:29,Northern Owens Valley,O.R. Below Big Pine,516.1
2026-08-13 15:43:29,Northern Owens Valley,Fish Springs At RR Flow,36.1
2026-08-13 15:43:29,Northern Owens Valley,Tinemaha Reservoir Outflow,504.4
2026-08-13 15:43:29,Northern Owens Valley,Bishop Creek Through Plant 6,104.2
2026-08-13 15:43:29,Northern Owens Valley,Bishop Creek Around Plant 6,7.9
2026-08-13 15:43:29,Southern Owens Valley,Tinemaha Reservoir Outflow,504.4
2026-08-13 15:43:29,Southern Owens Valley,Indep. Ck. At Junction Flow,8.5
2026-08-13 15:43:29,Southern Owens Valley,LAA at Alabama Flow,393.0
2026-08-13 15:43:29,Southern Owens Valley,Cottonwood Ck. At LAA Flow,5.0
2026-08-13 15:43:29,Southern Owens Valley,LAA at Cottonwood Flow,475.0
2026-08-13 15:43:29,Southern Owens Valley,Haiwee LAA #1 Current Flow,0.0
2026-08-13 15:43:29,Southern Owens Valley,Haiwee LAA #2 Current Flow,99.4
2026-08-13 15:43:29,Southern Owens Valley,Reinhackel Flow,2.9
2026-08-13 15:43:29,Southern Owens Valley,Lubkin Spillgate Outflow,0.0
2026-08-13 15:43:29,Southern Owens Valley,Cartago Spillgate Outflow,0.0
2026-08-13 15:43:29,Southern Owens Valley,Lone Pine Creek Flow,13.7
2026-08-13 15:43:29,Lower Owens River Project,LORP Intake Flow,80.0
2026-08-13 15:43:29,Lower Owens River Project,LORP at Mazourka Canyon Road,0.0
2026-08-13 15:43:29,Lower Owens River Project,LORP at Reinhackle Springs,70.0
2026-08-13 15:43:29,Lower Owens River Project,LORP Above Pumpstation,51.0
2026-08-13 15:43:29,Lower Owens River Project,LORP At Pump Station Discharge Flow,48.0
2026-08-13 15:43:29,Southern District,Haiwee LAA #2 Current Flow,99.4
2026-08-13 15:43:29,Southern District,Haiwee LAA #1 Current Flow,0.0
2026-08-13 15:43:29,Southern District,LAA #1 Flow at Fairmont Reservoir,264.0
2026-08-13 15:43:29,Southern District,LAA #2 Flow at Fairmont Res.,98.9
2026-08-13 15:43:29,Southern District,Bouquet Reservoir Inflow,0.2
2026-08-13 15:43:29,Southern District,Bouquet Reservoir Outflow,133.7
2026-08-13 15:43:29,Southern District,LAA #1 at Soledad Flow,269.8
2026-08-13 15:43:29,Southern District,LAA #2 at Soledad Flow,196.3
2026-08-13 15:43:30,Mono Basin,Mono Lk. Elevation,6382.4
2026-08-13 15:43:30,Mono Basin,Grant Lk. Elevation,7129.7
2026-08-13 15:43:30,Long Valley,Long Valley Elevation,6772.9
2026-08-13 15:43:30,Northern Owens Valley,Pleasant Valley Elevation,4388.8
2026-08-13 15:43:30,Southern Owens Valley,LAA at Alabama Level,7.7
2026-08-13 15:43:30,Southern Owens Valley,LAA at Alabama Water Temp,71.2
2026-08-13 15:43:30,Southern Owens Valley,LAA at Cottonwood Level,9.1
2026-08-13 15:43:30,Southern Owens Valley,LAA at Cotton. Water Temp,72.0
2026-08-13 15:43:30,Southern Owens Valley,N. Haiwee Elevation,3757.0
2026-08-13 15:43:30,Southern Owens Valley,S. Haiwee Reservoir Elevation,3723.2
2026-08-13 15:43:30,Southern District,S. Haiwee Reservoir Elevation,3723.2
2026-08-13 15:43:30,Southern District,Fairmont Reservoir Elevation,3024.8
2026-08-13 15:43:30,Southern District,Bouquet Reservoir Elevation,2983.9
2026-08-13 15:58:28,Northern Owens Valley,Tinemaha Elevation,3861.8
2026-08-13 15:58:28,Southern Owens Valley,Tinemaha Elevation,3861.8
2026-08-13 16:28:28,Northern Owens Valley,Tinemaha Elevation,3861.8
2026-08-13 16:28:28,Southern Owens Valley,Tinemaha Elevation,3861.8
2026-08-13 16:43:29,Mono Basin,Lee Vining Intake Above Flow,61.1
2026-08-13 16:43:29,Mono Basin,Lee Vining Intake Below Flow,32.8
2026-08-13 16:43:29,Mono Basin,Walker Ck. Above Conduit Flow,0.0
2026-08-13 16:43:29,Mono Basin,L.V. Conduit Below Intake Flow,25.2
2026-08-13 16:43:29,Mono Basin,Walker Ck. Under Conduit Flow,6.0
2026-08-13 16:43:29,Mono Basin,Parker Ck. Under Conduit Flow,0.0
2026-08-13 16:43:29,Mono Basin,Parker Ck. Above Conduit Flow,2.0
2026-08-13 16:43:29,Mono Basin,Grant Lk. Spill Flow,0.0
2026-08-13 16:43:29,Mono Basin,Mono Gate 1 Return Ditch Flow,25.9
2026-08-13 16:43:29,Mono Basin,Grant Lk. Outflow,39.5
2026-08-13 16:43:29,Mono Basin,Rush Ck. at Damsite Flow,11.6
2026-08-13 16:43:29,Mono Basin,Flow to West Portal,15.7
2026-08-13 16:43:29,Long Valley,East Portal Flow,27.0
2026-08-13 16:43:29,Long Valley,OR Below EP Flow,70.0
2026-08-13 16:43:29,Long Valley,Hot Ck.at Hwy. Flow,7.0
2026-08-13 16:43:29,Long Valley,McGee Ck. Lower Sta. Flow,9.1
2026-08-13 16:43:29,Long Valley,Long Valley Current Outflow,584.6
2026-08-13 16:43:29,Long Valley,Rock Ck. Div. Flow,0.0
2026-08-13 16:43:29,Long Valley,Upper Gorge Total Release,39.9
2026-08-13 16:43:29,Long Valley,Release at Middle Gorge,0.0
2026-08-13 16:43:29,Northern Owens Valley,Rock Ck. At Owens River (PV) Flow,29.1
2026-08-13 16:43:29,Northern Owens Valley,Pleasant Valley Outflow,500.3
2026-08-13 16:43:29,Northern Owens Valley,Baker Ck. At LA Station Flow,8.6
2026-08-13 16:43:29,Northern Owens Valley,Big Pine Ck. USGS Flow,45.5
2026-08-13 16:43:29,Northern Owens Valley,O.R. Below Big Pine,516.5
2026-08-13 16:43:29,Northern Owens Valley,Fish Springs At RR Flow,36.1
2026-08-13 16:43:29,Northern Owens Valley,Tinemaha Reservoir Outflow,504.4
2026-08-13 16:43:29,Northern Owens Valley,Bishop Creek Through Plant 6,103.3
2026-08-13 16:43:29,Northern Owens Valley,Bishop Creek Around Plant 6,7.8
2026-08-13 16:43:29,Southern Owens Valley,Tinemaha Reservoir Outflow,504.4
2026-08-13 16:43:29,Southern Owens Valley,Indep. Ck. At Junction Flow,8.5
2026-08-13 16:43:29,Southern Owens Valley,LAA at Alabama Flow,393.0
2026-08-13 16:43:29,Southern Owens Valley,Cottonwood Ck. At LAA Flow,40.0
2026-08-13 16:43:29,Southern Owens Valley,LAA at Cottonwood Flow,490.0
2026-08-13 16:43:29,Southern Owens Valley,Haiwee LAA #1 Current Flow,0.0
2026-08-13 16:43:29,Southern Owens Valley,Haiwee LAA #2 Current Flow,99.4
2026-08-13 16:43:29,Southern Owens Valley,Reinhackel Flow,2.9
2026-08-13 16:43:29,Southern Owens Valley,Lubkin Spillgate Outflow,0.0
2026-08-13 16:43:29,Southern Owens Valley,Cartago Spillgate Outflow,0.0
2026-08-13 16:43:29,Southern Owens Valley,Lone Pine Creek Flow,13.6
2026-08-13 16:43:29,Lower Owens River Project,LORP Intake Flow,80.0
2026-08-13 16:43:29,Lower Owens River Project,LORP at Mazourka Canyon Road,0.0
2026-08-13 16:43:29,Lower Owens River Project,LORP at Reinhackle Springs,71.0
2026-08-13 16:43:29,Lower Owens River Project,LORP Above Pumpstation,52.0
2026-08-13 16:43:29,Lower Owens River Project,LORP At Pump Station Discharge Flow,49.0
2026-08-13 16:43:29,Southern District,Haiwee LAA #2 Current Flow,99.4
2026-08-13 16:43:29,Southern District,Haiwee LAA #1 Current Flow,0.0
2026-08-13 16:43:29,Southern District,LAA #1 Flow at Fairmont Reservoir,259.5
2026-08-13 16:43:29,Southern District,LAA #2 Flow at Fairmont Res.,98.7
2026-08-13 16:43:29,Southern District,Bouquet Reservoir Inflow,0.2
2026-08-13 16:43:29,Southern District,Bouquet Reservoir Outflow,128.4
2026-08-13 16:43:29,Southern District,LAA #1 at Soledad Flow,269.8
2026-08-13 16:43:29,Southern District,LAA #2 at Soledad Flow,196.3
2026-08-13 16:43:30,Mono Basin,Mono Lk. Elevation,6382.4
2026-08-13 16:43:30,Mono Basin,Grant Lk. Elevation,7129.7
2026-08-13 16:43:30,Long Valley,Long Valley Elevation,6772.9
2026-08-13 16:43:30,Northern Owens Valley,Pleasant Valley Elevation,4388.9
2026-08-13 16:43:30,Southern Owens Valley,LAA at Alabama Level,7.7
2026-08-13 16:43:30,Southern Owens Valley,LAA at Alabama Water Temp,71.7
2026-08-13 16:43:30,Southern Owens Valley,LAA at Cottonwood Level,9.2
2026-08-13 16:43:30,Southern Owens Valley,LAA at Cotton. Water Temp,71.2
2026-08-13 16:43:30,Southern Owens Valley,N. Haiwee Elevation,3757.0
2026-08-13 16:43:30,Southern Owens Valley,S. Haiwee Reservoir Elevation,3723.2
2026-08-13 16:43:30,Southern District,S. Haiwee Reservoir Elevation,3723.2
2026-08-13 16:43:30,Southern District,Fairmont Reservoir Elevation,3024.9
2026-08-13 16:43:30,Southern District,Bouquet Reservoir Elevation,2983.9
2026-08-13 16:58:28,Northern Owens Valley,Tinemaha Elevation,3861.8
2026-08-13 16:58:28,Southern Owens Valley,Tinemaha Elevation,3861.8
2026-08-13 17:28:28,Northern Owens Valley,Tinemaha Elevation,3861.8
2026-08-13 17:28:28,Southern Owens Valley,Tinemaha Elevation,3861.8
2026-08-13 17:43:29,Mono Basin,Lee Vining Intake Above Flow,62.5
2026-08-13 17:43:29,Mono Basin,Lee Vining Intake Below Flow,34.2
2026-08-13 17:43:29,Mono Basin,Walker Ck. Above Conduit Flow,0.0
2026-08-13 17:43:29,Mono Basin,L.V. Conduit Below Intake Flow,27.0
2026-08-13 17:43:29,Mono Basin,Walker Ck. Under Conduit Flow,6.0
2026-08-13 17:43:29,Mono Basin,Parker Ck. Under Conduit Flow,0.0
2026-08-13 17:43:29,Mono Basin,Parker Ck. Above Conduit Flow,2.0
2026-08-13 17:43:29,Mono Basin,Grant Lk. Spill Flow,0.0
2026-08-13 17:43:29,Mono Basin,Mono Gate 1 Return Ditch Flow,26.0
2026-08-13 17:43:29,Mono Basin,Grant Lk. Outflow,39.8
2026-08-13 17:43:29,Mono Basin,Rush Ck. at Damsite Flow,11.6
2026-08-13 17:43:29,Mono Basin,Flow to West Portal,15.7
2026-08-13 17:43:29,Long Valley,East Portal Flow,27.0
2026-08-13 17:43:29,Long Valley,OR Below EP Flow,71.0
2026-08-13 17:43:29,Long Valley,Hot Ck.at Hwy. Flow,7.0
2026-08-13 17:43:29,Long Valley,McGee Ck. Lower Sta. Flow,9.1
2026-08-13 17:43:29,Long Valley,Long Valley Current Outflow,589.2
2026-08-13 17:43:29,Long Valley,Rock Ck. Div. Flow,0.0
2026-08-13 17:43:29,Long Valley,Upper Gorge Total Release,41.4
2026-08-13 17:43:29,Long Valley,Release at Middle Gorge,0.0
2026-08-13 17:43:29,Northern Owens Valley,Rock Ck. At Owens River (PV) Flow,29.5
2026-08-13 17:43:29,Northern Owens Valley,Pleasant Valley Outflow,500.4
2026-08-13 17:43:29,Northern Owens Valley,Baker Ck. At LA Station Flow,8.6
2026-08-13 17:43:29,Northern Owens Valley,Big Pine Ck. USGS Flow,45.5
2026-08-13 17:43:29,Northern Owens Valley,O.R. Below Big Pine,516.6
2026-08-13 17:43:29,Northern Owens Valley,Fish Springs At RR Flow,36.1
2026-08-13 17:43:29,Northern Owens Valley,Tinemaha Reservoir Outflow,503.6
2026-08-13 17:43:29,Northern Owens Valley,Bishop Creek Through Plant 6,109.2
2026-08-13 17:43:29,Northern Owens Valley,Bishop Creek Around Plant 6,7.7
2026-08-13 17:43:29,Southern Owens Valley,Tinemaha Reservoir Outflow,503.6
2026-08-13 17:43:29,Southern Owens Valley,Indep. Ck. At Junction Flow,8.5
2026-08-13 17:43:29,Southern Owens Valley,LAA at Alabama Flow,394.0
2026-08-13 17:43:29,Southern Owens Valley,Cottonwood Ck. At LAA Flow,24.0
2026-08-13 17:43:29,Southern Owens Valley,LAA at Cottonwood Flow,496.0
2026-08-13 17:43:29,Southern Owens Valley,Haiwee LAA #1 Current Flow,0.0
2026-08-13 17:43:29,Southern Owens Valley,Haiwee LAA #2 Current Flow,99.4
2026-08-13 17:43:29,Southern Owens Valley,Reinhackel Flow,2.9
2026-08-13 17:43:29,Southern Owens Valley,Lubkin Spillgate Outflow,0.0
2026-08-13 17:43:29,Southern Owens Valley,Cartago Spillgate Outflow,0.0
2026-08-13 17:43:29,Southern Owens Valley,Lone Pine Creek Flow,13.6
2026-08-13 17:43:29,Lower Owens River Project,LORP Intake Flow,80.0
2026-08-13 17:43:29,Lower Owens River Project,LORP at Mazourka Canyon Road,0.0
2026-08-13 17:43:29,Lower Owens River Project,LORP at Reinhackle Springs,69.0
2026-08-13 17:43:29,Lower Owens River Project,LORP Above Pumpstation,51.0
2026-08-13 17:43:29,Lower Owens River Project,LORP At Pump Station Discharge Flow,48.0
2026-08-13 17:43:29,Southern District,Haiwee LAA #2 Current Flow,99.4
2026-08-13 17:43:29,Southern District,Haiwee LAA #1 Current Flow,0.0
2026-08-13 17:43:29,Southern District,LAA #1 Flow at Fairmont Reservoir,257.6
2026-08-13 17:43:29,Southern District,LAA #2 Flow at Fairmont Res.,98.8
2026-08-13 17:43:29,Southern District,Bouquet Reservoir Inflow,0.2
2026-08-13 17:43:29,Southern District,Bouquet Reservoir Outflow,126.6
2026-08-13 17:43:29,Southern District,LAA #1 at Soledad Flow,269.8
2026-08-13 17:43:29,Southern District,LAA #2 at Soledad Flow,196.3
2026-08-13 17:43:30,Mono Basin,Mono Lk. Elevation,6382.4
2026-08-13 17:43:30,Mono Basin,Grant Lk. Elevation,7129.7
2026-08-13 17:43:30,Long Valley,Long Valley Elevation,6772.9
2026-08-13 17:43:30,Northern Owens Valley,Pleasant Valley Elevation,4390.0
2026-08-13 17:43:30,Southern Owens Valley,LAA at Alabama Level,7.7
2026-08-13 17:43:30,Southern Owens Valley,LAA at Alabama Water Temp,72.0
2026-08-13 17:43:30,Southern Owens Valley,LAA at Cottonwood Level,9.3
2026-08-13 17:43:30,Southern Owens Valley,LAA at Cotton. Water Temp,71.8
2026-08-13 17:43:30,Southern Owens Valley,N. Haiwee Elevation,3757.0
2026-08-13 17:43:30,Southern Owens Valley,S. Haiwee Reservoir Elevation,3723.2
2026-08-13 17:43:30,Southern District,S. Haiwee Reservoir Elevation,3723.2
2026-08-13 17:43:30,Southern District,Fairmont Reservoir Elevation,3024.9
2026-08-13 17:43:30,Southern District,Bouquet Reservoir Elevation,2983.9
2026-08-13 17:58:28,Northern Owens Valley,Tinemaha Elevation,3861.8
2026-08-13 17:58:28,Southern Owens Valley,Tinemaha Elevation,3861.8
2026-08-13 18:28:28,Northern Owens Valley,Tinemaha Elevation,3861.8
2026-08-13 18:28:28,Southern Owens Valley,Tinemaha Elevation,3861.8
2026-08-13 18:43:29,Mono Basin,Lee Vining Intake Above Flow,62.4
2026-08-13 18:43:29,Mono Basin,Lee Vining Intake Below Flow,33.1
2026-08-13 18:43:29,Mono Basin,Walker Ck. Above Conduit Flow,0.0
2026-08-13 18:43:29,Mono Basin,L.V. Conduit Below Intake Flow,27.0
2026-08-13 18:43:29,Mono Basin,Walker Ck. Under Conduit Flow,6.0
2026-08-13 18:43:29,Mono Basin,Parker Ck. Under Conduit Flow,0.0
2026-08-13 18:43:29,Mono Basin,Parker Ck. Above Conduit Flow,2.0
2026-08-13 18:43:29,Mono Basin,Grant Lk. Spill Flow,0.0
2026-08-13 18:43:29,Mono Basin,Mono Gate 1 Return Ditch Flow,26.0
2026-08-13 18:43:29,Mono Basin,Grant Lk. Outflow,39.5
2026-08-13 18:43:29,Mono Basin,Rush Ck. at Damsite Flow,11.6
2026-08-13 18:43:29,Mono Basin,Flow to West Portal,15.7
2026-08-13 18:43:29,Long Valley,East Portal Flow,27.0
2026-08-13 18:43:29,Long Valley,OR Below EP Flow,72.0
2026-08-13 18:43:29,Long Valley,Hot Ck.at Hwy. Flow,7.0
2026-08-13 18:43:29,Long Valley,McGee Ck. Lower Sta. Flow,9.1
2026-08-13 18:43:29,Long Valley,Long Valley Current Outflow,582.6
2026-08-13 18:43:29,Long Valley,Rock Ck. Div. Flow,0.0
2026-08-13 18:43:29,Long Valley,Upper Gorge Total Release,41.7
2026-08-13 18:43:29,Long Valley,Release at Middle Gorge,0.0
2026-08-13 18:43:29,Northern Owens Valley,Rock Ck. At Owens River (PV) Flow,29.6
2026-08-13 18:43:29,Northern Owens Valley,Pleasant Valley Outflow,501.1
2026-08-13 18:43:29,Northern Owens Valley,Baker Ck. At LA Station Flow,8.5
2026-08-13 18:43:29,Northern Owens Valley,Big Pine Ck. USGS Flow,45.5
2026-08-13 18:43:29,Northern Owens Valley,O.R. Below Big Pine,516.4
2026-08-13 18:43:29,Northern Owens Valley,Fish Springs At RR Flow,22.9
2026-08-13 18:43:29,Northern Owens Valley,Tinemaha Reservoir Outflow,503.6
2026-08-13 18:43:29,Northern Owens Valley,Bishop Creek Through Plant 6,105.0
2026-08-13 18:43:29,Northern Owens Valley,Bishop Creek Around Plant 6,7.8
2026-08-13 18:43:29,Southern Owens Valley,Tinemaha Reservoir Outflow,503.6
2026-08-13 18:43:29,Southern Owens Valley,Indep. Ck. At Junction Flow,8.5
2026-08-13 18:43:29,Southern Owens Valley,LAA at Alabama Flow,395.0
2026-08-13 18:43:29,Southern Owens Valley,LAA at Alabama Water Temp,71.9
2026-08-13 18:43:29,Southern Owens Valley,Cottonwood Ck. At LAA Flow,18.0
2026-08-13 18:43:29,Southern Owens Valley,LAA at Cottonwood Flow,496.0
2026-08-13 18:43:29,Southern Owens Valley,LAA at Cotton. Water Temp,72.0
2026-08-13 18:43:29,Southern Owens Valley,Haiwee LAA #1 Current Flow,0.0
2026-08-13 18:43:29,Southern Owens Valley,Haiwee LAA #2 Current Flow,99.6
2026-08-13 18:43:29,Southern Owens Valley,Reinhackel Flow,2.9
2026-08-13 18:43:29,Southern Owens Valley,Lubkin Spillgate Outflow,0.0
2026-08-13 18:43:29,Southern Owens Valley,Cartago Spillgate Outflow,12.3
2026-08-13 18:43:29,Southern Owens Valley,Lone Pine Creek Flow,13.9
2026-08-13 18:43:29,Lower Owens River Project,LORP Intake Flow,80.0
2026-08-13 18:43:29,Lower Owens River Project,LORP at Mazourka Canyon Road,0.0
2026-08-13 18:43:29,Lower Owens River Project,LORP at Reinhackle Springs,68.0
2026-08-13 18:43:29,Lower Owens River Project,LORP Above Pumpstation,51.0
2026-08-13 18:43:29,Lower Owens River Project,LORP At Pump Station Discharge Flow,48.0
2026-08-13 18:43:29,Southern District,Haiwee LAA #2 Current Flow,99.6
2026-08-13 18:43:29,Southern District,Haiwee LAA #1 Current Flow,0.0
2026-08-13 18:43:29,Southern District,LAA #1 Flow at Fairmont Reservoir,256.3
2026-08-13 18:43:29,Southern District,LAA #2 Flow at Fairmont Res.,98.8
2026-08-13 18:43:29,Southern District,Bouquet Reservoir Inflow,0.0
2026-08-13 18:43:29,Southern District,Bouquet Reservoir Outflow,126.7
2026-08-13 18:43:29,Southern District,LAA #1 at Soledad Flow,269.8
2026-08-13 18:43:29,Southern District,LAA #2 at Soledad Flow,196.3
2026-08-13 18:43:30,Mono Basin,Mono Lk. Elevation,6382.4
2026-08-13 18:43:30,Mono Basin,Grant Lk. Elevation,7129.7
2026-08-13 18:43:30,Long Valley,Long Valley Elevation,6772.9
2026-08-13 18:43:30,Northern Owens Valley,Pleasant Valley Elevation,4390.6
2026-08-13 18:43:30,Southern Owens Valley,LAA at Alabama Level,7.7
2026-08-13 18:43:30,Southern Owens Valley,LAA at Cottonwood Level,9.3
2026-08-13 18:43:30,Southern Owens Valley,N. Haiwee Elevation,3757.0
2026-08-13 18:43:30,Southern Owens Valley,S. Haiwee Reservoir Elevation,3723.2
2026-08-13 18:43:30,Southern District,S. Haiwee Reservoir Elevation,3723.2
2026-08-13 18:43:30,Southern District,Fairmont Reservoir Elevation,3024.9
2026-08-13 18:43:30,Southern District,Bouquet Reservoir Elevation,2983.9
2026-08-13 18:58:35,Northern Owens Valley,Tinemaha Elevation,3861.8
2026-08-13 18:58:35,Southern Owens Valley,Tinemaha Elevation,3861.8
2026-08-13 19:28:29,Northern Owens Valley,Tinemaha Elevation,3861.8
2026-08-13 19:28:29,Southern Owens Valley,Tinemaha Elevation,3861.8
2026-08-13 19:43:30,Mono Basin,Lee Vining Intake Above Flow,50.9
2026-08-13 19:43:30,Mono Basin,Lee Vining Intake Below Flow,29.3
2026-08-13 19:43:30,Mono Basin,Walker Ck. Above Conduit Flow,0.0
2026-08-13 19:43:30,Mono Basin,L.V. Conduit Below Intake Flow,23.6
2026-08-13 19:43:30,Mono Basin,Walker Ck. Under Conduit Flow,6.0
2026-08-13 19:43:30,Mono Basin,Parker Ck. Under Conduit Flow,0.0
2026-08-13 19:43:30,Mono Basin,Parker Ck. Above Conduit Flow,2.0
2026-08-13 19:43:30,Mono Basin,Grant Lk. Spill Flow,0.0
2026-08-13 19:43:30,Mono Basin,Mono Gate 1 Return Ditch Flow,25.5
2026-08-13 19:43:30,Mono Basin,Grant Lk. Outflow,39.7
2026-08-13 19:43:30,Mono Basin,Rush Ck. at Damsite Flow,11.6
2026-08-13 19:43:30,Mono Basin,Flow to West Portal,15.7
2026-08-13 19:43:30,Long Valley,East Portal Flow,27.0
2026-08-13 19:43:30,Long Valley,OR Below EP Flow,71.0
2026-08-13 19:43:30,Long Valley,Hot Ck.at Hwy. Flow,7.0
2026-08-13 19:43:30,Long Valley,McGee Ck. Lower Sta. Flow,9.1
2026-08-13 19:43:30,Long Valley,Long Valley Current Outflow,587.8
2026-08-13 19:43:30,Long Valley,Rock Ck. Div. Flow,0.0
2026-08-13 19:43:30,Long Valley,Upper Gorge Total Release,40.0
2026-08-13 19:43:30,Long Valley,Release at Middle Gorge,0.0
2026-08-13 19:43:30,Northern Owens Valley,Rock Ck. At Owens River (PV) Flow,30.0
2026-08-13 19:43:30,Northern Owens Valley,Pleasant Valley Outflow,501.1
2026-08-13 19:43:30,Northern Owens Valley,Baker Ck. At LA Station Flow,8.5
2026-08-13 19:43:30,Northern Owens Valley,Big Pine Ck. USGS Flow,55.0
2026-08-13 19:43:30,Northern Owens Valley,O.R. Below Big Pine,517.4
2026-08-13 19:43:30,Northern Owens Valley,Fish Springs At RR Flow,22.9
2026-08-13 19:43:30,Northern Owens Valley,Tinemaha Reservoir Outflow,503.6
2026-08-13 19:43:30,Northern Owens Valley,Bishop Creek Through Plant 6,106.8
2026-08-13 19:43:30,Northern Owens Valley,Bishop Creek Around Plant 6,7.8
2026-08-13 19:43:30,Southern Owens Valley,Tinemaha Reservoir Outflow,503.6
2026-08-13 19:43:30,Southern Owens Valley,Indep. Ck. At Junction Flow,8.2
2026-08-13 19:43:30,Southern Owens Valley,LAA at Alabama Flow,396.0
2026-08-13 19:43:30,Southern Owens Valley,Cottonwood Ck. At LAA Flow,14.0
2026-08-13 19:43:30,Southern Owens Valley,LAA at Cottonwood Flow,496.0
2026-08-13 19:43:30,Southern Owens Valley,Haiwee LAA #1 Current Flow,0.0
2026-08-13 19:43:30,Southern Owens Valley,Haiwee LAA #2 Current Flow,99.6
2026-08-13 19:43:30,Southern Owens Valley,Reinhackel Flow,2.9
2026-08-13 19:43:30,Southern Owens Valley,Lubkin Spillgate Outflow,0.0
2026-08-13 19:43:30,Southern Owens Valley,Cartago Spillgate Outflow,9.0
2026-08-13 19:43:30,Southern Owens Valley,Lone Pine Creek Flow,14.8
2026-08-13 19:43:30,Lower Owens River Project,LORP Intake Flow,80.0
2026-08-13 19:43:30,Lower Owens River Project,LORP at Mazourka Canyon Road,0.0
2026-08-13 19:43:30,Lower Owens River Project,LORP at Reinhackle Springs,72.0
2026-08-13 19:43:30,Lower Owens River Project,LORP Above Pumpstation,51.0
2026-08-13 19:43:30,Lower Owens River Project,LORP At Pump Station Discharge Flow,48.0
2026-08-13 19:43:30,Southern District,Haiwee LAA #2 Current Flow,99.6
2026-08-13 19:43:30,Southern District,Haiwee LAA #1 Current Flow,0.0
2026-08-13 19:43:30,Southern District,LAA #1 Flow at Fairmont Reservoir,254.3
2026-08-13 19:43:30,Southern District,LAA #2 Flow at Fairmont Res.,98.8
2026-08-13 19:43:30,Southern District,Bouquet Reservoir Inflow,0.2
2026-08-13 19:43:30,Southern District,Bouquet Reservoir Outflow,125.4
2026-08-13 19:43:30,Southern District,LAA #1 at Soledad Flow,270.5
2026-08-13 19:43:30,Southern District,LAA #2 at Soledad Flow,190.4
2026-08-13 19:43:31,Mono Basin,Mono Lk. Elevation,6382.4
2026-08-13 19:43:31,Mono Basin,Grant Lk. Elevation,7129.7
2026-08-13 19:43:31,Long Valley,Long Valley Elevation,6772.9
2026-08-13 19:43:31,Northern Owens Valley,Pleasant Valley Elevation,4389.0
2026-08-13 19:43:31,Southern Owens Valley,LAA at Alabama Level,7.8
2026-08-13 19:43:31,Southern Owens Valley,LAA at Alabama Water Temp,71.8
2026-08-13 19:43:31,Southern Owens Valley,LAA at Cottonwood Level,9.3
2026-08-13 19:43:31,Southern Owens Valley,LAA at Cotton. Water Temp,72.1
2026-08-13 19:43:31,Southern Owens Valley,N. Haiwee Elevation,3757.1
2026-08-13 19:43:31,Southern Owens Valley,S. Haiwee Reservoir Elevation,3723.2
2026-08-13 19:43:31,Southern District,S. Haiwee Reservoir Elevation,3723.2
2026-08-13 19:43:31,Southern District,Fairmont Reservoir Elevation,3024.9
2026-08-13 19:43:31,Southern District,Bouquet Reservoir Elevation,2983.9
2026-08-13 19:58:29,Northern Owens Valley,Tinemaha Elevation,3861.8
2026-08-13 19:58:29,Southern Owens Valley,Tinemaha Elevation,3861.8
2026-08-13 20:28:29,Northern Owens Valley,Tinemaha Elevation,3861.8
2026-08-13 20:28:29,Southern Owens Valley,Tinemaha Elevation,3861.8
2026-08-13 20:43:31,Mono Basin,Lee Vining Intake Above Flow,50.9
2026-08-13 20:43:31,Mono Basin,Lee Vining Intake Below Flow,29.8
2026-08-13 20:43:31,Mono Basin,Mono Lk. Elevation,6382.4
2026-08-13 20:43:31,Mono Basin,Walker Ck. Above Conduit Flow,0.0
2026-08-13 20:43:31,Mono Basin,L.V. Conduit Below Intake Flow,22.4
2026-08-13 20:43:31,Mono Basin,Walker Ck. Under Conduit Flow,6.0
2026-08-13 20:43:31,Mono Basin,Parker Ck. Under Conduit Flow,0.0
2026-08-13 20:43:31,Mono Basin,Parker Ck. Above Conduit Flow,2.0
2026-08-13 20:43:31,Mono Basin,Grant Lk. Spill Flow,0.0
2026-08-13 20:43:31,Mono Basin,Mono Gate 1 Return Ditch Flow,25.3
2026-08-13 20:43:31,Mono Basin,Grant Lk. Elevation,7129.7
2026-08-13 20:43:31,Mono Basin,Grant Lk. Outflow,39.4
2026-08-13 20:43:31,Mono Basin,Rush Ck. at Damsite Flow,11.6
2026-08-13 20:43:31,Mono Basin,Flow to West Portal,15.7
2026-08-13 20:43:31,Long Valley,East Portal Flow,27.0
2026-08-13 20:43:31,Long Valley,OR Below EP Flow,71.0
2026-08-13 20:43:31,Long Valley,Hot Ck.at Hwy. Flow,7.0
2026-08-13 20:43:31,Long Valley,McGee Ck. Lower Sta. Flow,9.1
2026-08-13 20:43:31,Long Valley,Long Valley Elevation,6772.9
2026-08-13 20:43:31,Long Valley,Long Valley Current Outflow,581.5
2026-08-13 20:43:31,Long Valley,Rock Ck. Div. Flow,0.0
2026-08-13 20:43:31,Long Valley,Upper Gorge Total Release,40.4
2026-08-13 20:43:31,Long Valley,Release at Middle Gorge,0.0
2026-08-13 20:43:31,Northern Owens Valley,Rock Ck. At Owens River (PV) Flow,30.4
2026-08-13 20:43:31,Northern Owens Valley,Pleasant Valley Elevation,4389.2
2026-08-13 20:43:31,Northern Owens Valley,Pleasant Valley Outflow,501.3
2026-08-13 20:43:31,Northern Owens Valley,Baker Ck. At LA Station Flow,8.5
2026-08-13 20:43:31,Northern Owens Valley,Big Pine Ck. USGS Flow,49.8
2026-08-13 20:43:31,Northern Owens Valley,O.R. Below Big Pine,516.1
2026-08-13 20:43:31,Northern Owens Valley,Fish Springs At RR Flow,22.9
2026-08-13 20:43:31,Northern Owens Valley,Tinemaha Reservoir Outflow,503.6
2026-08-13 20:43:31,Northern Owens Valley,Bishop Creek Through Plant 6,108.2
2026-08-13 20:43:31,Northern Owens Valley,Bishop Creek Around Plant 6,7.9
2026-08-13 20:43:31,Southern Owens Valley,Tinemaha Reservoir Outflow,503.6
2026-08-13 20:43:31,Southern Owens Valley,Indep. Ck. At Junction Flow,8.1
2026-08-13 20:43:31,Southern Owens Valley,LAA at Alabama Flow,397.0
2026-08-13 20:43:31,Southern Owens Valley,LAA at Alabama Level,7.8
2026-08-13 20:43:31,Southern Owens Valley,LAA at Alabama Water Temp,71.7
2026-08-13 20:43:31,Southern Owens Valley,Cottonwood Ck. At LAA Flow,12.0
2026-08-13 20:43:31,Southern Owens Valley,LAA at Cottonwood Flow,496.0
2026-08-13 20:43:31,Southern Owens Valley,LAA at Cottonwood Level,9.3
2026-08-13 20:43:31,Southern Owens Valley,LAA at Cotton. Water Temp,72.1
2026-08-13 20:43:31,Southern Owens Valley,N. Haiwee Elevation,3757.1
2026-08-13 20:43:31,Southern Owens Valley,S. Haiwee Reservoir Elevation,3723.2
2026-08-13 20:43:31,Southern Owens Valley,Haiwee LAA #1 Current Flow,0.0
2026-08-13 20:43:31,Southern Owens Valley,Haiwee LAA #2 Current Flow,99.6
2026-08-13 20:43:31,Southern Owens Valley,Reinhackel Flow,2.9
2026-08-13 20:43:31,Southern Owens Valley,Lubkin Spillgate Outflow,0.0
2026-08-13 20:43:31,Southern Owens Valley,Cartago Spillgate Outflow,12.6
2026-08-13 20:43:31,Southern Owens Valley,Lone Pine Creek Flow,13.9
2026-08-13 20:43:31,Lower Owens River Project,LORP Intake Flow,80.0
2026-08-13 20:43:31,Lower Owens River Project,LORP at Mazourka Canyon Road,0.0
2026-08-13 20:43:31,Lower Owens River Project,LORP at Reinhackle Springs,70.0
2026-08-13 20:43:31,Lower Owens River Project,LORP Above Pumpstation,51.0
2026-08-13 20:43:31,Lower Owens River Project,LORP At Pump Station Discharge Flow,48.0
2026-08-13 20:43:31,Southern District,Haiwee LAA #2 Current Flow,99.6
2026-08-13 20:43:31,Southern District,S. Haiwee Reservoir Elevation,3723.2
2026-08-13 20:43:31,Southern District,Haiwee LAA #1 Current Flow,0.0
2026-08-13 20:43:31,Southern District,Fairmont Reservoir Elevation,3024.9
2026-08-13 20:43:31,Southern District,LAA #1 Flow at Fairmont Reservoir,252.9
2026-08-13 20:43:31,Southern District,LAA #2 Flow at Fairmont Res.,98.7
2026-08-13 20:43:31,Southern District,Bouquet Reservoir Elevation,2983.8
2026-08-13 20:43:31,Southern District,Bouquet Reservoir Inflow,0.0
2026-08-13 20:43:31,Southern District,Bouquet Reservoir Outflow,124.4
2026-08-13 20:43:31,Southern District,LAA #1 at Soledad Flow,270.5
2026-08-13 20:43:31,Southern District,LAA #2 at Soledad Flow,190.4
2026-08-13 20:58:29,Northern Owens Valley,Tinemaha Elevation,3861.8
2026-08-13 20:58:29,Southern Owens Valley,Tinemaha Elevation,3861.8
2026-08-13 21:28:31,Northern Owens Valley,Tinemaha Elevation,3861.8
2026-08-13 21:28:31,Southern Owens Valley,Tinemaha Elevation,3861.8
2026-08-13 21:43:30,Mono Basin,Lee Vining Intake Above Flow,50.9
2026-08-13 21:43:30,Mono Basin,Lee Vining Intake Below Flow,29.3
2026-08-13 21:43:30,Mono Basin,Walker Ck. Above Conduit Flow,0.0
2026-08-13 21:43:30,Mono Basin,L.V. Conduit Below Intake Flow,22.2
2026-08-13 21:43:30,Mono Basin,Walker Ck. Under Conduit Flow,6.0
2026-08-13 21:43:30,Mono Basin,Parker Ck. Under Conduit Flow,0.0
2026-08-13 21:43:30,Mono Basin,Parker Ck. Above Conduit Flow,2.0
2026-08-13 21:43:30,Mono Basin,Grant Lk. Spill Flow,0.0
2026-08-13 21:43:30,Mono Basin,Mono Gate 1 Return Ditch Flow,25.5
2026-08-13 21:43:30,Mono Basin,Grant Lk. Outflow,39.4
2026-08-13 21:43:30,Mono Basin,Rush Ck. at Damsite Flow,11.6
2026-08-13 21:43:30,Mono Basin,Flow to West Portal,15.7
2026-08-13 21:43:30,Long Valley,East Portal Flow,27.0
2026-08-13 21:43:30,Long Valley,OR Below EP Flow,71.0
2026-08-13 21:43:30,Long Valley,Hot Ck.at Hwy. Flow,7.0
2026-08-13 21:43:30,Long Valley,McGee Ck. Lower Sta. Flow,9.1
2026-08-13 21:43:30,Long Valley,Long Valley Current Outflow,580.7
2026-08-13 21:43:30,Long Valley,Rock Ck. Div. Flow,0.0
2026-08-13 21:43:30,Long Valley,Upper Gorge Total Release,40.0
2026-08-13 21:43:30,Long Valley,Release at Middle Gorge,0.0
2026-08-13 21:43:30,Northern Owens Valley,Rock Ck. At Owens River (PV) Flow,30.6
2026-08-13 21:43:30,Northern Owens Valley,Pleasant Valley Outflow,502.3
2026-08-13 21:43:30,Northern Owens Valley,Baker Ck. At LA Station Flow,10.0
2026-08-13 21:43:30,Northern Owens Valley,Big Pine Ck. USGS Flow,49.8
2026-08-13 21:43:30,Northern Owens Valley,O.R. Below Big Pine,517.7
2026-08-13 21:43:30,Northern Owens Valley,Fish Springs At RR Flow,22.9
2026-08-13 21:43:30,Northern Owens Valley,Tinemaha Reservoir Outflow,503.6
2026-08-13 21:43:30,Northern Owens Valley,Bishop Creek Through Plant 6,105.8
2026-08-13 21:43:30,Northern Owens Valley,Bishop Creek Around Plant 6,8.0
2026-08-13 21:43:30,Southern Owens Valley,Tinemaha Reservoir Outflow,503.6
2026-08-13 21:43:30,Southern Owens Valley,Indep. Ck. At Junction Flow,8.1
2026-08-13 21:43:30,Southern Owens Valley,LAA at Alabama Flow,397.0
2026-08-13 21:43:30,Southern Owens Valley,LAA at Alabama Water Temp,71.5
2026-08-13 21:43:30,Southern Owens Valley,Cottonwood Ck. At LAA Flow,10.0
2026-08-13 21:43:30,Southern Owens Valley,LAA at Cottonwood Flow,495.0
2026-08-13 21:43:30,Southern Owens Valley,LAA at Cotton. Water Temp,71.6
2026-08-13 21:43:30,Southern Owens Valley,Haiwee LAA #1 Current Flow,0.0
2026-08-13 21:43:30,Southern Owens Valley,Haiwee LAA #2 Current Flow,99.6
2026-08-13 21:43:30,Southern Owens Valley,Reinhackel Flow,2.9
2026-08-13 21:43:30,Southern Owens Valley,Lubkin Spillgate Outflow,0.0
2026-08-13 21:43:30,Southern Owens Valley,Cartago Spillgate Outflow,0.0
2026-08-13 21:43:30,Southern Owens Valley,Lone Pine Creek Flow,13.7
2026-08-13 21:43:30,Lower Owens River Project,LORP Intake Flow,80.0
2026-08-13 21:43:30,Lower Owens River Project,LORP at Mazourka Canyon Road,0.0
2026-08-13 21:43:30,Lower Owens River Project,LORP at Reinhackle Springs,71.0
2026-08-13 21:43:30,Lower Owens River Project,LORP Above Pumpstation,51.0
2026-08-13 21:43:30,Lower Owens River Project,LORP At Pump Station Discharge Flow,48.0
2026-08-13 21:43:30,Southern District,Haiwee LAA #2 Current Flow,99.6
2026-08-13 21:43:30,Southern District,Haiwee LAA #1 Current Flow,0.0
2026-08-13 21:43:30,Southern District,LAA #1 Flow at Fairmont Reservoir,252.5
2026-08-13 21:43:30,Southern District,LAA #2 Flow at Fairmont Res.,98.8
2026-08-13 21:43:30,Southern District,Bouquet Reservoir Inflow,0.0
2026-08-13 21:43:30,Southern District,Bouquet Reservoir Outflow,128.5
2026-08-13 21:43:30,Southern District,LAA #1 at Soledad Flow,270.5
2026-08-13 21:43:30,Southern District,LAA #2 at Soledad Flow,190.4
2026-08-13 21:43:31,Mono Basin,Mono Lk. Elevation,6382.4
2026-08-13 21:43:31,Mono Basin,Grant Lk. Elevation,7129.7
2026-08-13 21:43:31,Long Valley,Long Valley Elevation,6772.9
2026-08-13 21:43:31,Northern Owens Valley,Pleasant Valley Elevation,4389.4
2026-08-13 21:43:31,Southern Owens Valley,LAA at Alabama Level,7.8
2026-08-13 21:43:31,Southern Owens Valley,LAA at Cottonwood Level,9.3
2026-08-13 21:43:31,Southern Owens Valley,N. Haiwee Elevation,3757.1
2026-08-13 21:43:31,Southern Owens Valley,S. Haiwee Reservoir Elevation,3723.2
2026-08-13 21:43:31,Southern District,S. Haiwee Reservoir Elevation,3723.2
2026-08-13 21:43:31,Southern District,Fairmont Reservoir Elevation,3024.9
2026-08-13 21:43:31,Southern District,Bouquet Reservoir Elevation,2983.8
2026-08-13 21:58:29,Northern Owens Valley,Tinemaha Elevation,3861.8
2026-08-13 21:58:29,Southern Owens Valley,Tinemaha Elevation,3861.8
2026-08-13 22:28:29,Northern Owens Valley,Tinemaha Elevation,3861.8
2026-08-13 22:28:29,Southern Owens Valley,Tinemaha Elevation,3861.8
2026-08-13 22:43:30,Mono Basin,Lee Vining Intake Above Flow,49.3
2026-08-13 22:43:30,Mono Basin,Lee Vining Intake Below Flow,29.9
2026-08-13 22:43:30,Mono Basin,Walker Ck. Above Conduit Flow,0.0
2026-08-13 22:43:30,Mono Basin,L.V. Conduit Below Intake Flow,21.0
2026-08-13 22:43:30,Mono Basin,Walker Ck. Under Conduit Flow,6.0
2026-08-13 22:43:30,Mono Basin,Parker Ck. Under Conduit Flow,0.0
2026-08-13 22:43:30,Mono Basin,Parker Ck. Above Conduit Flow,2.0
2026-08-13 22:43:30,Mono Basin,Grant Lk. Spill Flow,0.0
2026-08-13 22:43:30,Mono Basin,Mono Gate 1 Return Ditch Flow,25.4
2026-08-13 22:43:30,Mono Basin,Grant Lk. Outflow,39.9
2026-08-13 22:43:30,Mono Basin,Rush Ck. at Damsite Flow,11.6
2026-08-13 22:43:30,Mono Basin,Flow to West Portal,15.7
2026-08-13 22:43:30,Long Valley,East Portal Flow,27.0
2026-08-13 22:43:30,Long Valley,OR Below EP Flow,70.0
2026-08-13 22:43:30,Long Valley,Hot Ck.at Hwy. Flow,7.0
2026-08-13 22:43:30,Long Valley,McGee Ck. Lower Sta. Flow,9.1
2026-08-13 22:43:30,Long Valley,Long Valley Current Outflow,582.9
2026-08-13 22:43:30,Long Valley,Rock Ck. Div. Flow,0.0
2026-08-13 22:43:30,Long Valley,Upper Gorge Total Release,40.1
2026-08-13 22:43:30,Long Valley,Release at Middle Gorge,0.0
2026-08-13 22:43:30,Northern Owens Valley,Rock Ck. At Owens River (PV) Flow,30.6
2026-08-13 22:43:30,Northern Owens Valley,Pleasant Valley Outflow,502.3
2026-08-13 22:43:30,Northern Owens Valley,Baker Ck. At LA Station Flow,10.0
2026-08-13 22:43:30,Northern Owens Valley,Big Pine Ck. USGS Flow,55.0
2026-08-13 22:43:30,Northern Owens Valley,O.R. Below Big Pine,518.5
2026-08-13 22:43:30,Northern Owens Valley,Fish Springs At RR Flow,22.9
2026-08-13 22:43:30,Northern Owens Valley,Tinemaha Reservoir Outflow,503.6
2026-08-13 22:43:30,Northern Owens Valley,Bishop Creek Through Plant 6,105.8
2026-08-13 22:43:30,Northern Owens Valley,Bishop Creek Around Plant 6,8.0
2026-08-13 22:43:30,Southern Owens Valley,Tinemaha Reservoir Outflow,503.6
2026-08-13 22:43:30,Southern Owens Valley,Indep. Ck. At Junction Flow,8.1
2026-08-13 22:43:30,Southern Owens Valley,LAA at Alabama Flow,398.0
2026-08-13 22:43:30,Southern Owens Valley,Cottonwood Ck. At LAA Flow,9.0
2026-08-13 22:43:30,Southern Owens Valley,LAA at Cottonwood Flow,495.0
2026-08-13 22:43:30,Southern Owens Valley,Haiwee LAA #1 Current Flow,0.0
2026-08-13 22:43:30,Southern Owens Valley,Haiwee LAA #2 Current Flow,99.6
2026-08-13 22:43:30,Southern Owens Valley,Reinhackel Flow,2.9
2026-08-13 22:43:30,Southern Owens Valley,Lubkin Spillgate Outflow,0.0
2026-08-13 22:43:30,Southern Owens Valley,Cartago Spillgate Outflow,0.0
2026-08-13 22:43:30,Southern Owens Valley,Lone Pine Creek Flow,13.6
2026-08-13 22:43:30,Lower Owens River Project,LORP Intake Flow,80.0
2026-08-13 22:43:30,Lower Owens River Project,LORP at Mazourka Canyon Road,0.0
2026-08-13 22:43:30,Lower Owens River Project,LORP at Reinhackle Springs,74.0
2026-08-13 22:43:30,Lower Owens River Project,LORP Above Pumpstation,51.0
2026-08-13 22:43:30,Lower Owens River Project,LORP At Pump Station Discharge Flow,48.0
2026-08-13 22:43:30,Southern District,Haiwee LAA #2 Current Flow,99.6
2026-08-13 22:43:30,Southern District,Haiwee LAA #1 Current Flow,0.0
2026-08-13 22:43:30,Southern District,LAA #1 Flow at Fairmont Reservoir,252.4
2026-08-13 22:43:30,Southern District,LAA #2 Flow at Fairmont Res.,98.8
2026-08-13 22:43:30,Southern District,Bouquet Reservoir Inflow,0.0
2026-08-13 22:43:30,Southern District,Bouquet Reservoir Outflow,118.4
2026-08-13 22:43:30,Southern District,LAA #1 at Soledad Flow,270.5
2026-08-13 22:43:30,Southern District,LAA #2 at Soledad Flow,190.4
2026-08-13 22:43:31,Mono Basin,Mono Lk. Elevation,6382.4
2026-08-13 22:43:31,Mono Basin,Grant Lk. Elevation,7129.7
2026-08-13 22:43:31,Long Valley,Long Valley Elevation,6772.9
2026-08-13 22:43:31,Northern Owens Valley,Pleasant Valley Elevation,4389.5
2026-08-13 22:43:31,Southern Owens Valley,LAA at Alabama Level,7.8
2026-08-13 22:43:31,Southern Owens Valley,LAA at Alabama Water Temp,71.0
2026-08-13 22:43:31,Southern Owens Valley,LAA at Cottonwood Level,9.3
2026-08-13 22:43:31,Southern Owens Valley,LAA at Cotton. Water Temp,71.3
2026-08-13 22:43:31,Southern Owens Valley,N. Haiwee Elevation,3757.1
2026-08-13 22:43:31,Southern Owens Valley,S. Haiwee Reservoir Elevation,3723.2
2026-08-13 22:43:31,Southern District,S. Haiwee Reservoir Elevation,3723.2
2026-08-13 22:43:31,Southern District,Fairmont Reservoir Elevation,3024.8
2026-08-13 22:43:31,Southern District,Bouquet Reservoir Elevation,2983.8
2026-08-13 22:58:29,Northern Owens Valley,Tinemaha Elevation,3861.8
2026-08-13 22:58:29,Southern Owens Valley,Tinemaha Elevation,3861.8
2026-08-13 23:28:29,Northern Owens Valley,Tinemaha Elevation,3861.8
2026-08-13 23:28:29,Southern Owens Valley,Tinemaha Elevation,3861.8
2026-08-13 23:43:30,Mono Basin,Lee Vining Intake Above Flow,48.6
2026-08-13 23:43:30,Mono Basin,Lee Vining Intake Below Flow,29.6
2026-08-13 23:43:30,Mono Basin,Mono Lk. Elevation,6382.4
2026-08-13 23:43:30,Mono Basin,Walker Ck. Above Conduit Flow,0.0
2026-08-13 23:43:30,Mono Basin,L.V. Conduit Below Intake Flow,20.3
2026-08-13 23:43:30,Mono Basin,Walker Ck. Under Conduit Flow,6.0
2026-08-13 23:43:30,Mono Basin,Parker Ck. Under Conduit Flow,0.0
2026-08-13 23:43:30,Mono Basin,Parker Ck. Above Conduit Flow,2.0
2026-08-13 23:43:30,Mono Basin,Grant Lk. Spill Flow,0.0
2026-08-13 23:43:30,Mono Basin,Mono Gate 1 Return Ditch Flow,25.4
2026-08-13 23:43:30,Mono Basin,Grant Lk. Elevation,7129.7
2026-08-13 23:43:30,Mono Basin,Grant Lk. Outflow,39.8
2026-08-13 23:43:30,Mono Basin,Rush Ck. at Damsite Flow,11.6
2026-08-13 23:43:30,Mono Basin,Flow to West Portal,15.7
2026-08-13 23:43:30,Long Valley,East Portal Flow,27.0
2026-08-13 23:43:30,Long Valley,OR Below EP Flow,71.0
2026-08-13 23:43:30,Long Valley,Hot Ck.at Hwy. Flow,7.0
2026-08-13 23:43:30,Long Valley,McGee Ck. Lower Sta. Flow,9.1
2026-08-13 23:43:30,Long Valley,Long Valley Elevation,6772.9
2026-08-13 23:43:30,Long Valley,Long Valley Current Outflow,584.8
2026-08-13 23:43:30,Long Valley,Rock Ck. Div. Flow,0.0
2026-08-13 23:43:30,Long Valley,Upper Gorge Total Release,40.4
2026-08-13 23:43:30,Long Valley,Release at Middle Gorge,0.0
2026-08-13 23:43:30,Northern Owens Valley,Rock Ck. At Owens River (PV) Flow,30.6
2026-08-13 23:43:30,Northern Owens Valley,Pleasant Valley Elevation,4389.6
2026-08-13 23:43:30,Northern Owens Valley,Pleasant Valley Outflow,503.3
2026-08-13 23:43:30,Northern Owens Valley,Baker Ck. At LA Station Flow,10.0
2026-08-13 23:43:30,Northern Owens Valley,Big Pine Ck. USGS Flow,55.0
2026-08-13 23:43:30,Northern Owens Valley,O.R. Below Big Pine,519.5
2026-08-13 23:43:30,Northern Owens Valley,Fish Springs At RR Flow,22.9
2026-08-13 23:43:30,Northern Owens Valley,Tinemaha Reservoir Outflow,504.4
2026-08-13 23:43:30,Northern Owens Valley,Bishop Creek Through Plant 6,108.3
2026-08-13 23:43:30,Northern Owens Valley,Bishop Creek Around Plant 6,11.5
2026-08-13 23:43:30,Southern Owens Valley,Tinemaha Reservoir Outflow,504.4
2026-08-13 23:43:30,Southern Owens Valley,Indep. Ck. At Junction Flow,8.1
2026-08-13 23:43:30,Southern Owens Valley,LAA at Alabama Flow,398.0
2026-08-13 23:43:30,Southern Owens Valley,LAA at Alabama Level,7.8
2026-08-13 23:43:30,Southern Owens Valley,LAA at Alabama Water Temp,70.9
2026-08-13 23:43:30,Southern Owens Valley,Cottonwood Ck. At LAA Flow,8.0
2026-08-13 23:43:30,Southern Owens Valley,LAA at Cottonwood Flow,495.0
2026-08-13 23:43:30,Southern Owens Valley,LAA at Cottonwood Level,9.3
2026-08-13 23:43:30,Southern Owens Valley,LAA at Cotton. Water Temp,71.2
2026-08-13 23:43:30,Southern Owens Valley,N. Haiwee Elevation,3757.1
2026-08-13 23:43:30,Southern Owens Valley,S. Haiwee Reservoir Elevation,3723.2
2026-08-13 23:43:30,Southern Owens Valley,Haiwee LAA #1 Current Flow,0.0
2026-08-13 23:43:30,Southern Owens Valley,Haiwee LAA #2 Current Flow,99.6
2026-08-13 23:43:30,Southern Owens Valley,Reinhackel Flow,2.9
2026-08-13 23:43:30,Southern Owens Valley,Lubkin Spillgate Outflow,0.0
2026-08-13 23:43:30,Southern Owens Valley,Cartago Spillgate Outflow,0.0
2026-08-13 23:43:30,Southern Owens Valley,Lone Pine Creek Flow,13.4
2026-08-13 23:43:30,Lower Owens River Project,LORP Intake Flow,86.0
2026-08-13 23:43:30,Lower Owens River Project,LORP at Mazourka Canyon Road,0.0
2026-08-13 23:43:30,Lower Owens River Project,LORP at Reinhackle Springs,76.0
2026-08-13 23:43:30,Lower Owens River Project,LORP Above Pumpstation,51.0
2026-08-13 23:43:30,Lower Owens River Project,LORP At Pump Station Discharge Flow,48.0
2026-08-13 23:43:30,Southern District,Haiwee LAA #2 Current Flow,99.6
2026-08-13 23:43:30,Southern District,S. Haiwee Reservoir Elevation,3723.2
2026-08-13 23:43:30,Southern District,Haiwee LAA #1 Current Flow,0.0
2026-08-13 23:43:30,Southern District,Fairmont Reservoir Elevation,3024.8
2026-08-13 23:43:30,Southern District,LAA #1 Flow at Fairmont Reservoir,250.8
2026-08-13 23:43:30,Southern District,LAA #2 Flow at Fairmont Res.,98.8
2026-08-13 23:43:30,Southern District,Bouquet Reservoir Elevation,2983.8
2026-08-13 23:43:30,Southern District,Bouquet Reservoir Inflow,0.0
2026-08-13 23:43:30,Southern District,Bouquet Reservoir Outflow,118.0
2026-08-13 23:43:30,Southern District,LAA #1 at Soledad Flow,270.5
2026-08-13 23:43:30,Southern District,LAA #2 at Soledad Flow,190.4
2026-08-13 23:58:29,Northern Owens Valley,Tinemaha Elevation,3861.8
2026-08-13 23:58:29,Southern Owens Valley,Tinemaha Elevation,3861.8
