date,district,source,value
2026-08-09 00:43:25,Mono Basin,Lee Vining Intake Above Flow,32.2
2026-08-09 00:43:25,Mono Basin,Lee Vining Intake Below Flow,30.1
2026-08-09 00:43:25,Mono Basin,Walker Ck. Above Conduit Flow,4.0
2026-08-09 00:43:25,Mono Basin,L.V. Conduit Below Intake Flow,1.0
2026-08-09 00:43:25,Mono Basin,Walker Ck. Under Conduit Flow,4.0
2026-08-09 00:43:25,Mono Basin,Parker Ck. Under Conduit Flow,14.0
2026-08-09 00:43:25,Mono Basin,Parker Ck. Above Conduit Flow,15.0
2026-08-09 00:43:25,Mono Basin,Grant Lk. Spill Flow,0.0
2026-08-09 00:43:25,Mono Basin,Mono Gate 1 Return Ditch Flow,40.6
2026-08-09 00:43:25,Mono Basin,Grant Lk. Outflow,40.2
2026-08-09 00:43:25,Mono Basin,Rush Ck. at Damsite Flow,11.9
2026-08-09 00:43:25,Mono Basin,Flow to West Portal,0.0
2026-08-09 00:43:25,Long Valley,East Portal Flow,13.0
2026-08-09 00:43:25,Long Valley,OR Below EP Flow,58.0
2026-08-09 00:43:25,Long Valley,Hot Ck.at Hwy. Flow,6.0
2026-08-09 00:43:25,Long Valley,McGee Ck. Lower Sta. Flow,8.2
2026-08-09 00:43:25,Long Valley,Long Valley Current Outflow,580.5
2026-08-09 00:43:25,Long Valley,Rock Ck. Div. Flow,0.1
2026-08-09 00:43:25,Long Valley,Upper Gorge Total Release,41.0
2026-08-09 00:43:25,Long Valley,Release at Middle Gorge,0.0
2026-08-09 00:43:25,Northern Owens Valley,Rock Ck. At Owens River (PV) Flow,25.8
2026-08-09 00:43:25,Northern Owens Valley,Pleasant Valley Outflow,494.1
2026-08-09 00:43:25,Northern Owens Valley,Baker Ck. At LA Station Flow,6.2
2026-08-09 00:43:25,Northern Owens Valley,Big Pine Ck. USGS Flow,47.8
2026-08-09 00:43:25,Northern Owens Valley,O.R. Below Big Pine,470.6
2026-08-09 00:43:25,Northern Owens Valley,Fish Springs At RR Flow,35.2
2026-08-09 00:43:25,Northern Owens Valley,Tinemaha Reservoir Outflow,379.1
2026-08-09 00:43:25,Northern Owens Valley,Bishop Creek Through Plant 6,97.5
2026-08-09 00:43:25,Northern Owens Valley,Bishop Creek Around Plant 6,8.1
2026-08-09 00:43:25,Southern Owens Valley,Tinemaha Reservoir Outflow,379.1
2026-08-09 00:43:25,Southern Owens Valley,Indep. Ck. At Junction Flow,7.1
2026-08-09 00:43:25,Southern Owens Valley,LAA at Alabama Flow,312.0
2026-08-09 00:43:25,Southern Owens Valley,Cottonwood Ck. At LAA Flow,0.0
2026-08-09 00:43:25,Southern Owens Valley,LAA at Cottonwood Flow,393.0
2026-08-09 00:43:25,Southern Owens Valley,Haiwee LAA #1 Current Flow,0.0
2026-08-09 00:43:25,Southern Owens Valley,Haiwee LAA #2 Current Flow,195.5
2026-08-09 00:43:25,Southern Owens Valley,Reinhackel Flow,3.0
2026-08-09 00:43:25,Southern Owens Valley,Lubkin Spillgate Outflow,0.0
2026-08-09 00:43:25,Southern Owens Valley,Cartago Spillgate Outflow,10.8
2026-08-09 00:43:25,Southern Owens Valley,Lone Pine Creek Flow,15.0
2026-08-09 00:43:25,Lower Owens River Project,LORP Intake Flow,80.0
2026-08-09 00:43:25,Lower Owens River Project,LORP at Mazourka Canyon Road,0.0
2026-08-09 00:43:25,Lower Owens River Project,LORP at Reinhackle Springs,74.0
2026-08-09 00:43:25,Lower Owens River Project,LORP Above Pumpstation,51.0
2026-08-09 00:43:25,Lower Owens River Project,LORP At Pump Station Discharge Flow,48.0
2026-08-09 00:43:25,Southern District,Haiwee LAA #2 Current Flow,195.5
2026-08-09 00:43:25,Southern District,Haiwee LAA #1 Current Flow,0.0
2026-08-09 00:43:25,Southern District,LAA #1 Flow at Fairmont Reservoir,348.9
2026-08-09 00:43:25,Southern District,LAA #2 Flow at Fairmont Res.,204.5
2026-08-09 00:43:25,Southern District,Bouquet Reservoir Inflow,51.7
2026-08-09 00:43:25,Southern District,Bouquet Reservoir Outflow,0.5
2026-08-09 00:43:25,Southern District,LAA #1 at Soledad Flow,265.9
2026-08-09 00:43:25,Southern District,LAA #2 at Soledad Flow,246.5
2026-08-09 00:43:26,Mono Basin,Mono Lk. Elevation,6382.4
2026-08-09 00:43:26,Mono Basin,Grant Lk. Elevation,7129.9
2026-08-09 00:43:26,Long Valley,Long Valley Elevation,6773.6
2026-08-09 00:43:26,Northern Owens Valley,Pleasant Valley Elevation,4390.3
2026-08-09 00:43:26,Southern Owens Valley,LAA at Alabama Level,6.8
2026-08-09 00:43:26,Southern Owens Valley,LAA at Alabama Water Temp,76.8
2026-08-09 00:43:26,Southern Owens Valley,LAA at Cottonwood Level,8.2
2026-08-09 00:43:26,Southern Owens Valley,LAA at Cotton. Water Temp,76.8
2026-08-09 00:43:26,Southern Owens Valley,N. Haiwee Elevation,3757.0
2026-08-09 00:43:26,Southern Owens Valley,S. Haiwee Reservoir Elevation,3724.6
2026-08-09 00:43:26,Southern District,S. Haiwee Reservoir Elevation,3724.6
2026-08-09 00:43:26,Southern District,Fairmont Reservoir Elevation,3026.9
2026-08-09 00:43:26,Southern District,Bouquet Reservoir Elevation,2983.2
2026-08-09 01:43:26,Mono Basin,Lee Vining Intake Above Flow,32.9
2026-08-09 01:43:26,Mono Basin,Lee Vining Intake Below Flow,30.1
2026-08-09 01:43:26,Mono Basin,Mono Lk. Elevation,6382.4
2026-08-09 01:43:26,Mono Basin,Walker Ck. Above Conduit Flow,4.0
2026-08-09 01:43:26,Mono Basin,L.V. Conduit Below Intake Flow,1.0
2026-08-09 01:43:26,Mono Basin,Walker Ck. Under Conduit Flow,4.0
2026-08-09 01:43:26,Mono Basin,Parker Ck. Under Conduit Flow,14.0
2026-08-09 01:43:26,Mono Basin,Parker Ck. Above Conduit Flow,15.0
2026-08-09 01:43:26,Mono Basin,Grant Lk. Spill Flow,0.0
2026-08-09 01:43:26,Mono Basin,Mono Gate 1 Return Ditch Flow,40.6
2026-08-09 01:43:26,Mono Basin,Grant Lk. Elevation,7129.9
2026-08-09 01:43:26,Mono Basin,Grant Lk. Outflow,40.4
2026-08-09 01:43:26,Mono Basin,Rush Ck. at Damsite Flow,11.9
2026-08-09 01:43:26,Mono Basin,Flow to West Portal,0.0
2026-08-09 01:43:26,Long Valley,East Portal Flow,13.0
2026-08-09 01:43:26,Long Valley,OR Below EP Flow,58.0
2026-08-09 01:43:26,Long Valley,Hot Ck.at Hwy. Flow,6.0
2026-08-09 01:43:26,Long Valley,McGee Ck. Lower Sta. Flow,8.2
2026-08-09 01:43:26,Long Valley,Long Valley Elevation,6773.6
2026-08-09 01:43:26,Long Valley,Long Valley Current Outflow,579.3
2026-08-09 01:43:26,Long Valley,Rock Ck. Div. Flow,0.1
2026-08-09 01:43:26,Long Valley,Upper Gorge Total Release,41.4
2026-08-09 01:43:26,Long Valley,Release at Middle Gorge,0.0
2026-08-09 01:43:26,Northern Owens Valley,Rock Ck. At Owens River (PV) Flow,25.8
2026-08-09 01:43:26,Northern Owens Valley,Pleasant Valley Elevation,4390.4
2026-08-09 01:43:26,Northern Owens Valley,Pleasant Valley Outflow,494.7
2026-08-09 01:43:26,Northern Owens Valley,Baker Ck. At LA Station Flow,6.2
2026-08-09 01:43:26,Northern Owens Valley,Big Pine Ck. USGS Flow,47.8
2026-08-09 01:43:26,Northern Owens Valley,O.R. Below Big Pine,473.1
2026-08-09 01:43:26,Northern Owens Valley,Fish Springs At RR Flow,35.2
2026-08-09 01:43:26,Northern Owens Valley,Tinemaha Reservoir Outflow,379.1
2026-08-09 01:43:26,Northern Owens Valley,Bishop Creek Through Plant 6,98.7
2026-08-09 01:43:26,Northern Owens Valley,Bishop Creek Around Plant 6,8.1
2026-08-09 01:43:26,Southern Owens Valley,Tinemaha Reservoir Outflow,379.1
2026-08-09 01:43:26,Southern Owens Valley,Indep. Ck. At Junction Flow,7.1
2026-08-09 01:43:26,Southern Owens Valley,LAA at Alabama Flow,311.0
2026-08-09 01:43:26,Southern Owens Valley,LAA at Alabama Level,6.8
2026-08-09 01:43:26,Southern Owens Valley,LAA at Alabama Water Temp,76.3
2026-08-09 01:43:26,Southern Owens Valley,Cottonwood Ck. At LAA Flow,0.0
2026-08-09 01:43:26,Southern Owens Valley,LAA at Cottonwood Flow,393.0
2026-08-09 01:43:26,Southern Owens Valley,LAA at Cottonwood Level,8.2
2026-08-09 01:43:26,Southern Owens Valley,LAA at Cotton. Water Temp,76.4
2026-08-09 01:43:26,Southern Owens Valley,N. Haiwee Elevation,3757.0
2026-08-09 01:43:26,Southern Owens Valley,S. Haiwee Reservoir Elevation,3724.6
2026-08-09 01:43:26,Southern Owens Valley,Haiwee LAA #1 Current Flow,0.0
2026-08-09 01:43:26,Southern Owens Valley,Haiwee LAA #2 Current Flow,195.1
2026-08-09 01:43:26,Southern Owens Valley,Reinhackel Flow,3.0
2026-08-09 01:43:26,Southern Owens Valley,Lubkin Spillgate Outflow,0.0
2026-08-09 01:43:26,Southern Owens Valley,Cartago Spillgate Outflow,10.2
2026-08-09 01:43:26,Southern Owens Valley,Lone Pine Creek Flow,14.8
2026-08-09 01:43:26,Lower Owens River Project,LORP Intake Flow,80.0
2026-08-09 01:43:26,Lower Owens River Project,LORP at Mazourka Canyon Road,0.0
2026-08-09 01:43:26,Lower Owens River Project,LORP at Reinhackle Springs,71.0
2026-08-09 01:43:26,Lower Owens River Project,LORP Above Pumpstation,51.0
2026-08-09 01:43:26,Lower Owens River Project,LORP At Pump Station Discharge Flow,48.0
2026-08-09 01:43:26,Southern District,Haiwee LAA #2 Current Flow,195.1
2026-08-09 01:43:26,Southern District,S. Haiwee Reservoir Elevation,3724.6
2026-08-09 01:43:26,Southern District,Haiwee LAA #1 Current Flow,0.0
2026-08-09 01:43:26,Southern District,Fairmont Reservoir Elevation,3026.8
2026-08-09 01:43:26,Southern District,LAA #1 Flow at Fairmont Reservoir,334.5
2026-08-09 01:43:26,Southern District,LAA #2 Flow at Fairmont Res.,204.7
2026-08-09 01:43:26,Southern District,Bouquet Reservoir Elevation,2983.2
2026-08-09 01:43:26,Southern District,Bouquet Reservoir Inflow,51.8
2026-08-09 01:43:26,Southern District,Bouquet Reservoir Outflow,0.5
2026-08-09 01:43:26,Southern District,LAA #1 at Soledad Flow,265.9
2026-08-09 01:43:26,Southern District,LAA #2 at Soledad Flow,244.8
2026-08-09 02:28:25,Northern Owens Valley,Tinemaha Elevation,3861.0
2026-08-09 02:28:25,Southern Owens Valley,Tinemaha Elevation,3861.0
2026-08-09 02:43:25,Mono Basin,Lee Vining Intake Above Flow,32.6
2026-08-09 02:43:25,Mono Basin,Lee Vining Intake Below Flow,30.3
2026-08-09 02:43:25,Mono Basin,Walker Ck. Above Conduit Flow,4.0
2026-08-09 02:43:25,Mono Basin,L.V. Conduit Below Intake Flow,1.0
2026-08-09 02:43:25,Mono Basin,Walker Ck. Under Conduit Flow,4.0
2026-08-09 02:43:25,Mono Basin,Parker Ck. Under Conduit Flow,14.0
2026-08-09 02:43:25,Mono Basin,Parker Ck. Above Conduit Flow,15.0
2026-08-09 02:43:25,Mono Basin,Grant Lk. Spill Flow,0.0
2026-08-09 02:43:25,Mono Basin,Mono Gate 1 Return Ditch Flow,40.5
2026-08-09 02:43:25,Mono Basin,Grant Lk. Outflow,40.4
2026-08-09 02:43:25,Mono Basin,Rush Ck. at Damsite Flow,11.9
2026-08-09 02:43:25,Mono Basin,Flow to West Portal,0.0
2026-08-09 02:43:25,Long Valley,East Portal Flow,13.0
2026-08-09 02:43:25,Long Valley,OR Below EP Flow,58.0
2026-08-09 02:43:25,Long Valley,Hot Ck.at Hwy. Flow,6.0
2026-08-09 02:43:25,Long Valley,McGee Ck. Lower Sta. Flow,8.2
2026-08-09 02:43:25,Long Valley,Long Valley Current Outflow,580.4
2026-08-09 02:43:25,Long Valley,Rock Ck. Div. Flow,0.1
2026-08-09 02:43:25,Long Valley,Upper Gorge Total Release,41.6
2026-08-09 02:43:25,Long Valley,Release at Middle Gorge,0.0
2026-08-09 02:43:25,Northern Owens Valley,Rock Ck. At Owens River (PV) Flow,26.2
2026-08-09 02:43:25,Northern Owens Valley,Pleasant Valley Outflow,495.2
2026-08-09 02:43:25,Northern Owens Valley,Baker Ck. At LA Station Flow,6.2
2026-08-09 02:43:25,Northern Owens Valley,Big Pine Ck. USGS Flow,47.8
2026-08-09 02:43:25,Northern Owens Valley,O.R. Below Big Pine,475.1
2026-08-09 02:43:25,Northern Owens Valley,Fish Springs At RR Flow,35.2
2026-08-09 02:43:25,Northern Owens Valley,Tinemaha Reservoir Outflow,379.9
2026-08-09 02:43:25,Northern Owens Valley,Bishop Creek Through Plant 6,98.7
2026-08-09 02:43:25,Northern Owens Valley,Bishop Creek Around Plant 6,8.1
2026-08-09 02:43:25,Southern Owens Valley,Tinemaha Reservoir Outflow,379.9
2026-08-09 02:43:25,Southern Owens Valley,Indep. Ck. At Junction Flow,7.1
2026-08-09 02:43:25,Southern Owens Valley,LAA at Alabama Flow,312.0
2026-08-09 02:43:25,Southern Owens Valley,Cottonwood Ck. At LAA Flow,0.0
2026-08-09 02:43:25,Southern Owens Valley,LAA at Cottonwood Flow,393.0
2026-08-09 02:43:25,Southern Owens Valley,Haiwee LAA #1 Current Flow,0.0
2026-08-09 02:43:25,Southern Owens Valley,Haiwee LAA #2 Current Flow,195.1
2026-08-09 02:43:25,Southern Owens Valley,Reinhackel Flow,3.0
2026-08-09 02:43:25,Southern Owens Valley,Lubkin Spillgate Outflow,0.0
2026-08-09 02:43:25,Southern Owens Valley,Cartago Spillgate Outflow,11.0
2026-08-09 02:43:25,Southern Owens Valley,Lone Pine Creek Flow,14.8
2026-08-09 02:43:25,Lower Owens River Project,LORP Intake Flow,80.0
2026-08-09 02:43:25,Lower Owens River Project,LORP at Mazourka Canyon Road,0.0
2026-08-09 02:43:25,Lower Owens River Project,LORP at Reinhackle Springs,74.0
2026-08-09 02:43:25,Lower Owens River Project,LORP Above Pumpstation,51.0
2026-08-09 02:43:25,Lower Owens River Project,LORP At Pump Station Discharge Flow,48.0
2026-08-09 02:43:25,Southern District,Haiwee LAA #2 Current Flow,195.1
2026-08-09 02:43:25,Southern District,Haiwee LAA #1 Current Flow,0.0
2026-08-09 02:43:25,Southern District,LAA #1 Flow at Fairmont Reservoir,336.5
2026-08-09 02:43:25,Southern District,LAA #2 Flow at Fairmont Res.,204.6
2026-08-09 02:43:25,Southern District,Bouquet Reservoir Inflow,51.5
2026-08-09 02:43:25,Southern District,Bouquet Reservoir Outflow,0.5
2026-08-09 02:43:25,Southern District,LAA #1 at Soledad Flow,265.9
2026-08-09 02:43:25,Southern District,LAA #2 at Soledad Flow,244.8
2026-08-09 02:43:26,Mono Basin,Mono Lk. Elevation,6382.4
2026-08-09 02:43:26,Mono Basin,Grant Lk. Elevation,7129.9
2026-08-09 02:43:26,Long Valley,Long Valley Elevation,6773.6
2026-08-09 02:43:26,Northern Owens Valley,Pleasant Valley Elevation,4390.6
2026-08-09 02:43:26,Southern Owens Valley,LAA at Alabama Level,6.8
2026-08-09 02:43:26,Southern Owens Valley,LAA at Alabama Water Temp,75.6
2026-08-09 02:43:26,Southern Owens Valley,LAA at Cottonwood Level,8.2
2026-08-09 02:43:26,Southern Owens Valley,LAA at Cotton. Water Temp,75.9
2026-08-09 02:43:26,Southern Owens Valley,N. Haiwee Elevation,3757.0
2026-08-09 02:43:26,Southern Owens Valley,S. Haiwee Reservoir Elevation,3724.6
2026-08-09 02:43:26,Southern District,S. Haiwee Reservoir Elevation,3724.6
2026-08-09 02:43:26,Southern District,Fairmont Reservoir Elevation,3026.8
2026-08-09 02:43:26,Southern District,Bouquet Reservoir Elevation,2983.2
2026-08-09 02:58:24,Northern Owens Valley,Tinemaha Elevation,3861.0
2026-08-09 02:58:24,Southern Owens Valley,Tinemaha Elevation,3861.0
2026-08-09 03:28:24,Northern Owens Valley,Tinemaha Elevation,3861.0
2026-08-09 03:28:24,Southern Owens Valley,Tinemaha Elevation,3861.0
2026-08-09 03:43:25,Mono Basin,Lee Vining Intake Above Flow,32.9
2026-08-09 03:43:25,Mono Basin,Lee Vining Intake Below Flow,30.4
2026-08-09 03:43:25,Mono Basin,Mono Lk. Elevation,6382.4
2026-08-09 03:43:25,Mono Basin,Walker Ck. Above Conduit Flow,4.0
2026-08-09 03:43:25,Mono Basin,L.V. Conduit Below Intake Flow,1.0
2026-08-09 03:43:25,Mono Basin,Walker Ck. Under Conduit Flow,4.0
2026-08-09 03:43:25,Mono Basin,Parker Ck. Under Conduit Flow,14.0
2026-08-09 03:43:25,Mono Basin,Parker Ck. Above Conduit Flow,15.0
2026-08-09 03:43:25,Mono Basin,Grant Lk. Spill Flow,0.0
2026-08-09 03:43:25,Mono Basin,Mono Gate 1 Return Ditch Flow,40.5
2026-08-09 03:43:25,Mono Basin,Grant Lk. Elevation,7129.9
2026-08-09 03:43:25,Mono Basin,Grant Lk. Outflow,40.6
2026-08-09 03:43:25,Mono Basin,Rush Ck. at Damsite Flow,11.9
2026-08-09 03:43:25,Mono Basin,Flow to West Portal,0.0
2026-08-09 03:43:25,Long Valley,East Portal Flow,13.0
2026-08-09 03:43:25,Long Valley,OR Below EP Flow,58.0
2026-08-09 03:43:25,Long Valley,Hot Ck.at Hwy. Flow,6.0
2026-08-09 03:43:25,Long Valley,McGee Ck. Lower Sta. Flow,8.2
2026-08-09 03:43:25,Long Valley,Long Valley Elevation,6773.6
2026-08-09 03:43:25,Long Valley,Long Valley Current Outflow,577.3
2026-08-09 03:43:25,Long Valley,Rock Ck. Div. Flow,0.1
2026-08-09 03:43:25,Long Valley,Upper Gorge Total Release,41.5
2026-08-09 03:43:25,Long Valley,Release at Middle Gorge,0.0
2026-08-09 03:43:25,Northern Owens Valley,Rock Ck. At Owens River (PV) Flow,26.2
2026-08-09 03:43:25,Northern Owens Valley,Pleasant Valley Elevation,4390.7
2026-08-09 03:43:25,Northern Owens Valley,Pleasant Valley Outflow,495.5
2026-08-09 03:43:25,Northern Owens Valley,Baker Ck. At LA Station Flow,6.5
2026-08-09 03:43:25,Northern Owens Valley,Big Pine Ck. USGS Flow,47.8
2026-08-09 03:43:25,Northern Owens Valley,O.R. Below Big Pine,475.8
2026-08-09 03:43:25,Northern Owens Valley,Fish Springs At RR Flow,35.2
2026-08-09 03:43:25,Northern Owens Valley,Tinemaha Reservoir Outflow,380.6
2026-08-09 03:43:25,Northern Owens Valley,Bishop Creek Through Plant 6,99.8
2026-08-09 03:43:25,Northern Owens Valley,Bishop Creek Around Plant 6,8.0
2026-08-09 03:43:25,Southern Owens Valley,Tinemaha Reservoir Outflow,380.6
2026-08-09 03:43:25,Southern Owens Valley,Indep. Ck. At Junction Flow,7.1
2026-08-09 03:43:25,Southern Owens Valley,LAA at Alabama Flow,311.0
2026-08-09 03:43:25,Southern Owens Valley,LAA at Alabama Level,6.8
2026-08-09 03:43:25,Southern Owens Valley,LAA at Alabama Water Temp,75.2
2026-08-09 03:43:25,Southern Owens Valley,Cottonwood Ck. At LAA Flow,0.0
2026-08-09 03:43:25,Southern Owens Valley,LAA at Cottonwood Flow,394.0
2026-08-09 03:43:25,Southern Owens Valley,LAA at Cottonwood Level,8.3
2026-08-09 03:43:25,Southern Owens Valley,LAA at Cotton. Water Temp,75.7
2026-08-09 03:43:25,Southern Owens Valley,N. Haiwee Elevation,3757.0
2026-08-09 03:43:25,Southern Owens Valley,S. Haiwee Reservoir Elevation,3724.5
2026-08-09 03:43:25,Southern Owens Valley,Haiwee LAA #1 Current Flow,0.0
2026-08-09 03:43:25,Southern Owens Valley,Haiwee LAA #2 Current Flow,195.1
2026-08-09 03:43:25,Southern Owens Valley,Reinhackel Flow,3.0
2026-08-09 03:43:25,Southern Owens Valley,Lubkin Spillgate Outflow,0.0
2026-08-09 03:43:25,Southern Owens Valley,Cartago Spillgate Outflow,10.9
2026-08-09 03:43:25,Southern Owens Valley,Lone Pine Creek Flow,14.7
2026-08-09 03:43:25,Lower Owens River Project,LORP Intake Flow,80.0
2026-08-09 03:43:25,Lower Owens River Project,LORP at Mazourka Canyon Road,0.0
2026-08-09 03:43:25,Lower Owens River Project,LORP at Reinhackle Springs,75.0
2026-08-09 03:43:25,Lower Owens River Project,LORP Above Pumpstation,51.0
2026-08-09 03:43:25,Lower Owens River Project,LORP At Pump Station Discharge Flow,48.0
2026-08-09 03:43:25,Southern District,Haiwee LAA #2 Current Flow,195.1
2026-08-09 03:43:25,Southern District,S. Haiwee Reservoir Elevation,3724.5
2026-08-09 03:43:25,Southern District,Haiwee LAA #1 Current Flow,0.0
2026-08-09 03:43:25,Southern District,Fairmont Reservoir Elevation,3026.8
2026-08-09 03:43:25,Southern District,LAA #1 Flow at Fairmont Reservoir,340.9
2026-08-09 03:43:25,Southern District,LAA #2 Flow at Fairmont Res.,204.6
2026-08-09 03:43:25,Southern District,Bouquet Reservoir Elevation,2983.2
2026-08-09 03:43:25,Southern District,Bouquet Reservoir Inflow,52.0
2026-08-09 03:43:25,Southern District,Bouquet Reservoir Outflow,0.5
2026-08-09 03:43:25,Southern District,LAA #1 at Soledad Flow,263.1
2026-08-09 03:43:25,Southern District,LAA #2 at Soledad Flow,245.2
2026-08-09 03:58:25,Northern Owens Valley,Tinemaha Elevation,3861.0
2026-08-09 03:58:25,Southern Owens Valley,Tinemaha Elevation,3861.0
2026-08-09 04:28:24,Northern Owens Valley,Tinemaha Elevation,3861.0
2026-08-09 04:28:24,Southern Owens Valley,Tinemaha Elevation,3861.0
2026-08-09 04:43:25,Mono Basin,Lee Vining Intake Above Flow,32.9
2026-08-09 04:43:25,Mono Basin,Lee Vining Intake Below Flow,30.5
2026-08-09 04:43:25,Mono Basin,Walker Ck. Above Conduit Flow,4.0
2026-08-09 04:43:25,Mono Basin,L.V. Conduit Below Intake Flow,1.0
2026-08-09 04:43:25,Mono Basin,Walker Ck. Under Conduit Flow,4.0
2026-08-09 04:43:25,Mono Basin,Parker Ck. Under Conduit Flow,14.0
2026-08-09 04:43:25,Mono Basin,Parker Ck. Above Conduit Flow,15.0
2026-08-09 04:43:25,Mono Basin,Grant Lk. Spill Flow,0.0
2026-08-09 04:43:25,Mono Basin,Mono Gate 1 Return Ditch Flow,40.7
2026-08-09 04:43:25,Mono Basin,Grant Lk. Outflow,40.5
2026-08-09 04:43:25,Mono Basin,Rush Ck. at Damsite Flow,11.9
2026-08-09 04:43:25,Mono Basin,Flow to West Portal,0.0
2026-08-09 04:43:25,Long Valley,East Portal Flow,13.0
2026-08-09 04:43:25,Long Valley,OR Below EP Flow,58.0
2026-08-09 04:43:25,Long Valley,Hot Ck.at Hwy. Flow,6.0
2026-08-09 04:43:25,Long Valley,McGee Ck. Lower Sta. Flow,8.2
2026-08-09 04:43:25,Long Valley,Long Valley Current Outflow,577.4
2026-08-09 04:43:25,Long Valley,Rock Ck. Div. Flow,0.1
2026-08-09 04:43:25,Long Valley,Upper Gorge Total Release,41.3
2026-08-09 04:43:25,Long Valley,Release at Middle Gorge,0.0
2026-08-09 04:43:25,Northern Owens Valley,Rock Ck. At Owens River (PV) Flow,26.4
2026-08-09 04:43:25,Northern Owens Valley,Pleasant Valley Outflow,496.3
2026-08-09 04:43:25,Northern Owens Valley,Baker Ck. At LA Station Flow,6.5
2026-08-09 04:43:25,Northern Owens Valley,Big Pine Ck. USGS Flow,47.8
2026-08-09 04:43:25,Northern Owens Valley,O.R. Below Big Pine,475.8
2026-08-09 04:43:25,Northern Owens Valley,Fish Springs At RR Flow,35.2
2026-08-09 04:43:25,Northern Owens Valley,Tinemaha Reservoir Outflow,380.6
2026-08-09 04:43:25,Northern Owens Valley,Bishop Creek Through Plant 6,97.9
2026-08-09 04:43:25,Northern Owens Valley,Bishop Creek Around Plant 6,8.0
2026-08-09 04:43:25,Southern Owens Valley,Tinemaha Reservoir Outflow,380.6
2026-08-09 04:43:25,Southern Owens Valley,Indep. Ck. At Junction Flow,7.1
2026-08-09 04:43:25,Southern Owens Valley,LAA at Alabama Flow,312.0
2026-08-09 04:43:25,Southern Owens Valley,Cottonwood Ck. At LAA Flow,0.0
2026-08-09 04:43:25,Southern Owens Valley,LAA at Cottonwood Flow,396.0
2026-08-09 04:43:25,Southern Owens Valley,Haiwee LAA #1 Current Flow,0.0
2026-08-09 04:43:25,Southern Owens Valley,Haiwee LAA #2 Current Flow,195.1
2026-08-09 04:43:25,Southern Owens Valley,Reinhackel Flow,3.0
2026-08-09 04:43:25,Southern Owens Valley,Lubkin Spillgate Outflow,0.0
2026-08-09 04:43:25,Southern Owens Valley,Cartago Spillgate Outflow,11.1
2026-08-09 04:43:25,Southern Owens Valley,Lone Pine Creek Flow,14.6
2026-08-09 04:43:25,Lower Owens River Project,LORP Intake Flow,80.0
2026-08-09 04:43:25,Lower Owens River Project,LORP at Mazourka Canyon Road,0.0
2026-08-09 04:43:25,Lower Owens River Project,LORP at Reinhackle Springs,69.0
2026-08-09 04:43:25,Lower Owens River Project,LORP Above Pumpstation,40.0
2026-08-09 04:43:25,Lower Owens River Project,LORP At Pump Station Discharge Flow,37.0
2026-08-09 04:43:25,Southern District,Haiwee LAA #2 Current Flow,195.1
2026-08-09 04:43:25,Southern District,Haiwee LAA #1 Current Flow,0.0
2026-08-09 04:43:25,Southern District,LAA #1 Flow at Fairmont Reservoir,316.9
2026-08-09 04:43:25,Southern District,LAA #2 Flow at Fairmont Res.,204.6
2026-08-09 04:43:25,Southern District,Bouquet Reservoir Inflow,51.3
2026-08-09 04:43:25,Southern District,Bouquet Reservoir Outflow,0.5
2026-08-09 04:43:25,Southern District,LAA #1 at Soledad Flow,263.1
2026-08-09 04:43:25,Southern District,LAA #2 at Soledad Flow,245.2
2026-08-09 04:43:26,Mono Basin,Mono Lk. Elevation,6382.4
2026-08-09 04:43:26,Mono Basin,Grant Lk. Elevation,7129.9
2026-08-09 04:43:26,Long Valley,Long Valley Elevation,6773.6
2026-08-09 04:43:26,Northern Owens Valley,Pleasant Valley Elevation,4390.9
2026-08-09 04:43:26,Southern Owens Valley,LAA at Alabama Level,6.9
2026-08-09 04:43:26,Southern Owens Valley,LAA at Alabama Water Temp,74.7
2026-08-09 04:43:26,Southern Owens Valley,LAA at Cottonwood Level,8.3
2026-08-09 04:43:26,Southern Owens Valley,LAA at Cotton. Water Temp,75.6
2026-08-09 04:43:26,Southern Owens Valley,N. Haiwee Elevation,3757.0
2026-08-09 04:43:26,Southern Owens Valley,S. Haiwee Reservoir Elevation,3724.5
2026-08-09 04:43:26,Southern District,S. Haiwee Reservoir Elevation,3724.5
2026-08-09 04:43:26,Southern District,Fairmont Reservoir Elevation,3026.8
2026-08-09 04:43:26,Southern District,Bouquet Reservoir Elevation,2983.2
2026-08-09 04:58:25,Northern Owens Valley,Tinemaha Elevation,3861.0
2026-08-09 04:58:25,Southern Owens Valley,Tinemaha Elevation,3861.0
2026-08-09 05:28:24,Northern Owens Valley,Tinemaha Elevation,3861.1
2026-08-09 05:28:24,Southern Owens Valley,Tinemaha Elevation,3861.1
2026-08-09 05:43:25,Mono Basin,Lee Vining Intake Above Flow,33.3
2026-08-09 05:43:25,Mono Basin,Lee Vining Intake Below Flow,30.4
2026-08-09 05:43:25,Mono Basin,Walker Ck. Above Conduit Flow,4.0
2026-08-09 05:43:25,Mono Basin,L.V. Conduit Below Intake Flow,1.0
2026-08-09 05:43:25,Mono Basin,Walker Ck. Under Conduit Flow,4.0
2026-08-09 05:43:25,Mono Basin,Parker Ck. Under Conduit Flow,14.0
2026-08-09 05:43:25,Mono Basin,Parker Ck. Above Conduit Flow,15.0
2026-08-09 05:43:25,Mono Basin,Grant Lk. Spill Flow,0.0
2026-08-09 05:43:25,Mono Basin,Mono Gate 1 Return Ditch Flow,40.6
2026-08-09 05:43:25,Mono Basin,Grant Lk. Outflow,40.3
2026-08-09 05:43:25,Mono Basin,Rush Ck. at Damsite Flow,11.9
2026-08-09 05:43:25,Mono Basin,Flow to West Portal,0.0
2026-08-09 05:43:25,Long Valley,East Portal Flow,13.0
2026-08-09 05:43:25,Long Valley,OR Below EP Flow,58.0
2026-08-09 05:43:25,Long Valley,Hot Ck.at Hwy. Flow,6.0
2026-08-09 05:43:25,Long Valley,McGee Ck. Lower Sta. Flow,8.2
2026-08-09 05:43:25,Long Valley,Long Valley Current Outflow,581.2
2026-08-09 05:43:25,Long Valley,Rock Ck. Div. Flow,0.1
2026-08-09 05:43:25,Long Valley,Upper Gorge Total Release,41.4
2026-08-09 05:43:25,Long Valley,Release at Middle Gorge,0.0
2026-08-09 05:43:25,Northern Owens Valley,Rock Ck. At Owens River (PV) Flow,26.6
2026-08-09 05:43:25,Northern Owens Valley,Pleasant Valley Outflow,496.7
2026-08-09 05:43:25,Northern Owens Valley,Baker Ck. At LA Station Flow,6.5
2026-08-09 05:43:25,Northern Owens Valley,Big Pine Ck. USGS Flow,47.8
2026-08-09 05:43:25,Northern Owens Valley,O.R. Below Big Pine,479.0
2026-08-09 05:43:25,Northern Owens Valley,Fish Springs At RR Flow,35.2
2026-08-09 05:43:25,Northern Owens Valley,Tinemaha Reservoir Outflow,379.9
2026-08-09 05:43:25,Northern Owens Valley,Bishop Creek Through Plant 6,105.8
2026-08-09 05:43:25,Northern Owens Valley,Bishop Creek Around Plant 6,8.1
2026-08-09 05:43:25,Southern Owens Valley,Tinemaha Reservoir Outflow,379.9
2026-08-09 05:43:25,Southern Owens Valley,Indep. Ck. At Junction Flow,7.6
2026-08-09 05:43:25,Southern Owens Valley,LAA at Alabama Flow,312.0
2026-08-09 05:43:25,Southern Owens Valley,Cottonwood Ck. At LAA Flow,0.0
2026-08-09 05:43:25,Southern Owens Valley,LAA at Cottonwood Flow,396.0
2026-08-09 05:43:25,Southern Owens Valley,Haiwee LAA #1 Current Flow,0.0
2026-08-09 05:43:25,Southern Owens Valley,Haiwee LAA #2 Current Flow,195.1
2026-08-09 05:43:25,Southern Owens Valley,Reinhackel Flow,3.0
2026-08-09 05:43:25,Southern Owens Valley,Lubkin Spillgate Outflow,0.0
2026-08-09 05:43:25,Southern Owens Valley,Cartago Spillgate Outflow,11.0
2026-08-09 05:43:25,Southern Owens Valley,Lone Pine Creek Flow,14.5
2026-08-09 05:43:25,Lower Owens River Project,LORP Intake Flow,81.0
2026-08-09 05:43:25,Lower Owens River Project,LORP at Mazourka Canyon Road,0.0
2026-08-09 05:43:25,Lower Owens River Project,LORP at Reinhackle Springs,72.0
2026-08-09 05:43:25,Lower Owens River Project,LORP Above Pumpstation,52.0
2026-08-09 05:43:25,Lower Owens River Project,LORP At Pump Station Discharge Flow,49.0
2026-08-09 05:43:25,Southern District,Haiwee LAA #2 Current Flow,195.1
2026-08-09 05:43:25,Southern District,Haiwee LAA #1 Current Flow,0.0
2026-08-09 05:43:25,Southern District,LAA #1 Flow at Fairmont Reservoir,335.2
2026-08-09 05:43:25,Southern District,LAA #2 Flow at Fairmont Res.,204.8
2026-08-09 05:43:25,Southern District,Bouquet Reservoir Inflow,46.5
2026-08-09 05:43:25,Southern District,Bouquet Reservoir Outflow,0.6
2026-08-09 05:43:25,Southern District,LAA #1 at Soledad Flow,263.1
2026-08-09 05:43:25,Southern District,LAA #2 at Soledad Flow,245.2
2026-08-09 05:43:26,Mono Basin,Mono Lk. Elevation,6382.4
2026-08-09 05:43:26,Mono Basin,Grant Lk. Elevation,7129.9
2026-08-09 05:43:26,Long Valley,Long Valley Elevation,6773.6
2026-08-09 05:43:26,Northern Owens Valley,Pleasant Valley Elevation,4391.0
2026-08-09 05:43:26,Southern Owens Valley,LAA at Alabama Level,6.9
2026-08-09 05:43:26,Southern Owens Valley,LAA at Alabama Water Temp,74.3
2026-08-09 05:43:26,Southern Owens Valley,LAA at Cottonwood Level,8.3
2026-08-09 05:43:26,Southern Owens Valley,LAA at Cotton. Water Temp,75.3
2026-08-09 05:43:26,Southern Owens Valley,N. Haiwee Elevation,3757.0
2026-08-09 05:43:26,Southern Owens Valley,S. Haiwee Reservoir Elevation,3724.5
2026-08-09 05:43:26,Southern District,S. Haiwee Reservoir Elevation,3724.5
2026-08-09 05:43:26,Southern District,Fairmont Reservoir Elevation,3026.8
2026-08-09 05:43:26,Southern District,Bouquet Reservoir Elevation,2983.3
2026-08-09 05:58:24,Northern Owens Valley,Tinemaha Elevation,3861.1
2026-08-09 05:58:24,Southern Owens Valley,Tinemaha Elevation,3861.1
2026-08-09 06:28:25,Northern Owens Valley,Tinemaha Elevation,3861.1
2026-08-09 06:28:25,Southern Owens Valley,Tinemaha Elevation,3861.1
2026-08-09 06:43:25,Mono Basin,Lee Vining Intake Above Flow,33.3
2026-08-09 06:43:25,Mono Basin,Lee Vining Intake Below Flow,30.5
2026-08-09 06:43:25,Mono Basin,Mono Lk. Elevation,6382.4
2026-08-09 06:43:25,Mono Basin,Walker Ck. Above Conduit Flow,4.0
2026-08-09 06:43:25,Mono Basin,L.V. Conduit Below Intake Flow,1.0
2026-08-09 06:43:25,Mono Basin,Walker Ck. Under Conduit Flow,5.0
2026-08-09 06:43:25,Mono Basin,Parker Ck. Under Conduit Flow,14.0
2026-08-09 06:43:25,Mono Basin,Parker Ck. Above Conduit Flow,15.0
2026-08-09 06:43:25,Mono Basin,Grant Lk. Spill Flow,0.0
2026-08-09 06:43:25,Mono Basin,Mono Gate 1 Return Ditch Flow,40.7
2026-08-09 06:43:25,Mono Basin,Grant Lk. Elevation,7129.9
2026-08-09 06:43:25,Mono Basin,Grant Lk. Outflow,40.6
2026-08-09 06:43:25,Mono Basin,Rush Ck. at Damsite Flow,11.4
2026-08-09 06:43:25,Mono Basin,Flow to West Portal,0.0
2026-08-09 06:43:25,Long Valley,East Portal Flow,13.0
2026-08-09 06:43:25,Long Valley,OR Below EP Flow,58.0
2026-08-09 06:43:25,Long Valley,Hot Ck.at Hwy. Flow,6.0
2026-08-09 06:43:25,Long Valley,McGee Ck. Lower Sta. Flow,8.4
2026-08-09 06:43:25,Long Valley,Long Valley Elevation,6773.5
2026-08-09 06:43:25,Long Valley,Long Valley Current Outflow,576.8
2026-08-09 06:43:25,Long Valley,Rock Ck. Div. Flow,0.1
2026-08-09 06:43:25,Long Valley,Upper Gorge Total Release,41.2
2026-08-09 06:43:25,Long Valley,Release at Middle Gorge,0.0
2026-08-09 06:43:25,Northern Owens Valley,Rock Ck. At Owens River (PV) Flow,26.7
2026-08-09 06:43:25,Northern Owens Valley,Pleasant Valley Elevation,4391.1
2026-08-09 06:43:25,Northern Owens Valley,Pleasant Valley Outflow,496.8
2026-08-09 06:43:25,Northern Owens Valley,Baker Ck. At LA Station Flow,7.3
2026-08-09 06:43:25,Northern Owens Valley,Big Pine Ck. USGS Flow,49.3
2026-08-09 06:43:25,Northern Owens Valley,O.R. Below Big Pine,478.5
2026-08-09 06:43:25,Northern Owens Valley,Fish Springs At RR Flow,35.8
2026-08-09 06:43:25,Northern Owens Valley,Tinemaha Reservoir Outflow,379.1
2026-08-09 06:43:25,Northern Owens Valley,Bishop Creek Through Plant 6,100.7
2026-08-09 06:43:25,Northern Owens Valley,Bishop Creek Around Plant 6,8.1
2026-08-09 06:43:25,Southern Owens Valley,Tinemaha Reservoir Outflow,379.1
2026-08-09 06:43:25,Southern Owens Valley,Indep. Ck. At Junction Flow,7.6
2026-08-09 06:43:25,Southern Owens Valley,LAA at Alabama Flow,312.0
2026-08-09 06:43:25,Southern Owens Valley,LAA at Alabama Level,6.9
2026-08-09 06:43:25,Southern Owens Valley,LAA at Alabama Water Temp,73.9
2026-08-09 06:43:25,Southern Owens Valley,Cottonwood Ck. At LAA Flow,0.0
2026-08-09 06:43:25,Southern Owens Valley,LAA at Cottonwood Flow,396.0
2026-08-09 06:43:25,Southern Owens Valley,LAA at Cottonwood Level,8.3
2026-08-09 06:43:25,Southern Owens Valley,LAA at Cotton. Water Temp,75.2
2026-08-09 06:43:25,Southern Owens Valley,N. Haiwee Elevation,3757.0
2026-08-09 06:43:25,Southern Owens Valley,S. Haiwee Reservoir Elevation,3724.4
2026-08-09 06:43:25,Southern Owens Valley,Haiwee LAA #1 Current Flow,0.0
2026-08-09 06:43:25,Southern Owens Valley,Haiwee LAA #2 Current Flow,195.1
2026-08-09 06:43:25,Southern Owens Valley,Reinhackel Flow,3.0
2026-08-09 06:43:25,Southern Owens Valley,Lubkin Spillgate Outflow,0.0
2026-08-09 06:43:25,Southern Owens Valley,Cartago Spillgate Outflow,11.0
2026-08-09 06:43:25,Southern Owens Valley,Lone Pine Creek Flow,14.4
2026-08-09 06:43:25,Lower Owens River Project,LORP Intake Flow,81.0
2026-08-09 06:43:25,Lower Owens River Project,LORP at Mazourka Canyon Road,0.0
2026-08-09 06:43:25,Lower Owens River Project,LORP at Reinhackle Springs,71.0
2026-08-09 06:43:25,Lower Owens River Project,LORP Above Pumpstation,51.0
2026-08-09 06:43:25,Lower Owens River Project,LORP At Pump Station Discharge Flow,48.0
2026-08-09 06:43:25,Southern District,Haiwee LAA #2 Current Flow,195.1
2026-08-09 06:43:25,Southern District,S. Haiwee Reservoir Elevation,3724.4
2026-08-09 06:43:25,Southern District,Haiwee LAA #1 Current Flow,0.0
2026-08-09 06:43:25,Southern District,Fairmont Reservoir Elevation,3026.8
2026-08-09 06:43:25,Southern District,LAA #1 Flow at Fairmont Reservoir,344.1
2026-08-09 06:43:25,Southern District,LAA #2 Flow at Fairmont Res.,204.7
2026-08-09 06:43:25,Southern District,Bouquet Reservoir Elevation,2983.3
2026-08-09 06:43:25,Southern District,Bouquet Reservoir Inflow,51.6
2026-08-09 06:43:25,Southern District,Bouquet Reservoir Outflow,0.5
2026-08-09 06:43:25,Southern District,LAA #1 at Soledad Flow,265.5
2026-08-09 06:43:25,Southern District,LAA #2 at Soledad Flow,244.8
2026-08-09 06:58:24,Northern Owens Valley,Tinemaha Elevation,3861.1
2026-08-09 06:58:24,Southern Owens Valley,Tinemaha Elevation,3861.1
2026-08-09 07:28:24,Northern Owens Valley,Tinemaha Elevation,3861.1
2026-08-09 07:28:24,Southern Owens Valley,Tinemaha Elevation,3861.1
2026-08-09 07:43:25,Mono Basin,Lee Vining Intake Above Flow,33.6
2026-08-09 07:43:25,Mono Basin,Lee Vining Intake Below Flow,30.6
2026-08-09 07:43:25,Mono Basin,Walker Ck. Above Conduit Flow,4.0
2026-08-09 07:43:25,Mono Basin,L.V. Conduit Below Intake Flow,1.0
2026-08-09 07:43:25,Mono Basin,Walker Ck. Under Conduit Flow,5.0
2026-08-09 07:43:25,Mono Basin,Parker Ck. Under Conduit Flow,14.0
2026-08-09 07:43:25,Mono Basin,Parker Ck. Above Conduit Flow,15.0
2026-08-09 07:43:25,Mono Basin,Grant Lk. Spill Flow,0.0
2026-08-09 07:43:25,Mono Basin,Mono Gate 1 Return Ditch Flow,40.6
2026-08-09 07:43:25,Mono Basin,Grant Lk. Outflow,40.5
2026-08-09 07:43:25,Mono Basin,Rush Ck. at Damsite Flow,11.4
2026-08-09 07:43:25,Mono Basin,Flow to West Portal,0.0
2026-08-09 07:43:25,Long Valley,East Portal Flow,13.0
2026-08-09 07:43:25,Long Valley,OR Below EP Flow,58.0
2026-08-09 07:43:25,Long Valley,Hot Ck.at Hwy. Flow,6.0
2026-08-09 07:43:25,Long Valley,McGee Ck. Lower Sta. Flow,8.4
2026-08-09 07:43:25,Long Valley,Long Valley Current Outflow,577.7
2026-08-09 07:43:25,Long Valley,Rock Ck. Div. Flow,0.1
2026-08-09 07:43:25,Long Valley,Upper Gorge Total Release,40.8
2026-08-09 07:43:25,Long Valley,Release at Middle Gorge,0.0
2026-08-09 07:43:25,Northern Owens Valley,Rock Ck. At Owens River (PV) Flow,26.8
2026-08-09 07:43:25,Northern Owens Valley,Pleasant Valley Outflow,497.4
2026-08-09 07:43:25,Northern Owens Valley,Baker Ck. At LA Station Flow,7.3
2026-08-09 07:43:25,Northern Owens Valley,Big Pine Ck. USGS Flow,49.3
2026-08-09 07:43:25,Northern Owens Valley,O.R. Below Big Pine,479.2
2026-08-09 07:43:25,Northern Owens Valley,Fish Springs At RR Flow,35.8
2026-08-09 07:43:25,Northern Owens Valley,Tinemaha Reservoir Outflow,376.8
2026-08-09 07:43:25,Northern Owens Valley,Bishop Creek Through Plant 6,100.7
2026-08-09 07:43:25,Northern Owens Valley,Bishop Creek Around Plant 6,8.1
2026-08-09 07:43:25,Southern Owens Valley,Tinemaha Reservoir Outflow,376.8
2026-08-09 07:43:25,Southern Owens Valley,Indep. Ck. At Junction Flow,7.6
2026-08-09 07:43:25,Southern Owens Valley,LAA at Alabama Flow,314.0
2026-08-09 07:43:25,Southern Owens Valley,LAA at Alabama Water Temp,73.4
2026-08-09 07:43:25,Southern Owens Valley,Cottonwood Ck. At LAA Flow,0.0
2026-08-09 07:43:25,Southern Owens Valley,LAA at Cottonwood Flow,396.0
2026-08-09 07:43:25,Southern Owens Valley,LAA at Cotton. Water Temp,75.2
2026-08-09 07:43:25,Southern Owens Valley,Haiwee LAA #1 Current Flow,0.0
2026-08-09 07:43:25,Southern Owens Valley,Haiwee LAA #2 Current Flow,195.1
2026-08-09 07:43:25,Southern Owens Valley,Reinhackel Flow,3.0
2026-08-09 07:43:25,Southern Owens Valley,Lubkin Spillgate Outflow,0.0
2026-08-09 07:43:25,Southern Owens Valley,Cartago Spillgate Outflow,9.7
2026-08-09 07:43:25,Southern Owens Valley,Lone Pine Creek Flow,14.4
2026-08-09 07:43:25,Lower Owens River Project,LORP Intake Flow,81.0
2026-08-09 07:43:25,Lower Owens River Project,LORP at Mazourka Canyon Road,0.0
2026-08-09 07:43:25,Lower Owens River Project,LORP at Reinhackle Springs,73.0
2026-08-09 07:43:25,Lower Owens River Project,LORP Above Pumpstation,40.0
2026-08-09 07:43:25,Lower Owens River Project,LORP At Pump Station Discharge Flow,37.0
2026-08-09 07:43:25,Southern District,Haiwee LAA #2 Current Flow,195.1
2026-08-09 07:43:25,Southern District,Haiwee LAA #1 Current Flow,0.0
2026-08-09 07:43:25,Southern District,LAA #1 Flow at Fairmont Reservoir,331.5
2026-08-09 07:43:25,Southern District,LAA #2 Flow at Fairmont Res.,204.6
2026-08-09 07:43:25,Southern District,Bouquet Reservoir Inflow,46.7
2026-08-09 07:43:25,Southern District,Bouquet Reservoir Outflow,0.5
2026-08-09 07:43:25,Southern District,LAA #1 at Soledad Flow,262.8
2026-08-09 07:43:25,Southern District,LAA #2 at Soledad Flow,244.9
2026-08-09 07:43:26,Mono Basin,Mono Lk. Elevation,6382.4
2026-08-09 07:43:26,Mono Basin,Grant Lk. Elevation,7129.9
2026-08-09 07:43:26,Long Valley,Long Valley Elevation,6773.5
2026-08-09 07:43:26,Northern Owens Valley,Pleasant Valley Elevation,4391.2
2026-08-09 07:43:26,Southern Owens Valley,LAA at Alabama Level,6.9
2026-08-09 07:43:26,Southern Owens Valley,LAA at Cottonwood Level,8.3
2026-08-09 07:43:26,Southern Owens Valley,N. Haiwee Elevation,3757.0
2026-08-09 07:43:26,Southern Owens Valley,S. Haiwee Reservoir Elevation,3724.4
2026-08-09 07:43:26,Southern District,S. Haiwee Reservoir Elevation,3724.4
2026-08-09 07:43:26,Southern District,Fairmont Reservoir Elevation,3026.8
2026-08-09 07:43:26,Southern District,Bouquet Reservoir Elevation,2983.3
2026-08-09 07:58:24,Northern Owens Valley,Tinemaha Elevation,3861.1
2026-08-09 07:58:24,Southern Owens Valley,Tinemaha Elevation,3861.1
2026-08-09 08:13:23,Mono Basin,Lee Vining Intake Above Flow,33.5
2026-08-09 08:13:23,Mono Basin,Lee Vining Intake Below Flow,30.7
2026-08-09 08:13:23,Mono Basin,Walker Ck. Above Conduit Flow,4.0
2026-08-09 08:13:23,Mono Basin,L.V. Conduit Below Intake Flow,1.0
2026-08-09 08:13:23,Mono Basin,Walker Ck. Under Conduit Flow,5.0
2026-08-09 08:13:23,Mono Basin,Parker Ck. Under Conduit Flow,14.0
2026-08-09 08:13:23,Mono Basin,Parker Ck. Above Conduit Flow,15.0
2026-08-09 08:13:23,Mono Basin,Grant Lk. Spill Flow,0.0
2026-08-09 08:13:23,Mono Basin,Grant Lk. Outflow,40.5
2026-08-09 08:13:23,Mono Basin,Rush Ck. at Damsite Flow,11.4
2026-08-09 08:13:23,Mono Basin,Flow to West Portal,5.1
2026-08-09 08:13:23,Long Valley,East Portal Flow,13.0
2026-08-09 08:13:23,Long Valley,OR Below EP Flow,58.0
2026-08-09 08:13:23,Long Valley,Hot Ck.at Hwy. Flow,6.0
2026-08-09 08:13:23,Long Valley,McGee Ck. Lower Sta. Flow,8.3
2026-08-09 08:13:23,Long Valley,Long Valley Current Outflow,584.3
2026-08-09 08:13:23,Long Valley,Rock Ck. Div. Flow,0.1
2026-08-09 08:13:23,Long Valley,Upper Gorge Total Release,41.3
2026-08-09 08:13:23,Long Valley,Release at Middle Gorge,0.0
2026-08-09 08:13:23,Northern Owens Valley,Rock Ck. At Owens River (PV) Flow,27.0
2026-08-09 08:13:23,Northern Owens Valley,Pleasant Valley Outflow,497.5
2026-08-09 08:13:23,Northern Owens Valley,Baker Ck. At LA Station Flow,7.3
2026-08-09 08:13:23,Northern Owens Valley,Big Pine Ck. USGS Flow,49.1
2026-08-09 08:13:23,Northern Owens Valley,O.R. Below Big Pine,479.5
2026-08-09 08:13:23,Northern Owens Valley,Fish Springs At RR Flow,35.8
2026-08-09 08:13:23,Northern Owens Valley,Tinemaha Reservoir Outflow,376.8
2026-08-09 08:13:23,Northern Owens Valley,Bishop Creek Through Plant 6,101.0
2026-08-09 08:13:23,Northern Owens Valley,Bishop Creek Around Plant 6,7.7
2026-08-09 08:13:23,Southern Owens Valley,Tinemaha Reservoir Outflow,376.8
2026-08-09 08:13:23,Southern Owens Valley,Indep. Ck. At Junction Flow,7.6
2026-08-09 08:13:23,Southern Owens Valley,LAA at Alabama Flow,314.0
2026-08-09 08:13:23,Southern Owens Valley,Cottonwood Ck. At LAA Flow,0.0
2026-08-09 08:13:23,Southern Owens Valley,LAA at Cottonwood Flow,397.0
2026-08-09 08:13:23,Southern Owens Valley,Haiwee LAA #1 Current Flow,0.0
2026-08-09 08:13:23,Southern Owens Valley,Haiwee LAA #2 Current Flow,194.8
2026-08-09 08:13:23,Southern Owens Valley,Reinhackel Flow,3.0
2026-08-09 08:13:23,Southern Owens Valley,Lubkin Spillgate Outflow,0.0
2026-08-09 08:13:23,Southern Owens Valley,Cartago Spillgate Outflow,10.6
2026-08-09 08:13:23,Southern Owens Valley,Lone Pine Creek Flow,14.4
2026-08-09 08:13:23,Lower Owens River Project,LORP Intake Flow,81.0
2026-08-09 08:13:23,Lower Owens River Project,LORP at Mazourka Canyon Road,0.0
2026-08-09 08:13:23,Lower Owens River Project,LORP at Reinhackle Springs,73.0
2026-08-09 08:13:23,Lower Owens River Project,LORP Above Pumpstation,40.0
2026-08-09 08:13:23,Lower Owens River Project,LORP At Pump Station Discharge Flow,37.0
2026-08-09 08:13:23,Southern District,Haiwee LAA #2 Current Flow,194.8
2026-08-09 08:13:23,Southern District,Haiwee LAA #1 Current Flow,0.0
2026-08-09 08:13:24,Mono Basin,Mono Lk. Elevation,6382.4
2026-08-09 08:13:24,Mono Basin,Mono Gate 1 Return Ditch Flow,40.6
2026-08-09 08:13:24,Mono Basin,Grant Lk. Elevation,7129.9
2026-08-09 08:13:24,Long Valley,Long Valley Elevation,6773.5
2026-08-09 08:13:24,Northern Owens Valley,Pleasant Valley Elevation,4391.3
2026-08-09 08:13:24,Southern Owens Valley,LAA at Alabama Level,6.9
2026-08-09 08:13:24,Southern Owens Valley,LAA at Alabama Water Temp,73.4
2026-08-09 08:13:24,Southern Owens Valley,LAA at Cottonwood Level,8.3
2026-08-09 08:13:24,Southern Owens Valley,LAA at Cotton. Water Temp,75.2
2026-08-09 08:13:24,Southern Owens Valley,N. Haiwee Elevation,3757.0
2026-08-09 08:13:24,Southern Owens Valley,S. Haiwee Reservoir Elevation,3724.4
2026-08-09 08:13:24,Southern District,S. Haiwee Reservoir Elevation,3724.4
2026-08-09 08:13:24,Southern District,Fairmont Reservoir Elevation,3026.8
2026-08-09 08:13:24,Southern District,LAA #1 Flow at Fairmont Reservoir,330.4
2026-08-09 08:13:24,Southern District,LAA #2 Flow at Fairmont Res.,204.6
2026-08-09 08:13:24,Southern District,Bouquet Reservoir Elevation,2983.3
2026-08-09 08:13:24,Southern District,Bouquet Reservoir Inflow,51.4
2026-08-09 08:13:24,Southern District,Bouquet Reservoir Outflow,0.5
2026-08-09 08:13:24,Southern District,LAA #1 at Soledad Flow,262.8
2026-08-09 08:13:24,Southern District,LAA #2 at Soledad Flow,244.9
2026-08-09 08:28:23,Mono Basin,Lee Vining Intake Above Flow,33.5
2026-08-09 08:28:23,Mono Basin,Lee Vining Intake Below Flow,30.7
2026-08-09 08:28:23,Mono Basin,Walker Ck. Above Conduit Flow,4.0
2026-08-09 08:28:23,Mono Basin,L.V. Conduit Below Intake Flow,1.0
2026-08-09 08:28:23,Mono Basin,Walker Ck. Under Conduit Flow,5.0
2026-08-09 08:28:23,Mono Basin,Parker Ck. Under Conduit Flow,14.0
2026-08-09 08:28:23,Mono Basin,Parker Ck. Above Conduit Flow,15.0
2026-08-09 08:28:23,Mono Basin,Grant Lk. Spill Flow,0.0
2026-08-09 08:28:23,Mono Basin,Mono Gate 1 Return Ditch Flow,39.7
2026-08-09 08:28:23,Mono Basin,Grant Lk. Outflow,40.4
2026-08-09 08:28:23,Mono Basin,Rush Ck. at Damsite Flow,11.4
2026-08-09 08:28:23,Mono Basin,Flow to West Portal,5.1
2026-08-09 08:28:23,Long Valley,East Portal Flow,13.0
2026-08-09 08:28:23,Long Valley,OR Below EP Flow,58.0
2026-08-09 08:28:23,Long Valley,Hot Ck.at Hwy. Flow,7.0
2026-08-09 08:28:23,Long Valley,McGee Ck. Lower Sta. Flow,8.3
2026-08-09 08:28:23,Long Valley,Long Valley Current Outflow,584.3
2026-08-09 08:28:23,Long Valley,Rock Ck. Div. Flow,0.1
2026-08-09 08:28:23,Long Valley,Upper Gorge Total Release,41.4
2026-08-09 08:28:23,Long Valley,Release at Middle Gorge,0.0
2026-08-09 08:28:23,Northern Owens Valley,Rock Ck. At Owens River (PV) Flow,27.0
2026-08-09 08:28:23,Northern Owens Valley,Pleasant Valley Outflow,497.8
2026-08-09 08:28:23,Northern Owens Valley,Baker Ck. At LA Station Flow,7.3
2026-08-09 08:28:23,Northern Owens Valley,Big Pine Ck. USGS Flow,49.1
2026-08-09 08:28:23,Northern Owens Valley,O.R. Below Big Pine,479.7
2026-08-09 08:28:23,Northern Owens Valley,Fish Springs At RR Flow,35.8
2026-08-09 08:28:23,Northern Owens Valley,Tinemaha Reservoir Outflow,376.8
2026-08-09 08:28:23,Northern Owens Valley,Bishop Creek Through Plant 6,98.7
2026-08-09 08:28:23,Northern Owens Valley,Bishop Creek Around Plant 6,7.7
2026-08-09 08:28:23,Southern Owens Valley,Tinemaha Reservoir Outflow,376.8
2026-08-09 08:28:23,Southern Owens Valley,Indep. Ck. At Junction Flow,7.6
2026-08-09 08:28:23,Southern Owens Valley,LAA at Alabama Flow,314.0
2026-08-09 08:28:23,Southern Owens Valley,Cottonwood Ck. At LAA Flow,0.0
2026-08-09 08:28:23,Southern Owens Valley,LAA at Cottonwood Flow,397.0
2026-08-09 08:28:23,Southern Owens Valley,Haiwee LAA #1 Current Flow,0.0
2026-08-09 08:28:23,Southern Owens Valley,Haiwee LAA #2 Current Flow,194.8
2026-08-09 08:28:23,Southern Owens Valley,Reinhackel Flow,3.0
2026-08-09 08:28:23,Southern Owens Valley,Lubkin Spillgate Outflow,0.0
2026-08-09 08:28:23,Southern Owens Valley,Cartago Spillgate Outflow,10.7
2026-08-09 08:28:23,Southern Owens Valley,Lone Pine Creek Flow,14.4
2026-08-09 08:28:23,Lower Owens River Project,LORP Intake Flow,81.0
2026-08-09 08:28:23,Lower Owens River Project,LORP at Mazourka Canyon Road,0.0
2026-08-09 08:28:23,Lower Owens River Project,LORP at Reinhackle Springs,72.0
2026-08-09 08:28:23,Lower Owens River Project,LORP Above Pumpstation,40.0
2026-08-09 08:28:23,Lower Owens River Project,LORP At Pump Station Discharge Flow,37.0
2026-08-09 08:28:23,Southern District,Haiwee LAA #2 Current Flow,194.8
2026-08-09 08:28:23,Southern District,Haiwee LAA #1 Current Flow,0.0
2026-08-09 08:28:23,Southern District,LAA #1 Flow at Fairmont Reservoir,330.0
2026-08-09 08:28:23,Southern District,LAA #2 Flow at Fairmont Res.,204.7
2026-08-09 08:28:23,Southern District,Bouquet Reservoir Inflow,51.1
2026-08-09 08:28:23,Southern District,Bouquet Reservoir Outflow,0.5
2026-08-09 08:28:23,Southern District,LAA #1 at Soledad Flow,262.8
2026-08-09 08:28:23,Southern District,LAA #2 at Soledad Flow,244.9
2026-08-09 08:28:24,Mono Basin,Mono Lk. Elevation,6382.4
2026-08-09 08:28:24,Mono Basin,Grant Lk. Elevation,7129.9
2026-08-09 08:28:24,Long Valley,Long Valley Elevation,6773.5
2026-08-09 08:28:24,Northern Owens Valley,Pleasant Valley Elevation,4391.4
2026-08-09 08:28:24,Northern Owens Valley,Tinemaha Elevation,3861.1
2026-08-09 08:28:24,Southern Owens Valley,Tinemaha Elevation,3861.1
2026-08-09 08:28:24,Southern Owens Valley,LAA at Alabama Level,6.9
2026-08-09 08:28:24,Southern Owens Valley,LAA at Alabama Water Temp,73.4
2026-08-09 08:28:24,Southern Owens Valley,LAA at Cottonwood Level,8.3
2026-08-09 08:28:24,Southern Owens Valley,LAA at Cotton. Water Temp,75.3
2026-08-09 08:28:24,Southern Owens Valley,N. Haiwee Elevation,3757.0
2026-08-09 08:28:24,Southern Owens Valley,S. Haiwee Reservoir Elevation,3724.4
2026-08-09 08:28:24,Southern District,S. Haiwee Reservoir Elevation,3724.4
2026-08-09 08:28:24,Southern District,Fairmont Reservoir Elevation,3026.8
2026-08-09 08:28:24,Southern District,Bouquet Reservoir Elevation,2983.3
2026-08-09 08:43:24,Mono Basin,Lee Vining Intake Above Flow,33.3
2026-08-09 08:43:24,Mono Basin,Lee Vining Intake Below Flow,30.1
2026-08-09 08:43:24,Mono Basin,Walker Ck. Above Conduit Flow,4.0
2026-08-09 08:43:24,Mono Basin,L.V. Conduit Below Intake Flow,1.0
2026-08-09 08:43:24,Mono Basin,Walker Ck. Under Conduit Flow,5.0
2026-08-09 08:43:24,Mono Basin,Parker Ck. Under Conduit Flow,14.0
2026-08-09 08:43:24,Mono Basin,Parker Ck. Above Conduit Flow,15.0
2026-08-09 08:43:24,Mono Basin,Grant Lk. Spill Flow,0.0
2026-08-09 08:43:24,Mono Basin,Grant Lk. Outflow,40.4
2026-08-09 08:43:24,Mono Basin,Rush Ck. at Damsite Flow,11.4
2026-08-09 08:43:24,Long Valley,East Portal Flow,12.0
2026-08-09 08:43:24,Long Valley,OR Below EP Flow,58.0
2026-08-09 08:43:24,Long Valley,Hot Ck.at Hwy. Flow,7.0
2026-08-09 08:43:24,Long Valley,McGee Ck. Lower Sta. Flow,8.3
2026-08-09 08:43:24,Long Valley,Long Valley Current Outflow,584.3
2026-08-09 08:43:24,Long Valley,Rock Ck. Div. Flow,0.1
2026-08-09 08:43:24,Long Valley,Upper Gorge Total Release,41.8
2026-08-09 08:43:24,Long Valley,Release at Middle Gorge,0.0
2026-08-09 08:43:24,Northern Owens Valley,Rock Ck. At Owens River (PV) Flow,27.0
2026-08-09 08:43:24,Northern Owens Valley,Pleasant Valley Outflow,497.4
2026-08-09 08:43:24,Northern Owens Valley,Baker Ck. At LA Station Flow,7.3
2026-08-09 08:43:24,Northern Owens Valley,Big Pine Ck. USGS Flow,49.1
2026-08-09 08:43:24,Northern Owens Valley,O.R. Below Big Pine,478.9
2026-08-09 08:43:24,Northern Owens Valley,Fish Springs At RR Flow,35.8
2026-08-09 08:43:24,Northern Owens Valley,Tinemaha Reservoir Outflow,376.8
2026-08-09 08:43:24,Northern Owens Valley,Bishop Creek Through Plant 6,99.0
2026-08-09 08:43:24,Northern Owens Valley,Bishop Creek Around Plant 6,7.6
2026-08-09 08:43:24,Southern Owens Valley,Tinemaha Reservoir Outflow,376.8
2026-08-09 08:43:24,Southern Owens Valley,Indep. Ck. At Junction Flow,7.6
2026-08-09 08:43:24,Southern Owens Valley,LAA at Alabama Flow,314.0
2026-08-09 08:43:24,Southern Owens Valley,Cottonwood Ck. At LAA Flow,0.0
2026-08-09 08:43:24,Southern Owens Valley,LAA at Cottonwood Flow,397.0
2026-08-09 08:43:24,Southern Owens Valley,Haiwee LAA #1 Current Flow,0.0
2026-08-09 08:43:24,Southern Owens Valley,Haiwee LAA #2 Current Flow,194.8
2026-08-09 08:43:24,Southern Owens Valley,Reinhackel Flow,3.0
2026-08-09 08:43:24,Southern Owens Valley,Lubkin Spillgate Outflow,0.0
2026-08-09 08:43:24,Southern Owens Valley,Cartago Spillgate Outflow,10.7
2026-08-09 08:43:24,Southern Owens Valley,Lone Pine Creek Flow,14.4
2026-08-09 08:43:24,Lower Owens River Project,LORP Intake Flow,81.0
2026-08-09 08:43:24,Lower Owens River Project,LORP at Mazourka Canyon Road,0.0
2026-08-09 08:43:24,Lower Owens River Project,LORP at Reinhackle Springs,72.0
2026-08-09 08:43:24,Lower Owens River Project,LORP Above Pumpstation,40.0
2026-08-09 08:43:24,Lower Owens River Project,LORP At Pump Station Discharge Flow,37.0
2026-08-09 08:43:24,Southern District,Haiwee LAA #2 Current Flow,194.8
2026-08-09 08:43:24,Southern District,Haiwee LAA #1 Current Flow,0.0
2026-08-09 08:43:25,Mono Basin,Mono Lk. Elevation,6382.4
2026-08-09 08:43:25,Mono Basin,Mono Gate 1 Return Ditch Flow,39.7
2026-08-09 08:43:25,Mono Basin,Grant Lk. Elevation,7129.9
2026-08-09 08:43:25,Mono Basin,Flow to West Portal,5.1
2026-08-09 08:43:25,Long Valley,Long Valley Elevation,6773.5
2026-08-09 08:43:25,Northern Owens Valley,Pleasant Valley Elevation,4391.4
2026-08-09 08:43:25,Southern Owens Valley,LAA at Alabama Level,6.9
2026-08-09 08:43:25,Southern Owens Valley,LAA at Alabama Water Temp,73.4
2026-08-09 08:43:25,Southern Owens Valley,LAA at Cottonwood Level,8.3
2026-08-09 08:43:25,Southern Owens Valley,LAA at Cotton. Water Temp,75.4
2026-08-09 08:43:25,Southern Owens Valley,N. Haiwee Elevation,3757.0
2026-08-09 08:43:25,Southern Owens Valley,S. Haiwee Reservoir Elevation,3724.4
2026-08-09 08:43:25,Southern District,S. Haiwee Reservoir Elevation,3724.4
2026-08-09 08:43:25,Southern District,Fairmont Reservoir Elevation,3026.8
2026-08-09 08:43:25,Southern District,LAA #1 Flow at Fairmont Reservoir,335.9
2026-08-09 08:43:25,Southern District,LAA #2 Flow at Fairmont Res.,204.7
2026-08-09 08:43:25,Southern District,Bouquet Reservoir Elevation,2983.3
2026-08-09 08:43:25,Southern District,Bouquet Reservoir Inflow,46.2
2026-08-09 08:43:25,Southern District,Bouquet Reservoir Outflow,0.5
2026-08-09 08:43:25,Southern District,LAA #1 at Soledad Flow,262.8
2026-08-09 08:43:25,Southern District,LAA #2 at Soledad Flow,204.1
2026-08-09 08:58:24,Mono Basin,Lee Vining Intake Above Flow,33.9
2026-08-09 08:58:24,Mono Basin,Lee Vining Intake Below Flow,30.2
2026-08-09 08:58:24,Mono Basin,Mono Lk. Elevation,6382.4
2026-08-09 08:58:24,Mono Basin,Walker Ck. Above Conduit Flow,4.0
2026-08-09 08:58:24,Mono Basin,L.V. Conduit Below Intake Flow,1.0
2026-08-09 08:58:24,Mono Basin,Walker Ck. Under Conduit Flow,5.0
2026-08-09 08:58:24,Mono Basin,Parker Ck. Under Conduit Flow,14.0
2026-08-09 08:58:24,Mono Basin,Parker Ck. Above Conduit Flow,15.0
2026-08-09 08:58:24,Mono Basin,Grant Lk. Spill Flow,0.0
2026-08-09 08:58:24,Mono Basin,Mono Gate 1 Return Ditch Flow,39.7
2026-08-09 08:58:24,Mono Basin,Grant Lk. Elevation,7129.9
2026-08-09 08:58:24,Mono Basin,Grant Lk. Outflow,40.4
2026-08-09 08:58:24,Mono Basin,Rush Ck. at Damsite Flow,11.4
2026-08-09 08:58:24,Mono Basin,Flow to West Portal,5.1
2026-08-09 08:58:24,Long Valley,East Portal Flow,12.0
2026-08-09 08:58:24,Long Valley,OR Below EP Flow,58.0
2026-08-09 08:58:24,Long Valley,Hot Ck.at Hwy. Flow,7.0
2026-08-09 08:58:24,Long Valley,McGee Ck. Lower Sta. Flow,8.3
2026-08-09 08:58:24,Long Valley,Long Valley Elevation,6773.5
2026-08-09 08:58:24,Long Valley,Long Valley Current Outflow,584.3
2026-08-09 08:58:24,Long Valley,Rock Ck. Div. Flow,0.1
2026-08-09 08:58:24,Long Valley,Upper Gorge Total Release,41.6
2026-08-09 08:58:24,Long Valley,Release at Middle Gorge,0.0
2026-08-09 08:58:24,Northern Owens Valley,Rock Ck. At Owens River (PV) Flow,27.0
2026-08-09 08:58:24,Northern Owens Valley,Pleasant Valley Elevation,4391.4
2026-08-09 08:58:24,Northern Owens Valley,Pleasant Valley Outflow,497.4
2026-08-09 08:58:24,Northern Owens Valley,Baker Ck. At LA Station Flow,7.3
2026-08-09 08:58:24,Northern Owens Valley,Big Pine Ck. USGS Flow,49.1
2026-08-09 08:58:24,Northern Owens Valley,O.R. Below Big Pine,481.3
2026-08-09 08:58:24,Northern Owens Valley,Fish Springs At RR Flow,35.8
2026-08-09 08:58:24,Northern Owens Valley,Tinemaha Elevation,3861.1
2026-08-09 08:58:24,Northern Owens Valley,Tinemaha Reservoir Outflow,376.8
2026-08-09 08:58:24,Northern Owens Valley,Bishop Creek Through Plant 6,100.1
2026-08-09 08:58:24,Northern Owens Valley,Bishop Creek Around Plant 6,7.6
2026-08-09 08:58:24,Southern Owens Valley,Tinemaha Elevation,3861.1
2026-08-09 08:58:24,Southern Owens Valley,Tinemaha Reservoir Outflow,376.8
2026-08-09 08:58:24,Southern Owens Valley,Indep. Ck. At Junction Flow,7.6
2026-08-09 08:58:24,Southern Owens Valley,LAA at Alabama Flow,314.0
2026-08-09 08:58:24,Southern Owens Valley,LAA at Alabama Level,6.9
2026-08-09 08:58:24,Southern Owens Valley,LAA at Alabama Water Temp,73.4
2026-08-09 08:58:24,Southern Owens Valley,Cottonwood Ck. At LAA Flow,0.0
2026-08-09 08:58:24,Southern Owens Valley,LAA at Cottonwood Flow,397.0
2026-08-09 08:58:24,Southern Owens Valley,LAA at Cottonwood Level,8.3
2026-08-09 08:58:24,Southern Owens Valley,LAA at Cotton. Water Temp,75.4
2026-08-09 08:58:24,Southern Owens Valley,N. Haiwee Elevation,3757.0
2026-08-09 08:58:24,Southern Owens Valley,S. Haiwee Reservoir Elevation,3724.4
2026-08-09 08:58:24,Southern Owens Valley,Haiwee LAA #1 Current Flow,0.0
2026-08-09 08:58:24,Southern Owens Valley,Haiwee LAA #2 Current Flow,194.8
2026-08-09 08:58:24,Southern Owens Valley,Reinhackel Flow,3.0
2026-08-09 08:58:24,Southern Owens Valley,Lubkin Spillgate Outflow,0.0
2026-08-09 08:58:24,Southern Owens Valley,Cartago Spillgate Outflow,10.0
2026-08-09 08:58:24,Southern Owens Valley,Lone Pine Creek Flow,14.4
2026-08-09 08:58:24,Lower Owens River Project,LORP Intake Flow,81.0
2026-08-09 08:58:24,Lower Owens River Project,LORP at Mazourka Canyon Road,0.0
2026-08-09 08:58:24,Lower Owens River Project,LORP at Reinhackle Springs,72.0
2026-08-09 08:58:24,Lower Owens River Project,LORP Above Pumpstation,51.0
2026-08-09 08:58:24,Lower Owens River Project,LORP At Pump Station Discharge Flow,48.0
2026-08-09 08:58:24,Southern District,Haiwee LAA #2 Current Flow,194.8
2026-08-09 08:58:24,Southern District,S. Haiwee Reservoir Elevation,3724.4
2026-08-09 08:58:24,Southern District,Haiwee LAA #1 Current Flow,0.0
2026-08-09 08:58:24,Southern District,Fairmont Reservoir Elevation,3026.8
2026-08-09 08:58:24,Southern District,LAA #1 Flow at Fairmont Reservoir,328.0
2026-08-09 08:58:24,Southern District,LAA #2 Flow at Fairmont Res.,204.6
2026-08-09 08:58:24,Southern District,Bouquet Reservoir Elevation,2983.3
2026-08-09 08:58:24,Southern District,Bouquet Reservoir Inflow,47.5
2026-08-09 08:58:24,Southern District,Bouquet Reservoir Outflow,0.5
2026-08-09 08:58:24,Southern District,LAA #1 at Soledad Flow,262.8
2026-08-09 08:58:24,Southern District,LAA #2 at Soledad Flow,183.7
2026-08-09 09:13:24,Mono Basin,Lee Vining Intake Above Flow,33.4
2026-08-09 09:13:24,Mono Basin,Lee Vining Intake Below Flow,30.2
2026-08-09 09:13:24,Mono Basin,Mono Lk. Elevation,6382.4
2026-08-09 09:13:24,Mono Basin,Walker Ck. Above Conduit Flow,4.0
2026-08-09 09:13:24,Mono Basin,L.V. Conduit Below Intake Flow,1.0
2026-08-09 09:13:24,Mono Basin,Walker Ck. Under Conduit Flow,5.0
2026-08-09 09:13:24,Mono Basin,Parker Ck. Under Conduit Flow,14.0
2026-08-09 09:13:24,Mono Basin,Parker Ck. Above Conduit Flow,15.0
2026-08-09 09:13:24,Mono Basin,Grant Lk. Spill Flow,0.0
2026-08-09 09:13:24,Mono Basin,Mono Gate 1 Return Ditch Flow,39.7
2026-08-09 09:13:24,Mono Basin,Grant Lk. Elevation,7129.9
2026-08-09 09:13:24,Mono Basin,Grant Lk. Outflow,40.4
2026-08-09 09:13:24,Mono Basin,Rush Ck. at Damsite Flow,11.4
2026-08-09 09:13:24,Mono Basin,Flow to West Portal,5.1
2026-08-09 09:13:24,Long Valley,East Portal Flow,13.0
2026-08-09 09:13:24,Long Valley,OR Below EP Flow,58.0
2026-08-09 09:13:24,Long Valley,Hot Ck.at Hwy. Flow,7.0
2026-08-09 09:13:24,Long Valley,McGee Ck. Lower Sta. Flow,8.3
2026-08-09 09:13:24,Long Valley,Long Valley Elevation,6773.5
2026-08-09 09:13:24,Long Valley,Long Valley Current Outflow,582.6
2026-08-09 09:13:24,Long Valley,Rock Ck. Div. Flow,0.1
2026-08-09 09:13:24,Long Valley,Upper Gorge Total Release,41.8
2026-08-09 09:13:24,Long Valley,Release at Middle Gorge,0.0
2026-08-09 09:13:24,Northern Owens Valley,Rock Ck. At Owens River (PV) Flow,27.0
2026-08-09 09:13:24,Northern Owens Valley,Pleasant Valley Elevation,4391.5
2026-08-09 09:13:24,Northern Owens Valley,Pleasant Valley Outflow,497.2
2026-08-09 09:13:24,Northern Owens Valley,Baker Ck. At LA Station Flow,7.3
2026-08-09 09:13:24,Northern Owens Valley,Big Pine Ck. USGS Flow,49.1
2026-08-09 09:13:24,Northern Owens Valley,O.R. Below Big Pine,480.0
2026-08-09 09:13:24,Northern Owens Valley,Fish Springs At RR Flow,35.8
2026-08-09 09:13:24,Northern Owens Valley,Tinemaha Reservoir Outflow,376.0
2026-08-09 09:13:24,Northern Owens Valley,Bishop Creek Through Plant 6,100.1
2026-08-09 09:13:24,Northern Owens Valley,Bishop Creek Around Plant 6,7.6
2026-08-09 09:13:24,Southern Owens Valley,Tinemaha Reservoir Outflow,376.0
2026-08-09 09:13:24,Southern Owens Valley,Indep. Ck. At Junction Flow,7.6
2026-08-09 09:13:24,Southern Owens Valley,LAA at Alabama Flow,314.0
2026-08-09 09:13:24,Southern Owens Valley,LAA at Alabama Level,6.9
2026-08-09 09:13:24,Southern Owens Valley,LAA at Alabama Water Temp,73.6
2026-08-09 09:13:24,Southern Owens Valley,Cottonwood Ck. At LAA Flow,0.0
2026-08-09 09:13:24,Southern Owens Valley,LAA at Cottonwood Flow,397.0
2026-08-09 09:13:24,Southern Owens Valley,LAA at Cottonwood Level,8.3
2026-08-09 09:13:24,Southern Owens Valley,LAA at Cotton. Water Temp,75.6
2026-08-09 09:13:24,Southern Owens Valley,N. Haiwee Elevation,3757.0
2026-08-09 09:13:24,Southern Owens Valley,S. Haiwee Reservoir Elevation,3724.4
2026-08-09 09:13:24,Southern Owens Valley,Haiwee LAA #1 Current Flow,0.0
2026-08-09 09:13:24,Southern Owens Valley,Haiwee LAA #2 Current Flow,194.8
2026-08-09 09:13:24,Southern Owens Valley,Reinhackel Flow,3.0
2026-08-09 09:13:24,Southern Owens Valley,Lubkin Spillgate Outflow,0.0
2026-08-09 09:13:24,Southern Owens Valley,Cartago Spillgate Outflow,14.9
2026-08-09 09:13:24,Southern Owens Valley,Lone Pine Creek Flow,14.3
2026-08-09 09:13:24,Lower Owens River Project,LORP Intake Flow,81.0
2026-08-09 09:13:24,Lower Owens River Project,LORP at Mazourka Canyon Road,0.0
2026-08-09 09:13:24,Lower Owens River Project,LORP at Reinhackle Springs,72.0
2026-08-09 09:13:24,Lower Owens River Project,LORP Above Pumpstation,50.0
2026-08-09 09:13:24,Lower Owens River Project,LORP At Pump Station Discharge Flow,47.0
2026-08-09 09:13:24,Southern District,Haiwee LAA #2 Current Flow,194.8
2026-08-09 09:13:24,Southern District,S. Haiwee Reservoir Elevation,3724.4
2026-08-09 09:13:24,Southern District,Haiwee LAA #1 Current Flow,0.0
2026-08-09 09:13:24,Southern District,Fairmont Reservoir Elevation,3026.8
2026-08-09 09:13:24,Southern District,LAA #1 Flow at Fairmont Reservoir,339.7
2026-08-09 09:13:24,Southern District,LAA #2 Flow at Fairmont Res.,204.6
2026-08-09 09:13:24,Southern District,Bouquet Reservoir Elevation,2983.3
2026-08-09 09:13:24,Southern District,Bouquet Reservoir Inflow,51.2
2026-08-09 09:13:24,Southern District,Bouquet Reservoir Outflow,0.5
2026-08-09 09:13:24,Southern District,LAA #1 at Soledad Flow,262.8
2026-08-09 09:13:24,Southern District,LAA #2 at Soledad Flow,183.7
2026-08-09 09:28:23,Mono Basin,Lee Vining Intake Above Flow,33.4
2026-08-09 09:28:23,Mono Basin,Lee Vining Intake Below Flow,30.2
2026-08-09 09:28:23,Mono Basin,Walker Ck. Above Conduit Flow,4.0
2026-08-09 09:28:23,Mono Basin,L.V. Conduit Below Intake Flow,1.0
2026-08-09 09:28:23,Mono Basin,Walker Ck. Under Conduit Flow,4.0
2026-08-09 09:28:23,Mono Basin,Parker Ck. Under Conduit Flow,14.0
2026-08-09 09:28:23,Mono Basin,Parker Ck. Above Conduit Flow,15.0
2026-08-09 09:28:23,Mono Basin,Grant Lk. Spill Flow,0.0
2026-08-09 09:28:23,Mono Basin,Mono Gate 1 Return Ditch Flow,36.0
2026-08-09 09:28:23,Mono Basin,Grant Lk. Outflow,40.1
2026-08-09 09:28:23,Mono Basin,Rush Ck. at Damsite Flow,11.4
2026-08-09 09:28:23,Mono Basin,Flow to West Portal,5.1
2026-08-09 09:28:23,Long Valley,East Portal Flow,13.0
2026-08-09 09:28:23,Long Valley,OR Below EP Flow,58.0
2026-08-09 09:28:23,Long Valley,Hot Ck.at Hwy. Flow,7.0
2026-08-09 09:28:23,Long Valley,McGee Ck. Lower Sta. Flow,8.3
2026-08-09 09:28:23,Long Valley,Long Valley Current Outflow,582.6
2026-08-09 09:28:23,Long Valley,Rock Ck. Div. Flow,0.1
2026-08-09 09:28:23,Long Valley,Upper Gorge Total Release,42.0
2026-08-09 09:28:23,Long Valley,Release at Middle Gorge,0.0
2026-08-09 09:28:23,Northern Owens Valley,Rock Ck. At Owens River (PV) Flow,27.0
2026-08-09 09:28:23,Northern Owens Valley,Pleasant Valley Outflow,497.7
2026-08-09 09:28:23,Northern Owens Valley,Baker Ck. At LA Station Flow,7.3
2026-08-09 09:28:23,Northern Owens Valley,Big Pine Ck. USGS Flow,49.1
2026-08-09 09:28:23,Northern Owens Valley,O.R. Below Big Pine,480.7
2026-08-09 09:28:23,Northern Owens Valley,Fish Springs At RR Flow,35.8
2026-08-09 09:28:23,Northern Owens Valley,Tinemaha Reservoir Outflow,376.0
2026-08-09 09:28:23,Northern Owens Valley,Bishop Creek Through Plant 6,100.1
2026-08-09 09:28:23,Northern Owens Valley,Bishop Creek Around Plant 6,7.6
2026-08-09 09:28:23,Southern Owens Valley,Tinemaha Reservoir Outflow,376.0
2026-08-09 09:28:23,Southern Owens Valley,Indep. Ck. At Junction Flow,7.6
2026-08-09 09:28:23,Southern Owens Valley,LAA at Alabama Flow,313.0
2026-08-09 09:28:23,Southern Owens Valley,Cottonwood Ck. At LAA Flow,0.0
2026-08-09 09:28:23,Southern Owens Valley,LAA at Cottonwood Flow,397.0
2026-08-09 09:28:23,Southern Owens Valley,Haiwee LAA #1 Current Flow,0.0
2026-08-09 09:28:23,Southern Owens Valley,Haiwee LAA #2 Current Flow,194.8
2026-08-09 09:28:23,Southern Owens Valley,Reinhackel Flow,3.0
2026-08-09 09:28:23,Southern Owens Valley,Lubkin Spillgate Outflow,0.0
2026-08-09 09:28:23,Southern Owens Valley,Cartago Spillgate Outflow,11.3
2026-08-09 09:28:23,Southern Owens Valley,Lone Pine Creek Flow,14.3
2026-08-09 09:28:23,Lower Owens River Project,LORP Intake Flow,81.0
2026-08-09 09:28:23,Lower Owens River Project,LORP at Mazourka Canyon Road,0.0
2026-08-09 09:28:23,Lower Owens River Project,LORP at Reinhackle Springs,72.0
2026-08-09 09:28:23,Lower Owens River Project,LORP Above Pumpstation,51.0
2026-08-09 09:28:23,Lower Owens River Project,LORP At Pump Station Discharge Flow,48.0
2026-08-09 09:28:23,Southern District,Haiwee LAA #2 Current Flow,194.8
2026-08-09 09:28:23,Southern District,Haiwee LAA #1 Current Flow,0.0
2026-08-09 09:28:23,Southern District,LAA #1 Flow at Fairmont Reservoir,356.2
2026-08-09 09:28:23,Southern District,LAA #2 Flow at Fairmont Res.,204.8
2026-08-09 09:28:23,Southern District,Bouquet Reservoir Inflow,50.5
2026-08-09 09:28:23,Southern District,Bouquet Reservoir Outflow,0.5
2026-08-09 09:28:23,Southern District,LAA #1 at Soledad Flow,262.8
2026-08-09 09:28:23,Southern District,LAA #2 at Soledad Flow,183.7
2026-08-09 09:28:24,Mono Basin,Mono Lk. Elevation,6382.4
2026-08-09 09:28:24,Mono Basin,Grant Lk. Elevation,7129.9
2026-08-09 09:28:24,Long Valley,Long Valley Elevation,6773.5
2026-08-09 09:28:24,Northern Owens Valley,Pleasant Valley Elevation,4391.5
2026-08-09 09:28:24,Northern Owens Valley,Tinemaha Elevation,3861.1
2026-08-09 09:28:24,Southern Owens Valley,Tinemaha Elevation,3861.1
2026-08-09 09:28:24,Southern Owens Valley,LAA at Alabama Level,6.9
2026-08-09 09:28:24,Southern Owens Valley,LAA at Alabama Water Temp,73.6
2026-08-09 09:28:24,Southern Owens Valley,LAA at Cottonwood Level,8.3
2026-08-09 09:28:24,Southern Owens Valley,LAA at Cotton. Water Temp,75.6
2026-08-09 09:28:24,Southern Owens Valley,N. Haiwee Elevation,3757.0
2026-08-09 09:28:24,Southern Owens Valley,S. Haiwee Reservoir Elevation,3724.4
2026-08-09 09:28:24,Southern District,S. Haiwee Reservoir Elevation,3724.4
2026-08-09 09:28:24,Southern District,Fairmont Reservoir Elevation,3026.8
2026-08-09 09:28:24,Southern District,Bouquet Reservoir Elevation,2983.3
2026-08-09 09:43:25,Mono Basin,Lee Vining Intake Above Flow,32.6
2026-08-09 09:43:25,Mono Basin,Lee Vining Intake Below Flow,30.3
2026-08-09 09:43:25,Mono Basin,Walker Ck. Above Conduit Flow,4.0
2026-08-09 09:43:25,Mono Basin,L.V. Conduit Below Intake Flow,1.1
2026-08-09 09:43:25,Mono Basin,Walker Ck. Under Conduit Flow,4.0
2026-08-09 09:43:25,Mono Basin,Parker Ck. Under Conduit Flow,14.0
2026-08-09 09:43:25,Mono Basin,Parker Ck. Above Conduit Flow,15.0
2026-08-09 09:43:25,Mono Basin,Grant Lk. Spill Flow,0.0
2026-08-09 09:43:25,Mono Basin,Mono Gate 1 Return Ditch Flow,36.0
2026-08-09 09:43:25,Mono Basin,Grant Lk. Outflow,40.1
2026-08-09 09:43:25,Mono Basin,Rush Ck. at Damsite Flow,11.4
2026-08-09 09:43:25,Mono Basin,Flow to West Portal,5.1
2026-08-09 09:43:25,Long Valley,East Portal Flow,13.0
2026-08-09 09:43:25,Long Valley,OR Below EP Flow,58.0
2026-08-09 09:43:25,Long Valley,Hot Ck.at Hwy. Flow,7.0
2026-08-09 09:43:25,Long Valley,McGee Ck. Lower Sta. Flow,8.3
2026-08-09 09:43:25,Long Valley,Long Valley Current Outflow,582.6
2026-08-09 09:43:25,Long Valley,Rock Ck. Div. Flow,0.1
2026-08-09 09:43:25,Long Valley,Upper Gorge Total Release,41.8
2026-08-09 09:43:25,Long Valley,Release at Middle Gorge,0.0
2026-08-09 09:43:25,Northern Owens Valley,Rock Ck. At Owens River (PV) Flow,27.0
2026-08-09 09:43:25,Northern Owens Valley,Pleasant Valley Outflow,497.5
2026-08-09 09:43:25,Northern Owens Valley,Baker Ck. At LA Station Flow,7.3
2026-08-09 09:43:25,Northern Owens Valley,Big Pine Ck. USGS Flow,49.1
2026-08-09 09:43:25,Northern Owens Valley,O.R. Below Big Pine,480.3
2026-08-09 09:43:25,Northern Owens Valley,Fish Springs At RR Flow,35.8
2026-08-09 09:43:25,Northern Owens Valley,Tinemaha Reservoir Outflow,376.0
2026-08-09 09:43:25,Northern Owens Valley,Bishop Creek Through Plant 6,100.1
2026-08-09 09:43:25,Northern Owens Valley,Bishop Creek Around Plant 6,7.6
2026-08-09 09:43:25,Southern Owens Valley,Tinemaha Reservoir Outflow,376.0
2026-08-09 09:43:25,Southern Owens Valley,Indep. Ck. At Junction Flow,7.6
2026-08-09 09:43:25,Southern Owens Valley,LAA at Alabama Flow,313.0
2026-08-09 09:43:25,Southern Owens Valley,Cottonwood Ck. At LAA Flow,0.0
2026-08-09 09:43:25,Southern Owens Valley,LAA at Cottonwood Flow,397.0
2026-08-09 09:43:25,Southern Owens Valley,Haiwee LAA #1 Current Flow,0.0
2026-08-09 09:43:25,Southern Owens Valley,Haiwee LAA #2 Current Flow,194.8
2026-08-09 09:43:25,Southern Owens Valley,Reinhackel Flow,3.0
2026-08-09 09:43:25,Southern Owens Valley,Lubkin Spillgate Outflow,0.0
2026-08-09 09:43:25,Southern Owens Valley,Cartago Spillgate Outflow,13.3
2026-08-09 09:43:25,Southern Owens Valley,Lone Pine Creek Flow,14.3
2026-08-09 09:43:25,Lower Owens River Project,LORP Intake Flow,81.0
2026-08-09 09:43:25,Lower Owens River Project,LORP at Mazourka Canyon Road,0.0
2026-08-09 09:43:25,Lower Owens River Project,LORP at Reinhackle Springs,72.0
2026-08-09 09:43:25,Lower Owens River Project,LORP Above Pumpstation,50.0
2026-08-09 09:43:25,Lower Owens River Project,LORP At Pump Station Discharge Flow,48.0
2026-08-09 09:43:25,Southern District,Haiwee LAA #2 Current Flow,194.8
2026-08-09 09:43:25,Southern District,Haiwee LAA #1 Current Flow,0.0
2026-08-09 09:43:25,Southern District,LAA #1 Flow at Fairmont Reservoir,344.2
2026-08-09 09:43:25,Southern District,LAA #2 Flow at Fairmont Res.,204.6
2026-08-09 09:43:25,Southern District,Bouquet Reservoir Inflow,46.9
2026-08-09 09:43:25,Southern District,Bouquet Reservoir Outflow,0.5
2026-08-09 09:43:25,Southern District,LAA #1 at Soledad Flow,262.8
2026-08-09 09:43:25,Southern District,LAA #2 at Soledad Flow,183.7
2026-08-09 09:43:26,Mono Basin,Mono Lk. Elevation,6382.4
2026-08-09 09:43:26,Mono Basin,Grant Lk. Elevation,7129.9
2026-08-09 09:43:26,Long Valley,Long Valley Elevation,6773.5
2026-08-09 09:43:26,Northern Owens Valley,Pleasant Valley Elevation,4391.5
2026-08-09 09:43:26,Southern Owens Valley,LAA at Alabama Level,6.9
2026-08-09 09:43:26,Southern Owens Valley,LAA at Alabama Water Temp,73.6
2026-08-09 09:43:26,Southern Owens Valley,LAA at Cottonwood Level,8.3
2026-08-09 09:43:26,Southern Owens Valley,LAA at Cotton. Water Temp,75.7
2026-08-09 09:43:26,Southern Owens Valley,N. Haiwee Elevation,3757.0
2026-08-09 09:43:26,Southern Owens Valley,S. Haiwee Reservoir Elevation,3724.4
2026-08-09 09:43:26,Southern District,S. Haiwee Reservoir Elevation,3724.4
2026-08-09 09:43:26,Southern District,Fairmont Reservoir Elevation,3026.8
2026-08-09 09:43:26,Southern District,Bouquet Reservoir Elevation,2983.3
2026-08-09 09:58:24,Mono Basin,Lee Vining Intake Above Flow,32.6
2026-08-09 09:58:24,Mono Basin,Lee Vining Intake Below Flow,30.3
2026-08-09 09:58:24,Mono Basin,Mono Lk. Elevation,6382.4
2026-08-09 09:58:24,Mono Basin,Walker Ck. Above Conduit Flow,4.0
2026-08-09 09:58:24,Mono Basin,L.V. Conduit Below Intake Flow,1.1
2026-08-09 09:58:24,Mono Basin,Walker Ck. Under Conduit Flow,4.0
2026-08-09 09:58:24,Mono Basin,Parker Ck. Under Conduit Flow,14.0
2026-08-09 09:58:24,Mono Basin,Parker Ck. Above Conduit Flow,15.0
2026-08-09 09:58:24,Mono Basin,Grant Lk. Spill Flow,0.0
2026-08-09 09:58:24,Mono Basin,Mono Gate 1 Return Ditch Flow,36.0
2026-08-09 09:58:24,Mono Basin,Grant Lk. Elevation,7129.9
2026-08-09 09:58:24,Mono Basin,Grant Lk. Outflow,40.1
2026-08-09 09:58:24,Mono Basin,Rush Ck. at Damsite Flow,11.4
2026-08-09 09:58:24,Mono Basin,Flow to West Portal,5.1
2026-08-09 09:58:24,Long Valley,East Portal Flow,13.0
2026-08-09 09:58:24,Long Valley,OR Below EP Flow,58.0
2026-08-09 09:58:24,Long Valley,Hot Ck.at Hwy. Flow,7.0
2026-08-09 09:58:24,Long Valley,McGee Ck. Lower Sta. Flow,8.3
2026-08-09 09:58:24,Long Valley,Long Valley Elevation,6773.5
2026-08-09 09:58:24,Long Valley,Long Valley Current Outflow,582.3
2026-08-09 09:58:24,Long Valley,Rock Ck. Div. Flow,0.1
2026-08-09 09:58:24,Long Valley,Upper Gorge Total Release,40.0
2026-08-09 09:58:24,Long Valley,Release at Middle Gorge,0.0
2026-08-09 09:58:24,Northern Owens Valley,Rock Ck. At Owens River (PV) Flow,27.0
2026-08-09 09:58:24,Northern Owens Valley,Pleasant Valley Elevation,4391.6
2026-08-09 09:58:24,Northern Owens Valley,Pleasant Valley Outflow,497.1
2026-08-09 09:58:24,Northern Owens Valley,Baker Ck. At LA Station Flow,6.7
2026-08-09 09:58:24,Northern Owens Valley,Big Pine Ck. USGS Flow,49.1
2026-08-09 09:58:24,Northern Owens Valley,O.R. Below Big Pine,478.9
2026-08-09 09:58:24,Northern Owens Valley,Fish Springs At RR Flow,35.8
2026-08-09 09:58:24,Northern Owens Valley,Tinemaha Elevation,3861.1
2026-08-09 09:58:24,Northern Owens Valley,Tinemaha Reservoir Outflow,376.0
2026-08-09 09:58:24,Northern Owens Valley,Bishop Creek Through Plant 6,100.0
2026-08-09 09:58:24,Northern Owens Valley,Bishop Creek Around Plant 6,7.4
2026-08-09 09:58:24,Southern Owens Valley,Tinemaha Elevation,3861.1
2026-08-09 09:58:24,Southern Owens Valley,Tinemaha Reservoir Outflow,376.0
2026-08-09 09:58:24,Southern Owens Valley,Indep. Ck. At Junction Flow,7.6
2026-08-09 09:58:24,Southern Owens Valley,LAA at Alabama Flow,313.0
2026-08-09 09:58:24,Southern Owens Valley,LAA at Alabama Level,6.9
2026-08-09 09:58:24,Southern Owens Valley,LAA at Alabama Water Temp,73.6
2026-08-09 09:58:24,Southern Owens Valley,Cottonwood Ck. At LAA Flow,0.0
2026-08-09 09:58:24,Southern Owens Valley,LAA at Cottonwood Flow,397.0
2026-08-09 09:58:24,Southern Owens Valley,LAA at Cottonwood Level,8.3
2026-08-09 09:58:24,Southern Owens Valley,LAA at Cotton. Water Temp,75.7
2026-08-09 09:58:24,Southern Owens Valley,N. Haiwee Elevation,3757.0
2026-08-09 09:58:24,Southern Owens Valley,S. Haiwee Reservoir Elevation,3724.4
2026-08-09 09:58:24,Southern Owens Valley,Haiwee LAA #1 Current Flow,0.0
2026-08-09 09:58:24,Southern Owens Valley,Haiwee LAA #2 Current Flow,194.8
2026-08-09 09:58:24,Southern Owens Valley,Reinhackel Flow,3.0
2026-08-09 09:58:24,Southern Owens Valley,Lubkin Spillgate Outflow,0.0
2026-08-09 09:58:24,Southern Owens Valley,Cartago Spillgate Outflow,11.5
2026-08-09 09:58:24,Southern Owens Valley,Lone Pine Creek Flow,14.3
2026-08-09 09:58:24,Lower Owens River Project,LORP Intake Flow,81.0
2026-08-09 09:58:24,Lower Owens River Project,LORP at Mazourka Canyon Road,0.0
2026-08-09 09:58:24,Lower Owens River Project,LORP at Reinhackle Springs,72.0
2026-08-09 09:58:24,Lower Owens River Project,LORP Above Pumpstation,51.0
2026-08-09 09:58:24,Lower Owens River Project,LORP At Pump Station Discharge Flow,48.0
2026-08-09 09:58:24,Southern District,Haiwee LAA #2 Current Flow,194.8
2026-08-09 09:58:24,Southern District,S. Haiwee Reservoir Elevation,3724.4
2026-08-09 09:58:24,Southern District,Haiwee LAA #1 Current Flow,0.0
2026-08-09 09:58:24,Southern District,Fairmont Reservoir Elevation,3026.8
2026-08-09 09:58:24,Southern District,LAA #1 Flow at Fairmont Reservoir,343.6
2026-08-09 09:58:24,Southern District,LAA #2 Flow at Fairmont Res.,204.6
2026-08-09 09:58:24,Southern District,Bouquet Reservoir Elevation,2983.3
2026-08-09 09:58:24,Southern District,Bouquet Reservoir Inflow,51.2
2026-08-09 09:58:24,Southern District,Bouquet Reservoir Outflow,0.5
2026-08-09 09:58:24,Southern District,LAA #1 at Soledad Flow,262.8
2026-08-09 09:58:24,Southern District,LAA #2 at Soledad Flow,183.7
2026-08-09 10:13:24,Mono Basin,Lee Vining Intake Above Flow,33.4
2026-08-09 10:13:24,Mono Basin,Lee Vining Intake Below Flow,30.4
2026-08-09 10:13:24,Mono Basin,Mono Lk. Elevation,6382.4
2026-08-09 10:13:24,Mono Basin,Walker Ck. Above Conduit Flow,4.0
2026-08-09 10:13:24,Mono Basin,L.V. Conduit Below Intake Flow,1.1
2026-08-09 10:13:24,Mono Basin,Walker Ck. Under Conduit Flow,4.0
2026-08-09 10:13:24,Mono Basin,Parker Ck. Under Conduit Flow,14.0
2026-08-09 10:13:24,Mono Basin,Parker Ck. Above Conduit Flow,15.0
2026-08-09 10:13:24,Mono Basin,Grant Lk. Spill Flow,0.0
2026-08-09 10:13:24,Mono Basin,Mono Gate 1 Return Ditch Flow,36.0
2026-08-09 10:13:24,Mono Basin,Grant Lk. Elevation,7129.9
2026-08-09 10:13:24,Mono Basin,Grant Lk. Outflow,40.1
2026-08-09 10:13:24,Mono Basin,Rush Ck. at Damsite Flow,11.4
2026-08-09 10:13:24,Mono Basin,Flow to West Portal,5.1
2026-08-09 10:13:24,Long Valley,East Portal Flow,13.0
2026-08-09 10:13:24,Long Valley,OR Below EP Flow,58.0
2026-08-09 10:13:24,Long Valley,Hot Ck.at Hwy. Flow,7.0
2026-08-09 10:13:24,Long Valley,McGee Ck. Lower Sta. Flow,8.3
2026-08-09 10:13:24,Long Valley,Long Valley Elevation,6773.5
2026-08-09 10:13:24,Long Valley,Long Valley Current Outflow,584.3
2026-08-09 10:13:24,Long Valley,Rock Ck. Div. Flow,0.1
2026-08-09 10:13:24,Long Valley,Upper Gorge Total Release,41.5
2026-08-09 10:13:24,Long Valley,Release at Middle Gorge,0.0
2026-08-09 10:13:24,Northern Owens Valley,Rock Ck. At Owens River (PV) Flow,27.0
2026-08-09 10:13:24,Northern Owens Valley,Pleasant Valley Elevation,4391.6
2026-08-09 10:13:24,Northern Owens Valley,Pleasant Valley Outflow,498.0
2026-08-09 10:13:24,Northern Owens Valley,Baker Ck. At LA Station Flow,6.7
2026-08-09 10:13:24,Northern Owens Valley,Big Pine Ck. USGS Flow,49.1
2026-08-09 10:13:24,Northern Owens Valley,O.R. Below Big Pine,480.6
2026-08-09 10:13:24,Northern Owens Valley,Fish Springs At RR Flow,35.8
2026-08-09 10:13:24,Northern Owens Valley,Tinemaha Reservoir Outflow,377.6
2026-08-09 10:13:24,Northern Owens Valley,Bishop Creek Through Plant 6,100.0
2026-08-09 10:13:24,Northern Owens Valley,Bishop Creek Around Plant 6,7.4
2026-08-09 10:13:24,Southern Owens Valley,Tinemaha Reservoir Outflow,377.6
2026-08-09 10:13:24,Southern Owens Valley,Indep. Ck. At Junction Flow,7.6
2026-08-09 10:13:24,Southern Owens Valley,LAA at Alabama Flow,314.0
2026-08-09 10:13:24,Southern Owens Valley,LAA at Alabama Level,6.9
2026-08-09 10:13:24,Southern Owens Valley,LAA at Alabama Water Temp,74.0
2026-08-09 10:13:24,Southern Owens Valley,Cottonwood Ck. At LAA Flow,0.0
2026-08-09 10:13:24,Southern Owens Valley,LAA at Cottonwood Flow,397.0
2026-08-09 10:13:24,Southern Owens Valley,LAA at Cottonwood Level,8.3
2026-08-09 10:13:24,Southern Owens Valley,LAA at Cotton. Water Temp,75.9
2026-08-09 10:13:24,Southern Owens Valley,N. Haiwee Elevation,3757.0
2026-08-09 10:13:24,Southern Owens Valley,S. Haiwee Reservoir Elevation,3724.4
2026-08-09 10:13:24,Southern Owens Valley,Haiwee LAA #1 Current Flow,0.0
2026-08-09 10:13:24,Southern Owens Valley,Haiwee LAA #2 Current Flow,195.1
2026-08-09 10:13:24,Southern Owens Valley,Reinhackel Flow,3.0
2026-08-09 10:13:24,Southern Owens Valley,Lubkin Spillgate Outflow,0.0
2026-08-09 10:13:24,Southern Owens Valley,Cartago Spillgate Outflow,11.5
2026-08-09 10:13:24,Southern Owens Valley,Lone Pine Creek Flow,14.3
2026-08-09 10:13:24,Lower Owens River Project,LORP Intake Flow,81.0
2026-08-09 10:13:24,Lower Owens River Project,LORP at Mazourka Canyon Road,0.0
2026-08-09 10:13:24,Lower Owens River Project,LORP at Reinhackle Springs,72.0
2026-08-09 10:13:24,Lower Owens River Project,LORP Above Pumpstation,51.0
2026-08-09 10:13:24,Lower Owens River Project,LORP At Pump Station Discharge Flow,48.0
2026-08-09 10:13:24,Southern District,Haiwee LAA #2 Current Flow,195.1
2026-08-09 10:13:24,Southern District,S. Haiwee Reservoir Elevation,3724.4
2026-08-09 10:13:24,Southern District,Haiwee LAA #1 Current Flow,0.0
2026-08-09 10:13:24,Southern District,Fairmont Reservoir Elevation,3026.8
2026-08-09 10:13:24,Southern District,LAA #1 Flow at Fairmont Reservoir,344.9
2026-08-09 10:13:24,Southern District,LAA #2 Flow at Fairmont Res.,204.6
2026-08-09 10:13:24,Southern District,Bouquet Reservoir Elevation,2983.3
2026-08-09 10:13:24,Southern District,Bouquet Reservoir Inflow,46.3
2026-08-09 10:13:24,Southern District,Bouquet Reservoir Outflow,0.5
2026-08-09 10:13:24,Southern District,LAA #1 at Soledad Flow,262.8
2026-08-09 10:13:24,Southern District,LAA #2 at Soledad Flow,183.7
2026-08-09 10:28:23,Mono Basin,Lee Vining Intake Above Flow,33.4
2026-08-09 10:28:23,Mono Basin,Lee Vining Intake Below Flow,30.4
2026-08-09 10:28:23,Mono Basin,Walker Ck. Above Conduit Flow,4.0
2026-08-09 10:28:23,Mono Basin,L.V. Conduit Below Intake Flow,1.1
2026-08-09 10:28:23,Mono Basin,Walker Ck. Under Conduit Flow,4.0
2026-08-09 10:28:23,Mono Basin,Parker Ck. Under Conduit Flow,14.0
2026-08-09 10:28:23,Mono Basin,Parker Ck. Above Conduit Flow,15.0
2026-08-09 10:28:23,Mono Basin,Grant Lk. Spill Flow,0.0
2026-08-09 10:28:23,Mono Basin,Mono Gate 1 Return Ditch Flow,28.9
2026-08-09 10:28:23,Mono Basin,Grant Lk. Outflow,40.3
2026-08-09 10:28:23,Mono Basin,Rush Ck. at Damsite Flow,11.4
2026-08-09 10:28:23,Mono Basin,Flow to West Portal,5.1
2026-08-09 10:28:23,Long Valley,East Portal Flow,13.0
2026-08-09 10:28:23,Long Valley,OR Below EP Flow,58.0
2026-08-09 10:28:23,Long Valley,Hot Ck.at Hwy. Flow,7.0
2026-08-09 10:28:23,Long Valley,McGee Ck. Lower Sta. Flow,8.3
2026-08-09 10:28:23,Long Valley,Long Valley Current Outflow,584.3
2026-08-09 10:28:23,Long Valley,Rock Ck. Div. Flow,0.1
2026-08-09 10:28:23,Long Valley,Upper Gorge Total Release,41.8
2026-08-09 10:28:23,Long Valley,Release at Middle Gorge,0.0
2026-08-09 10:28:23,Northern Owens Valley,Rock Ck. At Owens River (PV) Flow,27.0
2026-08-09 10:28:23,Northern Owens Valley,Pleasant Valley Outflow,497.7
2026-08-09 10:28:23,Northern Owens Valley,Baker Ck. At LA Station Flow,6.7
2026-08-09 10:28:23,Northern Owens Valley,Big Pine Ck. USGS Flow,49.1
2026-08-09 10:28:23,Northern Owens Valley,O.R. Below Big Pine,480.3
2026-08-09 10:28:23,Northern Owens Valley,Fish Springs At RR Flow,35.8
2026-08-09 10:28:23,Northern Owens Valley,Tinemaha Reservoir Outflow,377.6
2026-08-09 10:28:23,Northern Owens Valley,Bishop Creek Through Plant 6,100.0
2026-08-09 10:28:23,Northern Owens Valley,Bishop Creek Around Plant 6,7.4
2026-08-09 10:28:23,Southern Owens Valley,Tinemaha Reservoir Outflow,377.6
2026-08-09 10:28:23,Southern Owens Valley,Indep. Ck. At Junction Flow,7.6
2026-08-09 10:28:23,Southern Owens Valley,LAA at Alabama Flow,314.0
2026-08-09 10:28:23,Southern Owens Valley,Cottonwood Ck. At LAA Flow,0.0
2026-08-09 10:28:23,Southern Owens Valley,LAA at Cottonwood Flow,397.0
2026-08-09 10:28:23,Southern Owens Valley,Haiwee LAA #1 Current Flow,0.0
2026-08-09 10:28:23,Southern Owens Valley,Haiwee LAA #2 Current Flow,195.1
2026-08-09 10:28:23,Southern Owens Valley,Reinhackel Flow,3.0
2026-08-09 10:28:23,Southern Owens Valley,Lubkin Spillgate Outflow,0.0
2026-08-09 10:28:23,Southern Owens Valley,Cartago Spillgate Outflow,11.3
2026-08-09 10:28:23,Southern Owens Valley,Lone Pine Creek Flow,14.3
2026-08-09 10:28:23,Lower Owens River Project,LORP Intake Flow,81.0
2026-08-09 10:28:23,Lower Owens River Project,LORP at Mazourka Canyon Road,0.0
2026-08-09 10:28:23,Lower Owens River Project,LORP at Reinhackle Springs,74.0
2026-08-09 10:28:23,Lower Owens River Project,LORP Above Pumpstation,51.0
2026-08-09 10:28:23,Lower Owens River Project,LORP At Pump Station Discharge Flow,48.0
2026-08-09 10:28:23,Southern District,Haiwee LAA #2 Current Flow,195.1
2026-08-09 10:28:23,Southern District,Haiwee LAA #1 Current Flow,0.0
2026-08-09 10:28:23,Southern District,LAA #1 Flow at Fairmont Reservoir,340.0
2026-08-09 10:28:23,Southern District,LAA #2 Flow at Fairmont Res.,204.7
2026-08-09 10:28:23,Southern District,Bouquet Reservoir Inflow,51.3
2026-08-09 10:28:23,Southern District,Bouquet Reservoir Outflow,0.5
2026-08-09 10:28:23,Southern District,LAA #1 at Soledad Flow,262.8
2026-08-09 10:28:23,Southern District,LAA #2 at Soledad Flow,190.5
2026-08-09 10:28:24,Mono Basin,Mono Lk. Elevation,6382.4
2026-08-09 10:28:24,Mono Basin,Grant Lk. Elevation,7129.9
2026-08-09 10:28:24,Long Valley,Long Valley Elevation,6773.5
2026-08-09 10:28:24,Northern Owens Valley,Pleasant Valley Elevation,4391.6
2026-08-09 10:28:24,Northern Owens Valley,Tinemaha Elevation,3861.1
2026-08-09 10:28:24,Southern Owens Valley,Tinemaha Elevation,3861.1
2026-08-09 10:28:24,Southern Owens Valley,LAA at Alabama Level,6.9
2026-08-09 10:28:24,Southern Owens Valley,LAA at Alabama Water Temp,74.1
2026-08-09 10:28:24,Southern Owens Valley,LAA at Cottonwood Level,8.3
2026-08-09 10:28:24,Southern Owens Valley,LAA at Cotton. Water Temp,75.9
2026-08-09 10:28:24,Southern Owens Valley,N. Haiwee Elevation,3757.0
2026-08-09 10:28:24,Southern Owens Valley,S. Haiwee Reservoir Elevation,3724.4
2026-08-09 10:28:24,Southern District,S. Haiwee Reservoir Elevation,3724.4
2026-08-09 10:28:24,Southern District,Fairmont Reservoir Elevation,3026.8
2026-08-09 10:28:24,Southern District,Bouquet Reservoir Elevation,2983.3
2026-08-09 10:43:25,Mono Basin,Lee Vining Intake Above Flow,33.5
2026-08-09 10:43:25,Mono Basin,Lee Vining Intake Below Flow,30.4
2026-08-09 10:43:25,Mono Basin,Mono Lk. Elevation,6382.4
2026-08-09 10:43:25,Mono Basin,Walker Ck. Above Conduit Flow,4.0
2026-08-09 10:43:25,Mono Basin,L.V. Conduit Below Intake Flow,1.1
2026-08-09 10:43:25,Mono Basin,Walker Ck. Under Conduit Flow,4.0
2026-08-09 10:43:25,Mono Basin,Parker Ck. Under Conduit Flow,14.0
2026-08-09 10:43:25,Mono Basin,Parker Ck. Above Conduit Flow,15.0
2026-08-09 10:43:25,Mono Basin,Grant Lk. Spill Flow,0.0
2026-08-09 10:43:25,Mono Basin,Mono Gate 1 Return Ditch Flow,28.9
2026-08-09 10:43:25,Mono Basin,Grant Lk. Elevation,7129.9
2026-08-09 10:43:25,Mono Basin,Grant Lk. Outflow,40.3
2026-08-09 10:43:25,Mono Basin,Rush Ck. at Damsite Flow,11.4
2026-08-09 10:43:25,Mono Basin,Flow to West Portal,5.1
2026-08-09 10:43:25,Long Valley,East Portal Flow,13.0
2026-08-09 10:43:25,Long Valley,OR Below EP Flow,58.0
2026-08-09 10:43:25,Long Valley,Hot Ck.at Hwy. Flow,7.0
2026-08-09 10:43:25,Long Valley,McGee Ck. Lower Sta. Flow,8.3
2026-08-09 10:43:25,Long Valley,Long Valley Elevation,6773.5
2026-08-09 10:43:25,Long Valley,Long Valley Current Outflow,584.3
2026-08-09 10:43:25,Long Valley,Rock Ck. Div. Flow,0.1
2026-08-09 10:43:25,Long Valley,Upper Gorge Total Release,41.7
2026-08-09 10:43:25,Long Valley,Release at Middle Gorge,0.0
2026-08-09 10:43:25,Northern Owens Valley,Rock Ck. At Owens River (PV) Flow,27.0
2026-08-09 10:43:25,Northern Owens Valley,Pleasant Valley Elevation,4346.2
2026-08-09 10:43:25,Northern Owens Valley,Pleasant Valley Outflow,498.2
2026-08-09 10:43:25,Northern Owens Valley,Baker Ck. At LA Station Flow,6.7
2026-08-09 10:43:25,Northern Owens Valley,Big Pine Ck. USGS Flow,49.1
2026-08-09 10:43:25,Northern Owens Valley,O.R. Below Big Pine,480.7
2026-08-09 10:43:25,Northern Owens Valley,Fish Springs At RR Flow,35.8
2026-08-09 10:43:25,Northern Owens Valley,Tinemaha Reservoir Outflow,377.6
2026-08-09 10:43:25,Northern Owens Valley,Bishop Creek Through Plant 6,102.0
2026-08-09 10:43:25,Northern Owens Valley,Bishop Creek Around Plant 6,7.3
2026-08-09 10:43:25,Southern Owens Valley,Tinemaha Reservoir Outflow,377.6
2026-08-09 10:43:25,Southern Owens Valley,Indep. Ck. At Junction Flow,7.6
2026-08-09 10:43:25,Southern Owens Valley,LAA at Alabama Flow,314.0
2026-08-09 10:43:25,Southern Owens Valley,LAA at Alabama Level,6.9
2026-08-09 10:43:25,Southern Owens Valley,LAA at Alabama Water Temp,74.1
2026-08-09 10:43:25,Southern Owens Valley,Cottonwood Ck. At LAA Flow,0.0
2026-08-09 10:43:25,Southern Owens Valley,LAA at Cottonwood Flow,397.0
2026-08-09 10:43:25,Southern Owens Valley,LAA at Cottonwood Level,8.3
2026-08-09 10:43:25,Southern Owens Valley,LAA at Cotton. Water Temp,76.0
2026-08-09 10:43:25,Southern Owens Valley,N. Haiwee Elevation,3757.0
2026-08-09 10:43:25,Southern Owens Valley,S. Haiwee Reservoir Elevation,3724.4
2026-08-09 10:43:25,Southern Owens Valley,Haiwee LAA #1 Current Flow,0.0
2026-08-09 10:43:25,Southern Owens Valley,Haiwee LAA #2 Current Flow,195.1
2026-08-09 10:43:25,Southern Owens Valley,Reinhackel Flow,3.0
2026-08-09 10:43:25,Southern Owens Valley,Lubkin Spillgate Outflow,0.0
2026-08-09 10:43:25,Southern Owens Valley,Cartago Spillgate Outflow,11.3
2026-08-09 10:43:25,Southern Owens Valley,Lone Pine Creek Flow,14.1
2026-08-09 10:43:25,Lower Owens River Project,LORP Intake Flow,81.0
2026-08-09 10:43:25,Lower Owens River Project,LORP at Mazourka Canyon Road,0.0
2026-08-09 10:43:25,Lower Owens River Project,LORP at Reinhackle Springs,74.0
2026-08-09 10:43:25,Lower Owens River Project,LORP Above Pumpstation,50.0
2026-08-09 10:43:25,Lower Owens River Project,LORP At Pump Station Discharge Flow,47.0
2026-08-09 10:43:25,Southern District,Haiwee LAA #2 Current Flow,195.1
2026-08-09 10:43:25,Southern District,S. Haiwee Reservoir Elevation,3724.4
2026-08-09 10:43:25,Southern District,Haiwee LAA #1 Current Flow,0.0
2026-08-09 10:43:25,Southern District,Fairmont Reservoir Elevation,3026.8
2026-08-09 10:43:25,Southern District,LAA #1 Flow at Fairmont Reservoir,332.9
2026-08-09 10:43:25,Southern District,LAA #2 Flow at Fairmont Res.,204.8
2026-08-09 10:43:25,Southern District,Bouquet Reservoir Elevation,2983.3
2026-08-09 10:43:25,Southern District,Bouquet Reservoir Inflow,56.4
2026-08-09 10:43:25,Southern District,Bouquet Reservoir Outflow,0.5
2026-08-09 10:43:25,Southern District,LAA #1 at Soledad Flow,270.9
2026-08-09 10:43:25,Southern District,LAA #2 at Soledad Flow,190.5
2026-08-09 10:58:24,Mono Basin,Lee Vining Intake Above Flow,33.5
2026-08-09 10:58:24,Mono Basin,Lee Vining Intake Below Flow,30.4
2026-08-09 10:58:24,Mono Basin,Mono Lk. Elevation,6382.4
2026-08-09 10:58:24,Mono Basin,Walker Ck. Above Conduit Flow,4.0
2026-08-09 10:58:24,Mono Basin,L.V. Conduit Below Intake Flow,1.1
2026-08-09 10:58:24,Mono Basin,Walker Ck. Under Conduit Flow,4.0
2026-08-09 10:58:24,Mono Basin,Parker Ck. Under Conduit Flow,14.0
2026-08-09 10:58:24,Mono Basin,Parker Ck. Above Conduit Flow,15.0
2026-08-09 10:58:24,Mono Basin,Grant Lk. Spill Flow,0.0
2026-08-09 10:58:24,Mono Basin,Mono Gate 1 Return Ditch Flow,28.9
2026-08-09 10:58:24,Mono Basin,Grant Lk. Elevation,7129.9
2026-08-09 10:58:24,Mono Basin,Grant Lk. Outflow,40.3
2026-08-09 10:58:24,Mono Basin,Rush Ck. at Damsite Flow,11.4
2026-08-09 10:58:24,Mono Basin,Flow to West Portal,5.1
2026-08-09 10:58:24,Long Valley,East Portal Flow,13.0
2026-08-09 10:58:24,Long Valley,OR Below EP Flow,58.0
2026-08-09 10:58:24,Long Valley,Hot Ck.at Hwy. Flow,7.0
2026-08-09 10:58:24,Long Valley,McGee Ck. Lower Sta. Flow,8.3
2026-08-09 10:58:24,Long Valley,Long Valley Elevation,6773.5
2026-08-09 10:58:24,Long Valley,Long Valley Current Outflow,584.3
2026-08-09 10:58:24,Long Valley,Rock Ck. Div. Flow,0.1
2026-08-09 10:58:24,Long Valley,Upper Gorge Total Release,42.3
2026-08-09 10:58:24,Long Valley,Release at Middle Gorge,0.0
2026-08-09 10:58:24,Northern Owens Valley,Rock Ck. At Owens River (PV) Flow,27.0
2026-08-09 10:58:24,Northern Owens Valley,Pleasant Valley Elevation,4382.3
2026-08-09 10:58:24,Northern Owens Valley,Pleasant Valley Outflow,497.7
2026-08-09 10:58:24,Northern Owens Valley,Baker Ck. At LA Station Flow,6.7
2026-08-09 10:58:24,Northern Owens Valley,Big Pine Ck. USGS Flow,49.1
2026-08-09 10:58:24,Northern Owens Valley,O.R. Below Big Pine,481.9
2026-08-09 10:58:24,Northern Owens Valley,Fish Springs At RR Flow,35.8
2026-08-09 10:58:24,Northern Owens Valley,Tinemaha Elevation,3861.1
2026-08-09 10:58:24,Northern Owens Valley,Tinemaha Reservoir Outflow,377.6
2026-08-09 10:58:24,Northern Owens Valley,Bishop Creek Through Plant 6,102.0
2026-08-09 10:58:24,Northern Owens Valley,Bishop Creek Around Plant 6,7.3
2026-08-09 10:58:24,Southern Owens Valley,Tinemaha Elevation,3861.1
2026-08-09 10:58:24,Southern Owens Valley,Tinemaha Reservoir Outflow,377.6
2026-08-09 10:58:24,Southern Owens Valley,Indep. Ck. At Junction Flow,7.6
2026-08-09 10:58:24,Southern Owens Valley,LAA at Alabama Flow,314.0
2026-08-09 10:58:24,Southern Owens Valley,LAA at Alabama Level,6.9
2026-08-09 10:58:24,Southern Owens Valley,LAA at Alabama Water Temp,74.1
2026-08-09 10:58:24,Southern Owens Valley,Cottonwood Ck. At LAA Flow,0.0
2026-08-09 10:58:24,Southern Owens Valley,LAA at Cottonwood Flow,397.0
2026-08-09 10:58:24,Southern Owens Valley,LAA at Cottonwood Level,8.3
2026-08-09 10:58:24,Southern Owens Valley,LAA at Cotton. Water Temp,76.1
2026-08-09 10:58:24,Southern Owens Valley,N. Haiwee Elevation,3757.0
2026-08-09 10:58:24,Southern Owens Valley,S. Haiwee Reservoir Elevation,3724.4
2026-08-09 10:58:24,Southern Owens Valley,Haiwee LAA #1 Current Flow,0.0
2026-08-09 10:58:24,Southern Owens Valley,Haiwee LAA #2 Current Flow,195.1
2026-08-09 10:58:24,Southern Owens Valley,Reinhackel Flow,3.0
2026-08-09 10:58:24,Southern Owens Valley,Lubkin Spillgate Outflow,0.0
2026-08-09 10:58:24,Southern Owens Valley,Cartago Spillgate Outflow,11.7
2026-08-09 10:58:24,Southern Owens Valley,Lone Pine Creek Flow,14.1
2026-08-09 10:58:24,Lower Owens River Project,LORP Intake Flow,81.0
2026-08-09 10:58:24,Lower Owens River Project,LORP at Mazourka Canyon Road,0.0
2026-08-09 10:58:24,Lower Owens River Project,LORP at Reinhackle Springs,74.0
2026-08-09 10:58:24,Lower Owens River Project,LORP Above Pumpstation,51.0
2026-08-09 10:58:24,Lower Owens River Project,LORP At Pump Station Discharge Flow,48.0
2026-08-09 10:58:24,Southern District,Haiwee LAA #2 Current Flow,195.1
2026-08-09 10:58:24,Southern District,S. Haiwee Reservoir Elevation,3724.4
2026-08-09 10:58:24,Southern District,Haiwee LAA #1 Current Flow,0.0
2026-08-09 10:58:24,Southern District,Fairmont Reservoir Elevation,3026.8
2026-08-09 10:58:24,Southern District,LAA #1 Flow at Fairmont Reservoir,332.6
2026-08-09 10:58:24,Southern District,LAA #2 Flow at Fairmont Res.,204.8
2026-08-09 10:58:24,Southern District,Bouquet Reservoir Elevation,2983.3
2026-08-09 10:58:24,Southern District,Bouquet Reservoir Inflow,61.7
2026-08-09 10:58:24,Southern District,Bouquet Reservoir Outflow,0.5
2026-08-09 10:58:24,Southern District,LAA #1 at Soledad Flow,270.9
2026-08-09 10:58:24,Southern District,LAA #2 at Soledad Flow,190.5
2026-08-09 11:13:24,Mono Basin,Lee Vining Intake Above Flow,33.9
2026-08-09 11:13:24,Mono Basin,Lee Vining Intake Below Flow,30.1
2026-08-09 11:13:24,Mono Basin,Mono Lk. Elevation,6382.4
2026-08-09 11:13:24,Mono Basin,Walker Ck. Above Conduit Flow,4.0
2026-08-09 11:13:24,Mono Basin,L.V. Conduit Below Intake Flow,1.1
2026-08-09 11:13:24,Mono Basin,Walker Ck. Under Conduit Flow,4.0
2026-08-09 11:13:24,Mono Basin,Parker Ck. Under Conduit Flow,14.0
2026-08-09 11:13:24,Mono Basin,Parker Ck. Above Conduit Flow,15.0
2026-08-09 11:13:24,Mono Basin,Grant Lk. Spill Flow,0.0
2026-08-09 11:13:24,Mono Basin,Mono Gate 1 Return Ditch Flow,28.9
2026-08-09 11:13:24,Mono Basin,Grant Lk. Elevation,7129.9
2026-08-09 11:13:24,Mono Basin,Grant Lk. Outflow,40.3
2026-08-09 11:13:24,Mono Basin,Rush Ck. at Damsite Flow,11.4
2026-08-09 11:13:24,Mono Basin,Flow to West Portal,5.1
2026-08-09 11:13:24,Long Valley,East Portal Flow,13.0
2026-08-09 11:13:24,Long Valley,OR Below EP Flow,58.0
2026-08-09 11:13:24,Long Valley,Hot Ck.at Hwy. Flow,7.0
2026-08-09 11:13:24,Long Valley,McGee Ck. Lower Sta. Flow,8.3
2026-08-09 11:13:24,Long Valley,Long Valley Elevation,6773.5
2026-08-09 11:13:24,Long Valley,Long Valley Current Outflow,584.3
2026-08-09 11:13:24,Long Valley,Rock Ck. Div. Flow,0.1
2026-08-09 11:13:24,Long Valley,Upper Gorge Total Release,41.8
2026-08-09 11:13:24,Long Valley,Release at Middle Gorge,0.0
2026-08-09 11:13:24,Northern Owens Valley,Rock Ck. At Owens River (PV) Flow,27.0
2026-08-09 11:13:24,Northern Owens Valley,Pleasant Valley Elevation,4385.3
2026-08-09 11:13:24,Northern Owens Valley,Pleasant Valley Outflow,496.8
2026-08-09 11:13:24,Northern Owens Valley,Baker Ck. At LA Station Flow,6.7
2026-08-09 11:13:24,Northern Owens Valley,Big Pine Ck. USGS Flow,49.1
2026-08-09 11:13:24,Northern Owens Valley,O.R. Below Big Pine,481.6
2026-08-09 11:13:24,Northern Owens Valley,Fish Springs At RR Flow,35.8
2026-08-09 11:13:24,Northern Owens Valley,Tinemaha Reservoir Outflow,377.6
2026-08-09 11:13:24,Northern Owens Valley,Bishop Creek Through Plant 6,102.0
2026-08-09 11:13:24,Northern Owens Valley,Bishop Creek Around Plant 6,7.3
2026-08-09 11:13:24,Southern Owens Valley,Tinemaha Reservoir Outflow,377.6
2026-08-09 11:13:24,Southern Owens Valley,Indep. Ck. At Junction Flow,7.6
2026-08-09 11:13:24,Southern Owens Valley,LAA at Alabama Flow,313.0
2026-08-09 11:13:24,Southern Owens Valley,LAA at Alabama Level,6.9
2026-08-09 11:13:24,Southern Owens Valley,LAA at Alabama Water Temp,74.7
2026-08-09 11:13:24,Southern Owens Valley,Cottonwood Ck. At LAA Flow,0.0
2026-08-09 11:13:24,Southern Owens Valley,LAA at Cottonwood Flow,397.0
2026-08-09 11:13:24,Southern Owens Valley,LAA at Cottonwood Level,8.3
2026-08-09 11:13:24,Southern Owens Valley,LAA at Cotton. Water Temp,76.1
2026-08-09 11:13:24,Southern Owens Valley,N. Haiwee Elevation,3757.0
2026-08-09 11:13:24,Southern Owens Valley,S. Haiwee Reservoir Elevation,3724.4
2026-08-09 11:13:24,Southern Owens Valley,Haiwee LAA #1 Current Flow,0.0
2026-08-09 11:13:24,Southern Owens Valley,Haiwee LAA #2 Current Flow,195.1
2026-08-09 11:13:24,Southern Owens Valley,Reinhackel Flow,3.0
2026-08-09 11:13:24,Southern Owens Valley,Lubkin Spillgate Outflow,0.0
2026-08-09 11:13:24,Southern Owens Valley,Cartago Spillgate Outflow,11.7
2026-08-09 11:13:24,Southern Owens Valley,Lone Pine Creek Flow,14.1
2026-08-09 11:13:24,Lower Owens River Project,LORP Intake Flow,81.0
2026-08-09 11:13:24,Lower Owens River Project,LORP at Mazourka Canyon Road,0.0
2026-08-09 11:13:24,Lower Owens River Project,LORP at Reinhackle Springs,74.0
2026-08-09 11:13:24,Lower Owens River Project,LORP Above Pumpstation,51.0
2026-08-09 11:13:24,Lower Owens River Project,LORP At Pump Station Discharge Flow,48.0
2026-08-09 11:13:24,Southern District,Haiwee LAA #2 Current Flow,195.1
2026-08-09 11:13:24,Southern District,S. Haiwee Reservoir Elevation,3724.4
2026-08-09 11:13:24,Southern District,Haiwee LAA #1 Current Flow,0.0
2026-08-09 11:13:24,Southern District,Fairmont Reservoir Elevation,3026.8
2026-08-09 11:13:24,Southern District,LAA #1 Flow at Fairmont Reservoir,329.4
2026-08-09 11:13:24,Southern District,LAA #2 Flow at Fairmont Res.,204.6
2026-08-09 11:13:24,Southern District,Bouquet Reservoir Elevation,2983.3
2026-08-09 11:13:24,Southern District,Bouquet Reservoir Inflow,61.9
2026-08-09 11:13:24,Southern District,Bouquet Reservoir Outflow,0.7
2026-08-09 11:13:24,Southern District,LAA #1 at Soledad Flow,270.9
2026-08-09 11:13:24,Southern District,LAA #2 at Soledad Flow,190.5
2026-08-09 11:28:23,Mono Basin,Lee Vining Intake Above Flow,33.9
2026-08-09 11:28:23,Mono Basin,Lee Vining Intake Below Flow,30.1
2026-08-09 11:28:23,Mono Basin,Walker Ck. Above Conduit Flow,4.0
2026-08-09 11:28:23,Mono Basin,L.V. Conduit Below Intake Flow,1.1
2026-08-09 11:28:23,Mono Basin,Walker Ck. Under Conduit Flow,4.0
2026-08-09 11:28:23,Mono Basin,Parker Ck. Under Conduit Flow,14.0
2026-08-09 11:28:23,Mono Basin,Parker Ck. Above Conduit Flow,15.0
2026-08-09 11:28:23,Mono Basin,Grant Lk. Spill Flow,0.0
2026-08-09 11:28:23,Mono Basin,Mono Gate 1 Return Ditch Flow,27.7
2026-08-09 11:28:23,Mono Basin,Grant Lk. Outflow,40.1
2026-08-09 11:28:23,Mono Basin,Rush Ck. at Damsite Flow,11.4
2026-08-09 11:28:23,Mono Basin,Flow to West Portal,5.1
2026-08-09 11:28:23,Long Valley,East Portal Flow,13.0
2026-08-09 11:28:23,Long Valley,OR Below EP Flow,58.0
2026-08-09 11:28:23,Long Valley,Hot Ck.at Hwy. Flow,7.0
2026-08-09 11:28:23,Long Valley,McGee Ck. Lower Sta. Flow,8.3
2026-08-09 11:28:23,Long Valley,Long Valley Current Outflow,584.3
2026-08-09 11:28:23,Long Valley,Rock Ck. Div. Flow,0.1
2026-08-09 11:28:23,Long Valley,Upper Gorge Total Release,41.7
2026-08-09 11:28:23,Long Valley,Release at Middle Gorge,0.0
2026-08-09 11:28:23,Northern Owens Valley,Rock Ck. At Owens River (PV) Flow,26.8
2026-08-09 11:28:23,Northern Owens Valley,Pleasant Valley Outflow,496.2
2026-08-09 11:28:23,Northern Owens Valley,Baker Ck. At LA Station Flow,6.7
2026-08-09 11:28:23,Northern Owens Valley,Big Pine Ck. USGS Flow,49.1
2026-08-09 11:28:23,Northern Owens Valley,O.R. Below Big Pine,480.9
2026-08-09 11:28:23,Northern Owens Valley,Fish Springs At RR Flow,35.8
2026-08-09 11:28:23,Northern Owens Valley,Tinemaha Reservoir Outflow,377.6
2026-08-09 11:28:23,Northern Owens Valley,Bishop Creek Through Plant 6,102.0
2026-08-09 11:28:23,Northern Owens Valley,Bishop Creek Around Plant 6,7.3
2026-08-09 11:28:23,Southern Owens Valley,Tinemaha Reservoir Outflow,377.6
2026-08-09 11:28:23,Southern Owens Valley,Indep. Ck. At Junction Flow,7.6
2026-08-09 11:28:23,Southern Owens Valley,LAA at Alabama Flow,314.0
2026-08-09 11:28:23,Southern Owens Valley,Cottonwood Ck. At LAA Flow,0.0
2026-08-09 11:28:23,Southern Owens Valley,LAA at Cottonwood Flow,397.0
2026-08-09 11:28:23,Southern Owens Valley,Haiwee LAA #1 Current Flow,0.0
2026-08-09 11:28:23,Southern Owens Valley,Haiwee LAA #2 Current Flow,195.1
2026-08-09 11:28:23,Southern Owens Valley,Reinhackel Flow,3.0
2026-08-09 11:28:23,Southern Owens Valley,Lubkin Spillgate Outflow,0.0
2026-08-09 11:28:23,Southern Owens Valley,Cartago Spillgate Outflow,11.9
2026-08-09 11:28:23,Southern Owens Valley,Lone Pine Creek Flow,14.1
2026-08-09 11:28:23,Lower Owens River Project,LORP Intake Flow,81.0
2026-08-09 11:28:23,Lower Owens River Project,LORP at Mazourka Canyon Road,0.0
2026-08-09 11:28:23,Lower Owens River Project,LORP at Reinhackle Springs,72.0
2026-08-09 11:28:23,Lower Owens River Project,LORP Above Pumpstation,51.0
2026-08-09 11:28:23,Lower Owens River Project,LORP At Pump Station Discharge Flow,48.0
2026-08-09 11:28:23,Southern District,Haiwee LAA #2 Current Flow,195.1
2026-08-09 11:28:23,Southern District,Haiwee LAA #1 Current Flow,0.0
2026-08-09 11:28:23,Southern District,LAA #1 Flow at Fairmont Reservoir,339.1
2026-08-09 11:28:23,Southern District,LAA #2 Flow at Fairmont Res.,204.8
2026-08-09 11:28:23,Southern District,Bouquet Reservoir Inflow,67.0
2026-08-09 11:28:23,Southern District,Bouquet Reservoir Outflow,0.7
2026-08-09 11:28:23,Southern District,LAA #1 at Soledad Flow,270.9
2026-08-09 11:28:23,Southern District,LAA #2 at Soledad Flow,190.5
2026-08-09 11:28:24,Mono Basin,Mono Lk. Elevation,6382.4
2026-08-09 11:28:24,Mono Basin,Grant Lk. Elevation,7129.9
2026-08-09 11:28:24,Long Valley,Long Valley Elevation,6773.5
2026-08-09 11:28:24,Northern Owens Valley,Pleasant Valley Elevation,4385.3
2026-08-09 11:28:24,Northern Owens Valley,Tinemaha Elevation,3861.1
2026-08-09 11:28:24,Southern Owens Valley,Tinemaha Elevation,3861.1
2026-08-09 11:28:24,Southern Owens Valley,LAA at Alabama Level,6.9
2026-08-09 11:28:24,Southern Owens Valley,LAA at Alabama Water Temp,74.9
2026-08-09 11:28:24,Southern Owens Valley,LAA at Cottonwood Level,8.3
2026-08-09 11:28:24,Southern Owens Valley,LAA at Cotton. Water Temp,76.1
2026-08-09 11:28:24,Southern Owens Valley,N. Haiwee Elevation,3757.0
2026-08-09 11:28:24,Southern Owens Valley,S. Haiwee Reservoir Elevation,3724.4
2026-08-09 11:28:24,Southern District,S. Haiwee Reservoir Elevation,3724.4
2026-08-09 11:28:24,Southern District,Fairmont Reservoir Elevation,3026.8
2026-08-09 11:28:24,Southern District,Bouquet Reservoir Elevation,2983.3
2026-08-09 11:43:25,Mono Basin,Lee Vining Intake Above Flow,33.7
2026-08-09 11:43:25,Mono Basin,Lee Vining Intake Below Flow,30.1
2026-08-09 11:43:25,Mono Basin,Mono Lk. Elevation,6382.4
2026-08-09 11:43:25,Mono Basin,Walker Ck. Above Conduit Flow,4.0
2026-08-09 11:43:25,Mono Basin,L.V. Conduit Below Intake Flow,1.1
2026-08-09 11:43:25,Mono Basin,Walker Ck. Under Conduit Flow,4.0
2026-08-09 11:43:25,Mono Basin,Parker Ck. Under Conduit Flow,14.0
2026-08-09 11:43:25,Mono Basin,Parker Ck. Above Conduit Flow,15.0
2026-08-09 11:43:25,Mono Basin,Grant Lk. Spill Flow,0.0
2026-08-09 11:43:25,Mono Basin,Mono Gate 1 Return Ditch Flow,27.7
2026-08-09 11:43:25,Mono Basin,Grant Lk. Elevation,7129.9
2026-08-09 11:43:25,Mono Basin,Grant Lk. Outflow,40.1
2026-08-09 11:43:25,Mono Basin,Rush Ck. at Damsite Flow,11.4
2026-08-09 11:43:25,Mono Basin,Flow to West Portal,5.1
2026-08-09 11:43:25,Long Valley,East Portal Flow,13.0
2026-08-09 11:43:25,Long Valley,OR Below EP Flow,58.0
2026-08-09 11:43:25,Long Valley,Hot Ck.at Hwy. Flow,7.0
2026-08-09 11:43:25,Long Valley,McGee Ck. Lower Sta. Flow,8.3
2026-08-09 11:43:25,Long Valley,Long Valley Elevation,6773.5
2026-08-09 11:43:25,Long Valley,Long Valley Current Outflow,584.3
2026-08-09 11:43:25,Long Valley,Rock Ck. Div. Flow,0.1
2026-08-09 11:43:25,Long Valley,Upper Gorge Total Release,41.8
2026-08-09 11:43:25,Long Valley,Release at Middle Gorge,0.0
2026-08-09 11:43:25,Northern Owens Valley,Rock Ck. At Owens River (PV) Flow,26.8
2026-08-09 11:43:25,Northern Owens Valley,Pleasant Valley Elevation,4385.4
2026-08-09 11:43:25,Northern Owens Valley,Pleasant Valley Outflow,497.4
2026-08-09 11:43:25,Northern Owens Valley,Baker Ck. At LA Station Flow,6.7
2026-08-09 11:43:25,Northern Owens Valley,Big Pine Ck. USGS Flow,49.1
2026-08-09 11:43:25,Northern Owens Valley,O.R. Below Big Pine,481.4
2026-08-09 11:43:25,Northern Owens Valley,Fish Springs At RR Flow,35.8
2026-08-09 11:43:25,Northern Owens Valley,Tinemaha Reservoir Outflow,377.6
2026-08-09 11:43:25,Northern Owens Valley,Bishop Creek Through Plant 6,102.0
2026-08-09 11:43:25,Northern Owens Valley,Bishop Creek Around Plant 6,7.3
2026-08-09 11:43:25,Southern Owens Valley,Tinemaha Reservoir Outflow,377.6
2026-08-09 11:43:25,Southern Owens Valley,Indep. Ck. At Junction Flow,7.6
2026-08-09 11:43:25,Southern Owens Valley,LAA at Alabama Flow,314.0
2026-08-09 11:43:25,Southern Owens Valley,LAA at Alabama Level,6.9
2026-08-09 11:43:25,Southern Owens Valley,LAA at Alabama Water Temp,74.9
2026-08-09 11:43:25,Southern Owens Valley,Cottonwood Ck. At LAA Flow,0.0
2026-08-09 11:43:25,Southern Owens Valley,LAA at Cottonwood Flow,397.0
2026-08-09 11:43:25,Southern Owens Valley,LAA at Cottonwood Level,8.3
2026-08-09 11:43:25,Southern Owens Valley,LAA at Cotton. Water Temp,76.4
2026-08-09 11:43:25,Southern Owens Valley,N. Haiwee Elevation,3757.0
2026-08-09 11:43:25,Southern Owens Valley,S. Haiwee Reservoir Elevation,3724.4
2026-08-09 11:43:25,Southern Owens Valley,Haiwee LAA #1 Current Flow,0.0
2026-08-09 11:43:25,Southern Owens Valley,Haiwee LAA #2 Current Flow,195.1
2026-08-09 11:43:25,Southern Owens Valley,Reinhackel Flow,3.0
2026-08-09 11:43:25,Southern Owens Valley,Lubkin Spillgate Outflow,0.0
2026-08-09 11:43:25,Southern Owens Valley,Cartago Spillgate Outflow,11.9
2026-08-09 11:43:25,Southern Owens Valley,Lone Pine Creek Flow,14.0
2026-08-09 11:43:25,Lower Owens River Project,LORP Intake Flow,81.0
2026-08-09 11:43:25,Lower Owens River Project,LORP at Mazourka Canyon Road,0.0
2026-08-09 11:43:25,Lower Owens River Project,LORP at Reinhackle Springs,72.0
2026-08-09 11:43:25,Lower Owens River Project,LORP Above Pumpstation,51.0
2026-08-09 11:43:25,Lower Owens River Project,LORP At Pump Station Discharge Flow,48.0
2026-08-09 11:43:25,Southern District,Haiwee LAA #2 Current Flow,195.1
2026-08-09 11:43:25,Southern District,S. Haiwee Reservoir Elevation,3724.4
2026-08-09 11:43:25,Southern District,Haiwee LAA #1 Current Flow,0.0
2026-08-09 11:43:25,Southern District,Fairmont Reservoir Elevation,3026.8
2026-08-09 11:43:25,Southern District,LAA #1 Flow at Fairmont Reservoir,344.7
2026-08-09 11:43:25,Southern District,LAA #2 Flow at Fairmont Res.,204.6
2026-08-09 11:43:25,Southern District,Bouquet Reservoir Elevation,2983.3
2026-08-09 11:43:25,Southern District,Bouquet Reservoir Inflow,71.8
2026-08-09 11:43:25,Southern District,Bouquet Reservoir Outflow,0.5
2026-08-09 11:43:25,Southern District,LAA #1 at Soledad Flow,270.9
2026-08-09 11:43:25,Southern District,LAA #2 at Soledad Flow,190.5
2026-08-09 11:58:23,Northern Owens Valley,Tinemaha Reservoir Outflow,377.6
2026-08-09 11:58:23,Southern Owens Valley,Tinemaha Reservoir Outflow,377.6
2026-08-09 11:58:23,Southern Owens Valley,Indep. Ck. At Junction Flow,7.6
2026-08-09 11:58:23,Southern Owens Valley,LAA at Alabama Flow,314.0
2026-08-09 11:58:23,Southern Owens Valley,Cottonwood Ck. At LAA Flow,0.0
2026-08-09 11:58:23,Southern Owens Valley,LAA at Cottonwood Flow,397.0
2026-08-09 11:58:23,Southern Owens Valley,Haiwee LAA #1 Current Flow,0.0
2026-08-09 11:58:23,Southern Owens Valley,Haiwee LAA #2 Current Flow,195.1
2026-08-09 11:58:23,Southern Owens Valley,Reinhackel Flow,3.0
2026-08-09 11:58:23,Southern Owens Valley,Lubkin Spillgate Outflow,0.0
2026-08-09 11:58:23,Southern Owens Valley,Cartago Spillgate Outflow,11.2
2026-08-09 11:58:23,Southern Owens Valley,Lone Pine Creek Flow,14.0
2026-08-09 11:58:23,Lower Owens River Project,LORP Intake Flow,81.0
2026-08-09 11:58:23,Lower Owens River Project,LORP at Mazourka Canyon Road,0.0
2026-08-09 11:58:23,Lower Owens River Project,LORP at Reinhackle Springs,72.0
2026-08-09 11:58:23,Lower Owens River Project,LORP Above Pumpstation,51.0
2026-08-09 11:58:23,Lower Owens River Project,LORP At Pump Station Discharge Flow,48.0
2026-08-09 11:58:23,Southern District,Haiwee LAA #2 Current Flow,195.1
2026-08-09 11:58:23,Southern District,Haiwee LAA #1 Current Flow,0.0
2026-08-09 11:58:24,Mono Basin,Lee Vining Intake Above Flow,33.7
2026-08-09 11:58:24,Mono Basin,Lee Vining Intake Below Flow,30.1
2026-08-09 11:58:24,Mono Basin,Mono Lk. Elevation,6382.4
2026-08-09 11:58:24,Mono Basin,Walker Ck. Above Conduit Flow,4.0
2026-08-09 11:58:24,Mono Basin,L.V. Conduit Below Intake Flow,1.1
2026-08-09 11:58:24,Mono Basin,Walker Ck. Under Conduit Flow,4.0
2026-08-09 11:58:24,Mono Basin,Parker Ck. Under Conduit Flow,14.0
2026-08-09 11:58:24,Mono Basin,Parker Ck. Above Conduit Flow,15.0
2026-08-09 11:58:24,Mono Basin,Grant Lk. Spill Flow,0.0
2026-08-09 11:58:24,Mono Basin,Mono Gate 1 Return Ditch Flow,27.7
2026-08-09 11:58:24,Mono Basin,Grant Lk. Elevation,7129.9
2026-08-09 11:58:24,Mono Basin,Grant Lk. Outflow,40.1
2026-08-09 11:58:24,Mono Basin,Rush Ck. at Damsite Flow,11.4
2026-08-09 11:58:24,Mono Basin,Flow to West Portal,5.1
2026-08-09 11:58:24,Long Valley,East Portal Flow,13.0
2026-08-09 11:58:24,Long Valley,OR Below EP Flow,58.0
2026-08-09 11:58:24,Long Valley,Hot Ck.at Hwy. Flow,7.0
2026-08-09 11:58:24,Long Valley,McGee Ck. Lower Sta. Flow,8.3
2026-08-09 11:58:24,Long Valley,Long Valley Elevation,6773.5
2026-08-09 11:58:24,Long Valley,Long Valley Current Outflow,584.3
2026-08-09 11:58:24,Long Valley,Rock Ck. Div. Flow,0.1
2026-08-09 11:58:24,Long Valley,Upper Gorge Total Release,41.8
2026-08-09 11:58:24,Long Valley,Release at Middle Gorge,0.0
2026-08-09 11:58:24,Northern Owens Valley,Rock Ck. At Owens River (PV) Flow,26.8
2026-08-09 11:58:24,Northern Owens Valley,Pleasant Valley Elevation,4385.4
2026-08-09 11:58:24,Northern Owens Valley,Pleasant Valley Outflow,496.6
2026-08-09 11:58:24,Northern Owens Valley,Baker Ck. At LA Station Flow,6.7
2026-08-09 11:58:24,Northern Owens Valley,Big Pine Ck. USGS Flow,49.1
2026-08-09 11:58:24,Northern Owens Valley,O.R. Below Big Pine,482.1
2026-08-09 11:58:24,Northern Owens Valley,Fish Springs At RR Flow,35.8
2026-08-09 11:58:24,Northern Owens Valley,Tinemaha Elevation,3861.1
2026-08-09 11:58:24,Northern Owens Valley,Bishop Creek Through Plant 6,102.0
2026-08-09 11:58:24,Northern Owens Valley,Bishop Creek Around Plant 6,7.3
2026-08-09 11:58:24,Southern Owens Valley,Tinemaha Elevation,3861.1
2026-08-09 11:58:24,Southern Owens Valley,LAA at Alabama Level,6.9
2026-08-09 11:58:24,Southern Owens Valley,LAA at Alabama Water Temp,74.9
2026-08-09 11:58:24,Southern Owens Valley,LAA at Cottonwood Level,8.3
2026-08-09 11:58:24,Southern Owens Valley,LAA at Cotton. Water Temp,76.4
2026-08-09 11:58:24,Southern Owens Valley,N. Haiwee Elevation,3757.0
2026-08-09 11:58:24,Southern Owens Valley,S. Haiwee Reservoir Elevation,3724.4
2026-08-09 11:58:24,Southern District,S. Haiwee Reservoir Elevation,3724.4
2026-08-09 11:58:24,Southern District,Fairmont Reservoir Elevation,3026.8
2026-08-09 11:58:24,Southern District,LAA #1 Flow at Fairmont Reservoir,339.8
2026-08-09 11:58:24,Southern District,LAA #2 Flow at Fairmont Res.,204.6
2026-08-09 11:58:24,Southern District,Bouquet Reservoir Elevation,2983.3
2026-08-09 11:58:24,Southern District,Bouquet Reservoir Inflow,71.8
2026-08-09 11:58:24,Southern District,Bouquet Reservoir Outflow,0.5
2026-08-09 11:58:24,Southern District,LAA #1 at Soledad Flow,270.9
2026-08-09 11:58:24,Southern District,LAA #2 at Soledad Flow,190.5
2026-08-09 12:13:24,Mono Basin,Lee Vining Intake Above Flow,33.9
2026-08-09 12:13:24,Mono Basin,Lee Vining Intake Below Flow,30.1
2026-08-09 12:13:24,Mono Basin,Mono Lk. Elevation,6382.4
2026-08-09 12:13:24,Mono Basin,Walker Ck. Above Conduit Flow,4.0
2026-08-09 12:13:24,Mono Basin,L.V. Conduit Below Intake Flow,1.1
2026-08-09 12:13:24,Mono Basin,Walker Ck. Under Conduit Flow,4.0
2026-08-09 12:13:24,Mono Basin,Parker Ck. Under Conduit Flow,14.0
2026-08-09 12:13:24,Mono Basin,Parker Ck. Above Conduit Flow,15.0
2026-08-09 12:13:24,Mono Basin,Grant Lk. Spill Flow,0.0
2026-08-09 12:13:24,Mono Basin,Mono Gate 1 Return Ditch Flow,27.7
2026-08-09 12:13:24,Mono Basin,Grant Lk. Elevation,7129.9
2026-08-09 12:13:24,Mono Basin,Grant Lk. Outflow,40.1
2026-08-09 12:13:24,Mono Basin,Rush Ck. at Damsite Flow,11.4
2026-08-09 12:13:24,Mono Basin,Flow to West Portal,16.4
2026-08-09 12:13:24,Long Valley,East Portal Flow,13.0
2026-08-09 12:13:24,Long Valley,OR Below EP Flow,58.0
2026-08-09 12:13:24,Long Valley,Hot Ck.at Hwy. Flow,7.0
2026-08-09 12:13:24,Long Valley,McGee Ck. Lower Sta. Flow,8.2
2026-08-09 12:13:24,Long Valley,Long Valley Elevation,6773.5
2026-08-09 12:13:24,Long Valley,Long Valley Current Outflow,584.0
2026-08-09 12:13:24,Long Valley,Rock Ck. Div. Flow,0.1
2026-08-09 12:13:24,Long Valley,Upper Gorge Total Release,41.3
2026-08-09 12:13:24,Long Valley,Release at Middle Gorge,0.0
2026-08-09 12:13:24,Northern Owens Valley,Rock Ck. At Owens River (PV) Flow,26.7
2026-08-09 12:13:24,Northern Owens Valley,Pleasant Valley Elevation,4385.4
2026-08-09 12:13:24,Northern Owens Valley,Pleasant Valley Outflow,496.8
2026-08-09 12:13:24,Northern Owens Valley,Baker Ck. At LA Station Flow,6.5
2026-08-09 12:13:24,Northern Owens Valley,Big Pine Ck. USGS Flow,49.1
2026-08-09 12:13:24,Northern Owens Valley,O.R. Below Big Pine,481.2
2026-08-09 12:13:24,Northern Owens Valley,Fish Springs At RR Flow,35.8
2026-08-09 12:13:24,Northern Owens Valley,Tinemaha Reservoir Outflow,377.6
2026-08-09 12:13:24,Northern Owens Valley,Bishop Creek Through Plant 6,102.0
2026-08-09 12:13:24,Northern Owens Valley,Bishop Creek Around Plant 6,7.3
2026-08-09 12:13:24,Southern Owens Valley,Tinemaha Reservoir Outflow,377.6
2026-08-09 12:13:24,Southern Owens Valley,Indep. Ck. At Junction Flow,7.6
2026-08-09 12:13:24,Southern Owens Valley,LAA at Alabama Flow,314.0
2026-08-09 12:13:24,Southern Owens Valley,LAA at Alabama Level,6.9
2026-08-09 12:13:24,Southern Owens Valley,LAA at Alabama Water Temp,75.4
2026-08-09 12:13:24,Southern Owens Valley,Cottonwood Ck. At LAA Flow,0.0
2026-08-09 12:13:24,Southern Owens Valley,LAA at Cottonwood Flow,398.0
2026-08-09 12:13:24,Southern Owens Valley,LAA at Cottonwood Level,8.3
2026-08-09 12:13:24,Southern Owens Valley,LAA at Cotton. Water Temp,76.4
2026-08-09 12:13:24,Southern Owens Valley,N. Haiwee Elevation,3757.0
2026-08-09 12:13:24,Southern Owens Valley,S. Haiwee Reservoir Elevation,3724.4
2026-08-09 12:13:24,Southern Owens Valley,Haiwee LAA #1 Current Flow,0.0
2026-08-09 12:13:24,Southern Owens Valley,Haiwee LAA #2 Current Flow,195.1
2026-08-09 12:13:24,Southern Owens Valley,Reinhackel Flow,3.0
2026-08-09 12:13:24,Southern Owens Valley,Lubkin Spillgate Outflow,0.0
2026-08-09 12:13:24,Southern Owens Valley,Cartago Spillgate Outflow,11.2
2026-08-09 12:13:24,Southern Owens Valley,Lone Pine Creek Flow,13.9
2026-08-09 12:13:24,Lower Owens River Project,LORP Intake Flow,81.0
2026-08-09 12:13:24,Lower Owens River Project,LORP at Mazourka Canyon Road,0.0
2026-08-09 12:13:24,Lower Owens River Project,LORP at Reinhackle Springs,72.0
2026-08-09 12:13:24,Lower Owens River Project,LORP Above Pumpstation,51.0
2026-08-09 12:13:24,Lower Owens River Project,LORP At Pump Station Discharge Flow,48.0
2026-08-09 12:13:24,Southern District,Haiwee LAA #2 Current Flow,195.1
2026-08-09 12:13:24,Southern District,S. Haiwee Reservoir Elevation,3724.4
2026-08-09 12:13:24,Southern District,Haiwee LAA #1 Current Flow,0.0
2026-08-09 12:13:24,Southern District,Fairmont Reservoir Elevation,3026.8
2026-08-09 12:13:24,Southern District,LAA #1 Flow at Fairmont Reservoir,349.0
2026-08-09 12:13:24,Southern District,LAA #2 Flow at Fairmont Res.,204.6
2026-08-09 12:13:24,Southern District,Bouquet Reservoir Elevation,2983.3
2026-08-09 12:13:24,Southern District,Bouquet Reservoir Inflow,76.8
2026-08-09 12:13:24,Southern District,Bouquet Reservoir Outflow,0.5
2026-08-09 12:13:24,Southern District,LAA #1 at Soledad Flow,280.9
2026-08-09 12:13:24,Southern District,LAA #2 at Soledad Flow,190.5
2026-08-09 12:28:23,Mono Basin,Lee Vining Intake Above Flow,33.9
2026-08-09 12:28:23,Mono Basin,Lee Vining Intake Below Flow,30.1
2026-08-09 12:28:23,Mono Basin,Walker Ck. Above Conduit Flow,4.0
2026-08-09 12:28:23,Mono Basin,L.V. Conduit Below Intake Flow,1.1
2026-08-09 12:28:23,Mono Basin,Walker Ck. Under Conduit Flow,5.0
2026-08-09 12:28:23,Mono Basin,Parker Ck. Under Conduit Flow,14.0
2026-08-09 12:28:23,Mono Basin,Parker Ck. Above Conduit Flow,15.0
2026-08-09 12:28:23,Mono Basin,Grant Lk. Spill Flow,0.0
2026-08-09 12:28:23,Mono Basin,Mono Gate 1 Return Ditch Flow,26.7
2026-08-09 12:28:23,Mono Basin,Grant Lk. Outflow,40.3
2026-08-09 12:28:23,Mono Basin,Rush Ck. at Damsite Flow,11.4
2026-08-09 12:28:23,Mono Basin,Flow to West Portal,16.4
2026-08-09 12:28:23,Long Valley,East Portal Flow,13.0
2026-08-09 12:28:23,Long Valley,OR Below EP Flow,58.0
2026-08-09 12:28:23,Long Valley,Hot Ck.at Hwy. Flow,6.0
2026-08-09 12:28:23,Long Valley,McGee Ck. Lower Sta. Flow,8.2
2026-08-09 12:28:23,Long Valley,Long Valley Current Outflow,584.0
2026-08-09 12:28:23,Long Valley,Rock Ck. Div. Flow,0.1
2026-08-09 12:28:23,Long Valley,Upper Gorge Total Release,41.9
2026-08-09 12:28:23,Long Valley,Release at Middle Gorge,0.0
2026-08-09 12:28:23,Northern Owens Valley,Rock Ck. At Owens River (PV) Flow,26.4
2026-08-09 12:28:23,Northern Owens Valley,Pleasant Valley Outflow,496.5
2026-08-09 12:28:23,Northern Owens Valley,Baker Ck. At LA Station Flow,6.5
2026-08-09 12:28:23,Northern Owens Valley,Big Pine Ck. USGS Flow,46.8
2026-08-09 12:28:23,Northern Owens Valley,O.R. Below Big Pine,481.3
2026-08-09 12:28:23,Northern Owens Valley,Fish Springs At RR Flow,36.5
2026-08-09 12:28:23,Northern Owens Valley,Tinemaha Reservoir Outflow,377.6
2026-08-09 12:28:23,Northern Owens Valley,Bishop Creek Through Plant 6,98.8
2026-08-09 12:28:23,Northern Owens Valley,Bishop Creek Around Plant 6,7.1
2026-08-09 12:28:23,Southern Owens Valley,Tinemaha Reservoir Outflow,377.6
2026-08-09 12:28:23,Southern Owens Valley,Indep. Ck. At Junction Flow,7.6
2026-08-09 12:28:23,Southern Owens Valley,LAA at Alabama Flow,313.0
2026-08-09 12:28:23,Southern Owens Valley,Cottonwood Ck. At LAA Flow,0.0
2026-08-09 12:28:23,Southern Owens Valley,LAA at Cottonwood Flow,398.0
2026-08-09 12:28:23,Southern Owens Valley,Haiwee LAA #1 Current Flow,0.0
2026-08-09 12:28:23,Southern Owens Valley,Haiwee LAA #2 Current Flow,195.1
2026-08-09 12:28:23,Southern Owens Valley,Reinhackel Flow,3.0
2026-08-09 12:28:23,Southern Owens Valley,Lubkin Spillgate Outflow,0.0
2026-08-09 12:28:23,Southern Owens Valley,Cartago Spillgate Outflow,11.5
2026-08-09 12:28:23,Southern Owens Valley,Lone Pine Creek Flow,13.9
2026-08-09 12:28:23,Lower Owens River Project,LORP Intake Flow,81.0
2026-08-09 12:28:23,Lower Owens River Project,LORP at Mazourka Canyon Road,0.0
2026-08-09 12:28:23,Lower Owens River Project,LORP at Reinhackle Springs,73.0
2026-08-09 12:28:23,Lower Owens River Project,LORP Above Pumpstation,51.0
2026-08-09 12:28:23,Lower Owens River Project,LORP At Pump Station Discharge Flow,48.0
2026-08-09 12:28:23,Southern District,Haiwee LAA #2 Current Flow,195.1
2026-08-09 12:28:23,Southern District,Haiwee LAA #1 Current Flow,0.0
2026-08-09 12:28:23,Southern District,LAA #1 Flow at Fairmont Reservoir,354.1
2026-08-09 12:28:23,Southern District,LAA #2 Flow at Fairmont Res.,204.7
2026-08-09 12:28:23,Southern District,Bouquet Reservoir Inflow,71.5
2026-08-09 12:28:23,Southern District,Bouquet Reservoir Outflow,0.5
2026-08-09 12:28:23,Southern District,LAA #1 at Soledad Flow,280.9
2026-08-09 12:28:23,Southern District,LAA #2 at Soledad Flow,190.5
2026-08-09 12:28:24,Northern Owens Valley,Tinemaha Elevation,3861.1
2026-08-09 12:28:24,Southern Owens Valley,Tinemaha Elevation,3861.1
2026-08-09 12:28:24,Mono Basin,Mono Lk. Elevation,6382.4
2026-08-09 12:28:24,Mono Basin,Grant Lk. Elevation,7129.9
2026-08-09 12:28:24,Long Valley,Long Valley Elevation,6773.5
2026-08-09 12:28:24,Northern Owens Valley,Pleasant Valley Elevation,4385.5
2026-08-09 12:28:24,Southern Owens Valley,LAA at Alabama Level,6.9
2026-08-09 12:28:24,Southern Owens Valley,LAA at Alabama Water Temp,75.7
2026-08-09 12:28:24,Southern Owens Valley,LAA at Cottonwood Level,8.3
2026-08-09 12:28:24,Southern Owens Valley,LAA at Cotton. Water Temp,76.4
2026-08-09 12:28:24,Southern Owens Valley,N. Haiwee Elevation,3757.0
2026-08-09 12:28:24,Southern Owens Valley,S. Haiwee Reservoir Elevation,3724.4
2026-08-09 12:28:24,Southern District,S. Haiwee Reservoir Elevation,3724.4
2026-08-09 12:28:24,Southern District,Fairmont Reservoir Elevation,3026.8
2026-08-09 12:28:24,Southern District,Bouquet Reservoir Elevation,2983.3
2026-08-09 12:43:25,Mono Basin,Lee Vining Intake Above Flow,33.4
2026-08-09 12:43:25,Mono Basin,Lee Vining Intake Below Flow,30.0
2026-08-09 12:43:25,Mono Basin,Mono Lk. Elevation,6382.4
2026-08-09 12:43:25,Mono Basin,Walker Ck. Above Conduit Flow,4.0
2026-08-09 12:43:25,Mono Basin,L.V. Conduit Below Intake Flow,1.1
2026-08-09 12:43:25,Mono Basin,Walker Ck. Under Conduit Flow,5.0
2026-08-09 12:43:25,Mono Basin,Parker Ck. Under Conduit Flow,14.0
2026-08-09 12:43:25,Mono Basin,Parker Ck. Above Conduit Flow,15.0
2026-08-09 12:43:25,Mono Basin,Grant Lk. Spill Flow,0.0
2026-08-09 12:43:25,Mono Basin,Mono Gate 1 Return Ditch Flow,26.7
2026-08-09 12:43:25,Mono Basin,Grant Lk. Elevation,7129.9
2026-08-09 12:43:25,Mono Basin,Grant Lk. Outflow,40.3
2026-08-09 12:43:25,Mono Basin,Rush Ck. at Damsite Flow,11.4
2026-08-09 12:43:25,Mono Basin,Flow to West Portal,16.4
2026-08-09 12:43:25,Long Valley,East Portal Flow,13.0
2026-08-09 12:43:25,Long Valley,OR Below EP Flow,58.0
2026-08-09 12:43:25,Long Valley,Hot Ck.at Hwy. Flow,6.0
2026-08-09 12:43:25,Long Valley,McGee Ck. Lower Sta. Flow,8.2
2026-08-09 12:43:25,Long Valley,Long Valley Elevation,6773.5
2026-08-09 12:43:25,Long Valley,Long Valley Current Outflow,584.0
2026-08-09 12:43:25,Long Valley,Rock Ck. Div. Flow,0.1
2026-08-09 12:43:25,Long Valley,Upper Gorge Total Release,41.6
2026-08-09 12:43:25,Long Valley,Release at Middle Gorge,0.0
2026-08-09 12:43:25,Northern Owens Valley,Rock Ck. At Owens River (PV) Flow,26.4
2026-08-09 12:43:25,Northern Owens Valley,Pleasant Valley Elevation,4385.5
2026-08-09 12:43:25,Northern Owens Valley,Pleasant Valley Outflow,496.8
2026-08-09 12:43:25,Northern Owens Valley,Baker Ck. At LA Station Flow,6.5
2026-08-09 12:43:25,Northern Owens Valley,Big Pine Ck. USGS Flow,46.8
2026-08-09 12:43:25,Northern Owens Valley,O.R. Below Big Pine,480.9
2026-08-09 12:43:25,Northern Owens Valley,Fish Springs At RR Flow,36.5
2026-08-09 12:43:25,Northern Owens Valley,Tinemaha Reservoir Outflow,377.6
2026-08-09 12:43:25,Northern Owens Valley,Bishop Creek Through Plant 6,99.4
2026-08-09 12:43:25,Northern Owens Valley,Bishop Creek Around Plant 6,7.1
2026-08-09 12:43:25,Southern Owens Valley,Tinemaha Reservoir Outflow,377.6
2026-08-09 12:43:25,Southern Owens Valley,Indep. Ck. At Junction Flow,7.0
2026-08-09 12:43:25,Southern Owens Valley,LAA at Alabama Flow,313.0
2026-08-09 12:43:25,Southern Owens Valley,LAA at Alabama Level,6.9
2026-08-09 12:43:25,Southern Owens Valley,LAA at Alabama Water Temp,75.7
2026-08-09 12:43:25,Southern Owens Valley,Cottonwood Ck. At LAA Flow,0.0
2026-08-09 12:43:25,Southern Owens Valley,LAA at Cottonwood Flow,398.0
2026-08-09 12:43:25,Southern Owens Valley,LAA at Cottonwood Level,8.3
2026-08-09 12:43:25,Southern Owens Valley,LAA at Cotton. Water Temp,76.7
2026-08-09 12:43:25,Southern Owens Valley,N. Haiwee Elevation,3757.0
2026-08-09 12:43:25,Southern Owens Valley,S. Haiwee Reservoir Elevation,3724.4
2026-08-09 12:43:25,Southern Owens Valley,Haiwee LAA #1 Current Flow,0.0
2026-08-09 12:43:25,Southern Owens Valley,Haiwee LAA #2 Current Flow,195.1
2026-08-09 12:43:25,Southern Owens Valley,Reinhackel Flow,3.0
2026-08-09 12:43:25,Southern Owens Valley,Lubkin Spillgate Outflow,0.0
2026-08-09 12:43:25,Southern Owens Valley,Cartago Spillgate Outflow,11.5
2026-08-09 12:43:25,Southern Owens Valley,Lone Pine Creek Flow,13.7
2026-08-09 12:43:25,Lower Owens River Project,LORP Intake Flow,81.0
2026-08-09 12:43:25,Lower Owens River Project,LORP at Mazourka Canyon Road,0.0
2026-08-09 12:43:25,Lower Owens River Project,LORP at Reinhackle Springs,73.0
2026-08-09 12:43:25,Lower Owens River Project,LORP Above Pumpstation,51.0
2026-08-09 12:43:25,Lower Owens River Project,LORP At Pump Station Discharge Flow,48.0
2026-08-09 12:43:25,Southern District,Haiwee LAA #2 Current Flow,195.1
2026-08-09 12:43:25,Southern District,S. Haiwee Reservoir Elevation,3724.4
2026-08-09 12:43:25,Southern District,Haiwee LAA #1 Current Flow,0.0
2026-08-09 12:43:25,Southern District,Fairmont Reservoir Elevation,3026.8
2026-08-09 12:43:25,Southern District,LAA #1 Flow at Fairmont Reservoir,348.9
2026-08-09 12:43:25,Southern District,LAA #2 Flow at Fairmont Res.,204.7
2026-08-09 12:43:25,Southern District,Bouquet Reservoir Elevation,2983.3
2026-08-09 12:43:25,Southern District,Bouquet Reservoir Inflow,76.4
2026-08-09 12:43:25,Southern District,Bouquet Reservoir Outflow,0.5
2026-08-09 12:43:25,Southern District,LAA #1 at Soledad Flow,280.9
2026-08-09 12:43:25,Southern District,LAA #2 at Soledad Flow,190.5
2026-08-09 12:58:23,Mono Basin,Lee Vining Intake Above Flow,33.4
2026-08-09 12:58:23,Mono Basin,Lee Vining Intake Below Flow,30.0
2026-08-09 12:58:23,Mono Basin,Walker Ck. Above Conduit Flow,4.0
2026-08-09 12:58:23,Mono Basin,L.V. Conduit Below Intake Flow,1.1
2026-08-09 12:58:23,Mono Basin,Walker Ck. Under Conduit Flow,5.0
2026-08-09 12:58:23,Mono Basin,Parker Ck. Under Conduit Flow,14.0
2026-08-09 12:58:23,Mono Basin,Parker Ck. Above Conduit Flow,15.0
2026-08-09 12:58:23,Mono Basin,Grant Lk. Spill Flow,0.0
2026-08-09 12:58:23,Mono Basin,Mono Gate 1 Return Ditch Flow,26.7
2026-08-09 12:58:23,Mono Basin,Grant Lk. Outflow,40.3
2026-08-09 12:58:23,Mono Basin,Rush Ck. at Damsite Flow,11.4
2026-08-09 12:58:23,Mono Basin,Flow to West Portal,16.4
2026-08-09 12:58:23,Long Valley,East Portal Flow,13.0
2026-08-09 12:58:23,Long Valley,OR Below EP Flow,58.0
2026-08-09 12:58:23,Long Valley,Hot Ck.at Hwy. Flow,6.0
2026-08-09 12:58:23,Long Valley,McGee Ck. Lower Sta. Flow,8.2
2026-08-09 12:58:23,Long Valley,Long Valley Current Outflow,584.0
2026-08-09 12:58:23,Long Valley,Rock Ck. Div. Flow,0.1
2026-08-09 12:58:23,Long Valley,Upper Gorge Total Release,41.9
2026-08-09 12:58:23,Long Valley,Release at Middle Gorge,0.0
2026-08-09 12:58:23,Northern Owens Valley,Rock Ck. At Owens River (PV) Flow,26.4
2026-08-09 12:58:23,Northern Owens Valley,Pleasant Valley Outflow,495.8
2026-08-09 12:58:23,Northern Owens Valley,Baker Ck. At LA Station Flow,6.5
2026-08-09 12:58:23,Northern Owens Valley,Big Pine Ck. USGS Flow,46.8
2026-08-09 12:58:23,Northern Owens Valley,O.R. Below Big Pine,482.0
2026-08-09 12:58:23,Northern Owens Valley,Fish Springs At RR Flow,36.5
2026-08-09 12:58:23,Northern Owens Valley,Tinemaha Reservoir Outflow,377.6
2026-08-09 12:58:23,Northern Owens Valley,Bishop Creek Through Plant 6,97.6
2026-08-09 12:58:23,Northern Owens Valley,Bishop Creek Around Plant 6,7.1
2026-08-09 12:58:23,Southern Owens Valley,Tinemaha Reservoir Outflow,377.6
2026-08-09 12:58:23,Southern Owens Valley,Indep. Ck. At Junction Flow,7.0
2026-08-09 12:58:23,Southern Owens Valley,LAA at Alabama Flow,314.0
2026-08-09 12:58:23,Southern Owens Valley,Cottonwood Ck. At LAA Flow,0.0
2026-08-09 12:58:23,Southern Owens Valley,LAA at Cottonwood Flow,398.0
2026-08-09 12:58:23,Southern Owens Valley,Haiwee LAA #1 Current Flow,0.0
2026-08-09 12:58:23,Southern Owens Valley,Haiwee LAA #2 Current Flow,195.1
2026-08-09 12:58:23,Southern Owens Valley,Reinhackel Flow,3.0
2026-08-09 12:58:23,Southern Owens Valley,Lubkin Spillgate Outflow,0.0
2026-08-09 12:58:23,Southern Owens Valley,Cartago Spillgate Outflow,11.9
2026-08-09 12:58:23,Southern Owens Valley,Lone Pine Creek Flow,13.7
2026-08-09 12:58:23,Lower Owens River Project,LORP Intake Flow,81.0
2026-08-09 12:58:23,Lower Owens River Project,LORP at Mazourka Canyon Road,0.0
2026-08-09 12:58:23,Lower Owens River Project,LORP at Reinhackle Springs,73.0
2026-08-09 12:58:23,Lower Owens River Project,LORP Above Pumpstation,51.0
2026-08-09 12:58:23,Lower Owens River Project,LORP At Pump Station Discharge Flow,48.0
2026-08-09 12:58:23,Southern District,Haiwee LAA #2 Current Flow,195.1
2026-08-09 12:58:23,Southern District,Haiwee LAA #1 Current Flow,0.0
2026-08-09 12:58:23,Southern District,LAA #1 Flow at Fairmont Reservoir,366.7
2026-08-09 12:58:23,Southern District,LAA #2 Flow at Fairmont Res.,204.7
2026-08-09 12:58:23,Southern District,Bouquet Reservoir Inflow,76.4
2026-08-09 12:58:23,Southern District,Bouquet Reservoir Outflow,0.4
2026-08-09 12:58:23,Southern District,LAA #1 at Soledad Flow,280.9
2026-08-09 12:58:23,Southern District,LAA #2 at Soledad Flow,190.5
2026-08-09 12:58:24,Northern Owens Valley,Tinemaha Elevation,3861.1
2026-08-09 12:58:24,Southern Owens Valley,Tinemaha Elevation,3861.1
2026-08-09 12:58:24,Mono Basin,Mono Lk. Elevation,6382.4
2026-08-09 12:58:24,Mono Basin,Grant Lk. Elevation,7129.9
2026-08-09 12:58:24,Long Valley,Long Valley Elevation,6773.5
2026-08-09 12:58:24,Northern Owens Valley,Pleasant Valley Elevation,4385.5
2026-08-09 12:58:24,Southern Owens Valley,LAA at Alabama Level,6.9
2026-08-09 12:58:24,Southern Owens Valley,LAA at Alabama Water Temp,76.1
2026-08-09 12:58:24,Southern Owens Valley,LAA at Cottonwood Level,8.3
2026-08-09 12:58:24,Southern Owens Valley,LAA at Cotton. Water Temp,76.8
2026-08-09 12:58:24,Southern Owens Valley,N. Haiwee Elevation,3757.0
2026-08-09 12:58:24,Southern Owens Valley,S. Haiwee Reservoir Elevation,3724.4
2026-08-09 12:58:24,Southern District,S. Haiwee Reservoir Elevation,3724.4
2026-08-09 12:58:24,Southern District,Fairmont Reservoir Elevation,3026.8
2026-08-09 12:58:24,Southern District,Bouquet Reservoir Elevation,2983.3
2026-08-09 13:13:23,Mono Basin,Lee Vining Intake Above Flow,33.3
2026-08-09 13:13:23,Mono Basin,Lee Vining Intake Below Flow,29.9
2026-08-09 13:13:23,Mono Basin,Walker Ck. Above Conduit Flow,4.0
2026-08-09 13:13:23,Mono Basin,L.V. Conduit Below Intake Flow,1.1
2026-08-09 13:13:23,Mono Basin,Walker Ck. Under Conduit Flow,5.0
2026-08-09 13:13:23,Mono Basin,Parker Ck. Under Conduit Flow,14.0
2026-08-09 13:13:23,Mono Basin,Parker Ck. Above Conduit Flow,15.0
2026-08-09 13:13:23,Mono Basin,Grant Lk. Spill Flow,0.0
2026-08-09 13:13:23,Mono Basin,Mono Gate 1 Return Ditch Flow,26.7
2026-08-09 13:13:23,Mono Basin,Grant Lk. Outflow,40.3
2026-08-09 13:13:23,Mono Basin,Rush Ck. at Damsite Flow,11.4
2026-08-09 13:13:23,Mono Basin,Flow to West Portal,16.4
2026-08-09 13:13:23,Long Valley,East Portal Flow,13.0
2026-08-09 13:13:23,Long Valley,OR Below EP Flow,58.0
2026-08-09 13:13:23,Long Valley,Hot Ck.at Hwy. Flow,6.0
2026-08-09 13:13:23,Long Valley,McGee Ck. Lower Sta. Flow,8.2
2026-08-09 13:13:23,Long Valley,Long Valley Current Outflow,582.2
2026-08-09 13:13:23,Long Valley,Rock Ck. Div. Flow,0.1
2026-08-09 13:13:23,Long Valley,Upper Gorge Total Release,41.5
2026-08-09 13:13:23,Long Valley,Release at Middle Gorge,0.0
2026-08-09 13:13:23,Northern Owens Valley,Rock Ck. At Owens River (PV) Flow,26.4
2026-08-09 13:13:23,Northern Owens Valley,Pleasant Valley Outflow,495.4
2026-08-09 13:13:23,Northern Owens Valley,Baker Ck. At LA Station Flow,6.5
2026-08-09 13:13:23,Northern Owens Valley,Big Pine Ck. USGS Flow,46.8
2026-08-09 13:13:23,Northern Owens Valley,O.R. Below Big Pine,481.1
2026-08-09 13:13:23,Northern Owens Valley,Fish Springs At RR Flow,36.5
2026-08-09 13:13:23,Northern Owens Valley,Tinemaha Reservoir Outflow,377.6
2026-08-09 13:13:23,Northern Owens Valley,Bishop Creek Through Plant 6,97.6
2026-08-09 13:13:23,Northern Owens Valley,Bishop Creek Around Plant 6,7.1
2026-08-09 13:13:23,Southern Owens Valley,Tinemaha Reservoir Outflow,377.6
2026-08-09 13:13:23,Southern Owens Valley,Indep. Ck. At Junction Flow,7.0
2026-08-09 13:13:23,Southern Owens Valley,LAA at Alabama Flow,314.0
2026-08-09 13:13:23,Southern Owens Valley,Cottonwood Ck. At LAA Flow,0.0
2026-08-09 13:13:23,Southern Owens Valley,LAA at Cottonwood Flow,398.0
2026-08-09 13:13:23,Southern Owens Valley,Haiwee LAA #1 Current Flow,0.0
2026-08-09 13:13:23,Southern Owens Valley,Haiwee LAA #2 Current Flow,195.1
2026-08-09 13:13:23,Southern Owens Valley,Reinhackel Flow,3.0
2026-08-09 13:13:23,Southern Owens Valley,Lubkin Spillgate Outflow,0.0
2026-08-09 13:13:23,Southern Owens Valley,Cartago Spillgate Outflow,2.0
2026-08-09 13:13:23,Southern Owens Valley,Lone Pine Creek Flow,13.5
2026-08-09 13:13:23,Lower Owens River Project,LORP Intake Flow,81.0
2026-08-09 13:13:23,Lower Owens River Project,LORP at Mazourka Canyon Road,0.0
2026-08-09 13:13:23,Lower Owens River Project,LORP at Reinhackle Springs,73.0
2026-08-09 13:13:23,Lower Owens River Project,LORP Above Pumpstation,51.0
2026-08-09 13:13:23,Lower Owens River Project,LORP At Pump Station Discharge Flow,48.0
2026-08-09 13:13:23,Southern District,Haiwee LAA #2 Current Flow,195.1
2026-08-09 13:13:23,Southern District,Haiwee LAA #1 Current Flow,0.0
2026-08-09 13:13:23,Southern District,LAA #1 Flow at Fairmont Reservoir,369.5
2026-08-09 13:13:23,Southern District,LAA #2 Flow at Fairmont Res.,204.7
2026-08-09 13:13:23,Southern District,Bouquet Reservoir Inflow,71.1
2026-08-09 13:13:23,Southern District,Bouquet Reservoir Outflow,0.5
2026-08-09 13:13:24,Mono Basin,Mono Lk. Elevation,6382.4
2026-08-09 13:13:24,Mono Basin,Grant Lk. Elevation,7129.9
2026-08-09 13:13:24,Long Valley,Long Valley Elevation,6773.5
2026-08-09 13:13:24,Northern Owens Valley,Pleasant Valley Elevation,4385.6
2026-08-09 13:13:24,Southern Owens Valley,LAA at Alabama Level,6.9
2026-08-09 13:13:24,Southern Owens Valley,LAA at Alabama Water Temp,76.1
2026-08-09 13:13:24,Southern Owens Valley,LAA at Cottonwood Level,8.3
2026-08-09 13:13:24,Southern Owens Valley,LAA at Cotton. Water Temp,76.8
2026-08-09 13:13:24,Southern Owens Valley,N. Haiwee Elevation,3757.0
2026-08-09 13:13:24,Southern Owens Valley,S. Haiwee Reservoir Elevation,3724.4
2026-08-09 13:13:24,Southern District,S. Haiwee Reservoir Elevation,3724.4
2026-08-09 13:13:24,Southern District,Fairmont Reservoir Elevation,3026.8
2026-08-09 13:13:24,Southern District,Bouquet Reservoir Elevation,2983.3
2026-08-09 13:13:24,Southern District,LAA #1 at Soledad Flow,280.9
2026-08-09 13:13:24,Southern District,LAA #2 at Soledad Flow,190.5
2026-08-09 13:28:23,Mono Basin,Lee Vining Intake Above Flow,33.3
2026-08-09 13:28:23,Mono Basin,Lee Vining Intake Below Flow,29.9
2026-08-09 13:28:23,Mono Basin,Walker Ck. Above Conduit Flow,4.0
2026-08-09 13:28:23,Mono Basin,L.V. Conduit Below Intake Flow,1.1
2026-08-09 13:28:23,Mono Basin,Walker Ck. Under Conduit Flow,5.0
2026-08-09 13:28:23,Mono Basin,Parker Ck. Under Conduit Flow,14.0
2026-08-09 13:28:23,Mono Basin,Parker Ck. Above Conduit Flow,15.0
2026-08-09 13:28:23,Mono Basin,Grant Lk. Spill Flow,0.0
2026-08-09 13:28:23,Mono Basin,Mono Gate 1 Return Ditch Flow,27.0
2026-08-09 13:28:23,Mono Basin,Grant Lk. Outflow,39.7
2026-08-09 13:28:23,Mono Basin,Rush Ck. at Damsite Flow,11.4
2026-08-09 13:28:23,Mono Basin,Flow to West Portal,16.4
2026-08-09 13:28:23,Long Valley,East Portal Flow,13.0
2026-08-09 13:28:23,Long Valley,OR Below EP Flow,58.0
2026-08-09 13:28:23,Long Valley,Hot Ck.at Hwy. Flow,6.0
2026-08-09 13:28:23,Long Valley,McGee Ck. Lower Sta. Flow,8.2
2026-08-09 13:28:23,Long Valley,Long Valley Current Outflow,582.2
2026-08-09 13:28:23,Long Valley,Rock Ck. Div. Flow,0.1
2026-08-09 13:28:23,Long Valley,Upper Gorge Total Release,41.4
2026-08-09 13:28:23,Long Valley,Release at Middle Gorge,0.0
2026-08-09 13:28:23,Northern Owens Valley,Rock Ck. At Owens River (PV) Flow,26.2
2026-08-09 13:28:23,Northern Owens Valley,Pleasant Valley Outflow,496.0
2026-08-09 13:28:23,Northern Owens Valley,Baker Ck. At LA Station Flow,6.5
2026-08-09 13:28:23,Northern Owens Valley,Big Pine Ck. USGS Flow,46.8
2026-08-09 13:28:23,Northern Owens Valley,O.R. Below Big Pine,481.0
2026-08-09 13:28:23,Northern Owens Valley,Fish Springs At RR Flow,36.5
2026-08-09 13:28:23,Northern Owens Valley,Tinemaha Reservoir Outflow,377.6
2026-08-09 13:28:23,Northern Owens Valley,Bishop Creek Through Plant 6,97.6
2026-08-09 13:28:23,Northern Owens Valley,Bishop Creek Around Plant 6,7.1
2026-08-09 13:28:23,Southern Owens Valley,Tinemaha Reservoir Outflow,377.6
2026-08-09 13:28:23,Southern Owens Valley,Indep. Ck. At Junction Flow,7.0
2026-08-09 13:28:23,Southern Owens Valley,LAA at Alabama Flow,314.0
2026-08-09 13:28:23,Southern Owens Valley,Cottonwood Ck. At LAA Flow,0.0
2026-08-09 13:28:23,Southern Owens Valley,LAA at Cottonwood Flow,398.0
2026-08-09 13:28:23,Southern Owens Valley,Haiwee LAA #1 Current Flow,0.0
2026-08-09 13:28:23,Southern Owens Valley,Haiwee LAA #2 Current Flow,195.1
2026-08-09 13:28:23,Southern Owens Valley,Reinhackel Flow,3.0
2026-08-09 13:28:23,Southern Owens Valley,Lubkin Spillgate Outflow,0.0
2026-08-09 13:28:23,Southern Owens Valley,Cartago Spillgate Outflow,2.6
2026-08-09 13:28:23,Southern Owens Valley,Lone Pine Creek Flow,13.5
2026-08-09 13:28:23,Lower Owens River Project,LORP Intake Flow,81.0
2026-08-09 13:28:23,Lower Owens River Project,LORP at Mazourka Canyon Road,0.0
2026-08-09 13:28:23,Lower Owens River Project,LORP at Reinhackle Springs,71.0
2026-08-09 13:28:23,Lower Owens River Project,LORP Above Pumpstation,52.0
2026-08-09 13:28:23,Lower Owens River Project,LORP At Pump Station Discharge Flow,49.0
2026-08-09 13:28:23,Southern District,Haiwee LAA #2 Current Flow,195.1
2026-08-09 13:28:23,Southern District,Haiwee LAA #1 Current Flow,0.0
2026-08-09 13:28:23,Southern District,LAA #1 Flow at Fairmont Reservoir,370.5
2026-08-09 13:28:23,Southern District,LAA #2 Flow at Fairmont Res.,204.3
2026-08-09 13:28:23,Southern District,Bouquet Reservoir Inflow,76.8
2026-08-09 13:28:23,Southern District,Bouquet Reservoir Outflow,0.5
2026-08-09 13:28:23,Southern District,LAA #1 at Soledad Flow,280.9
2026-08-09 13:28:23,Southern District,LAA #2 at Soledad Flow,190.5
2026-08-09 13:28:24,Northern Owens Valley,Tinemaha Elevation,3861.1
2026-08-09 13:28:24,Southern Owens Valley,Tinemaha Elevation,3861.1
2026-08-09 13:28:24,Mono Basin,Mono Lk. Elevation,6382.4
2026-08-09 13:28:24,Mono Basin,Grant Lk. Elevation,7129.9
2026-08-09 13:28:24,Long Valley,Long Valley Elevation,6773.5
2026-08-09 13:28:24,Northern Owens Valley,Pleasant Valley Elevation,4385.6
2026-08-09 13:28:24,Southern Owens Valley,LAA at Alabama Level,6.9
2026-08-09 13:28:24,Southern Owens Valley,LAA at Alabama Water Temp,76.1
2026-08-09 13:28:24,Southern Owens Valley,LAA at Cottonwood Level,8.3
2026-08-09 13:28:24,Southern Owens Valley,LAA at Cotton. Water Temp,76.8
2026-08-09 13:28:24,Southern Owens Valley,N. Haiwee Elevation,3757.0
2026-08-09 13:28:24,Southern Owens Valley,S. Haiwee Reservoir Elevation,3724.4
2026-08-09 13:28:24,Southern District,S. Haiwee Reservoir Elevation,3724.4
2026-08-09 13:28:24,Southern District,Fairmont Reservoir Elevation,3026.8
2026-08-09 13:28:24,Southern District,Bouquet Reservoir Elevation,2983.3
2026-08-09 13:43:25,Mono Basin,Lee Vining Intake Above Flow,31.6
2026-08-09 13:43:25,Mono Basin,Lee Vining Intake Below Flow,29.8
2026-08-09 13:43:25,Mono Basin,Mono Lk. Elevation,6382.4
2026-08-09 13:43:25,Mono Basin,Walker Ck. Above Conduit Flow,4.0
2026-08-09 13:43:25,Mono Basin,L.V. Conduit Below Intake Flow,1.1
2026-08-09 13:43:25,Mono Basin,Walker Ck. Under Conduit Flow,5.0
2026-08-09 13:43:25,Mono Basin,Parker Ck. Under Conduit Flow,14.0
2026-08-09 13:43:25,Mono Basin,Parker Ck. Above Conduit Flow,15.0
2026-08-09 13:43:25,Mono Basin,Grant Lk. Spill Flow,0.0
2026-08-09 13:43:25,Mono Basin,Mono Gate 1 Return Ditch Flow,27.0
2026-08-09 13:43:25,Mono Basin,Grant Lk. Elevation,7129.9
2026-08-09 13:43:25,Mono Basin,Grant Lk. Outflow,39.7
2026-08-09 13:43:25,Mono Basin,Rush Ck. at Damsite Flow,11.4
2026-08-09 13:43:25,Mono Basin,Flow to West Portal,16.4
2026-08-09 13:43:25,Long Valley,East Portal Flow,13.0
2026-08-09 13:43:25,Long Valley,OR Below EP Flow,58.0
2026-08-09 13:43:25,Long Valley,Hot Ck.at Hwy. Flow,6.0
2026-08-09 13:43:25,Long Valley,McGee Ck. Lower Sta. Flow,8.2
2026-08-09 13:43:25,Long Valley,Long Valley Elevation,6773.5
2026-08-09 13:43:25,Long Valley,Long Valley Current Outflow,582.2
2026-08-09 13:43:25,Long Valley,Rock Ck. Div. Flow,0.1
2026-08-09 13:43:25,Long Valley,Upper Gorge Total Release,41.5
2026-08-09 13:43:25,Long Valley,Release at Middle Gorge,0.0
2026-08-09 13:43:25,Northern Owens Valley,Rock Ck. At Owens River (PV) Flow,26.1
2026-08-09 13:43:25,Northern Owens Valley,Pleasant Valley Elevation,4385.6
2026-08-09 13:43:25,Northern Owens Valley,Pleasant Valley Outflow,494.9
2026-08-09 13:43:25,Northern Owens Valley,Baker Ck. At LA Station Flow,6.5
2026-08-09 13:43:25,Northern Owens Valley,Big Pine Ck. USGS Flow,46.8
2026-08-09 13:43:25,Northern Owens Valley,O.R. Below Big Pine,483.6
2026-08-09 13:43:25,Northern Owens Valley,Fish Springs At RR Flow,36.5
2026-08-09 13:43:25,Northern Owens Valley,Tinemaha Reservoir Outflow,377.6
2026-08-09 13:43:25,Northern Owens Valley,Bishop Creek Through Plant 6,97.8
2026-08-09 13:43:25,Northern Owens Valley,Bishop Creek Around Plant 6,7.0
2026-08-09 13:43:25,Southern Owens Valley,Tinemaha Reservoir Outflow,377.6
2026-08-09 13:43:25,Southern Owens Valley,Indep. Ck. At Junction Flow,7.0
2026-08-09 13:43:25,Southern Owens Valley,LAA at Alabama Flow,314.0
2026-08-09 13:43:25,Southern Owens Valley,LAA at Alabama Level,6.9
2026-08-09 13:43:25,Southern Owens Valley,LAA at Alabama Water Temp,76.1
2026-08-09 13:43:25,Southern Owens Valley,Cottonwood Ck. At LAA Flow,0.0
2026-08-09 13:43:25,Southern Owens Valley,LAA at Cottonwood Flow,398.0
2026-08-09 13:43:25,Southern Owens Valley,LAA at Cottonwood Level,8.3
2026-08-09 13:43:25,Southern Owens Valley,LAA at Cotton. Water Temp,77.1
2026-08-09 13:43:25,Southern Owens Valley,N. Haiwee Elevation,3757.0
2026-08-09 13:43:25,Southern Owens Valley,S. Haiwee Reservoir Elevation,3724.3
2026-08-09 13:43:25,Southern Owens Valley,Haiwee LAA #1 Current Flow,0.0
2026-08-09 13:43:25,Southern Owens Valley,Haiwee LAA #2 Current Flow,195.1
2026-08-09 13:43:25,Southern Owens Valley,Reinhackel Flow,3.0
2026-08-09 13:43:25,Southern Owens Valley,Lubkin Spillgate Outflow,0.0
2026-08-09 13:43:25,Southern Owens Valley,Cartago Spillgate Outflow,2.6
2026-08-09 13:43:25,Southern Owens Valley,Lone Pine Creek Flow,12.8
2026-08-09 13:43:25,Lower Owens River Project,LORP Intake Flow,81.0
2026-08-09 13:43:25,Lower Owens River Project,LORP at Mazourka Canyon Road,0.0
2026-08-09 13:43:25,Lower Owens River Project,LORP at Reinhackle Springs,71.0
2026-08-09 13:43:25,Lower Owens River Project,LORP Above Pumpstation,51.0
2026-08-09 13:43:25,Lower Owens River Project,LORP At Pump Station Discharge Flow,48.0
2026-08-09 13:43:25,Southern District,Haiwee LAA #2 Current Flow,195.1
2026-08-09 13:43:25,Southern District,S. Haiwee Reservoir Elevation,3724.3
2026-08-09 13:43:25,Southern District,Haiwee LAA #1 Current Flow,0.0
2026-08-09 13:43:25,Southern District,Fairmont Reservoir Elevation,3026.8
2026-08-09 13:43:25,Southern District,LAA #1 Flow at Fairmont Reservoir,367.5
2026-08-09 13:43:25,Southern District,LAA #2 Flow at Fairmont Res.,204.7
2026-08-09 13:43:25,Southern District,Bouquet Reservoir Elevation,2983.3
2026-08-09 13:43:25,Southern District,Bouquet Reservoir Inflow,81.9
2026-08-09 13:43:25,Southern District,Bouquet Reservoir Outflow,0.5
2026-08-09 13:43:25,Southern District,LAA #1 at Soledad Flow,280.9
2026-08-09 13:43:25,Southern District,LAA #2 at Soledad Flow,190.5
2026-08-09 13:58:23,Mono Basin,Lee Vining Intake Above Flow,31.6
2026-08-09 13:58:23,Mono Basin,Lee Vining Intake Below Flow,29.8
2026-08-09 13:58:23,Mono Basin,Walker Ck. Above Conduit Flow,4.0
2026-08-09 13:58:23,Mono Basin,L.V. Conduit Below Intake Flow,1.1
2026-08-09 13:58:23,Mono Basin,Walker Ck. Under Conduit Flow,5.0
2026-08-09 13:58:23,Mono Basin,Parker Ck. Under Conduit Flow,14.0
2026-08-09 13:58:23,Mono Basin,Parker Ck. Above Conduit Flow,15.0
2026-08-09 13:58:23,Mono Basin,Grant Lk. Spill Flow,0.0
2026-08-09 13:58:23,Mono Basin,Mono Gate 1 Return Ditch Flow,27.0
2026-08-09 13:58:23,Mono Basin,Grant Lk. Outflow,39.7
2026-08-09 13:58:23,Mono Basin,Rush Ck. at Damsite Flow,11.1
2026-08-09 13:58:23,Mono Basin,Flow to West Portal,16.4
2026-08-09 13:58:23,Long Valley,East Portal Flow,13.0
2026-08-09 13:58:23,Long Valley,OR Below EP Flow,58.0
2026-08-09 13:58:23,Long Valley,Hot Ck.at Hwy. Flow,6.0
2026-08-09 13:58:23,Long Valley,McGee Ck. Lower Sta. Flow,8.2
2026-08-09 13:58:23,Long Valley,Long Valley Current Outflow,583.8
2026-08-09 13:58:23,Long Valley,Rock Ck. Div. Flow,0.1
2026-08-09 13:58:23,Long Valley,Upper Gorge Total Release,41.9
2026-08-09 13:58:23,Long Valley,Release at Middle Gorge,0.0
2026-08-09 13:58:23,Northern Owens Valley,Rock Ck. At Owens River (PV) Flow,26.0
2026-08-09 13:58:23,Northern Owens Valley,Pleasant Valley Outflow,494.7
2026-08-09 13:58:23,Northern Owens Valley,Baker Ck. At LA Station Flow,6.5
2026-08-09 13:58:23,Northern Owens Valley,Big Pine Ck. USGS Flow,46.8
2026-08-09 13:58:23,Northern Owens Valley,O.R. Below Big Pine,481.7
2026-08-09 13:58:23,Northern Owens Valley,Fish Springs At RR Flow,36.5
2026-08-09 13:58:23,Northern Owens Valley,Tinemaha Reservoir Outflow,377.6
2026-08-09 13:58:23,Northern Owens Valley,Bishop Creek Through Plant 6,97.8
2026-08-09 13:58:23,Northern Owens Valley,Bishop Creek Around Plant 6,7.0
2026-08-09 13:58:23,Southern Owens Valley,Tinemaha Reservoir Outflow,377.6
2026-08-09 13:58:23,Southern Owens Valley,Indep. Ck. At Junction Flow,7.0
2026-08-09 13:58:23,Southern Owens Valley,LAA at Alabama Flow,314.0
2026-08-09 13:58:23,Southern Owens Valley,Cottonwood Ck. At LAA Flow,0.0
2026-08-09 13:58:23,Southern Owens Valley,LAA at Cottonwood Flow,398.0
2026-08-09 13:58:23,Southern Owens Valley,Haiwee LAA #1 Current Flow,0.0
2026-08-09 13:58:23,Southern Owens Valley,Haiwee LAA #2 Current Flow,195.1
2026-08-09 13:58:23,Southern Owens Valley,Reinhackel Flow,3.0
2026-08-09 13:58:23,Southern Owens Valley,Lubkin Spillgate Outflow,0.0
2026-08-09 13:58:23,Southern Owens Valley,Cartago Spillgate Outflow,1.9
2026-08-09 13:58:23,Southern Owens Valley,Lone Pine Creek Flow,12.8
2026-08-09 13:58:23,Lower Owens River Project,LORP Intake Flow,81.0
2026-08-09 13:58:23,Lower Owens River Project,LORP at Mazourka Canyon Road,0.0
2026-08-09 13:58:23,Lower Owens River Project,LORP at Reinhackle Springs,71.0
2026-08-09 13:58:23,Lower Owens River Project,LORP Above Pumpstation,51.0
2026-08-09 13:58:23,Lower Owens River Project,LORP At Pump Station Discharge Flow,48.0
2026-08-09 13:58:23,Southern District,Haiwee LAA #2 Current Flow,195.1
2026-08-09 13:58:23,Southern District,Haiwee LAA #1 Current Flow,0.0
2026-08-09 13:58:23,Southern District,LAA #1 Flow at Fairmont Reservoir,367.2
2026-08-09 13:58:23,Southern District,LAA #2 Flow at Fairmont Res.,204.9
2026-08-09 13:58:23,Southern District,Bouquet Reservoir Inflow,82.6
2026-08-09 13:58:23,Southern District,Bouquet Reservoir Outflow,0.5
2026-08-09 13:58:23,Southern District,LAA #1 at Soledad Flow,280.9
2026-08-09 13:58:23,Southern District,LAA #2 at Soledad Flow,190.5
2026-08-09 13:58:24,Northern Owens Valley,Tinemaha Elevation,3861.1
2026-08-09 13:58:24,Southern Owens Valley,Tinemaha Elevation,3861.1
2026-08-09 13:58:24,Mono Basin,Mono Lk. Elevation,6382.4
2026-08-09 13:58:24,Mono Basin,Grant Lk. Elevation,7129.9
2026-08-09 13:58:24,Long Valley,Long Valley Elevation,6773.5
2026-08-09 13:58:24,Northern Owens Valley,Pleasant Valley Elevation,4385.6
2026-08-09 13:58:24,Southern Owens Valley,LAA at Alabama Level,6.9
2026-08-09 13:58:24,Southern Owens Valley,LAA at Alabama Water Temp,76.1
2026-08-09 13:58:24,Southern Owens Valley,LAA at Cottonwood Level,8.3
2026-08-09 13:58:24,Southern Owens Valley,LAA at Cotton. Water Temp,77.1
2026-08-09 13:58:24,Southern Owens Valley,N. Haiwee Elevation,3757.0
2026-08-09 13:58:24,Southern Owens Valley,S. Haiwee Reservoir Elevation,3724.3
2026-08-09 13:58:24,Southern District,S. Haiwee Reservoir Elevation,3724.3
2026-08-09 13:58:24,Southern District,Fairmont Reservoir Elevation,3026.8
2026-08-09 13:58:24,Southern District,Bouquet Reservoir Elevation,2983.3
2026-08-09 14:28:23,Northern Owens Valley,Tinemaha Elevation,3861.2
2026-08-09 14:28:23,Southern Owens Valley,Tinemaha Elevation,3861.2
2026-08-09 14:43:25,Mono Basin,Lee Vining Intake Above Flow,33.4
2026-08-09 14:43:25,Mono Basin,Walker Ck. Under Conduit Flow,5.0
2026-08-09 14:43:25,Mono Basin,Parker Ck. Under Conduit Flow,14.0
2026-08-09 14:43:25,Long Valley,Hot Ck.at Hwy. Flow,6.0
2026-08-09 14:43:25,Long Valley,McGee Ck. Lower Sta. Flow,8.2
2026-08-09 14:43:25,Long Valley,Long Valley Current Outflow,578.8
2026-08-09 14:43:25,Long Valley,Rock Ck. Div. Flow,0.1
2026-08-09 14:43:25,Long Valley,Upper Gorge Total Release,41.2
2026-08-09 14:43:25,Long Valley,Release at Middle Gorge,0.0
2026-08-09 14:43:25,Northern Owens Valley,Rock Ck. At Owens River (PV) Flow,26.0
2026-08-09 14:43:25,Northern Owens Valley,Pleasant Valley Outflow,497.0
2026-08-09 14:43:25,Northern Owens Valley,Baker Ck. At LA Station Flow,6.5
2026-08-09 14:43:25,Northern Owens Valley,Big Pine Ck. USGS Flow,46.8
2026-08-09 14:43:25,Northern Owens Valley,O.R. Below Big Pine,484.0
2026-08-09 14:43:25,Northern Owens Valley,Fish Springs At RR Flow,36.5
2026-08-09 14:43:25,Northern Owens Valley,Tinemaha Reservoir Outflow,377.6
2026-08-09 14:43:25,Northern Owens Valley,Bishop Creek Through Plant 6,103.7
2026-08-09 14:43:25,Northern Owens Valley,Bishop Creek Around Plant 6,7.1
2026-08-09 14:43:25,Southern Owens Valley,Tinemaha Reservoir Outflow,377.6
2026-08-09 14:43:25,Southern Owens Valley,Indep. Ck. At Junction Flow,6.6
2026-08-09 14:43:25,Southern Owens Valley,LAA at Alabama Flow,315.0
2026-08-09 14:43:25,Southern Owens Valley,Cottonwood Ck. At LAA Flow,0.0
2026-08-09 14:43:25,Southern Owens Valley,LAA at Cottonwood Flow,399.0
2026-08-09 14:43:25,Southern Owens Valley,Haiwee LAA #1 Current Flow,0.0
2026-08-09 14:43:25,Southern Owens Valley,Haiwee LAA #2 Current Flow,195.1
2026-08-09 14:43:25,Southern Owens Valley,Reinhackel Flow,3.0
2026-08-09 14:43:25,Southern Owens Valley,Lubkin Spillgate Outflow,0.0
2026-08-09 14:43:25,Southern Owens Valley,Cartago Spillgate Outflow,3.0
2026-08-09 14:43:25,Southern Owens Valley,Lone Pine Creek Flow,13.1
2026-08-09 14:43:25,Lower Owens River Project,LORP Intake Flow,79.0
2026-08-09 14:43:25,Lower Owens River Project,LORP at Mazourka Canyon Road,0.0
2026-08-09 14:43:25,Lower Owens River Project,LORP at Reinhackle Springs,71.0
2026-08-09 14:43:25,Lower Owens River Project,LORP Above Pumpstation,40.0
2026-08-09 14:43:25,Lower Owens River Project,LORP At Pump Station Discharge Flow,37.0
2026-08-09 14:43:25,Southern District,Haiwee LAA #2 Current Flow,195.1
2026-08-09 14:43:25,Southern District,Haiwee LAA #1 Current Flow,0.0
2026-08-09 14:43:26,Mono Basin,Lee Vining Intake Below Flow,29.5
2026-08-09 14:43:26,Mono Basin,Mono Lk. Elevation,6382.4
2026-08-09 14:43:26,Mono Basin,Walker Ck. Above Conduit Flow,4.0
2026-08-09 14:43:26,Mono Basin,L.V. Conduit Below Intake Flow,1.0
2026-08-09 14:43:26,Mono Basin,Parker Ck. Above Conduit Flow,15.0
2026-08-09 14:43:26,Mono Basin,Grant Lk. Spill Flow,0.0
2026-08-09 14:43:26,Mono Basin,Mono Gate 1 Return Ditch Flow,27.7
2026-08-09 14:43:26,Mono Basin,Grant Lk. Elevation,7129.9
2026-08-09 14:43:26,Mono Basin,Grant Lk. Outflow,40.1
2026-08-09 14:43:26,Mono Basin,Rush Ck. at Damsite Flow,11.1
2026-08-09 14:43:26,Mono Basin,Flow to West Portal,16.4
2026-08-09 14:43:26,Long Valley,East Portal Flow,13.0
2026-08-09 14:43:26,Long Valley,OR Below EP Flow,57.0
2026-08-09 14:43:26,Long Valley,Long Valley Elevation,6773.5
2026-08-09 14:43:26,Northern Owens Valley,Pleasant Valley Elevation,4385.7
2026-08-09 14:43:26,Southern Owens Valley,LAA at Alabama Level,6.9
2026-08-09 14:43:26,Southern Owens Valley,LAA at Alabama Water Temp,76.9
2026-08-09 14:43:26,Southern Owens Valley,LAA at Cottonwood Level,8.3
2026-08-09 14:43:26,Southern Owens Valley,LAA at Cotton. Water Temp,77.3
2026-08-09 14:43:26,Southern Owens Valley,N. Haiwee Elevation,3757.0
2026-08-09 14:43:26,Southern Owens Valley,S. Haiwee Reservoir Elevation,3724.3
2026-08-09 14:43:26,Southern District,S. Haiwee Reservoir Elevation,3724.3
2026-08-09 14:43:26,Southern District,Fairmont Reservoir Elevation,3026.8
2026-08-09 14:43:26,Southern District,LAA #1 Flow at Fairmont Reservoir,374.7
2026-08-09 14:43:26,Southern District,LAA #2 Flow at Fairmont Res.,204.4
2026-08-09 14:43:26,Southern District,Bouquet Reservoir Elevation,2983.3
2026-08-09 14:43:26,Southern District,Bouquet Reservoir Inflow,80.9
2026-08-09 14:43:26,Southern District,Bouquet Reservoir Outflow,0.5
2026-08-09 14:43:26,Southern District,LAA #1 at Soledad Flow,280.9
2026-08-09 14:43:26,Southern District,LAA #2 at Soledad Flow,190.5
2026-08-09 14:58:24,Northern Owens Valley,Tinemaha Elevation,3861.2
2026-08-09 14:58:24,Southern Owens Valley,Tinemaha Elevation,3861.2
2026-08-09 15:28:23,Northern Owens Valley,Tinemaha Elevation,3861.2
2026-08-09 15:28:23,Southern Owens Valley,Tinemaha Elevation,3861.2
2026-08-09 15:43:25,Mono Basin,Lee Vining Intake Above Flow,33.3
2026-08-09 15:43:25,Mono Basin,Lee Vining Intake Below Flow,29.9
2026-08-09 15:43:25,Mono Basin,Mono Lk. Elevation,6382.4
2026-08-09 15:43:25,Mono Basin,Walker Ck. Above Conduit Flow,4.0
2026-08-09 15:43:25,Mono Basin,L.V. Conduit Below Intake Flow,1.0
2026-08-09 15:43:25,Mono Basin,Walker Ck. Under Conduit Flow,4.0
2026-08-09 15:43:25,Mono Basin,Parker Ck. Under Conduit Flow,14.0
2026-08-09 15:43:25,Mono Basin,Parker Ck. Above Conduit Flow,15.0
2026-08-09 15:43:25,Mono Basin,Grant Lk. Spill Flow,0.0
2026-08-09 15:43:25,Mono Basin,Mono Gate 1 Return Ditch Flow,27.6
2026-08-09 15:43:25,Mono Basin,Grant Lk. Elevation,7129.8
2026-08-09 15:43:25,Mono Basin,Grant Lk. Outflow,39.9
2026-08-09 15:43:25,Mono Basin,Rush Ck. at Damsite Flow,10.9
2026-08-09 15:43:25,Mono Basin,Flow to West Portal,15.0
2026-08-09 15:43:25,Long Valley,East Portal Flow,13.0
2026-08-09 15:43:25,Long Valley,OR Below EP Flow,57.0
2026-08-09 15:43:25,Long Valley,Hot Ck.at Hwy. Flow,6.0
2026-08-09 15:43:25,Long Valley,McGee Ck. Lower Sta. Flow,7.9
2026-08-09 15:43:25,Long Valley,Long Valley Elevation,6773.5
2026-08-09 15:43:25,Long Valley,Long Valley Current Outflow,579.5
2026-08-09 15:43:25,Long Valley,Rock Ck. Div. Flow,0.1
2026-08-09 15:43:25,Long Valley,Upper Gorge Total Release,41.2
2026-08-09 15:43:25,Long Valley,Release at Middle Gorge,0.0
2026-08-09 15:43:25,Northern Owens Valley,Rock Ck. At Owens River (PV) Flow,25.7
2026-08-09 15:43:25,Northern Owens Valley,Pleasant Valley Elevation,4385.9
2026-08-09 15:43:25,Northern Owens Valley,Pleasant Valley Outflow,494.5
2026-08-09 15:43:25,Northern Owens Valley,Baker Ck. At LA Station Flow,6.0
2026-08-09 15:43:25,Northern Owens Valley,Big Pine Ck. USGS Flow,44.5
2026-08-09 15:43:25,Northern Owens Valley,O.R. Below Big Pine,485.6
2026-08-09 15:43:25,Northern Owens Valley,Fish Springs At RR Flow,36.5
2026-08-09 15:43:25,Northern Owens Valley,Tinemaha Reservoir Outflow,378.3
2026-08-09 15:43:25,Northern Owens Valley,Bishop Creek Through Plant 6,99.7
2026-08-09 15:43:25,Northern Owens Valley,Bishop Creek Around Plant 6,7.1
2026-08-09 15:43:25,Southern Owens Valley,Tinemaha Reservoir Outflow,378.3
2026-08-09 15:43:25,Southern Owens Valley,Indep. Ck. At Junction Flow,6.6
2026-08-09 15:43:25,Southern Owens Valley,LAA at Alabama Flow,315.0
2026-08-09 15:43:25,Southern Owens Valley,LAA at Alabama Level,6.9
2026-08-09 15:43:25,Southern Owens Valley,LAA at Alabama Water Temp,77.4
2026-08-09 15:43:25,Southern Owens Valley,Cottonwood Ck. At LAA Flow,0.0
2026-08-09 15:43:25,Southern Owens Valley,LAA at Cottonwood Flow,398.0
2026-08-09 15:43:25,Southern Owens Valley,LAA at Cottonwood Level,8.3
2026-08-09 15:43:25,Southern Owens Valley,LAA at Cotton. Water Temp,77.4
2026-08-09 15:43:25,Southern Owens Valley,N. Haiwee Elevation,3757.0
2026-08-09 15:43:25,Southern Owens Valley,S. Haiwee Reservoir Elevation,3724.3
2026-08-09 15:43:25,Southern Owens Valley,Haiwee LAA #1 Current Flow,0.0
2026-08-09 15:43:25,Southern Owens Valley,Haiwee LAA #2 Current Flow,195.1
2026-08-09 15:43:25,Southern Owens Valley,Reinhackel Flow,2.9
2026-08-09 15:43:25,Southern Owens Valley,Lubkin Spillgate Outflow,0.0
2026-08-09 15:43:25,Southern Owens Valley,Cartago Spillgate Outflow,2.5
2026-08-09 15:43:25,Southern Owens Valley,Lone Pine Creek Flow,12.7
2026-08-09 15:43:25,Lower Owens River Project,LORP Intake Flow,79.0
2026-08-09 15:43:25,Lower Owens River Project,LORP at Mazourka Canyon Road,0.0
2026-08-09 15:43:25,Lower Owens River Project,LORP at Reinhackle Springs,77.0
2026-08-09 15:43:25,Lower Owens River Project,LORP Above Pumpstation,51.0
2026-08-09 15:43:25,Lower Owens River Project,LORP At Pump Station Discharge Flow,48.0
2026-08-09 15:43:25,Southern District,Haiwee LAA #2 Current Flow,195.1
2026-08-09 15:43:25,Southern District,S. Haiwee Reservoir Elevation,3724.3
2026-08-09 15:43:25,Southern District,Haiwee LAA #1 Current Flow,0.0
2026-08-09 15:43:25,Southern District,Fairmont Reservoir Elevation,3026.9
2026-08-09 15:43:25,Southern District,LAA #1 Flow at Fairmont Reservoir,395.2
2026-08-09 15:43:25,Southern District,LAA #2 Flow at Fairmont Res.,204.6
2026-08-09 15:43:25,Southern District,Bouquet Reservoir Elevation,2983.4
2026-08-09 15:43:25,Southern District,Bouquet Reservoir Inflow,82.6
2026-08-09 15:43:25,Southern District,Bouquet Reservoir Outflow,0.5
2026-08-09 15:43:25,Southern District,LAA #1 at Soledad Flow,280.9
2026-08-09 15:43:25,Southern District,LAA #2 at Soledad Flow,190.5
2026-08-09 15:58:24,Northern Owens Valley,Tinemaha Elevation,3861.2
2026-08-09 15:58:24,Southern Owens Valley,Tinemaha Elevation,3861.2
2026-08-09 16:28:24,Northern Owens Valley,Tinemaha Elevation,3861.2
2026-08-09 16:28:24,Southern Owens Valley,Tinemaha Elevation,3861.2
2026-08-09 16:43:25,Mono Basin,Lee Vining Intake Above Flow,32.4
2026-08-09 16:43:25,Mono Basin,Lee Vining Intake Below Flow,29.7
2026-08-09 16:43:25,Mono Basin,Mono Lk. Elevation,6382.4
2026-08-09 16:43:25,Mono Basin,Walker Ck. Above Conduit Flow,4.0
2026-08-09 16:43:25,Mono Basin,L.V. Conduit Below Intake Flow,1.0
2026-08-09 16:43:25,Mono Basin,Walker Ck. Under Conduit Flow,4.0
2026-08-09 16:43:25,Mono Basin,Parker Ck. Under Conduit Flow,14.0
2026-08-09 16:43:25,Mono Basin,Parker Ck. Above Conduit Flow,15.0
2026-08-09 16:43:25,Mono Basin,Grant Lk. Spill Flow,0.0
2026-08-09 16:43:25,Mono Basin,Mono Gate 1 Return Ditch Flow,27.9
2026-08-09 16:43:25,Mono Basin,Grant Lk. Elevation,7129.8
2026-08-09 16:43:25,Mono Basin,Grant Lk. Outflow,40.4
2026-08-09 16:43:25,Mono Basin,Rush Ck. at Damsite Flow,10.9
2026-08-09 16:43:25,Mono Basin,Flow to West Portal,15.0
2026-08-09 16:43:25,Long Valley,East Portal Flow,13.0
2026-08-09 16:43:25,Long Valley,OR Below EP Flow,58.0
2026-08-09 16:43:25,Long Valley,Hot Ck.at Hwy. Flow,6.0
2026-08-09 16:43:25,Long Valley,McGee Ck. Lower Sta. Flow,7.9
2026-08-09 16:43:25,Long Valley,Long Valley Elevation,6773.5
2026-08-09 16:43:25,Long Valley,Long Valley Current Outflow,582.3
2026-08-09 16:43:25,Long Valley,Rock Ck. Div. Flow,0.1
2026-08-09 16:43:25,Long Valley,Upper Gorge Total Release,41.4
2026-08-09 16:43:25,Long Valley,Release at Middle Gorge,0.0
2026-08-09 16:43:25,Northern Owens Valley,Rock Ck. At Owens River (PV) Flow,25.1
2026-08-09 16:43:25,Northern Owens Valley,Pleasant Valley Elevation,4386.0
2026-08-09 16:43:25,Northern Owens Valley,Pleasant Valley Outflow,494.8
2026-08-09 16:43:25,Northern Owens Valley,Baker Ck. At LA Station Flow,5.8
2026-08-09 16:43:25,Northern Owens Valley,Big Pine Ck. USGS Flow,44.5
2026-08-09 16:43:25,Northern Owens Valley,O.R. Below Big Pine,486.3
2026-08-09 16:43:25,Northern Owens Valley,Fish Springs At RR Flow,36.5
2026-08-09 16:43:25,Northern Owens Valley,Tinemaha Reservoir Outflow,378.3
2026-08-09 16:43:25,Northern Owens Valley,Bishop Creek Through Plant 6,99.7
2026-08-09 16:43:25,Northern Owens Valley,Bishop Creek Around Plant 6,7.1
2026-08-09 16:43:25,Southern Owens Valley,Tinemaha Reservoir Outflow,378.3
2026-08-09 16:43:25,Southern Owens Valley,Indep. Ck. At Junction Flow,6.6
2026-08-09 16:43:25,Southern Owens Valley,LAA at Alabama Flow,316.0
2026-08-09 16:43:25,Southern Owens Valley,LAA at Alabama Level,6.9
2026-08-09 16:43:25,Southern Owens Valley,LAA at Alabama Water Temp,77.9
2026-08-09 16:43:25,Southern Owens Valley,Cottonwood Ck. At LAA Flow,0.0
2026-08-09 16:43:25,Southern Owens Valley,LAA at Cottonwood Flow,396.0
2026-08-09 16:43:25,Southern Owens Valley,LAA at Cottonwood Level,8.3
2026-08-09 16:43:25,Southern Owens Valley,LAA at Cotton. Water Temp,77.4
2026-08-09 16:43:25,Southern Owens Valley,N. Haiwee Elevation,3757.0
2026-08-09 16:43:25,Southern Owens Valley,S. Haiwee Reservoir Elevation,3724.3
2026-08-09 16:43:25,Southern Owens Valley,Haiwee LAA #1 Current Flow,0.0
2026-08-09 16:43:25,Southern Owens Valley,Haiwee LAA #2 Current Flow,195.1
2026-08-09 16:43:25,Southern Owens Valley,Reinhackel Flow,2.9
2026-08-09 16:43:25,Southern Owens Valley,Lubkin Spillgate Outflow,0.0
2026-08-09 16:43:25,Southern Owens Valley,Cartago Spillgate Outflow,0.8
2026-08-09 16:43:25,Southern Owens Valley,Lone Pine Creek Flow,12.4
2026-08-09 16:43:25,Lower Owens River Project,LORP Intake Flow,79.0
2026-08-09 16:43:25,Lower Owens River Project,LORP at Mazourka Canyon Road,0.0
2026-08-09 16:43:25,Lower Owens River Project,LORP at Reinhackle Springs,72.0
2026-08-09 16:43:25,Lower Owens River Project,LORP Above Pumpstation,51.0
2026-08-09 16:43:25,Lower Owens River Project,LORP At Pump Station Discharge Flow,48.0
2026-08-09 16:43:25,Southern District,Haiwee LAA #2 Current Flow,195.1
2026-08-09 16:43:25,Southern District,S. Haiwee Reservoir Elevation,3724.3
2026-08-09 16:43:25,Southern District,Haiwee LAA #1 Current Flow,0.0
2026-08-09 16:43:25,Southern District,Fairmont Reservoir Elevation,3026.9
2026-08-09 16:43:25,Southern District,LAA #1 Flow at Fairmont Reservoir,392.2
2026-08-09 16:43:25,Southern District,LAA #2 Flow at Fairmont Res.,204.8
2026-08-09 16:43:25,Southern District,Bouquet Reservoir Elevation,2983.4
2026-08-09 16:43:25,Southern District,Bouquet Reservoir Inflow,87.4
2026-08-09 16:43:25,Southern District,Bouquet Reservoir Outflow,0.5
2026-08-09 16:43:25,Southern District,LAA #1 at Soledad Flow,280.9
2026-08-09 16:43:25,Southern District,LAA #2 at Soledad Flow,190.5
2026-08-09 16:58:24,Northern Owens Valley,Tinemaha Elevation,3861.2
2026-08-09 16:58:24,Southern Owens Valley,Tinemaha Elevation,3861.2
2026-08-09 17:28:24,Northern Owens Valley,Tinemaha Elevation,3861.2
2026-08-09 17:28:24,Southern Owens Valley,Tinemaha Elevation,3861.2
2026-08-09 17:43:25,Mono Basin,Lee Vining Intake Above Flow,32.1
2026-08-09 17:43:25,Mono Basin,Lee Vining Intake Below Flow,29.8
2026-08-09 17:43:25,Mono Basin,Mono Lk. Elevation,6382.4
2026-08-09 17:43:25,Mono Basin,Walker Ck. Above Conduit Flow,4.0
2026-08-09 17:43:25,Mono Basin,L.V. Conduit Below Intake Flow,1.0
2026-08-09 17:43:25,Mono Basin,Walker Ck. Under Conduit Flow,4.0
2026-08-09 17:43:25,Mono Basin,Parker Ck. Under Conduit Flow,14.0
2026-08-09 17:43:25,Mono Basin,Parker Ck. Above Conduit Flow,15.0
2026-08-09 17:43:25,Mono Basin,Grant Lk. Spill Flow,0.0
2026-08-09 17:43:25,Mono Basin,Mono Gate 1 Return Ditch Flow,27.9
2026-08-09 17:43:25,Mono Basin,Grant Lk. Elevation,7129.8
2026-08-09 17:43:25,Mono Basin,Grant Lk. Outflow,40.1
2026-08-09 17:43:25,Mono Basin,Rush Ck. at Damsite Flow,10.9
2026-08-09 17:43:25,Mono Basin,Flow to West Portal,15.0
2026-08-09 17:43:25,Long Valley,East Portal Flow,19.0
2026-08-09 17:43:25,Long Valley,OR Below EP Flow,62.0
2026-08-09 17:43:25,Long Valley,Hot Ck.at Hwy. Flow,6.0
2026-08-09 17:43:25,Long Valley,McGee Ck. Lower Sta. Flow,7.9
2026-08-09 17:43:25,Long Valley,Long Valley Elevation,6773.4
2026-08-09 17:43:25,Long Valley,Long Valley Current Outflow,580.9
2026-08-09 17:43:25,Long Valley,Rock Ck. Div. Flow,0.1
2026-08-09 17:43:25,Long Valley,Upper Gorge Total Release,41.7
2026-08-09 17:43:25,Long Valley,Release at Middle Gorge,0.0
2026-08-09 17:43:25,Northern Owens Valley,Rock Ck. At Owens River (PV) Flow,24.9
2026-08-09 17:43:25,Northern Owens Valley,Pleasant Valley Elevation,4386.1
2026-08-09 17:43:25,Northern Owens Valley,Pleasant Valley Outflow,491.2
2026-08-09 17:43:25,Northern Owens Valley,Baker Ck. At LA Station Flow,5.8
2026-08-09 17:43:25,Northern Owens Valley,Big Pine Ck. USGS Flow,44.5
2026-08-09 17:43:25,Northern Owens Valley,O.R. Below Big Pine,487.8
2026-08-09 17:43:25,Northern Owens Valley,Fish Springs At RR Flow,36.5
2026-08-09 17:43:25,Northern Owens Valley,Tinemaha Reservoir Outflow,378.3
2026-08-09 17:43:25,Northern Owens Valley,Bishop Creek Through Plant 6,99.7
2026-08-09 17:43:25,Northern Owens Valley,Bishop Creek Around Plant 6,7.1
2026-08-09 17:43:25,Southern Owens Valley,Tinemaha Reservoir Outflow,378.3
2026-08-09 17:43:25,Southern Owens Valley,Indep. Ck. At Junction Flow,6.6
2026-08-09 17:43:25,Southern Owens Valley,LAA at Alabama Flow,315.0
2026-08-09 17:43:25,Southern Owens Valley,LAA at Alabama Level,6.9
2026-08-09 17:43:25,Southern Owens Valley,LAA at Alabama Water Temp,77.9
2026-08-09 17:43:25,Southern Owens Valley,Cottonwood Ck. At LAA Flow,0.0
2026-08-09 17:43:25,Southern Owens Valley,LAA at Cottonwood Flow,396.0
2026-08-09 17:43:25,Southern Owens Valley,LAA at Cottonwood Level,8.3
2026-08-09 17:43:25,Southern Owens Valley,LAA at Cotton. Water Temp,77.4
2026-08-09 17:43:25,Southern Owens Valley,N. Haiwee Elevation,3757.0
2026-08-09 17:43:25,Southern Owens Valley,S. Haiwee Reservoir Elevation,3724.2
2026-08-09 17:43:25,Southern Owens Valley,Haiwee LAA #1 Current Flow,0.0
2026-08-09 17:43:25,Southern Owens Valley,Haiwee LAA #2 Current Flow,195.1
2026-08-09 17:43:25,Southern Owens Valley,Reinhackel Flow,2.9
2026-08-09 17:43:25,Southern Owens Valley,Lubkin Spillgate Outflow,0.0
2026-08-09 17:43:25,Southern Owens Valley,Cartago Spillgate Outflow,4.9
2026-08-09 17:43:25,Southern Owens Valley,Lone Pine Creek Flow,12.2
2026-08-09 17:43:25,Lower Owens River Project,LORP Intake Flow,79.0
2026-08-09 17:43:25,Lower Owens River Project,LORP at Mazourka Canyon Road,0.0
2026-08-09 17:43:25,Lower Owens River Project,LORP at Reinhackle Springs,71.0
2026-08-09 17:43:25,Lower Owens River Project,LORP Above Pumpstation,41.0
2026-08-09 17:43:25,Lower Owens River Project,LORP At Pump Station Discharge Flow,37.0
2026-08-09 17:43:25,Southern District,Haiwee LAA #2 Current Flow,195.1
2026-08-09 17:43:25,Southern District,S. Haiwee Reservoir Elevation,3724.2
2026-08-09 17:43:25,Southern District,Haiwee LAA #1 Current Flow,0.0
2026-08-09 17:43:25,Southern District,Fairmont Reservoir Elevation,3026.9
2026-08-09 17:43:25,Southern District,LAA #1 Flow at Fairmont Reservoir,399.1
2026-08-09 17:43:25,Southern District,LAA #2 Flow at Fairmont Res.,204.8
2026-08-09 17:43:25,Southern District,Bouquet Reservoir Elevation,2983.4
2026-08-09 17:43:25,Southern District,Bouquet Reservoir Inflow,82.5
2026-08-09 17:43:25,Southern District,Bouquet Reservoir Outflow,0.5
2026-08-09 17:43:25,Southern District,LAA #1 at Soledad Flow,280.9
2026-08-09 17:43:25,Southern District,LAA #2 at Soledad Flow,190.5
2026-08-09 17:58:24,Northern Owens Valley,Tinemaha Elevation,3861.2
2026-08-09 17:58:24,Southern Owens Valley,Tinemaha Elevation,3861.2
2026-08-09 18:28:24,Northern Owens Valley,Tinemaha Elevation,3861.2
2026-08-09 18:28:24,Southern Owens Valley,Tinemaha Elevation,3861.2
2026-08-09 18:43:24,Mono Basin,Lee Vining Intake Above Flow,32.7
2026-08-09 18:43:24,Mono Basin,Lee Vining Intake Below Flow,29.8
2026-08-09 18:43:24,Mono Basin,Walker Ck. Above Conduit Flow,4.0
2026-08-09 18:43:24,Mono Basin,L.V. Conduit Below Intake Flow,1.0
2026-08-09 18:43:24,Mono Basin,Walker Ck. Under Conduit Flow,4.0
2026-08-09 18:43:24,Mono Basin,Parker Ck. Under Conduit Flow,14.0
2026-08-09 18:43:24,Mono Basin,Parker Ck. Above Conduit Flow,15.0
2026-08-09 18:43:24,Mono Basin,Grant Lk. Spill Flow,0.0
2026-08-09 18:43:24,Mono Basin,Mono Gate 1 Return Ditch Flow,28.1
2026-08-09 18:43:24,Mono Basin,Grant Lk. Outflow,40.0
2026-08-09 18:43:24,Mono Basin,Rush Ck. at Damsite Flow,10.9
2026-08-09 18:43:24,Mono Basin,Flow to West Portal,15.0
2026-08-09 18:43:24,Long Valley,East Portal Flow,25.0
2026-08-09 18:43:24,Long Valley,OR Below EP Flow,68.0
2026-08-09 18:43:24,Long Valley,Hot Ck.at Hwy. Flow,6.0
2026-08-09 18:43:24,Long Valley,McGee Ck. Lower Sta. Flow,7.9
2026-08-09 18:43:24,Long Valley,Long Valley Current Outflow,581.4
2026-08-09 18:43:24,Long Valley,Rock Ck. Div. Flow,0.1
2026-08-09 18:43:24,Long Valley,Upper Gorge Total Release,41.6
2026-08-09 18:43:24,Long Valley,Release at Middle Gorge,0.0
2026-08-09 18:43:24,Northern Owens Valley,Rock Ck. At Owens River (PV) Flow,24.7
2026-08-09 18:43:24,Northern Owens Valley,Pleasant Valley Outflow,494.0
2026-08-09 18:43:24,Northern Owens Valley,Baker Ck. At LA Station Flow,5.7
2026-08-09 18:43:24,Northern Owens Valley,Big Pine Ck. USGS Flow,44.5
2026-08-09 18:43:24,Northern Owens Valley,O.R. Below Big Pine,487.8
2026-08-09 18:43:24,Northern Owens Valley,Fish Springs At RR Flow,34.5
2026-08-09 18:43:24,Northern Owens Valley,Tinemaha Reservoir Outflow,378.3
2026-08-09 18:43:24,Northern Owens Valley,Bishop Creek Through Plant 6,100.3
2026-08-09 18:43:24,Northern Owens Valley,Bishop Creek Around Plant 6,7.9
2026-08-09 18:43:24,Southern Owens Valley,Tinemaha Reservoir Outflow,378.3
2026-08-09 18:43:24,Southern Owens Valley,Indep. Ck. At Junction Flow,6.6
2026-08-09 18:43:24,Southern Owens Valley,LAA at Alabama Flow,315.0
2026-08-09 18:43:24,Southern Owens Valley,Cottonwood Ck. At LAA Flow,0.0
2026-08-09 18:43:24,Southern Owens Valley,LAA at Cottonwood Flow,397.0
2026-08-09 18:43:24,Southern Owens Valley,Haiwee LAA #1 Current Flow,0.0
2026-08-09 18:43:24,Southern Owens Valley,Haiwee LAA #2 Current Flow,195.4
2026-08-09 18:43:24,Southern Owens Valley,Reinhackel Flow,2.9
2026-08-09 18:43:24,Southern Owens Valley,Lubkin Spillgate Outflow,0.0
2026-08-09 18:43:24,Southern Owens Valley,Cartago Spillgate Outflow,14.7
2026-08-09 18:43:24,Southern Owens Valley,Lone Pine Creek Flow,12.1
2026-08-09 18:43:24,Lower Owens River Project,LORP Intake Flow,79.0
2026-08-09 18:43:24,Lower Owens River Project,LORP at Mazourka Canyon Road,0.0
2026-08-09 18:43:24,Lower Owens River Project,LORP at Reinhackle Springs,72.0
2026-08-09 18:43:24,Lower Owens River Project,LORP Above Pumpstation,52.0
2026-08-09 18:43:24,Lower Owens River Project,LORP At Pump Station Discharge Flow,49.0
2026-08-09 18:43:24,Southern District,Haiwee LAA #2 Current Flow,195.4
2026-08-09 18:43:24,Southern District,Haiwee LAA #1 Current Flow,0.0
2026-08-09 18:43:24,Southern District,LAA #1 Flow at Fairmont Reservoir,384.4
2026-08-09 18:43:24,Southern District,LAA #2 Flow at Fairmont Res.,204.7
2026-08-09 18:43:24,Southern District,Bouquet Reservoir Inflow,82.1
2026-08-09 18:43:24,Southern District,Bouquet Reservoir Outflow,0.5
2026-08-09 18:43:24,Southern District,LAA #1 at Soledad Flow,280.9
2026-08-09 18:43:24,Southern District,LAA #2 at Soledad Flow,190.5
2026-08-09 18:43:25,Mono Basin,Mono Lk. Elevation,6382.4
2026-08-09 18:43:25,Mono Basin,Grant Lk. Elevation,7129.9
2026-08-09 18:43:25,Long Valley,Long Valley Elevation,6773.4
2026-08-09 18:43:25,Northern Owens Valley,Pleasant Valley Elevation,4386.2
2026-08-09 18:43:25,Southern Owens Valley,LAA at Alabama Level,6.9
2026-08-09 18:43:25,Southern Owens Valley,LAA at Alabama Water Temp,77.9
2026-08-09 18:43:25,Southern Owens Valley,LAA at Cottonwood Level,8.3
2026-08-09 18:43:25,Southern Owens Valley,LAA at Cotton. Water Temp,77.3
2026-08-09 18:43:25,Southern Owens Valley,N. Haiwee Elevation,3757.0
2026-08-09 18:43:25,Southern Owens Valley,S. Haiwee Reservoir Elevation,3724.2
2026-08-09 18:43:25,Southern District,S. Haiwee Reservoir Elevation,3724.2
2026-08-09 18:43:25,Southern District,Fairmont Reservoir Elevation,3027.0
2026-08-09 18:43:25,Southern District,Bouquet Reservoir Elevation,2983.4
2026-08-09 18:58:23,Northern Owens Valley,Tinemaha Elevation,3861.2
2026-08-09 18:58:23,Southern Owens Valley,Tinemaha Elevation,3861.2
2026-08-09 19:28:24,Northern Owens Valley,Tinemaha Elevation,3861.2
2026-08-09 19:28:24,Southern Owens Valley,Tinemaha Elevation,3861.2
2026-08-09 19:43:24,Mono Basin,Lee Vining Intake Above Flow,32.6
2026-08-09 19:43:24,Mono Basin,Lee Vining Intake Below Flow,30.1
2026-08-09 19:43:24,Mono Basin,Walker Ck. Above Conduit Flow,4.0
2026-08-09 19:43:24,Mono Basin,L.V. Conduit Below Intake Flow,1.0
2026-08-09 19:43:24,Mono Basin,Walker Ck. Under Conduit Flow,4.0
2026-08-09 19:43:24,Mono Basin,Parker Ck. Under Conduit Flow,14.0
2026-08-09 19:43:24,Mono Basin,Parker Ck. Above Conduit Flow,15.0
2026-08-09 19:43:24,Mono Basin,Grant Lk. Spill Flow,0.0
2026-08-09 19:43:24,Mono Basin,Mono Gate 1 Return Ditch Flow,28.0
2026-08-09 19:43:24,Mono Basin,Grant Lk. Outflow,40.4
2026-08-09 19:43:24,Mono Basin,Rush Ck. at Damsite Flow,10.9
2026-08-09 19:43:24,Mono Basin,Flow to West Portal,15.0
2026-08-09 19:43:24,Long Valley,East Portal Flow,26.0
2026-08-09 19:43:24,Long Valley,OR Below EP Flow,70.0
2026-08-09 19:43:24,Long Valley,Hot Ck.at Hwy. Flow,6.0
2026-08-09 19:43:24,Long Valley,McGee Ck. Lower Sta. Flow,7.9
2026-08-09 19:43:24,Long Valley,Long Valley Current Outflow,582.9
2026-08-09 19:43:24,Long Valley,Rock Ck. Div. Flow,0.1
2026-08-09 19:43:24,Long Valley,Upper Gorge Total Release,41.4
2026-08-09 19:43:24,Long Valley,Release at Middle Gorge,0.0
2026-08-09 19:43:24,Northern Owens Valley,Rock Ck. At Owens River (PV) Flow,24.7
2026-08-09 19:43:24,Northern Owens Valley,Pleasant Valley Outflow,494.5
2026-08-09 19:43:24,Northern Owens Valley,Baker Ck. At LA Station Flow,5.7
2026-08-09 19:43:24,Northern Owens Valley,Big Pine Ck. USGS Flow,44.5
2026-08-09 19:43:24,Northern Owens Valley,O.R. Below Big Pine,488.0
2026-08-09 19:43:24,Northern Owens Valley,Fish Springs At RR Flow,34.5
2026-08-09 19:43:24,Northern Owens Valley,Tinemaha Reservoir Outflow,378.3
2026-08-09 19:43:24,Northern Owens Valley,Bishop Creek Through Plant 6,99.6
2026-08-09 19:43:24,Northern Owens Valley,Bishop Creek Around Plant 6,7.8
2026-08-09 19:43:24,Southern Owens Valley,Tinemaha Reservoir Outflow,378.3
2026-08-09 19:43:24,Southern Owens Valley,Indep. Ck. At Junction Flow,7.1
2026-08-09 19:43:24,Southern Owens Valley,LAA at Alabama Flow,315.0
2026-08-09 19:43:24,Southern Owens Valley,Cottonwood Ck. At LAA Flow,0.0
2026-08-09 19:43:24,Southern Owens Valley,LAA at Cottonwood Flow,397.0
2026-08-09 19:43:24,Southern Owens Valley,Haiwee LAA #1 Current Flow,0.0
2026-08-09 19:43:24,Southern Owens Valley,Haiwee LAA #2 Current Flow,195.4
2026-08-09 19:43:24,Southern Owens Valley,Reinhackel Flow,2.9
2026-08-09 19:43:24,Southern Owens Valley,Lubkin Spillgate Outflow,0.0
2026-08-09 19:43:24,Southern Owens Valley,Cartago Spillgate Outflow,14.8
2026-08-09 19:43:24,Southern Owens Valley,Lone Pine Creek Flow,12.1
2026-08-09 19:43:24,Lower Owens River Project,LORP Intake Flow,79.0
2026-08-09 19:43:24,Lower Owens River Project,LORP at Mazourka Canyon Road,0.0
2026-08-09 19:43:24,Lower Owens River Project,LORP at Reinhackle Springs,71.0
2026-08-09 19:43:24,Lower Owens River Project,LORP Above Pumpstation,51.0
2026-08-09 19:43:24,Lower Owens River Project,LORP At Pump Station Discharge Flow,48.0
2026-08-09 19:43:24,Southern District,Haiwee LAA #2 Current Flow,195.4
2026-08-09 19:43:24,Southern District,Haiwee LAA #1 Current Flow,0.0
2026-08-09 19:43:24,Southern District,LAA #1 Flow at Fairmont Reservoir,398.2
2026-08-09 19:43:24,Southern District,LAA #2 Flow at Fairmont Res.,204.6
2026-08-09 19:43:24,Southern District,Bouquet Reservoir Inflow,87.9
2026-08-09 19:43:24,Southern District,Bouquet Reservoir Outflow,0.5
2026-08-09 19:43:24,Southern District,LAA #1 at Soledad Flow,278.7
2026-08-09 19:43:24,Southern District,LAA #2 at Soledad Flow,189.8
2026-08-09 19:43:25,Mono Basin,Mono Lk. Elevation,6382.4
2026-08-09 19:43:25,Mono Basin,Grant Lk. Elevation,7129.9
2026-08-09 19:43:25,Long Valley,Long Valley Elevation,6773.4
2026-08-09 19:43:25,Northern Owens Valley,Pleasant Valley Elevation,4386.3
2026-08-09 19:43:25,Southern Owens Valley,LAA at Alabama Level,6.9
2026-08-09 19:43:25,Southern Owens Valley,LAA at Alabama Water Temp,77.8
2026-08-09 19:43:25,Southern Owens Valley,LAA at Cottonwood Level,8.3
2026-08-09 19:43:25,Southern Owens Valley,LAA at Cotton. Water Temp,76.9
2026-08-09 19:43:25,Southern Owens Valley,N. Haiwee Elevation,3757.0
2026-08-09 19:43:25,Southern Owens Valley,S. Haiwee Reservoir Elevation,3724.2
2026-08-09 19:43:25,Southern District,S. Haiwee Reservoir Elevation,3724.2
2026-08-09 19:43:25,Southern District,Fairmont Reservoir Elevation,3027.0
2026-08-09 19:43:25,Southern District,Bouquet Reservoir Elevation,2983.4
2026-08-09 19:58:24,Northern Owens Valley,Tinemaha Elevation,3861.2
2026-08-09 19:58:24,Southern Owens Valley,Tinemaha Elevation,3861.2
2026-08-09 20:28:24,Northern Owens Valley,Tinemaha Elevation,3861.2
2026-08-09 20:28:24,Southern Owens Valley,Tinemaha Elevation,3861.2
2026-08-09 20:43:25,Mono Basin,Lee Vining Intake Above Flow,31.7
2026-08-09 20:43:25,Mono Basin,Lee Vining Intake Below Flow,29.9
2026-08-09 20:43:25,Mono Basin,Walker Ck. Above Conduit Flow,4.0
2026-08-09 20:43:25,Mono Basin,L.V. Conduit Below Intake Flow,1.0
2026-08-09 20:43:25,Mono Basin,Walker Ck. Under Conduit Flow,4.0
2026-08-09 20:43:25,Mono Basin,Parker Ck. Under Conduit Flow,14.0
2026-08-09 20:43:25,Mono Basin,Parker Ck. Above Conduit Flow,15.0
2026-08-09 20:43:25,Mono Basin,Grant Lk. Spill Flow,0.0
2026-08-09 20:43:25,Mono Basin,Mono Gate 1 Return Ditch Flow,28.2
2026-08-09 20:43:25,Mono Basin,Grant Lk. Outflow,40.3
2026-08-09 20:43:25,Mono Basin,Rush Ck. at Damsite Flow,10.9
2026-08-09 20:43:25,Mono Basin,Flow to West Portal,15.0
2026-08-09 20:43:25,Long Valley,East Portal Flow,26.0
2026-08-09 20:43:25,Long Valley,OR Below EP Flow,70.0
2026-08-09 20:43:25,Long Valley,Hot Ck.at Hwy. Flow,6.0
2026-08-09 20:43:25,Long Valley,McGee Ck. Lower Sta. Flow,7.9
2026-08-09 20:43:25,Long Valley,Long Valley Current Outflow,582.6
2026-08-09 20:43:25,Long Valley,Rock Ck. Div. Flow,0.1
2026-08-09 20:43:25,Long Valley,Upper Gorge Total Release,41.6
2026-08-09 20:43:25,Long Valley,Release at Middle Gorge,0.0
2026-08-09 20:43:25,Northern Owens Valley,Rock Ck. At Owens River (PV) Flow,24.7
2026-08-09 20:43:25,Northern Owens Valley,Pleasant Valley Outflow,496.8
2026-08-09 20:43:25,Northern Owens Valley,Baker Ck. At LA Station Flow,5.7
2026-08-09 20:43:25,Northern Owens Valley,Big Pine Ck. USGS Flow,44.5
2026-08-09 20:43:25,Northern Owens Valley,O.R. Below Big Pine,487.1
2026-08-09 20:43:25,Northern Owens Valley,Fish Springs At RR Flow,34.5
2026-08-09 20:43:25,Northern Owens Valley,Tinemaha Reservoir Outflow,379.9
2026-08-09 20:43:25,Northern Owens Valley,Bishop Creek Through Plant 6,97.8
2026-08-09 20:43:25,Northern Owens Valley,Bishop Creek Around Plant 6,8.1
2026-08-09 20:43:25,Southern Owens Valley,Tinemaha Reservoir Outflow,379.9
2026-08-09 20:43:25,Southern Owens Valley,Indep. Ck. At Junction Flow,7.2
2026-08-09 20:43:25,Southern Owens Valley,LAA at Alabama Flow,314.0
2026-08-09 20:43:25,Southern Owens Valley,Cottonwood Ck. At LAA Flow,0.0
2026-08-09 20:43:25,Southern Owens Valley,LAA at Cottonwood Flow,397.0
2026-08-09 20:43:25,Southern Owens Valley,Haiwee LAA #1 Current Flow,0.0
2026-08-09 20:43:25,Southern Owens Valley,Haiwee LAA #2 Current Flow,195.4
2026-08-09 20:43:25,Southern Owens Valley,Reinhackel Flow,2.9
2026-08-09 20:43:25,Southern Owens Valley,Lubkin Spillgate Outflow,0.0
2026-08-09 20:43:25,Southern Owens Valley,Cartago Spillgate Outflow,13.1
2026-08-09 20:43:25,Southern Owens Valley,Lone Pine Creek Flow,12.3
2026-08-09 20:43:25,Lower Owens River Project,LORP Intake Flow,79.0
2026-08-09 20:43:25,Lower Owens River Project,LORP at Mazourka Canyon Road,0.0
2026-08-09 20:43:25,Lower Owens River Project,LORP at Reinhackle Springs,73.0
2026-08-09 20:43:25,Lower Owens River Project,LORP Above Pumpstation,41.0
2026-08-09 20:43:25,Lower Owens River Project,LORP At Pump Station Discharge Flow,37.0
2026-08-09 20:43:25,Southern District,Haiwee LAA #2 Current Flow,195.4
2026-08-09 20:43:25,Southern District,Haiwee LAA #1 Current Flow,0.0
2026-08-09 20:43:25,Southern District,LAA #1 Flow at Fairmont Reservoir,398.3
2026-08-09 20:43:25,Southern District,LAA #2 Flow at Fairmont Res.,204.9
2026-08-09 20:43:25,Southern District,Bouquet Reservoir Inflow,85.0
2026-08-09 20:43:25,Southern District,Bouquet Reservoir Outflow,0.4
2026-08-09 20:43:25,Southern District,LAA #1 at Soledad Flow,278.7
2026-08-09 20:43:25,Southern District,LAA #2 at Soledad Flow,189.8
2026-08-09 20:43:26,Mono Basin,Mono Lk. Elevation,6382.4
2026-08-09 20:43:26,Mono Basin,Grant Lk. Elevation,7129.8
2026-08-09 20:43:26,Long Valley,Long Valley Elevation,6773.4
2026-08-09 20:43:26,Northern Owens Valley,Pleasant Valley Elevation,4386.4
2026-08-09 20:43:26,Southern Owens Valley,LAA at Alabama Level,6.9
2026-08-09 20:43:26,Southern Owens Valley,LAA at Alabama Water Temp,77.4
2026-08-09 20:43:26,Southern Owens Valley,LAA at Cottonwood Level,8.3
2026-08-09 20:43:26,Southern Owens Valley,LAA at Cotton. Water Temp,76.6
2026-08-09 20:43:26,Southern Owens Valley,N. Haiwee Elevation,3757.0
2026-08-09 20:43:26,Southern Owens Valley,S. Haiwee Reservoir Elevation,3724.1
2026-08-09 20:43:26,Southern District,S. Haiwee Reservoir Elevation,3724.1
2026-08-09 20:43:26,Southern District,Fairmont Reservoir Elevation,3027.0
2026-08-09 20:43:26,Southern District,Bouquet Reservoir Elevation,2983.4
2026-08-09 20:58:23,Northern Owens Valley,Tinemaha Elevation,3861.2
2026-08-09 20:58:23,Southern Owens Valley,Tinemaha Elevation,3861.2
2026-08-09 21:28:25,Northern Owens Valley,Tinemaha Elevation,3861.2
2026-08-09 21:28:25,Southern Owens Valley,Tinemaha Elevation,3861.2
2026-08-09 21:43:24,Mono Basin,Lee Vining Intake Above Flow,32.1
2026-08-09 21:43:24,Mono Basin,Lee Vining Intake Below Flow,30.1
2026-08-09 21:43:24,Mono Basin,Walker Ck. Above Conduit Flow,4.0
2026-08-09 21:43:24,Mono Basin,L.V. Conduit Below Intake Flow,1.0
2026-08-09 21:43:24,Mono Basin,Walker Ck. Under Conduit Flow,4.0
2026-08-09 21:43:24,Mono Basin,Parker Ck. Under Conduit Flow,14.0
2026-08-09 21:43:24,Mono Basin,Parker Ck. Above Conduit Flow,15.0
2026-08-09 21:43:24,Mono Basin,Grant Lk. Spill Flow,0.0
2026-08-09 21:43:24,Mono Basin,Mono Gate 1 Return Ditch Flow,28.1
2026-08-09 21:43:24,Mono Basin,Grant Lk. Outflow,40.3
2026-08-09 21:43:24,Mono Basin,Rush Ck. at Damsite Flow,10.9
2026-08-09 21:43:24,Mono Basin,Flow to West Portal,15.0
2026-08-09 21:43:24,Long Valley,East Portal Flow,26.0
2026-08-09 21:43:24,Long Valley,OR Below EP Flow,69.0
2026-08-09 21:43:24,Long Valley,Hot Ck.at Hwy. Flow,6.0
2026-08-09 21:43:24,Long Valley,McGee Ck. Lower Sta. Flow,7.9
2026-08-09 21:43:24,Long Valley,Long Valley Current Outflow,582.1
2026-08-09 21:43:24,Long Valley,Rock Ck. Div. Flow,0.1
2026-08-09 21:43:24,Long Valley,Upper Gorge Total Release,41.6
2026-08-09 21:43:24,Long Valley,Release at Middle Gorge,0.0
2026-08-09 21:43:24,Northern Owens Valley,Rock Ck. At Owens River (PV) Flow,24.7
2026-08-09 21:43:24,Northern Owens Valley,Pleasant Valley Outflow,496.9
2026-08-09 21:43:24,Northern Owens Valley,Baker Ck. At LA Station Flow,6.5
2026-08-09 21:43:24,Northern Owens Valley,Big Pine Ck. USGS Flow,44.5
2026-08-09 21:43:24,Northern Owens Valley,O.R. Below Big Pine,488.3
2026-08-09 21:43:24,Northern Owens Valley,Fish Springs At RR Flow,34.5
2026-08-09 21:43:24,Northern Owens Valley,Tinemaha Reservoir Outflow,379.1
2026-08-09 21:43:24,Northern Owens Valley,Bishop Creek Through Plant 6,102.5
2026-08-09 21:43:24,Northern Owens Valley,Bishop Creek Around Plant 6,8.1
2026-08-09 21:43:24,Southern Owens Valley,Tinemaha Reservoir Outflow,379.1
2026-08-09 21:43:24,Southern Owens Valley,Indep. Ck. At Junction Flow,7.2
2026-08-09 21:43:24,Southern Owens Valley,LAA at Alabama Flow,314.0
2026-08-09 21:43:24,Southern Owens Valley,Cottonwood Ck. At LAA Flow,0.0
2026-08-09 21:43:24,Southern Owens Valley,LAA at Cottonwood Flow,397.0
2026-08-09 21:43:24,Southern Owens Valley,Haiwee LAA #1 Current Flow,0.0
2026-08-09 21:43:24,Southern Owens Valley,Haiwee LAA #2 Current Flow,195.4
2026-08-09 21:43:24,Southern Owens Valley,Reinhackel Flow,2.9
2026-08-09 21:43:24,Southern Owens Valley,Lubkin Spillgate Outflow,0.0
2026-08-09 21:43:24,Southern Owens Valley,Cartago Spillgate Outflow,0.4
2026-08-09 21:43:24,Southern Owens Valley,Lone Pine Creek Flow,12.4
2026-08-09 21:43:24,Lower Owens River Project,LORP Intake Flow,79.0
2026-08-09 21:43:24,Lower Owens River Project,LORP at Mazourka Canyon Road,0.0
2026-08-09 21:43:24,Lower Owens River Project,LORP at Reinhackle Springs,74.0
2026-08-09 21:43:24,Lower Owens River Project,LORP Above Pumpstation,51.0
2026-08-09 21:43:24,Lower Owens River Project,LORP At Pump Station Discharge Flow,48.0
2026-08-09 21:43:24,Southern District,Haiwee LAA #2 Current Flow,195.4
2026-08-09 21:43:24,Southern District,Haiwee LAA #1 Current Flow,0.0
2026-08-09 21:43:24,Southern District,LAA #1 Flow at Fairmont Reservoir,399.5
2026-08-09 21:43:24,Southern District,LAA #2 Flow at Fairmont Res.,204.7
2026-08-09 21:43:24,Southern District,Bouquet Reservoir Inflow,77.7
2026-08-09 21:43:24,Southern District,Bouquet Reservoir Outflow,0.5
2026-08-09 21:43:24,Southern District,LAA #1 at Soledad Flow,278.7
2026-08-09 21:43:24,Southern District,LAA #2 at Soledad Flow,189.8
2026-08-09 21:43:25,Mono Basin,Mono Lk. Elevation,6382.4
2026-08-09 21:43:25,Mono Basin,Grant Lk. Elevation,7129.8
2026-08-09 21:43:25,Long Valley,Long Valley Elevation,6773.4
2026-08-09 21:43:25,Northern Owens Valley,Pleasant Valley Elevation,4386.5
2026-08-09 21:43:25,Southern Owens Valley,LAA at Alabama Level,6.9
2026-08-09 21:43:25,Southern Owens Valley,LAA at Alabama Water Temp,77.1
2026-08-09 21:43:25,Southern Owens Valley,LAA at Cottonwood Level,8.3
2026-08-09 21:43:25,Southern Owens Valley,LAA at Cotton. Water Temp,76.7
2026-08-09 21:43:25,Southern Owens Valley,N. Haiwee Elevation,3757.0
2026-08-09 21:43:25,Southern Owens Valley,S. Haiwee Reservoir Elevation,3724.1
2026-08-09 21:43:25,Southern District,S. Haiwee Reservoir Elevation,3724.1
2026-08-09 21:43:25,Southern District,Fairmont Reservoir Elevation,3027.0
2026-08-09 21:43:25,Southern District,Bouquet Reservoir Elevation,2983.4
2026-08-09 21:58:24,Northern Owens Valley,Tinemaha Elevation,3861.2
2026-08-09 21:58:24,Southern Owens Valley,Tinemaha Elevation,3861.2
2026-08-09 22:28:23,Northern Owens Valley,Tinemaha Elevation,3861.2
2026-08-09 22:28:23,Southern Owens Valley,Tinemaha Elevation,3861.2
2026-08-09 22:43:24,Mono Basin,Lee Vining Intake Above Flow,33.1
2026-08-09 22:43:24,Mono Basin,Lee Vining Intake Below Flow,30.3
2026-08-09 22:43:24,Mono Basin,Mono Lk. Elevation,6382.4
2026-08-09 22:43:24,Mono Basin,Walker Ck. Above Conduit Flow,4.0
2026-08-09 22:43:24,Mono Basin,L.V. Conduit Below Intake Flow,1.0
2026-08-09 22:43:24,Mono Basin,Walker Ck. Under Conduit Flow,4.0
2026-08-09 22:43:24,Mono Basin,Parker Ck. Under Conduit Flow,14.0
2026-08-09 22:43:24,Mono Basin,Parker Ck. Above Conduit Flow,15.0
2026-08-09 22:43:24,Mono Basin,Grant Lk. Spill Flow,0.0
2026-08-09 22:43:24,Mono Basin,Mono Gate 1 Return Ditch Flow,28.0
2026-08-09 22:43:24,Mono Basin,Grant Lk. Elevation,7129.9
2026-08-09 22:43:24,Mono Basin,Grant Lk. Outflow,39.8
2026-08-09 22:43:24,Mono Basin,Rush Ck. at Damsite Flow,10.9
2026-08-09 22:43:24,Mono Basin,Flow to West Portal,15.0
2026-08-09 22:43:24,Long Valley,East Portal Flow,26.0
2026-08-09 22:43:24,Long Valley,OR Below EP Flow,69.0
2026-08-09 22:43:24,Long Valley,Hot Ck.at Hwy. Flow,6.0
2026-08-09 22:43:24,Long Valley,McGee Ck. Lower Sta. Flow,7.9
2026-08-09 22:43:24,Long Valley,Long Valley Elevation,6773.4
2026-08-09 22:43:24,Long Valley,Long Valley Current Outflow,578.0
2026-08-09 22:43:24,Long Valley,Rock Ck. Div. Flow,0.1
2026-08-09 22:43:24,Long Valley,Upper Gorge Total Release,41.5
2026-08-09 22:43:24,Long Valley,Release at Middle Gorge,0.0
2026-08-09 22:43:24,Northern Owens Valley,Rock Ck. At Owens River (PV) Flow,24.7
2026-08-09 22:43:24,Northern Owens Valley,Pleasant Valley Elevation,4386.6
2026-08-09 22:43:24,Northern Owens Valley,Pleasant Valley Outflow,499.3
2026-08-09 22:43:24,Northern Owens Valley,Baker Ck. At LA Station Flow,6.5
2026-08-09 22:43:24,Northern Owens Valley,Big Pine Ck. USGS Flow,44.5
2026-08-09 22:43:24,Northern Owens Valley,O.R. Below Big Pine,485.7
2026-08-09 22:43:24,Northern Owens Valley,Fish Springs At RR Flow,34.5
2026-08-09 22:43:24,Northern Owens Valley,Tinemaha Reservoir Outflow,379.1
2026-08-09 22:43:24,Northern Owens Valley,Bishop Creek Through Plant 6,102.6
2026-08-09 22:43:24,Northern Owens Valley,Bishop Creek Around Plant 6,8.1
2026-08-09 22:43:24,Southern Owens Valley,Tinemaha Reservoir Outflow,379.1
2026-08-09 22:43:24,Southern Owens Valley,Indep. Ck. At Junction Flow,7.2
2026-08-09 22:43:24,Southern Owens Valley,LAA at Alabama Flow,314.0
2026-08-09 22:43:24,Southern Owens Valley,LAA at Alabama Level,6.9
2026-08-09 22:43:24,Southern Owens Valley,LAA at Alabama Water Temp,76.9
2026-08-09 22:43:24,Southern Owens Valley,Cottonwood Ck. At LAA Flow,0.0
2026-08-09 22:43:24,Southern Owens Valley,LAA at Cottonwood Flow,397.0
2026-08-09 22:43:24,Southern Owens Valley,LAA at Cottonwood Level,8.3
2026-08-09 22:43:24,Southern Owens Valley,LAA at Cotton. Water Temp,76.8
2026-08-09 22:43:24,Southern Owens Valley,N. Haiwee Elevation,3757.0
2026-08-09 22:43:24,Southern Owens Valley,S. Haiwee Reservoir Elevation,3724.1
2026-08-09 22:43:24,Southern Owens Valley,Haiwee LAA #1 Current Flow,0.0
2026-08-09 22:43:24,Southern Owens Valley,Haiwee LAA #2 Current Flow,195.4
2026-08-09 22:43:24,Southern Owens Valley,Reinhackel Flow,2.9
2026-08-09 22:43:24,Southern Owens Valley,Lubkin Spillgate Outflow,0.0
2026-08-09 22:43:24,Southern Owens Valley,Cartago Spillgate Outflow,0.0
2026-08-09 22:43:24,Southern Owens Valley,Lone Pine Creek Flow,12.5
2026-08-09 22:43:24,Lower Owens River Project,LORP Intake Flow,79.0
2026-08-09 22:43:24,Lower Owens River Project,LORP at Mazourka Canyon Road,0.0
2026-08-09 22:43:24,Lower Owens River Project,LORP at Reinhackle Springs,73.0
2026-08-09 22:43:24,Lower Owens River Project,LORP Above Pumpstation,51.0
2026-08-09 22:43:24,Lower Owens River Project,LORP At Pump Station Discharge Flow,48.0
2026-08-09 22:43:24,Southern District,Haiwee LAA #2 Current Flow,195.4
2026-08-09 22:43:24,Southern District,S. Haiwee Reservoir Elevation,3724.1
2026-08-09 22:43:24,Southern District,Haiwee LAA #1 Current Flow,0.0
2026-08-09 22:43:24,Southern District,Fairmont Reservoir Elevation,3027.1
2026-08-09 22:43:24,Southern District,LAA #1 Flow at Fairmont Reservoir,398.4
2026-08-09 22:43:24,Southern District,LAA #2 Flow at Fairmont Res.,204.7
2026-08-09 22:43:24,Southern District,Bouquet Reservoir Elevation,2983.4
2026-08-09 22:43:24,Southern District,Bouquet Reservoir Inflow,87.8
2026-08-09 22:43:24,Southern District,Bouquet Reservoir Outflow,0.5
2026-08-09 22:43:24,Southern District,LAA #1 at Soledad Flow,278.7
2026-08-09 22:43:24,Southern District,LAA #2 at Soledad Flow,189.8
2026-08-09 22:58:24,Northern Owens Valley,Tinemaha Elevation,3861.2
2026-08-09 22:58:24,Southern Owens Valley,Tinemaha Elevation,3861.2
2026-08-09 23:28:23,Northern Owens Valley,Tinemaha Elevation,3861.3
2026-08-09 23:28:23,Southern Owens Valley,Tinemaha Elevation,3861.3
2026-08-09 23:43:25,Mono Basin,Lee Vining Intake Above Flow,32.5
2026-08-09 23:43:25,Mono Basin,Lee Vining Intake Below Flow,30.3
2026-08-09 23:43:25,Mono Basin,Mono Lk. Elevation,6382.4
2026-08-09 23:43:25,Mono Basin,Walker Ck. Above Conduit Flow,4.0
2026-08-09 23:43:25,Mono Basin,L.V. Conduit Below Intake Flow,1.0
2026-08-09 23:43:25,Mono Basin,Walker Ck. Under Conduit Flow,4.0
2026-08-09 23:43:25,Mono Basin,Parker Ck. Under Conduit Flow,14.0
2026-08-09 23:43:25,Mono Basin,Parker Ck. Above Conduit Flow,15.0
2026-08-09 23:43:25,Mono Basin,Grant Lk. Spill Flow,0.0
2026-08-09 23:43:25,Mono Basin,Mono Gate 1 Return Ditch Flow,28.1
2026-08-09 23:43:25,Mono Basin,Grant Lk. Elevation,7129.8
2026-08-09 23:43:25,Mono Basin,Grant Lk. Outflow,40.0
2026-08-09 23:43:25,Mono Basin,Rush Ck. at Damsite Flow,10.9
2026-08-09 23:43:25,Mono Basin,Flow to West Portal,15.0
2026-08-09 23:43:25,Long Valley,East Portal Flow,26.0
2026-08-09 23:43:25,Long Valley,OR Below EP Flow,69.0
2026-08-09 23:43:25,Long Valley,Hot Ck.at Hwy. Flow,6.0
2026-08-09 23:43:25,Long Valley,McGee Ck. Lower Sta. Flow,7.9
2026-08-09 23:43:25,Long Valley,Long Valley Elevation,6773.4
2026-08-09 23:43:25,Long Valley,Long Valley Current Outflow,579.3
2026-08-09 23:43:25,Long Valley,Rock Ck. Div. Flow,0.1
2026-08-09 23:43:25,Long Valley,Upper Gorge Total Release,41.9
2026-08-09 23:43:25,Long Valley,Release at Middle Gorge,0.0
2026-08-09 23:43:25,Northern Owens Valley,Rock Ck. At Owens River (PV) Flow,24.9
2026-08-09 23:43:25,Northern Owens Valley,Pleasant Valley Elevation,4386.8
2026-08-09 23:43:25,Northern Owens Valley,Pleasant Valley Outflow,499.8
2026-08-09 23:43:25,Northern Owens Valley,Baker Ck. At LA Station Flow,6.5
2026-08-09 23:43:25,Northern Owens Valley,Big Pine Ck. USGS Flow,44.5
2026-08-09 23:43:25,Northern Owens Valley,O.R. Below Big Pine,487.3
2026-08-09 23:43:25,Northern Owens Valley,Fish Springs At RR Flow,34.5
2026-08-09 23:43:25,Northern Owens Valley,Tinemaha Reservoir Outflow,379.1
2026-08-09 23:43:25,Northern Owens Valley,Bishop Creek Through Plant 6,101.1
2026-08-09 23:43:25,Northern Owens Valley,Bishop Creek Around Plant 6,8.2
2026-08-09 23:43:25,Southern Owens Valley,Tinemaha Reservoir Outflow,379.1
2026-08-09 23:43:25,Southern Owens Valley,Indep. Ck. At Junction Flow,7.2
2026-08-09 23:43:25,Southern Owens Valley,LAA at Alabama Flow,315.0
2026-08-09 23:43:25,Southern Owens Valley,LAA at Alabama Level,6.9
2026-08-09 23:43:25,Southern Owens Valley,LAA at Alabama Water Temp,76.5
2026-08-09 23:43:25,Southern Owens Valley,Cottonwood Ck. At LAA Flow,0.0
2026-08-09 23:43:25,Southern Owens Valley,LAA at Cottonwood Flow,396.0
2026-08-09 23:43:25,Southern Owens Valley,LAA at Cottonwood Level,8.3
2026-08-09 23:43:25,Southern Owens Valley,LAA at Cotton. Water Temp,76.8
2026-08-09 23:43:25,Southern Owens Valley,N. Haiwee Elevation,3757.0
2026-08-09 23:43:25,Southern Owens Valley,S. Haiwee Reservoir Elevation,3724.0
2026-08-09 23:43:25,Southern Owens Valley,Haiwee LAA #1 Current Flow,0.0
2026-08-09 23:43:25,Southern Owens Valley,Haiwee LAA #2 Current Flow,195.4
2026-08-09 23:43:25,Southern Owens Valley,Reinhackel Flow,2.9
2026-08-09 23:43:25,Southern Owens Valley,Lubkin Spillgate Outflow,0.0
2026-08-09 23:43:25,Southern Owens Valley,Cartago Spillgate Outflow,0.0
2026-08-09 23:43:25,Southern Owens Valley,Lone Pine Creek Flow,13.5
2026-08-09 23:43:25,Lower Owens River Project,LORP Intake Flow,80.0
2026-08-09 23:43:25,Lower Owens River Project,LORP at Mazourka Canyon Road,0.0
2026-08-09 23:43:25,Lower Owens River Project,LORP at Reinhackle Springs,68.0
2026-08-09 23:43:25,Lower Owens River Project,LORP Above Pumpstation,51.0
2026-08-09 23:43:25,Lower Owens River Project,LORP At Pump Station Discharge Flow,48.0
2026-08-09 23:43:25,Southern District,Haiwee LAA #2 Current Flow,195.4
2026-08-09 23:43:25,Southern District,S. Haiwee Reservoir Elevation,3724.0
2026-08-09 23:43:25,Southern District,Haiwee LAA #1 Current Flow,0.0
2026-08-09 23:43:25,Southern District,Fairmont Reservoir Elevation,3027.1
2026-08-09 23:43:25,Southern District,LAA #1 Flow at Fairmont Reservoir,397.3
2026-08-09 23:43:25,Southern District,LAA #2 Flow at Fairmont Res.,204.6
2026-08-09 23:43:25,Southern District,Bouquet Reservoir Elevation,2983.4
2026-08-09 23:43:25,Southern District,Bouquet Reservoir Inflow,86.8
2026-08-09 23:43:25,Southern District,Bouquet Reservoir Outflow,0.5
2026-08-09 23:43:25,Southern District,LAA #1 at Soledad Flow,278.7
2026-08-09 23:43:25,Southern District,LAA #2 at Soledad Flow,189.8
2026-08-09 23:58:23,Northern Owens Valley,Tinemaha Elevation,3861.3
2026-08-09 23:58:23,Southern Owens Valley,Tinemaha Elevation,3861.3
