date,district,source,value
2026-08-11 00:43:27,Mono Basin,Lee Vining Intake Above Flow,37.5
2026-08-11 00:43:27,Mono Basin,Lee Vining Intake Below Flow,30.6
2026-08-11 00:43:27,Mono Basin,Walker Ck. Above Conduit Flow,4.0
2026-08-11 00:43:27,Mono Basin,L.V. Conduit Below Intake Flow,4.6
2026-08-11 00:43:27,Mono Basin,Walker Ck. Under Conduit Flow,4.0
2026-08-11 00:43:27,Mono Basin,Parker Ck. Under Conduit Flow,14.0
2026-08-11 00:43:27,Mono Basin,Parker Ck. Above Conduit Flow,15.0
2026-08-11 00:43:27,Mono Basin,Grant Lk. Spill Flow,0.0
2026-08-11 00:43:27,Mono Basin,Mono Gate 1 Return Ditch Flow,27.5
2026-08-11 00:43:27,Mono Basin,Grant Lk. Outflow,40.0
2026-08-11 00:43:27,Mono Basin,Rush Ck. at Damsite Flow,10.6
2026-08-11 00:43:27,Mono Basin,Flow to West Portal,14.7
2026-08-11 00:43:27,Long Valley,East Portal Flow,26.0
2026-08-11 00:43:27,Long Valley,OR Below EP Flow,69.0
2026-08-11 00:43:27,Long Valley,Hot Ck.at Hwy. Flow,6.0
2026-08-11 00:43:27,Long Valley,McGee Ck. Lower Sta. Flow,7.8
2026-08-11 00:43:27,Long Valley,Long Valley Current Outflow,581.7
2026-08-11 00:43:27,Long Valley,Rock Ck. Div. Flow,0.1
2026-08-11 00:43:27,Long Valley,Upper Gorge Total Release,41.6
2026-08-11 00:43:27,Long Valley,Release at Middle Gorge,0.0
2026-08-11 00:43:27,Northern Owens Valley,Rock Ck. At Owens River (PV) Flow,26.2
2026-08-11 00:43:27,Northern Owens Valley,Pleasant Valley Outflow,497.4
2026-08-11 00:43:27,Northern Owens Valley,Baker Ck. At LA Station Flow,6.2
2026-08-11 00:43:27,Northern Owens Valley,Big Pine Ck. USGS Flow,50.8
2026-08-11 00:43:27,Northern Owens Valley,O.R. Below Big Pine,483.1
2026-08-11 00:43:27,Northern Owens Valley,Fish Springs At RR Flow,31.2
2026-08-11 00:43:27,Northern Owens Valley,Tinemaha Reservoir Outflow,380.6
2026-08-11 00:43:27,Northern Owens Valley,Bishop Creek Through Plant 6,99.3
2026-08-11 00:43:27,Northern Owens Valley,Bishop Creek Around Plant 6,8.0
2026-08-11 00:43:27,Southern Owens Valley,Tinemaha Reservoir Outflow,380.6
2026-08-11 00:43:27,Southern Owens Valley,Indep. Ck. At Junction Flow,6.6
2026-08-11 00:43:27,Southern Owens Valley,LAA at Alabama Flow,312.0
2026-08-11 00:43:27,Southern Owens Valley,Cottonwood Ck. At LAA Flow,0.0
2026-08-11 00:43:27,Southern Owens Valley,LAA at Cottonwood Flow,397.0
2026-08-11 00:43:27,Southern Owens Valley,Haiwee LAA #1 Current Flow,0.0
2026-08-11 00:43:27,Southern Owens Valley,Haiwee LAA #2 Current Flow,195.2
2026-08-11 00:43:27,Southern Owens Valley,Reinhackel Flow,2.9
2026-08-11 00:43:27,Southern Owens Valley,Lubkin Spillgate Outflow,0.0
2026-08-11 00:43:27,Southern Owens Valley,Cartago Spillgate Outflow,0.0
2026-08-11 00:43:27,Southern Owens Valley,Lone Pine Creek Flow,12.6
2026-08-11 00:43:27,Lower Owens River Project,LORP Intake Flow,81.0
2026-08-11 00:43:27,Lower Owens River Project,LORP at Mazourka Canyon Road,0.0
2026-08-11 00:43:27,Lower Owens River Project,LORP at Reinhackle Springs,69.0
2026-08-11 00:43:27,Lower Owens River Project,LORP Above Pumpstation,51.0
2026-08-11 00:43:27,Lower Owens River Project,LORP At Pump Station Discharge Flow,48.0
2026-08-11 00:43:27,Southern District,Haiwee LAA #2 Current Flow,195.2
2026-08-11 00:43:27,Southern District,Haiwee LAA #1 Current Flow,0.0
2026-08-11 00:43:27,Southern District,LAA #1 Flow at Fairmont Reservoir,381.2
2026-08-11 00:43:27,Southern District,LAA #2 Flow at Fairmont Res.,204.6
2026-08-11 00:43:27,Southern District,Bouquet Reservoir Inflow,85.2
2026-08-11 00:43:27,Southern District,Bouquet Reservoir Outflow,0.5
2026-08-11 00:43:27,Southern District,LAA #1 at Soledad Flow,282.4
2026-08-11 00:43:27,Southern District,LAA #2 at Soledad Flow,190.6
2026-08-11 00:43:28,Mono Basin,Mono Lk. Elevation,6382.4
2026-08-11 00:43:28,Mono Basin,Grant Lk. Elevation,7129.8
2026-08-11 00:43:28,Long Valley,Long Valley Elevation,6773.3
2026-08-11 00:43:28,Northern Owens Valley,Pleasant Valley Elevation,4384.7
2026-08-11 00:43:28,Southern Owens Valley,LAA at Alabama Level,6.9
2026-08-11 00:43:28,Southern Owens Valley,LAA at Alabama Water Temp,76.5
2026-08-11 00:43:28,Southern Owens Valley,LAA at Cottonwood Level,8.3
2026-08-11 00:43:28,Southern Owens Valley,LAA at Cotton. Water Temp,76.4
2026-08-11 00:43:28,Southern Owens Valley,N. Haiwee Elevation,3757.0
2026-08-11 00:43:28,Southern Owens Valley,S. Haiwee Reservoir Elevation,3723.4
2026-08-11 00:43:28,Southern District,S. Haiwee Reservoir Elevation,3723.4
2026-08-11 00:43:28,Southern District,Fairmont Reservoir Elevation,3027.5
2026-08-11 00:43:28,Southern District,Bouquet Reservoir Elevation,2983.7
2026-08-11 01:43:27,Mono Basin,Lee Vining Intake Above Flow,36.3
2026-08-11 01:43:27,Mono Basin,Lee Vining Intake Below Flow,29.6
2026-08-11 01:43:27,Mono Basin,Walker Ck. Above Conduit Flow,4.0
2026-08-11 01:43:27,Mono Basin,L.V. Conduit Below Intake Flow,4.2
2026-08-11 01:43:27,Mono Basin,Walker Ck. Under Conduit Flow,4.0
2026-08-11 01:43:27,Mono Basin,Parker Ck. Under Conduit Flow,14.0
2026-08-11 01:43:27,Mono Basin,Parker Ck. Above Conduit Flow,15.0
2026-08-11 01:43:27,Mono Basin,Grant Lk. Spill Flow,0.0
2026-08-11 01:43:27,Mono Basin,Mono Gate 1 Return Ditch Flow,27.6
2026-08-11 01:43:27,Mono Basin,Grant Lk. Outflow,40.1
2026-08-11 01:43:27,Mono Basin,Rush Ck. at Damsite Flow,10.6
2026-08-11 01:43:27,Mono Basin,Flow to West Portal,14.7
2026-08-11 01:43:27,Long Valley,East Portal Flow,26.0
2026-08-11 01:43:27,Long Valley,OR Below EP Flow,69.0
2026-08-11 01:43:27,Long Valley,Hot Ck.at Hwy. Flow,6.0
2026-08-11 01:43:27,Long Valley,McGee Ck. Lower Sta. Flow,7.8
2026-08-11 01:43:27,Long Valley,Long Valley Current Outflow,581.2
2026-08-11 01:43:27,Long Valley,Rock Ck. Div. Flow,0.1
2026-08-11 01:43:27,Long Valley,Upper Gorge Total Release,41.2
2026-08-11 01:43:27,Long Valley,Release at Middle Gorge,0.0
2026-08-11 01:43:27,Northern Owens Valley,Rock Ck. At Owens River (PV) Flow,26.4
2026-08-11 01:43:27,Northern Owens Valley,Pleasant Valley Outflow,497.7
2026-08-11 01:43:27,Northern Owens Valley,Baker Ck. At LA Station Flow,6.2
2026-08-11 01:43:27,Northern Owens Valley,Big Pine Ck. USGS Flow,50.8
2026-08-11 01:43:27,Northern Owens Valley,O.R. Below Big Pine,483.9
2026-08-11 01:43:27,Northern Owens Valley,Fish Springs At RR Flow,31.2
2026-08-11 01:43:27,Northern Owens Valley,Tinemaha Reservoir Outflow,380.6
2026-08-11 01:43:27,Northern Owens Valley,Bishop Creek Through Plant 6,99.3
2026-08-11 01:43:27,Northern Owens Valley,Bishop Creek Around Plant 6,8.0
2026-08-11 01:43:27,Southern Owens Valley,Tinemaha Reservoir Outflow,380.6
2026-08-11 01:43:27,Southern Owens Valley,Indep. Ck. At Junction Flow,6.6
2026-08-11 01:43:27,Southern Owens Valley,LAA at Alabama Flow,312.0
2026-08-11 01:43:27,Southern Owens Valley,Cottonwood Ck. At LAA Flow,0.0
2026-08-11 01:43:27,Southern Owens Valley,LAA at Cottonwood Flow,397.0
2026-08-11 01:43:27,Southern Owens Valley,Haiwee LAA #1 Current Flow,0.0
2026-08-11 01:43:27,Southern Owens Valley,Haiwee LAA #2 Current Flow,194.9
2026-08-11 01:43:27,Southern Owens Valley,Reinhackel Flow,2.9
2026-08-11 01:43:27,Southern Owens Valley,Lubkin Spillgate Outflow,0.0
2026-08-11 01:43:27,Southern Owens Valley,Cartago Spillgate Outflow,0.0
2026-08-11 01:43:27,Southern Owens Valley,Lone Pine Creek Flow,12.7
2026-08-11 01:43:27,Lower Owens River Project,LORP Intake Flow,81.0
2026-08-11 01:43:27,Lower Owens River Project,LORP at Mazourka Canyon Road,0.0
2026-08-11 01:43:27,Lower Owens River Project,LORP at Reinhackle Springs,68.0
2026-08-11 01:43:27,Lower Owens River Project,LORP Above Pumpstation,40.0
2026-08-11 01:43:27,Lower Owens River Project,LORP At Pump Station Discharge Flow,37.0
2026-08-11 01:43:27,Southern District,Haiwee LAA #2 Current Flow,194.9
2026-08-11 01:43:27,Southern District,Haiwee LAA #1 Current Flow,0.0
2026-08-11 01:43:27,Southern District,LAA #1 Flow at Fairmont Reservoir,359.2
2026-08-11 01:43:27,Southern District,LAA #2 Flow at Fairmont Res.,204.6
2026-08-11 01:43:27,Southern District,Bouquet Reservoir Inflow,81.1
2026-08-11 01:43:27,Southern District,Bouquet Reservoir Outflow,0.5
2026-08-11 01:43:27,Southern District,LAA #1 at Soledad Flow,282.4
2026-08-11 01:43:27,Southern District,LAA #2 at Soledad Flow,190.6
2026-08-11 01:43:28,Mono Basin,Mono Lk. Elevation,6382.4
2026-08-11 01:43:28,Mono Basin,Grant Lk. Elevation,7129.8
2026-08-11 01:43:28,Long Valley,Long Valley Elevation,6773.3
2026-08-11 01:43:28,Northern Owens Valley,Pleasant Valley Elevation,4384.8
2026-08-11 01:43:28,Southern Owens Valley,LAA at Alabama Level,6.8
2026-08-11 01:43:28,Southern Owens Valley,LAA at Alabama Water Temp,76.3
2026-08-11 01:43:28,Southern Owens Valley,LAA at Cottonwood Level,8.3
2026-08-11 01:43:28,Southern Owens Valley,LAA at Cotton. Water Temp,76.4
2026-08-11 01:43:28,Southern Owens Valley,N. Haiwee Elevation,3757.0
2026-08-11 01:43:28,Southern Owens Valley,S. Haiwee Reservoir Elevation,3723.4
2026-08-11 01:43:28,Southern District,S. Haiwee Reservoir Elevation,3723.4
2026-08-11 01:43:28,Southern District,Fairmont Reservoir Elevation,3027.5
2026-08-11 01:43:28,Southern District,Bouquet Reservoir Elevation,2983.7
2026-08-11 02:43:27,Mono Basin,Lee Vining Intake Above Flow,33.4
2026-08-11 02:43:27,Mono Basin,Lee Vining Intake Below Flow,29.6
2026-08-11 02:43:27,Mono Basin,Walker Ck. Above Conduit Flow,4.0
2026-08-11 02:43:27,Mono Basin,L.V. Conduit Below Intake Flow,3.2
2026-08-11 02:43:27,Mono Basin,Walker Ck. Under Conduit Flow,4.0
2026-08-11 02:43:27,Mono Basin,Parker Ck. Under Conduit Flow,14.0
2026-08-11 02:43:27,Mono Basin,Parker Ck. Above Conduit Flow,15.0
2026-08-11 02:43:27,Mono Basin,Grant Lk. Spill Flow,0.0
2026-08-11 02:43:27,Mono Basin,Mono Gate 1 Return Ditch Flow,27.6
2026-08-11 02:43:27,Mono Basin,Grant Lk. Outflow,39.7
2026-08-11 02:43:27,Mono Basin,Rush Ck. at Damsite Flow,10.6
2026-08-11 02:43:27,Mono Basin,Flow to West Portal,14.7
2026-08-11 02:43:27,Long Valley,East Portal Flow,26.0
2026-08-11 02:43:27,Long Valley,OR Below EP Flow,69.0
2026-08-11 02:43:27,Long Valley,Hot Ck.at Hwy. Flow,6.0
2026-08-11 02:43:27,Long Valley,McGee Ck. Lower Sta. Flow,7.8
2026-08-11 02:43:27,Long Valley,Long Valley Current Outflow,579.9
2026-08-11 02:43:27,Long Valley,Rock Ck. Div. Flow,0.1
2026-08-11 02:43:27,Long Valley,Upper Gorge Total Release,41.5
2026-08-11 02:43:27,Long Valley,Release at Middle Gorge,0.0
2026-08-11 02:43:27,Northern Owens Valley,Rock Ck. At Owens River (PV) Flow,26.6
2026-08-11 02:43:27,Northern Owens Valley,Pleasant Valley Outflow,498.9
2026-08-11 02:43:27,Northern Owens Valley,Baker Ck. At LA Station Flow,6.2
2026-08-11 02:43:27,Northern Owens Valley,Big Pine Ck. USGS Flow,50.8
2026-08-11 02:43:27,Northern Owens Valley,O.R. Below Big Pine,487.0
2026-08-11 02:43:27,Northern Owens Valley,Fish Springs At RR Flow,31.2
2026-08-11 02:43:27,Northern Owens Valley,Tinemaha Reservoir Outflow,380.6
2026-08-11 02:43:27,Northern Owens Valley,Bishop Creek Through Plant 6,98.7
2026-08-11 02:43:27,Northern Owens Valley,Bishop Creek Around Plant 6,8.0
2026-08-11 02:43:27,Southern Owens Valley,Tinemaha Reservoir Outflow,380.6
2026-08-11 02:43:27,Southern Owens Valley,Indep. Ck. At Junction Flow,6.6
2026-08-11 02:43:27,Southern Owens Valley,LAA at Alabama Flow,312.0
2026-08-11 02:43:27,Southern Owens Valley,Cottonwood Ck. At LAA Flow,0.0
2026-08-11 02:43:27,Southern Owens Valley,LAA at Cottonwood Flow,397.0
2026-08-11 02:43:27,Southern Owens Valley,Haiwee LAA #1 Current Flow,0.0
2026-08-11 02:43:27,Southern Owens Valley,Haiwee LAA #2 Current Flow,194.9
2026-08-11 02:43:27,Southern Owens Valley,Reinhackel Flow,2.9
2026-08-11 02:43:27,Southern Owens Valley,Lubkin Spillgate Outflow,0.0
2026-08-11 02:43:27,Southern Owens Valley,Cartago Spillgate Outflow,0.0
2026-08-11 02:43:27,Southern Owens Valley,Lone Pine Creek Flow,12.8
2026-08-11 02:43:27,Lower Owens River Project,LORP Intake Flow,81.0
2026-08-11 02:43:27,Lower Owens River Project,LORP at Mazourka Canyon Road,0.0
2026-08-11 02:43:27,Lower Owens River Project,LORP at Reinhackle Springs,73.0
2026-08-11 02:43:27,Lower Owens River Project,LORP Above Pumpstation,51.0
2026-08-11 02:43:27,Lower Owens River Project,LORP At Pump Station Discharge Flow,48.0
2026-08-11 02:43:27,Southern District,Haiwee LAA #2 Current Flow,194.9
2026-08-11 02:43:27,Southern District,Haiwee LAA #1 Current Flow,0.0
2026-08-11 02:43:27,Southern District,LAA #1 Flow at Fairmont Reservoir,363.1
2026-08-11 02:43:27,Southern District,LAA #2 Flow at Fairmont Res.,204.4
2026-08-11 02:43:27,Southern District,Bouquet Reservoir Inflow,80.5
2026-08-11 02:43:27,Southern District,Bouquet Reservoir Outflow,0.5
2026-08-11 02:43:27,Southern District,LAA #1 at Soledad Flow,282.4
2026-08-11 02:43:27,Southern District,LAA #2 at Soledad Flow,190.6
2026-08-11 02:43:28,Mono Basin,Mono Lk. Elevation,6382.4
2026-08-11 02:43:28,Mono Basin,Grant Lk. Elevation,7129.8
2026-08-11 02:43:28,Long Valley,Long Valley Elevation,6773.3
2026-08-11 02:43:28,Northern Owens Valley,Pleasant Valley Elevation,4385.0
2026-08-11 02:43:28,Southern Owens Valley,LAA at Alabama Level,6.9
2026-08-11 02:43:28,Southern Owens Valley,LAA at Alabama Water Temp,75.9
2026-08-11 02:43:28,Southern Owens Valley,LAA at Cottonwood Level,8.3
2026-08-11 02:43:28,Southern Owens Valley,LAA at Cotton. Water Temp,76.1
2026-08-11 02:43:28,Southern Owens Valley,N. Haiwee Elevation,3757.0
2026-08-11 02:43:28,Southern Owens Valley,S. Haiwee Reservoir Elevation,3723.4
2026-08-11 02:43:28,Southern District,S. Haiwee Reservoir Elevation,3723.4
2026-08-11 02:43:28,Southern District,Fairmont Reservoir Elevation,3027.5
2026-08-11 02:43:28,Southern District,Bouquet Reservoir Elevation,2983.7
2026-08-11 03:28:26,Northern Owens Valley,Tinemaha Elevation,3861.6
2026-08-11 03:28:26,Southern Owens Valley,Tinemaha Elevation,3861.6
2026-08-11 03:43:27,Mono Basin,Lee Vining Intake Above Flow,33.7
2026-08-11 03:43:27,Mono Basin,Lee Vining Intake Below Flow,29.5
2026-08-11 03:43:27,Mono Basin,Walker Ck. Above Conduit Flow,4.0
2026-08-11 03:43:27,Mono Basin,L.V. Conduit Below Intake Flow,2.5
2026-08-11 03:43:27,Mono Basin,Walker Ck. Under Conduit Flow,4.0
2026-08-11 03:43:27,Mono Basin,Parker Ck. Under Conduit Flow,14.0
2026-08-11 03:43:27,Mono Basin,Parker Ck. Above Conduit Flow,15.0
2026-08-11 03:43:27,Mono Basin,Grant Lk. Spill Flow,0.0
2026-08-11 03:43:27,Mono Basin,Mono Gate 1 Return Ditch Flow,27.9
2026-08-11 03:43:27,Mono Basin,Grant Lk. Outflow,39.9
2026-08-11 03:43:27,Mono Basin,Rush Ck. at Damsite Flow,10.6
2026-08-11 03:43:27,Mono Basin,Flow to West Portal,14.7
2026-08-11 03:43:27,Long Valley,East Portal Flow,26.0
2026-08-11 03:43:27,Long Valley,OR Below EP Flow,69.0
2026-08-11 03:43:27,Long Valley,Hot Ck.at Hwy. Flow,6.0
2026-08-11 03:43:27,Long Valley,McGee Ck. Lower Sta. Flow,7.8
2026-08-11 03:43:27,Long Valley,Long Valley Current Outflow,585.6
2026-08-11 03:43:27,Long Valley,Rock Ck. Div. Flow,0.0
2026-08-11 03:43:27,Long Valley,Upper Gorge Total Release,41.4
2026-08-11 03:43:27,Long Valley,Release at Middle Gorge,0.0
2026-08-11 03:43:27,Northern Owens Valley,Rock Ck. At Owens River (PV) Flow,26.8
2026-08-11 03:43:27,Northern Owens Valley,Pleasant Valley Outflow,498.9
2026-08-11 03:43:27,Northern Owens Valley,Baker Ck. At LA Station Flow,6.5
2026-08-11 03:43:27,Northern Owens Valley,Big Pine Ck. USGS Flow,50.8
2026-08-11 03:43:27,Northern Owens Valley,O.R. Below Big Pine,486.5
2026-08-11 03:43:27,Northern Owens Valley,Fish Springs At RR Flow,31.2
2026-08-11 03:43:27,Northern Owens Valley,Tinemaha Reservoir Outflow,381.3
2026-08-11 03:43:27,Northern Owens Valley,Bishop Creek Through Plant 6,99.1
2026-08-11 03:43:27,Northern Owens Valley,Bishop Creek Around Plant 6,8.0
2026-08-11 03:43:27,Southern Owens Valley,Tinemaha Reservoir Outflow,381.3
2026-08-11 03:43:27,Southern Owens Valley,Indep. Ck. At Junction Flow,6.6
2026-08-11 03:43:27,Southern Owens Valley,LAA at Alabama Flow,313.0
2026-08-11 03:43:27,Southern Owens Valley,Cottonwood Ck. At LAA Flow,0.0
2026-08-11 03:43:27,Southern Owens Valley,LAA at Cottonwood Flow,397.0
2026-08-11 03:43:27,Southern Owens Valley,Haiwee LAA #1 Current Flow,0.0
2026-08-11 03:43:27,Southern Owens Valley,Haiwee LAA #2 Current Flow,194.9
2026-08-11 03:43:27,Southern Owens Valley,Reinhackel Flow,2.9
2026-08-11 03:43:27,Southern Owens Valley,Lubkin Spillgate Outflow,0.0
2026-08-11 03:43:27,Southern Owens Valley,Cartago Spillgate Outflow,16.1
2026-08-11 03:43:27,Southern Owens Valley,Lone Pine Creek Flow,13.0
2026-08-11 03:43:27,Lower Owens River Project,LORP Intake Flow,81.0
2026-08-11 03:43:27,Lower Owens River Project,LORP at Mazourka Canyon Road,0.0
2026-08-11 03:43:27,Lower Owens River Project,LORP at Reinhackle Springs,65.0
2026-08-11 03:43:27,Lower Owens River Project,LORP Above Pumpstation,51.0
2026-08-11 03:43:27,Lower Owens River Project,LORP At Pump Station Discharge Flow,48.0
2026-08-11 03:43:27,Southern District,Haiwee LAA #2 Current Flow,194.9
2026-08-11 03:43:27,Southern District,Haiwee LAA #1 Current Flow,0.0
2026-08-11 03:43:27,Southern District,LAA #1 Flow at Fairmont Reservoir,366.4
2026-08-11 03:43:27,Southern District,LAA #2 Flow at Fairmont Res.,204.4
2026-08-11 03:43:27,Southern District,Bouquet Reservoir Inflow,84.9
2026-08-11 03:43:27,Southern District,Bouquet Reservoir Outflow,0.5
2026-08-11 03:43:27,Southern District,LAA #1 at Soledad Flow,276.2
2026-08-11 03:43:27,Southern District,LAA #2 at Soledad Flow,187.4
2026-08-11 03:43:28,Mono Basin,Mono Lk. Elevation,6382.4
2026-08-11 03:43:28,Mono Basin,Grant Lk. Elevation,7129.8
2026-08-11 03:43:28,Long Valley,Long Valley Elevation,6773.3
2026-08-11 03:43:28,Northern Owens Valley,Pleasant Valley Elevation,4385.1
2026-08-11 03:43:28,Southern Owens Valley,LAA at Alabama Level,6.9
2026-08-11 03:43:28,Southern Owens Valley,LAA at Alabama Water Temp,75.8
2026-08-11 03:43:28,Southern Owens Valley,LAA at Cottonwood Level,8.3
2026-08-11 03:43:28,Southern Owens Valley,LAA at Cotton. Water Temp,76.0
2026-08-11 03:43:28,Southern Owens Valley,N. Haiwee Elevation,3757.0
2026-08-11 03:43:28,Southern Owens Valley,S. Haiwee Reservoir Elevation,3723.3
2026-08-11 03:43:28,Southern District,S. Haiwee Reservoir Elevation,3723.3
2026-08-11 03:43:28,Southern District,Fairmont Reservoir Elevation,3027.5
2026-08-11 03:43:28,Southern District,Bouquet Reservoir Elevation,2983.8
2026-08-11 03:58:26,Northern Owens Valley,Tinemaha Elevation,3861.6
2026-08-11 03:58:26,Southern Owens Valley,Tinemaha Elevation,3861.6
2026-08-11 04:28:27,Northern Owens Valley,Tinemaha Elevation,3861.6
2026-08-11 04:28:27,Southern Owens Valley,Tinemaha Elevation,3861.6
2026-08-11 04:43:27,Mono Basin,Lee Vining Intake Above Flow,32.8
2026-08-11 04:43:27,Mono Basin,Lee Vining Intake Below Flow,29.5
2026-08-11 04:43:27,Mono Basin,Walker Ck. Above Conduit Flow,4.0
2026-08-11 04:43:27,Mono Basin,L.V. Conduit Below Intake Flow,2.4
2026-08-11 04:43:27,Mono Basin,Walker Ck. Under Conduit Flow,4.0
2026-08-11 04:43:27,Mono Basin,Parker Ck. Under Conduit Flow,14.0
2026-08-11 04:43:27,Mono Basin,Parker Ck. Above Conduit Flow,15.0
2026-08-11 04:43:27,Mono Basin,Grant Lk. Spill Flow,0.0
2026-08-11 04:43:27,Mono Basin,Mono Gate 1 Return Ditch Flow,27.7
2026-08-11 04:43:27,Mono Basin,Grant Lk. Outflow,39.8
2026-08-11 04:43:27,Mono Basin,Rush Ck. at Damsite Flow,10.6
2026-08-11 04:43:27,Mono Basin,Flow to West Portal,14.7
2026-08-11 04:43:27,Long Valley,East Portal Flow,26.0
2026-08-11 04:43:27,Long Valley,OR Below EP Flow,69.0
2026-08-11 04:43:27,Long Valley,Hot Ck.at Hwy. Flow,6.0
2026-08-11 04:43:27,Long Valley,McGee Ck. Lower Sta. Flow,7.8
2026-08-11 04:43:27,Long Valley,Long Valley Current Outflow,577.1
2026-08-11 04:43:27,Long Valley,Rock Ck. Div. Flow,0.0
2026-08-11 04:43:27,Long Valley,Upper Gorge Total Release,41.4
2026-08-11 04:43:27,Long Valley,Release at Middle Gorge,0.0
2026-08-11 04:43:27,Northern Owens Valley,Rock Ck. At Owens River (PV) Flow,27.0
2026-08-11 04:43:27,Northern Owens Valley,Pleasant Valley Outflow,499.6
2026-08-11 04:43:27,Northern Owens Valley,Baker Ck. At LA Station Flow,6.5
2026-08-11 04:43:27,Northern Owens Valley,Big Pine Ck. USGS Flow,50.8
2026-08-11 04:43:27,Northern Owens Valley,O.R. Below Big Pine,489.3
2026-08-11 04:43:27,Northern Owens Valley,Fish Springs At RR Flow,31.2
2026-08-11 04:43:27,Northern Owens Valley,Tinemaha Reservoir Outflow,381.4
2026-08-11 04:43:27,Northern Owens Valley,Bishop Creek Through Plant 6,100.2
2026-08-11 04:43:27,Northern Owens Valley,Bishop Creek Around Plant 6,8.1
2026-08-11 04:43:27,Southern Owens Valley,Tinemaha Reservoir Outflow,381.4
2026-08-11 04:43:27,Southern Owens Valley,Indep. Ck. At Junction Flow,6.6
2026-08-11 04:43:27,Southern Owens Valley,LAA at Alabama Flow,313.0
2026-08-11 04:43:27,Southern Owens Valley,Cottonwood Ck. At LAA Flow,0.0
2026-08-11 04:43:27,Southern Owens Valley,LAA at Cottonwood Flow,397.0
2026-08-11 04:43:27,Southern Owens Valley,Haiwee LAA #1 Current Flow,0.0
2026-08-11 04:43:27,Southern Owens Valley,Haiwee LAA #2 Current Flow,194.9
2026-08-11 04:43:27,Southern Owens Valley,Reinhackel Flow,2.9
2026-08-11 04:43:27,Southern Owens Valley,Lubkin Spillgate Outflow,0.0
2026-08-11 04:43:27,Southern Owens Valley,Cartago Spillgate Outflow,15.9
2026-08-11 04:43:27,Southern Owens Valley,Lone Pine Creek Flow,12.8
2026-08-11 04:43:27,Lower Owens River Project,LORP Intake Flow,81.0
2026-08-11 04:43:27,Lower Owens River Project,LORP at Mazourka Canyon Road,0.0
2026-08-11 04:43:27,Lower Owens River Project,LORP at Reinhackle Springs,70.0
2026-08-11 04:43:27,Lower Owens River Project,LORP Above Pumpstation,50.0
2026-08-11 04:43:27,Lower Owens River Project,LORP At Pump Station Discharge Flow,48.0
2026-08-11 04:43:27,Southern District,Haiwee LAA #2 Current Flow,194.9
2026-08-11 04:43:27,Southern District,Haiwee LAA #1 Current Flow,0.0
2026-08-11 04:43:27,Southern District,LAA #1 Flow at Fairmont Reservoir,364.7
2026-08-11 04:43:27,Southern District,LAA #2 Flow at Fairmont Res.,204.3
2026-08-11 04:43:27,Southern District,Bouquet Reservoir Inflow,85.0
2026-08-11 04:43:27,Southern District,Bouquet Reservoir Outflow,0.5
2026-08-11 04:43:27,Southern District,LAA #1 at Soledad Flow,276.2
2026-08-11 04:43:27,Southern District,LAA #2 at Soledad Flow,187.4
2026-08-11 04:43:28,Mono Basin,Mono Lk. Elevation,6382.4
2026-08-11 04:43:28,Mono Basin,Grant Lk. Elevation,7129.8
2026-08-11 04:43:28,Long Valley,Long Valley Elevation,6773.3
2026-08-11 04:43:28,Northern Owens Valley,Pleasant Valley Elevation,4385.2
2026-08-11 04:43:28,Southern Owens Valley,LAA at Alabama Level,6.9
2026-08-11 04:43:28,Southern Owens Valley,LAA at Alabama Water Temp,75.5
2026-08-11 04:43:28,Southern Owens Valley,LAA at Cottonwood Level,8.3
2026-08-11 04:43:28,Southern Owens Valley,LAA at Cotton. Water Temp,76.1
2026-08-11 04:43:28,Southern Owens Valley,N. Haiwee Elevation,3757.0
2026-08-11 04:43:28,Southern Owens Valley,S. Haiwee Reservoir Elevation,3723.3
2026-08-11 04:43:28,Southern District,S. Haiwee Reservoir Elevation,3723.3
2026-08-11 04:43:28,Southern District,Fairmont Reservoir Elevation,3027.5
2026-08-11 04:43:28,Southern District,Bouquet Reservoir Elevation,2983.8
2026-08-11 04:58:27,Northern Owens Valley,Tinemaha Elevation,3861.6
2026-08-11 04:58:27,Southern Owens Valley,Tinemaha Elevation,3861.6
2026-08-11 05:28:26,Northern Owens Valley,Tinemaha Elevation,3861.6
2026-08-11 05:28:26,Southern Owens Valley,Tinemaha Elevation,3861.6
2026-08-11 05:43:28,Mono Basin,Lee Vining Intake Above Flow,33.4
2026-08-11 05:43:28,Mono Basin,Lee Vining Intake Below Flow,29.5
2026-08-11 05:43:28,Mono Basin,Mono Lk. Elevation,6382.4
2026-08-11 05:43:28,Mono Basin,Walker Ck. Above Conduit Flow,4.0
2026-08-11 05:43:28,Mono Basin,L.V. Conduit Below Intake Flow,2.4
2026-08-11 05:43:28,Mono Basin,Walker Ck. Under Conduit Flow,4.0
2026-08-11 05:43:28,Mono Basin,Parker Ck. Under Conduit Flow,14.0
2026-08-11 05:43:28,Mono Basin,Parker Ck. Above Conduit Flow,15.0
2026-08-11 05:43:28,Mono Basin,Grant Lk. Spill Flow,0.0
2026-08-11 05:43:28,Mono Basin,Mono Gate 1 Return Ditch Flow,27.9
2026-08-11 05:43:28,Mono Basin,Grant Lk. Elevation,7129.8
2026-08-11 05:43:28,Mono Basin,Grant Lk. Outflow,39.7
2026-08-11 05:43:28,Mono Basin,Rush Ck. at Damsite Flow,10.6
2026-08-11 05:43:28,Mono Basin,Flow to West Portal,14.7
2026-08-11 05:43:28,Long Valley,East Portal Flow,26.0
2026-08-11 05:43:28,Long Valley,OR Below EP Flow,69.0
2026-08-11 05:43:28,Long Valley,Hot Ck.at Hwy. Flow,6.0
2026-08-11 05:43:28,Long Valley,McGee Ck. Lower Sta. Flow,7.8
2026-08-11 05:43:28,Long Valley,Long Valley Elevation,6773.2
2026-08-11 05:43:28,Long Valley,Long Valley Current Outflow,577.3
2026-08-11 05:43:28,Long Valley,Rock Ck. Div. Flow,0.0
2026-08-11 05:43:28,Long Valley,Upper Gorge Total Release,41.1
2026-08-11 05:43:28,Long Valley,Release at Middle Gorge,0.0
2026-08-11 05:43:28,Northern Owens Valley,Rock Ck. At Owens River (PV) Flow,27.1
2026-08-11 05:43:28,Northern Owens Valley,Pleasant Valley Elevation,4385.3
2026-08-11 05:43:28,Northern Owens Valley,Pleasant Valley Outflow,500.2
2026-08-11 05:43:28,Northern Owens Valley,Baker Ck. At LA Station Flow,6.5
2026-08-11 05:43:28,Northern Owens Valley,Big Pine Ck. USGS Flow,50.8
2026-08-11 05:43:28,Northern Owens Valley,O.R. Below Big Pine,489.2
2026-08-11 05:43:28,Northern Owens Valley,Fish Springs At RR Flow,31.2
2026-08-11 05:43:28,Northern Owens Valley,Tinemaha Reservoir Outflow,381.4
2026-08-11 05:43:28,Northern Owens Valley,Bishop Creek Through Plant 6,102.9
2026-08-11 05:43:28,Northern Owens Valley,Bishop Creek Around Plant 6,8.1
2026-08-11 05:43:28,Southern Owens Valley,Tinemaha Reservoir Outflow,381.4
2026-08-11 05:43:28,Southern Owens Valley,Indep. Ck. At Junction Flow,6.6
2026-08-11 05:43:28,Southern Owens Valley,LAA at Alabama Flow,314.0
2026-08-11 05:43:28,Southern Owens Valley,LAA at Alabama Level,6.9
2026-08-11 05:43:28,Southern Owens Valley,LAA at Alabama Water Temp,74.9
2026-08-11 05:43:28,Southern Owens Valley,Cottonwood Ck. At LAA Flow,0.0
2026-08-11 05:43:28,Southern Owens Valley,LAA at Cottonwood Flow,396.0
2026-08-11 05:43:28,Southern Owens Valley,LAA at Cottonwood Level,8.3
2026-08-11 05:43:28,Southern Owens Valley,LAA at Cotton. Water Temp,75.9
2026-08-11 05:43:28,Southern Owens Valley,N. Haiwee Elevation,3757.0
2026-08-11 05:43:28,Southern Owens Valley,S. Haiwee Reservoir Elevation,3723.3
2026-08-11 05:43:28,Southern Owens Valley,Haiwee LAA #1 Current Flow,0.0
2026-08-11 05:43:28,Southern Owens Valley,Haiwee LAA #2 Current Flow,194.9
2026-08-11 05:43:28,Southern Owens Valley,Reinhackel Flow,2.9
2026-08-11 05:43:28,Southern Owens Valley,Lubkin Spillgate Outflow,0.0
2026-08-11 05:43:28,Southern Owens Valley,Cartago Spillgate Outflow,15.9
2026-08-11 05:43:28,Southern Owens Valley,Lone Pine Creek Flow,12.9
2026-08-11 05:43:28,Lower Owens River Project,LORP Intake Flow,80.0
2026-08-11 05:43:28,Lower Owens River Project,LORP at Mazourka Canyon Road,0.0
2026-08-11 05:43:28,Lower Owens River Project,LORP at Reinhackle Springs,73.0
2026-08-11 05:43:28,Lower Owens River Project,LORP Above Pumpstation,50.0
2026-08-11 05:43:28,Lower Owens River Project,LORP At Pump Station Discharge Flow,47.0
2026-08-11 05:43:28,Southern District,Haiwee LAA #2 Current Flow,194.9
2026-08-11 05:43:28,Southern District,S. Haiwee Reservoir Elevation,3723.3
2026-08-11 05:43:28,Southern District,Haiwee LAA #1 Current Flow,0.0
2026-08-11 05:43:28,Southern District,Fairmont Reservoir Elevation,3027.6
2026-08-11 05:43:28,Southern District,LAA #1 Flow at Fairmont Reservoir,370.9
2026-08-11 05:43:28,Southern District,LAA #2 Flow at Fairmont Res.,204.2
2026-08-11 05:43:28,Southern District,Bouquet Reservoir Elevation,2983.8
2026-08-11 05:43:28,Southern District,Bouquet Reservoir Inflow,84.9
2026-08-11 05:43:28,Southern District,Bouquet Reservoir Outflow,0.5
2026-08-11 05:43:28,Southern District,LAA #1 at Soledad Flow,276.2
2026-08-11 05:43:28,Southern District,LAA #2 at Soledad Flow,187.4
2026-08-11 05:58:27,Northern Owens Valley,Tinemaha Elevation,3861.6
2026-08-11 05:58:27,Southern Owens Valley,Tinemaha Elevation,3861.6
2026-08-11 06:28:27,Northern Owens Valley,Tinemaha Elevation,3861.7
2026-08-11 06:28:27,Southern Owens Valley,Tinemaha Elevation,3861.7
2026-08-11 06:43:27,Mono Basin,Lee Vining Intake Above Flow,33.3
2026-08-11 06:43:27,Mono Basin,Lee Vining Intake Below Flow,29.5
2026-08-11 06:43:27,Mono Basin,Walker Ck. Above Conduit Flow,4.0
2026-08-11 06:43:27,Mono Basin,L.V. Conduit Below Intake Flow,2.4
2026-08-11 06:43:27,Mono Basin,Walker Ck. Under Conduit Flow,4.0
2026-08-11 06:43:27,Mono Basin,Parker Ck. Under Conduit Flow,14.0
2026-08-11 06:43:27,Mono Basin,Parker Ck. Above Conduit Flow,15.0
2026-08-11 06:43:27,Mono Basin,Grant Lk. Spill Flow,0.0
2026-08-11 06:43:27,Mono Basin,Mono Gate 1 Return Ditch Flow,27.7
2026-08-11 06:43:27,Mono Basin,Grant Lk. Outflow,40.1
2026-08-11 06:43:27,Mono Basin,Rush Ck. at Damsite Flow,10.3
2026-08-11 06:43:27,Mono Basin,Flow to West Portal,14.5
2026-08-11 06:43:27,Long Valley,East Portal Flow,26.0
2026-08-11 06:43:27,Long Valley,OR Below EP Flow,69.0
2026-08-11 06:43:27,Long Valley,Hot Ck.at Hwy. Flow,6.0
2026-08-11 06:43:27,Long Valley,McGee Ck. Lower Sta. Flow,8.0
2026-08-11 06:43:27,Long Valley,Long Valley Current Outflow,581.1
2026-08-11 06:43:27,Long Valley,Rock Ck. Div. Flow,0.0
2026-08-11 06:43:27,Long Valley,Upper Gorge Total Release,40.9
2026-08-11 06:43:27,Long Valley,Release at Middle Gorge,5.4
2026-08-11 06:43:27,Northern Owens Valley,Rock Ck. At Owens River (PV) Flow,27.1
2026-08-11 06:43:27,Northern Owens Valley,Pleasant Valley Outflow,500.3
2026-08-11 06:43:27,Northern Owens Valley,Baker Ck. At LA Station Flow,6.7
2026-08-11 06:43:27,Northern Owens Valley,Big Pine Ck. USGS Flow,52.5
2026-08-11 06:43:27,Northern Owens Valley,O.R. Below Big Pine,491.7
2026-08-11 06:43:27,Northern Owens Valley,Fish Springs At RR Flow,32.3
2026-08-11 06:43:27,Northern Owens Valley,Tinemaha Reservoir Outflow,396.9
2026-08-11 06:43:27,Northern Owens Valley,Bishop Creek Through Plant 6,101.0
2026-08-11 06:43:27,Northern Owens Valley,Bishop Creek Around Plant 6,8.1
2026-08-11 06:43:27,Southern Owens Valley,Tinemaha Reservoir Outflow,396.9
2026-08-11 06:43:27,Southern Owens Valley,Indep. Ck. At Junction Flow,7.4
2026-08-11 06:43:27,Southern Owens Valley,LAA at Alabama Flow,313.0
2026-08-11 06:43:27,Southern Owens Valley,Cottonwood Ck. At LAA Flow,0.0
2026-08-11 06:43:27,Southern Owens Valley,LAA at Cottonwood Flow,394.0
2026-08-11 06:43:27,Southern Owens Valley,Haiwee LAA #1 Current Flow,0.0
2026-08-11 06:43:27,Southern Owens Valley,Haiwee LAA #2 Current Flow,195.0
2026-08-11 06:43:27,Southern Owens Valley,Reinhackel Flow,3.0
2026-08-11 06:43:27,Southern Owens Valley,Lubkin Spillgate Outflow,0.0
2026-08-11 06:43:27,Southern Owens Valley,Cartago Spillgate Outflow,15.1
2026-08-11 06:43:27,Southern Owens Valley,Lone Pine Creek Flow,13.0
2026-08-11 06:43:27,Lower Owens River Project,LORP Intake Flow,80.0
2026-08-11 06:43:27,Lower Owens River Project,LORP at Mazourka Canyon Road,0.0
2026-08-11 06:43:27,Lower Owens River Project,LORP at Reinhackle Springs,66.0
2026-08-11 06:43:27,Lower Owens River Project,LORP Above Pumpstation,51.0
2026-08-11 06:43:27,Lower Owens River Project,LORP At Pump Station Discharge Flow,48.0
2026-08-11 06:43:27,Southern District,Haiwee LAA #2 Current Flow,195.0
2026-08-11 06:43:27,Southern District,Haiwee LAA #1 Current Flow,0.0
2026-08-11 06:43:27,Southern District,LAA #1 Flow at Fairmont Reservoir,354.2
2026-08-11 06:43:27,Southern District,LAA #2 Flow at Fairmont Res.,203.1
2026-08-11 06:43:27,Southern District,Bouquet Reservoir Inflow,85.2
2026-08-11 06:43:27,Southern District,Bouquet Reservoir Outflow,0.6
2026-08-11 06:43:27,Southern District,LAA #1 at Soledad Flow,281.1
2026-08-11 06:43:27,Southern District,LAA #2 at Soledad Flow,187.0
2026-08-11 06:43:28,Mono Basin,Mono Lk. Elevation,6382.4
2026-08-11 06:43:28,Mono Basin,Grant Lk. Elevation,7129.8
2026-08-11 06:43:28,Long Valley,Long Valley Elevation,6773.2
2026-08-11 06:43:28,Northern Owens Valley,Pleasant Valley Elevation,4385.4
2026-08-11 06:43:28,Southern Owens Valley,LAA at Alabama Level,6.9
2026-08-11 06:43:28,Southern Owens Valley,LAA at Alabama Water Temp,74.6
2026-08-11 06:43:28,Southern Owens Valley,LAA at Cottonwood Level,8.3
2026-08-11 06:43:28,Southern Owens Valley,LAA at Cotton. Water Temp,75.8
2026-08-11 06:43:28,Southern Owens Valley,N. Haiwee Elevation,3757.0
2026-08-11 06:43:28,Southern Owens Valley,S. Haiwee Reservoir Elevation,3723.3
2026-08-11 06:43:28,Southern District,S. Haiwee Reservoir Elevation,3723.3
2026-08-11 06:43:28,Southern District,Fairmont Reservoir Elevation,3027.6
2026-08-11 06:43:28,Southern District,Bouquet Reservoir Elevation,2983.8
2026-08-11 06:58:26,Northern Owens Valley,Tinemaha Elevation,3861.7
2026-08-11 06:58:26,Southern Owens Valley,Tinemaha Elevation,3861.7
2026-08-11 07:28:27,Northern Owens Valley,Tinemaha Elevation,3861.7
2026-08-11 07:28:27,Southern Owens Valley,Tinemaha Elevation,3861.7
2026-08-11 07:43:27,Mono Basin,Lee Vining Intake Above Flow,33.6
2026-08-11 07:43:27,Mono Basin,Lee Vining Intake Below Flow,29.5
2026-08-11 07:43:27,Mono Basin,Walker Ck. Above Conduit Flow,4.0
2026-08-11 07:43:27,Mono Basin,L.V. Conduit Below Intake Flow,2.3
2026-08-11 07:43:27,Mono Basin,Walker Ck. Under Conduit Flow,4.0
2026-08-11 07:43:27,Mono Basin,Parker Ck. Under Conduit Flow,14.0
2026-08-11 07:43:27,Mono Basin,Parker Ck. Above Conduit Flow,15.0
2026-08-11 07:43:27,Mono Basin,Grant Lk. Spill Flow,0.0
2026-08-11 07:43:27,Mono Basin,Mono Gate 1 Return Ditch Flow,27.7
2026-08-11 07:43:27,Mono Basin,Grant Lk. Outflow,39.8
2026-08-11 07:43:27,Mono Basin,Rush Ck. at Damsite Flow,10.3
2026-08-11 07:43:27,Mono Basin,Flow to West Portal,14.5
2026-08-11 07:43:27,Long Valley,East Portal Flow,26.0
2026-08-11 07:43:27,Long Valley,OR Below EP Flow,69.0
2026-08-11 07:43:27,Long Valley,Hot Ck.at Hwy. Flow,6.0
2026-08-11 07:43:27,Long Valley,McGee Ck. Lower Sta. Flow,8.0
2026-08-11 07:43:27,Long Valley,Long Valley Current Outflow,577.6
2026-08-11 07:43:27,Long Valley,Rock Ck. Div. Flow,0.0
2026-08-11 07:43:27,Long Valley,Upper Gorge Total Release,40.7
2026-08-11 07:43:27,Long Valley,Release at Middle Gorge,0.0
2026-08-11 07:43:27,Northern Owens Valley,Rock Ck. At Owens River (PV) Flow,27.5
2026-08-11 07:43:27,Northern Owens Valley,Pleasant Valley Outflow,501.0
2026-08-11 07:43:27,Northern Owens Valley,Baker Ck. At LA Station Flow,6.7
2026-08-11 07:43:27,Northern Owens Valley,Big Pine Ck. USGS Flow,52.5
2026-08-11 07:43:27,Northern Owens Valley,O.R. Below Big Pine,493.4
2026-08-11 07:43:27,Northern Owens Valley,Fish Springs At RR Flow,32.3
2026-08-11 07:43:27,Northern Owens Valley,Tinemaha Reservoir Outflow,426.0
2026-08-11 07:43:27,Northern Owens Valley,Bishop Creek Through Plant 6,102.8
2026-08-11 07:43:27,Northern Owens Valley,Bishop Creek Around Plant 6,8.1
2026-08-11 07:43:27,Southern Owens Valley,Tinemaha Reservoir Outflow,426.0
2026-08-11 07:43:27,Southern Owens Valley,Indep. Ck. At Junction Flow,7.4
2026-08-11 07:43:27,Southern Owens Valley,LAA at Alabama Flow,314.0
2026-08-11 07:43:27,Southern Owens Valley,Cottonwood Ck. At LAA Flow,0.0
2026-08-11 07:43:27,Southern Owens Valley,LAA at Cottonwood Flow,393.0
2026-08-11 07:43:27,Southern Owens Valley,Haiwee LAA #1 Current Flow,0.0
2026-08-11 07:43:27,Southern Owens Valley,Haiwee LAA #2 Current Flow,195.0
2026-08-11 07:43:27,Southern Owens Valley,Reinhackel Flow,3.0
2026-08-11 07:43:27,Southern Owens Valley,Lubkin Spillgate Outflow,0.0
2026-08-11 07:43:27,Southern Owens Valley,Cartago Spillgate Outflow,11.8
2026-08-11 07:43:27,Southern Owens Valley,Lone Pine Creek Flow,13.4
2026-08-11 07:43:27,Lower Owens River Project,LORP Intake Flow,80.0
2026-08-11 07:43:27,Lower Owens River Project,LORP at Mazourka Canyon Road,0.0
2026-08-11 07:43:27,Lower Owens River Project,LORP at Reinhackle Springs,69.0
2026-08-11 07:43:27,Lower Owens River Project,LORP Above Pumpstation,51.0
2026-08-11 07:43:27,Lower Owens River Project,LORP At Pump Station Discharge Flow,48.0
2026-08-11 07:43:27,Southern District,Haiwee LAA #2 Current Flow,195.0
2026-08-11 07:43:27,Southern District,Haiwee LAA #1 Current Flow,0.0
2026-08-11 07:43:27,Southern District,LAA #1 Flow at Fairmont Reservoir,338.1
2026-08-11 07:43:27,Southern District,LAA #2 Flow at Fairmont Res.,204.4
2026-08-11 07:43:27,Southern District,Bouquet Reservoir Inflow,81.6
2026-08-11 07:43:27,Southern District,Bouquet Reservoir Outflow,0.7
2026-08-11 07:43:27,Southern District,LAA #1 at Soledad Flow,279.3
2026-08-11 07:43:27,Southern District,LAA #2 at Soledad Flow,186.9
2026-08-11 07:43:28,Mono Basin,Mono Lk. Elevation,6382.4
2026-08-11 07:43:28,Mono Basin,Grant Lk. Elevation,7129.8
2026-08-11 07:43:28,Long Valley,Long Valley Elevation,6773.2
2026-08-11 07:43:28,Northern Owens Valley,Pleasant Valley Elevation,4385.5
2026-08-11 07:43:28,Southern Owens Valley,LAA at Alabama Level,6.9
2026-08-11 07:43:28,Southern Owens Valley,LAA at Alabama Water Temp,74.3
2026-08-11 07:43:28,Southern Owens Valley,LAA at Cottonwood Level,8.2
2026-08-11 07:43:28,Southern Owens Valley,LAA at Cotton. Water Temp,75.7
2026-08-11 07:43:28,Southern Owens Valley,N. Haiwee Elevation,3757.0
2026-08-11 07:43:28,Southern Owens Valley,S. Haiwee Reservoir Elevation,3723.2
2026-08-11 07:43:28,Southern District,S. Haiwee Reservoir Elevation,3723.2
2026-08-11 07:43:28,Southern District,Fairmont Reservoir Elevation,3027.6
2026-08-11 07:43:28,Southern District,Bouquet Reservoir Elevation,2983.8
2026-08-11 07:58:26,Northern Owens Valley,Tinemaha Elevation,3861.7
2026-08-11 07:58:26,Southern Owens Valley,Tinemaha Elevation,3861.7
2026-08-11 08:28:27,Northern Owens Valley,Tinemaha Elevation,3861.7
2026-08-11 08:28:27,Southern Owens Valley,Tinemaha Elevation,3861.7
2026-08-11 08:43:27,Mono Basin,Lee Vining Intake Above Flow,33.8
2026-08-11 08:43:27,Mono Basin,Lee Vining Intake Below Flow,29.6
2026-08-11 08:43:27,Mono Basin,Walker Ck. Above Conduit Flow,4.0
2026-08-11 08:43:27,Mono Basin,L.V. Conduit Below Intake Flow,2.4
2026-08-11 08:43:27,Mono Basin,Walker Ck. Under Conduit Flow,4.0
2026-08-11 08:43:27,Mono Basin,Parker Ck. Under Conduit Flow,14.0
2026-08-11 08:43:27,Mono Basin,Parker Ck. Above Conduit Flow,15.0
2026-08-11 08:43:27,Mono Basin,Grant Lk. Spill Flow,0.0
2026-08-11 08:43:27,Mono Basin,Mono Gate 1 Return Ditch Flow,27.8
2026-08-11 08:43:27,Mono Basin,Grant Lk. Outflow,39.9
2026-08-11 08:43:27,Mono Basin,Rush Ck. at Damsite Flow,10.3
2026-08-11 08:43:27,Mono Basin,Flow to West Portal,14.5
2026-08-11 08:43:27,Long Valley,East Portal Flow,26.0
2026-08-11 08:43:27,Long Valley,OR Below EP Flow,69.0
2026-08-11 08:43:27,Long Valley,Hot Ck.at Hwy. Flow,7.0
2026-08-11 08:43:27,Long Valley,McGee Ck. Lower Sta. Flow,8.0
2026-08-11 08:43:27,Long Valley,Long Valley Current Outflow,581.4
2026-08-11 08:43:27,Long Valley,Rock Ck. Div. Flow,0.0
2026-08-11 08:43:27,Long Valley,Upper Gorge Total Release,40.3
2026-08-11 08:43:27,Long Valley,Release at Middle Gorge,0.0
2026-08-11 08:43:27,Northern Owens Valley,Rock Ck. At Owens River (PV) Flow,27.5
2026-08-11 08:43:27,Northern Owens Valley,Pleasant Valley Outflow,501.4
2026-08-11 08:43:27,Northern Owens Valley,Baker Ck. At LA Station Flow,6.7
2026-08-11 08:43:27,Northern Owens Valley,Big Pine Ck. USGS Flow,52.3
2026-08-11 08:43:27,Northern Owens Valley,O.R. Below Big Pine,495.2
2026-08-11 08:43:27,Northern Owens Valley,Fish Springs At RR Flow,32.3
2026-08-11 08:43:27,Northern Owens Valley,Tinemaha Reservoir Outflow,423.6
2026-08-11 08:43:27,Northern Owens Valley,Bishop Creek Through Plant 6,99.5
2026-08-11 08:43:27,Northern Owens Valley,Bishop Creek Around Plant 6,7.7
2026-08-11 08:43:27,Southern Owens Valley,Tinemaha Reservoir Outflow,423.6
2026-08-11 08:43:27,Southern Owens Valley,Indep. Ck. At Junction Flow,7.4
2026-08-11 08:43:27,Southern Owens Valley,LAA at Alabama Flow,314.0
2026-08-11 08:43:27,Southern Owens Valley,Cottonwood Ck. At LAA Flow,0.0
2026-08-11 08:43:27,Southern Owens Valley,LAA at Cottonwood Flow,393.0
2026-08-11 08:43:27,Southern Owens Valley,Haiwee LAA #1 Current Flow,0.0
2026-08-11 08:43:27,Southern Owens Valley,Haiwee LAA #2 Current Flow,195.0
2026-08-11 08:43:27,Southern Owens Valley,Reinhackel Flow,3.0
2026-08-11 08:43:27,Southern Owens Valley,Lubkin Spillgate Outflow,0.0
2026-08-11 08:43:27,Southern Owens Valley,Cartago Spillgate Outflow,17.0
2026-08-11 08:43:27,Southern Owens Valley,Lone Pine Creek Flow,13.1
2026-08-11 08:43:27,Lower Owens River Project,LORP Intake Flow,80.0
2026-08-11 08:43:27,Lower Owens River Project,LORP at Mazourka Canyon Road,0.0
2026-08-11 08:43:27,Lower Owens River Project,LORP at Reinhackle Springs,70.0
2026-08-11 08:43:27,Lower Owens River Project,LORP Above Pumpstation,51.0
2026-08-11 08:43:27,Lower Owens River Project,LORP At Pump Station Discharge Flow,48.0
2026-08-11 08:43:27,Southern District,Haiwee LAA #2 Current Flow,195.0
2026-08-11 08:43:27,Southern District,Haiwee LAA #1 Current Flow,0.0
2026-08-11 08:43:27,Southern District,LAA #1 Flow at Fairmont Reservoir,357.0
2026-08-11 08:43:27,Southern District,LAA #2 Flow at Fairmont Res.,204.3
2026-08-11 08:43:27,Southern District,Bouquet Reservoir Inflow,82.6
2026-08-11 08:43:27,Southern District,Bouquet Reservoir Outflow,0.4
2026-08-11 08:43:27,Southern District,LAA #1 at Soledad Flow,279.3
2026-08-11 08:43:27,Southern District,LAA #2 at Soledad Flow,186.9
2026-08-11 08:43:28,Mono Basin,Mono Lk. Elevation,6382.4
2026-08-11 08:43:28,Mono Basin,Grant Lk. Elevation,7129.8
2026-08-11 08:43:28,Long Valley,Long Valley Elevation,6773.2
2026-08-11 08:43:28,Northern Owens Valley,Pleasant Valley Elevation,4385.7
2026-08-11 08:43:28,Southern Owens Valley,LAA at Alabama Level,6.9
2026-08-11 08:43:28,Southern Owens Valley,LAA at Alabama Water Temp,74.0
2026-08-11 08:43:28,Southern Owens Valley,LAA at Cottonwood Level,8.2
2026-08-11 08:43:28,Southern Owens Valley,LAA at Cotton. Water Temp,75.6
2026-08-11 08:43:28,Southern Owens Valley,N. Haiwee Elevation,3757.0
2026-08-11 08:43:28,Southern Owens Valley,S. Haiwee Reservoir Elevation,3723.2
2026-08-11 08:43:28,Southern District,S. Haiwee Reservoir Elevation,3723.2
2026-08-11 08:43:28,Southern District,Fairmont Reservoir Elevation,3027.6
2026-08-11 08:43:28,Southern District,Bouquet Reservoir Elevation,2983.8
2026-08-11 08:58:26,Northern Owens Valley,Tinemaha Elevation,3861.7
2026-08-11 08:58:26,Southern Owens Valley,Tinemaha Elevation,3861.7
2026-08-11 09:13:26,Mono Basin,Lee Vining Intake Above Flow,33.3
2026-08-11 09:13:26,Mono Basin,Lee Vining Intake Below Flow,29.6
2026-08-11 09:13:26,Mono Basin,Mono Lk. Elevation,6382.4
2026-08-11 09:13:26,Mono Basin,Walker Ck. Above Conduit Flow,4.0
2026-08-11 09:13:26,Mono Basin,L.V. Conduit Below Intake Flow,2.4
2026-08-11 09:13:26,Mono Basin,Walker Ck. Under Conduit Flow,4.0
2026-08-11 09:13:26,Mono Basin,Parker Ck. Under Conduit Flow,14.0
2026-08-11 09:13:26,Mono Basin,Parker Ck. Above Conduit Flow,15.0
2026-08-11 09:13:26,Mono Basin,Grant Lk. Spill Flow,0.0
2026-08-11 09:13:26,Mono Basin,Mono Gate 1 Return Ditch Flow,27.8
2026-08-11 09:13:26,Mono Basin,Grant Lk. Elevation,7129.8
2026-08-11 09:13:26,Mono Basin,Grant Lk. Outflow,39.9
2026-08-11 09:13:26,Mono Basin,Rush Ck. at Damsite Flow,10.3
2026-08-11 09:13:26,Mono Basin,Flow to West Portal,14.5
2026-08-11 09:13:26,Long Valley,East Portal Flow,26.0
2026-08-11 09:13:26,Long Valley,OR Below EP Flow,69.0
2026-08-11 09:13:26,Long Valley,Hot Ck.at Hwy. Flow,7.0
2026-08-11 09:13:26,Long Valley,McGee Ck. Lower Sta. Flow,8.0
2026-08-11 09:13:26,Long Valley,Long Valley Elevation,6773.2
2026-08-11 09:13:26,Long Valley,Long Valley Current Outflow,577.4
2026-08-11 09:13:26,Long Valley,Rock Ck. Div. Flow,0.0
2026-08-11 09:13:26,Long Valley,Upper Gorge Total Release,40.0
2026-08-11 09:13:26,Long Valley,Release at Middle Gorge,0.0
2026-08-11 09:13:26,Northern Owens Valley,Rock Ck. At Owens River (PV) Flow,27.5
2026-08-11 09:13:26,Northern Owens Valley,Pleasant Valley Elevation,4385.7
2026-08-11 09:13:26,Northern Owens Valley,Pleasant Valley Outflow,501.1
2026-08-11 09:13:26,Northern Owens Valley,Baker Ck. At LA Station Flow,6.7
2026-08-11 09:13:26,Northern Owens Valley,Big Pine Ck. USGS Flow,52.3
2026-08-11 09:13:26,Northern Owens Valley,O.R. Below Big Pine,494.5
2026-08-11 09:13:26,Northern Owens Valley,Fish Springs At RR Flow,32.3
2026-08-11 09:13:26,Northern Owens Valley,Tinemaha Reservoir Outflow,424.4
2026-08-11 09:13:26,Northern Owens Valley,Bishop Creek Through Plant 6,99.5
2026-08-11 09:13:26,Northern Owens Valley,Bishop Creek Around Plant 6,7.7
2026-08-11 09:13:26,Southern Owens Valley,Tinemaha Reservoir Outflow,424.4
2026-08-11 09:13:26,Southern Owens Valley,Indep. Ck. At Junction Flow,7.4
2026-08-11 09:13:26,Southern Owens Valley,LAA at Alabama Flow,315.0
2026-08-11 09:13:26,Southern Owens Valley,LAA at Alabama Level,6.9
2026-08-11 09:13:26,Southern Owens Valley,LAA at Alabama Water Temp,74.0
2026-08-11 09:13:26,Southern Owens Valley,Cottonwood Ck. At LAA Flow,0.0
2026-08-11 09:13:26,Southern Owens Valley,LAA at Cottonwood Flow,393.0
2026-08-11 09:13:26,Southern Owens Valley,LAA at Cottonwood Level,8.2
2026-08-11 09:13:26,Southern Owens Valley,LAA at Cotton. Water Temp,75.7
2026-08-11 09:13:26,Southern Owens Valley,N. Haiwee Elevation,3757.0
2026-08-11 09:13:26,Southern Owens Valley,S. Haiwee Reservoir Elevation,3723.2
2026-08-11 09:13:26,Southern Owens Valley,Haiwee LAA #1 Current Flow,0.0
2026-08-11 09:13:26,Southern Owens Valley,Haiwee LAA #2 Current Flow,195.0
2026-08-11 09:13:26,Southern Owens Valley,Reinhackel Flow,3.0
2026-08-11 09:13:26,Southern Owens Valley,Lubkin Spillgate Outflow,0.0
2026-08-11 09:13:26,Southern Owens Valley,Cartago Spillgate Outflow,17.2
2026-08-11 09:13:26,Southern Owens Valley,Lone Pine Creek Flow,13.1
2026-08-11 09:13:26,Lower Owens River Project,LORP Intake Flow,80.0
2026-08-11 09:13:26,Lower Owens River Project,LORP at Mazourka Canyon Road,0.0
2026-08-11 09:13:26,Lower Owens River Project,LORP at Reinhackle Springs,70.0
2026-08-11 09:13:26,Lower Owens River Project,LORP Above Pumpstation,40.0
2026-08-11 09:13:26,Lower Owens River Project,LORP At Pump Station Discharge Flow,37.0
2026-08-11 09:13:26,Southern District,Haiwee LAA #2 Current Flow,195.0
2026-08-11 09:13:26,Southern District,S. Haiwee Reservoir Elevation,3723.2
2026-08-11 09:13:26,Southern District,Haiwee LAA #1 Current Flow,0.0
2026-08-11 09:13:26,Southern District,Fairmont Reservoir Elevation,3027.6
2026-08-11 09:13:26,Southern District,LAA #1 Flow at Fairmont Reservoir,356.8
2026-08-11 09:13:26,Southern District,LAA #2 Flow at Fairmont Res.,204.3
2026-08-11 09:13:26,Southern District,Bouquet Reservoir Elevation,2983.8
2026-08-11 09:13:26,Southern District,Bouquet Reservoir Inflow,80.4
2026-08-11 09:13:26,Southern District,Bouquet Reservoir Outflow,0.7
2026-08-11 09:13:26,Southern District,LAA #1 at Soledad Flow,279.3
2026-08-11 09:13:26,Southern District,LAA #2 at Soledad Flow,186.9
2026-08-11 09:28:26,Mono Basin,Lee Vining Intake Above Flow,33.3
2026-08-11 09:28:26,Mono Basin,Lee Vining Intake Below Flow,29.6
2026-08-11 09:28:26,Mono Basin,Mono Lk. Elevation,6382.4
2026-08-11 09:28:26,Mono Basin,Walker Ck. Above Conduit Flow,4.0
2026-08-11 09:28:26,Mono Basin,L.V. Conduit Below Intake Flow,2.4
2026-08-11 09:28:26,Mono Basin,Walker Ck. Under Conduit Flow,4.0
2026-08-11 09:28:26,Mono Basin,Parker Ck. Under Conduit Flow,14.0
2026-08-11 09:28:26,Mono Basin,Parker Ck. Above Conduit Flow,15.0
2026-08-11 09:28:26,Mono Basin,Grant Lk. Spill Flow,0.0
2026-08-11 09:28:26,Mono Basin,Mono Gate 1 Return Ditch Flow,27.7
2026-08-11 09:28:26,Mono Basin,Grant Lk. Elevation,7129.8
2026-08-11 09:28:26,Mono Basin,Grant Lk. Outflow,40.1
2026-08-11 09:28:26,Mono Basin,Rush Ck. at Damsite Flow,10.3
2026-08-11 09:28:26,Mono Basin,Flow to West Portal,14.5
2026-08-11 09:28:26,Long Valley,East Portal Flow,26.0
2026-08-11 09:28:26,Long Valley,OR Below EP Flow,69.0
2026-08-11 09:28:26,Long Valley,Hot Ck.at Hwy. Flow,7.0
2026-08-11 09:28:26,Long Valley,McGee Ck. Lower Sta. Flow,8.0
2026-08-11 09:28:26,Long Valley,Long Valley Elevation,6773.2
2026-08-11 09:28:26,Long Valley,Long Valley Current Outflow,577.4
2026-08-11 09:28:26,Long Valley,Rock Ck. Div. Flow,0.0
2026-08-11 09:28:26,Long Valley,Upper Gorge Total Release,39.6
2026-08-11 09:28:26,Long Valley,Release at Middle Gorge,0.0
2026-08-11 09:28:26,Northern Owens Valley,Rock Ck. At Owens River (PV) Flow,27.5
2026-08-11 09:28:26,Northern Owens Valley,Pleasant Valley Elevation,4385.7
2026-08-11 09:28:26,Northern Owens Valley,Pleasant Valley Outflow,501.6
2026-08-11 09:28:26,Northern Owens Valley,Baker Ck. At LA Station Flow,6.7
2026-08-11 09:28:26,Northern Owens Valley,Big Pine Ck. USGS Flow,52.3
2026-08-11 09:28:26,Northern Owens Valley,O.R. Below Big Pine,495.0
2026-08-11 09:28:26,Northern Owens Valley,Fish Springs At RR Flow,32.3
2026-08-11 09:28:26,Northern Owens Valley,Tinemaha Elevation,3861.7
2026-08-11 09:28:26,Northern Owens Valley,Tinemaha Reservoir Outflow,424.4
2026-08-11 09:28:26,Northern Owens Valley,Bishop Creek Through Plant 6,99.5
2026-08-11 09:28:26,Northern Owens Valley,Bishop Creek Around Plant 6,7.7
2026-08-11 09:28:26,Southern Owens Valley,Tinemaha Elevation,3861.7
2026-08-11 09:28:26,Southern Owens Valley,Tinemaha Reservoir Outflow,424.4
2026-08-11 09:28:26,Southern Owens Valley,Indep. Ck. At Junction Flow,7.4
2026-08-11 09:28:26,Southern Owens Valley,LAA at Alabama Flow,314.0
2026-08-11 09:28:26,Southern Owens Valley,LAA at Alabama Level,6.9
2026-08-11 09:28:26,Southern Owens Valley,LAA at Alabama Water Temp,74.0
2026-08-11 09:28:26,Southern Owens Valley,Cottonwood Ck. At LAA Flow,0.0
2026-08-11 09:28:26,Southern Owens Valley,LAA at Cottonwood Flow,393.0
2026-08-11 09:28:26,Southern Owens Valley,LAA at Cottonwood Level,8.2
2026-08-11 09:28:26,Southern Owens Valley,LAA at Cotton. Water Temp,75.7
2026-08-11 09:28:26,Southern Owens Valley,N. Haiwee Elevation,3757.0
2026-08-11 09:28:26,Southern Owens Valley,S. Haiwee Reservoir Elevation,3723.2
2026-08-11 09:28:26,Southern Owens Valley,Haiwee LAA #1 Current Flow,0.0
2026-08-11 09:28:26,Southern Owens Valley,Haiwee LAA #2 Current Flow,195.0
2026-08-11 09:28:26,Southern Owens Valley,Reinhackel Flow,3.0
2026-08-11 09:28:26,Southern Owens Valley,Lubkin Spillgate Outflow,0.0
2026-08-11 09:28:26,Southern Owens Valley,Cartago Spillgate Outflow,15.8
2026-08-11 09:28:26,Southern Owens Valley,Lone Pine Creek Flow,13.1
2026-08-11 09:28:26,Lower Owens River Project,LORP Intake Flow,80.0
2026-08-11 09:28:26,Lower Owens River Project,LORP at Mazourka Canyon Road,0.0
2026-08-11 09:28:26,Lower Owens River Project,LORP at Reinhackle Springs,74.0
2026-08-11 09:28:26,Lower Owens River Project,LORP Above Pumpstation,41.0
2026-08-11 09:28:26,Lower Owens River Project,LORP At Pump Station Discharge Flow,37.0
2026-08-11 09:28:26,Southern District,Haiwee LAA #2 Current Flow,195.0
2026-08-11 09:28:26,Southern District,S. Haiwee Reservoir Elevation,3723.2
2026-08-11 09:28:26,Southern District,Haiwee LAA #1 Current Flow,0.0
2026-08-11 09:28:26,Southern District,Fairmont Reservoir Elevation,3027.6
2026-08-11 09:28:26,Southern District,LAA #1 Flow at Fairmont Reservoir,377.8
2026-08-11 09:28:26,Southern District,LAA #2 Flow at Fairmont Res.,204.0
2026-08-11 09:28:26,Southern District,Bouquet Reservoir Elevation,2983.8
2026-08-11 09:28:26,Southern District,Bouquet Reservoir Inflow,85.7
2026-08-11 09:28:26,Southern District,Bouquet Reservoir Outflow,0.5
2026-08-11 09:28:26,Southern District,LAA #1 at Soledad Flow,279.3
2026-08-11 09:28:26,Southern District,LAA #2 at Soledad Flow,186.9
2026-08-11 09:43:28,Mono Basin,Lee Vining Intake Above Flow,33.6
2026-08-11 09:43:28,Mono Basin,Lee Vining Intake Below Flow,29.7
2026-08-11 09:43:28,Mono Basin,Mono Lk. Elevation,6382.4
2026-08-11 09:43:28,Mono Basin,Walker Ck. Above Conduit Flow,4.0
2026-08-11 09:43:28,Mono Basin,L.V. Conduit Below Intake Flow,2.4
2026-08-11 09:43:28,Mono Basin,Walker Ck. Under Conduit Flow,4.0
2026-08-11 09:43:28,Mono Basin,Parker Ck. Under Conduit Flow,14.0
2026-08-11 09:43:28,Mono Basin,Parker Ck. Above Conduit Flow,15.0
2026-08-11 09:43:28,Mono Basin,Grant Lk. Spill Flow,0.0
2026-08-11 09:43:28,Mono Basin,Mono Gate 1 Return Ditch Flow,27.7
2026-08-11 09:43:28,Mono Basin,Grant Lk. Elevation,7129.8
2026-08-11 09:43:28,Mono Basin,Grant Lk. Outflow,40.1
2026-08-11 09:43:28,Mono Basin,Rush Ck. at Damsite Flow,10.3
2026-08-11 09:43:28,Mono Basin,Flow to West Portal,14.5
2026-08-11 09:43:28,Long Valley,East Portal Flow,26.0
2026-08-11 09:43:28,Long Valley,OR Below EP Flow,69.0
2026-08-11 09:43:28,Long Valley,Hot Ck.at Hwy. Flow,7.0
2026-08-11 09:43:28,Long Valley,McGee Ck. Lower Sta. Flow,8.0
2026-08-11 09:43:28,Long Valley,Long Valley Elevation,6773.2
2026-08-11 09:43:28,Long Valley,Long Valley Current Outflow,577.4
2026-08-11 09:43:28,Long Valley,Rock Ck. Div. Flow,0.0
2026-08-11 09:43:28,Long Valley,Upper Gorge Total Release,39.9
2026-08-11 09:43:28,Long Valley,Release at Middle Gorge,0.0
2026-08-11 09:43:28,Northern Owens Valley,Rock Ck. At Owens River (PV) Flow,27.5
2026-08-11 09:43:28,Northern Owens Valley,Pleasant Valley Elevation,4385.8
2026-08-11 09:43:28,Northern Owens Valley,Pleasant Valley Outflow,501.5
2026-08-11 09:43:28,Northern Owens Valley,Baker Ck. At LA Station Flow,6.7
2026-08-11 09:43:28,Northern Owens Valley,Big Pine Ck. USGS Flow,52.3
2026-08-11 09:43:28,Northern Owens Valley,O.R. Below Big Pine,495.1
2026-08-11 09:43:28,Northern Owens Valley,Fish Springs At RR Flow,32.3
2026-08-11 09:43:28,Northern Owens Valley,Tinemaha Reservoir Outflow,424.4
2026-08-11 09:43:28,Northern Owens Valley,Bishop Creek Through Plant 6,99.5
2026-08-11 09:43:28,Northern Owens Valley,Bishop Creek Around Plant 6,7.7
2026-08-11 09:43:28,Southern Owens Valley,Tinemaha Reservoir Outflow,424.4
2026-08-11 09:43:28,Southern Owens Valley,Indep. Ck. At Junction Flow,7.4
2026-08-11 09:43:28,Southern Owens Valley,LAA at Alabama Flow,314.0
2026-08-11 09:43:28,Southern Owens Valley,LAA at Alabama Level,6.9
2026-08-11 09:43:28,Southern Owens Valley,LAA at Alabama Water Temp,74.0
2026-08-11 09:43:28,Southern Owens Valley,Cottonwood Ck. At LAA Flow,0.0
2026-08-11 09:43:28,Southern Owens Valley,LAA at Cottonwood Flow,393.0
2026-08-11 09:43:28,Southern Owens Valley,LAA at Cottonwood Level,8.2
2026-08-11 09:43:28,Southern Owens Valley,LAA at Cotton. Water Temp,75.7
2026-08-11 09:43:28,Southern Owens Valley,N. Haiwee Elevation,3757.0
2026-08-11 09:43:28,Southern Owens Valley,S. Haiwee Reservoir Elevation,3723.2
2026-08-11 09:43:28,Southern Owens Valley,Haiwee LAA #1 Current Flow,0.0
2026-08-11 09:43:28,Southern Owens Valley,Haiwee LAA #2 Current Flow,195.0
2026-08-11 09:43:28,Southern Owens Valley,Reinhackel Flow,3.0
2026-08-11 09:43:28,Southern Owens Valley,Lubkin Spillgate Outflow,0.0
2026-08-11 09:43:28,Southern Owens Valley,Cartago Spillgate Outflow,12.3
2026-08-11 09:43:28,Southern Owens Valley,Lone Pine Creek Flow,13.1
2026-08-11 09:43:28,Lower Owens River Project,LORP Intake Flow,80.0
2026-08-11 09:43:28,Lower Owens River Project,LORP at Mazourka Canyon Road,0.0
2026-08-11 09:43:28,Lower Owens River Project,LORP at Reinhackle Springs,74.0
2026-08-11 09:43:28,Lower Owens River Project,LORP Above Pumpstation,41.0
2026-08-11 09:43:28,Lower Owens River Project,LORP At Pump Station Discharge Flow,37.0
2026-08-11 09:43:28,Southern District,Haiwee LAA #2 Current Flow,195.0
2026-08-11 09:43:28,Southern District,S. Haiwee Reservoir Elevation,3723.2
2026-08-11 09:43:28,Southern District,Haiwee LAA #1 Current Flow,0.0
2026-08-11 09:43:28,Southern District,Fairmont Reservoir Elevation,3027.6
2026-08-11 09:43:28,Southern District,LAA #1 Flow at Fairmont Reservoir,381.2
2026-08-11 09:43:28,Southern District,LAA #2 Flow at Fairmont Res.,204.2
2026-08-11 09:43:28,Southern District,Bouquet Reservoir Elevation,2983.8
2026-08-11 09:43:28,Southern District,Bouquet Reservoir Inflow,80.4
2026-08-11 09:43:28,Southern District,Bouquet Reservoir Outflow,0.5
2026-08-11 09:43:28,Southern District,LAA #1 at Soledad Flow,279.3
2026-08-11 09:43:28,Southern District,LAA #2 at Soledad Flow,186.9
2026-08-11 09:58:26,Mono Basin,Lee Vining Intake Above Flow,33.6
2026-08-11 09:58:26,Mono Basin,Lee Vining Intake Below Flow,29.7
2026-08-11 09:58:26,Mono Basin,Walker Ck. Above Conduit Flow,4.0
2026-08-11 09:58:26,Mono Basin,L.V. Conduit Below Intake Flow,2.4
2026-08-11 09:58:26,Mono Basin,Walker Ck. Under Conduit Flow,4.0
2026-08-11 09:58:26,Mono Basin,Parker Ck. Under Conduit Flow,14.0
2026-08-11 09:58:26,Mono Basin,Parker Ck. Above Conduit Flow,15.0
2026-08-11 09:58:26,Mono Basin,Grant Lk. Spill Flow,0.0
2026-08-11 09:58:26,Mono Basin,Mono Gate 1 Return Ditch Flow,27.7
2026-08-11 09:58:26,Mono Basin,Grant Lk. Outflow,40.1
2026-08-11 09:58:26,Mono Basin,Rush Ck. at Damsite Flow,10.3
2026-08-11 09:58:26,Mono Basin,Flow to West Portal,14.5
2026-08-11 09:58:26,Long Valley,East Portal Flow,26.0
2026-08-11 09:58:26,Long Valley,OR Below EP Flow,69.0
2026-08-11 09:58:26,Long Valley,Hot Ck.at Hwy. Flow,7.0
2026-08-11 09:58:26,Long Valley,McGee Ck. Lower Sta. Flow,8.0
2026-08-11 09:58:26,Long Valley,Long Valley Current Outflow,579.8
2026-08-11 09:58:26,Long Valley,Rock Ck. Div. Flow,0.0
2026-08-11 09:58:26,Long Valley,Upper Gorge Total Release,39.8
2026-08-11 09:58:26,Long Valley,Release at Middle Gorge,0.0
2026-08-11 09:58:26,Northern Owens Valley,Rock Ck. At Owens River (PV) Flow,27.5
2026-08-11 09:58:26,Northern Owens Valley,Pleasant Valley Outflow,501.5
2026-08-11 09:58:26,Northern Owens Valley,Baker Ck. At LA Station Flow,6.7
2026-08-11 09:58:26,Northern Owens Valley,Big Pine Ck. USGS Flow,52.3
2026-08-11 09:58:26,Northern Owens Valley,O.R. Below Big Pine,495.4
2026-08-11 09:58:26,Northern Owens Valley,Fish Springs At RR Flow,32.3
2026-08-11 09:58:26,Northern Owens Valley,Tinemaha Reservoir Outflow,424.4
2026-08-11 09:58:26,Northern Owens Valley,Bishop Creek Through Plant 6,99.5
2026-08-11 09:58:26,Northern Owens Valley,Bishop Creek Around Plant 6,7.7
2026-08-11 09:58:26,Southern Owens Valley,Tinemaha Reservoir Outflow,424.4
2026-08-11 09:58:26,Southern Owens Valley,Indep. Ck. At Junction Flow,7.4
2026-08-11 09:58:26,Southern Owens Valley,LAA at Alabama Flow,314.0
2026-08-11 09:58:26,Southern Owens Valley,Cottonwood Ck. At LAA Flow,0.0
2026-08-11 09:58:26,Southern Owens Valley,LAA at Cottonwood Flow,393.0
2026-08-11 09:58:26,Southern Owens Valley,Haiwee LAA #1 Current Flow,0.0
2026-08-11 09:58:26,Southern Owens Valley,Haiwee LAA #2 Current Flow,195.0
2026-08-11 09:58:26,Southern Owens Valley,Reinhackel Flow,3.0
2026-08-11 09:58:26,Southern Owens Valley,Lubkin Spillgate Outflow,0.0
2026-08-11 09:58:26,Southern Owens Valley,Cartago Spillgate Outflow,19.3
2026-08-11 09:58:26,Southern Owens Valley,Lone Pine Creek Flow,13.1
2026-08-11 09:58:26,Lower Owens River Project,LORP Intake Flow,80.0
2026-08-11 09:58:26,Lower Owens River Project,LORP at Mazourka Canyon Road,0.0
2026-08-11 09:58:26,Lower Owens River Project,LORP at Reinhackle Springs,74.0
2026-08-11 09:58:26,Lower Owens River Project,LORP Above Pumpstation,40.0
2026-08-11 09:58:26,Lower Owens River Project,LORP At Pump Station Discharge Flow,37.0
2026-08-11 09:58:26,Southern District,Haiwee LAA #2 Current Flow,195.0
2026-08-11 09:58:26,Southern District,Haiwee LAA #1 Current Flow,0.0
2026-08-11 09:58:26,Southern District,LAA #1 Flow at Fairmont Reservoir,358.7
2026-08-11 09:58:26,Southern District,LAA #2 Flow at Fairmont Res.,204.4
2026-08-11 09:58:26,Southern District,Bouquet Reservoir Inflow,84.7
2026-08-11 09:58:26,Southern District,Bouquet Reservoir Outflow,0.5
2026-08-11 09:58:26,Southern District,LAA #1 at Soledad Flow,279.3
2026-08-11 09:58:26,Southern District,LAA #2 at Soledad Flow,186.9
2026-08-11 09:58:27,Mono Basin,Mono Lk. Elevation,6382.4
2026-08-11 09:58:27,Mono Basin,Grant Lk. Elevation,7129.8
2026-08-11 09:58:27,Long Valley,Long Valley Elevation,6773.2
2026-08-11 09:58:27,Northern Owens Valley,Pleasant Valley Elevation,4385.8
2026-08-11 09:58:27,Northern Owens Valley,Tinemaha Elevation,3861.7
2026-08-11 09:58:27,Southern Owens Valley,Tinemaha Elevation,3861.7
2026-08-11 09:58:27,Southern Owens Valley,LAA at Alabama Level,6.9
2026-08-11 09:58:27,Southern Owens Valley,LAA at Alabama Water Temp,74.2
2026-08-11 09:58:27,Southern Owens Valley,LAA at Cottonwood Level,8.2
2026-08-11 09:58:27,Southern Owens Valley,LAA at Cotton. Water Temp,75.7
2026-08-11 09:58:27,Southern Owens Valley,N. Haiwee Elevation,3757.0
2026-08-11 09:58:27,Southern Owens Valley,S. Haiwee Reservoir Elevation,3723.2
2026-08-11 09:58:27,Southern District,S. Haiwee Reservoir Elevation,3723.2
2026-08-11 09:58:27,Southern District,Fairmont Reservoir Elevation,3027.6
2026-08-11 09:58:27,Southern District,Bouquet Reservoir Elevation,2983.8
2026-08-11 10:13:26,Mono Basin,Lee Vining Intake Above Flow,33.0
2026-08-11 10:13:26,Mono Basin,Lee Vining Intake Below Flow,29.6
2026-08-11 10:13:26,Mono Basin,Walker Ck. Above Conduit Flow,4.0
2026-08-11 10:13:26,Mono Basin,L.V. Conduit Below Intake Flow,2.4
2026-08-11 10:13:26,Mono Basin,Walker Ck. Under Conduit Flow,4.0
2026-08-11 10:13:26,Mono Basin,Parker Ck. Under Conduit Flow,14.0
2026-08-11 10:13:26,Mono Basin,Parker Ck. Above Conduit Flow,15.0
2026-08-11 10:13:26,Mono Basin,Grant Lk. Spill Flow,0.0
2026-08-11 10:13:26,Mono Basin,Mono Gate 1 Return Ditch Flow,27.7
2026-08-11 10:13:26,Mono Basin,Grant Lk. Outflow,40.1
2026-08-11 10:13:26,Mono Basin,Rush Ck. at Damsite Flow,10.3
2026-08-11 10:13:26,Mono Basin,Flow to West Portal,14.5
2026-08-11 10:13:26,Long Valley,East Portal Flow,26.0
2026-08-11 10:13:26,Long Valley,OR Below EP Flow,69.0
2026-08-11 10:13:26,Long Valley,Hot Ck.at Hwy. Flow,7.0
2026-08-11 10:13:26,Long Valley,McGee Ck. Lower Sta. Flow,8.0
2026-08-11 10:13:26,Long Valley,Long Valley Current Outflow,582.6
2026-08-11 10:13:26,Long Valley,Rock Ck. Div. Flow,0.0
2026-08-11 10:13:26,Long Valley,Upper Gorge Total Release,40.1
2026-08-11 10:13:26,Long Valley,Release at Middle Gorge,0.0
2026-08-11 10:13:26,Northern Owens Valley,Rock Ck. At Owens River (PV) Flow,27.5
2026-08-11 10:13:26,Northern Owens Valley,Pleasant Valley Outflow,501.4
2026-08-11 10:13:26,Northern Owens Valley,Baker Ck. At LA Station Flow,6.7
2026-08-11 10:13:26,Northern Owens Valley,Big Pine Ck. USGS Flow,52.3
2026-08-11 10:13:26,Northern Owens Valley,O.R. Below Big Pine,495.5
2026-08-11 10:13:26,Northern Owens Valley,Fish Springs At RR Flow,32.3
2026-08-11 10:13:26,Northern Owens Valley,Tinemaha Reservoir Outflow,424.4
2026-08-11 10:13:26,Northern Owens Valley,Bishop Creek Through Plant 6,105.1
2026-08-11 10:13:26,Northern Owens Valley,Bishop Creek Around Plant 6,7.5
2026-08-11 10:13:26,Southern Owens Valley,Tinemaha Reservoir Outflow,424.4
2026-08-11 10:13:26,Southern Owens Valley,Indep. Ck. At Junction Flow,7.4
2026-08-11 10:13:26,Southern Owens Valley,LAA at Alabama Flow,315.0
2026-08-11 10:13:26,Southern Owens Valley,Cottonwood Ck. At LAA Flow,0.0
2026-08-11 10:13:26,Southern Owens Valley,LAA at Cottonwood Flow,393.0
2026-08-11 10:13:26,Southern Owens Valley,Haiwee LAA #1 Current Flow,0.0
2026-08-11 10:13:26,Southern Owens Valley,Haiwee LAA #2 Current Flow,146.5
2026-08-11 10:13:26,Southern Owens Valley,Reinhackel Flow,3.0
2026-08-11 10:13:26,Southern Owens Valley,Lubkin Spillgate Outflow,0.0
2026-08-11 10:13:26,Southern Owens Valley,Cartago Spillgate Outflow,1.2
2026-08-11 10:13:26,Southern Owens Valley,Lone Pine Creek Flow,13.1
2026-08-11 10:13:26,Lower Owens River Project,LORP Intake Flow,80.0
2026-08-11 10:13:26,Lower Owens River Project,LORP at Mazourka Canyon Road,0.0
2026-08-11 10:13:26,Lower Owens River Project,LORP at Reinhackle Springs,74.0
2026-08-11 10:13:26,Lower Owens River Project,LORP Above Pumpstation,40.0
2026-08-11 10:13:26,Lower Owens River Project,LORP At Pump Station Discharge Flow,37.0
2026-08-11 10:13:26,Southern District,Haiwee LAA #2 Current Flow,146.5
2026-08-11 10:13:26,Southern District,Haiwee LAA #1 Current Flow,0.0
2026-08-11 10:13:26,Southern District,LAA #1 Flow at Fairmont Reservoir,349.7
2026-08-11 10:13:26,Southern District,LAA #2 Flow at Fairmont Res.,204.2
2026-08-11 10:13:27,Mono Basin,Mono Lk. Elevation,6382.4
2026-08-11 10:13:27,Mono Basin,Grant Lk. Elevation,7129.8
2026-08-11 10:13:27,Long Valley,Long Valley Elevation,6773.2
2026-08-11 10:13:27,Northern Owens Valley,Pleasant Valley Elevation,4385.8
2026-08-11 10:13:27,Southern Owens Valley,LAA at Alabama Level,6.9
2026-08-11 10:13:27,Southern Owens Valley,LAA at Alabama Water Temp,74.3
2026-08-11 10:13:27,Southern Owens Valley,LAA at Cottonwood Level,8.2
2026-08-11 10:13:27,Southern Owens Valley,LAA at Cotton. Water Temp,75.9
2026-08-11 10:13:27,Southern Owens Valley,N. Haiwee Elevation,3757.0
2026-08-11 10:13:27,Southern Owens Valley,S. Haiwee Reservoir Elevation,3723.2
2026-08-11 10:13:27,Southern District,S. Haiwee Reservoir Elevation,3723.2
2026-08-11 10:13:27,Southern District,Fairmont Reservoir Elevation,3027.6
2026-08-11 10:13:27,Southern District,Bouquet Reservoir Elevation,2983.8
2026-08-11 10:13:27,Southern District,Bouquet Reservoir Inflow,80.4
2026-08-11 10:13:27,Southern District,Bouquet Reservoir Outflow,0.5
2026-08-11 10:13:27,Southern District,LAA #1 at Soledad Flow,279.3
2026-08-11 10:13:27,Southern District,LAA #2 at Soledad Flow,186.9
2026-08-11 10:28:26,Mono Basin,Lee Vining Intake Above Flow,33.0
2026-08-11 10:28:26,Mono Basin,Lee Vining Intake Below Flow,29.6
2026-08-11 10:28:26,Mono Basin,Mono Lk. Elevation,6382.4
2026-08-11 10:28:26,Mono Basin,Walker Ck. Above Conduit Flow,4.0
2026-08-11 10:28:26,Mono Basin,L.V. Conduit Below Intake Flow,2.4
2026-08-11 10:28:26,Mono Basin,Walker Ck. Under Conduit Flow,4.0
2026-08-11 10:28:26,Mono Basin,Parker Ck. Under Conduit Flow,14.0
2026-08-11 10:28:26,Mono Basin,Parker Ck. Above Conduit Flow,15.0
2026-08-11 10:28:26,Mono Basin,Grant Lk. Spill Flow,0.0
2026-08-11 10:28:26,Mono Basin,Mono Gate 1 Return Ditch Flow,27.5
2026-08-11 10:28:26,Mono Basin,Grant Lk. Elevation,7129.8
2026-08-11 10:28:26,Mono Basin,Grant Lk. Outflow,40.1
2026-08-11 10:28:26,Mono Basin,Rush Ck. at Damsite Flow,10.3
2026-08-11 10:28:26,Mono Basin,Flow to West Portal,14.5
2026-08-11 10:28:26,Long Valley,East Portal Flow,26.0
2026-08-11 10:28:26,Long Valley,OR Below EP Flow,69.0
2026-08-11 10:28:26,Long Valley,Hot Ck.at Hwy. Flow,7.0
2026-08-11 10:28:26,Long Valley,McGee Ck. Lower Sta. Flow,8.0
2026-08-11 10:28:26,Long Valley,Long Valley Elevation,6773.2
2026-08-11 10:28:26,Long Valley,Long Valley Current Outflow,582.6
2026-08-11 10:28:26,Long Valley,Rock Ck. Div. Flow,0.0
2026-08-11 10:28:26,Long Valley,Upper Gorge Total Release,39.9
2026-08-11 10:28:26,Long Valley,Release at Middle Gorge,0.0
2026-08-11 10:28:26,Northern Owens Valley,Rock Ck. At Owens River (PV) Flow,27.5
2026-08-11 10:28:26,Northern Owens Valley,Pleasant Valley Elevation,4385.9
2026-08-11 10:28:26,Northern Owens Valley,Pleasant Valley Outflow,501.4
2026-08-11 10:28:26,Northern Owens Valley,Baker Ck. At LA Station Flow,6.8
2026-08-11 10:28:26,Northern Owens Valley,Big Pine Ck. USGS Flow,52.3
2026-08-11 10:28:26,Northern Owens Valley,O.R. Below Big Pine,494.0
2026-08-11 10:28:26,Northern Owens Valley,Fish Springs At RR Flow,32.3
2026-08-11 10:28:26,Northern Owens Valley,Tinemaha Elevation,3861.7
2026-08-11 10:28:26,Northern Owens Valley,Tinemaha Reservoir Outflow,424.4
2026-08-11 10:28:26,Northern Owens Valley,Bishop Creek Through Plant 6,103.2
2026-08-11 10:28:26,Northern Owens Valley,Bishop Creek Around Plant 6,7.4
2026-08-11 10:28:26,Southern Owens Valley,Tinemaha Elevation,3861.7
2026-08-11 10:28:26,Southern Owens Valley,Tinemaha Reservoir Outflow,424.4
2026-08-11 10:28:26,Southern Owens Valley,Indep. Ck. At Junction Flow,7.4
2026-08-11 10:28:26,Southern Owens Valley,LAA at Alabama Flow,315.0
2026-08-11 10:28:26,Southern Owens Valley,LAA at Alabama Level,6.9
2026-08-11 10:28:26,Southern Owens Valley,LAA at Alabama Water Temp,74.4
2026-08-11 10:28:26,Southern Owens Valley,Cottonwood Ck. At LAA Flow,0.0
2026-08-11 10:28:26,Southern Owens Valley,LAA at Cottonwood Flow,393.0
2026-08-11 10:28:26,Southern Owens Valley,LAA at Cottonwood Level,8.2
2026-08-11 10:28:26,Southern Owens Valley,LAA at Cotton. Water Temp,75.9
2026-08-11 10:28:26,Southern Owens Valley,N. Haiwee Elevation,3757.0
2026-08-11 10:28:26,Southern Owens Valley,S. Haiwee Reservoir Elevation,3723.2
2026-08-11 10:28:26,Southern Owens Valley,Haiwee LAA #1 Current Flow,0.0
2026-08-11 10:28:26,Southern Owens Valley,Haiwee LAA #2 Current Flow,146.5
2026-08-11 10:28:26,Southern Owens Valley,Reinhackel Flow,3.0
2026-08-11 10:28:26,Southern Owens Valley,Lubkin Spillgate Outflow,0.0
2026-08-11 10:28:26,Southern Owens Valley,Cartago Spillgate Outflow,1.8
2026-08-11 10:28:26,Southern Owens Valley,Lone Pine Creek Flow,13.1
2026-08-11 10:28:26,Lower Owens River Project,LORP Intake Flow,80.0
2026-08-11 10:28:26,Lower Owens River Project,LORP at Mazourka Canyon Road,0.0
2026-08-11 10:28:26,Lower Owens River Project,LORP at Reinhackle Springs,70.0
2026-08-11 10:28:26,Lower Owens River Project,LORP Above Pumpstation,52.0
2026-08-11 10:28:26,Lower Owens River Project,LORP At Pump Station Discharge Flow,49.0
2026-08-11 10:28:26,Southern District,Haiwee LAA #2 Current Flow,146.5
2026-08-11 10:28:26,Southern District,S. Haiwee Reservoir Elevation,3723.2
2026-08-11 10:28:26,Southern District,Haiwee LAA #1 Current Flow,0.0
2026-08-11 10:28:26,Southern District,Fairmont Reservoir Elevation,3027.6
2026-08-11 10:28:26,Southern District,LAA #1 Flow at Fairmont Reservoir,348.8
2026-08-11 10:28:26,Southern District,LAA #2 Flow at Fairmont Res.,204.2
2026-08-11 10:28:26,Southern District,Bouquet Reservoir Elevation,2983.8
2026-08-11 10:28:26,Southern District,Bouquet Reservoir Inflow,79.6
2026-08-11 10:28:26,Southern District,Bouquet Reservoir Outflow,0.5
2026-08-11 10:28:26,Southern District,LAA #1 at Soledad Flow,279.3
2026-08-11 10:28:26,Southern District,LAA #2 at Soledad Flow,187.6
2026-08-11 10:43:27,Southern Owens Valley,LAA at Alabama Flow,314.0
2026-08-11 10:43:27,Southern Owens Valley,Cottonwood Ck. At LAA Flow,0.0
2026-08-11 10:43:27,Southern Owens Valley,Lone Pine Creek Flow,13.0
2026-08-11 10:43:28,Mono Basin,Lee Vining Intake Above Flow,33.2
2026-08-11 10:43:28,Mono Basin,Lee Vining Intake Below Flow,29.6
2026-08-11 10:43:28,Mono Basin,Mono Lk. Elevation,6382.4
2026-08-11 10:43:28,Mono Basin,Walker Ck. Above Conduit Flow,4.0
2026-08-11 10:43:28,Mono Basin,L.V. Conduit Below Intake Flow,2.5
2026-08-11 10:43:28,Mono Basin,Walker Ck. Under Conduit Flow,4.0
2026-08-11 10:43:28,Mono Basin,Parker Ck. Under Conduit Flow,14.0
2026-08-11 10:43:28,Mono Basin,Parker Ck. Above Conduit Flow,15.0
2026-08-11 10:43:28,Mono Basin,Grant Lk. Spill Flow,0.0
2026-08-11 10:43:28,Mono Basin,Mono Gate 1 Return Ditch Flow,27.5
2026-08-11 10:43:28,Mono Basin,Grant Lk. Elevation,7129.8
2026-08-11 10:43:28,Mono Basin,Grant Lk. Outflow,40.1
2026-08-11 10:43:28,Mono Basin,Rush Ck. at Damsite Flow,10.3
2026-08-11 10:43:28,Mono Basin,Flow to West Portal,14.5
2026-08-11 10:43:28,Long Valley,East Portal Flow,26.0
2026-08-11 10:43:28,Long Valley,OR Below EP Flow,69.0
2026-08-11 10:43:28,Long Valley,Hot Ck.at Hwy. Flow,7.0
2026-08-11 10:43:28,Long Valley,McGee Ck. Lower Sta. Flow,8.0
2026-08-11 10:43:28,Long Valley,Long Valley Elevation,6773.2
2026-08-11 10:43:28,Long Valley,Long Valley Current Outflow,584.5
2026-08-11 10:43:28,Long Valley,Rock Ck. Div. Flow,0.0
2026-08-11 10:43:28,Long Valley,Upper Gorge Total Release,39.9
2026-08-11 10:43:28,Long Valley,Release at Middle Gorge,0.0
2026-08-11 10:43:28,Northern Owens Valley,Rock Ck. At Owens River (PV) Flow,27.5
2026-08-11 10:43:28,Northern Owens Valley,Pleasant Valley Elevation,4385.9
2026-08-11 10:43:28,Northern Owens Valley,Pleasant Valley Outflow,502.1
2026-08-11 10:43:28,Northern Owens Valley,Baker Ck. At LA Station Flow,6.8
2026-08-11 10:43:28,Northern Owens Valley,Big Pine Ck. USGS Flow,52.3
2026-08-11 10:43:28,Northern Owens Valley,O.R. Below Big Pine,494.7
2026-08-11 10:43:28,Northern Owens Valley,Fish Springs At RR Flow,32.3
2026-08-11 10:43:28,Northern Owens Valley,Tinemaha Reservoir Outflow,424.4
2026-08-11 10:43:28,Northern Owens Valley,Bishop Creek Through Plant 6,103.2
2026-08-11 10:43:28,Northern Owens Valley,Bishop Creek Around Plant 6,7.4
2026-08-11 10:43:28,Southern Owens Valley,Tinemaha Reservoir Outflow,424.4
2026-08-11 10:43:28,Southern Owens Valley,Indep. Ck. At Junction Flow,7.4
2026-08-11 10:43:28,Southern Owens Valley,LAA at Alabama Level,6.9
2026-08-11 10:43:28,Southern Owens Valley,LAA at Alabama Water Temp,74.6
2026-08-11 10:43:28,Southern Owens Valley,LAA at Cottonwood Flow,392.0
2026-08-11 10:43:28,Southern Owens Valley,LAA at Cottonwood Level,8.2
2026-08-11 10:43:28,Southern Owens Valley,LAA at Cotton. Water Temp,75.9
2026-08-11 10:43:28,Southern Owens Valley,N. Haiwee Elevation,3757.0
2026-08-11 10:43:28,Southern Owens Valley,S. Haiwee Reservoir Elevation,3723.2
2026-08-11 10:43:28,Southern Owens Valley,Haiwee LAA #1 Current Flow,0.0
2026-08-11 10:43:28,Southern Owens Valley,Haiwee LAA #2 Current Flow,146.5
2026-08-11 10:43:28,Southern Owens Valley,Reinhackel Flow,3.0
2026-08-11 10:43:28,Southern Owens Valley,Lubkin Spillgate Outflow,0.0
2026-08-11 10:43:28,Southern Owens Valley,Cartago Spillgate Outflow,2.1
2026-08-11 10:43:28,Lower Owens River Project,LORP Intake Flow,80.0
2026-08-11 10:43:28,Lower Owens River Project,LORP at Mazourka Canyon Road,0.0
2026-08-11 10:43:28,Lower Owens River Project,LORP at Reinhackle Springs,70.0
2026-08-11 10:43:28,Lower Owens River Project,LORP Above Pumpstation,50.0
2026-08-11 10:43:28,Lower Owens River Project,LORP At Pump Station Discharge Flow,48.0
2026-08-11 10:43:28,Southern District,Haiwee LAA #2 Current Flow,146.5
2026-08-11 10:43:28,Southern District,S. Haiwee Reservoir Elevation,3723.2
2026-08-11 10:43:28,Southern District,Haiwee LAA #1 Current Flow,0.0
2026-08-11 10:43:28,Southern District,Fairmont Reservoir Elevation,3027.6
2026-08-11 10:43:28,Southern District,LAA #1 Flow at Fairmont Reservoir,352.3
2026-08-11 10:43:28,Southern District,LAA #2 Flow at Fairmont Res.,204.2
2026-08-11 10:43:28,Southern District,Bouquet Reservoir Elevation,2983.9
2026-08-11 10:43:28,Southern District,Bouquet Reservoir Inflow,80.8
2026-08-11 10:43:28,Southern District,Bouquet Reservoir Outflow,0.5
2026-08-11 10:43:28,Southern District,LAA #1 at Soledad Flow,275.4
2026-08-11 10:43:28,Southern District,LAA #2 at Soledad Flow,187.6
2026-08-11 10:58:26,Mono Basin,Lee Vining Intake Above Flow,33.2
2026-08-11 10:58:26,Mono Basin,Lee Vining Intake Below Flow,29.6
2026-08-11 10:58:26,Mono Basin,Mono Lk. Elevation,6382.4
2026-08-11 10:58:26,Mono Basin,Walker Ck. Above Conduit Flow,4.0
2026-08-11 10:58:26,Mono Basin,L.V. Conduit Below Intake Flow,2.5
2026-08-11 10:58:26,Mono Basin,Walker Ck. Under Conduit Flow,4.0
2026-08-11 10:58:26,Mono Basin,Parker Ck. Under Conduit Flow,14.0
2026-08-11 10:58:26,Mono Basin,Parker Ck. Above Conduit Flow,15.0
2026-08-11 10:58:26,Mono Basin,Grant Lk. Spill Flow,0.0
2026-08-11 10:58:26,Mono Basin,Mono Gate 1 Return Ditch Flow,27.5
2026-08-11 10:58:26,Mono Basin,Grant Lk. Elevation,7129.8
2026-08-11 10:58:26,Mono Basin,Grant Lk. Outflow,40.1
2026-08-11 10:58:26,Mono Basin,Rush Ck. at Damsite Flow,10.3
2026-08-11 10:58:26,Mono Basin,Flow to West Portal,14.5
2026-08-11 10:58:26,Long Valley,East Portal Flow,26.0
2026-08-11 10:58:26,Long Valley,OR Below EP Flow,69.0
2026-08-11 10:58:26,Long Valley,Hot Ck.at Hwy. Flow,7.0
2026-08-11 10:58:26,Long Valley,McGee Ck. Lower Sta. Flow,8.0
2026-08-11 10:58:26,Long Valley,Long Valley Elevation,6773.2
2026-08-11 10:58:26,Long Valley,Long Valley Current Outflow,581.0
2026-08-11 10:58:26,Long Valley,Rock Ck. Div. Flow,0.0
2026-08-11 10:58:26,Long Valley,Upper Gorge Total Release,39.9
2026-08-11 10:58:26,Long Valley,Release at Middle Gorge,0.0
2026-08-11 10:58:26,Northern Owens Valley,Rock Ck. At Owens River (PV) Flow,27.5
2026-08-11 10:58:26,Northern Owens Valley,Pleasant Valley Elevation,4385.9
2026-08-11 10:58:26,Northern Owens Valley,Pleasant Valley Outflow,502.0
2026-08-11 10:58:26,Northern Owens Valley,Baker Ck. At LA Station Flow,6.8
2026-08-11 10:58:26,Northern Owens Valley,Big Pine Ck. USGS Flow,52.3
2026-08-11 10:58:26,Northern Owens Valley,O.R. Below Big Pine,495.0
2026-08-11 10:58:26,Northern Owens Valley,Fish Springs At RR Flow,32.3
2026-08-11 10:58:26,Northern Owens Valley,Tinemaha Elevation,3861.7
2026-08-11 10:58:26,Northern Owens Valley,Tinemaha Reservoir Outflow,424.4
2026-08-11 10:58:26,Northern Owens Valley,Bishop Creek Through Plant 6,97.3
2026-08-11 10:58:26,Northern Owens Valley,Bishop Creek Around Plant 6,7.4
2026-08-11 10:58:26,Southern Owens Valley,Tinemaha Elevation,3861.7
2026-08-11 10:58:26,Southern Owens Valley,Tinemaha Reservoir Outflow,424.4
2026-08-11 10:58:26,Southern Owens Valley,Indep. Ck. At Junction Flow,7.4
2026-08-11 10:58:26,Southern Owens Valley,LAA at Alabama Flow,314.0
2026-08-11 10:58:26,Southern Owens Valley,LAA at Alabama Level,6.9
2026-08-11 10:58:26,Southern Owens Valley,LAA at Alabama Water Temp,74.6
2026-08-11 10:58:26,Southern Owens Valley,Cottonwood Ck. At LAA Flow,0.0
2026-08-11 10:58:26,Southern Owens Valley,LAA at Cottonwood Flow,392.0
2026-08-11 10:58:26,Southern Owens Valley,LAA at Cottonwood Level,8.2
2026-08-11 10:58:26,Southern Owens Valley,LAA at Cotton. Water Temp,76.0
2026-08-11 10:58:26,Southern Owens Valley,N. Haiwee Elevation,3757.0
2026-08-11 10:58:26,Southern Owens Valley,S. Haiwee Reservoir Elevation,3723.2
2026-08-11 10:58:26,Southern Owens Valley,Haiwee LAA #1 Current Flow,0.0
2026-08-11 10:58:26,Southern Owens Valley,Haiwee LAA #2 Current Flow,146.5
2026-08-11 10:58:26,Southern Owens Valley,Reinhackel Flow,3.0
2026-08-11 10:58:26,Southern Owens Valley,Lubkin Spillgate Outflow,0.0
2026-08-11 10:58:26,Southern Owens Valley,Cartago Spillgate Outflow,3.4
2026-08-11 10:58:26,Southern Owens Valley,Lone Pine Creek Flow,13.0
2026-08-11 10:58:26,Lower Owens River Project,LORP Intake Flow,80.0
2026-08-11 10:58:26,Lower Owens River Project,LORP at Mazourka Canyon Road,0.0
2026-08-11 10:58:26,Lower Owens River Project,LORP at Reinhackle Springs,70.0
2026-08-11 10:58:26,Lower Owens River Project,LORP Above Pumpstation,51.0
2026-08-11 10:58:26,Lower Owens River Project,LORP At Pump Station Discharge Flow,48.0
2026-08-11 10:58:26,Southern District,Haiwee LAA #2 Current Flow,146.5
2026-08-11 10:58:26,Southern District,S. Haiwee Reservoir Elevation,3723.2
2026-08-11 10:58:26,Southern District,Haiwee LAA #1 Current Flow,0.0
2026-08-11 10:58:26,Southern District,Fairmont Reservoir Elevation,3027.6
2026-08-11 10:58:26,Southern District,LAA #1 Flow at Fairmont Reservoir,362.3
2026-08-11 10:58:26,Southern District,LAA #2 Flow at Fairmont Res.,204.3
2026-08-11 10:58:26,Southern District,Bouquet Reservoir Inflow,84.9
2026-08-11 10:58:26,Southern District,Bouquet Reservoir Outflow,0.5
2026-08-11 10:58:26,Southern District,LAA #1 at Soledad Flow,275.4
2026-08-11 10:58:26,Southern District,LAA #2 at Soledad Flow,187.6
2026-08-11 10:58:27,Southern District,Bouquet Reservoir Elevation,2983.9
2026-08-11 11:13:26,Mono Basin,Lee Vining Intake Above Flow,33.3
2026-08-11 11:13:26,Mono Basin,Lee Vining Intake Below Flow,29.7
2026-08-11 11:13:26,Mono Basin,Mono Lk. Elevation,6382.4
2026-08-11 11:13:26,Mono Basin,Walker Ck. Above Conduit Flow,4.0
2026-08-11 11:13:26,Mono Basin,L.V. Conduit Below Intake Flow,2.4
2026-08-11 11:13:26,Mono Basin,Walker Ck. Under Conduit Flow,4.0
2026-08-11 11:13:26,Mono Basin,Parker Ck. Under Conduit Flow,14.0
2026-08-11 11:13:26,Mono Basin,Parker Ck. Above Conduit Flow,15.0
2026-08-11 11:13:26,Mono Basin,Grant Lk. Spill Flow,0.0
2026-08-11 11:13:26,Mono Basin,Mono Gate 1 Return Ditch Flow,27.5
2026-08-11 11:13:26,Mono Basin,Grant Lk. Elevation,7129.8
2026-08-11 11:13:26,Mono Basin,Grant Lk. Outflow,40.1
2026-08-11 11:13:26,Mono Basin,Rush Ck. at Damsite Flow,10.3
2026-08-11 11:13:26,Mono Basin,Flow to West Portal,14.5
2026-08-11 11:13:26,Long Valley,East Portal Flow,26.0
2026-08-11 11:13:26,Long Valley,OR Below EP Flow,69.0
2026-08-11 11:13:26,Long Valley,Hot Ck.at Hwy. Flow,7.0
2026-08-11 11:13:26,Long Valley,McGee Ck. Lower Sta. Flow,8.0
2026-08-11 11:13:26,Long Valley,Long Valley Elevation,6773.2
2026-08-11 11:13:26,Long Valley,Long Valley Current Outflow,581.0
2026-08-11 11:13:26,Long Valley,Rock Ck. Div. Flow,0.0
2026-08-11 11:13:26,Long Valley,Upper Gorge Total Release,39.7
2026-08-11 11:13:26,Long Valley,Release at Middle Gorge,0.0
2026-08-11 11:13:26,Northern Owens Valley,Rock Ck. At Owens River (PV) Flow,27.5
2026-08-11 11:13:26,Northern Owens Valley,Pleasant Valley Elevation,4386.0
2026-08-11 11:13:26,Northern Owens Valley,Pleasant Valley Outflow,501.7
2026-08-11 11:13:26,Northern Owens Valley,Baker Ck. At LA Station Flow,6.9
2026-08-11 11:13:26,Northern Owens Valley,Big Pine Ck. USGS Flow,52.3
2026-08-11 11:13:26,Northern Owens Valley,O.R. Below Big Pine,497.2
2026-08-11 11:13:26,Northern Owens Valley,Fish Springs At RR Flow,32.3
2026-08-11 11:13:26,Northern Owens Valley,Tinemaha Reservoir Outflow,424.4
2026-08-11 11:13:26,Northern Owens Valley,Bishop Creek Through Plant 6,99.7
2026-08-11 11:13:26,Northern Owens Valley,Bishop Creek Around Plant 6,7.4
2026-08-11 11:13:26,Southern Owens Valley,Tinemaha Reservoir Outflow,424.4
2026-08-11 11:13:26,Southern Owens Valley,Indep. Ck. At Junction Flow,7.4
2026-08-11 11:13:26,Southern Owens Valley,LAA at Alabama Flow,314.0
2026-08-11 11:13:26,Southern Owens Valley,LAA at Alabama Level,6.9
2026-08-11 11:13:26,Southern Owens Valley,LAA at Alabama Water Temp,74.8
2026-08-11 11:13:26,Southern Owens Valley,Cottonwood Ck. At LAA Flow,0.0
2026-08-11 11:13:26,Southern Owens Valley,LAA at Cottonwood Flow,391.0
2026-08-11 11:13:26,Southern Owens Valley,LAA at Cottonwood Level,8.2
2026-08-11 11:13:26,Southern Owens Valley,LAA at Cotton. Water Temp,76.1
2026-08-11 11:13:26,Southern Owens Valley,N. Haiwee Elevation,3757.0
2026-08-11 11:13:26,Southern Owens Valley,S. Haiwee Reservoir Elevation,3723.2
2026-08-11 11:13:26,Southern Owens Valley,Haiwee LAA #1 Current Flow,0.0
2026-08-11 11:13:26,Southern Owens Valley,Haiwee LAA #2 Current Flow,146.5
2026-08-11 11:13:26,Southern Owens Valley,Reinhackel Flow,3.0
2026-08-11 11:13:26,Southern Owens Valley,Lubkin Spillgate Outflow,0.0
2026-08-11 11:13:26,Southern Owens Valley,Cartago Spillgate Outflow,3.4
2026-08-11 11:13:26,Southern Owens Valley,Lone Pine Creek Flow,13.0
2026-08-11 11:13:26,Lower Owens River Project,LORP Intake Flow,80.0
2026-08-11 11:13:26,Lower Owens River Project,LORP at Mazourka Canyon Road,0.0
2026-08-11 11:13:26,Lower Owens River Project,LORP at Reinhackle Springs,70.0
2026-08-11 11:13:26,Lower Owens River Project,LORP Above Pumpstation,51.0
2026-08-11 11:13:26,Lower Owens River Project,LORP At Pump Station Discharge Flow,48.0
2026-08-11 11:13:26,Southern District,Haiwee LAA #2 Current Flow,146.5
2026-08-11 11:13:26,Southern District,S. Haiwee Reservoir Elevation,3723.2
2026-08-11 11:13:26,Southern District,Haiwee LAA #1 Current Flow,0.0
2026-08-11 11:13:26,Southern District,Fairmont Reservoir Elevation,3027.6
2026-08-11 11:13:26,Southern District,LAA #1 Flow at Fairmont Reservoir,336.0
2026-08-11 11:13:26,Southern District,LAA #2 Flow at Fairmont Res.,203.5
2026-08-11 11:13:26,Southern District,Bouquet Reservoir Elevation,2983.9
2026-08-11 11:13:26,Southern District,Bouquet Reservoir Inflow,79.8
2026-08-11 11:13:26,Southern District,Bouquet Reservoir Outflow,0.5
2026-08-11 11:13:26,Southern District,LAA #1 at Soledad Flow,275.4
2026-08-11 11:13:26,Southern District,LAA #2 at Soledad Flow,187.6
2026-08-11 11:28:27,Mono Basin,Lee Vining Intake Above Flow,33.3
2026-08-11 11:28:27,Mono Basin,Lee Vining Intake Below Flow,29.7
2026-08-11 11:28:27,Mono Basin,Mono Lk. Elevation,6382.4
2026-08-11 11:28:27,Mono Basin,Walker Ck. Above Conduit Flow,4.0
2026-08-11 11:28:27,Mono Basin,L.V. Conduit Below Intake Flow,2.4
2026-08-11 11:28:27,Mono Basin,Walker Ck. Under Conduit Flow,4.0
2026-08-11 11:28:27,Mono Basin,Parker Ck. Under Conduit Flow,14.0
2026-08-11 11:28:27,Mono Basin,Parker Ck. Above Conduit Flow,15.0
2026-08-11 11:28:27,Mono Basin,Grant Lk. Spill Flow,0.0
2026-08-11 11:28:27,Mono Basin,Mono Gate 1 Return Ditch Flow,27.4
2026-08-11 11:28:27,Mono Basin,Grant Lk. Elevation,7129.7
2026-08-11 11:28:27,Mono Basin,Grant Lk. Outflow,39.8
2026-08-11 11:28:27,Mono Basin,Rush Ck. at Damsite Flow,10.3
2026-08-11 11:28:27,Mono Basin,Flow to West Portal,14.5
2026-08-11 11:28:27,Long Valley,East Portal Flow,26.0
2026-08-11 11:28:27,Long Valley,OR Below EP Flow,69.0
2026-08-11 11:28:27,Long Valley,Hot Ck.at Hwy. Flow,7.0
2026-08-11 11:28:27,Long Valley,McGee Ck. Lower Sta. Flow,8.0
2026-08-11 11:28:27,Long Valley,Long Valley Elevation,6773.2
2026-08-11 11:28:27,Long Valley,Long Valley Current Outflow,582.3
2026-08-11 11:28:27,Long Valley,Rock Ck. Div. Flow,0.0
2026-08-11 11:28:27,Long Valley,Upper Gorge Total Release,39.7
2026-08-11 11:28:27,Long Valley,Release at Middle Gorge,0.0
2026-08-11 11:28:27,Northern Owens Valley,Rock Ck. At Owens River (PV) Flow,27.5
2026-08-11 11:28:27,Northern Owens Valley,Pleasant Valley Elevation,4386.0
2026-08-11 11:28:27,Northern Owens Valley,Pleasant Valley Outflow,501.8
2026-08-11 11:28:27,Northern Owens Valley,Baker Ck. At LA Station Flow,6.9
2026-08-11 11:28:27,Northern Owens Valley,Big Pine Ck. USGS Flow,52.3
2026-08-11 11:28:27,Northern Owens Valley,O.R. Below Big Pine,495.2
2026-08-11 11:28:27,Northern Owens Valley,Fish Springs At RR Flow,32.3
2026-08-11 11:28:27,Northern Owens Valley,Tinemaha Elevation,3861.7
2026-08-11 11:28:27,Northern Owens Valley,Tinemaha Reservoir Outflow,424.4
2026-08-11 11:28:27,Northern Owens Valley,Bishop Creek Through Plant 6,103.1
2026-08-11 11:28:27,Northern Owens Valley,Bishop Creek Around Plant 6,7.4
2026-08-11 11:28:27,Southern Owens Valley,Tinemaha Elevation,3861.7
2026-08-11 11:28:27,Southern Owens Valley,Tinemaha Reservoir Outflow,424.4
2026-08-11 11:28:27,Southern Owens Valley,Indep. Ck. At Junction Flow,7.4
2026-08-11 11:28:27,Southern Owens Valley,LAA at Alabama Flow,314.0
2026-08-11 11:28:27,Southern Owens Valley,LAA at Alabama Level,6.9
2026-08-11 11:28:27,Southern Owens Valley,LAA at Alabama Water Temp,74.8
2026-08-11 11:28:27,Southern Owens Valley,Cottonwood Ck. At LAA Flow,0.0
2026-08-11 11:28:27,Southern Owens Valley,LAA at Cottonwood Flow,391.0
2026-08-11 11:28:27,Southern Owens Valley,LAA at Cottonwood Level,8.2
2026-08-11 11:28:27,Southern Owens Valley,LAA at Cotton. Water Temp,76.1
2026-08-11 11:28:27,Southern Owens Valley,N. Haiwee Elevation,3757.0
2026-08-11 11:28:27,Southern Owens Valley,S. Haiwee Reservoir Elevation,3723.2
2026-08-11 11:28:27,Southern Owens Valley,Haiwee LAA #1 Current Flow,0.0
2026-08-11 11:28:27,Southern Owens Valley,Haiwee LAA #2 Current Flow,146.5
2026-08-11 11:28:27,Southern Owens Valley,Reinhackel Flow,3.0
2026-08-11 11:28:27,Southern Owens Valley,Lubkin Spillgate Outflow,0.0
2026-08-11 11:28:27,Southern Owens Valley,Cartago Spillgate Outflow,3.5
2026-08-11 11:28:27,Southern Owens Valley,Lone Pine Creek Flow,13.0
2026-08-11 11:28:27,Lower Owens River Project,LORP Intake Flow,80.0
2026-08-11 11:28:27,Lower Owens River Project,LORP at Mazourka Canyon Road,0.0
2026-08-11 11:28:27,Lower Owens River Project,LORP at Reinhackle Springs,71.0
2026-08-11 11:28:27,Lower Owens River Project,LORP Above Pumpstation,51.0
2026-08-11 11:28:27,Lower Owens River Project,LORP At Pump Station Discharge Flow,48.0
2026-08-11 11:28:27,Southern District,Haiwee LAA #2 Current Flow,146.5
2026-08-11 11:28:27,Southern District,S. Haiwee Reservoir Elevation,3723.2
2026-08-11 11:28:27,Southern District,Haiwee LAA #1 Current Flow,0.0
2026-08-11 11:28:27,Southern District,Fairmont Reservoir Elevation,3027.6
2026-08-11 11:28:27,Southern District,LAA #1 Flow at Fairmont Reservoir,339.8
2026-08-11 11:28:27,Southern District,LAA #2 Flow at Fairmont Res.,204.3
2026-08-11 11:28:27,Southern District,Bouquet Reservoir Elevation,2983.9
2026-08-11 11:28:27,Southern District,Bouquet Reservoir Inflow,79.4
2026-08-11 11:28:27,Southern District,Bouquet Reservoir Outflow,0.5
2026-08-11 11:28:27,Southern District,LAA #1 at Soledad Flow,275.4
2026-08-11 11:28:27,Southern District,LAA #2 at Soledad Flow,187.6
2026-08-11 11:43:27,Mono Basin,Lee Vining Intake Above Flow,33.0
2026-08-11 11:43:27,Mono Basin,Lee Vining Intake Below Flow,29.6
2026-08-11 11:43:27,Mono Basin,Walker Ck. Above Conduit Flow,4.0
2026-08-11 11:43:27,Mono Basin,L.V. Conduit Below Intake Flow,2.3
2026-08-11 11:43:27,Mono Basin,Walker Ck. Under Conduit Flow,4.0
2026-08-11 11:43:27,Mono Basin,Parker Ck. Under Conduit Flow,14.0
2026-08-11 11:43:27,Mono Basin,Parker Ck. Above Conduit Flow,15.0
2026-08-11 11:43:27,Mono Basin,Grant Lk. Spill Flow,0.0
2026-08-11 11:43:27,Mono Basin,Mono Gate 1 Return Ditch Flow,27.4
2026-08-11 11:43:27,Mono Basin,Grant Lk. Outflow,39.8
2026-08-11 11:43:27,Mono Basin,Rush Ck. at Damsite Flow,10.3
2026-08-11 11:43:27,Mono Basin,Flow to West Portal,14.5
2026-08-11 11:43:27,Long Valley,East Portal Flow,26.0
2026-08-11 11:43:27,Long Valley,OR Below EP Flow,69.0
2026-08-11 11:43:27,Long Valley,Hot Ck.at Hwy. Flow,7.0
2026-08-11 11:43:27,Long Valley,McGee Ck. Lower Sta. Flow,8.0
2026-08-11 11:43:27,Long Valley,Long Valley Current Outflow,582.3
2026-08-11 11:43:27,Long Valley,Rock Ck. Div. Flow,0.0
2026-08-11 11:43:27,Long Valley,Upper Gorge Total Release,40.1
2026-08-11 11:43:27,Long Valley,Release at Middle Gorge,0.0
2026-08-11 11:43:27,Northern Owens Valley,Rock Ck. At Owens River (PV) Flow,27.5
2026-08-11 11:43:27,Northern Owens Valley,Pleasant Valley Outflow,501.1
2026-08-11 11:43:27,Northern Owens Valley,Baker Ck. At LA Station Flow,6.9
2026-08-11 11:43:27,Northern Owens Valley,Big Pine Ck. USGS Flow,52.3
2026-08-11 11:43:27,Northern Owens Valley,O.R. Below Big Pine,495.0
2026-08-11 11:43:27,Northern Owens Valley,Fish Springs At RR Flow,32.3
2026-08-11 11:43:27,Northern Owens Valley,Tinemaha Reservoir Outflow,424.4
2026-08-11 11:43:27,Northern Owens Valley,Bishop Creek Through Plant 6,103.1
2026-08-11 11:43:27,Northern Owens Valley,Bishop Creek Around Plant 6,7.4
2026-08-11 11:43:27,Southern Owens Valley,Tinemaha Reservoir Outflow,424.4
2026-08-11 11:43:27,Southern Owens Valley,Indep. Ck. At Junction Flow,7.4
2026-08-11 11:43:27,Southern Owens Valley,LAA at Alabama Flow,314.0
2026-08-11 11:43:27,Southern Owens Valley,Cottonwood Ck. At LAA Flow,0.0
2026-08-11 11:43:27,Southern Owens Valley,LAA at Cottonwood Flow,390.0
2026-08-11 11:43:27,Southern Owens Valley,Haiwee LAA #1 Current Flow,0.0
2026-08-11 11:43:27,Southern Owens Valley,Haiwee LAA #2 Current Flow,146.5
2026-08-11 11:43:27,Southern Owens Valley,Reinhackel Flow,3.0
2026-08-11 11:43:27,Southern Owens Valley,Lubkin Spillgate Outflow,0.0
2026-08-11 11:43:27,Southern Owens Valley,Cartago Spillgate Outflow,3.5
2026-08-11 11:43:27,Southern Owens Valley,Lone Pine Creek Flow,12.9
2026-08-11 11:43:27,Lower Owens River Project,LORP Intake Flow,81.0
2026-08-11 11:43:27,Lower Owens River Project,LORP at Mazourka Canyon Road,0.0
2026-08-11 11:43:27,Lower Owens River Project,LORP at Reinhackle Springs,71.0
2026-08-11 11:43:27,Lower Owens River Project,LORP Above Pumpstation,51.0
2026-08-11 11:43:27,Lower Owens River Project,LORP At Pump Station Discharge Flow,48.0
2026-08-11 11:43:27,Southern District,Haiwee LAA #2 Current Flow,146.5
2026-08-11 11:43:27,Southern District,Haiwee LAA #1 Current Flow,0.0
2026-08-11 11:43:27,Southern District,LAA #1 Flow at Fairmont Reservoir,350.5
2026-08-11 11:43:27,Southern District,LAA #2 Flow at Fairmont Res.,204.5
2026-08-11 11:43:27,Southern District,Bouquet Reservoir Inflow,84.4
2026-08-11 11:43:27,Southern District,Bouquet Reservoir Outflow,0.5
2026-08-11 11:43:27,Southern District,LAA #1 at Soledad Flow,275.4
2026-08-11 11:43:27,Southern District,LAA #2 at Soledad Flow,187.6
2026-08-11 11:43:28,Mono Basin,Mono Lk. Elevation,6382.4
2026-08-11 11:43:28,Mono Basin,Grant Lk. Elevation,7129.7
2026-08-11 11:43:28,Long Valley,Long Valley Elevation,6773.2
2026-08-11 11:43:28,Northern Owens Valley,Pleasant Valley Elevation,4386.0
2026-08-11 11:43:28,Southern Owens Valley,LAA at Alabama Level,6.9
2026-08-11 11:43:28,Southern Owens Valley,LAA at Alabama Water Temp,74.8
2026-08-11 11:43:28,Southern Owens Valley,LAA at Cottonwood Level,8.2
2026-08-11 11:43:28,Southern Owens Valley,LAA at Cotton. Water Temp,76.4
2026-08-11 11:43:28,Southern Owens Valley,N. Haiwee Elevation,3757.0
2026-08-11 11:43:28,Southern Owens Valley,S. Haiwee Reservoir Elevation,3723.2
2026-08-11 11:43:28,Southern District,S. Haiwee Reservoir Elevation,3723.2
2026-08-11 11:43:28,Southern District,Fairmont Reservoir Elevation,3027.6
2026-08-11 11:43:28,Southern District,Bouquet Reservoir Elevation,2983.9
2026-08-11 11:58:26,Mono Basin,Lee Vining Intake Above Flow,33.0
2026-08-11 11:58:26,Mono Basin,Lee Vining Intake Below Flow,29.5
2026-08-11 11:58:26,Mono Basin,Mono Lk. Elevation,6382.4
2026-08-11 11:58:26,Mono Basin,Walker Ck. Above Conduit Flow,4.0
2026-08-11 11:58:26,Mono Basin,L.V. Conduit Below Intake Flow,2.2
2026-08-11 11:58:26,Mono Basin,Walker Ck. Under Conduit Flow,4.0
2026-08-11 11:58:26,Mono Basin,Parker Ck. Under Conduit Flow,14.0
2026-08-11 11:58:26,Mono Basin,Parker Ck. Above Conduit Flow,15.0
2026-08-11 11:58:26,Mono Basin,Grant Lk. Spill Flow,0.0
2026-08-11 11:58:26,Mono Basin,Mono Gate 1 Return Ditch Flow,27.4
2026-08-11 11:58:26,Mono Basin,Grant Lk. Elevation,7129.7
2026-08-11 11:58:26,Mono Basin,Grant Lk. Outflow,39.8
2026-08-11 11:58:26,Mono Basin,Rush Ck. at Damsite Flow,10.3
2026-08-11 11:58:26,Mono Basin,Flow to West Portal,14.5
2026-08-11 11:58:26,Long Valley,East Portal Flow,26.0
2026-08-11 11:58:26,Long Valley,OR Below EP Flow,69.0
2026-08-11 11:58:26,Long Valley,Hot Ck.at Hwy. Flow,7.0
2026-08-11 11:58:26,Long Valley,McGee Ck. Lower Sta. Flow,8.0
2026-08-11 11:58:26,Long Valley,Long Valley Elevation,6773.2
2026-08-11 11:58:26,Long Valley,Long Valley Current Outflow,582.3
2026-08-11 11:58:26,Long Valley,Rock Ck. Div. Flow,0.0
2026-08-11 11:58:26,Long Valley,Upper Gorge Total Release,40.1
2026-08-11 11:58:26,Long Valley,Release at Middle Gorge,0.0
2026-08-11 11:58:26,Northern Owens Valley,Rock Ck. At Owens River (PV) Flow,27.5
2026-08-11 11:58:26,Northern Owens Valley,Pleasant Valley Elevation,4386.1
2026-08-11 11:58:26,Northern Owens Valley,Pleasant Valley Outflow,501.4
2026-08-11 11:58:26,Northern Owens Valley,Baker Ck. At LA Station Flow,6.9
2026-08-11 11:58:26,Northern Owens Valley,Big Pine Ck. USGS Flow,52.3
2026-08-11 11:58:26,Northern Owens Valley,O.R. Below Big Pine,496.2
2026-08-11 11:58:26,Northern Owens Valley,Fish Springs At RR Flow,32.3
2026-08-11 11:58:26,Northern Owens Valley,Tinemaha Elevation,3861.7
2026-08-11 11:58:26,Northern Owens Valley,Tinemaha Reservoir Outflow,424.4
2026-08-11 11:58:26,Northern Owens Valley,Bishop Creek Through Plant 6,103.1
2026-08-11 11:58:26,Northern Owens Valley,Bishop Creek Around Plant 6,7.4
2026-08-11 11:58:26,Southern Owens Valley,Tinemaha Elevation,3861.7
2026-08-11 11:58:26,Southern Owens Valley,Tinemaha Reservoir Outflow,424.4
2026-08-11 11:58:26,Southern Owens Valley,Indep. Ck. At Junction Flow,7.4
2026-08-11 11:58:26,Southern Owens Valley,LAA at Alabama Flow,314.0
2026-08-11 11:58:26,Southern Owens Valley,LAA at Alabama Level,6.9
2026-08-11 11:58:26,Southern Owens Valley,LAA at Alabama Water Temp,74.8
2026-08-11 11:58:26,Southern Owens Valley,Cottonwood Ck. At LAA Flow,0.0
2026-08-11 11:58:26,Southern Owens Valley,LAA at Cottonwood Flow,390.0
2026-08-11 11:58:26,Southern Owens Valley,LAA at Cottonwood Level,8.2
2026-08-11 11:58:26,Southern Owens Valley,LAA at Cotton. Water Temp,76.4
2026-08-11 11:58:26,Southern Owens Valley,N. Haiwee Elevation,3757.0
2026-08-11 11:58:26,Southern Owens Valley,S. Haiwee Reservoir Elevation,3723.2
2026-08-11 11:58:26,Southern Owens Valley,Haiwee LAA #1 Current Flow,0.0
2026-08-11 11:58:26,Southern Owens Valley,Haiwee LAA #2 Current Flow,146.5
2026-08-11 11:58:26,Southern Owens Valley,Reinhackel Flow,3.0
2026-08-11 11:58:26,Southern Owens Valley,Lubkin Spillgate Outflow,0.0
2026-08-11 11:58:26,Southern Owens Valley,Cartago Spillgate Outflow,4.2
2026-08-11 11:58:26,Southern Owens Valley,Lone Pine Creek Flow,12.9
2026-08-11 11:58:26,Lower Owens River Project,LORP Intake Flow,81.0
2026-08-11 11:58:26,Lower Owens River Project,LORP at Mazourka Canyon Road,0.0
2026-08-11 11:58:26,Lower Owens River Project,LORP at Reinhackle Springs,71.0
2026-08-11 11:58:26,Lower Owens River Project,LORP Above Pumpstation,51.0
2026-08-11 11:58:26,Lower Owens River Project,LORP At Pump Station Discharge Flow,48.0
2026-08-11 11:58:26,Southern District,Haiwee LAA #2 Current Flow,146.5
2026-08-11 11:58:26,Southern District,S. Haiwee Reservoir Elevation,3723.2
2026-08-11 11:58:26,Southern District,Haiwee LAA #1 Current Flow,0.0
2026-08-11 11:58:26,Southern District,Fairmont Reservoir Elevation,3027.6
2026-08-11 11:58:26,Southern District,LAA #1 Flow at Fairmont Reservoir,365.2
2026-08-11 11:58:26,Southern District,LAA #2 Flow at Fairmont Res.,204.6
2026-08-11 11:58:26,Southern District,Bouquet Reservoir Elevation,2983.9
2026-08-11 11:58:26,Southern District,Bouquet Reservoir Inflow,84.2
2026-08-11 11:58:26,Southern District,Bouquet Reservoir Outflow,0.5
2026-08-11 11:58:26,Southern District,LAA #1 at Soledad Flow,275.4
2026-08-11 11:58:26,Southern District,LAA #2 at Soledad Flow,187.6
2026-08-11 12:13:26,Mono Basin,Lee Vining Intake Above Flow,33.5
2026-08-11 12:13:26,Mono Basin,Lee Vining Intake Below Flow,29.6
2026-08-11 12:13:26,Mono Basin,Mono Lk. Elevation,6382.4
2026-08-11 12:13:26,Mono Basin,Walker Ck. Above Conduit Flow,4.0
2026-08-11 12:13:26,Mono Basin,L.V. Conduit Below Intake Flow,2.3
2026-08-11 12:13:26,Mono Basin,Walker Ck. Under Conduit Flow,4.0
2026-08-11 12:13:26,Mono Basin,Parker Ck. Under Conduit Flow,14.0
2026-08-11 12:13:26,Mono Basin,Parker Ck. Above Conduit Flow,15.0
2026-08-11 12:13:26,Mono Basin,Grant Lk. Spill Flow,0.0
2026-08-11 12:13:26,Mono Basin,Mono Gate 1 Return Ditch Flow,27.4
2026-08-11 12:13:26,Mono Basin,Grant Lk. Elevation,7129.7
2026-08-11 12:13:26,Mono Basin,Grant Lk. Outflow,39.8
2026-08-11 12:13:26,Mono Basin,Rush Ck. at Damsite Flow,10.3
2026-08-11 12:13:26,Mono Basin,Flow to West Portal,14.4
2026-08-11 12:13:26,Long Valley,East Portal Flow,26.0
2026-08-11 12:13:26,Long Valley,OR Below EP Flow,69.0
2026-08-11 12:13:26,Long Valley,Hot Ck.at Hwy. Flow,7.0
2026-08-11 12:13:26,Long Valley,McGee Ck. Lower Sta. Flow,8.0
2026-08-11 12:13:26,Long Valley,Long Valley Elevation,6773.2
2026-08-11 12:13:26,Long Valley,Long Valley Current Outflow,581.3
2026-08-11 12:13:26,Long Valley,Rock Ck. Div. Flow,0.0
2026-08-11 12:13:26,Long Valley,Upper Gorge Total Release,39.3
2026-08-11 12:13:26,Long Valley,Release at Middle Gorge,0.0
2026-08-11 12:13:26,Northern Owens Valley,Rock Ck. At Owens River (PV) Flow,27.5
2026-08-11 12:13:26,Northern Owens Valley,Pleasant Valley Elevation,4386.1
2026-08-11 12:13:26,Northern Owens Valley,Pleasant Valley Outflow,501.3
2026-08-11 12:13:26,Northern Owens Valley,Baker Ck. At LA Station Flow,6.7
2026-08-11 12:13:26,Northern Owens Valley,Big Pine Ck. USGS Flow,52.3
2026-08-11 12:13:26,Northern Owens Valley,O.R. Below Big Pine,496.4
2026-08-11 12:13:26,Northern Owens Valley,Fish Springs At RR Flow,32.3
2026-08-11 12:13:26,Northern Owens Valley,Tinemaha Reservoir Outflow,424.4
2026-08-11 12:13:26,Northern Owens Valley,Bishop Creek Through Plant 6,103.1
2026-08-11 12:13:26,Northern Owens Valley,Bishop Creek Around Plant 6,7.4
2026-08-11 12:13:26,Southern Owens Valley,Tinemaha Reservoir Outflow,424.4
2026-08-11 12:13:26,Southern Owens Valley,Indep. Ck. At Junction Flow,7.4
2026-08-11 12:13:26,Southern Owens Valley,LAA at Alabama Flow,314.0
2026-08-11 12:13:26,Southern Owens Valley,LAA at Alabama Level,6.9
2026-08-11 12:13:26,Southern Owens Valley,LAA at Alabama Water Temp,75.5
2026-08-11 12:13:26,Southern Owens Valley,Cottonwood Ck. At LAA Flow,0.0
2026-08-11 12:13:26,Southern Owens Valley,LAA at Cottonwood Flow,390.0
2026-08-11 12:13:26,Southern Owens Valley,LAA at Cottonwood Level,8.2
2026-08-11 12:13:26,Southern Owens Valley,LAA at Cotton. Water Temp,76.7
2026-08-11 12:13:26,Southern Owens Valley,N. Haiwee Elevation,3757.0
2026-08-11 12:13:26,Southern Owens Valley,S. Haiwee Reservoir Elevation,3723.2
2026-08-11 12:13:26,Southern Owens Valley,Haiwee LAA #1 Current Flow,0.0
2026-08-11 12:13:26,Southern Owens Valley,Haiwee LAA #2 Current Flow,146.5
2026-08-11 12:13:26,Southern Owens Valley,Reinhackel Flow,3.0
2026-08-11 12:13:26,Southern Owens Valley,Lubkin Spillgate Outflow,0.0
2026-08-11 12:13:26,Southern Owens Valley,Cartago Spillgate Outflow,3.4
2026-08-11 12:13:26,Southern Owens Valley,Lone Pine Creek Flow,12.9
2026-08-11 12:13:26,Lower Owens River Project,LORP Intake Flow,81.0
2026-08-11 12:13:26,Lower Owens River Project,LORP at Mazourka Canyon Road,0.0
2026-08-11 12:13:26,Lower Owens River Project,LORP at Reinhackle Springs,71.0
2026-08-11 12:13:26,Lower Owens River Project,LORP Above Pumpstation,51.0
2026-08-11 12:13:26,Lower Owens River Project,LORP At Pump Station Discharge Flow,48.0
2026-08-11 12:13:26,Southern District,Haiwee LAA #2 Current Flow,146.5
2026-08-11 12:13:26,Southern District,S. Haiwee Reservoir Elevation,3723.2
2026-08-11 12:13:26,Southern District,Haiwee LAA #1 Current Flow,0.0
2026-08-11 12:13:26,Southern District,Fairmont Reservoir Elevation,3027.6
2026-08-11 12:13:26,Southern District,LAA #1 Flow at Fairmont Reservoir,350.0
2026-08-11 12:13:26,Southern District,LAA #2 Flow at Fairmont Res.,204.3
2026-08-11 12:13:26,Southern District,Bouquet Reservoir Elevation,2983.9
2026-08-11 12:13:26,Southern District,Bouquet Reservoir Inflow,77.7
2026-08-11 12:13:26,Southern District,Bouquet Reservoir Outflow,0.6
2026-08-11 12:13:26,Southern District,LAA #1 at Soledad Flow,275.4
2026-08-11 12:13:26,Southern District,LAA #2 at Soledad Flow,187.6
2026-08-11 12:28:26,Northern Owens Valley,Tinemaha Elevation,3861.7
2026-08-11 12:28:26,Southern Owens Valley,Tinemaha Elevation,3861.7
2026-08-11 12:28:26,Mono Basin,Lee Vining Intake Above Flow,33.5
2026-08-11 12:28:26,Mono Basin,Lee Vining Intake Below Flow,29.6
2026-08-11 12:28:26,Mono Basin,Mono Lk. Elevation,6382.4
2026-08-11 12:28:26,Mono Basin,Walker Ck. Above Conduit Flow,4.0
2026-08-11 12:28:26,Mono Basin,L.V. Conduit Below Intake Flow,2.3
2026-08-11 12:28:26,Mono Basin,Walker Ck. Under Conduit Flow,4.0
2026-08-11 12:28:26,Mono Basin,Parker Ck. Under Conduit Flow,14.0
2026-08-11 12:28:26,Mono Basin,Parker Ck. Above Conduit Flow,15.0
2026-08-11 12:28:26,Mono Basin,Grant Lk. Spill Flow,0.0
2026-08-11 12:28:26,Mono Basin,Mono Gate 1 Return Ditch Flow,27.5
2026-08-11 12:28:26,Mono Basin,Grant Lk. Elevation,7129.8
2026-08-11 12:28:26,Mono Basin,Grant Lk. Outflow,40.0
2026-08-11 12:28:26,Mono Basin,Rush Ck. at Damsite Flow,10.3
2026-08-11 12:28:26,Mono Basin,Flow to West Portal,14.4
2026-08-11 12:28:26,Long Valley,East Portal Flow,26.0
2026-08-11 12:28:26,Long Valley,OR Below EP Flow,69.0
2026-08-11 12:28:26,Long Valley,Hot Ck.at Hwy. Flow,7.0
2026-08-11 12:28:26,Long Valley,McGee Ck. Lower Sta. Flow,8.0
2026-08-11 12:28:26,Long Valley,Long Valley Elevation,6773.2
2026-08-11 12:28:26,Long Valley,Long Valley Current Outflow,584.8
2026-08-11 12:28:26,Long Valley,Rock Ck. Div. Flow,0.0
2026-08-11 12:28:26,Long Valley,Upper Gorge Total Release,40.2
2026-08-11 12:28:26,Long Valley,Release at Middle Gorge,0.0
2026-08-11 12:28:26,Northern Owens Valley,Rock Ck. At Owens River (PV) Flow,27.4
2026-08-11 12:28:26,Northern Owens Valley,Pleasant Valley Elevation,4386.1
2026-08-11 12:28:26,Northern Owens Valley,Pleasant Valley Outflow,500.9
2026-08-11 12:28:26,Northern Owens Valley,Baker Ck. At LA Station Flow,6.7
2026-08-11 12:28:26,Northern Owens Valley,Big Pine Ck. USGS Flow,50.3
2026-08-11 12:28:26,Northern Owens Valley,O.R. Below Big Pine,495.8
2026-08-11 12:28:26,Northern Owens Valley,Fish Springs At RR Flow,34.7
2026-08-11 12:28:26,Northern Owens Valley,Tinemaha Reservoir Outflow,424.4
2026-08-11 12:28:26,Northern Owens Valley,Bishop Creek Through Plant 6,97.9
2026-08-11 12:28:26,Northern Owens Valley,Bishop Creek Around Plant 6,7.4
2026-08-11 12:28:26,Southern Owens Valley,Tinemaha Reservoir Outflow,424.4
2026-08-11 12:28:26,Southern Owens Valley,Indep. Ck. At Junction Flow,7.4
2026-08-11 12:28:26,Southern Owens Valley,LAA at Alabama Flow,314.0
2026-08-11 12:28:26,Southern Owens Valley,LAA at Alabama Level,6.9
2026-08-11 12:28:26,Southern Owens Valley,LAA at Alabama Water Temp,75.6
2026-08-11 12:28:26,Southern Owens Valley,Cottonwood Ck. At LAA Flow,0.0
2026-08-11 12:28:26,Southern Owens Valley,LAA at Cottonwood Flow,390.0
2026-08-11 12:28:26,Southern Owens Valley,LAA at Cottonwood Level,8.2
2026-08-11 12:28:26,Southern Owens Valley,LAA at Cotton. Water Temp,76.8
2026-08-11 12:28:26,Southern Owens Valley,N. Haiwee Elevation,3757.0
2026-08-11 12:28:26,Southern Owens Valley,S. Haiwee Reservoir Elevation,3723.2
2026-08-11 12:28:26,Southern Owens Valley,Haiwee LAA #1 Current Flow,0.0
2026-08-11 12:28:26,Southern Owens Valley,Haiwee LAA #2 Current Flow,146.5
2026-08-11 12:28:26,Southern Owens Valley,Reinhackel Flow,2.9
2026-08-11 12:28:26,Southern Owens Valley,Lubkin Spillgate Outflow,0.0
2026-08-11 12:28:26,Southern Owens Valley,Cartago Spillgate Outflow,2.7
2026-08-11 12:28:26,Southern Owens Valley,Lone Pine Creek Flow,12.9
2026-08-11 12:28:26,Lower Owens River Project,LORP Intake Flow,81.0
2026-08-11 12:28:26,Lower Owens River Project,LORP at Mazourka Canyon Road,0.0
2026-08-11 12:28:26,Lower Owens River Project,LORP at Reinhackle Springs,68.0
2026-08-11 12:28:26,Lower Owens River Project,LORP Above Pumpstation,51.0
2026-08-11 12:28:26,Lower Owens River Project,LORP At Pump Station Discharge Flow,48.0
2026-08-11 12:28:26,Southern District,Haiwee LAA #2 Current Flow,146.5
2026-08-11 12:28:26,Southern District,S. Haiwee Reservoir Elevation,3723.2
2026-08-11 12:28:26,Southern District,Haiwee LAA #1 Current Flow,0.0
2026-08-11 12:28:26,Southern District,Fairmont Reservoir Elevation,3027.6
2026-08-11 12:28:26,Southern District,LAA #1 Flow at Fairmont Reservoir,346.0
2026-08-11 12:28:26,Southern District,LAA #2 Flow at Fairmont Res.,204.3
2026-08-11 12:28:26,Southern District,Bouquet Reservoir Elevation,2983.9
2026-08-11 12:28:26,Southern District,Bouquet Reservoir Inflow,84.1
2026-08-11 12:28:26,Southern District,Bouquet Reservoir Outflow,0.5
2026-08-11 12:28:26,Southern District,LAA #1 at Soledad Flow,275.4
2026-08-11 12:28:26,Southern District,LAA #2 at Soledad Flow,187.6
2026-08-11 12:43:27,Mono Basin,Lee Vining Intake Above Flow,32.7
2026-08-11 12:43:27,Mono Basin,Lee Vining Intake Below Flow,29.6
2026-08-11 12:43:27,Mono Basin,Walker Ck. Above Conduit Flow,4.0
2026-08-11 12:43:27,Mono Basin,L.V. Conduit Below Intake Flow,2.2
2026-08-11 12:43:27,Mono Basin,Walker Ck. Under Conduit Flow,4.0
2026-08-11 12:43:27,Mono Basin,Parker Ck. Under Conduit Flow,14.0
2026-08-11 12:43:27,Mono Basin,Parker Ck. Above Conduit Flow,15.0
2026-08-11 12:43:27,Mono Basin,Grant Lk. Spill Flow,0.0
2026-08-11 12:43:27,Mono Basin,Mono Gate 1 Return Ditch Flow,27.5
2026-08-11 12:43:27,Mono Basin,Grant Lk. Outflow,40.0
2026-08-11 12:43:27,Mono Basin,Rush Ck. at Damsite Flow,10.3
2026-08-11 12:43:27,Mono Basin,Flow to West Portal,14.4
2026-08-11 12:43:27,Long Valley,East Portal Flow,26.0
2026-08-11 12:43:27,Long Valley,OR Below EP Flow,69.0
2026-08-11 12:43:27,Long Valley,Hot Ck.at Hwy. Flow,7.0
2026-08-11 12:43:27,Long Valley,McGee Ck. Lower Sta. Flow,8.0
2026-08-11 12:43:27,Long Valley,Long Valley Current Outflow,584.8
2026-08-11 12:43:27,Long Valley,Rock Ck. Div. Flow,0.0
2026-08-11 12:43:27,Long Valley,Upper Gorge Total Release,39.6
2026-08-11 12:43:27,Long Valley,Release at Middle Gorge,7.1
2026-08-11 12:43:27,Northern Owens Valley,Rock Ck. At Owens River (PV) Flow,27.3
2026-08-11 12:43:27,Northern Owens Valley,Pleasant Valley Outflow,501.6
2026-08-11 12:43:27,Northern Owens Valley,Baker Ck. At LA Station Flow,6.7
2026-08-11 12:43:27,Northern Owens Valley,Big Pine Ck. USGS Flow,50.3
2026-08-11 12:43:27,Northern Owens Valley,O.R. Below Big Pine,495.8
2026-08-11 12:43:27,Northern Owens Valley,Fish Springs At RR Flow,34.7
2026-08-11 12:43:27,Northern Owens Valley,Tinemaha Reservoir Outflow,424.4
2026-08-11 12:43:27,Northern Owens Valley,Bishop Creek Through Plant 6,101.7
2026-08-11 12:43:27,Northern Owens Valley,Bishop Creek Around Plant 6,7.3
2026-08-11 12:43:27,Southern Owens Valley,Tinemaha Reservoir Outflow,424.4
2026-08-11 12:43:27,Southern Owens Valley,Indep. Ck. At Junction Flow,7.0
2026-08-11 12:43:27,Southern Owens Valley,LAA at Alabama Flow,315.0
2026-08-11 12:43:27,Southern Owens Valley,Cottonwood Ck. At LAA Flow,0.0
2026-08-11 12:43:27,Southern Owens Valley,LAA at Cottonwood Flow,389.0
2026-08-11 12:43:27,Southern Owens Valley,Haiwee LAA #1 Current Flow,0.0
2026-08-11 12:43:27,Southern Owens Valley,Haiwee LAA #2 Current Flow,146.5
2026-08-11 12:43:27,Southern Owens Valley,Reinhackel Flow,2.9
2026-08-11 12:43:27,Southern Owens Valley,Lubkin Spillgate Outflow,0.0
2026-08-11 12:43:27,Southern Owens Valley,Cartago Spillgate Outflow,2.7
2026-08-11 12:43:27,Southern Owens Valley,Lone Pine Creek Flow,12.7
2026-08-11 12:43:27,Lower Owens River Project,LORP Intake Flow,81.0
2026-08-11 12:43:27,Lower Owens River Project,LORP at Mazourka Canyon Road,0.0
2026-08-11 12:43:27,Lower Owens River Project,LORP at Reinhackle Springs,68.0
2026-08-11 12:43:27,Lower Owens River Project,LORP Above Pumpstation,51.0
2026-08-11 12:43:27,Lower Owens River Project,LORP At Pump Station Discharge Flow,48.0
2026-08-11 12:43:27,Southern District,Haiwee LAA #2 Current Flow,146.5
2026-08-11 12:43:27,Southern District,Haiwee LAA #1 Current Flow,0.0
2026-08-11 12:43:27,Southern District,LAA #1 Flow at Fairmont Reservoir,372.2
2026-08-11 12:43:27,Southern District,LAA #2 Flow at Fairmont Res.,204.5
2026-08-11 12:43:27,Southern District,Bouquet Reservoir Inflow,79.0
2026-08-11 12:43:27,Southern District,Bouquet Reservoir Outflow,0.5
2026-08-11 12:43:27,Southern District,LAA #1 at Soledad Flow,275.4
2026-08-11 12:43:27,Southern District,LAA #2 at Soledad Flow,187.6
2026-08-11 12:43:28,Mono Basin,Mono Lk. Elevation,6382.4
2026-08-11 12:43:28,Mono Basin,Grant Lk. Elevation,7129.8
2026-08-11 12:43:28,Long Valley,Long Valley Elevation,6773.2
2026-08-11 12:43:28,Northern Owens Valley,Pleasant Valley Elevation,4386.1
2026-08-11 12:43:28,Southern Owens Valley,LAA at Alabama Level,6.9
2026-08-11 12:43:28,Southern Owens Valley,LAA at Alabama Water Temp,75.9
2026-08-11 12:43:28,Southern Owens Valley,LAA at Cottonwood Level,8.2
2026-08-11 12:43:28,Southern Owens Valley,LAA at Cotton. Water Temp,77.0
2026-08-11 12:43:28,Southern Owens Valley,N. Haiwee Elevation,3757.0
2026-08-11 12:43:28,Southern Owens Valley,S. Haiwee Reservoir Elevation,3723.1
2026-08-11 12:43:28,Southern District,S. Haiwee Reservoir Elevation,3723.1
2026-08-11 12:43:28,Southern District,Fairmont Reservoir Elevation,3027.6
2026-08-11 12:43:28,Southern District,Bouquet Reservoir Elevation,2983.9
2026-08-11 12:58:26,Mono Basin,Lee Vining Intake Above Flow,32.7
2026-08-11 12:58:26,Mono Basin,Lee Vining Intake Below Flow,29.6
2026-08-11 12:58:26,Mono Basin,Walker Ck. Above Conduit Flow,4.0
2026-08-11 12:58:26,Mono Basin,L.V. Conduit Below Intake Flow,2.2
2026-08-11 12:58:26,Mono Basin,Walker Ck. Under Conduit Flow,4.0
2026-08-11 12:58:26,Mono Basin,Parker Ck. Under Conduit Flow,14.0
2026-08-11 12:58:26,Mono Basin,Parker Ck. Above Conduit Flow,15.0
2026-08-11 12:58:26,Mono Basin,Grant Lk. Spill Flow,0.0
2026-08-11 12:58:26,Mono Basin,Mono Gate 1 Return Ditch Flow,27.5
2026-08-11 12:58:26,Mono Basin,Grant Lk. Outflow,40.0
2026-08-11 12:58:26,Mono Basin,Rush Ck. at Damsite Flow,10.3
2026-08-11 12:58:26,Mono Basin,Flow to West Portal,14.4
2026-08-11 12:58:26,Long Valley,East Portal Flow,26.0
2026-08-11 12:58:26,Long Valley,OR Below EP Flow,69.0
2026-08-11 12:58:26,Long Valley,Hot Ck.at Hwy. Flow,7.0
2026-08-11 12:58:26,Long Valley,McGee Ck. Lower Sta. Flow,8.0
2026-08-11 12:58:26,Long Valley,Long Valley Current Outflow,584.8
2026-08-11 12:58:26,Long Valley,Rock Ck. Div. Flow,0.0
2026-08-11 12:58:26,Long Valley,Upper Gorge Total Release,39.8
2026-08-11 12:58:26,Long Valley,Release at Middle Gorge,1.9
2026-08-11 12:58:26,Northern Owens Valley,Rock Ck. At Owens River (PV) Flow,27.3
2026-08-11 12:58:26,Northern Owens Valley,Pleasant Valley Outflow,501.7
2026-08-11 12:58:26,Northern Owens Valley,Baker Ck. At LA Station Flow,6.7
2026-08-11 12:58:26,Northern Owens Valley,Big Pine Ck. USGS Flow,50.3
2026-08-11 12:58:26,Northern Owens Valley,O.R. Below Big Pine,496.0
2026-08-11 12:58:26,Northern Owens Valley,Fish Springs At RR Flow,34.7
2026-08-11 12:58:26,Northern Owens Valley,Tinemaha Reservoir Outflow,424.4
2026-08-11 12:58:26,Northern Owens Valley,Bishop Creek Through Plant 6,103.0
2026-08-11 12:58:26,Northern Owens Valley,Bishop Creek Around Plant 6,7.3
2026-08-11 12:58:26,Southern Owens Valley,Tinemaha Reservoir Outflow,424.4
2026-08-11 12:58:26,Southern Owens Valley,Indep. Ck. At Junction Flow,7.0
2026-08-11 12:58:26,Southern Owens Valley,LAA at Alabama Flow,315.0
2026-08-11 12:58:26,Southern Owens Valley,Cottonwood Ck. At LAA Flow,0.0
2026-08-11 12:58:26,Southern Owens Valley,LAA at Cottonwood Flow,389.0
2026-08-11 12:58:26,Southern Owens Valley,LAA at Cotton. Water Temp,77.1
2026-08-11 12:58:26,Southern Owens Valley,Haiwee LAA #1 Current Flow,0.0
2026-08-11 12:58:26,Southern Owens Valley,Haiwee LAA #2 Current Flow,146.5
2026-08-11 12:58:26,Southern Owens Valley,Reinhackel Flow,2.9
2026-08-11 12:58:26,Southern Owens Valley,Lubkin Spillgate Outflow,0.0
2026-08-11 12:58:26,Southern Owens Valley,Cartago Spillgate Outflow,3.4
2026-08-11 12:58:26,Southern Owens Valley,Lone Pine Creek Flow,12.7
2026-08-11 12:58:26,Lower Owens River Project,LORP Intake Flow,81.0
2026-08-11 12:58:26,Lower Owens River Project,LORP at Mazourka Canyon Road,0.0
2026-08-11 12:58:26,Lower Owens River Project,LORP at Reinhackle Springs,68.0
2026-08-11 12:58:26,Lower Owens River Project,LORP Above Pumpstation,51.0
2026-08-11 12:58:26,Lower Owens River Project,LORP At Pump Station Discharge Flow,48.0
2026-08-11 12:58:26,Southern District,Haiwee LAA #2 Current Flow,146.5
2026-08-11 12:58:26,Southern District,Haiwee LAA #1 Current Flow,0.0
2026-08-11 12:58:26,Southern District,LAA #1 Flow at Fairmont Reservoir,342.7
2026-08-11 12:58:26,Southern District,LAA #2 Flow at Fairmont Res.,204.5
2026-08-11 12:58:26,Southern District,Bouquet Reservoir Inflow,82.4
2026-08-11 12:58:26,Southern District,Bouquet Reservoir Outflow,0.5
2026-08-11 12:58:26,Southern District,LAA #1 at Soledad Flow,275.4
2026-08-11 12:58:26,Southern District,LAA #2 at Soledad Flow,187.6
2026-08-11 12:58:27,Northern Owens Valley,Tinemaha Elevation,3861.7
2026-08-11 12:58:27,Southern Owens Valley,Tinemaha Elevation,3861.7
2026-08-11 12:58:27,Mono Basin,Mono Lk. Elevation,6382.4
2026-08-11 12:58:27,Mono Basin,Grant Lk. Elevation,7129.8
2026-08-11 12:58:27,Long Valley,Long Valley Elevation,6773.2
2026-08-11 12:58:27,Northern Owens Valley,Pleasant Valley Elevation,4386.2
2026-08-11 12:58:27,Southern Owens Valley,LAA at Alabama Level,6.9
2026-08-11 12:58:27,Southern Owens Valley,LAA at Alabama Water Temp,75.9
2026-08-11 12:58:27,Southern Owens Valley,LAA at Cottonwood Level,8.2
2026-08-11 12:58:27,Southern Owens Valley,N. Haiwee Elevation,3757.0
2026-08-11 12:58:27,Southern Owens Valley,S. Haiwee Reservoir Elevation,3723.1
2026-08-11 12:58:27,Southern District,S. Haiwee Reservoir Elevation,3723.1
2026-08-11 12:58:27,Southern District,Fairmont Reservoir Elevation,3027.6
2026-08-11 12:58:27,Southern District,Bouquet Reservoir Elevation,2983.9
2026-08-11 13:13:26,Mono Basin,Lee Vining Intake Above Flow,33.4
2026-08-11 13:13:26,Mono Basin,Lee Vining Intake Below Flow,29.8
2026-08-11 13:13:26,Mono Basin,Walker Ck. Above Conduit Flow,4.0
2026-08-11 13:13:26,Mono Basin,L.V. Conduit Below Intake Flow,2.2
2026-08-11 13:13:26,Mono Basin,Walker Ck. Under Conduit Flow,4.0
2026-08-11 13:13:26,Mono Basin,Parker Ck. Under Conduit Flow,14.0
2026-08-11 13:13:26,Mono Basin,Parker Ck. Above Conduit Flow,15.0
2026-08-11 13:13:26,Mono Basin,Grant Lk. Spill Flow,0.0
2026-08-11 13:13:26,Mono Basin,Mono Gate 1 Return Ditch Flow,27.5
2026-08-11 13:13:26,Mono Basin,Grant Lk. Outflow,40.0
2026-08-11 13:13:26,Mono Basin,Rush Ck. at Damsite Flow,10.3
2026-08-11 13:13:26,Mono Basin,Flow to West Portal,14.4
2026-08-11 13:13:26,Long Valley,East Portal Flow,26.0
2026-08-11 13:13:26,Long Valley,OR Below EP Flow,69.0
2026-08-11 13:13:26,Long Valley,Hot Ck.at Hwy. Flow,7.0
2026-08-11 13:13:26,Long Valley,McGee Ck. Lower Sta. Flow,8.0
2026-08-11 13:13:26,Long Valley,Long Valley Current Outflow,584.8
2026-08-11 13:13:26,Long Valley,Rock Ck. Div. Flow,0.0
2026-08-11 13:13:26,Long Valley,Upper Gorge Total Release,39.6
2026-08-11 13:13:26,Long Valley,Release at Middle Gorge,3.1
2026-08-11 13:13:26,Northern Owens Valley,Rock Ck. At Owens River (PV) Flow,27.3
2026-08-11 13:13:26,Northern Owens Valley,Pleasant Valley Outflow,501.5
2026-08-11 13:13:26,Northern Owens Valley,Baker Ck. At LA Station Flow,6.7
2026-08-11 13:13:26,Northern Owens Valley,Big Pine Ck. USGS Flow,50.3
2026-08-11 13:13:26,Northern Owens Valley,O.R. Below Big Pine,496.3
2026-08-11 13:13:26,Northern Owens Valley,Fish Springs At RR Flow,34.7
2026-08-11 13:13:26,Northern Owens Valley,Tinemaha Reservoir Outflow,423.6
2026-08-11 13:13:26,Northern Owens Valley,Bishop Creek Through Plant 6,99.9
2026-08-11 13:13:26,Northern Owens Valley,Bishop Creek Around Plant 6,7.2
2026-08-11 13:13:26,Southern Owens Valley,Tinemaha Reservoir Outflow,423.6
2026-08-11 13:13:26,Southern Owens Valley,Indep. Ck. At Junction Flow,7.0
2026-08-11 13:13:26,Southern Owens Valley,LAA at Alabama Flow,315.0
2026-08-11 13:13:26,Southern Owens Valley,Cottonwood Ck. At LAA Flow,0.0
2026-08-11 13:13:26,Southern Owens Valley,LAA at Cottonwood Flow,389.0
2026-08-11 13:13:26,Southern Owens Valley,Haiwee LAA #1 Current Flow,0.0
2026-08-11 13:13:26,Southern Owens Valley,Haiwee LAA #2 Current Flow,146.5
2026-08-11 13:13:26,Southern Owens Valley,Reinhackel Flow,2.9
2026-08-11 13:13:26,Southern Owens Valley,Lubkin Spillgate Outflow,0.0
2026-08-11 13:13:26,Southern Owens Valley,Cartago Spillgate Outflow,2.9
2026-08-11 13:13:26,Southern Owens Valley,Lone Pine Creek Flow,12.5
2026-08-11 13:13:26,Lower Owens River Project,LORP Intake Flow,81.0
2026-08-11 13:13:26,Lower Owens River Project,LORP at Mazourka Canyon Road,0.0
2026-08-11 13:13:26,Lower Owens River Project,LORP at Reinhackle Springs,68.0
2026-08-11 13:13:26,Lower Owens River Project,LORP Above Pumpstation,51.0
2026-08-11 13:13:26,Lower Owens River Project,LORP At Pump Station Discharge Flow,48.0
2026-08-11 13:13:26,Southern District,Haiwee LAA #2 Current Flow,146.5
2026-08-11 13:13:26,Southern District,Haiwee LAA #1 Current Flow,0.0
2026-08-11 13:13:26,Southern District,LAA #1 Flow at Fairmont Reservoir,357.8
2026-08-11 13:13:26,Southern District,LAA #2 Flow at Fairmont Res.,204.3
2026-08-11 13:13:26,Southern District,Bouquet Reservoir Inflow,85.0
2026-08-11 13:13:26,Southern District,Bouquet Reservoir Outflow,0.5
2026-08-11 13:13:26,Southern District,LAA #1 at Soledad Flow,275.4
2026-08-11 13:13:26,Southern District,LAA #2 at Soledad Flow,187.6
2026-08-11 13:13:27,Mono Basin,Mono Lk. Elevation,6382.4
2026-08-11 13:13:27,Mono Basin,Grant Lk. Elevation,7129.8
2026-08-11 13:13:27,Long Valley,Long Valley Elevation,6773.2
2026-08-11 13:13:27,Northern Owens Valley,Pleasant Valley Elevation,4386.2
2026-08-11 13:13:27,Southern Owens Valley,LAA at Alabama Level,6.9
2026-08-11 13:13:27,Southern Owens Valley,LAA at Alabama Water Temp,76.2
2026-08-11 13:13:27,Southern Owens Valley,LAA at Cottonwood Level,8.2
2026-08-11 13:13:27,Southern Owens Valley,LAA at Cotton. Water Temp,77.2
2026-08-11 13:13:27,Southern Owens Valley,N. Haiwee Elevation,3757.0
2026-08-11 13:13:27,Southern Owens Valley,S. Haiwee Reservoir Elevation,3723.1
2026-08-11 13:13:27,Southern District,S. Haiwee Reservoir Elevation,3723.1
2026-08-11 13:13:27,Southern District,Fairmont Reservoir Elevation,3027.6
2026-08-11 13:13:27,Southern District,Bouquet Reservoir Elevation,2983.9
2026-08-11 13:28:26,Mono Basin,Lee Vining Intake Above Flow,33.4
2026-08-11 13:28:26,Mono Basin,Lee Vining Intake Below Flow,29.8
2026-08-11 13:28:26,Mono Basin,Walker Ck. Above Conduit Flow,4.0
2026-08-11 13:28:26,Mono Basin,L.V. Conduit Below Intake Flow,2.2
2026-08-11 13:28:26,Mono Basin,Walker Ck. Under Conduit Flow,4.0
2026-08-11 13:28:26,Mono Basin,Parker Ck. Under Conduit Flow,14.0
2026-08-11 13:28:26,Mono Basin,Parker Ck. Above Conduit Flow,15.0
2026-08-11 13:28:26,Mono Basin,Grant Lk. Spill Flow,0.0
2026-08-11 13:28:26,Mono Basin,Mono Gate 1 Return Ditch Flow,27.4
2026-08-11 13:28:26,Mono Basin,Grant Lk. Outflow,39.9
2026-08-11 13:28:26,Mono Basin,Rush Ck. at Damsite Flow,10.3
2026-08-11 13:28:26,Mono Basin,Flow to West Portal,14.4
2026-08-11 13:28:26,Long Valley,East Portal Flow,26.0
2026-08-11 13:28:26,Long Valley,OR Below EP Flow,69.0
2026-08-11 13:28:26,Long Valley,Hot Ck.at Hwy. Flow,7.0
2026-08-11 13:28:26,Long Valley,McGee Ck. Lower Sta. Flow,8.0
2026-08-11 13:28:26,Long Valley,Long Valley Current Outflow,581.8
2026-08-11 13:28:26,Long Valley,Rock Ck. Div. Flow,0.0
2026-08-11 13:28:26,Long Valley,Upper Gorge Total Release,40.8
2026-08-11 13:28:26,Long Valley,Release at Middle Gorge,0.0
2026-08-11 13:28:26,Northern Owens Valley,Rock Ck. At Owens River (PV) Flow,27.3
2026-08-11 13:28:26,Northern Owens Valley,Pleasant Valley Outflow,501.4
2026-08-11 13:28:26,Northern Owens Valley,Baker Ck. At LA Station Flow,6.7
2026-08-11 13:28:26,Northern Owens Valley,Big Pine Ck. USGS Flow,50.3
2026-08-11 13:28:26,Northern Owens Valley,O.R. Below Big Pine,496.1
2026-08-11 13:28:26,Northern Owens Valley,Fish Springs At RR Flow,34.7
2026-08-11 13:28:26,Northern Owens Valley,Tinemaha Reservoir Outflow,423.6
2026-08-11 13:28:26,Northern Owens Valley,Bishop Creek Through Plant 6,106.4
2026-08-11 13:28:26,Northern Owens Valley,Bishop Creek Around Plant 6,7.2
2026-08-11 13:28:26,Southern Owens Valley,Tinemaha Reservoir Outflow,423.6
2026-08-11 13:28:26,Southern Owens Valley,Indep. Ck. At Junction Flow,7.0
2026-08-11 13:28:26,Southern Owens Valley,LAA at Alabama Flow,315.0
2026-08-11 13:28:26,Southern Owens Valley,Cottonwood Ck. At LAA Flow,0.0
2026-08-11 13:28:26,Southern Owens Valley,LAA at Cottonwood Flow,389.0
2026-08-11 13:28:26,Southern Owens Valley,Haiwee LAA #1 Current Flow,0.0
2026-08-11 13:28:26,Southern Owens Valley,Haiwee LAA #2 Current Flow,146.5
2026-08-11 13:28:26,Southern Owens Valley,Reinhackel Flow,2.9
2026-08-11 13:28:26,Southern Owens Valley,Lubkin Spillgate Outflow,0.0
2026-08-11 13:28:26,Southern Owens Valley,Cartago Spillgate Outflow,2.2
2026-08-11 13:28:26,Southern Owens Valley,Lone Pine Creek Flow,12.5
2026-08-11 13:28:26,Lower Owens River Project,LORP Intake Flow,81.0
2026-08-11 13:28:26,Lower Owens River Project,LORP at Mazourka Canyon Road,0.0
2026-08-11 13:28:26,Lower Owens River Project,LORP at Reinhackle Springs,70.0
2026-08-11 13:28:26,Lower Owens River Project,LORP Above Pumpstation,40.0
2026-08-11 13:28:26,Lower Owens River Project,LORP At Pump Station Discharge Flow,37.0
2026-08-11 13:28:26,Southern District,Haiwee LAA #2 Current Flow,146.5
2026-08-11 13:28:26,Southern District,Haiwee LAA #1 Current Flow,0.0
2026-08-11 13:28:26,Southern District,LAA #1 Flow at Fairmont Reservoir,351.3
2026-08-11 13:28:26,Southern District,LAA #2 Flow at Fairmont Res.,204.6
2026-08-11 13:28:26,Southern District,Bouquet Reservoir Inflow,84.6
2026-08-11 13:28:26,Southern District,Bouquet Reservoir Outflow,0.5
2026-08-11 13:28:26,Southern District,LAA #1 at Soledad Flow,275.4
2026-08-11 13:28:26,Southern District,LAA #2 at Soledad Flow,187.6
2026-08-11 13:28:27,Northern Owens Valley,Tinemaha Elevation,3861.7
2026-08-11 13:28:27,Southern Owens Valley,Tinemaha Elevation,3861.7
2026-08-11 13:28:27,Mono Basin,Mono Lk. Elevation,6382.4
2026-08-11 13:28:27,Mono Basin,Grant Lk. Elevation,7129.8
2026-08-11 13:28:27,Long Valley,Long Valley Elevation,6773.2
2026-08-11 13:28:27,Northern Owens Valley,Pleasant Valley Elevation,4386.2
2026-08-11 13:28:27,Southern Owens Valley,LAA at Alabama Level,6.9
2026-08-11 13:28:27,Southern Owens Valley,LAA at Alabama Water Temp,76.2
2026-08-11 13:28:27,Southern Owens Valley,LAA at Cottonwood Level,8.2
2026-08-11 13:28:27,Southern Owens Valley,LAA at Cotton. Water Temp,77.3
2026-08-11 13:28:27,Southern Owens Valley,N. Haiwee Elevation,3757.0
2026-08-11 13:28:27,Southern Owens Valley,S. Haiwee Reservoir Elevation,3723.1
2026-08-11 13:28:27,Southern District,S. Haiwee Reservoir Elevation,3723.1
2026-08-11 13:28:27,Southern District,Fairmont Reservoir Elevation,3027.6
2026-08-11 13:28:27,Southern District,Bouquet Reservoir Elevation,2983.9
2026-08-11 13:43:27,Mono Basin,Lee Vining Intake Above Flow,33.7
2026-08-11 13:43:27,Mono Basin,Lee Vining Intake Below Flow,30.1
2026-08-11 13:43:27,Mono Basin,Walker Ck. Above Conduit Flow,4.0
2026-08-11 13:43:27,Mono Basin,L.V. Conduit Below Intake Flow,2.4
2026-08-11 13:43:27,Mono Basin,Walker Ck. Under Conduit Flow,4.0
2026-08-11 13:43:27,Mono Basin,Parker Ck. Under Conduit Flow,14.0
2026-08-11 13:43:27,Mono Basin,Parker Ck. Above Conduit Flow,15.0
2026-08-11 13:43:27,Mono Basin,Grant Lk. Spill Flow,0.0
2026-08-11 13:43:27,Mono Basin,Mono Gate 1 Return Ditch Flow,27.4
2026-08-11 13:43:27,Mono Basin,Grant Lk. Outflow,39.9
2026-08-11 13:43:27,Mono Basin,Rush Ck. at Damsite Flow,10.3
2026-08-11 13:43:27,Mono Basin,Flow to West Portal,14.4
2026-08-11 13:43:27,Long Valley,East Portal Flow,26.0
2026-08-11 13:43:27,Long Valley,OR Below EP Flow,69.0
2026-08-11 13:43:27,Long Valley,Hot Ck.at Hwy. Flow,7.0
2026-08-11 13:43:27,Long Valley,McGee Ck. Lower Sta. Flow,8.0
2026-08-11 13:43:27,Long Valley,Long Valley Current Outflow,581.8
2026-08-11 13:43:27,Long Valley,Rock Ck. Div. Flow,0.0
2026-08-11 13:43:27,Long Valley,Upper Gorge Total Release,39.9
2026-08-11 13:43:27,Long Valley,Release at Middle Gorge,0.0
2026-08-11 13:43:27,Northern Owens Valley,Rock Ck. At Owens River (PV) Flow,27.2
2026-08-11 13:43:27,Northern Owens Valley,Pleasant Valley Outflow,501.1
2026-08-11 13:43:27,Northern Owens Valley,Baker Ck. At LA Station Flow,6.7
2026-08-11 13:43:27,Northern Owens Valley,Big Pine Ck. USGS Flow,50.3
2026-08-11 13:43:27,Northern Owens Valley,O.R. Below Big Pine,496.1
2026-08-11 13:43:27,Northern Owens Valley,Fish Springs At RR Flow,34.7
2026-08-11 13:43:27,Northern Owens Valley,Tinemaha Reservoir Outflow,423.6
2026-08-11 13:43:27,Northern Owens Valley,Bishop Creek Through Plant 6,99.7
2026-08-11 13:43:27,Northern Owens Valley,Bishop Creek Around Plant 6,7.1
2026-08-11 13:43:27,Southern Owens Valley,Tinemaha Reservoir Outflow,423.6
2026-08-11 13:43:27,Southern Owens Valley,Indep. Ck. At Junction Flow,7.0
2026-08-11 13:43:27,Southern Owens Valley,LAA at Alabama Flow,315.0
2026-08-11 13:43:27,Southern Owens Valley,Cottonwood Ck. At LAA Flow,0.0
2026-08-11 13:43:27,Southern Owens Valley,LAA at Cottonwood Flow,389.0
2026-08-11 13:43:27,Southern Owens Valley,Haiwee LAA #1 Current Flow,0.0
2026-08-11 13:43:27,Southern Owens Valley,Haiwee LAA #2 Current Flow,146.5
2026-08-11 13:43:27,Southern Owens Valley,Reinhackel Flow,2.9
2026-08-11 13:43:27,Southern Owens Valley,Lubkin Spillgate Outflow,0.0
2026-08-11 13:43:27,Southern Owens Valley,Cartago Spillgate Outflow,0.0
2026-08-11 13:43:27,Southern Owens Valley,Lone Pine Creek Flow,12.4
2026-08-11 13:43:27,Lower Owens River Project,LORP Intake Flow,81.0
2026-08-11 13:43:27,Lower Owens River Project,LORP at Mazourka Canyon Road,0.0
2026-08-11 13:43:27,Lower Owens River Project,LORP at Reinhackle Springs,70.0
2026-08-11 13:43:27,Lower Owens River Project,LORP Above Pumpstation,41.0
2026-08-11 13:43:27,Lower Owens River Project,LORP At Pump Station Discharge Flow,37.0
2026-08-11 13:43:27,Southern District,Haiwee LAA #2 Current Flow,146.5
2026-08-11 13:43:27,Southern District,Haiwee LAA #1 Current Flow,0.0
2026-08-11 13:43:27,Southern District,LAA #1 Flow at Fairmont Reservoir,353.9
2026-08-11 13:43:27,Southern District,LAA #2 Flow at Fairmont Res.,204.4
2026-08-11 13:43:27,Southern District,Bouquet Reservoir Inflow,79.6
2026-08-11 13:43:27,Southern District,Bouquet Reservoir Outflow,0.5
2026-08-11 13:43:27,Southern District,LAA #1 at Soledad Flow,275.4
2026-08-11 13:43:27,Southern District,LAA #2 at Soledad Flow,187.6
2026-08-11 13:43:28,Mono Basin,Mono Lk. Elevation,6382.4
2026-08-11 13:43:28,Mono Basin,Grant Lk. Elevation,7129.8
2026-08-11 13:43:28,Long Valley,Long Valley Elevation,6773.2
2026-08-11 13:43:28,Northern Owens Valley,Pleasant Valley Elevation,4386.3
2026-08-11 13:43:28,Southern Owens Valley,LAA at Alabama Level,6.9
2026-08-11 13:43:28,Southern Owens Valley,LAA at Alabama Water Temp,76.2
2026-08-11 13:43:28,Southern Owens Valley,LAA at Cottonwood Level,8.2
2026-08-11 13:43:28,Southern Owens Valley,LAA at Cotton. Water Temp,77.4
2026-08-11 13:43:28,Southern Owens Valley,N. Haiwee Elevation,3757.0
2026-08-11 13:43:28,Southern Owens Valley,S. Haiwee Reservoir Elevation,3723.1
2026-08-11 13:43:28,Southern District,S. Haiwee Reservoir Elevation,3723.1
2026-08-11 13:43:28,Southern District,Fairmont Reservoir Elevation,3027.6
2026-08-11 13:43:28,Southern District,Bouquet Reservoir Elevation,2983.9
2026-08-11 13:58:26,Northern Owens Valley,Tinemaha Elevation,3861.7
2026-08-11 13:58:26,Southern Owens Valley,Tinemaha Elevation,3861.7
2026-08-11 13:58:26,Mono Basin,Lee Vining Intake Above Flow,33.7
2026-08-11 13:58:26,Mono Basin,Lee Vining Intake Below Flow,30.1
2026-08-11 13:58:26,Mono Basin,Mono Lk. Elevation,6382.4
2026-08-11 13:58:26,Mono Basin,Walker Ck. Above Conduit Flow,4.0
2026-08-11 13:58:26,Mono Basin,L.V. Conduit Below Intake Flow,2.4
2026-08-11 13:58:26,Mono Basin,Walker Ck. Under Conduit Flow,4.0
2026-08-11 13:58:26,Mono Basin,Parker Ck. Under Conduit Flow,14.0
2026-08-11 13:58:26,Mono Basin,Parker Ck. Above Conduit Flow,15.0
2026-08-11 13:58:26,Mono Basin,Grant Lk. Spill Flow,0.0
2026-08-11 13:58:26,Mono Basin,Mono Gate 1 Return Ditch Flow,27.4
2026-08-11 13:58:26,Mono Basin,Grant Lk. Elevation,7129.8
2026-08-11 13:58:26,Mono Basin,Grant Lk. Outflow,39.9
2026-08-11 13:58:26,Mono Basin,Rush Ck. at Damsite Flow,10.3
2026-08-11 13:58:26,Mono Basin,Flow to West Portal,14.4
2026-08-11 13:58:26,Long Valley,East Portal Flow,26.0
2026-08-11 13:58:26,Long Valley,OR Below EP Flow,69.0
2026-08-11 13:58:26,Long Valley,Hot Ck.at Hwy. Flow,7.0
2026-08-11 13:58:26,Long Valley,McGee Ck. Lower Sta. Flow,8.0
2026-08-11 13:58:26,Long Valley,Long Valley Elevation,6773.2
2026-08-11 13:58:26,Long Valley,Long Valley Current Outflow,588.1
2026-08-11 13:58:26,Long Valley,Rock Ck. Div. Flow,0.0
2026-08-11 13:58:26,Long Valley,Upper Gorge Total Release,39.8
2026-08-11 13:58:26,Long Valley,Release at Middle Gorge,0.0
2026-08-11 13:58:26,Northern Owens Valley,Rock Ck. At Owens River (PV) Flow,27.1
2026-08-11 13:58:26,Northern Owens Valley,Pleasant Valley Elevation,4386.3
2026-08-11 13:58:26,Northern Owens Valley,Pleasant Valley Outflow,501.4
2026-08-11 13:58:26,Northern Owens Valley,Baker Ck. At LA Station Flow,6.7
2026-08-11 13:58:26,Northern Owens Valley,Big Pine Ck. USGS Flow,50.3
2026-08-11 13:58:26,Northern Owens Valley,O.R. Below Big Pine,496.0
2026-08-11 13:58:26,Northern Owens Valley,Fish Springs At RR Flow,34.7
2026-08-11 13:58:26,Northern Owens Valley,Tinemaha Reservoir Outflow,423.6
2026-08-11 13:58:26,Northern Owens Valley,Bishop Creek Through Plant 6,97.5
2026-08-11 13:58:26,Northern Owens Valley,Bishop Creek Around Plant 6,7.1
2026-08-11 13:58:26,Southern Owens Valley,Tinemaha Reservoir Outflow,423.6
2026-08-11 13:58:26,Southern Owens Valley,Indep. Ck. At Junction Flow,7.0
2026-08-11 13:58:26,Southern Owens Valley,LAA at Alabama Flow,315.0
2026-08-11 13:58:26,Southern Owens Valley,LAA at Alabama Level,6.9
2026-08-11 13:58:26,Southern Owens Valley,LAA at Alabama Water Temp,76.2
2026-08-11 13:58:26,Southern Owens Valley,Cottonwood Ck. At LAA Flow,0.0
2026-08-11 13:58:26,Southern Owens Valley,LAA at Cottonwood Flow,389.0
2026-08-11 13:58:26,Southern Owens Valley,LAA at Cottonwood Level,8.2
2026-08-11 13:58:26,Southern Owens Valley,LAA at Cotton. Water Temp,77.4
2026-08-11 13:58:26,Southern Owens Valley,N. Haiwee Elevation,3757.0
2026-08-11 13:58:26,Southern Owens Valley,S. Haiwee Reservoir Elevation,3723.1
2026-08-11 13:58:26,Southern Owens Valley,Haiwee LAA #1 Current Flow,0.0
2026-08-11 13:58:26,Southern Owens Valley,Haiwee LAA #2 Current Flow,146.5
2026-08-11 13:58:26,Southern Owens Valley,Reinhackel Flow,2.9
2026-08-11 13:58:26,Southern Owens Valley,Lubkin Spillgate Outflow,0.0
2026-08-11 13:58:26,Southern Owens Valley,Cartago Spillgate Outflow,3.5
2026-08-11 13:58:26,Southern Owens Valley,Lone Pine Creek Flow,12.4
2026-08-11 13:58:26,Lower Owens River Project,LORP Intake Flow,81.0
2026-08-11 13:58:26,Lower Owens River Project,LORP at Mazourka Canyon Road,0.0
2026-08-11 13:58:26,Lower Owens River Project,LORP at Reinhackle Springs,70.0
2026-08-11 13:58:26,Lower Owens River Project,LORP Above Pumpstation,40.0
2026-08-11 13:58:26,Lower Owens River Project,LORP At Pump Station Discharge Flow,37.0
2026-08-11 13:58:26,Southern District,Haiwee LAA #2 Current Flow,146.5
2026-08-11 13:58:26,Southern District,S. Haiwee Reservoir Elevation,3723.1
2026-08-11 13:58:26,Southern District,Haiwee LAA #1 Current Flow,0.0
2026-08-11 13:58:26,Southern District,Fairmont Reservoir Elevation,3027.6
2026-08-11 13:58:26,Southern District,LAA #1 Flow at Fairmont Reservoir,359.7
2026-08-11 13:58:26,Southern District,LAA #2 Flow at Fairmont Res.,204.6
2026-08-11 13:58:26,Southern District,Bouquet Reservoir Elevation,2983.9
2026-08-11 13:58:26,Southern District,Bouquet Reservoir Inflow,79.8
2026-08-11 13:58:26,Southern District,Bouquet Reservoir Outflow,0.5
2026-08-11 13:58:26,Southern District,LAA #1 at Soledad Flow,275.4
2026-08-11 13:58:26,Southern District,LAA #2 at Soledad Flow,187.6
2026-08-11 14:13:26,Northern Owens Valley,Rock Ck. At Owens River (PV) Flow,27.0
2026-08-11 14:13:26,Northern Owens Valley,Baker Ck. At LA Station Flow,6.7
2026-08-11 14:13:26,Northern Owens Valley,Big Pine Ck. USGS Flow,50.3
2026-08-11 14:13:26,Northern Owens Valley,O.R. Below Big Pine,494.6
2026-08-11 14:13:26,Northern Owens Valley,Fish Springs At RR Flow,34.7
2026-08-11 14:13:26,Northern Owens Valley,Tinemaha Reservoir Outflow,423.6
2026-08-11 14:13:26,Southern Owens Valley,Tinemaha Reservoir Outflow,423.6
2026-08-11 14:13:26,Southern Owens Valley,Indep. Ck. At Junction Flow,7.0
2026-08-11 14:13:26,Southern Owens Valley,LAA at Alabama Flow,314.0
2026-08-11 14:13:26,Southern Owens Valley,Cottonwood Ck. At LAA Flow,0.0
2026-08-11 14:13:26,Southern Owens Valley,LAA at Cottonwood Flow,389.0
2026-08-11 14:13:26,Southern Owens Valley,Haiwee LAA #1 Current Flow,0.0
2026-08-11 14:13:26,Southern Owens Valley,Haiwee LAA #2 Current Flow,146.5
2026-08-11 14:13:26,Southern Owens Valley,Reinhackel Flow,2.9
2026-08-11 14:13:26,Southern Owens Valley,Lubkin Spillgate Outflow,0.0
2026-08-11 14:13:26,Southern Owens Valley,Cartago Spillgate Outflow,3.5
2026-08-11 14:13:26,Southern Owens Valley,Lone Pine Creek Flow,12.3
2026-08-11 14:13:26,Lower Owens River Project,LORP Intake Flow,81.0
2026-08-11 14:13:26,Lower Owens River Project,LORP at Mazourka Canyon Road,0.0
2026-08-11 14:13:26,Lower Owens River Project,LORP at Reinhackle Springs,70.0
2026-08-11 14:13:26,Lower Owens River Project,LORP Above Pumpstation,40.0
2026-08-11 14:13:26,Lower Owens River Project,LORP At Pump Station Discharge Flow,37.0
2026-08-11 14:13:26,Southern District,Haiwee LAA #2 Current Flow,146.5
2026-08-11 14:13:26,Southern District,Haiwee LAA #1 Current Flow,0.0
2026-08-11 14:13:27,Mono Basin,Lee Vining Intake Above Flow,34.2
2026-08-11 14:13:27,Mono Basin,Lee Vining Intake Below Flow,30.3
2026-08-11 14:13:27,Mono Basin,Mono Lk. Elevation,6382.4
2026-08-11 14:13:27,Mono Basin,Walker Ck. Above Conduit Flow,4.0
2026-08-11 14:13:27,Mono Basin,L.V. Conduit Below Intake Flow,2.6
2026-08-11 14:13:27,Mono Basin,Walker Ck. Under Conduit Flow,4.0
2026-08-11 14:13:27,Mono Basin,Parker Ck. Under Conduit Flow,14.0
2026-08-11 14:13:27,Mono Basin,Parker Ck. Above Conduit Flow,15.0
2026-08-11 14:13:27,Mono Basin,Grant Lk. Spill Flow,0.0
2026-08-11 14:13:27,Mono Basin,Mono Gate 1 Return Ditch Flow,27.4
2026-08-11 14:13:27,Mono Basin,Grant Lk. Elevation,7129.8
2026-08-11 14:13:27,Mono Basin,Grant Lk. Outflow,39.9
2026-08-11 14:13:27,Mono Basin,Rush Ck. at Damsite Flow,10.3
2026-08-11 14:13:27,Mono Basin,Flow to West Portal,14.4
2026-08-11 14:13:27,Long Valley,East Portal Flow,26.0
2026-08-11 14:13:27,Long Valley,OR Below EP Flow,69.0
2026-08-11 14:13:27,Long Valley,Hot Ck.at Hwy. Flow,7.0
2026-08-11 14:13:27,Long Valley,McGee Ck. Lower Sta. Flow,8.0
2026-08-11 14:13:27,Long Valley,Long Valley Elevation,6773.2
2026-08-11 14:13:27,Long Valley,Long Valley Current Outflow,588.1
2026-08-11 14:13:27,Long Valley,Rock Ck. Div. Flow,0.0
2026-08-11 14:13:27,Long Valley,Upper Gorge Total Release,39.2
2026-08-11 14:13:27,Long Valley,Release at Middle Gorge,0.0
2026-08-11 14:13:27,Northern Owens Valley,Pleasant Valley Elevation,4386.3
2026-08-11 14:13:27,Northern Owens Valley,Pleasant Valley Outflow,500.8
2026-08-11 14:13:27,Northern Owens Valley,Bishop Creek Through Plant 6,97.5
2026-08-11 14:13:27,Northern Owens Valley,Bishop Creek Around Plant 6,7.1
2026-08-11 14:13:27,Southern Owens Valley,LAA at Alabama Level,6.9
2026-08-11 14:13:27,Southern Owens Valley,LAA at Alabama Water Temp,76.2
2026-08-11 14:13:27,Southern Owens Valley,LAA at Cottonwood Level,8.2
2026-08-11 14:13:27,Southern Owens Valley,LAA at Cotton. Water Temp,77.4
2026-08-11 14:13:27,Southern Owens Valley,N. Haiwee Elevation,3757.0
2026-08-11 14:13:27,Southern Owens Valley,S. Haiwee Reservoir Elevation,3723.1
2026-08-11 14:13:27,Southern District,S. Haiwee Reservoir Elevation,3723.1
2026-08-11 14:13:27,Southern District,Fairmont Reservoir Elevation,3027.6
2026-08-11 14:13:27,Southern District,LAA #1 Flow at Fairmont Reservoir,375.9
2026-08-11 14:13:27,Southern District,LAA #2 Flow at Fairmont Res.,204.4
2026-08-11 14:13:27,Southern District,Bouquet Reservoir Elevation,2983.9
2026-08-11 14:13:27,Southern District,Bouquet Reservoir Inflow,79.3
2026-08-11 14:13:27,Southern District,Bouquet Reservoir Outflow,0.5
2026-08-11 14:13:27,Southern District,LAA #1 at Soledad Flow,275.4
2026-08-11 14:13:27,Southern District,LAA #2 at Soledad Flow,187.6
2026-08-11 14:28:25,Northern Owens Valley,Tinemaha Reservoir Outflow,423.6
2026-08-11 14:28:25,Southern Owens Valley,Tinemaha Reservoir Outflow,423.6
2026-08-11 14:28:25,Southern Owens Valley,Indep. Ck. At Junction Flow,7.0
2026-08-11 14:28:25,Southern Owens Valley,LAA at Alabama Flow,314.0
2026-08-11 14:28:25,Southern Owens Valley,Cottonwood Ck. At LAA Flow,0.0
2026-08-11 14:28:25,Southern Owens Valley,LAA at Cottonwood Flow,389.0
2026-08-11 14:28:25,Southern Owens Valley,Haiwee LAA #1 Current Flow,0.0
2026-08-11 14:28:25,Southern Owens Valley,Haiwee LAA #2 Current Flow,146.5
2026-08-11 14:28:25,Southern Owens Valley,Reinhackel Flow,2.9
2026-08-11 14:28:25,Southern Owens Valley,Lubkin Spillgate Outflow,0.0
2026-08-11 14:28:25,Southern Owens Valley,Cartago Spillgate Outflow,1.6
2026-08-11 14:28:25,Southern Owens Valley,Lone Pine Creek Flow,12.3
2026-08-11 14:28:25,Lower Owens River Project,LORP Intake Flow,81.0
2026-08-11 14:28:25,Lower Owens River Project,LORP at Mazourka Canyon Road,0.0
2026-08-11 14:28:25,Southern District,Haiwee LAA #2 Current Flow,146.5
2026-08-11 14:28:25,Southern District,Haiwee LAA #1 Current Flow,0.0
2026-08-11 14:28:26,Northern Owens Valley,Tinemaha Elevation,3861.7
2026-08-11 14:28:26,Southern Owens Valley,Tinemaha Elevation,3861.7
2026-08-11 14:28:26,Mono Basin,Lee Vining Intake Above Flow,34.4
2026-08-11 14:28:26,Mono Basin,Lee Vining Intake Below Flow,30.4
2026-08-11 14:28:26,Mono Basin,Mono Lk. Elevation,6382.4
2026-08-11 14:28:26,Mono Basin,Walker Ck. Above Conduit Flow,4.0
2026-08-11 14:28:26,Mono Basin,L.V. Conduit Below Intake Flow,2.6
2026-08-11 14:28:26,Mono Basin,Walker Ck. Under Conduit Flow,4.0
2026-08-11 14:28:26,Mono Basin,Parker Ck. Under Conduit Flow,14.0
2026-08-11 14:28:26,Mono Basin,Parker Ck. Above Conduit Flow,15.0
2026-08-11 14:28:26,Mono Basin,Grant Lk. Spill Flow,0.0
2026-08-11 14:28:26,Mono Basin,Mono Gate 1 Return Ditch Flow,27.3
2026-08-11 14:28:26,Mono Basin,Grant Lk. Elevation,7129.7
2026-08-11 14:28:26,Mono Basin,Grant Lk. Outflow,39.9
2026-08-11 14:28:26,Mono Basin,Rush Ck. at Damsite Flow,10.3
2026-08-11 14:28:26,Mono Basin,Flow to West Portal,14.4
2026-08-11 14:28:26,Long Valley,East Portal Flow,26.0
2026-08-11 14:28:26,Long Valley,OR Below EP Flow,69.0
2026-08-11 14:28:26,Long Valley,Hot Ck.at Hwy. Flow,7.0
2026-08-11 14:28:26,Long Valley,McGee Ck. Lower Sta. Flow,8.0
2026-08-11 14:28:26,Long Valley,Long Valley Elevation,6773.2
2026-08-11 14:28:26,Long Valley,Long Valley Current Outflow,586.0
2026-08-11 14:28:26,Long Valley,Rock Ck. Div. Flow,0.0
2026-08-11 14:28:26,Long Valley,Upper Gorge Total Release,39.4
2026-08-11 14:28:26,Long Valley,Release at Middle Gorge,0.0
2026-08-11 14:28:26,Northern Owens Valley,Rock Ck. At Owens River (PV) Flow,27.0
2026-08-11 14:28:26,Northern Owens Valley,Pleasant Valley Elevation,4386.4
2026-08-11 14:28:26,Northern Owens Valley,Pleasant Valley Outflow,502.8
2026-08-11 14:28:26,Northern Owens Valley,Baker Ck. At LA Station Flow,6.7
2026-08-11 14:28:26,Northern Owens Valley,Big Pine Ck. USGS Flow,50.3
2026-08-11 14:28:26,Northern Owens Valley,O.R. Below Big Pine,495.7
2026-08-11 14:28:26,Northern Owens Valley,Fish Springs At RR Flow,34.7
2026-08-11 14:28:26,Northern Owens Valley,Bishop Creek Through Plant 6,97.5
2026-08-11 14:28:26,Northern Owens Valley,Bishop Creek Around Plant 6,7.1
2026-08-11 14:28:26,Southern Owens Valley,LAA at Alabama Level,6.9
2026-08-11 14:28:26,Southern Owens Valley,LAA at Alabama Water Temp,76.2
2026-08-11 14:28:26,Southern Owens Valley,LAA at Cottonwood Level,8.2
2026-08-11 14:28:26,Southern Owens Valley,LAA at Cotton. Water Temp,77.4
2026-08-11 14:28:26,Southern Owens Valley,N. Haiwee Elevation,3757.0
2026-08-11 14:28:26,Southern Owens Valley,S. Haiwee Reservoir Elevation,3723.1
2026-08-11 14:28:26,Lower Owens River Project,LORP at Reinhackle Springs,69.0
2026-08-11 14:28:26,Lower Owens River Project,LORP Above Pumpstation,51.0
2026-08-11 14:28:26,Lower Owens River Project,LORP At Pump Station Discharge Flow,48.0
2026-08-11 14:28:26,Southern District,S. Haiwee Reservoir Elevation,3723.1
2026-08-11 14:28:26,Southern District,Fairmont Reservoir Elevation,3027.6
2026-08-11 14:28:26,Southern District,LAA #1 Flow at Fairmont Reservoir,365.4
2026-08-11 14:28:26,Southern District,LAA #2 Flow at Fairmont Res.,204.4
2026-08-11 14:28:26,Southern District,Bouquet Reservoir Elevation,2983.9
2026-08-11 14:28:26,Southern District,Bouquet Reservoir Inflow,84.8
2026-08-11 14:28:26,Southern District,Bouquet Reservoir Outflow,0.5
2026-08-11 14:28:26,Southern District,LAA #1 at Soledad Flow,275.4
2026-08-11 14:28:26,Southern District,LAA #2 at Soledad Flow,187.6
2026-08-11 14:43:27,Northern Owens Valley,Big Pine Ck. USGS Flow,50.3
2026-08-11 14:43:27,Northern Owens Valley,Fish Springs At RR Flow,34.7
2026-08-11 14:43:27,Northern Owens Valley,Tinemaha Reservoir Outflow,423.6
2026-08-11 14:43:27,Southern Owens Valley,Tinemaha Reservoir Outflow,423.6
2026-08-11 14:43:27,Southern Owens Valley,Indep. Ck. At Junction Flow,7.0
2026-08-11 14:43:27,Southern Owens Valley,LAA at Alabama Flow,314.0
2026-08-11 14:43:27,Southern Owens Valley,Cottonwood Ck. At LAA Flow,0.0
2026-08-11 14:43:27,Southern Owens Valley,LAA at Cottonwood Flow,389.0
2026-08-11 14:43:27,Southern Owens Valley,Haiwee LAA #1 Current Flow,0.0
2026-08-11 14:43:27,Southern Owens Valley,Haiwee LAA #2 Current Flow,146.5
2026-08-11 14:43:27,Southern Owens Valley,Reinhackel Flow,2.9
2026-08-11 14:43:27,Southern Owens Valley,Lubkin Spillgate Outflow,0.0
2026-08-11 14:43:27,Southern Owens Valley,Cartago Spillgate Outflow,0.0
2026-08-11 14:43:27,Southern Owens Valley,Lone Pine Creek Flow,12.2
2026-08-11 14:43:27,Lower Owens River Project,LORP Intake Flow,75.0
2026-08-11 14:43:27,Lower Owens River Project,LORP at Mazourka Canyon Road,0.0
2026-08-11 14:43:27,Lower Owens River Project,LORP at Reinhackle Springs,69.0
2026-08-11 14:43:27,Lower Owens River Project,LORP Above Pumpstation,51.0
2026-08-11 14:43:27,Lower Owens River Project,LORP At Pump Station Discharge Flow,48.0
2026-08-11 14:43:27,Southern District,Haiwee LAA #2 Current Flow,146.5
2026-08-11 14:43:27,Southern District,Haiwee LAA #1 Current Flow,0.0
2026-08-11 14:43:28,Mono Basin,Lee Vining Intake Above Flow,34.5
2026-08-11 14:43:28,Mono Basin,Lee Vining Intake Below Flow,30.3
2026-08-11 14:43:28,Mono Basin,Mono Lk. Elevation,6382.4
2026-08-11 14:43:28,Mono Basin,Walker Ck. Above Conduit Flow,4.0
2026-08-11 14:43:28,Mono Basin,L.V. Conduit Below Intake Flow,2.6
2026-08-11 14:43:28,Mono Basin,Walker Ck. Under Conduit Flow,4.0
2026-08-11 14:43:28,Mono Basin,Parker Ck. Under Conduit Flow,14.0
2026-08-11 14:43:28,Mono Basin,Parker Ck. Above Conduit Flow,15.0
2026-08-11 14:43:28,Mono Basin,Grant Lk. Spill Flow,0.0
2026-08-11 14:43:28,Mono Basin,Mono Gate 1 Return Ditch Flow,27.3
2026-08-11 14:43:28,Mono Basin,Grant Lk. Elevation,7129.7
2026-08-11 14:43:28,Mono Basin,Grant Lk. Outflow,39.9
2026-08-11 14:43:28,Mono Basin,Rush Ck. at Damsite Flow,10.3
2026-08-11 14:43:28,Mono Basin,Flow to West Portal,14.4
2026-08-11 14:43:28,Long Valley,East Portal Flow,26.0
2026-08-11 14:43:28,Long Valley,OR Below EP Flow,69.0
2026-08-11 14:43:28,Long Valley,Hot Ck.at Hwy. Flow,7.0
2026-08-11 14:43:28,Long Valley,McGee Ck. Lower Sta. Flow,8.0
2026-08-11 14:43:28,Long Valley,Long Valley Elevation,6773.2
2026-08-11 14:43:28,Long Valley,Long Valley Current Outflow,586.0
2026-08-11 14:43:28,Long Valley,Rock Ck. Div. Flow,0.0
2026-08-11 14:43:28,Long Valley,Upper Gorge Total Release,39.3
2026-08-11 14:43:28,Long Valley,Release at Middle Gorge,0.0
2026-08-11 14:43:28,Northern Owens Valley,Rock Ck. At Owens River (PV) Flow,27.0
2026-08-11 14:43:28,Northern Owens Valley,Pleasant Valley Elevation,4386.4
2026-08-11 14:43:28,Northern Owens Valley,Pleasant Valley Outflow,502.0
2026-08-11 14:43:28,Northern Owens Valley,Baker Ck. At LA Station Flow,6.7
2026-08-11 14:43:28,Northern Owens Valley,O.R. Below Big Pine,496.3
2026-08-11 14:43:28,Northern Owens Valley,Bishop Creek Through Plant 6,97.5
2026-08-11 14:43:28,Northern Owens Valley,Bishop Creek Around Plant 6,7.1
2026-08-11 14:43:28,Southern Owens Valley,LAA at Alabama Level,6.9
2026-08-11 14:43:28,Southern Owens Valley,LAA at Alabama Water Temp,76.2
2026-08-11 14:43:28,Southern Owens Valley,LAA at Cottonwood Level,8.2
2026-08-11 14:43:28,Southern Owens Valley,LAA at Cotton. Water Temp,77.4
2026-08-11 14:43:28,Southern Owens Valley,N. Haiwee Elevation,3757.1
2026-08-11 14:43:28,Southern Owens Valley,S. Haiwee Reservoir Elevation,3723.1
2026-08-11 14:43:28,Southern District,S. Haiwee Reservoir Elevation,3723.1
2026-08-11 14:43:28,Southern District,Fairmont Reservoir Elevation,3027.6
2026-08-11 14:43:28,Southern District,LAA #1 Flow at Fairmont Reservoir,352.9
2026-08-11 14:43:28,Southern District,LAA #2 Flow at Fairmont Res.,204.3
2026-08-11 14:43:28,Southern District,Bouquet Reservoir Elevation,2983.9
2026-08-11 14:43:28,Southern District,Bouquet Reservoir Inflow,84.8
2026-08-11 14:43:28,Southern District,Bouquet Reservoir Outflow,0.5
2026-08-11 14:43:28,Southern District,LAA #1 at Soledad Flow,275.4
2026-08-11 14:43:28,Southern District,LAA #2 at Soledad Flow,187.6
2026-08-11 14:58:26,Northern Owens Valley,Tinemaha Elevation,3861.7
2026-08-11 14:58:26,Southern Owens Valley,Tinemaha Elevation,3861.7
2026-08-11 14:58:26,Mono Basin,Lee Vining Intake Above Flow,34.8
2026-08-11 14:58:26,Mono Basin,Lee Vining Intake Below Flow,30.2
2026-08-11 14:58:26,Mono Basin,Mono Lk. Elevation,6382.4
2026-08-11 14:58:26,Mono Basin,Walker Ck. Above Conduit Flow,4.0
2026-08-11 14:58:26,Mono Basin,L.V. Conduit Below Intake Flow,2.6
2026-08-11 14:58:26,Mono Basin,Walker Ck. Under Conduit Flow,4.0
2026-08-11 14:58:26,Mono Basin,Parker Ck. Under Conduit Flow,14.0
2026-08-11 14:58:26,Mono Basin,Parker Ck. Above Conduit Flow,15.0
2026-08-11 14:58:26,Mono Basin,Grant Lk. Spill Flow,0.0
2026-08-11 14:58:26,Mono Basin,Mono Gate 1 Return Ditch Flow,27.3
2026-08-11 14:58:26,Mono Basin,Grant Lk. Elevation,7129.7
2026-08-11 14:58:26,Mono Basin,Grant Lk. Outflow,39.9
2026-08-11 14:58:26,Mono Basin,Rush Ck. at Damsite Flow,10.3
2026-08-11 14:58:26,Mono Basin,Flow to West Portal,14.4
2026-08-11 14:58:26,Long Valley,East Portal Flow,26.0
2026-08-11 14:58:26,Long Valley,OR Below EP Flow,68.0
2026-08-11 14:58:26,Long Valley,Hot Ck.at Hwy. Flow,7.0
2026-08-11 14:58:26,Long Valley,McGee Ck. Lower Sta. Flow,8.0
2026-08-11 14:58:26,Long Valley,Long Valley Elevation,6773.2
2026-08-11 14:58:26,Long Valley,Long Valley Current Outflow,586.0
2026-08-11 14:58:26,Long Valley,Rock Ck. Div. Flow,0.0
2026-08-11 14:58:26,Long Valley,Upper Gorge Total Release,39.9
2026-08-11 14:58:26,Long Valley,Release at Middle Gorge,0.0
2026-08-11 14:58:26,Northern Owens Valley,Rock Ck. At Owens River (PV) Flow,27.0
2026-08-11 14:58:26,Northern Owens Valley,Pleasant Valley Elevation,4386.4
2026-08-11 14:58:26,Northern Owens Valley,Pleasant Valley Outflow,501.8
2026-08-11 14:58:26,Northern Owens Valley,Baker Ck. At LA Station Flow,6.4
2026-08-11 14:58:26,Northern Owens Valley,Big Pine Ck. USGS Flow,50.3
2026-08-11 14:58:26,Northern Owens Valley,O.R. Below Big Pine,498.1
2026-08-11 14:58:26,Northern Owens Valley,Fish Springs At RR Flow,34.7
2026-08-11 14:58:26,Northern Owens Valley,Tinemaha Reservoir Outflow,423.6
2026-08-11 14:58:26,Northern Owens Valley,Bishop Creek Through Plant 6,102.9
2026-08-11 14:58:26,Northern Owens Valley,Bishop Creek Around Plant 6,7.5
2026-08-11 14:58:26,Southern Owens Valley,Tinemaha Reservoir Outflow,423.6
2026-08-11 14:58:26,Southern Owens Valley,Indep. Ck. At Junction Flow,7.0
2026-08-11 14:58:26,Southern Owens Valley,LAA at Alabama Flow,314.0
2026-08-11 14:58:26,Southern Owens Valley,LAA at Alabama Level,6.9
2026-08-11 14:58:26,Southern Owens Valley,LAA at Alabama Water Temp,76.2
2026-08-11 14:58:26,Southern Owens Valley,Cottonwood Ck. At LAA Flow,0.0
2026-08-11 14:58:26,Southern Owens Valley,LAA at Cottonwood Flow,389.0
2026-08-11 14:58:26,Southern Owens Valley,LAA at Cottonwood Level,8.2
2026-08-11 14:58:26,Southern Owens Valley,LAA at Cotton. Water Temp,77.4
2026-08-11 14:58:26,Southern Owens Valley,N. Haiwee Elevation,3757.1
2026-08-11 14:58:26,Southern Owens Valley,S. Haiwee Reservoir Elevation,3723.1
2026-08-11 14:58:26,Southern Owens Valley,Haiwee LAA #1 Current Flow,0.0
2026-08-11 14:58:26,Southern Owens Valley,Haiwee LAA #2 Current Flow,146.5
2026-08-11 14:58:26,Southern Owens Valley,Reinhackel Flow,2.9
2026-08-11 14:58:26,Southern Owens Valley,Lubkin Spillgate Outflow,0.0
2026-08-11 14:58:26,Southern Owens Valley,Cartago Spillgate Outflow,0.0
2026-08-11 14:58:26,Southern Owens Valley,Lone Pine Creek Flow,12.2
2026-08-11 14:58:26,Lower Owens River Project,LORP Intake Flow,75.0
2026-08-11 14:58:26,Lower Owens River Project,LORP at Mazourka Canyon Road,0.0
2026-08-11 14:58:26,Lower Owens River Project,LORP at Reinhackle Springs,69.0
2026-08-11 14:58:26,Lower Owens River Project,LORP Above Pumpstation,51.0
2026-08-11 14:58:26,Lower Owens River Project,LORP At Pump Station Discharge Flow,48.0
2026-08-11 14:58:26,Southern District,Haiwee LAA #2 Current Flow,146.5
2026-08-11 14:58:26,Southern District,S. Haiwee Reservoir Elevation,3723.1
2026-08-11 14:58:26,Southern District,Haiwee LAA #1 Current Flow,0.0
2026-08-11 14:58:26,Southern District,Fairmont Reservoir Elevation,3027.6
2026-08-11 14:58:26,Southern District,LAA #1 Flow at Fairmont Reservoir,352.9
2026-08-11 14:58:26,Southern District,LAA #2 Flow at Fairmont Res.,204.2
2026-08-11 14:58:26,Southern District,Bouquet Reservoir Elevation,2983.9
2026-08-11 14:58:26,Southern District,Bouquet Reservoir Inflow,84.6
2026-08-11 14:58:26,Southern District,Bouquet Reservoir Outflow,0.5
2026-08-11 14:58:26,Southern District,LAA #1 at Soledad Flow,275.4
2026-08-11 14:58:26,Southern District,LAA #2 at Soledad Flow,187.6
2026-08-11 15:28:26,Northern Owens Valley,Tinemaha Elevation,3861.7
2026-08-11 15:28:26,Southern Owens Valley,Tinemaha Elevation,3861.7
2026-08-11 15:43:27,Mono Basin,Lee Vining Intake Above Flow,35.5
2026-08-11 15:43:27,Mono Basin,Lee Vining Intake Below Flow,30.1
2026-08-11 15:43:27,Mono Basin,Walker Ck. Above Conduit Flow,4.0
2026-08-11 15:43:27,Mono Basin,L.V. Conduit Below Intake Flow,2.5
2026-08-11 15:43:27,Mono Basin,Walker Ck. Under Conduit Flow,4.0
2026-08-11 15:43:27,Mono Basin,Parker Ck. Under Conduit Flow,14.0
2026-08-11 15:43:27,Mono Basin,Parker Ck. Above Conduit Flow,15.0
2026-08-11 15:43:27,Mono Basin,Grant Lk. Spill Flow,0.0
2026-08-11 15:43:27,Mono Basin,Mono Gate 1 Return Ditch Flow,27.3
2026-08-11 15:43:27,Mono Basin,Grant Lk. Outflow,40.1
2026-08-11 15:43:27,Mono Basin,Rush Ck. at Damsite Flow,10.0
2026-08-11 15:43:27,Mono Basin,Flow to West Portal,14.6
2026-08-11 15:43:27,Long Valley,East Portal Flow,26.0
2026-08-11 15:43:27,Long Valley,OR Below EP Flow,69.0
2026-08-11 15:43:27,Long Valley,Hot Ck.at Hwy. Flow,7.0
2026-08-11 15:43:27,Long Valley,McGee Ck. Lower Sta. Flow,7.9
2026-08-11 15:43:27,Long Valley,Long Valley Current Outflow,588.2
2026-08-11 15:43:27,Long Valley,Rock Ck. Div. Flow,0.0
2026-08-11 15:43:27,Long Valley,Upper Gorge Total Release,41.2
2026-08-11 15:43:27,Long Valley,Release at Middle Gorge,0.0
2026-08-11 15:43:27,Northern Owens Valley,Rock Ck. At Owens River (PV) Flow,26.6
2026-08-11 15:43:27,Northern Owens Valley,Pleasant Valley Outflow,503.0
2026-08-11 15:43:27,Northern Owens Valley,Baker Ck. At LA Station Flow,6.8
2026-08-11 15:43:27,Northern Owens Valley,Big Pine Ck. USGS Flow,40.1
2026-08-11 15:43:27,Northern Owens Valley,O.R. Below Big Pine,496.3
2026-08-11 15:43:27,Northern Owens Valley,Fish Springs At RR Flow,34.7
2026-08-11 15:43:27,Northern Owens Valley,Tinemaha Reservoir Outflow,423.6
2026-08-11 15:43:27,Northern Owens Valley,Bishop Creek Through Plant 6,98.5
2026-08-11 15:43:27,Northern Owens Valley,Bishop Creek Around Plant 6,7.7
2026-08-11 15:43:27,Southern Owens Valley,Tinemaha Reservoir Outflow,423.6
2026-08-11 15:43:27,Southern Owens Valley,Indep. Ck. At Junction Flow,7.0
2026-08-11 15:43:27,Southern Owens Valley,LAA at Alabama Flow,314.0
2026-08-11 15:43:27,Southern Owens Valley,Cottonwood Ck. At LAA Flow,0.0
2026-08-11 15:43:27,Southern Owens Valley,LAA at Cottonwood Flow,389.0
2026-08-11 15:43:27,Southern Owens Valley,Haiwee LAA #1 Current Flow,0.0
2026-08-11 15:43:27,Southern Owens Valley,Haiwee LAA #2 Current Flow,146.5
2026-08-11 15:43:27,Southern Owens Valley,Reinhackel Flow,2.9
2026-08-11 15:43:27,Southern Owens Valley,Lubkin Spillgate Outflow,0.0
2026-08-11 15:43:27,Southern Owens Valley,Cartago Spillgate Outflow,0.0
2026-08-11 15:43:27,Southern Owens Valley,Lone Pine Creek Flow,12.0
2026-08-11 15:43:27,Lower Owens River Project,LORP Intake Flow,75.0
2026-08-11 15:43:27,Lower Owens River Project,LORP at Mazourka Canyon Road,0.0
2026-08-11 15:43:27,Lower Owens River Project,LORP at Reinhackle Springs,67.0
2026-08-11 15:43:27,Lower Owens River Project,LORP Above Pumpstation,51.0
2026-08-11 15:43:27,Lower Owens River Project,LORP At Pump Station Discharge Flow,48.0
2026-08-11 15:43:27,Southern District,Haiwee LAA #2 Current Flow,146.5
2026-08-11 15:43:27,Southern District,Haiwee LAA #1 Current Flow,0.0
2026-08-11 15:43:27,Southern District,LAA #1 Flow at Fairmont Reservoir,346.9
2026-08-11 15:43:27,Southern District,LAA #2 Flow at Fairmont Res.,204.3
2026-08-11 15:43:27,Southern District,Bouquet Reservoir Inflow,79.4
2026-08-11 15:43:27,Southern District,Bouquet Reservoir Outflow,0.5
2026-08-11 15:43:27,Southern District,LAA #1 at Soledad Flow,275.4
2026-08-11 15:43:27,Southern District,LAA #2 at Soledad Flow,187.6
2026-08-11 15:43:28,Mono Basin,Mono Lk. Elevation,6382.4
2026-08-11 15:43:28,Mono Basin,Grant Lk. Elevation,7129.7
2026-08-11 15:43:28,Long Valley,Long Valley Elevation,6773.2
2026-08-11 15:43:28,Northern Owens Valley,Pleasant Valley Elevation,4386.5
2026-08-11 15:43:28,Southern Owens Valley,LAA at Alabama Level,6.9
2026-08-11 15:43:28,Southern Owens Valley,LAA at Alabama Water Temp,76.4
2026-08-11 15:43:28,Southern Owens Valley,LAA at Cottonwood Level,8.2
2026-08-11 15:43:28,Southern Owens Valley,LAA at Cotton. Water Temp,77.3
2026-08-11 15:43:28,Southern Owens Valley,N. Haiwee Elevation,3757.1
2026-08-11 15:43:28,Southern Owens Valley,S. Haiwee Reservoir Elevation,3723.1
2026-08-11 15:43:28,Southern District,S. Haiwee Reservoir Elevation,3723.1
2026-08-11 15:43:28,Southern District,Fairmont Reservoir Elevation,3027.6
2026-08-11 15:43:28,Southern District,Bouquet Reservoir Elevation,2983.9
2026-08-11 15:58:27,Northern Owens Valley,Tinemaha Elevation,3861.7
2026-08-11 15:58:27,Southern Owens Valley,Tinemaha Elevation,3861.7
2026-08-11 16:28:26,Northern Owens Valley,Tinemaha Elevation,3861.7
2026-08-11 16:28:26,Southern Owens Valley,Tinemaha Elevation,3861.7
2026-08-11 16:43:27,Mono Basin,Lee Vining Intake Above Flow,33.8
2026-08-11 16:43:27,Mono Basin,Lee Vining Intake Below Flow,29.9
2026-08-11 16:43:27,Mono Basin,Mono Lk. Elevation,6382.4
2026-08-11 16:43:27,Mono Basin,Walker Ck. Above Conduit Flow,4.0
2026-08-11 16:43:27,Mono Basin,L.V. Conduit Below Intake Flow,2.4
2026-08-11 16:43:27,Mono Basin,Walker Ck. Under Conduit Flow,4.0
2026-08-11 16:43:27,Mono Basin,Parker Ck. Under Conduit Flow,14.0
2026-08-11 16:43:27,Mono Basin,Parker Ck. Above Conduit Flow,15.0
2026-08-11 16:43:27,Mono Basin,Grant Lk. Spill Flow,0.0
2026-08-11 16:43:27,Mono Basin,Mono Gate 1 Return Ditch Flow,27.4
2026-08-11 16:43:27,Mono Basin,Grant Lk. Elevation,7129.7
2026-08-11 16:43:27,Mono Basin,Grant Lk. Outflow,39.8
2026-08-11 16:43:27,Mono Basin,Rush Ck. at Damsite Flow,10.0
2026-08-11 16:43:27,Mono Basin,Flow to West Portal,14.6
2026-08-11 16:43:27,Long Valley,East Portal Flow,26.0
2026-08-11 16:43:27,Long Valley,OR Below EP Flow,69.0
2026-08-11 16:43:27,Long Valley,Hot Ck.at Hwy. Flow,6.0
2026-08-11 16:43:27,Long Valley,McGee Ck. Lower Sta. Flow,7.9
2026-08-11 16:43:27,Long Valley,Long Valley Elevation,6773.1
2026-08-11 16:43:27,Long Valley,Long Valley Current Outflow,585.7
2026-08-11 16:43:27,Long Valley,Rock Ck. Div. Flow,0.0
2026-08-11 16:43:27,Long Valley,Upper Gorge Total Release,41.4
2026-08-11 16:43:27,Long Valley,Release at Middle Gorge,0.0
2026-08-11 16:43:27,Northern Owens Valley,Rock Ck. At Owens River (PV) Flow,26.4
2026-08-11 16:43:27,Northern Owens Valley,Pleasant Valley Elevation,4386.6
2026-08-11 16:43:27,Northern Owens Valley,Pleasant Valley Outflow,504.5
2026-08-11 16:43:27,Northern Owens Valley,Baker Ck. At LA Station Flow,6.8
2026-08-11 16:43:27,Northern Owens Valley,Big Pine Ck. USGS Flow,40.1
2026-08-11 16:43:27,Northern Owens Valley,O.R. Below Big Pine,496.3
2026-08-11 16:43:27,Northern Owens Valley,Fish Springs At RR Flow,34.7
2026-08-11 16:43:27,Northern Owens Valley,Tinemaha Reservoir Outflow,423.6
2026-08-11 16:43:27,Northern Owens Valley,Bishop Creek Through Plant 6,97.4
2026-08-11 16:43:27,Northern Owens Valley,Bishop Creek Around Plant 6,8.0
2026-08-11 16:43:27,Southern Owens Valley,Tinemaha Reservoir Outflow,423.6
2026-08-11 16:43:27,Southern Owens Valley,Indep. Ck. At Junction Flow,7.0
2026-08-11 16:43:27,Southern Owens Valley,LAA at Alabama Flow,314.0
2026-08-11 16:43:27,Southern Owens Valley,LAA at Alabama Level,6.9
2026-08-11 16:43:27,Southern Owens Valley,LAA at Alabama Water Temp,76.1
2026-08-11 16:43:27,Southern Owens Valley,Cottonwood Ck. At LAA Flow,0.0
2026-08-11 16:43:27,Southern Owens Valley,LAA at Cottonwood Flow,389.0
2026-08-11 16:43:27,Southern Owens Valley,LAA at Cottonwood Level,8.2
2026-08-11 16:43:27,Southern Owens Valley,LAA at Cotton. Water Temp,77.0
2026-08-11 16:43:27,Southern Owens Valley,N. Haiwee Elevation,3757.1
2026-08-11 16:43:27,Southern Owens Valley,S. Haiwee Reservoir Elevation,3723.1
2026-08-11 16:43:27,Southern Owens Valley,Haiwee LAA #1 Current Flow,0.0
2026-08-11 16:43:27,Southern Owens Valley,Haiwee LAA #2 Current Flow,146.5
2026-08-11 16:43:27,Southern Owens Valley,Reinhackel Flow,2.9
2026-08-11 16:43:27,Southern Owens Valley,Lubkin Spillgate Outflow,0.0
2026-08-11 16:43:27,Southern Owens Valley,Cartago Spillgate Outflow,0.0
2026-08-11 16:43:27,Southern Owens Valley,Lone Pine Creek Flow,11.8
2026-08-11 16:43:27,Lower Owens River Project,LORP Intake Flow,75.0
2026-08-11 16:43:27,Lower Owens River Project,LORP at Mazourka Canyon Road,0.0
2026-08-11 16:43:27,Lower Owens River Project,LORP at Reinhackle Springs,69.0
2026-08-11 16:43:27,Lower Owens River Project,LORP Above Pumpstation,51.0
2026-08-11 16:43:27,Lower Owens River Project,LORP At Pump Station Discharge Flow,48.0
2026-08-11 16:43:27,Southern District,Haiwee LAA #2 Current Flow,146.5
2026-08-11 16:43:27,Southern District,S. Haiwee Reservoir Elevation,3723.1
2026-08-11 16:43:27,Southern District,Haiwee LAA #1 Current Flow,0.0
2026-08-11 16:43:27,Southern District,Fairmont Reservoir Elevation,3027.6
2026-08-11 16:43:27,Southern District,LAA #1 Flow at Fairmont Reservoir,349.4
2026-08-11 16:43:27,Southern District,LAA #2 Flow at Fairmont Res.,204.2
2026-08-11 16:43:27,Southern District,Bouquet Reservoir Elevation,2983.9
2026-08-11 16:43:27,Southern District,Bouquet Reservoir Inflow,84.4
2026-08-11 16:43:27,Southern District,Bouquet Reservoir Outflow,0.5
2026-08-11 16:43:27,Southern District,LAA #1 at Soledad Flow,275.4
2026-08-11 16:43:27,Southern District,LAA #2 at Soledad Flow,187.6
2026-08-11 16:58:26,Northern Owens Valley,Tinemaha Elevation,3861.7
2026-08-11 16:58:26,Southern Owens Valley,Tinemaha Elevation,3861.7
2026-08-11 17:28:26,Northern Owens Valley,Tinemaha Elevation,3861.7
2026-08-11 17:28:26,Southern Owens Valley,Tinemaha Elevation,3861.7
2026-08-11 17:43:27,Mono Basin,Lee Vining Intake Above Flow,33.0
2026-08-11 17:43:27,Mono Basin,Lee Vining Intake Below Flow,29.9
2026-08-11 17:43:27,Mono Basin,Walker Ck. Above Conduit Flow,4.0
2026-08-11 17:43:27,Mono Basin,L.V. Conduit Below Intake Flow,2.3
2026-08-11 17:43:27,Mono Basin,Walker Ck. Under Conduit Flow,4.0
2026-08-11 17:43:27,Mono Basin,Parker Ck. Under Conduit Flow,14.0
2026-08-11 17:43:27,Mono Basin,Parker Ck. Above Conduit Flow,15.0
2026-08-11 17:43:27,Mono Basin,Grant Lk. Spill Flow,0.0
2026-08-11 17:43:27,Mono Basin,Mono Gate 1 Return Ditch Flow,27.4
2026-08-11 17:43:27,Mono Basin,Grant Lk. Outflow,39.7
2026-08-11 17:43:27,Mono Basin,Rush Ck. at Damsite Flow,10.0
2026-08-11 17:43:27,Mono Basin,Flow to West Portal,14.6
2026-08-11 17:43:27,Long Valley,East Portal Flow,26.0
2026-08-11 17:43:27,Long Valley,OR Below EP Flow,69.0
2026-08-11 17:43:27,Long Valley,Hot Ck.at Hwy. Flow,6.0
2026-08-11 17:43:27,Long Valley,McGee Ck. Lower Sta. Flow,7.9
2026-08-11 17:43:27,Long Valley,Long Valley Current Outflow,587.7
2026-08-11 17:43:27,Long Valley,Rock Ck. Div. Flow,0.0
2026-08-11 17:43:27,Long Valley,Upper Gorge Total Release,41.3
2026-08-11 17:43:27,Long Valley,Release at Middle Gorge,0.0
2026-08-11 17:43:27,Northern Owens Valley,Rock Ck. At Owens River (PV) Flow,26.2
2026-08-11 17:43:27,Northern Owens Valley,Pleasant Valley Outflow,505.2
2026-08-11 17:43:27,Northern Owens Valley,Baker Ck. At LA Station Flow,6.8
2026-08-11 17:43:27,Northern Owens Valley,Big Pine Ck. USGS Flow,45.0
2026-08-11 17:43:27,Northern Owens Valley,O.R. Below Big Pine,498.9
2026-08-11 17:43:27,Northern Owens Valley,Fish Springs At RR Flow,34.7
2026-08-11 17:43:27,Northern Owens Valley,Tinemaha Reservoir Outflow,423.6
2026-08-11 17:43:27,Northern Owens Valley,Bishop Creek Through Plant 6,109.2
2026-08-11 17:43:27,Northern Owens Valley,Bishop Creek Around Plant 6,8.3
2026-08-11 17:43:27,Southern Owens Valley,Tinemaha Reservoir Outflow,423.6
2026-08-11 17:43:27,Southern Owens Valley,Indep. Ck. At Junction Flow,7.0
2026-08-11 17:43:27,Southern Owens Valley,LAA at Alabama Flow,315.0
2026-08-11 17:43:27,Southern Owens Valley,Cottonwood Ck. At LAA Flow,0.0
2026-08-11 17:43:27,Southern Owens Valley,LAA at Cottonwood Flow,389.0
2026-08-11 17:43:27,Southern Owens Valley,Haiwee LAA #1 Current Flow,0.0
2026-08-11 17:43:27,Southern Owens Valley,Haiwee LAA #2 Current Flow,146.5
2026-08-11 17:43:27,Southern Owens Valley,Reinhackel Flow,2.9
2026-08-11 17:43:27,Southern Owens Valley,Lubkin Spillgate Outflow,0.0
2026-08-11 17:43:27,Southern Owens Valley,Cartago Spillgate Outflow,0.5
2026-08-11 17:43:27,Southern Owens Valley,Lone Pine Creek Flow,11.8
2026-08-11 17:43:27,Lower Owens River Project,LORP Intake Flow,75.0
2026-08-11 17:43:27,Lower Owens River Project,LORP at Mazourka Canyon Road,0.0
2026-08-11 17:43:27,Lower Owens River Project,LORP at Reinhackle Springs,68.0
2026-08-11 17:43:27,Lower Owens River Project,LORP Above Pumpstation,40.0
2026-08-11 17:43:27,Lower Owens River Project,LORP At Pump Station Discharge Flow,37.0
2026-08-11 17:43:27,Southern District,Haiwee LAA #2 Current Flow,146.5
2026-08-11 17:43:27,Southern District,Haiwee LAA #1 Current Flow,0.0
2026-08-11 17:43:27,Southern District,LAA #1 Flow at Fairmont Reservoir,349.0
2026-08-11 17:43:27,Southern District,LAA #2 Flow at Fairmont Res.,204.4
2026-08-11 17:43:27,Southern District,Bouquet Reservoir Inflow,81.7
2026-08-11 17:43:27,Southern District,Bouquet Reservoir Outflow,0.5
2026-08-11 17:43:27,Southern District,LAA #1 at Soledad Flow,275.4
2026-08-11 17:43:27,Southern District,LAA #2 at Soledad Flow,187.6
2026-08-11 17:43:28,Mono Basin,Mono Lk. Elevation,6382.4
2026-08-11 17:43:28,Mono Basin,Grant Lk. Elevation,7129.7
2026-08-11 17:43:28,Long Valley,Long Valley Elevation,6773.1
2026-08-11 17:43:28,Northern Owens Valley,Pleasant Valley Elevation,4386.7
2026-08-11 17:43:28,Southern Owens Valley,LAA at Alabama Level,6.9
2026-08-11 17:43:28,Southern Owens Valley,LAA at Alabama Water Temp,75.9
2026-08-11 17:43:28,Southern Owens Valley,LAA at Cottonwood Level,8.2
2026-08-11 17:43:28,Southern Owens Valley,LAA at Cotton. Water Temp,76.8
2026-08-11 17:43:28,Southern Owens Valley,N. Haiwee Elevation,3757.1
2026-08-11 17:43:28,Southern Owens Valley,S. Haiwee Reservoir Elevation,3723.0
2026-08-11 17:43:28,Southern District,S. Haiwee Reservoir Elevation,3723.0
2026-08-11 17:43:28,Southern District,Fairmont Reservoir Elevation,3027.6
2026-08-11 17:43:28,Southern District,Bouquet Reservoir Elevation,2983.9
2026-08-11 17:58:26,Northern Owens Valley,Tinemaha Elevation,3861.7
2026-08-11 17:58:26,Southern Owens Valley,Tinemaha Elevation,3861.7
2026-08-11 18:28:27,Northern Owens Valley,Tinemaha Elevation,3861.7
2026-08-11 18:28:27,Southern Owens Valley,Tinemaha Elevation,3861.7
2026-08-11 18:43:27,Mono Basin,Lee Vining Intake Above Flow,33.0
2026-08-11 18:43:27,Mono Basin,Lee Vining Intake Below Flow,29.6
2026-08-11 18:43:27,Mono Basin,Mono Lk. Elevation,6382.4
2026-08-11 18:43:27,Mono Basin,Walker Ck. Above Conduit Flow,4.0
2026-08-11 18:43:27,Mono Basin,L.V. Conduit Below Intake Flow,2.1
2026-08-11 18:43:27,Mono Basin,Walker Ck. Under Conduit Flow,4.0
2026-08-11 18:43:27,Mono Basin,Parker Ck. Under Conduit Flow,14.0
2026-08-11 18:43:27,Mono Basin,Parker Ck. Above Conduit Flow,15.0
2026-08-11 18:43:27,Mono Basin,Grant Lk. Spill Flow,0.0
2026-08-11 18:43:27,Mono Basin,Mono Gate 1 Return Ditch Flow,27.3
2026-08-11 18:43:27,Mono Basin,Grant Lk. Elevation,7129.7
2026-08-11 18:43:27,Mono Basin,Grant Lk. Outflow,39.9
2026-08-11 18:43:27,Mono Basin,Rush Ck. at Damsite Flow,10.0
2026-08-11 18:43:27,Mono Basin,Flow to West Portal,14.6
2026-08-11 18:43:27,Long Valley,East Portal Flow,25.0
2026-08-11 18:43:27,Long Valley,OR Below EP Flow,69.0
2026-08-11 18:43:27,Long Valley,Hot Ck.at Hwy. Flow,6.0
2026-08-11 18:43:27,Long Valley,McGee Ck. Lower Sta. Flow,7.9
2026-08-11 18:43:27,Long Valley,Long Valley Elevation,6773.1
2026-08-11 18:43:27,Long Valley,Long Valley Current Outflow,584.8
2026-08-11 18:43:27,Long Valley,Rock Ck. Div. Flow,0.0
2026-08-11 18:43:27,Long Valley,Upper Gorge Total Release,41.2
2026-08-11 18:43:27,Long Valley,Release at Middle Gorge,0.0
2026-08-11 18:43:27,Northern Owens Valley,Rock Ck. At Owens River (PV) Flow,26.2
2026-08-11 18:43:27,Northern Owens Valley,Pleasant Valley Elevation,4386.8
2026-08-11 18:43:27,Northern Owens Valley,Pleasant Valley Outflow,504.5
2026-08-11 18:43:27,Northern Owens Valley,Baker Ck. At LA Station Flow,6.3
2026-08-11 18:43:27,Northern Owens Valley,Big Pine Ck. USGS Flow,45.0
2026-08-11 18:43:27,Northern Owens Valley,O.R. Below Big Pine,497.4
2026-08-11 18:43:27,Northern Owens Valley,Fish Springs At RR Flow,33.8
2026-08-11 18:43:27,Northern Owens Valley,Tinemaha Reservoir Outflow,423.6
2026-08-11 18:43:27,Northern Owens Valley,Bishop Creek Through Plant 6,107.7
2026-08-11 18:43:27,Northern Owens Valley,Bishop Creek Around Plant 6,8.1
2026-08-11 18:43:27,Southern Owens Valley,Tinemaha Reservoir Outflow,423.6
2026-08-11 18:43:27,Southern Owens Valley,Indep. Ck. At Junction Flow,7.0
2026-08-11 18:43:27,Southern Owens Valley,LAA at Alabama Flow,315.0
2026-08-11 18:43:27,Southern Owens Valley,LAA at Alabama Level,6.9
2026-08-11 18:43:27,Southern Owens Valley,LAA at Alabama Water Temp,75.9
2026-08-11 18:43:27,Southern Owens Valley,Cottonwood Ck. At LAA Flow,0.0
2026-08-11 18:43:27,Southern Owens Valley,LAA at Cottonwood Flow,390.0
2026-08-11 18:43:27,Southern Owens Valley,LAA at Cottonwood Level,8.2
2026-08-11 18:43:27,Southern Owens Valley,LAA at Cotton. Water Temp,76.5
2026-08-11 18:43:27,Southern Owens Valley,N. Haiwee Elevation,3757.1
2026-08-11 18:43:27,Southern Owens Valley,S. Haiwee Reservoir Elevation,3723.1
2026-08-11 18:43:27,Southern Owens Valley,Haiwee LAA #1 Current Flow,0.0
2026-08-11 18:43:27,Southern Owens Valley,Haiwee LAA #2 Current Flow,147.0
2026-08-11 18:43:27,Southern Owens Valley,Reinhackel Flow,2.9
2026-08-11 18:43:27,Southern Owens Valley,Lubkin Spillgate Outflow,0.0
2026-08-11 18:43:27,Southern Owens Valley,Cartago Spillgate Outflow,12.0
2026-08-11 18:43:27,Southern Owens Valley,Lone Pine Creek Flow,11.8
2026-08-11 18:43:27,Lower Owens River Project,LORP Intake Flow,75.0
2026-08-11 18:43:27,Lower Owens River Project,LORP at Mazourka Canyon Road,0.0
2026-08-11 18:43:27,Lower Owens River Project,LORP at Reinhackle Springs,68.0
2026-08-11 18:43:27,Lower Owens River Project,LORP Above Pumpstation,51.0
2026-08-11 18:43:27,Lower Owens River Project,LORP At Pump Station Discharge Flow,48.0
2026-08-11 18:43:27,Southern District,Haiwee LAA #2 Current Flow,147.0
2026-08-11 18:43:27,Southern District,S. Haiwee Reservoir Elevation,3723.1
2026-08-11 18:43:27,Southern District,Haiwee LAA #1 Current Flow,0.0
2026-08-11 18:43:27,Southern District,Fairmont Reservoir Elevation,3027.6
2026-08-11 18:43:27,Southern District,LAA #1 Flow at Fairmont Reservoir,357.3
2026-08-11 18:43:27,Southern District,LAA #2 Flow at Fairmont Res.,204.2
2026-08-11 18:43:27,Southern District,Bouquet Reservoir Elevation,2983.9
2026-08-11 18:43:27,Southern District,Bouquet Reservoir Inflow,83.1
2026-08-11 18:43:27,Southern District,Bouquet Reservoir Outflow,0.5
2026-08-11 18:43:27,Southern District,LAA #1 at Soledad Flow,275.4
2026-08-11 18:43:27,Southern District,LAA #2 at Soledad Flow,187.6
2026-08-11 18:58:26,Northern Owens Valley,Tinemaha Elevation,3861.7
2026-08-11 18:58:26,Southern Owens Valley,Tinemaha Elevation,3861.7
2026-08-11 19:28:26,Northern Owens Valley,Tinemaha Elevation,3861.7
2026-08-11 19:28:26,Southern Owens Valley,Tinemaha Elevation,3861.7
2026-08-11 19:43:26,Mono Basin,Lee Vining Intake Above Flow,32.8
2026-08-11 19:43:26,Mono Basin,Lee Vining Intake Below Flow,29.4
2026-08-11 19:43:26,Mono Basin,Walker Ck. Above Conduit Flow,4.0
2026-08-11 19:43:26,Mono Basin,L.V. Conduit Below Intake Flow,1.9
2026-08-11 19:43:26,Mono Basin,Walker Ck. Under Conduit Flow,4.0
2026-08-11 19:43:26,Mono Basin,Parker Ck. Under Conduit Flow,14.0
2026-08-11 19:43:26,Mono Basin,Parker Ck. Above Conduit Flow,15.0
2026-08-11 19:43:26,Mono Basin,Grant Lk. Spill Flow,0.0
2026-08-11 19:43:26,Mono Basin,Mono Gate 1 Return Ditch Flow,27.3
2026-08-11 19:43:26,Mono Basin,Grant Lk. Outflow,40.0
2026-08-11 19:43:26,Mono Basin,Rush Ck. at Damsite Flow,10.0
2026-08-11 19:43:26,Mono Basin,Flow to West Portal,14.6
2026-08-11 19:43:26,Long Valley,East Portal Flow,26.0
2026-08-11 19:43:26,Long Valley,OR Below EP Flow,69.0
2026-08-11 19:43:26,Long Valley,Hot Ck.at Hwy. Flow,6.0
2026-08-11 19:43:26,Long Valley,McGee Ck. Lower Sta. Flow,7.9
2026-08-11 19:43:26,Long Valley,Long Valley Current Outflow,584.0
2026-08-11 19:43:26,Long Valley,Rock Ck. Div. Flow,0.0
2026-08-11 19:43:26,Long Valley,Upper Gorge Total Release,41.3
2026-08-11 19:43:26,Long Valley,Release at Middle Gorge,0.0
2026-08-11 19:43:26,Northern Owens Valley,Rock Ck. At Owens River (PV) Flow,27.1
2026-08-11 19:43:26,Northern Owens Valley,Pleasant Valley Outflow,505.5
2026-08-11 19:43:26,Northern Owens Valley,Baker Ck. At LA Station Flow,6.3
2026-08-11 19:43:26,Northern Owens Valley,Big Pine Ck. USGS Flow,45.0
2026-08-11 19:43:26,Northern Owens Valley,O.R. Below Big Pine,498.8
2026-08-11 19:43:26,Northern Owens Valley,Fish Springs At RR Flow,33.8
2026-08-11 19:43:26,Northern Owens Valley,Tinemaha Reservoir Outflow,424.4
2026-08-11 19:43:26,Northern Owens Valley,Bishop Creek Through Plant 6,107.7
2026-08-11 19:43:26,Northern Owens Valley,Bishop Creek Around Plant 6,8.1
2026-08-11 19:43:26,Southern Owens Valley,Tinemaha Reservoir Outflow,424.4
2026-08-11 19:43:26,Southern Owens Valley,Indep. Ck. At Junction Flow,7.0
2026-08-11 19:43:26,Southern Owens Valley,LAA at Alabama Flow,314.0
2026-08-11 19:43:26,Southern Owens Valley,Cottonwood Ck. At LAA Flow,0.0
2026-08-11 19:43:26,Southern Owens Valley,LAA at Cottonwood Flow,390.0
2026-08-11 19:43:26,Southern Owens Valley,Haiwee LAA #1 Current Flow,0.0
2026-08-11 19:43:26,Southern Owens Valley,Haiwee LAA #2 Current Flow,147.0
2026-08-11 19:43:26,Southern Owens Valley,Reinhackel Flow,2.9
2026-08-11 19:43:26,Southern Owens Valley,Lubkin Spillgate Outflow,0.0
2026-08-11 19:43:26,Southern Owens Valley,Cartago Spillgate Outflow,6.8
2026-08-11 19:43:26,Southern Owens Valley,Lone Pine Creek Flow,12.0
2026-08-11 19:43:26,Lower Owens River Project,LORP Intake Flow,75.0
2026-08-11 19:43:26,Lower Owens River Project,LORP at Mazourka Canyon Road,0.0
2026-08-11 19:43:26,Lower Owens River Project,LORP at Reinhackle Springs,70.0
2026-08-11 19:43:26,Lower Owens River Project,LORP Above Pumpstation,51.0
2026-08-11 19:43:26,Lower Owens River Project,LORP At Pump Station Discharge Flow,48.0
2026-08-11 19:43:26,Southern District,Haiwee LAA #2 Current Flow,147.0
2026-08-11 19:43:26,Southern District,Haiwee LAA #1 Current Flow,0.0
2026-08-11 19:43:26,Southern District,LAA #1 Flow at Fairmont Reservoir,361.2
2026-08-11 19:43:26,Southern District,LAA #2 Flow at Fairmont Res.,204.2
2026-08-11 19:43:26,Southern District,Bouquet Reservoir Inflow,83.1
2026-08-11 19:43:26,Southern District,Bouquet Reservoir Outflow,0.5
2026-08-11 19:43:26,Southern District,LAA #1 at Soledad Flow,273.0
2026-08-11 19:43:26,Southern District,LAA #2 at Soledad Flow,188.0
2026-08-11 19:43:27,Mono Basin,Mono Lk. Elevation,6382.4
2026-08-11 19:43:27,Mono Basin,Grant Lk. Elevation,7129.7
2026-08-11 19:43:27,Long Valley,Long Valley Elevation,6773.1
2026-08-11 19:43:27,Northern Owens Valley,Pleasant Valley Elevation,4386.9
2026-08-11 19:43:27,Southern Owens Valley,LAA at Alabama Level,6.9
2026-08-11 19:43:27,Southern Owens Valley,LAA at Alabama Water Temp,76.0
2026-08-11 19:43:27,Southern Owens Valley,LAA at Cottonwood Level,8.2
2026-08-11 19:43:27,Southern Owens Valley,LAA at Cotton. Water Temp,76.2
2026-08-11 19:43:27,Southern Owens Valley,N. Haiwee Elevation,3757.1
2026-08-11 19:43:27,Southern Owens Valley,S. Haiwee Reservoir Elevation,3723.0
2026-08-11 19:43:27,Southern District,S. Haiwee Reservoir Elevation,3723.0
2026-08-11 19:43:27,Southern District,Fairmont Reservoir Elevation,3027.6
2026-08-11 19:43:27,Southern District,Bouquet Reservoir Elevation,2983.9
2026-08-11 19:58:26,Northern Owens Valley,Tinemaha Elevation,3861.7
2026-08-11 19:58:26,Southern Owens Valley,Tinemaha Elevation,3861.7
2026-08-11 20:28:26,Northern Owens Valley,Tinemaha Elevation,3861.7
2026-08-11 20:28:26,Southern Owens Valley,Tinemaha Elevation,3861.7
2026-08-11 20:43:27,Mono Basin,Lee Vining Intake Above Flow,35.3
2026-08-11 20:43:27,Mono Basin,Lee Vining Intake Below Flow,30.4
2026-08-11 20:43:27,Mono Basin,Walker Ck. Above Conduit Flow,4.0
2026-08-11 20:43:27,Mono Basin,L.V. Conduit Below Intake Flow,2.5
2026-08-11 20:43:27,Mono Basin,Walker Ck. Under Conduit Flow,4.0
2026-08-11 20:43:27,Mono Basin,Parker Ck. Under Conduit Flow,14.0
2026-08-11 20:43:27,Mono Basin,Parker Ck. Above Conduit Flow,15.0
2026-08-11 20:43:27,Mono Basin,Grant Lk. Spill Flow,0.0
2026-08-11 20:43:27,Mono Basin,Mono Gate 1 Return Ditch Flow,27.3
2026-08-11 20:43:27,Mono Basin,Grant Lk. Outflow,40.1
2026-08-11 20:43:27,Mono Basin,Rush Ck. at Damsite Flow,10.0
2026-08-11 20:43:27,Mono Basin,Flow to West Portal,14.6
2026-08-11 20:43:27,Long Valley,East Portal Flow,26.0
2026-08-11 20:43:27,Long Valley,OR Below EP Flow,69.0
2026-08-11 20:43:27,Long Valley,Hot Ck.at Hwy. Flow,6.0
2026-08-11 20:43:27,Long Valley,McGee Ck. Lower Sta. Flow,7.9
2026-08-11 20:43:27,Long Valley,Long Valley Current Outflow,590.2
2026-08-11 20:43:27,Long Valley,Rock Ck. Div. Flow,0.0
2026-08-11 20:43:27,Long Valley,Upper Gorge Total Release,41.6
2026-08-11 20:43:27,Long Valley,Release at Middle Gorge,0.0
2026-08-11 20:43:27,Northern Owens Valley,Rock Ck. At Owens River (PV) Flow,27.1
2026-08-11 20:43:27,Northern Owens Valley,Pleasant Valley Outflow,506.0
2026-08-11 20:43:27,Northern Owens Valley,Baker Ck. At LA Station Flow,6.3
2026-08-11 20:43:27,Northern Owens Valley,Big Pine Ck. USGS Flow,45.0
2026-08-11 20:43:27,Northern Owens Valley,O.R. Below Big Pine,500.2
2026-08-11 20:43:27,Northern Owens Valley,Fish Springs At RR Flow,33.8
2026-08-11 20:43:27,Northern Owens Valley,Tinemaha Reservoir Outflow,424.4
2026-08-11 20:43:27,Northern Owens Valley,Bishop Creek Through Plant 6,110.9
2026-08-11 20:43:27,Northern Owens Valley,Bishop Creek Around Plant 6,8.0
2026-08-11 20:43:27,Southern Owens Valley,Tinemaha Reservoir Outflow,424.4
2026-08-11 20:43:27,Southern Owens Valley,Indep. Ck. At Junction Flow,7.0
2026-08-11 20:43:27,Southern Owens Valley,LAA at Alabama Flow,314.0
2026-08-11 20:43:27,Southern Owens Valley,Cottonwood Ck. At LAA Flow,0.0
2026-08-11 20:43:27,Southern Owens Valley,LAA at Cottonwood Flow,390.0
2026-08-11 20:43:27,Southern Owens Valley,Haiwee LAA #1 Current Flow,0.0
2026-08-11 20:43:27,Southern Owens Valley,Haiwee LAA #2 Current Flow,147.0
2026-08-11 20:43:27,Southern Owens Valley,Reinhackel Flow,2.9
2026-08-11 20:43:27,Southern Owens Valley,Lubkin Spillgate Outflow,0.0
2026-08-11 20:43:27,Southern Owens Valley,Cartago Spillgate Outflow,11.5
2026-08-11 20:43:27,Southern Owens Valley,Lone Pine Creek Flow,12.2
2026-08-11 20:43:27,Lower Owens River Project,LORP Intake Flow,75.0
2026-08-11 20:43:27,Lower Owens River Project,LORP at Mazourka Canyon Road,0.0
2026-08-11 20:43:27,Lower Owens River Project,LORP at Reinhackle Springs,72.0
2026-08-11 20:43:27,Lower Owens River Project,LORP Above Pumpstation,52.0
2026-08-11 20:43:27,Lower Owens River Project,LORP At Pump Station Discharge Flow,49.0
2026-08-11 20:43:27,Southern District,Haiwee LAA #2 Current Flow,147.0
2026-08-11 20:43:27,Southern District,Haiwee LAA #1 Current Flow,0.0
2026-08-11 20:43:27,Southern District,LAA #1 Flow at Fairmont Reservoir,362.6
2026-08-11 20:43:27,Southern District,LAA #2 Flow at Fairmont Res.,203.4
2026-08-11 20:43:27,Southern District,Bouquet Reservoir Inflow,82.3
2026-08-11 20:43:27,Southern District,Bouquet Reservoir Outflow,0.5
2026-08-11 20:43:27,Southern District,LAA #1 at Soledad Flow,270.3
2026-08-11 20:43:27,Southern District,LAA #2 at Soledad Flow,188.0
2026-08-11 20:43:28,Mono Basin,Mono Lk. Elevation,6382.4
2026-08-11 20:43:28,Mono Basin,Grant Lk. Elevation,7129.7
2026-08-11 20:43:28,Long Valley,Long Valley Elevation,6773.1
2026-08-11 20:43:28,Northern Owens Valley,Pleasant Valley Elevation,4387.0
2026-08-11 20:43:28,Southern Owens Valley,LAA at Alabama Level,6.9
2026-08-11 20:43:28,Southern Owens Valley,LAA at Alabama Water Temp,75.9
2026-08-11 20:43:28,Southern Owens Valley,LAA at Cottonwood Level,8.2
2026-08-11 20:43:28,Southern Owens Valley,LAA at Cotton. Water Temp,76.2
2026-08-11 20:43:28,Southern Owens Valley,N. Haiwee Elevation,3757.1
2026-08-11 20:43:28,Southern Owens Valley,S. Haiwee Reservoir Elevation,3723.0
2026-08-11 20:43:28,Southern District,S. Haiwee Reservoir Elevation,3723.0
2026-08-11 20:43:28,Southern District,Fairmont Reservoir Elevation,3027.6
2026-08-11 20:43:28,Southern District,Bouquet Reservoir Elevation,2984.0
2026-08-11 20:58:26,Northern Owens Valley,Tinemaha Elevation,3861.7
2026-08-11 20:58:26,Southern Owens Valley,Tinemaha Elevation,3861.7
2026-08-11 21:28:28,Northern Owens Valley,Tinemaha Elevation,3861.7
2026-08-11 21:28:28,Southern Owens Valley,Tinemaha Elevation,3861.7
2026-08-11 21:43:27,Mono Basin,Lee Vining Intake Above Flow,37.0
2026-08-11 21:43:27,Mono Basin,Lee Vining Intake Below Flow,30.4
2026-08-11 21:43:27,Mono Basin,Mono Lk. Elevation,6382.4
2026-08-11 21:43:27,Mono Basin,Walker Ck. Above Conduit Flow,4.0
2026-08-11 21:43:27,Mono Basin,L.V. Conduit Below Intake Flow,3.6
2026-08-11 21:43:27,Mono Basin,Walker Ck. Under Conduit Flow,4.0
2026-08-11 21:43:27,Mono Basin,Parker Ck. Under Conduit Flow,14.0
2026-08-11 21:43:27,Mono Basin,Parker Ck. Above Conduit Flow,15.0
2026-08-11 21:43:27,Mono Basin,Grant Lk. Spill Flow,0.0
2026-08-11 21:43:27,Mono Basin,Mono Gate 1 Return Ditch Flow,27.3
2026-08-11 21:43:27,Mono Basin,Grant Lk. Elevation,7129.7
2026-08-11 21:43:27,Mono Basin,Grant Lk. Outflow,40.1
2026-08-11 21:43:27,Mono Basin,Rush Ck. at Damsite Flow,10.0
2026-08-11 21:43:27,Mono Basin,Flow to West Portal,14.6
2026-08-11 21:43:27,Long Valley,East Portal Flow,26.0
2026-08-11 21:43:27,Long Valley,OR Below EP Flow,69.0
2026-08-11 21:43:27,Long Valley,Hot Ck.at Hwy. Flow,6.0
2026-08-11 21:43:27,Long Valley,McGee Ck. Lower Sta. Flow,7.9
2026-08-11 21:43:27,Long Valley,Long Valley Elevation,6773.1
2026-08-11 21:43:27,Long Valley,Long Valley Current Outflow,585.6
2026-08-11 21:43:27,Long Valley,Rock Ck. Div. Flow,0.0
2026-08-11 21:43:27,Long Valley,Upper Gorge Total Release,41.9
2026-08-11 21:43:27,Long Valley,Release at Middle Gorge,0.0
2026-08-11 21:43:27,Northern Owens Valley,Rock Ck. At Owens River (PV) Flow,27.3
2026-08-11 21:43:27,Northern Owens Valley,Pleasant Valley Elevation,4387.1
2026-08-11 21:43:27,Northern Owens Valley,Pleasant Valley Outflow,506.2
2026-08-11 21:43:27,Northern Owens Valley,Baker Ck. At LA Station Flow,6.4
2026-08-11 21:43:27,Northern Owens Valley,Big Pine Ck. USGS Flow,45.0
2026-08-11 21:43:27,Northern Owens Valley,O.R. Below Big Pine,499.4
2026-08-11 21:43:27,Northern Owens Valley,Fish Springs At RR Flow,33.8
2026-08-11 21:43:27,Northern Owens Valley,Tinemaha Reservoir Outflow,424.4
2026-08-11 21:43:27,Northern Owens Valley,Bishop Creek Through Plant 6,109.7
2026-08-11 21:43:27,Northern Owens Valley,Bishop Creek Around Plant 6,8.1
2026-08-11 21:43:27,Southern Owens Valley,Tinemaha Reservoir Outflow,424.4
2026-08-11 21:43:27,Southern Owens Valley,Indep. Ck. At Junction Flow,7.0
2026-08-11 21:43:27,Southern Owens Valley,LAA at Alabama Flow,315.0
2026-08-11 21:43:27,Southern Owens Valley,LAA at Alabama Level,6.9
2026-08-11 21:43:27,Southern Owens Valley,LAA at Alabama Water Temp,75.7
2026-08-11 21:43:27,Southern Owens Valley,Cottonwood Ck. At LAA Flow,0.0
2026-08-11 21:43:27,Southern Owens Valley,LAA at Cottonwood Flow,390.0
2026-08-11 21:43:27,Southern Owens Valley,LAA at Cottonwood Level,8.2
2026-08-11 21:43:27,Southern Owens Valley,LAA at Cotton. Water Temp,76.6
2026-08-11 21:43:27,Southern Owens Valley,N. Haiwee Elevation,3757.1
2026-08-11 21:43:27,Southern Owens Valley,S. Haiwee Reservoir Elevation,3723.0
2026-08-11 21:43:27,Southern Owens Valley,Haiwee LAA #1 Current Flow,0.0
2026-08-11 21:43:27,Southern Owens Valley,Haiwee LAA #2 Current Flow,147.0
2026-08-11 21:43:27,Southern Owens Valley,Reinhackel Flow,2.9
2026-08-11 21:43:27,Southern Owens Valley,Lubkin Spillgate Outflow,0.0
2026-08-11 21:43:27,Southern Owens Valley,Cartago Spillgate Outflow,0.0
2026-08-11 21:43:27,Southern Owens Valley,Lone Pine Creek Flow,12.5
2026-08-11 21:43:27,Lower Owens River Project,LORP Intake Flow,75.0
2026-08-11 21:43:27,Lower Owens River Project,LORP at Mazourka Canyon Road,0.0
2026-08-11 21:43:27,Lower Owens River Project,LORP at Reinhackle Springs,69.0
2026-08-11 21:43:27,Lower Owens River Project,LORP Above Pumpstation,40.0
2026-08-11 21:43:27,Lower Owens River Project,LORP At Pump Station Discharge Flow,37.0
2026-08-11 21:43:27,Southern District,Haiwee LAA #2 Current Flow,147.0
2026-08-11 21:43:27,Southern District,S. Haiwee Reservoir Elevation,3723.0
2026-08-11 21:43:27,Southern District,Haiwee LAA #1 Current Flow,0.0
2026-08-11 21:43:27,Southern District,Fairmont Reservoir Elevation,3027.7
2026-08-11 21:43:27,Southern District,LAA #1 Flow at Fairmont Reservoir,376.5
2026-08-11 21:43:27,Southern District,LAA #2 Flow at Fairmont Res.,201.5
2026-08-11 21:43:27,Southern District,Bouquet Reservoir Elevation,2984.0
2026-08-11 21:43:27,Southern District,Bouquet Reservoir Inflow,82.3
2026-08-11 21:43:27,Southern District,Bouquet Reservoir Outflow,0.5
2026-08-11 21:43:27,Southern District,LAA #1 at Soledad Flow,270.3
2026-08-11 21:43:27,Southern District,LAA #2 at Soledad Flow,188.0
2026-08-11 21:58:26,Northern Owens Valley,Tinemaha Elevation,3861.7
2026-08-11 21:58:26,Southern Owens Valley,Tinemaha Elevation,3861.7
2026-08-11 22:28:26,Northern Owens Valley,Tinemaha Elevation,3861.7
2026-08-11 22:28:26,Southern Owens Valley,Tinemaha Elevation,3861.7
2026-08-11 22:43:27,Mono Basin,Lee Vining Intake Above Flow,36.7
2026-08-11 22:43:27,Mono Basin,Lee Vining Intake Below Flow,30.4
2026-08-11 22:43:27,Mono Basin,Mono Lk. Elevation,6382.4
2026-08-11 22:43:27,Mono Basin,Walker Ck. Above Conduit Flow,4.0
2026-08-11 22:43:27,Mono Basin,L.V. Conduit Below Intake Flow,4.2
2026-08-11 22:43:27,Mono Basin,Walker Ck. Under Conduit Flow,4.0
2026-08-11 22:43:27,Mono Basin,Parker Ck. Under Conduit Flow,14.0
2026-08-11 22:43:27,Mono Basin,Parker Ck. Above Conduit Flow,15.0
2026-08-11 22:43:27,Mono Basin,Grant Lk. Spill Flow,0.0
2026-08-11 22:43:27,Mono Basin,Mono Gate 1 Return Ditch Flow,27.3
2026-08-11 22:43:27,Mono Basin,Grant Lk. Elevation,7129.7
2026-08-11 22:43:27,Mono Basin,Grant Lk. Outflow,39.9
2026-08-11 22:43:27,Mono Basin,Rush Ck. at Damsite Flow,10.0
2026-08-11 22:43:27,Mono Basin,Flow to West Portal,14.6
2026-08-11 22:43:27,Long Valley,East Portal Flow,26.0
2026-08-11 22:43:27,Long Valley,OR Below EP Flow,69.0
2026-08-11 22:43:27,Long Valley,Hot Ck.at Hwy. Flow,6.0
2026-08-11 22:43:27,Long Valley,McGee Ck. Lower Sta. Flow,7.9
2026-08-11 22:43:27,Long Valley,Long Valley Elevation,6773.1
2026-08-11 22:43:27,Long Valley,Long Valley Current Outflow,583.7
2026-08-11 22:43:27,Long Valley,Rock Ck. Div. Flow,0.0
2026-08-11 22:43:27,Long Valley,Upper Gorge Total Release,42.0
2026-08-11 22:43:27,Long Valley,Release at Middle Gorge,0.0
2026-08-11 22:43:27,Northern Owens Valley,Rock Ck. At Owens River (PV) Flow,27.5
2026-08-11 22:43:27,Northern Owens Valley,Pleasant Valley Elevation,4387.2
2026-08-11 22:43:27,Northern Owens Valley,Pleasant Valley Outflow,507.4
2026-08-11 22:43:27,Northern Owens Valley,Baker Ck. At LA Station Flow,6.4
2026-08-11 22:43:27,Northern Owens Valley,Big Pine Ck. USGS Flow,45.0
2026-08-11 22:43:27,Northern Owens Valley,O.R. Below Big Pine,499.0
2026-08-11 22:43:27,Northern Owens Valley,Fish Springs At RR Flow,33.8
2026-08-11 22:43:27,Northern Owens Valley,Tinemaha Reservoir Outflow,425.2
2026-08-11 22:43:27,Northern Owens Valley,Bishop Creek Through Plant 6,112.4
2026-08-11 22:43:27,Northern Owens Valley,Bishop Creek Around Plant 6,7.9
2026-08-11 22:43:27,Southern Owens Valley,Tinemaha Reservoir Outflow,425.2
2026-08-11 22:43:27,Southern Owens Valley,Indep. Ck. At Junction Flow,7.0
2026-08-11 22:43:27,Southern Owens Valley,LAA at Alabama Flow,316.0
2026-08-11 22:43:27,Southern Owens Valley,LAA at Alabama Level,6.9
2026-08-11 22:43:27,Southern Owens Valley,LAA at Alabama Water Temp,75.2
2026-08-11 22:43:27,Southern Owens Valley,Cottonwood Ck. At LAA Flow,0.0
2026-08-11 22:43:27,Southern Owens Valley,LAA at Cottonwood Flow,390.0
2026-08-11 22:43:27,Southern Owens Valley,LAA at Cottonwood Level,8.2
2026-08-11 22:43:27,Southern Owens Valley,LAA at Cotton. Water Temp,76.6
2026-08-11 22:43:27,Southern Owens Valley,N. Haiwee Elevation,3757.1
2026-08-11 22:43:27,Southern Owens Valley,S. Haiwee Reservoir Elevation,3723.0
2026-08-11 22:43:27,Southern Owens Valley,Haiwee LAA #1 Current Flow,0.0
2026-08-11 22:43:27,Southern Owens Valley,Haiwee LAA #2 Current Flow,147.0
2026-08-11 22:43:27,Southern Owens Valley,Reinhackel Flow,2.9
2026-08-11 22:43:27,Southern Owens Valley,Lubkin Spillgate Outflow,0.0
2026-08-11 22:43:27,Southern Owens Valley,Cartago Spillgate Outflow,0.0
2026-08-11 22:43:27,Southern Owens Valley,Lone Pine Creek Flow,12.7
2026-08-11 22:43:27,Lower Owens River Project,LORP Intake Flow,75.0
2026-08-11 22:43:27,Lower Owens River Project,LORP at Mazourka Canyon Road,0.0
2026-08-11 22:43:27,Lower Owens River Project,LORP at Reinhackle Springs,71.0
2026-08-11 22:43:27,Lower Owens River Project,LORP Above Pumpstation,51.0
2026-08-11 22:43:27,Lower Owens River Project,LORP At Pump Station Discharge Flow,48.0
2026-08-11 22:43:27,Southern District,Haiwee LAA #2 Current Flow,147.0
2026-08-11 22:43:27,Southern District,S. Haiwee Reservoir Elevation,3723.0
2026-08-11 22:43:27,Southern District,Haiwee LAA #1 Current Flow,0.0
2026-08-11 22:43:27,Southern District,Fairmont Reservoir Elevation,3027.7
2026-08-11 22:43:27,Southern District,LAA #1 Flow at Fairmont Reservoir,374.7
2026-08-11 22:43:27,Southern District,LAA #2 Flow at Fairmont Res.,197.9
2026-08-11 22:43:27,Southern District,Bouquet Reservoir Elevation,2984.0
2026-08-11 22:43:27,Southern District,Bouquet Reservoir Inflow,68.4
2026-08-11 22:43:27,Southern District,Bouquet Reservoir Outflow,0.5
2026-08-11 22:43:27,Southern District,LAA #1 at Soledad Flow,270.3
2026-08-11 22:43:27,Southern District,LAA #2 at Soledad Flow,188.0
2026-08-11 22:58:26,Northern Owens Valley,Tinemaha Elevation,3861.7
2026-08-11 22:58:26,Southern Owens Valley,Tinemaha Elevation,3861.7
2026-08-11 23:28:26,Northern Owens Valley,Tinemaha Elevation,3861.7
2026-08-11 23:28:26,Southern Owens Valley,Tinemaha Elevation,3861.7
2026-08-11 23:43:27,Mono Basin,Lee Vining Intake Above Flow,37.0
2026-08-11 23:43:27,Mono Basin,Lee Vining Intake Below Flow,30.4
2026-08-11 23:43:27,Mono Basin,Mono Lk. Elevation,6382.4
2026-08-11 23:43:27,Mono Basin,Walker Ck. Above Conduit Flow,4.0
2026-08-11 23:43:27,Mono Basin,L.V. Conduit Below Intake Flow,4.4
2026-08-11 23:43:27,Mono Basin,Walker Ck. Under Conduit Flow,4.0
2026-08-11 23:43:27,Mono Basin,Parker Ck. Under Conduit Flow,14.0
2026-08-11 23:43:27,Mono Basin,Parker Ck. Above Conduit Flow,15.0
2026-08-11 23:43:27,Mono Basin,Grant Lk. Spill Flow,0.0
2026-08-11 23:43:27,Mono Basin,Mono Gate 1 Return Ditch Flow,27.3
2026-08-11 23:43:27,Mono Basin,Grant Lk. Elevation,7129.7
2026-08-11 23:43:27,Mono Basin,Grant Lk. Outflow,39.7
2026-08-11 23:43:27,Mono Basin,Rush Ck. at Damsite Flow,10.0
2026-08-11 23:43:27,Mono Basin,Flow to West Portal,14.6
2026-08-11 23:43:27,Long Valley,East Portal Flow,26.0
2026-08-11 23:43:27,Long Valley,OR Below EP Flow,69.0
2026-08-11 23:43:27,Long Valley,Hot Ck.at Hwy. Flow,6.0
2026-08-11 23:43:27,Long Valley,McGee Ck. Lower Sta. Flow,7.9
2026-08-11 23:43:27,Long Valley,Long Valley Elevation,6773.1
2026-08-11 23:43:27,Long Valley,Long Valley Current Outflow,588.1
2026-08-11 23:43:27,Long Valley,Rock Ck. Div. Flow,0.0
2026-08-11 23:43:27,Long Valley,Upper Gorge Total Release,42.2
2026-08-11 23:43:27,Long Valley,Release at Middle Gorge,0.0
2026-08-11 23:43:27,Northern Owens Valley,Rock Ck. At Owens River (PV) Flow,27.5
2026-08-11 23:43:27,Northern Owens Valley,Pleasant Valley Elevation,4387.3
2026-08-11 23:43:27,Northern Owens Valley,Pleasant Valley Outflow,507.6
2026-08-11 23:43:27,Northern Owens Valley,Baker Ck. At LA Station Flow,6.4
2026-08-11 23:43:27,Northern Owens Valley,Big Pine Ck. USGS Flow,45.0
2026-08-11 23:43:27,Northern Owens Valley,O.R. Below Big Pine,499.8
2026-08-11 23:43:27,Northern Owens Valley,Fish Springs At RR Flow,33.8
2026-08-11 23:43:27,Northern Owens Valley,Tinemaha Reservoir Outflow,426.0
2026-08-11 23:43:27,Northern Owens Valley,Bishop Creek Through Plant 6,111.2
2026-08-11 23:43:27,Northern Owens Valley,Bishop Creek Around Plant 6,8.0
2026-08-11 23:43:27,Southern Owens Valley,Tinemaha Reservoir Outflow,426.0
2026-08-11 23:43:27,Southern Owens Valley,Indep. Ck. At Junction Flow,7.0
2026-08-11 23:43:27,Southern Owens Valley,LAA at Alabama Flow,317.0
2026-08-11 23:43:27,Southern Owens Valley,LAA at Alabama Level,6.9
2026-08-11 23:43:27,Southern Owens Valley,LAA at Alabama Water Temp,74.8
2026-08-11 23:43:27,Southern Owens Valley,Cottonwood Ck. At LAA Flow,0.0
2026-08-11 23:43:27,Southern Owens Valley,LAA at Cottonwood Flow,389.0
2026-08-11 23:43:27,Southern Owens Valley,LAA at Cottonwood Level,8.2
2026-08-11 23:43:27,Southern Owens Valley,LAA at Cotton. Water Temp,76.2
2026-08-11 23:43:27,Southern Owens Valley,N. Haiwee Elevation,3757.1
2026-08-11 23:43:27,Southern Owens Valley,S. Haiwee Reservoir Elevation,3723.0
2026-08-11 23:43:27,Southern Owens Valley,Haiwee LAA #1 Current Flow,0.0
2026-08-11 23:43:27,Southern Owens Valley,Haiwee LAA #2 Current Flow,147.0
2026-08-11 23:43:27,Southern Owens Valley,Reinhackel Flow,2.9
2026-08-11 23:43:27,Southern Owens Valley,Lubkin Spillgate Outflow,0.0
2026-08-11 23:43:27,Southern Owens Valley,Cartago Spillgate Outflow,0.0
2026-08-11 23:43:27,Southern Owens Valley,Lone Pine Creek Flow,12.7
2026-08-11 23:43:27,Lower Owens River Project,LORP Intake Flow,80.0
2026-08-11 23:43:27,Lower Owens River Project,LORP at Mazourka Canyon Road,0.0
2026-08-11 23:43:27,Lower Owens River Project,LORP at Reinhackle Springs,67.0
2026-08-11 23:43:27,Lower Owens River Project,LORP Above Pumpstation,51.0
2026-08-11 23:43:27,Lower Owens River Project,LORP At Pump Station Discharge Flow,48.0
2026-08-11 23:43:27,Southern District,Haiwee LAA #2 Current Flow,147.0
2026-08-11 23:43:27,Southern District,S. Haiwee Reservoir Elevation,3723.0
2026-08-11 23:43:27,Southern District,Haiwee LAA #1 Current Flow,0.0
2026-08-11 23:43:27,Southern District,Fairmont Reservoir Elevation,3027.8
2026-08-11 23:43:27,Southern District,LAA #1 Flow at Fairmont Reservoir,357.4
2026-08-11 23:43:27,Southern District,LAA #2 Flow at Fairmont Res.,192.3
2026-08-11 23:43:27,Southern District,Bouquet Reservoir Elevation,2984.0
2026-08-11 23:43:27,Southern District,Bouquet Reservoir Inflow,2.9
2026-08-11 23:43:27,Southern District,Bouquet Reservoir Outflow,0.5
2026-08-11 23:43:27,Southern District,LAA #1 at Soledad Flow,281.0
2026-08-11 23:43:27,Southern District,LAA #2 at Soledad Flow,188.0
2026-08-11 23:58:26,Northern Owens Valley,Tinemaha Elevation,3861.7
2026-08-11 23:58:26,Southern Owens Valley,Tinemaha Elevation,3861.7
