date,district,source,value
2026-09-13 04:28:58,Northern Owens Valley,Tinemaha Elevation,3861.2
2026-09-13 04:28:58,Southern Owens Valley,Tinemaha Elevation,3861.2
2026-09-13 04:58:57,Northern Owens Valley,Tinemaha Elevation,3861.2
2026-09-13 04:58:57,Southern Owens Valley,Tinemaha Elevation,3861.2
2026-09-13 05:28:57,Northern Owens Valley,Tinemaha Elevation,3861.2
2026-09-13 05:28:57,Southern Owens Valley,Tinemaha Elevation,3861.2
2026-09-13 05:58:57,Northern Owens Valley,Tinemaha Elevation,3861.2
2026-09-13 05:58:57,Southern Owens Valley,Tinemaha Elevation,3861.2
2026-09-13 06:28:57,Northern Owens Valley,Tinemaha Elevation,3861.2
2026-09-13 06:28:57,Southern Owens Valley,Tinemaha Elevation,3861.2
2026-09-13 06:58:59,Northern Owens Valley,Tinemaha Elevation,3861.2
2026-09-13 06:58:59,Southern Owens Valley,Tinemaha Elevation,3861.2
2026-09-13 07:28:57,Northern Owens Valley,Tinemaha Elevation,3861.2
2026-09-13 07:28:57,Southern Owens Valley,Tinemaha Elevation,3861.2
2026-09-13 07:58:57,Northern Owens Valley,Tinemaha Elevation,3861.2
2026-09-13 07:58:57,Southern Owens Valley,Tinemaha Elevation,3861.2
2026-09-13 08:28:57,Northern Owens Valley,Tinemaha Elevation,3861.2
2026-09-13 08:28:57,Southern Owens Valley,Tinemaha Elevation,3861.2
2026-09-13 08:58:58,Northern Owens Valley,Tinemaha Elevation,3861.2
2026-09-13 08:58:58,Southern Owens Valley,Tinemaha Elevation,3861.2
2026-09-13 09:28:57,Northern Owens Valley,Tinemaha Elevation,3861.2
2026-09-13 09:28:57,Southern Owens Valley,Tinemaha Elevation,3861.2
2026-09-13 09:58:58,Northern Owens Valley,Tinemaha Elevation,3861.2
2026-09-13 09:58:58,Southern Owens Valley,Tinemaha Elevation,3861.2
2026-09-13 10:13:57,Mono Basin,Lee Vining Intake Above Flow,25.2
2026-09-13 10:13:57,Mono Basin,Lee Vining Intake Below Flow,25.6
2026-09-13 10:13:57,Mono Basin,Walker Ck. Above Conduit Flow,4.0
2026-09-13 10:13:57,Mono Basin,L.V. Conduit Below Intake Flow,0.5
2026-09-13 10:13:57,Mono Basin,Walker Ck. Under Conduit Flow,4.0
2026-09-13 10:13:57,Mono Basin,Parker Ck. Under Conduit Flow,8.0
2026-09-13 10:13:57,Mono Basin,Parker Ck. Above Conduit Flow,8.0
2026-09-13 10:13:57,Mono Basin,Grant Lk. Spill Flow,0.0
2026-09-13 10:13:57,Mono Basin,Mono Gate 1 Return Ditch Flow,30.1
2026-09-13 10:13:57,Mono Basin,Grant Lk. Outflow,38.4
2026-09-13 10:13:57,Mono Basin,Rush Ck. at Damsite Flow,14.6
2026-09-13 10:13:57,Mono Basin,Flow to West Portal,10.6
2026-09-13 10:13:57,Long Valley,East Portal Flow,22.0
2026-09-13 10:13:57,Long Valley,OR Below EP Flow,66.0
2026-09-13 10:13:57,Long Valley,Hot Ck.at Hwy. Flow,4.0
2026-09-13 10:13:57,Long Valley,McGee Ck. Lower Sta. Flow,8.0
2026-09-13 10:13:57,Long Valley,Long Valley Current Outflow,573.2
2026-09-13 10:13:57,Long Valley,Rock Ck. Div. Flow,0.0
2026-09-13 10:13:57,Long Valley,Upper Gorge Total Release,36.7
2026-09-13 10:13:57,Long Valley,Release at Middle Gorge,0.0
2026-09-13 10:13:57,Northern Owens Valley,Rock Ck. At Owens River (PV) Flow,25.8
2026-09-13 10:13:57,Northern Owens Valley,Pleasant Valley Outflow,468.1
2026-09-13 10:13:57,Northern Owens Valley,Baker Ck. At LA Station Flow,6.2
2026-09-13 10:13:57,Northern Owens Valley,Big Pine Ck. USGS Flow,24.8
2026-09-13 10:13:57,Northern Owens Valley,O.R. Below Big Pine,471.0
2026-09-13 10:13:57,Northern Owens Valley,Fish Springs At RR Flow,36.6
2026-09-13 10:13:57,Northern Owens Valley,Tinemaha Reservoir Outflow,476.6
2026-09-13 10:13:57,Northern Owens Valley,Bishop Creek Through Plant 6,67.8
2026-09-13 10:13:57,Northern Owens Valley,Bishop Creek Around Plant 6,6.8
2026-09-13 10:13:57,Southern Owens Valley,Tinemaha Reservoir Outflow,476.6
2026-09-13 10:13:57,Southern Owens Valley,Indep. Ck. At Junction Flow,3.5
2026-09-13 10:13:57,Southern Owens Valley,LAA at Alabama Flow,411.0
2026-09-13 10:13:57,Southern Owens Valley,Cottonwood Ck. At LAA Flow,2.0
2026-09-13 10:13:57,Southern Owens Valley,LAA at Cottonwood Flow,454.0
2026-09-13 10:13:57,Southern Owens Valley,Haiwee LAA #1 Current Flow,0.0
2026-09-13 10:13:57,Southern Owens Valley,Haiwee LAA #2 Current Flow,239.5
2026-09-13 10:13:57,Southern Owens Valley,Reinhackel Flow,2.9
2026-09-13 10:13:57,Southern Owens Valley,Lubkin Spillgate Outflow,0.0
2026-09-13 10:13:57,Southern Owens Valley,Cartago Spillgate Outflow,15.0
2026-09-13 10:13:57,Southern Owens Valley,Lone Pine Creek Flow,7.6
2026-09-13 10:13:57,Lower Owens River Project,LORP Intake Flow,79.0
2026-09-13 10:13:57,Lower Owens River Project,LORP at Mazourka Canyon Road,0.0
2026-09-13 10:13:57,Lower Owens River Project,LORP at Reinhackle Springs,59.0
2026-09-13 10:13:57,Lower Owens River Project,LORP Above Pumpstation,49.0
2026-09-13 10:13:57,Lower Owens River Project,LORP At Pump Station Discharge Flow,37.0
2026-09-13 10:13:57,Southern District,Haiwee LAA #2 Current Flow,239.5
2026-09-13 10:13:57,Southern District,Haiwee LAA #1 Current Flow,0.0
2026-09-13 10:13:57,Southern District,LAA #1 Flow at Fairmont Reservoir,287.7
2026-09-13 10:13:57,Southern District,LAA #2 Flow at Fairmont Res.,204.7
2026-09-13 10:13:57,Southern District,Bouquet Reservoir Inflow,0.0
2026-09-13 10:13:57,Southern District,Bouquet Reservoir Outflow,0.7
2026-09-13 10:13:57,Southern District,LAA #1 at Soledad Flow,126.8
2026-09-13 10:13:57,Southern District,LAA #2 at Soledad Flow,247.4
2026-09-13 10:13:58,Mono Basin,Mono Lk. Elevation,6381.8
2026-09-13 10:13:58,Mono Basin,Grant Lk. Elevation,7128.6
2026-09-13 10:13:58,Long Valley,Long Valley Elevation,6768.4
2026-09-13 10:13:58,Northern Owens Valley,Pleasant Valley Elevation,4378.8
2026-09-13 10:13:58,Southern Owens Valley,LAA at Alabama Level,7.9
2026-09-13 10:13:58,Southern Owens Valley,LAA at Alabama Water Temp,67.2
2026-09-13 10:13:58,Southern Owens Valley,LAA at Cottonwood Level,8.9
2026-09-13 10:13:58,Southern Owens Valley,LAA at Cotton. Water Temp,69.2
2026-09-13 10:13:58,Southern Owens Valley,N. Haiwee Elevation,3756.8
2026-09-13 10:13:58,Southern Owens Valley,S. Haiwee Reservoir Elevation,3728.3
2026-09-13 10:13:58,Southern District,S. Haiwee Reservoir Elevation,3728.3
2026-09-13 10:13:58,Southern District,Fairmont Reservoir Elevation,3030.4
2026-09-13 10:13:58,Southern District,Bouquet Reservoir Elevation,2974.9
2026-09-13 10:28:57,Mono Basin,Lee Vining Intake Above Flow,25.2
2026-09-13 10:28:57,Mono Basin,Lee Vining Intake Below Flow,25.6
2026-09-13 10:28:57,Mono Basin,Mono Lk. Elevation,6381.8
2026-09-13 10:28:57,Mono Basin,Walker Ck. Above Conduit Flow,4.0
2026-09-13 10:28:57,Mono Basin,L.V. Conduit Below Intake Flow,0.5
2026-09-13 10:28:57,Mono Basin,Walker Ck. Under Conduit Flow,4.0
2026-09-13 10:28:57,Mono Basin,Parker Ck. Under Conduit Flow,8.0
2026-09-13 10:28:57,Mono Basin,Parker Ck. Above Conduit Flow,8.0
2026-09-13 10:28:57,Mono Basin,Grant Lk. Spill Flow,0.0
2026-09-13 10:28:57,Mono Basin,Mono Gate 1 Return Ditch Flow,29.9
2026-09-13 10:28:57,Mono Basin,Grant Lk. Elevation,7128.6
2026-09-13 10:28:57,Mono Basin,Grant Lk. Outflow,38.6
2026-09-13 10:28:57,Mono Basin,Rush Ck. at Damsite Flow,14.6
2026-09-13 10:28:57,Mono Basin,Flow to West Portal,10.6
2026-09-13 10:28:57,Long Valley,East Portal Flow,22.0
2026-09-13 10:28:57,Long Valley,OR Below EP Flow,66.0
2026-09-13 10:28:57,Long Valley,Hot Ck.at Hwy. Flow,4.0
2026-09-13 10:28:57,Long Valley,McGee Ck. Lower Sta. Flow,8.0
2026-09-13 10:28:57,Long Valley,Long Valley Elevation,6768.4
2026-09-13 10:28:57,Long Valley,Long Valley Current Outflow,572.6
2026-09-13 10:28:57,Long Valley,Rock Ck. Div. Flow,0.0
2026-09-13 10:28:57,Long Valley,Upper Gorge Total Release,36.3
2026-09-13 10:28:57,Long Valley,Release at Middle Gorge,0.0
2026-09-13 10:28:57,Northern Owens Valley,Rock Ck. At Owens River (PV) Flow,25.8
2026-09-13 10:28:57,Northern Owens Valley,Pleasant Valley Elevation,4378.9
2026-09-13 10:28:57,Northern Owens Valley,Pleasant Valley Outflow,468.3
2026-09-13 10:28:57,Northern Owens Valley,Baker Ck. At LA Station Flow,6.2
2026-09-13 10:28:57,Northern Owens Valley,Big Pine Ck. USGS Flow,24.8
2026-09-13 10:28:57,Northern Owens Valley,O.R. Below Big Pine,470.4
2026-09-13 10:28:57,Northern Owens Valley,Fish Springs At RR Flow,36.6
2026-09-13 10:28:57,Northern Owens Valley,Tinemaha Elevation,3861.2
2026-09-13 10:28:57,Northern Owens Valley,Tinemaha Reservoir Outflow,476.6
2026-09-13 10:28:57,Northern Owens Valley,Bishop Creek Through Plant 6,67.8
2026-09-13 10:28:57,Northern Owens Valley,Bishop Creek Around Plant 6,6.8
2026-09-13 10:28:57,Southern Owens Valley,Tinemaha Elevation,3861.2
2026-09-13 10:28:57,Southern Owens Valley,Tinemaha Reservoir Outflow,476.6
2026-09-13 10:28:57,Southern Owens Valley,Indep. Ck. At Junction Flow,3.5
2026-09-13 10:28:57,Southern Owens Valley,LAA at Alabama Flow,411.0
2026-09-13 10:28:57,Southern Owens Valley,LAA at Alabama Level,7.9
2026-09-13 10:28:57,Southern Owens Valley,LAA at Alabama Water Temp,67.3
2026-09-13 10:28:57,Southern Owens Valley,Cottonwood Ck. At LAA Flow,2.0
2026-09-13 10:28:57,Southern Owens Valley,LAA at Cottonwood Flow,454.0
2026-09-13 10:28:57,Southern Owens Valley,LAA at Cottonwood Level,8.9
2026-09-13 10:28:57,Southern Owens Valley,LAA at Cotton. Water Temp,69.2
2026-09-13 10:28:57,Southern Owens Valley,N. Haiwee Elevation,3756.8
2026-09-13 10:28:57,Southern Owens Valley,S. Haiwee Reservoir Elevation,3728.3
2026-09-13 10:28:57,Southern Owens Valley,Haiwee LAA #1 Current Flow,0.0
2026-09-13 10:28:57,Southern Owens Valley,Haiwee LAA #2 Current Flow,239.5
2026-09-13 10:28:57,Southern Owens Valley,Reinhackel Flow,2.9
2026-09-13 10:28:57,Southern Owens Valley,Lubkin Spillgate Outflow,0.0
2026-09-13 10:28:57,Southern Owens Valley,Cartago Spillgate Outflow,13.8
2026-09-13 10:28:57,Southern Owens Valley,Lone Pine Creek Flow,7.6
2026-09-13 10:28:57,Lower Owens River Project,LORP Intake Flow,79.0
2026-09-13 10:28:57,Lower Owens River Project,LORP at Mazourka Canyon Road,0.0
2026-09-13 10:28:57,Lower Owens River Project,LORP at Reinhackle Springs,59.0
2026-09-13 10:28:57,Lower Owens River Project,LORP Above Pumpstation,50.0
2026-09-13 10:28:57,Lower Owens River Project,LORP At Pump Station Discharge Flow,38.0
2026-09-13 10:28:57,Southern District,Haiwee LAA #2 Current Flow,239.5
2026-09-13 10:28:57,Southern District,S. Haiwee Reservoir Elevation,3728.3
2026-09-13 10:28:57,Southern District,Haiwee LAA #1 Current Flow,0.0
2026-09-13 10:28:57,Southern District,Fairmont Reservoir Elevation,3030.5
2026-09-13 10:28:57,Southern District,LAA #1 Flow at Fairmont Reservoir,285.6
2026-09-13 10:28:57,Southern District,LAA #2 Flow at Fairmont Res.,204.8
2026-09-13 10:28:57,Southern District,Bouquet Reservoir Elevation,2974.9
2026-09-13 10:28:57,Southern District,Bouquet Reservoir Inflow,0.0
2026-09-13 10:28:57,Southern District,Bouquet Reservoir Outflow,0.7
2026-09-13 10:28:57,Southern District,LAA #1 at Soledad Flow,126.8
2026-09-13 10:28:57,Southern District,LAA #2 at Soledad Flow,249.0
2026-09-13 10:43:59,Mono Basin,Lee Vining Intake Above Flow,25.2
2026-09-13 10:43:59,Mono Basin,Lee Vining Intake Below Flow,25.6
2026-09-13 10:43:59,Mono Basin,Walker Ck. Above Conduit Flow,4.0
2026-09-13 10:43:59,Mono Basin,L.V. Conduit Below Intake Flow,0.5
2026-09-13 10:43:59,Mono Basin,Walker Ck. Under Conduit Flow,4.0
2026-09-13 10:43:59,Mono Basin,Parker Ck. Under Conduit Flow,8.0
2026-09-13 10:43:59,Mono Basin,Parker Ck. Above Conduit Flow,8.0
2026-09-13 10:43:59,Mono Basin,Grant Lk. Spill Flow,0.0
2026-09-13 10:43:59,Mono Basin,Mono Gate 1 Return Ditch Flow,29.9
2026-09-13 10:43:59,Mono Basin,Grant Lk. Outflow,38.6
2026-09-13 10:43:59,Mono Basin,Rush Ck. at Damsite Flow,14.6
2026-09-13 10:43:59,Mono Basin,Flow to West Portal,10.6
2026-09-13 10:43:59,Long Valley,East Portal Flow,22.0
2026-09-13 10:43:59,Long Valley,OR Below EP Flow,66.0
2026-09-13 10:43:59,Long Valley,Hot Ck.at Hwy. Flow,4.0
2026-09-13 10:43:59,Long Valley,McGee Ck. Lower Sta. Flow,8.0
2026-09-13 10:43:59,Long Valley,Long Valley Current Outflow,572.6
2026-09-13 10:43:59,Long Valley,Rock Ck. Div. Flow,0.0
2026-09-13 10:43:59,Long Valley,Upper Gorge Total Release,37.1
2026-09-13 10:43:59,Long Valley,Release at Middle Gorge,0.0
2026-09-13 10:43:59,Northern Owens Valley,Rock Ck. At Owens River (PV) Flow,25.8
2026-09-13 10:43:59,Northern Owens Valley,Pleasant Valley Outflow,494.0
2026-09-13 10:43:59,Northern Owens Valley,Baker Ck. At LA Station Flow,6.2
2026-09-13 10:43:59,Northern Owens Valley,Big Pine Ck. USGS Flow,24.8
2026-09-13 10:43:59,Northern Owens Valley,O.R. Below Big Pine,471.2
2026-09-13 10:43:59,Northern Owens Valley,Fish Springs At RR Flow,36.6
2026-09-13 10:43:59,Northern Owens Valley,Tinemaha Reservoir Outflow,476.6
2026-09-13 10:43:59,Northern Owens Valley,Bishop Creek Through Plant 6,66.4
2026-09-13 10:43:59,Northern Owens Valley,Bishop Creek Around Plant 6,6.6
2026-09-13 10:43:59,Southern Owens Valley,Tinemaha Reservoir Outflow,476.6
2026-09-13 10:43:59,Southern Owens Valley,Indep. Ck. At Junction Flow,3.5
2026-09-13 10:43:59,Southern Owens Valley,LAA at Alabama Flow,411.0
2026-09-13 10:43:59,Southern Owens Valley,Cottonwood Ck. At LAA Flow,2.0
2026-09-13 10:43:59,Southern Owens Valley,LAA at Cottonwood Flow,454.0
2026-09-13 10:43:59,Southern Owens Valley,Haiwee LAA #1 Current Flow,0.0
2026-09-13 10:43:59,Southern Owens Valley,Haiwee LAA #2 Current Flow,239.5
2026-09-13 10:43:59,Southern Owens Valley,Reinhackel Flow,2.9
2026-09-13 10:43:59,Southern Owens Valley,Lubkin Spillgate Outflow,0.0
2026-09-13 10:43:59,Southern Owens Valley,Cartago Spillgate Outflow,13.8
2026-09-13 10:43:59,Southern Owens Valley,Lone Pine Creek Flow,7.6
2026-09-13 10:43:59,Lower Owens River Project,LORP Intake Flow,79.0
2026-09-13 10:43:59,Lower Owens River Project,LORP at Mazourka Canyon Road,0.0
2026-09-13 10:43:59,Lower Owens River Project,LORP at Reinhackle Springs,59.0
2026-09-13 10:43:59,Lower Owens River Project,LORP Above Pumpstation,50.0
2026-09-13 10:43:59,Lower Owens River Project,LORP At Pump Station Discharge Flow,38.0
2026-09-13 10:43:59,Southern District,Haiwee LAA #2 Current Flow,239.5
2026-09-13 10:43:59,Southern District,Haiwee LAA #1 Current Flow,0.0
2026-09-13 10:43:59,Southern District,LAA #1 Flow at Fairmont Reservoir,284.1
2026-09-13 10:43:59,Southern District,LAA #2 Flow at Fairmont Res.,205.2
2026-09-13 10:43:59,Southern District,Bouquet Reservoir Inflow,0.0
2026-09-13 10:43:59,Southern District,Bouquet Reservoir Outflow,0.7
2026-09-13 10:43:59,Southern District,LAA #1 at Soledad Flow,131.9
2026-09-13 10:43:59,Southern District,LAA #2 at Soledad Flow,249.0
2026-09-13 10:44:00,Mono Basin,Mono Lk. Elevation,6381.8
2026-09-13 10:44:00,Mono Basin,Grant Lk. Elevation,7128.6
2026-09-13 10:44:00,Long Valley,Long Valley Elevation,6768.4
2026-09-13 10:44:00,Northern Owens Valley,Pleasant Valley Elevation,4378.9
2026-09-13 10:44:00,Southern Owens Valley,LAA at Alabama Level,7.9
2026-09-13 10:44:00,Southern Owens Valley,LAA at Alabama Water Temp,67.5
2026-09-13 10:44:00,Southern Owens Valley,LAA at Cottonwood Level,8.9
2026-09-13 10:44:00,Southern Owens Valley,LAA at Cotton. Water Temp,69.6
2026-09-13 10:44:00,Southern Owens Valley,N. Haiwee Elevation,3756.8
2026-09-13 10:44:00,Southern Owens Valley,S. Haiwee Reservoir Elevation,3728.3
2026-09-13 10:44:00,Southern District,S. Haiwee Reservoir Elevation,3728.3
2026-09-13 10:44:00,Southern District,Fairmont Reservoir Elevation,3030.5
2026-09-13 10:44:00,Southern District,Bouquet Reservoir Elevation,2974.9
2026-09-13 10:58:56,Mono Basin,Walker Ck. Under Conduit Flow,4.0
2026-09-13 10:58:56,Mono Basin,Parker Ck. Under Conduit Flow,8.0
2026-09-13 10:58:56,Long Valley,Hot Ck.at Hwy. Flow,4.0
2026-09-13 10:58:56,Long Valley,McGee Ck. Lower Sta. Flow,8.0
2026-09-13 10:58:56,Long Valley,Long Valley Current Outflow,572.6
2026-09-13 10:58:56,Long Valley,Rock Ck. Div. Flow,0.0
2026-09-13 10:58:56,Long Valley,Upper Gorge Total Release,35.9
2026-09-13 10:58:56,Long Valley,Release at Middle Gorge,0.0
2026-09-13 10:58:56,Northern Owens Valley,Rock Ck. At Owens River (PV) Flow,25.8
2026-09-13 10:58:56,Northern Owens Valley,Pleasant Valley Outflow,494.2
2026-09-13 10:58:56,Northern Owens Valley,Baker Ck. At LA Station Flow,6.2
2026-09-13 10:58:56,Northern Owens Valley,Big Pine Ck. USGS Flow,24.8
2026-09-13 10:58:56,Northern Owens Valley,O.R. Below Big Pine,470.9
2026-09-13 10:58:56,Northern Owens Valley,Fish Springs At RR Flow,36.6
2026-09-13 10:58:56,Northern Owens Valley,Tinemaha Reservoir Outflow,476.6
2026-09-13 10:58:56,Northern Owens Valley,Bishop Creek Through Plant 6,66.4
2026-09-13 10:58:56,Northern Owens Valley,Bishop Creek Around Plant 6,6.6
2026-09-13 10:58:56,Southern Owens Valley,Tinemaha Reservoir Outflow,476.6
2026-09-13 10:58:56,Southern Owens Valley,Indep. Ck. At Junction Flow,3.5
2026-09-13 10:58:56,Southern Owens Valley,LAA at Alabama Flow,411.0
2026-09-13 10:58:56,Southern Owens Valley,Cottonwood Ck. At LAA Flow,2.0
2026-09-13 10:58:56,Southern Owens Valley,LAA at Cottonwood Flow,454.0
2026-09-13 10:58:56,Southern Owens Valley,Haiwee LAA #1 Current Flow,0.0
2026-09-13 10:58:56,Southern Owens Valley,Haiwee LAA #2 Current Flow,239.5
2026-09-13 10:58:56,Southern Owens Valley,Reinhackel Flow,2.9
2026-09-13 10:58:56,Southern Owens Valley,Lubkin Spillgate Outflow,0.0
2026-09-13 10:58:56,Southern Owens Valley,Cartago Spillgate Outflow,13.0
2026-09-13 10:58:56,Southern Owens Valley,Lone Pine Creek Flow,7.6
2026-09-13 10:58:56,Lower Owens River Project,LORP Intake Flow,79.0
2026-09-13 10:58:56,Lower Owens River Project,LORP at Mazourka Canyon Road,0.0
2026-09-13 10:58:56,Lower Owens River Project,LORP at Reinhackle Springs,59.0
2026-09-13 10:58:56,Lower Owens River Project,LORP Above Pumpstation,50.0
2026-09-13 10:58:56,Lower Owens River Project,LORP At Pump Station Discharge Flow,38.0
2026-09-13 10:58:56,Southern District,Haiwee LAA #2 Current Flow,239.5
2026-09-13 10:58:56,Southern District,Haiwee LAA #1 Current Flow,0.0
2026-09-13 10:58:57,Mono Basin,Lee Vining Intake Above Flow,25.2
2026-09-13 10:58:57,Mono Basin,Lee Vining Intake Below Flow,25.6
2026-09-13 10:58:57,Mono Basin,Mono Lk. Elevation,6381.8
2026-09-13 10:58:57,Mono Basin,Walker Ck. Above Conduit Flow,4.0
2026-09-13 10:58:57,Mono Basin,L.V. Conduit Below Intake Flow,0.5
2026-09-13 10:58:57,Mono Basin,Parker Ck. Above Conduit Flow,8.0
2026-09-13 10:58:57,Mono Basin,Grant Lk. Spill Flow,0.0
2026-09-13 10:58:57,Mono Basin,Mono Gate 1 Return Ditch Flow,29.9
2026-09-13 10:58:57,Mono Basin,Grant Lk. Elevation,7128.6
2026-09-13 10:58:57,Mono Basin,Grant Lk. Outflow,38.6
2026-09-13 10:58:57,Mono Basin,Rush Ck. at Damsite Flow,14.6
2026-09-13 10:58:57,Mono Basin,Flow to West Portal,10.6
2026-09-13 10:58:57,Long Valley,East Portal Flow,22.0
2026-09-13 10:58:57,Long Valley,OR Below EP Flow,66.0
2026-09-13 10:58:57,Long Valley,Long Valley Elevation,6768.4
2026-09-13 10:58:57,Northern Owens Valley,Pleasant Valley Elevation,4379.0
2026-09-13 10:58:57,Northern Owens Valley,Tinemaha Elevation,3861.2
2026-09-13 10:58:57,Southern Owens Valley,Tinemaha Elevation,3861.2
2026-09-13 10:58:57,Southern Owens Valley,LAA at Alabama Level,7.9
2026-09-13 10:58:57,Southern Owens Valley,LAA at Alabama Water Temp,67.5
2026-09-13 10:58:57,Southern Owens Valley,LAA at Cottonwood Level,8.9
2026-09-13 10:58:57,Southern Owens Valley,LAA at Cotton. Water Temp,69.8
2026-09-13 10:58:57,Southern Owens Valley,N. Haiwee Elevation,3756.8
2026-09-13 10:58:57,Southern Owens Valley,S. Haiwee Reservoir Elevation,3728.3
2026-09-13 10:58:57,Southern District,S. Haiwee Reservoir Elevation,3728.3
2026-09-13 10:58:57,Southern District,Fairmont Reservoir Elevation,3030.5
2026-09-13 10:58:57,Southern District,LAA #1 Flow at Fairmont Reservoir,283.0
2026-09-13 10:58:57,Southern District,LAA #2 Flow at Fairmont Res.,205.3
2026-09-13 10:58:57,Southern District,Bouquet Reservoir Elevation,2974.9
2026-09-13 10:58:57,Southern District,Bouquet Reservoir Inflow,0.0
2026-09-13 10:58:57,Southern District,Bouquet Reservoir Outflow,0.7
2026-09-13 10:58:57,Southern District,LAA #1 at Soledad Flow,131.9
2026-09-13 10:58:57,Southern District,LAA #2 at Soledad Flow,249.0
2026-09-13 11:13:58,Mono Basin,Lee Vining Intake Above Flow,25.2
2026-09-13 11:13:58,Mono Basin,Lee Vining Intake Below Flow,25.6
2026-09-13 11:13:58,Mono Basin,Mono Lk. Elevation,6381.8
2026-09-13 11:13:58,Mono Basin,Walker Ck. Above Conduit Flow,4.0
2026-09-13 11:13:58,Mono Basin,L.V. Conduit Below Intake Flow,0.5
2026-09-13 11:13:58,Mono Basin,Walker Ck. Under Conduit Flow,4.0
2026-09-13 11:13:58,Mono Basin,Parker Ck. Under Conduit Flow,8.0
2026-09-13 11:13:58,Mono Basin,Parker Ck. Above Conduit Flow,8.0
2026-09-13 11:13:58,Mono Basin,Grant Lk. Spill Flow,0.0
2026-09-13 11:13:58,Mono Basin,Mono Gate 1 Return Ditch Flow,29.9
2026-09-13 11:13:58,Mono Basin,Grant Lk. Elevation,7128.6
2026-09-13 11:13:58,Mono Basin,Grant Lk. Outflow,38.6
2026-09-13 11:13:58,Mono Basin,Rush Ck. at Damsite Flow,14.6
2026-09-13 11:13:58,Mono Basin,Flow to West Portal,10.6
2026-09-13 11:13:58,Long Valley,East Portal Flow,22.0
2026-09-13 11:13:58,Long Valley,OR Below EP Flow,66.0
2026-09-13 11:13:58,Long Valley,Hot Ck.at Hwy. Flow,4.0
2026-09-13 11:13:58,Long Valley,McGee Ck. Lower Sta. Flow,8.0
2026-09-13 11:13:58,Long Valley,Long Valley Elevation,6768.4
2026-09-13 11:13:58,Long Valley,Long Valley Current Outflow,572.6
2026-09-13 11:13:58,Long Valley,Rock Ck. Div. Flow,0.0
2026-09-13 11:13:58,Long Valley,Upper Gorge Total Release,35.7
2026-09-13 11:13:58,Long Valley,Release at Middle Gorge,0.0
2026-09-13 11:13:58,Northern Owens Valley,Rock Ck. At Owens River (PV) Flow,25.8
2026-09-13 11:13:58,Northern Owens Valley,Pleasant Valley Elevation,4379.0
2026-09-13 11:13:58,Northern Owens Valley,Pleasant Valley Outflow,493.7
2026-09-13 11:13:58,Northern Owens Valley,Baker Ck. At LA Station Flow,6.2
2026-09-13 11:13:58,Northern Owens Valley,Big Pine Ck. USGS Flow,24.8
2026-09-13 11:13:58,Northern Owens Valley,O.R. Below Big Pine,470.3
2026-09-13 11:13:58,Northern Owens Valley,Fish Springs At RR Flow,36.6
2026-09-13 11:13:58,Northern Owens Valley,Tinemaha Reservoir Outflow,476.6
2026-09-13 11:13:58,Northern Owens Valley,Bishop Creek Through Plant 6,66.4
2026-09-13 11:13:58,Northern Owens Valley,Bishop Creek Around Plant 6,6.6
2026-09-13 11:13:58,Southern Owens Valley,Tinemaha Reservoir Outflow,476.6
2026-09-13 11:13:58,Southern Owens Valley,Indep. Ck. At Junction Flow,3.5
2026-09-13 11:13:58,Southern Owens Valley,LAA at Alabama Flow,412.0
2026-09-13 11:13:58,Southern Owens Valley,LAA at Alabama Level,7.9
2026-09-13 11:13:58,Southern Owens Valley,LAA at Alabama Water Temp,67.6
2026-09-13 11:13:58,Southern Owens Valley,Cottonwood Ck. At LAA Flow,2.0
2026-09-13 11:13:58,Southern Owens Valley,LAA at Cottonwood Flow,453.0
2026-09-13 11:13:58,Southern Owens Valley,LAA at Cottonwood Level,8.9
2026-09-13 11:13:58,Southern Owens Valley,LAA at Cotton. Water Temp,69.9
2026-09-13 11:13:58,Southern Owens Valley,N. Haiwee Elevation,3756.8
2026-09-13 11:13:58,Southern Owens Valley,S. Haiwee Reservoir Elevation,3728.3
2026-09-13 11:13:58,Southern Owens Valley,Haiwee LAA #1 Current Flow,0.0
2026-09-13 11:13:58,Southern Owens Valley,Haiwee LAA #2 Current Flow,239.5
2026-09-13 11:13:58,Southern Owens Valley,Reinhackel Flow,2.9
2026-09-13 11:13:58,Southern Owens Valley,Lubkin Spillgate Outflow,0.0
2026-09-13 11:13:58,Southern Owens Valley,Cartago Spillgate Outflow,13.0
2026-09-13 11:13:58,Southern Owens Valley,Lone Pine Creek Flow,7.6
2026-09-13 11:13:58,Lower Owens River Project,LORP Intake Flow,79.0
2026-09-13 11:13:58,Lower Owens River Project,LORP at Mazourka Canyon Road,0.0
2026-09-13 11:13:58,Lower Owens River Project,LORP at Reinhackle Springs,59.0
2026-09-13 11:13:58,Lower Owens River Project,LORP Above Pumpstation,58.0
2026-09-13 11:13:58,Lower Owens River Project,LORP At Pump Station Discharge Flow,48.0
2026-09-13 11:13:58,Southern District,Haiwee LAA #2 Current Flow,239.5
2026-09-13 11:13:58,Southern District,S. Haiwee Reservoir Elevation,3728.3
2026-09-13 11:13:58,Southern District,Haiwee LAA #1 Current Flow,0.0
2026-09-13 11:13:58,Southern District,Fairmont Reservoir Elevation,3030.5
2026-09-13 11:13:58,Southern District,LAA #1 Flow at Fairmont Reservoir,281.0
2026-09-13 11:13:58,Southern District,LAA #2 Flow at Fairmont Res.,205.3
2026-09-13 11:13:58,Southern District,Bouquet Reservoir Elevation,2974.9
2026-09-13 11:13:58,Southern District,Bouquet Reservoir Inflow,0.0
2026-09-13 11:13:58,Southern District,Bouquet Reservoir Outflow,0.7
2026-09-13 11:13:58,Southern District,LAA #1 at Soledad Flow,131.9
2026-09-13 11:13:58,Southern District,LAA #2 at Soledad Flow,249.0
2026-09-13 11:28:57,Mono Basin,Lee Vining Intake Above Flow,25.2
2026-09-13 11:28:57,Mono Basin,Lee Vining Intake Below Flow,25.6
2026-09-13 11:28:57,Mono Basin,Mono Lk. Elevation,6381.8
2026-09-13 11:28:57,Mono Basin,Walker Ck. Above Conduit Flow,4.0
2026-09-13 11:28:57,Mono Basin,L.V. Conduit Below Intake Flow,0.5
2026-09-13 11:28:57,Mono Basin,Walker Ck. Under Conduit Flow,4.0
2026-09-13 11:28:57,Mono Basin,Parker Ck. Under Conduit Flow,8.0
2026-09-13 11:28:57,Mono Basin,Parker Ck. Above Conduit Flow,8.0
2026-09-13 11:28:57,Mono Basin,Grant Lk. Spill Flow,0.0
2026-09-13 11:28:57,Mono Basin,Mono Gate 1 Return Ditch Flow,29.7
2026-09-13 11:28:57,Mono Basin,Grant Lk. Elevation,7128.6
2026-09-13 11:28:57,Mono Basin,Grant Lk. Outflow,38.9
2026-09-13 11:28:57,Mono Basin,Rush Ck. at Damsite Flow,14.6
2026-09-13 11:28:57,Mono Basin,Flow to West Portal,10.6
2026-09-13 11:28:57,Long Valley,East Portal Flow,22.0
2026-09-13 11:28:57,Long Valley,OR Below EP Flow,66.0
2026-09-13 11:28:57,Long Valley,Hot Ck.at Hwy. Flow,4.0
2026-09-13 11:28:57,Long Valley,McGee Ck. Lower Sta. Flow,8.0
2026-09-13 11:28:57,Long Valley,Long Valley Elevation,6768.4
2026-09-13 11:28:57,Long Valley,Long Valley Current Outflow,572.9
2026-09-13 11:28:57,Long Valley,Rock Ck. Div. Flow,0.0
2026-09-13 11:28:57,Long Valley,Upper Gorge Total Release,35.3
2026-09-13 11:28:57,Long Valley,Release at Middle Gorge,0.0
2026-09-13 11:28:57,Northern Owens Valley,Rock Ck. At Owens River (PV) Flow,25.8
2026-09-13 11:28:57,Northern Owens Valley,Pleasant Valley Elevation,4379.0
2026-09-13 11:28:57,Northern Owens Valley,Pleasant Valley Outflow,494.9
2026-09-13 11:28:57,Northern Owens Valley,Baker Ck. At LA Station Flow,6.2
2026-09-13 11:28:57,Northern Owens Valley,Big Pine Ck. USGS Flow,24.8
2026-09-13 11:28:57,Northern Owens Valley,O.R. Below Big Pine,470.4
2026-09-13 11:28:57,Northern Owens Valley,Fish Springs At RR Flow,36.6
2026-09-13 11:28:57,Northern Owens Valley,Tinemaha Elevation,3861.2
2026-09-13 11:28:57,Northern Owens Valley,Tinemaha Reservoir Outflow,476.6
2026-09-13 11:28:57,Northern Owens Valley,Bishop Creek Through Plant 6,66.4
2026-09-13 11:28:57,Northern Owens Valley,Bishop Creek Around Plant 6,6.6
2026-09-13 11:28:57,Southern Owens Valley,Tinemaha Elevation,3861.2
2026-09-13 11:28:57,Southern Owens Valley,Tinemaha Reservoir Outflow,476.6
2026-09-13 11:28:57,Southern Owens Valley,Indep. Ck. At Junction Flow,3.5
2026-09-13 11:28:57,Southern Owens Valley,LAA at Alabama Flow,412.0
2026-09-13 11:28:57,Southern Owens Valley,LAA at Alabama Level,7.9
2026-09-13 11:28:57,Southern Owens Valley,LAA at Alabama Water Temp,67.6
2026-09-13 11:28:57,Southern Owens Valley,Cottonwood Ck. At LAA Flow,2.0
2026-09-13 11:28:57,Southern Owens Valley,LAA at Cottonwood Flow,453.0
2026-09-13 11:28:57,Southern Owens Valley,LAA at Cottonwood Level,8.9
2026-09-13 11:28:57,Southern Owens Valley,LAA at Cotton. Water Temp,70.1
2026-09-13 11:28:57,Southern Owens Valley,N. Haiwee Elevation,3756.8
2026-09-13 11:28:57,Southern Owens Valley,S. Haiwee Reservoir Elevation,3728.3
2026-09-13 11:28:57,Southern Owens Valley,Haiwee LAA #1 Current Flow,0.0
2026-09-13 11:28:57,Southern Owens Valley,Haiwee LAA #2 Current Flow,239.5
2026-09-13 11:28:57,Southern Owens Valley,Reinhackel Flow,2.9
2026-09-13 11:28:57,Southern Owens Valley,Lubkin Spillgate Outflow,0.0
2026-09-13 11:28:57,Southern Owens Valley,Cartago Spillgate Outflow,12.6
2026-09-13 11:28:57,Southern Owens Valley,Lone Pine Creek Flow,7.6
2026-09-13 11:28:57,Lower Owens River Project,LORP Intake Flow,79.0
2026-09-13 11:28:57,Lower Owens River Project,LORP at Mazourka Canyon Road,0.0
2026-09-13 11:28:57,Lower Owens River Project,LORP at Reinhackle Springs,61.0
2026-09-13 11:28:57,Lower Owens River Project,LORP Above Pumpstation,60.0
2026-09-13 11:28:57,Lower Owens River Project,LORP At Pump Station Discharge Flow,49.0
2026-09-13 11:28:57,Southern District,Haiwee LAA #2 Current Flow,239.5
2026-09-13 11:28:57,Southern District,S. Haiwee Reservoir Elevation,3728.3
2026-09-13 11:28:57,Southern District,Haiwee LAA #1 Current Flow,0.0
2026-09-13 11:28:57,Southern District,Fairmont Reservoir Elevation,3030.5
2026-09-13 11:28:57,Southern District,LAA #1 Flow at Fairmont Reservoir,280.0
2026-09-13 11:28:57,Southern District,LAA #2 Flow at Fairmont Res.,205.2
2026-09-13 11:28:57,Southern District,Bouquet Reservoir Elevation,2974.9
2026-09-13 11:28:57,Southern District,Bouquet Reservoir Inflow,0.0
2026-09-13 11:28:57,Southern District,Bouquet Reservoir Outflow,0.7
2026-09-13 11:28:57,Southern District,LAA #1 at Soledad Flow,131.9
2026-09-13 11:28:57,Southern District,LAA #2 at Soledad Flow,249.0
2026-09-13 11:43:58,Mono Basin,Lee Vining Intake Above Flow,32.7
2026-09-13 11:43:58,Mono Basin,Lee Vining Intake Below Flow,25.1
2026-09-13 11:43:58,Mono Basin,Mono Lk. Elevation,6381.8
2026-09-13 11:43:58,Mono Basin,Walker Ck. Above Conduit Flow,4.0
2026-09-13 11:43:58,Mono Basin,L.V. Conduit Below Intake Flow,7.7
2026-09-13 11:43:58,Mono Basin,Walker Ck. Under Conduit Flow,4.0
2026-09-13 11:43:58,Mono Basin,Parker Ck. Under Conduit Flow,8.0
2026-09-13 11:43:58,Mono Basin,Parker Ck. Above Conduit Flow,8.0
2026-09-13 11:43:58,Mono Basin,Grant Lk. Spill Flow,0.0
2026-09-13 11:43:58,Mono Basin,Mono Gate 1 Return Ditch Flow,29.7
2026-09-13 11:43:58,Mono Basin,Grant Lk. Elevation,7128.6
2026-09-13 11:43:58,Mono Basin,Grant Lk. Outflow,38.9
2026-09-13 11:43:58,Mono Basin,Rush Ck. at Damsite Flow,14.6
2026-09-13 11:43:58,Mono Basin,Flow to West Portal,10.6
2026-09-13 11:43:58,Long Valley,East Portal Flow,23.0
2026-09-13 11:43:58,Long Valley,OR Below EP Flow,66.0
2026-09-13 11:43:58,Long Valley,Hot Ck.at Hwy. Flow,4.0
2026-09-13 11:43:58,Long Valley,McGee Ck. Lower Sta. Flow,8.0
2026-09-13 11:43:58,Long Valley,Long Valley Elevation,6768.4
2026-09-13 11:43:58,Long Valley,Long Valley Current Outflow,572.9
2026-09-13 11:43:58,Long Valley,Rock Ck. Div. Flow,0.0
2026-09-13 11:43:58,Long Valley,Upper Gorge Total Release,36.7
2026-09-13 11:43:58,Long Valley,Release at Middle Gorge,0.0
2026-09-13 11:43:58,Northern Owens Valley,Rock Ck. At Owens River (PV) Flow,25.8
2026-09-13 11:43:58,Northern Owens Valley,Pleasant Valley Elevation,4379.1
2026-09-13 11:43:58,Northern Owens Valley,Pleasant Valley Outflow,494.4
2026-09-13 11:43:58,Northern Owens Valley,Baker Ck. At LA Station Flow,6.2
2026-09-13 11:43:58,Northern Owens Valley,Big Pine Ck. USGS Flow,24.8
2026-09-13 11:43:58,Northern Owens Valley,O.R. Below Big Pine,470.0
2026-09-13 11:43:58,Northern Owens Valley,Fish Springs At RR Flow,36.6
2026-09-13 11:43:58,Northern Owens Valley,Tinemaha Reservoir Outflow,476.6
2026-09-13 11:43:58,Northern Owens Valley,Bishop Creek Through Plant 6,66.4
2026-09-13 11:43:58,Northern Owens Valley,Bishop Creek Around Plant 6,6.6
2026-09-13 11:43:58,Southern Owens Valley,Tinemaha Reservoir Outflow,476.6
2026-09-13 11:43:58,Southern Owens Valley,Indep. Ck. At Junction Flow,3.5
2026-09-13 11:43:58,Southern Owens Valley,LAA at Alabama Flow,412.0
2026-09-13 11:43:58,Southern Owens Valley,LAA at Alabama Level,7.9
2026-09-13 11:43:58,Southern Owens Valley,LAA at Alabama Water Temp,67.6
2026-09-13 11:43:58,Southern Owens Valley,Cottonwood Ck. At LAA Flow,2.0
2026-09-13 11:43:58,Southern Owens Valley,LAA at Cottonwood Flow,453.0
2026-09-13 11:43:58,Southern Owens Valley,LAA at Cottonwood Level,8.9
2026-09-13 11:43:58,Southern Owens Valley,LAA at Cotton. Water Temp,70.2
2026-09-13 11:43:58,Southern Owens Valley,N. Haiwee Elevation,3756.8
2026-09-13 11:43:58,Southern Owens Valley,S. Haiwee Reservoir Elevation,3728.3
2026-09-13 11:43:58,Southern Owens Valley,Haiwee LAA #1 Current Flow,0.0
2026-09-13 11:43:58,Southern Owens Valley,Haiwee LAA #2 Current Flow,239.5
2026-09-13 11:43:58,Southern Owens Valley,Reinhackel Flow,2.9
2026-09-13 11:43:58,Southern Owens Valley,Lubkin Spillgate Outflow,0.0
2026-09-13 11:43:58,Southern Owens Valley,Cartago Spillgate Outflow,12.6
2026-09-13 11:43:58,Southern Owens Valley,Lone Pine Creek Flow,7.6
2026-09-13 11:43:58,Lower Owens River Project,LORP Intake Flow,80.0
2026-09-13 11:43:58,Lower Owens River Project,LORP at Mazourka Canyon Road,0.0
2026-09-13 11:43:58,Lower Owens River Project,LORP at Reinhackle Springs,61.0
2026-09-13 11:43:58,Lower Owens River Project,LORP Above Pumpstation,59.0
2026-09-13 11:43:58,Lower Owens River Project,LORP At Pump Station Discharge Flow,48.0
2026-09-13 11:43:58,Southern District,Haiwee LAA #2 Current Flow,239.5
2026-09-13 11:43:58,Southern District,S. Haiwee Reservoir Elevation,3728.3
2026-09-13 11:43:58,Southern District,Haiwee LAA #1 Current Flow,0.0
2026-09-13 11:43:58,Southern District,Fairmont Reservoir Elevation,3030.6
2026-09-13 11:43:58,Southern District,LAA #1 Flow at Fairmont Reservoir,275.5
2026-09-13 11:43:58,Southern District,LAA #2 Flow at Fairmont Res.,205.3
2026-09-13 11:43:58,Southern District,Bouquet Reservoir Elevation,2974.9
2026-09-13 11:43:58,Southern District,Bouquet Reservoir Inflow,0.0
2026-09-13 11:43:58,Southern District,Bouquet Reservoir Outflow,0.7
2026-09-13 11:43:58,Southern District,LAA #1 at Soledad Flow,131.9
2026-09-13 11:43:58,Southern District,LAA #2 at Soledad Flow,249.0
2026-09-13 11:58:57,Mono Basin,Lee Vining Intake Above Flow,32.7
2026-09-13 11:58:57,Mono Basin,Lee Vining Intake Below Flow,25.1
2026-09-13 11:58:57,Mono Basin,Walker Ck. Above Conduit Flow,4.0
2026-09-13 11:58:57,Mono Basin,L.V. Conduit Below Intake Flow,7.7
2026-09-13 11:58:57,Mono Basin,Walker Ck. Under Conduit Flow,4.0
2026-09-13 11:58:57,Mono Basin,Parker Ck. Under Conduit Flow,8.0
2026-09-13 11:58:57,Mono Basin,Parker Ck. Above Conduit Flow,8.0
2026-09-13 11:58:57,Mono Basin,Grant Lk. Spill Flow,0.0
2026-09-13 11:58:57,Mono Basin,Mono Gate 1 Return Ditch Flow,29.7
2026-09-13 11:58:57,Mono Basin,Grant Lk. Outflow,38.9
2026-09-13 11:58:57,Mono Basin,Rush Ck. at Damsite Flow,14.6
2026-09-13 11:58:57,Mono Basin,Flow to West Portal,10.6
2026-09-13 11:58:57,Long Valley,East Portal Flow,22.0
2026-09-13 11:58:57,Long Valley,OR Below EP Flow,66.0
2026-09-13 11:58:57,Long Valley,Hot Ck.at Hwy. Flow,4.0
2026-09-13 11:58:57,Long Valley,McGee Ck. Lower Sta. Flow,8.0
2026-09-13 11:58:57,Long Valley,Long Valley Current Outflow,572.9
2026-09-13 11:58:57,Long Valley,Rock Ck. Div. Flow,0.0
2026-09-13 11:58:57,Long Valley,Upper Gorge Total Release,35.3
2026-09-13 11:58:57,Long Valley,Release at Middle Gorge,0.0
2026-09-13 11:58:57,Northern Owens Valley,Rock Ck. At Owens River (PV) Flow,25.7
2026-09-13 11:58:57,Northern Owens Valley,Pleasant Valley Outflow,494.9
2026-09-13 11:58:57,Northern Owens Valley,Baker Ck. At LA Station Flow,6.2
2026-09-13 11:58:57,Northern Owens Valley,Big Pine Ck. USGS Flow,24.8
2026-09-13 11:58:57,Northern Owens Valley,O.R. Below Big Pine,468.9
2026-09-13 11:58:57,Northern Owens Valley,Fish Springs At RR Flow,36.6
2026-09-13 11:58:57,Northern Owens Valley,Tinemaha Reservoir Outflow,476.6
2026-09-13 11:58:57,Northern Owens Valley,Bishop Creek Through Plant 6,66.4
2026-09-13 11:58:57,Northern Owens Valley,Bishop Creek Around Plant 6,6.6
2026-09-13 11:58:57,Southern Owens Valley,Tinemaha Reservoir Outflow,476.6
2026-09-13 11:58:57,Southern Owens Valley,Indep. Ck. At Junction Flow,3.5
2026-09-13 11:58:57,Southern Owens Valley,LAA at Alabama Flow,412.0
2026-09-13 11:58:57,Southern Owens Valley,Cottonwood Ck. At LAA Flow,2.0
2026-09-13 11:58:57,Southern Owens Valley,LAA at Cottonwood Flow,453.0
2026-09-13 11:58:57,Southern Owens Valley,Haiwee LAA #1 Current Flow,0.0
2026-09-13 11:58:57,Southern Owens Valley,Haiwee LAA #2 Current Flow,239.5
2026-09-13 11:58:57,Southern Owens Valley,Reinhackel Flow,2.9
2026-09-13 11:58:57,Southern Owens Valley,Lubkin Spillgate Outflow,0.0
2026-09-13 11:58:57,Southern Owens Valley,Cartago Spillgate Outflow,12.8
2026-09-13 11:58:57,Southern Owens Valley,Lone Pine Creek Flow,7.6
2026-09-13 11:58:57,Lower Owens River Project,LORP Intake Flow,80.0
2026-09-13 11:58:57,Lower Owens River Project,LORP at Mazourka Canyon Road,0.0
2026-09-13 11:58:57,Lower Owens River Project,LORP at Reinhackle Springs,61.0
2026-09-13 11:58:57,Lower Owens River Project,LORP Above Pumpstation,59.0
2026-09-13 11:58:57,Lower Owens River Project,LORP At Pump Station Discharge Flow,49.0
2026-09-13 11:58:57,Southern District,Haiwee LAA #2 Current Flow,239.5
2026-09-13 11:58:57,Southern District,Haiwee LAA #1 Current Flow,0.0
2026-09-13 11:58:57,Southern District,LAA #1 Flow at Fairmont Reservoir,275.7
2026-09-13 11:58:57,Southern District,LAA #2 Flow at Fairmont Res.,205.4
2026-09-13 11:58:57,Southern District,Bouquet Reservoir Inflow,0.0
2026-09-13 11:58:57,Southern District,Bouquet Reservoir Outflow,0.7
2026-09-13 11:58:57,Southern District,LAA #1 at Soledad Flow,131.9
2026-09-13 11:58:57,Southern District,LAA #2 at Soledad Flow,249.0
2026-09-13 11:58:58,Mono Basin,Mono Lk. Elevation,6381.8
2026-09-13 11:58:58,Mono Basin,Grant Lk. Elevation,7128.6
2026-09-13 11:58:58,Long Valley,Long Valley Elevation,6768.4
2026-09-13 11:58:58,Northern Owens Valley,Pleasant Valley Elevation,4379.1
2026-09-13 11:58:58,Northern Owens Valley,Tinemaha Elevation,3861.2
2026-09-13 11:58:58,Southern Owens Valley,Tinemaha Elevation,3861.2
2026-09-13 11:58:58,Southern Owens Valley,LAA at Alabama Level,7.9
2026-09-13 11:58:58,Southern Owens Valley,LAA at Alabama Water Temp,67.6
2026-09-13 11:58:58,Southern Owens Valley,LAA at Cottonwood Level,8.9
2026-09-13 11:58:58,Southern Owens Valley,LAA at Cotton. Water Temp,70.2
2026-09-13 11:58:58,Southern Owens Valley,N. Haiwee Elevation,3756.8
2026-09-13 11:58:58,Southern Owens Valley,S. Haiwee Reservoir Elevation,3728.3
2026-09-13 11:58:58,Southern District,S. Haiwee Reservoir Elevation,3728.3
2026-09-13 11:58:58,Southern District,Fairmont Reservoir Elevation,3030.6
2026-09-13 11:58:58,Southern District,Bouquet Reservoir Elevation,2974.9
2026-09-13 12:13:57,Mono Basin,Lee Vining Intake Above Flow,32.7
2026-09-13 12:13:57,Mono Basin,Lee Vining Intake Below Flow,25.1
2026-09-13 12:13:57,Mono Basin,Mono Lk. Elevation,6381.8
2026-09-13 12:13:57,Mono Basin,Walker Ck. Above Conduit Flow,3.0
2026-09-13 12:13:57,Mono Basin,L.V. Conduit Below Intake Flow,7.7
2026-09-13 12:13:57,Mono Basin,Walker Ck. Under Conduit Flow,4.0
2026-09-13 12:13:57,Mono Basin,Parker Ck. Under Conduit Flow,7.0
2026-09-13 12:13:57,Mono Basin,Parker Ck. Above Conduit Flow,8.0
2026-09-13 12:13:57,Mono Basin,Grant Lk. Spill Flow,0.0
2026-09-13 12:13:57,Mono Basin,Mono Gate 1 Return Ditch Flow,29.7
2026-09-13 12:13:57,Mono Basin,Grant Lk. Elevation,7128.6
2026-09-13 12:13:57,Mono Basin,Grant Lk. Outflow,38.9
2026-09-13 12:13:57,Mono Basin,Rush Ck. at Damsite Flow,14.6
2026-09-13 12:13:57,Mono Basin,Flow to West Portal,10.6
2026-09-13 12:13:57,Long Valley,East Portal Flow,23.0
2026-09-13 12:13:57,Long Valley,OR Below EP Flow,66.0
2026-09-13 12:13:57,Long Valley,Hot Ck.at Hwy. Flow,4.0
2026-09-13 12:13:57,Long Valley,McGee Ck. Lower Sta. Flow,7.8
2026-09-13 12:13:57,Long Valley,Long Valley Elevation,6768.4
2026-09-13 12:13:57,Long Valley,Long Valley Current Outflow,577.9
2026-09-13 12:13:57,Long Valley,Rock Ck. Div. Flow,0.0
2026-09-13 12:13:57,Long Valley,Upper Gorge Total Release,36.6
2026-09-13 12:13:57,Long Valley,Release at Middle Gorge,0.0
2026-09-13 12:13:57,Northern Owens Valley,Rock Ck. At Owens River (PV) Flow,25.7
2026-09-13 12:13:57,Northern Owens Valley,Pleasant Valley Elevation,4379.1
2026-09-13 12:13:57,Northern Owens Valley,Pleasant Valley Outflow,495.6
2026-09-13 12:13:57,Northern Owens Valley,Baker Ck. At LA Station Flow,6.3
2026-09-13 12:13:57,Northern Owens Valley,Big Pine Ck. USGS Flow,24.8
2026-09-13 12:13:57,Northern Owens Valley,O.R. Below Big Pine,469.0
2026-09-13 12:13:57,Northern Owens Valley,Fish Springs At RR Flow,36.6
2026-09-13 12:13:57,Northern Owens Valley,Tinemaha Reservoir Outflow,475.0
2026-09-13 12:13:57,Northern Owens Valley,Bishop Creek Through Plant 6,66.4
2026-09-13 12:13:57,Northern Owens Valley,Bishop Creek Around Plant 6,6.6
2026-09-13 12:13:57,Southern Owens Valley,Tinemaha Reservoir Outflow,475.0
2026-09-13 12:13:57,Southern Owens Valley,Indep. Ck. At Junction Flow,3.5
2026-09-13 12:13:57,Southern Owens Valley,LAA at Alabama Flow,411.0
2026-09-13 12:13:57,Southern Owens Valley,LAA at Alabama Level,7.9
2026-09-13 12:13:57,Southern Owens Valley,LAA at Alabama Water Temp,68.1
2026-09-13 12:13:57,Southern Owens Valley,Cottonwood Ck. At LAA Flow,2.0
2026-09-13 12:13:57,Southern Owens Valley,LAA at Cottonwood Flow,452.0
2026-09-13 12:13:57,Southern Owens Valley,LAA at Cottonwood Level,8.9
2026-09-13 12:13:57,Southern Owens Valley,LAA at Cotton. Water Temp,70.5
2026-09-13 12:13:57,Southern Owens Valley,N. Haiwee Elevation,3756.8
2026-09-13 12:13:57,Southern Owens Valley,S. Haiwee Reservoir Elevation,3728.3
2026-09-13 12:13:57,Southern Owens Valley,Haiwee LAA #1 Current Flow,0.0
2026-09-13 12:13:57,Southern Owens Valley,Haiwee LAA #2 Current Flow,239.5
2026-09-13 12:13:57,Southern Owens Valley,Reinhackel Flow,2.9
2026-09-13 12:13:57,Southern Owens Valley,Lubkin Spillgate Outflow,0.0
2026-09-13 12:13:57,Southern Owens Valley,Cartago Spillgate Outflow,12.8
2026-09-13 12:13:57,Southern Owens Valley,Lone Pine Creek Flow,7.6
2026-09-13 12:13:57,Lower Owens River Project,LORP Intake Flow,80.0
2026-09-13 12:13:57,Lower Owens River Project,LORP at Mazourka Canyon Road,0.0
2026-09-13 12:13:57,Lower Owens River Project,LORP at Reinhackle Springs,61.0
2026-09-13 12:13:57,Lower Owens River Project,LORP Above Pumpstation,58.0
2026-09-13 12:13:57,Lower Owens River Project,LORP At Pump Station Discharge Flow,48.0
2026-09-13 12:13:57,Southern District,Haiwee LAA #2 Current Flow,239.5
2026-09-13 12:13:57,Southern District,S. Haiwee Reservoir Elevation,3728.3
2026-09-13 12:13:57,Southern District,Haiwee LAA #1 Current Flow,0.0
2026-09-13 12:13:57,Southern District,Fairmont Reservoir Elevation,3030.7
2026-09-13 12:13:57,Southern District,LAA #1 Flow at Fairmont Reservoir,273.5
2026-09-13 12:13:57,Southern District,LAA #2 Flow at Fairmont Res.,205.5
2026-09-13 12:13:57,Southern District,Bouquet Reservoir Elevation,2974.9
2026-09-13 12:13:57,Southern District,Bouquet Reservoir Inflow,0.0
2026-09-13 12:13:57,Southern District,Bouquet Reservoir Outflow,0.7
2026-09-13 12:13:57,Southern District,LAA #1 at Soledad Flow,131.9
2026-09-13 12:13:57,Southern District,LAA #2 at Soledad Flow,249.0
2026-09-13 12:28:57,Mono Basin,Lee Vining Intake Above Flow,32.7
2026-09-13 12:28:57,Mono Basin,Lee Vining Intake Below Flow,25.1
2026-09-13 12:28:57,Mono Basin,Mono Lk. Elevation,6381.8
2026-09-13 12:28:57,Mono Basin,Walker Ck. Above Conduit Flow,3.0
2026-09-13 12:28:57,Mono Basin,L.V. Conduit Below Intake Flow,7.7
2026-09-13 12:28:57,Mono Basin,Walker Ck. Under Conduit Flow,4.0
2026-09-13 12:28:57,Mono Basin,Parker Ck. Under Conduit Flow,7.0
2026-09-13 12:28:57,Mono Basin,Parker Ck. Above Conduit Flow,8.0
2026-09-13 12:28:57,Mono Basin,Grant Lk. Spill Flow,0.0
2026-09-13 12:28:57,Mono Basin,Mono Gate 1 Return Ditch Flow,29.9
2026-09-13 12:28:57,Mono Basin,Grant Lk. Elevation,7128.5
2026-09-13 12:28:57,Mono Basin,Grant Lk. Outflow,38.4
2026-09-13 12:28:57,Mono Basin,Rush Ck. at Damsite Flow,14.6
2026-09-13 12:28:57,Mono Basin,Flow to West Portal,10.6
2026-09-13 12:28:57,Long Valley,East Portal Flow,23.0
2026-09-13 12:28:57,Long Valley,OR Below EP Flow,66.0
2026-09-13 12:28:57,Long Valley,Hot Ck.at Hwy. Flow,4.0
2026-09-13 12:28:57,Long Valley,McGee Ck. Lower Sta. Flow,7.8
2026-09-13 12:28:57,Long Valley,Long Valley Elevation,6768.3
2026-09-13 12:28:57,Long Valley,Long Valley Current Outflow,576.4
2026-09-13 12:28:57,Long Valley,Rock Ck. Div. Flow,0.0
2026-09-13 12:28:57,Long Valley,Upper Gorge Total Release,35.1
2026-09-13 12:28:57,Long Valley,Release at Middle Gorge,0.0
2026-09-13 12:28:57,Northern Owens Valley,Rock Ck. At Owens River (PV) Flow,25.7
2026-09-13 12:28:57,Northern Owens Valley,Pleasant Valley Elevation,4379.2
2026-09-13 12:28:57,Northern Owens Valley,Pleasant Valley Outflow,495.3
2026-09-13 12:28:57,Northern Owens Valley,Baker Ck. At LA Station Flow,6.3
2026-09-13 12:28:57,Northern Owens Valley,Big Pine Ck. USGS Flow,23.7
2026-09-13 12:28:57,Northern Owens Valley,O.R. Below Big Pine,468.3
2026-09-13 12:28:57,Northern Owens Valley,Fish Springs At RR Flow,37.8
2026-09-13 12:28:57,Northern Owens Valley,Tinemaha Elevation,3861.2
2026-09-13 12:28:57,Northern Owens Valley,Tinemaha Reservoir Outflow,475.0
2026-09-13 12:28:57,Northern Owens Valley,Bishop Creek Through Plant 6,66.4
2026-09-13 12:28:57,Northern Owens Valley,Bishop Creek Around Plant 6,6.6
2026-09-13 12:28:57,Southern Owens Valley,Tinemaha Elevation,3861.2
2026-09-13 12:28:57,Southern Owens Valley,Tinemaha Reservoir Outflow,475.0
2026-09-13 12:28:57,Southern Owens Valley,Indep. Ck. At Junction Flow,3.5
2026-09-13 12:28:57,Southern Owens Valley,LAA at Alabama Flow,412.0
2026-09-13 12:28:57,Southern Owens Valley,LAA at Alabama Level,7.9
2026-09-13 12:28:57,Southern Owens Valley,LAA at Alabama Water Temp,68.1
2026-09-13 12:28:57,Southern Owens Valley,Cottonwood Ck. At LAA Flow,2.0
2026-09-13 12:28:57,Southern Owens Valley,LAA at Cottonwood Flow,452.0
2026-09-13 12:28:57,Southern Owens Valley,LAA at Cottonwood Level,8.9
2026-09-13 12:28:57,Southern Owens Valley,LAA at Cotton. Water Temp,70.5
2026-09-13 12:28:57,Southern Owens Valley,N. Haiwee Elevation,3756.8
2026-09-13 12:28:57,Southern Owens Valley,S. Haiwee Reservoir Elevation,3728.3
2026-09-13 12:28:57,Southern Owens Valley,Haiwee LAA #1 Current Flow,0.0
2026-09-13 12:28:57,Southern Owens Valley,Haiwee LAA #2 Current Flow,239.5
2026-09-13 12:28:57,Southern Owens Valley,Reinhackel Flow,2.9
2026-09-13 12:28:57,Southern Owens Valley,Lubkin Spillgate Outflow,0.0
2026-09-13 12:28:57,Southern Owens Valley,Cartago Spillgate Outflow,13.7
2026-09-13 12:28:57,Southern Owens Valley,Lone Pine Creek Flow,7.6
2026-09-13 12:28:57,Lower Owens River Project,LORP Intake Flow,80.0
2026-09-13 12:28:57,Lower Owens River Project,LORP at Mazourka Canyon Road,0.0
2026-09-13 12:28:57,Lower Owens River Project,LORP at Reinhackle Springs,60.0
2026-09-13 12:28:57,Lower Owens River Project,LORP Above Pumpstation,48.0
2026-09-13 12:28:57,Lower Owens River Project,LORP At Pump Station Discharge Flow,37.0
2026-09-13 12:28:57,Southern District,Haiwee LAA #2 Current Flow,239.5
2026-09-13 12:28:57,Southern District,S. Haiwee Reservoir Elevation,3728.3
2026-09-13 12:28:57,Southern District,Haiwee LAA #1 Current Flow,0.0
2026-09-13 12:28:57,Southern District,Fairmont Reservoir Elevation,3030.7
2026-09-13 12:28:57,Southern District,LAA #1 Flow at Fairmont Reservoir,271.6
2026-09-13 12:28:57,Southern District,LAA #2 Flow at Fairmont Res.,205.3
2026-09-13 12:28:57,Southern District,Bouquet Reservoir Elevation,2974.9
2026-09-13 12:28:57,Southern District,Bouquet Reservoir Inflow,0.0
2026-09-13 12:28:57,Southern District,Bouquet Reservoir Outflow,0.7
2026-09-13 12:28:57,Southern District,LAA #1 at Soledad Flow,131.9
2026-09-13 12:28:57,Southern District,LAA #2 at Soledad Flow,249.0
2026-09-13 12:43:58,Mono Basin,Lee Vining Intake Above Flow,32.7
2026-09-13 12:43:58,Mono Basin,Lee Vining Intake Below Flow,25.1
2026-09-13 12:43:58,Mono Basin,Walker Ck. Above Conduit Flow,3.0
2026-09-13 12:43:58,Mono Basin,L.V. Conduit Below Intake Flow,7.7
2026-09-13 12:43:58,Mono Basin,Walker Ck. Under Conduit Flow,4.0
2026-09-13 12:43:58,Mono Basin,Parker Ck. Under Conduit Flow,7.0
2026-09-13 12:43:58,Mono Basin,Parker Ck. Above Conduit Flow,8.0
2026-09-13 12:43:58,Mono Basin,Grant Lk. Spill Flow,0.0
2026-09-13 12:43:58,Mono Basin,Mono Gate 1 Return Ditch Flow,29.9
2026-09-13 12:43:58,Mono Basin,Grant Lk. Outflow,38.4
2026-09-13 12:43:58,Mono Basin,Rush Ck. at Damsite Flow,14.6
2026-09-13 12:43:58,Mono Basin,Flow to West Portal,10.6
2026-09-13 12:43:58,Long Valley,East Portal Flow,23.0
2026-09-13 12:43:58,Long Valley,OR Below EP Flow,66.0
2026-09-13 12:43:58,Long Valley,Hot Ck.at Hwy. Flow,4.0
2026-09-13 12:43:58,Long Valley,McGee Ck. Lower Sta. Flow,7.8
2026-09-13 12:43:58,Long Valley,Long Valley Current Outflow,576.4
2026-09-13 12:43:58,Long Valley,Rock Ck. Div. Flow,0.0
2026-09-13 12:43:58,Long Valley,Upper Gorge Total Release,37.5
2026-09-13 12:43:58,Long Valley,Release at Middle Gorge,0.0
2026-09-13 12:43:58,Northern Owens Valley,Rock Ck. At Owens River (PV) Flow,25.7
2026-09-13 12:43:58,Northern Owens Valley,Pleasant Valley Outflow,495.4
2026-09-13 12:43:58,Northern Owens Valley,Baker Ck. At LA Station Flow,6.3
2026-09-13 12:43:58,Northern Owens Valley,Big Pine Ck. USGS Flow,23.7
2026-09-13 12:43:58,Northern Owens Valley,O.R. Below Big Pine,469.4
2026-09-13 12:43:58,Northern Owens Valley,Fish Springs At RR Flow,37.8
2026-09-13 12:43:58,Northern Owens Valley,Tinemaha Reservoir Outflow,475.0
2026-09-13 12:43:58,Northern Owens Valley,Bishop Creek Through Plant 6,65.5
2026-09-13 12:43:58,Northern Owens Valley,Bishop Creek Around Plant 6,6.5
2026-09-13 12:43:58,Southern Owens Valley,Tinemaha Reservoir Outflow,475.0
2026-09-13 12:43:58,Southern Owens Valley,Indep. Ck. At Junction Flow,3.3
2026-09-13 12:43:58,Southern Owens Valley,LAA at Alabama Flow,412.0
2026-09-13 12:43:58,Southern Owens Valley,Cottonwood Ck. At LAA Flow,2.0
2026-09-13 12:43:58,Southern Owens Valley,LAA at Cottonwood Flow,452.0
2026-09-13 12:43:58,Southern Owens Valley,Haiwee LAA #1 Current Flow,0.0
2026-09-13 12:43:58,Southern Owens Valley,Haiwee LAA #2 Current Flow,239.5
2026-09-13 12:43:58,Southern Owens Valley,Reinhackel Flow,2.9
2026-09-13 12:43:58,Southern Owens Valley,Lubkin Spillgate Outflow,0.0
2026-09-13 12:43:58,Southern Owens Valley,Cartago Spillgate Outflow,13.7
2026-09-13 12:43:58,Southern Owens Valley,Lone Pine Creek Flow,7.5
2026-09-13 12:43:58,Lower Owens River Project,LORP Intake Flow,80.0
2026-09-13 12:43:58,Lower Owens River Project,LORP at Mazourka Canyon Road,0.0
2026-09-13 12:43:58,Lower Owens River Project,LORP at Reinhackle Springs,60.0
2026-09-13 12:43:58,Lower Owens River Project,LORP Above Pumpstation,50.0
2026-09-13 12:43:58,Lower Owens River Project,LORP At Pump Station Discharge Flow,38.0
2026-09-13 12:43:58,Southern District,Haiwee LAA #2 Current Flow,239.5
2026-09-13 12:43:58,Southern District,Haiwee LAA #1 Current Flow,0.0
2026-09-13 12:43:58,Southern District,LAA #1 Flow at Fairmont Reservoir,268.4
2026-09-13 12:43:58,Southern District,LAA #2 Flow at Fairmont Res.,205.5
2026-09-13 12:43:58,Southern District,Bouquet Reservoir Inflow,0.0
2026-09-13 12:43:58,Southern District,Bouquet Reservoir Outflow,0.7
2026-09-13 12:43:58,Southern District,LAA #1 at Soledad Flow,131.9
2026-09-13 12:43:58,Southern District,LAA #2 at Soledad Flow,249.0
2026-09-13 12:43:59,Mono Basin,Mono Lk. Elevation,6381.8
2026-09-13 12:43:59,Mono Basin,Grant Lk. Elevation,7128.5
2026-09-13 12:43:59,Long Valley,Long Valley Elevation,6768.3
2026-09-13 12:43:59,Northern Owens Valley,Pleasant Valley Elevation,4379.2
2026-09-13 12:43:59,Southern Owens Valley,LAA at Alabama Level,7.9
2026-09-13 12:43:59,Southern Owens Valley,LAA at Alabama Water Temp,68.1
2026-09-13 12:43:59,Southern Owens Valley,LAA at Cottonwood Level,8.9
2026-09-13 12:43:59,Southern Owens Valley,LAA at Cotton. Water Temp,70.9
2026-09-13 12:43:59,Southern Owens Valley,N. Haiwee Elevation,3756.8
2026-09-13 12:43:59,Southern Owens Valley,S. Haiwee Reservoir Elevation,3728.3
2026-09-13 12:43:59,Southern District,S. Haiwee Reservoir Elevation,3728.3
2026-09-13 12:43:59,Southern District,Fairmont Reservoir Elevation,3030.8
2026-09-13 12:43:59,Southern District,Bouquet Reservoir Elevation,2974.9
2026-09-13 12:58:57,Mono Basin,Lee Vining Intake Above Flow,32.7
2026-09-13 12:58:57,Mono Basin,Lee Vining Intake Below Flow,25.1
2026-09-13 12:58:57,Mono Basin,Walker Ck. Above Conduit Flow,3.0
2026-09-13 12:58:57,Mono Basin,L.V. Conduit Below Intake Flow,7.7
2026-09-13 12:58:57,Mono Basin,Walker Ck. Under Conduit Flow,4.0
2026-09-13 12:58:57,Mono Basin,Parker Ck. Under Conduit Flow,7.0
2026-09-13 12:58:57,Mono Basin,Parker Ck. Above Conduit Flow,8.0
2026-09-13 12:58:57,Mono Basin,Grant Lk. Spill Flow,0.0
2026-09-13 12:58:57,Mono Basin,Mono Gate 1 Return Ditch Flow,29.9
2026-09-13 12:58:57,Mono Basin,Grant Lk. Outflow,38.4
2026-09-13 12:58:57,Mono Basin,Rush Ck. at Damsite Flow,14.6
2026-09-13 12:58:57,Mono Basin,Flow to West Portal,10.6
2026-09-13 12:58:57,Long Valley,East Portal Flow,22.0
2026-09-13 12:58:57,Long Valley,OR Below EP Flow,66.0
2026-09-13 12:58:57,Long Valley,Hot Ck.at Hwy. Flow,4.0
2026-09-13 12:58:57,Long Valley,McGee Ck. Lower Sta. Flow,7.8
2026-09-13 12:58:57,Long Valley,Long Valley Current Outflow,576.4
2026-09-13 12:58:57,Long Valley,Rock Ck. Div. Flow,0.0
2026-09-13 12:58:57,Long Valley,Upper Gorge Total Release,36.4
2026-09-13 12:58:57,Long Valley,Release at Middle Gorge,0.0
2026-09-13 12:58:57,Northern Owens Valley,Rock Ck. At Owens River (PV) Flow,25.5
2026-09-13 12:58:57,Northern Owens Valley,Pleasant Valley Outflow,496.1
2026-09-13 12:58:57,Northern Owens Valley,Baker Ck. At LA Station Flow,6.3
2026-09-13 12:58:57,Northern Owens Valley,Big Pine Ck. USGS Flow,23.7
2026-09-13 12:58:57,Northern Owens Valley,O.R. Below Big Pine,468.3
2026-09-13 12:58:57,Northern Owens Valley,Fish Springs At RR Flow,37.8
2026-09-13 12:58:57,Northern Owens Valley,Tinemaha Reservoir Outflow,475.0
2026-09-13 12:58:57,Northern Owens Valley,Bishop Creek Through Plant 6,65.5
2026-09-13 12:58:57,Northern Owens Valley,Bishop Creek Around Plant 6,6.5
2026-09-13 12:58:57,Southern Owens Valley,Tinemaha Reservoir Outflow,475.0
2026-09-13 12:58:57,Southern Owens Valley,Indep. Ck. At Junction Flow,3.3
2026-09-13 12:58:57,Southern Owens Valley,LAA at Alabama Flow,412.0
2026-09-13 12:58:57,Southern Owens Valley,Cottonwood Ck. At LAA Flow,2.0
2026-09-13 12:58:57,Southern Owens Valley,LAA at Cottonwood Flow,452.0
2026-09-13 12:58:57,Southern Owens Valley,Haiwee LAA #1 Current Flow,0.0
2026-09-13 12:58:57,Southern Owens Valley,Haiwee LAA #2 Current Flow,239.5
2026-09-13 12:58:57,Southern Owens Valley,Reinhackel Flow,2.9
2026-09-13 12:58:57,Southern Owens Valley,Lubkin Spillgate Outflow,0.0
2026-09-13 12:58:57,Southern Owens Valley,Cartago Spillgate Outflow,13.1
2026-09-13 12:58:57,Southern Owens Valley,Lone Pine Creek Flow,7.5
2026-09-13 12:58:57,Lower Owens River Project,LORP Intake Flow,80.0
2026-09-13 12:58:57,Lower Owens River Project,LORP at Mazourka Canyon Road,0.0
2026-09-13 12:58:57,Lower Owens River Project,LORP at Reinhackle Springs,60.0
2026-09-13 12:58:57,Lower Owens River Project,LORP Above Pumpstation,48.0
2026-09-13 12:58:57,Lower Owens River Project,LORP At Pump Station Discharge Flow,37.0
2026-09-13 12:58:57,Southern District,Haiwee LAA #2 Current Flow,239.5
2026-09-13 12:58:57,Southern District,Haiwee LAA #1 Current Flow,0.0
2026-09-13 12:58:57,Southern District,LAA #1 Flow at Fairmont Reservoir,265.3
2026-09-13 12:58:57,Southern District,LAA #2 Flow at Fairmont Res.,205.0
2026-09-13 12:58:57,Southern District,Bouquet Reservoir Inflow,0.0
2026-09-13 12:58:57,Southern District,Bouquet Reservoir Outflow,0.7
2026-09-13 12:58:57,Southern District,LAA #1 at Soledad Flow,131.9
2026-09-13 12:58:57,Southern District,LAA #2 at Soledad Flow,249.0
2026-09-13 12:58:58,Mono Basin,Mono Lk. Elevation,6381.8
2026-09-13 12:58:58,Mono Basin,Grant Lk. Elevation,7128.5
2026-09-13 12:58:58,Long Valley,Long Valley Elevation,6768.3
2026-09-13 12:58:58,Northern Owens Valley,Pleasant Valley Elevation,4379.2
2026-09-13 12:58:58,Northern Owens Valley,Tinemaha Elevation,3861.2
2026-09-13 12:58:58,Southern Owens Valley,Tinemaha Elevation,3861.2
2026-09-13 12:58:58,Southern Owens Valley,LAA at Alabama Level,7.9
2026-09-13 12:58:58,Southern Owens Valley,LAA at Alabama Water Temp,68.1
2026-09-13 12:58:58,Southern Owens Valley,LAA at Cottonwood Level,8.8
2026-09-13 12:58:58,Southern Owens Valley,LAA at Cotton. Water Temp,71.0
2026-09-13 12:58:58,Southern Owens Valley,N. Haiwee Elevation,3756.8
2026-09-13 12:58:58,Southern Owens Valley,S. Haiwee Reservoir Elevation,3728.3
2026-09-13 12:58:58,Southern District,S. Haiwee Reservoir Elevation,3728.3
2026-09-13 12:58:58,Southern District,Fairmont Reservoir Elevation,3030.8
2026-09-13 12:58:58,Southern District,Bouquet Reservoir Elevation,2974.9
2026-09-13 13:13:57,Mono Basin,Lee Vining Intake Above Flow,32.7
2026-09-13 13:13:57,Mono Basin,Lee Vining Intake Below Flow,25.1
2026-09-13 13:13:57,Mono Basin,Walker Ck. Above Conduit Flow,3.0
2026-09-13 13:13:57,Mono Basin,L.V. Conduit Below Intake Flow,7.7
2026-09-13 13:13:57,Mono Basin,Walker Ck. Under Conduit Flow,4.0
2026-09-13 13:13:57,Mono Basin,Parker Ck. Under Conduit Flow,7.0
2026-09-13 13:13:57,Mono Basin,Parker Ck. Above Conduit Flow,8.0
2026-09-13 13:13:57,Mono Basin,Grant Lk. Spill Flow,0.0
2026-09-13 13:13:57,Mono Basin,Mono Gate 1 Return Ditch Flow,29.9
2026-09-13 13:13:57,Mono Basin,Grant Lk. Outflow,38.4
2026-09-13 13:13:57,Mono Basin,Rush Ck. at Damsite Flow,14.6
2026-09-13 13:13:57,Mono Basin,Flow to West Portal,10.6
2026-09-13 13:13:57,Long Valley,East Portal Flow,22.0
2026-09-13 13:13:57,Long Valley,OR Below EP Flow,66.0
2026-09-13 13:13:57,Long Valley,Hot Ck.at Hwy. Flow,4.0
2026-09-13 13:13:57,Long Valley,McGee Ck. Lower Sta. Flow,7.8
2026-09-13 13:13:57,Long Valley,Long Valley Current Outflow,576.4
2026-09-13 13:13:57,Long Valley,Rock Ck. Div. Flow,0.0
2026-09-13 13:13:57,Long Valley,Upper Gorge Total Release,35.5
2026-09-13 13:13:57,Long Valley,Release at Middle Gorge,0.0
2026-09-13 13:13:57,Northern Owens Valley,Rock Ck. At Owens River (PV) Flow,25.5
2026-09-13 13:13:57,Northern Owens Valley,Pleasant Valley Outflow,496.1
2026-09-13 13:13:57,Northern Owens Valley,Baker Ck. At LA Station Flow,6.3
2026-09-13 13:13:57,Northern Owens Valley,Big Pine Ck. USGS Flow,23.7
2026-09-13 13:13:57,Northern Owens Valley,O.R. Below Big Pine,468.1
2026-09-13 13:13:57,Northern Owens Valley,Fish Springs At RR Flow,37.8
2026-09-13 13:13:57,Northern Owens Valley,Tinemaha Reservoir Outflow,476.6
2026-09-13 13:13:57,Northern Owens Valley,Bishop Creek Through Plant 6,66.2
2026-09-13 13:13:57,Northern Owens Valley,Bishop Creek Around Plant 6,6.4
2026-09-13 13:13:57,Southern Owens Valley,Tinemaha Reservoir Outflow,476.6
2026-09-13 13:13:57,Southern Owens Valley,Indep. Ck. At Junction Flow,3.3
2026-09-13 13:13:57,Southern Owens Valley,LAA at Alabama Flow,411.0
2026-09-13 13:13:57,Southern Owens Valley,Cottonwood Ck. At LAA Flow,2.0
2026-09-13 13:13:57,Southern Owens Valley,LAA at Cottonwood Flow,453.0
2026-09-13 13:13:57,Southern Owens Valley,Haiwee LAA #1 Current Flow,0.0
2026-09-13 13:13:57,Southern Owens Valley,Haiwee LAA #2 Current Flow,239.5
2026-09-13 13:13:57,Southern Owens Valley,Reinhackel Flow,2.9
2026-09-13 13:13:57,Southern Owens Valley,Lubkin Spillgate Outflow,0.0
2026-09-13 13:13:57,Southern Owens Valley,Cartago Spillgate Outflow,13.1
2026-09-13 13:13:57,Southern Owens Valley,Lone Pine Creek Flow,7.4
2026-09-13 13:13:57,Lower Owens River Project,LORP Intake Flow,80.0
2026-09-13 13:13:57,Lower Owens River Project,LORP at Mazourka Canyon Road,0.0
2026-09-13 13:13:57,Lower Owens River Project,LORP at Reinhackle Springs,60.0
2026-09-13 13:13:57,Lower Owens River Project,LORP Above Pumpstation,48.0
2026-09-13 13:13:57,Lower Owens River Project,LORP At Pump Station Discharge Flow,37.0
2026-09-13 13:13:57,Southern District,Haiwee LAA #2 Current Flow,239.5
2026-09-13 13:13:57,Southern District,Haiwee LAA #1 Current Flow,0.0
2026-09-13 13:13:57,Southern District,LAA #1 Flow at Fairmont Reservoir,264.2
2026-09-13 13:13:57,Southern District,LAA #2 Flow at Fairmont Res.,205.5
2026-09-13 13:13:57,Southern District,Bouquet Reservoir Inflow,0.0
2026-09-13 13:13:57,Southern District,Bouquet Reservoir Outflow,0.7
2026-09-13 13:13:57,Southern District,LAA #1 at Soledad Flow,131.9
2026-09-13 13:13:57,Southern District,LAA #2 at Soledad Flow,249.0
2026-09-13 13:13:58,Mono Basin,Mono Lk. Elevation,6381.8
2026-09-13 13:13:58,Mono Basin,Grant Lk. Elevation,7128.5
2026-09-13 13:13:58,Long Valley,Long Valley Elevation,6768.3
2026-09-13 13:13:58,Northern Owens Valley,Pleasant Valley Elevation,4379.3
2026-09-13 13:13:58,Southern Owens Valley,LAA at Alabama Level,7.9
2026-09-13 13:13:58,Southern Owens Valley,LAA at Alabama Water Temp,68.5
2026-09-13 13:13:58,Southern Owens Valley,LAA at Cottonwood Level,8.9
2026-09-13 13:13:58,Southern Owens Valley,LAA at Cotton. Water Temp,71.1
2026-09-13 13:13:58,Southern Owens Valley,N. Haiwee Elevation,3756.8
2026-09-13 13:13:58,Southern Owens Valley,S. Haiwee Reservoir Elevation,3728.3
2026-09-13 13:13:58,Southern District,S. Haiwee Reservoir Elevation,3728.3
2026-09-13 13:13:58,Southern District,Fairmont Reservoir Elevation,3030.8
2026-09-13 13:13:58,Southern District,Bouquet Reservoir Elevation,2974.9
2026-09-13 13:28:56,Mono Basin,Lee Vining Intake Above Flow,32.7
2026-09-13 13:28:56,Mono Basin,Lee Vining Intake Below Flow,25.1
2026-09-13 13:28:56,Mono Basin,Walker Ck. Above Conduit Flow,3.0
2026-09-13 13:28:56,Mono Basin,L.V. Conduit Below Intake Flow,7.7
2026-09-13 13:28:56,Mono Basin,Walker Ck. Under Conduit Flow,4.0
2026-09-13 13:28:56,Mono Basin,Parker Ck. Under Conduit Flow,7.0
2026-09-13 13:28:56,Mono Basin,Parker Ck. Above Conduit Flow,8.0
2026-09-13 13:28:56,Mono Basin,Grant Lk. Spill Flow,0.0
2026-09-13 13:28:56,Mono Basin,Mono Gate 1 Return Ditch Flow,29.7
2026-09-13 13:28:56,Mono Basin,Grant Lk. Outflow,38.6
2026-09-13 13:28:56,Mono Basin,Rush Ck. at Damsite Flow,14.6
2026-09-13 13:28:56,Mono Basin,Flow to West Portal,10.6
2026-09-13 13:28:56,Long Valley,East Portal Flow,22.0
2026-09-13 13:28:56,Long Valley,OR Below EP Flow,66.0
2026-09-13 13:28:56,Long Valley,Hot Ck.at Hwy. Flow,4.0
2026-09-13 13:28:56,Long Valley,McGee Ck. Lower Sta. Flow,7.8
2026-09-13 13:28:56,Long Valley,Long Valley Current Outflow,576.8
2026-09-13 13:28:56,Long Valley,Rock Ck. Div. Flow,0.0
2026-09-13 13:28:56,Long Valley,Upper Gorge Total Release,35.0
2026-09-13 13:28:56,Long Valley,Release at Middle Gorge,0.0
2026-09-13 13:28:56,Northern Owens Valley,Rock Ck. At Owens River (PV) Flow,25.3
2026-09-13 13:28:56,Northern Owens Valley,Pleasant Valley Outflow,495.9
2026-09-13 13:28:56,Northern Owens Valley,Baker Ck. At LA Station Flow,6.3
2026-09-13 13:28:56,Northern Owens Valley,Big Pine Ck. USGS Flow,23.7
2026-09-13 13:28:56,Northern Owens Valley,O.R. Below Big Pine,468.3
2026-09-13 13:28:56,Northern Owens Valley,Fish Springs At RR Flow,37.8
2026-09-13 13:28:56,Northern Owens Valley,Tinemaha Reservoir Outflow,476.6
2026-09-13 13:28:56,Northern Owens Valley,Bishop Creek Through Plant 6,66.2
2026-09-13 13:28:56,Northern Owens Valley,Bishop Creek Around Plant 6,6.4
2026-09-13 13:28:56,Southern Owens Valley,Tinemaha Reservoir Outflow,476.6
2026-09-13 13:28:56,Southern Owens Valley,Indep. Ck. At Junction Flow,3.3
2026-09-13 13:28:56,Southern Owens Valley,LAA at Alabama Flow,411.0
2026-09-13 13:28:56,Southern Owens Valley,Cottonwood Ck. At LAA Flow,2.0
2026-09-13 13:28:56,Southern Owens Valley,LAA at Cottonwood Flow,453.0
2026-09-13 13:28:56,Southern Owens Valley,Haiwee LAA #1 Current Flow,0.0
2026-09-13 13:28:56,Southern Owens Valley,Haiwee LAA #2 Current Flow,239.5
2026-09-13 13:28:56,Southern Owens Valley,Reinhackel Flow,2.9
2026-09-13 13:28:56,Southern Owens Valley,Lubkin Spillgate Outflow,0.0
2026-09-13 13:28:56,Southern Owens Valley,Cartago Spillgate Outflow,12.9
2026-09-13 13:28:56,Southern Owens Valley,Lone Pine Creek Flow,7.4
2026-09-13 13:28:56,Lower Owens River Project,LORP Intake Flow,80.0
2026-09-13 13:28:56,Lower Owens River Project,LORP at Mazourka Canyon Road,0.0
2026-09-13 13:28:56,Lower Owens River Project,LORP at Reinhackle Springs,59.0
2026-09-13 13:28:56,Lower Owens River Project,LORP Above Pumpstation,49.0
2026-09-13 13:28:56,Lower Owens River Project,LORP At Pump Station Discharge Flow,37.0
2026-09-13 13:28:56,Southern District,Haiwee LAA #2 Current Flow,239.5
2026-09-13 13:28:56,Southern District,Haiwee LAA #1 Current Flow,0.0
2026-09-13 13:28:56,Southern District,LAA #1 Flow at Fairmont Reservoir,262.8
2026-09-13 13:28:56,Southern District,LAA #2 Flow at Fairmont Res.,205.6
2026-09-13 13:28:56,Southern District,Bouquet Reservoir Inflow,0.0
2026-09-13 13:28:56,Southern District,Bouquet Reservoir Outflow,0.7
2026-09-13 13:28:56,Southern District,LAA #1 at Soledad Flow,131.9
2026-09-13 13:28:56,Southern District,LAA #2 at Soledad Flow,249.0
2026-09-13 13:28:57,Mono Basin,Mono Lk. Elevation,6381.8
2026-09-13 13:28:57,Mono Basin,Grant Lk. Elevation,7128.6
2026-09-13 13:28:57,Long Valley,Long Valley Elevation,6768.3
2026-09-13 13:28:57,Northern Owens Valley,Pleasant Valley Elevation,4379.3
2026-09-13 13:28:57,Northern Owens Valley,Tinemaha Elevation,3861.2
2026-09-13 13:28:57,Southern Owens Valley,Tinemaha Elevation,3861.2
2026-09-13 13:28:57,Southern Owens Valley,LAA at Alabama Level,7.9
2026-09-13 13:28:57,Southern Owens Valley,LAA at Alabama Water Temp,68.5
2026-09-13 13:28:57,Southern Owens Valley,LAA at Cottonwood Level,8.9
2026-09-13 13:28:57,Southern Owens Valley,LAA at Cotton. Water Temp,71.1
2026-09-13 13:28:57,Southern Owens Valley,N. Haiwee Elevation,3756.8
2026-09-13 13:28:57,Southern Owens Valley,S. Haiwee Reservoir Elevation,3728.3
2026-09-13 13:28:57,Southern District,S. Haiwee Reservoir Elevation,3728.3
2026-09-13 13:28:57,Southern District,Fairmont Reservoir Elevation,3030.9
2026-09-13 13:28:57,Southern District,Bouquet Reservoir Elevation,2974.9
2026-09-13 13:43:58,Mono Basin,Lee Vining Intake Above Flow,32.7
2026-09-13 13:43:58,Mono Basin,Lee Vining Intake Below Flow,25.1
2026-09-13 13:43:58,Mono Basin,Walker Ck. Above Conduit Flow,3.0
2026-09-13 13:43:58,Mono Basin,L.V. Conduit Below Intake Flow,7.7
2026-09-13 13:43:58,Mono Basin,Walker Ck. Under Conduit Flow,4.0
2026-09-13 13:43:58,Mono Basin,Parker Ck. Under Conduit Flow,7.0
2026-09-13 13:43:58,Mono Basin,Parker Ck. Above Conduit Flow,8.0
2026-09-13 13:43:58,Mono Basin,Grant Lk. Spill Flow,0.0
2026-09-13 13:43:58,Mono Basin,Mono Gate 1 Return Ditch Flow,29.7
2026-09-13 13:43:58,Mono Basin,Grant Lk. Outflow,38.6
2026-09-13 13:43:58,Mono Basin,Rush Ck. at Damsite Flow,14.6
2026-09-13 13:43:58,Mono Basin,Flow to West Portal,10.6
2026-09-13 13:43:58,Long Valley,East Portal Flow,22.0
2026-09-13 13:43:58,Long Valley,OR Below EP Flow,66.0
2026-09-13 13:43:58,Long Valley,Hot Ck.at Hwy. Flow,4.0
2026-09-13 13:43:58,Long Valley,McGee Ck. Lower Sta. Flow,7.8
2026-09-13 13:43:58,Long Valley,Long Valley Current Outflow,576.8
2026-09-13 13:43:58,Long Valley,Rock Ck. Div. Flow,0.0
2026-09-13 13:43:58,Long Valley,Upper Gorge Total Release,35.9
2026-09-13 13:43:58,Long Valley,Release at Middle Gorge,0.0
2026-09-13 13:43:58,Northern Owens Valley,Rock Ck. At Owens River (PV) Flow,25.3
2026-09-13 13:43:58,Northern Owens Valley,Pleasant Valley Outflow,496.3
2026-09-13 13:43:58,Northern Owens Valley,Baker Ck. At LA Station Flow,6.3
2026-09-13 13:43:58,Northern Owens Valley,Big Pine Ck. USGS Flow,23.7
2026-09-13 13:43:58,Northern Owens Valley,O.R. Below Big Pine,467.2
2026-09-13 13:43:58,Northern Owens Valley,Fish Springs At RR Flow,37.8
2026-09-13 13:43:58,Northern Owens Valley,Tinemaha Reservoir Outflow,476.6
2026-09-13 13:43:58,Northern Owens Valley,Bishop Creek Through Plant 6,66.2
2026-09-13 13:43:58,Northern Owens Valley,Bishop Creek Around Plant 6,6.4
2026-09-13 13:43:58,Southern Owens Valley,Tinemaha Reservoir Outflow,476.6
2026-09-13 13:43:58,Southern Owens Valley,Indep. Ck. At Junction Flow,3.3
2026-09-13 13:43:58,Southern Owens Valley,LAA at Alabama Flow,411.0
2026-09-13 13:43:58,Southern Owens Valley,Cottonwood Ck. At LAA Flow,2.0
2026-09-13 13:43:58,Southern Owens Valley,LAA at Cottonwood Flow,453.0
2026-09-13 13:43:58,Southern Owens Valley,Haiwee LAA #1 Current Flow,0.0
2026-09-13 13:43:58,Southern Owens Valley,Haiwee LAA #2 Current Flow,239.5
2026-09-13 13:43:58,Southern Owens Valley,Reinhackel Flow,2.9
2026-09-13 13:43:58,Southern Owens Valley,Lubkin Spillgate Outflow,0.0
2026-09-13 13:43:58,Southern Owens Valley,Cartago Spillgate Outflow,12.9
2026-09-13 13:43:58,Southern Owens Valley,Lone Pine Creek Flow,7.4
2026-09-13 13:43:58,Lower Owens River Project,LORP Intake Flow,80.0
2026-09-13 13:43:58,Lower Owens River Project,LORP at Mazourka Canyon Road,0.0
2026-09-13 13:43:58,Lower Owens River Project,LORP at Reinhackle Springs,59.0
2026-09-13 13:43:58,Lower Owens River Project,LORP Above Pumpstation,48.0
2026-09-13 13:43:58,Lower Owens River Project,LORP At Pump Station Discharge Flow,37.0
2026-09-13 13:43:58,Southern District,Haiwee LAA #2 Current Flow,239.5
2026-09-13 13:43:58,Southern District,Haiwee LAA #1 Current Flow,0.0
2026-09-13 13:43:59,Mono Basin,Mono Lk. Elevation,6381.8
2026-09-13 13:43:59,Mono Basin,Grant Lk. Elevation,7128.6
2026-09-13 13:43:59,Long Valley,Long Valley Elevation,6768.3
2026-09-13 13:43:59,Northern Owens Valley,Pleasant Valley Elevation,4379.3
2026-09-13 13:43:59,Southern Owens Valley,LAA at Alabama Level,7.9
2026-09-13 13:43:59,Southern Owens Valley,LAA at Alabama Water Temp,68.5
2026-09-13 13:43:59,Southern Owens Valley,LAA at Cottonwood Level,8.9
2026-09-13 13:43:59,Southern Owens Valley,LAA at Cotton. Water Temp,71.4
2026-09-13 13:43:59,Southern Owens Valley,N. Haiwee Elevation,3756.8
2026-09-13 13:43:59,Southern Owens Valley,S. Haiwee Reservoir Elevation,3728.3
2026-09-13 13:43:59,Southern District,S. Haiwee Reservoir Elevation,3728.3
2026-09-13 13:43:59,Southern District,Fairmont Reservoir Elevation,3030.9
2026-09-13 13:43:59,Southern District,LAA #1 Flow at Fairmont Reservoir,261.7
2026-09-13 13:43:59,Southern District,LAA #2 Flow at Fairmont Res.,205.5
2026-09-13 13:43:59,Southern District,Bouquet Reservoir Elevation,2974.9
2026-09-13 13:43:59,Southern District,Bouquet Reservoir Inflow,0.0
2026-09-13 13:43:59,Southern District,Bouquet Reservoir Outflow,0.7
2026-09-13 13:43:59,Southern District,LAA #1 at Soledad Flow,131.9
2026-09-13 13:43:59,Southern District,LAA #2 at Soledad Flow,249.0
2026-09-13 13:58:56,Mono Basin,Lee Vining Intake Above Flow,32.7
2026-09-13 13:58:56,Mono Basin,Lee Vining Intake Below Flow,25.1
2026-09-13 13:58:56,Mono Basin,Walker Ck. Above Conduit Flow,3.0
2026-09-13 13:58:56,Mono Basin,L.V. Conduit Below Intake Flow,7.7
2026-09-13 13:58:56,Mono Basin,Walker Ck. Under Conduit Flow,4.0
2026-09-13 13:58:56,Mono Basin,Parker Ck. Under Conduit Flow,7.0
2026-09-13 13:58:56,Mono Basin,Parker Ck. Above Conduit Flow,8.0
2026-09-13 13:58:56,Mono Basin,Grant Lk. Spill Flow,0.0
2026-09-13 13:58:56,Mono Basin,Grant Lk. Outflow,38.6
2026-09-13 13:58:56,Mono Basin,Rush Ck. at Damsite Flow,14.6
2026-09-13 13:58:56,Mono Basin,Flow to West Portal,10.6
2026-09-13 13:58:56,Long Valley,East Portal Flow,22.0
2026-09-13 13:58:56,Long Valley,OR Below EP Flow,66.0
2026-09-13 13:58:56,Long Valley,Hot Ck.at Hwy. Flow,4.0
2026-09-13 13:58:56,Long Valley,McGee Ck. Lower Sta. Flow,7.8
2026-09-13 13:58:56,Long Valley,Long Valley Current Outflow,574.9
2026-09-13 13:58:56,Long Valley,Rock Ck. Div. Flow,0.0
2026-09-13 13:58:56,Long Valley,Upper Gorge Total Release,35.6
2026-09-13 13:58:56,Long Valley,Release at Middle Gorge,0.0
2026-09-13 13:58:56,Northern Owens Valley,Rock Ck. At Owens River (PV) Flow,25.3
2026-09-13 13:58:56,Northern Owens Valley,Pleasant Valley Outflow,496.2
2026-09-13 13:58:56,Northern Owens Valley,Baker Ck. At LA Station Flow,6.3
2026-09-13 13:58:56,Northern Owens Valley,Big Pine Ck. USGS Flow,23.3
2026-09-13 13:58:56,Northern Owens Valley,O.R. Below Big Pine,467.9
2026-09-13 13:58:56,Northern Owens Valley,Fish Springs At RR Flow,37.8
2026-09-13 13:58:56,Northern Owens Valley,Tinemaha Reservoir Outflow,476.6
2026-09-13 13:58:56,Northern Owens Valley,Bishop Creek Through Plant 6,66.2
2026-09-13 13:58:56,Northern Owens Valley,Bishop Creek Around Plant 6,6.4
2026-09-13 13:58:56,Southern Owens Valley,Tinemaha Reservoir Outflow,476.6
2026-09-13 13:58:56,Southern Owens Valley,Indep. Ck. At Junction Flow,3.3
2026-09-13 13:58:56,Southern Owens Valley,LAA at Alabama Flow,411.0
2026-09-13 13:58:56,Southern Owens Valley,Cottonwood Ck. At LAA Flow,2.0
2026-09-13 13:58:56,Southern Owens Valley,LAA at Cottonwood Flow,453.0
2026-09-13 13:58:56,Southern Owens Valley,Haiwee LAA #1 Current Flow,0.0
2026-09-13 13:58:56,Southern Owens Valley,Haiwee LAA #2 Current Flow,239.5
2026-09-13 13:58:56,Southern Owens Valley,Reinhackel Flow,2.9
2026-09-13 13:58:56,Southern Owens Valley,Lubkin Spillgate Outflow,0.0
2026-09-13 13:58:56,Southern Owens Valley,Cartago Spillgate Outflow,11.9
2026-09-13 13:58:56,Southern Owens Valley,Lone Pine Creek Flow,7.4
2026-09-13 13:58:56,Lower Owens River Project,LORP Intake Flow,80.0
2026-09-13 13:58:56,Lower Owens River Project,LORP at Mazourka Canyon Road,0.0
2026-09-13 13:58:56,Lower Owens River Project,LORP at Reinhackle Springs,59.0
2026-09-13 13:58:56,Lower Owens River Project,LORP Above Pumpstation,49.0
2026-09-13 13:58:56,Lower Owens River Project,LORP At Pump Station Discharge Flow,37.0
2026-09-13 13:58:56,Southern District,Haiwee LAA #2 Current Flow,239.5
2026-09-13 13:58:56,Southern District,Haiwee LAA #1 Current Flow,0.0
2026-09-13 13:58:57,Mono Basin,Mono Lk. Elevation,6381.8
2026-09-13 13:58:57,Mono Basin,Mono Gate 1 Return Ditch Flow,29.7
2026-09-13 13:58:57,Mono Basin,Grant Lk. Elevation,7128.6
2026-09-13 13:58:57,Long Valley,Long Valley Elevation,6768.3
2026-09-13 13:58:57,Northern Owens Valley,Pleasant Valley Elevation,4379.4
2026-09-13 13:58:57,Northern Owens Valley,Tinemaha Elevation,3861.2
2026-09-13 13:58:57,Southern Owens Valley,Tinemaha Elevation,3861.2
2026-09-13 13:58:57,Southern Owens Valley,LAA at Alabama Level,7.9
2026-09-13 13:58:57,Southern Owens Valley,LAA at Alabama Water Temp,68.5
2026-09-13 13:58:57,Southern Owens Valley,LAA at Cottonwood Level,8.9
2026-09-13 13:58:57,Southern Owens Valley,LAA at Cotton. Water Temp,71.4
2026-09-13 13:58:57,Southern Owens Valley,N. Haiwee Elevation,3756.8
2026-09-13 13:58:57,Southern Owens Valley,S. Haiwee Reservoir Elevation,3728.3
2026-09-13 13:58:57,Southern District,S. Haiwee Reservoir Elevation,3728.3
2026-09-13 13:58:57,Southern District,Fairmont Reservoir Elevation,3030.9
2026-09-13 13:58:57,Southern District,LAA #1 Flow at Fairmont Reservoir,259.3
2026-09-13 13:58:57,Southern District,LAA #2 Flow at Fairmont Res.,205.4
2026-09-13 13:58:57,Southern District,Bouquet Reservoir Elevation,2974.9
2026-09-13 13:58:57,Southern District,Bouquet Reservoir Inflow,0.0
2026-09-13 13:58:57,Southern District,Bouquet Reservoir Outflow,0.7
2026-09-13 13:58:57,Southern District,LAA #1 at Soledad Flow,131.9
2026-09-13 13:58:57,Southern District,LAA #2 at Soledad Flow,249.0
2026-09-13 14:13:57,Mono Basin,Lee Vining Intake Above Flow,32.7
2026-09-13 14:13:57,Mono Basin,Lee Vining Intake Below Flow,25.1
2026-09-13 14:13:57,Mono Basin,Mono Lk. Elevation,6381.8
2026-09-13 14:13:57,Mono Basin,Walker Ck. Above Conduit Flow,3.0
2026-09-13 14:13:57,Mono Basin,L.V. Conduit Below Intake Flow,7.7
2026-09-13 14:13:57,Mono Basin,Walker Ck. Under Conduit Flow,4.0
2026-09-13 14:13:57,Mono Basin,Parker Ck. Under Conduit Flow,7.0
2026-09-13 14:13:57,Mono Basin,Parker Ck. Above Conduit Flow,8.0
2026-09-13 14:13:57,Mono Basin,Grant Lk. Spill Flow,0.0
2026-09-13 14:13:57,Mono Basin,Mono Gate 1 Return Ditch Flow,29.7
2026-09-13 14:13:57,Mono Basin,Grant Lk. Elevation,7128.6
2026-09-13 14:13:57,Mono Basin,Grant Lk. Outflow,38.6
2026-09-13 14:13:57,Mono Basin,Rush Ck. at Damsite Flow,14.6
2026-09-13 14:13:57,Mono Basin,Flow to West Portal,10.6
2026-09-13 14:13:57,Long Valley,East Portal Flow,22.0
2026-09-13 14:13:57,Long Valley,OR Below EP Flow,66.0
2026-09-13 14:13:57,Long Valley,Hot Ck.at Hwy. Flow,4.0
2026-09-13 14:13:57,Long Valley,McGee Ck. Lower Sta. Flow,7.8
2026-09-13 14:13:57,Long Valley,Long Valley Elevation,6768.3
2026-09-13 14:13:57,Long Valley,Long Valley Current Outflow,574.9
2026-09-13 14:13:57,Long Valley,Rock Ck. Div. Flow,0.0
2026-09-13 14:13:57,Long Valley,Upper Gorge Total Release,36.0
2026-09-13 14:13:57,Long Valley,Release at Middle Gorge,0.0
2026-09-13 14:13:57,Northern Owens Valley,Rock Ck. At Owens River (PV) Flow,25.3
2026-09-13 14:13:57,Northern Owens Valley,Pleasant Valley Elevation,4379.4
2026-09-13 14:13:57,Northern Owens Valley,Pleasant Valley Outflow,496.3
2026-09-13 14:13:57,Northern Owens Valley,Baker Ck. At LA Station Flow,6.3
2026-09-13 14:13:57,Northern Owens Valley,Big Pine Ck. USGS Flow,23.3
2026-09-13 14:13:57,Northern Owens Valley,O.R. Below Big Pine,467.0
2026-09-13 14:13:57,Northern Owens Valley,Fish Springs At RR Flow,37.8
2026-09-13 14:13:57,Northern Owens Valley,Tinemaha Reservoir Outflow,476.6
2026-09-13 14:13:57,Northern Owens Valley,Bishop Creek Through Plant 6,66.2
2026-09-13 14:13:57,Northern Owens Valley,Bishop Creek Around Plant 6,6.4
2026-09-13 14:13:57,Southern Owens Valley,Tinemaha Reservoir Outflow,476.6
2026-09-13 14:13:57,Southern Owens Valley,Indep. Ck. At Junction Flow,3.3
2026-09-13 14:13:57,Southern Owens Valley,LAA at Alabama Flow,412.0
2026-09-13 14:13:57,Southern Owens Valley,LAA at Alabama Level,7.9
2026-09-13 14:13:57,Southern Owens Valley,LAA at Alabama Water Temp,69.0
2026-09-13 14:13:57,Southern Owens Valley,Cottonwood Ck. At LAA Flow,2.0
2026-09-13 14:13:57,Southern Owens Valley,LAA at Cottonwood Flow,452.0
2026-09-13 14:13:57,Southern Owens Valley,LAA at Cottonwood Level,8.9
2026-09-13 14:13:57,Southern Owens Valley,LAA at Cotton. Water Temp,71.6
2026-09-13 14:13:57,Southern Owens Valley,N. Haiwee Elevation,3756.8
2026-09-13 14:13:57,Southern Owens Valley,S. Haiwee Reservoir Elevation,3728.3
2026-09-13 14:13:57,Southern Owens Valley,Haiwee LAA #1 Current Flow,0.0
2026-09-13 14:13:57,Southern Owens Valley,Haiwee LAA #2 Current Flow,239.5
2026-09-13 14:13:57,Southern Owens Valley,Reinhackel Flow,2.9
2026-09-13 14:13:57,Southern Owens Valley,Lubkin Spillgate Outflow,0.0
2026-09-13 14:13:57,Southern Owens Valley,Cartago Spillgate Outflow,14.8
2026-09-13 14:13:57,Southern Owens Valley,Lone Pine Creek Flow,7.3
2026-09-13 14:13:57,Lower Owens River Project,LORP Intake Flow,80.0
2026-09-13 14:13:57,Lower Owens River Project,LORP at Mazourka Canyon Road,0.0
2026-09-13 14:13:57,Lower Owens River Project,LORP at Reinhackle Springs,59.0
2026-09-13 14:13:57,Lower Owens River Project,LORP Above Pumpstation,50.0
2026-09-13 14:13:57,Lower Owens River Project,LORP At Pump Station Discharge Flow,38.0
2026-09-13 14:13:57,Southern District,Haiwee LAA #2 Current Flow,239.5
2026-09-13 14:13:57,Southern District,S. Haiwee Reservoir Elevation,3728.3
2026-09-13 14:13:57,Southern District,Haiwee LAA #1 Current Flow,0.0
2026-09-13 14:13:57,Southern District,Fairmont Reservoir Elevation,3031.0
2026-09-13 14:13:57,Southern District,LAA #1 Flow at Fairmont Reservoir,257.7
2026-09-13 14:13:57,Southern District,LAA #2 Flow at Fairmont Res.,205.9
2026-09-13 14:13:57,Southern District,Bouquet Reservoir Elevation,2974.9
2026-09-13 14:13:57,Southern District,Bouquet Reservoir Inflow,0.0
2026-09-13 14:13:57,Southern District,Bouquet Reservoir Outflow,0.7
2026-09-13 14:13:57,Southern District,LAA #1 at Soledad Flow,131.9
2026-09-13 14:13:57,Southern District,LAA #2 at Soledad Flow,249.0
2026-09-13 14:28:57,Mono Basin,Lee Vining Intake Above Flow,32.7
2026-09-13 14:28:57,Mono Basin,Lee Vining Intake Below Flow,25.1
2026-09-13 14:28:57,Mono Basin,Walker Ck. Above Conduit Flow,3.0
2026-09-13 14:28:57,Mono Basin,L.V. Conduit Below Intake Flow,7.7
2026-09-13 14:28:57,Mono Basin,Walker Ck. Under Conduit Flow,4.0
2026-09-13 14:28:57,Mono Basin,Parker Ck. Under Conduit Flow,7.0
2026-09-13 14:28:57,Mono Basin,Parker Ck. Above Conduit Flow,8.0
2026-09-13 14:28:57,Mono Basin,Grant Lk. Spill Flow,0.0
2026-09-13 14:28:57,Mono Basin,Mono Gate 1 Return Ditch Flow,29.7
2026-09-13 14:28:57,Mono Basin,Grant Lk. Outflow,38.5
2026-09-13 14:28:57,Mono Basin,Rush Ck. at Damsite Flow,14.6
2026-09-13 14:28:57,Mono Basin,Flow to West Portal,10.6
2026-09-13 14:28:57,Long Valley,East Portal Flow,23.0
2026-09-13 14:28:57,Long Valley,OR Below EP Flow,66.0
2026-09-13 14:28:57,Long Valley,Hot Ck.at Hwy. Flow,4.0
2026-09-13 14:28:57,Long Valley,McGee Ck. Lower Sta. Flow,7.8
2026-09-13 14:28:57,Long Valley,Long Valley Current Outflow,575.2
2026-09-13 14:28:57,Long Valley,Rock Ck. Div. Flow,0.0
2026-09-13 14:28:57,Long Valley,Upper Gorge Total Release,35.9
2026-09-13 14:28:57,Long Valley,Release at Middle Gorge,0.0
2026-09-13 14:28:57,Northern Owens Valley,Rock Ck. At Owens River (PV) Flow,25.1
2026-09-13 14:28:57,Northern Owens Valley,Pleasant Valley Outflow,496.3
2026-09-13 14:28:57,Northern Owens Valley,Baker Ck. At LA Station Flow,6.3
2026-09-13 14:28:57,Northern Owens Valley,Big Pine Ck. USGS Flow,23.3
2026-09-13 14:28:57,Northern Owens Valley,O.R. Below Big Pine,466.6
2026-09-13 14:28:57,Northern Owens Valley,Fish Springs At RR Flow,37.8
2026-09-13 14:28:57,Northern Owens Valley,Tinemaha Reservoir Outflow,476.6
2026-09-13 14:28:57,Northern Owens Valley,Bishop Creek Through Plant 6,66.2
2026-09-13 14:28:57,Northern Owens Valley,Bishop Creek Around Plant 6,6.4
2026-09-13 14:28:57,Southern Owens Valley,Tinemaha Reservoir Outflow,476.6
2026-09-13 14:28:57,Southern Owens Valley,Indep. Ck. At Junction Flow,3.3
2026-09-13 14:28:57,Southern Owens Valley,LAA at Alabama Flow,412.0
2026-09-13 14:28:57,Southern Owens Valley,Cottonwood Ck. At LAA Flow,2.0
2026-09-13 14:28:57,Southern Owens Valley,LAA at Cottonwood Flow,452.0
2026-09-13 14:28:57,Southern Owens Valley,Haiwee LAA #1 Current Flow,0.0
2026-09-13 14:28:57,Southern Owens Valley,Haiwee LAA #2 Current Flow,239.5
2026-09-13 14:28:57,Southern Owens Valley,Reinhackel Flow,2.9
2026-09-13 14:28:57,Southern Owens Valley,Lubkin Spillgate Outflow,0.0
2026-09-13 14:28:57,Southern Owens Valley,Cartago Spillgate Outflow,12.4
2026-09-13 14:28:57,Southern Owens Valley,Lone Pine Creek Flow,7.3
2026-09-13 14:28:57,Lower Owens River Project,LORP Intake Flow,80.0
2026-09-13 14:28:57,Lower Owens River Project,LORP at Mazourka Canyon Road,0.0
2026-09-13 14:28:57,Lower Owens River Project,LORP at Reinhackle Springs,60.0
2026-09-13 14:28:57,Lower Owens River Project,LORP Above Pumpstation,58.0
2026-09-13 14:28:57,Lower Owens River Project,LORP At Pump Station Discharge Flow,48.0
2026-09-13 14:28:57,Southern District,Haiwee LAA #2 Current Flow,239.5
2026-09-13 14:28:57,Southern District,Haiwee LAA #1 Current Flow,0.0
2026-09-13 14:28:57,Southern District,LAA #1 Flow at Fairmont Reservoir,254.7
2026-09-13 14:28:57,Southern District,LAA #2 Flow at Fairmont Res.,205.4
2026-09-13 14:28:57,Southern District,Bouquet Reservoir Inflow,82.7
2026-09-13 14:28:57,Southern District,Bouquet Reservoir Outflow,0.7
2026-09-13 14:28:57,Southern District,LAA #1 at Soledad Flow,131.9
2026-09-13 14:28:57,Southern District,LAA #2 at Soledad Flow,249.0
2026-09-13 14:28:58,Mono Basin,Mono Lk. Elevation,6381.8
2026-09-13 14:28:58,Mono Basin,Grant Lk. Elevation,7128.6
2026-09-13 14:28:58,Long Valley,Long Valley Elevation,6768.3
2026-09-13 14:28:58,Northern Owens Valley,Pleasant Valley Elevation,4379.4
2026-09-13 14:28:58,Northern Owens Valley,Tinemaha Elevation,3861.2
2026-09-13 14:28:58,Southern Owens Valley,Tinemaha Elevation,3861.2
2026-09-13 14:28:58,Southern Owens Valley,LAA at Alabama Level,7.9
2026-09-13 14:28:58,Southern Owens Valley,LAA at Alabama Water Temp,69.0
2026-09-13 14:28:58,Southern Owens Valley,LAA at Cottonwood Level,8.9
2026-09-13 14:28:58,Southern Owens Valley,LAA at Cotton. Water Temp,71.6
2026-09-13 14:28:58,Southern Owens Valley,N. Haiwee Elevation,3756.8
2026-09-13 14:28:58,Southern Owens Valley,S. Haiwee Reservoir Elevation,3728.3
2026-09-13 14:28:58,Southern District,S. Haiwee Reservoir Elevation,3728.3
2026-09-13 14:28:58,Southern District,Fairmont Reservoir Elevation,3031.1
2026-09-13 14:28:58,Southern District,Bouquet Reservoir Elevation,2974.9
2026-09-13 14:43:58,Mono Basin,Lee Vining Intake Above Flow,32.4
2026-09-13 14:43:58,Mono Basin,Lee Vining Intake Below Flow,24.8
2026-09-13 14:43:58,Mono Basin,Mono Lk. Elevation,6381.8
2026-09-13 14:43:58,Mono Basin,Walker Ck. Above Conduit Flow,3.0
2026-09-13 14:43:58,Mono Basin,L.V. Conduit Below Intake Flow,9.7
2026-09-13 14:43:58,Mono Basin,Walker Ck. Under Conduit Flow,4.0
2026-09-13 14:43:58,Mono Basin,Parker Ck. Under Conduit Flow,7.0
2026-09-13 14:43:58,Mono Basin,Parker Ck. Above Conduit Flow,8.0
2026-09-13 14:43:58,Mono Basin,Grant Lk. Spill Flow,0.0
2026-09-13 14:43:58,Mono Basin,Mono Gate 1 Return Ditch Flow,29.7
2026-09-13 14:43:58,Mono Basin,Grant Lk. Elevation,7128.6
2026-09-13 14:43:58,Mono Basin,Grant Lk. Outflow,38.5
2026-09-13 14:43:58,Mono Basin,Rush Ck. at Damsite Flow,14.6
2026-09-13 14:43:58,Mono Basin,Flow to West Portal,10.6
2026-09-13 14:43:58,Long Valley,East Portal Flow,22.0
2026-09-13 14:43:58,Long Valley,OR Below EP Flow,66.0
2026-09-13 14:43:58,Long Valley,Hot Ck.at Hwy. Flow,4.0
2026-09-13 14:43:58,Long Valley,McGee Ck. Lower Sta. Flow,7.8
2026-09-13 14:43:58,Long Valley,Long Valley Elevation,6768.3
2026-09-13 14:43:58,Long Valley,Long Valley Current Outflow,575.2
2026-09-13 14:43:58,Long Valley,Rock Ck. Div. Flow,0.0
2026-09-13 14:43:58,Long Valley,Upper Gorge Total Release,35.1
2026-09-13 14:43:58,Long Valley,Release at Middle Gorge,0.0
2026-09-13 14:43:58,Northern Owens Valley,Rock Ck. At Owens River (PV) Flow,25.1
2026-09-13 14:43:58,Northern Owens Valley,Pleasant Valley Elevation,4379.4
2026-09-13 14:43:58,Northern Owens Valley,Pleasant Valley Outflow,497.0
2026-09-13 14:43:58,Northern Owens Valley,Baker Ck. At LA Station Flow,6.3
2026-09-13 14:43:58,Northern Owens Valley,Big Pine Ck. USGS Flow,23.3
2026-09-13 14:43:58,Northern Owens Valley,O.R. Below Big Pine,466.4
2026-09-13 14:43:58,Northern Owens Valley,Fish Springs At RR Flow,37.8
2026-09-13 14:43:58,Northern Owens Valley,Tinemaha Reservoir Outflow,476.6
2026-09-13 14:43:58,Northern Owens Valley,Bishop Creek Through Plant 6,66.2
2026-09-13 14:43:58,Northern Owens Valley,Bishop Creek Around Plant 6,6.4
2026-09-13 14:43:58,Southern Owens Valley,Tinemaha Reservoir Outflow,476.6
2026-09-13 14:43:58,Southern Owens Valley,Indep. Ck. At Junction Flow,3.3
2026-09-13 14:43:58,Southern Owens Valley,LAA at Alabama Flow,412.0
2026-09-13 14:43:58,Southern Owens Valley,LAA at Alabama Level,7.9
2026-09-13 14:43:58,Southern Owens Valley,LAA at Alabama Water Temp,69.0
2026-09-13 14:43:58,Southern Owens Valley,Cottonwood Ck. At LAA Flow,2.0
2026-09-13 14:43:58,Southern Owens Valley,LAA at Cottonwood Flow,452.0
2026-09-13 14:43:58,Southern Owens Valley,LAA at Cottonwood Level,8.9
2026-09-13 14:43:58,Southern Owens Valley,LAA at Cotton. Water Temp,71.8
2026-09-13 14:43:58,Southern Owens Valley,N. Haiwee Elevation,3756.8
2026-09-13 14:43:58,Southern Owens Valley,S. Haiwee Reservoir Elevation,3728.4
2026-09-13 14:43:58,Southern Owens Valley,Haiwee LAA #1 Current Flow,0.0
2026-09-13 14:43:58,Southern Owens Valley,Haiwee LAA #2 Current Flow,239.5
2026-09-13 14:43:58,Southern Owens Valley,Reinhackel Flow,2.9
2026-09-13 14:43:58,Southern Owens Valley,Lubkin Spillgate Outflow,0.0
2026-09-13 14:43:58,Southern Owens Valley,Cartago Spillgate Outflow,12.4
2026-09-13 14:43:58,Southern Owens Valley,Lone Pine Creek Flow,7.2
2026-09-13 14:43:58,Lower Owens River Project,LORP Intake Flow,79.0
2026-09-13 14:43:58,Lower Owens River Project,LORP at Mazourka Canyon Road,0.0
2026-09-13 14:43:58,Lower Owens River Project,LORP at Reinhackle Springs,60.0
2026-09-13 14:43:58,Lower Owens River Project,LORP Above Pumpstation,59.0
2026-09-13 14:43:58,Lower Owens River Project,LORP At Pump Station Discharge Flow,48.0
2026-09-13 14:43:58,Southern District,Haiwee LAA #2 Current Flow,239.5
2026-09-13 14:43:58,Southern District,S. Haiwee Reservoir Elevation,3728.4
2026-09-13 14:43:58,Southern District,Haiwee LAA #1 Current Flow,0.0
2026-09-13 14:43:58,Southern District,Fairmont Reservoir Elevation,3031.1
2026-09-13 14:43:58,Southern District,LAA #1 Flow at Fairmont Reservoir,254.7
2026-09-13 14:43:58,Southern District,LAA #2 Flow at Fairmont Res.,205.6
2026-09-13 14:43:58,Southern District,Bouquet Reservoir Elevation,2974.9
2026-09-13 14:43:58,Southern District,Bouquet Reservoir Inflow,74.8
2026-09-13 14:43:58,Southern District,Bouquet Reservoir Outflow,0.7
2026-09-13 14:43:58,Southern District,LAA #1 at Soledad Flow,131.9
2026-09-13 14:43:58,Southern District,LAA #2 at Soledad Flow,249.0
2026-09-13 14:58:57,Mono Basin,Lee Vining Intake Above Flow,32.4
2026-09-13 14:58:57,Mono Basin,Lee Vining Intake Below Flow,24.8
2026-09-13 14:58:57,Mono Basin,Mono Lk. Elevation,6381.8
2026-09-13 14:58:57,Mono Basin,Walker Ck. Above Conduit Flow,3.0
2026-09-13 14:58:57,Mono Basin,L.V. Conduit Below Intake Flow,9.7
2026-09-13 14:58:57,Mono Basin,Walker Ck. Under Conduit Flow,4.0
2026-09-13 14:58:57,Mono Basin,Parker Ck. Under Conduit Flow,7.0
2026-09-13 14:58:57,Mono Basin,Parker Ck. Above Conduit Flow,8.0
2026-09-13 14:58:57,Mono Basin,Grant Lk. Spill Flow,0.0
2026-09-13 14:58:57,Mono Basin,Mono Gate 1 Return Ditch Flow,29.7
2026-09-13 14:58:57,Mono Basin,Grant Lk. Elevation,7128.6
2026-09-13 14:58:57,Mono Basin,Grant Lk. Outflow,38.5
2026-09-13 14:58:57,Mono Basin,Rush Ck. at Damsite Flow,14.6
2026-09-13 14:58:57,Mono Basin,Flow to West Portal,10.6
2026-09-13 14:58:57,Long Valley,East Portal Flow,23.0
2026-09-13 14:58:57,Long Valley,OR Below EP Flow,65.0
2026-09-13 14:58:57,Long Valley,Hot Ck.at Hwy. Flow,4.0
2026-09-13 14:58:57,Long Valley,McGee Ck. Lower Sta. Flow,7.8
2026-09-13 14:58:57,Long Valley,Long Valley Elevation,6768.3
2026-09-13 14:58:57,Long Valley,Long Valley Current Outflow,575.2
2026-09-13 14:58:57,Long Valley,Rock Ck. Div. Flow,0.0
2026-09-13 14:58:57,Long Valley,Upper Gorge Total Release,36.1
2026-09-13 14:58:57,Long Valley,Release at Middle Gorge,0.0
2026-09-13 14:58:57,Northern Owens Valley,Rock Ck. At Owens River (PV) Flow,25.0
2026-09-13 14:58:57,Northern Owens Valley,Pleasant Valley Elevation,4379.5
2026-09-13 14:58:57,Northern Owens Valley,Pleasant Valley Outflow,497.2
2026-09-13 14:58:57,Northern Owens Valley,Baker Ck. At LA Station Flow,6.3
2026-09-13 14:58:57,Northern Owens Valley,Big Pine Ck. USGS Flow,23.3
2026-09-13 14:58:57,Northern Owens Valley,O.R. Below Big Pine,466.8
2026-09-13 14:58:57,Northern Owens Valley,Fish Springs At RR Flow,37.8
2026-09-13 14:58:57,Northern Owens Valley,Tinemaha Elevation,3861.2
2026-09-13 14:58:57,Northern Owens Valley,Tinemaha Reservoir Outflow,476.6
2026-09-13 14:58:57,Northern Owens Valley,Bishop Creek Through Plant 6,66.2
2026-09-13 14:58:57,Northern Owens Valley,Bishop Creek Around Plant 6,6.4
2026-09-13 14:58:57,Southern Owens Valley,Tinemaha Elevation,3861.2
2026-09-13 14:58:57,Southern Owens Valley,Tinemaha Reservoir Outflow,476.6
2026-09-13 14:58:57,Southern Owens Valley,Indep. Ck. At Junction Flow,3.3
2026-09-13 14:58:57,Southern Owens Valley,LAA at Alabama Flow,411.0
2026-09-13 14:58:57,Southern Owens Valley,LAA at Alabama Level,7.9
2026-09-13 14:58:57,Southern Owens Valley,LAA at Alabama Water Temp,69.4
2026-09-13 14:58:57,Southern Owens Valley,Cottonwood Ck. At LAA Flow,2.0
2026-09-13 14:58:57,Southern Owens Valley,LAA at Cottonwood Flow,452.0
2026-09-13 14:58:57,Southern Owens Valley,LAA at Cottonwood Level,8.9
2026-09-13 14:58:57,Southern Owens Valley,LAA at Cotton. Water Temp,71.8
2026-09-13 14:58:57,Southern Owens Valley,N. Haiwee Elevation,3756.8
2026-09-13 14:58:57,Southern Owens Valley,S. Haiwee Reservoir Elevation,3728.4
2026-09-13 14:58:57,Southern Owens Valley,Haiwee LAA #1 Current Flow,0.0
2026-09-13 14:58:57,Southern Owens Valley,Haiwee LAA #2 Current Flow,239.5
2026-09-13 14:58:57,Southern Owens Valley,Reinhackel Flow,2.9
2026-09-13 14:58:57,Southern Owens Valley,Lubkin Spillgate Outflow,0.0
2026-09-13 14:58:57,Southern Owens Valley,Cartago Spillgate Outflow,12.8
2026-09-13 14:58:57,Southern Owens Valley,Lone Pine Creek Flow,7.2
2026-09-13 14:58:57,Lower Owens River Project,LORP Intake Flow,79.0
2026-09-13 14:58:57,Lower Owens River Project,LORP at Mazourka Canyon Road,0.0
2026-09-13 14:58:57,Lower Owens River Project,LORP at Reinhackle Springs,60.0
2026-09-13 14:58:57,Lower Owens River Project,LORP Above Pumpstation,59.0
2026-09-13 14:58:57,Lower Owens River Project,LORP At Pump Station Discharge Flow,48.0
2026-09-13 14:58:57,Southern District,Haiwee LAA #2 Current Flow,239.5
2026-09-13 14:58:57,Southern District,S. Haiwee Reservoir Elevation,3728.4
2026-09-13 14:58:57,Southern District,Haiwee LAA #1 Current Flow,0.0
2026-09-13 14:58:57,Southern District,Fairmont Reservoir Elevation,3031.1
2026-09-13 14:58:57,Southern District,LAA #1 Flow at Fairmont Reservoir,250.2
2026-09-13 14:58:57,Southern District,LAA #2 Flow at Fairmont Res.,205.9
2026-09-13 14:58:57,Southern District,Bouquet Reservoir Elevation,2974.9
2026-09-13 14:58:57,Southern District,Bouquet Reservoir Inflow,91.4
2026-09-13 14:58:57,Southern District,Bouquet Reservoir Outflow,0.7
2026-09-13 14:58:57,Southern District,LAA #1 at Soledad Flow,131.9
2026-09-13 14:58:57,Southern District,LAA #2 at Soledad Flow,249.0
2026-09-13 15:13:58,Mono Basin,Lee Vining Intake Above Flow,32.4
2026-09-13 15:13:58,Mono Basin,Lee Vining Intake Below Flow,24.8
2026-09-13 15:13:58,Mono Basin,Mono Lk. Elevation,6381.8
2026-09-13 15:13:58,Mono Basin,Walker Ck. Above Conduit Flow,3.0
2026-09-13 15:13:58,Mono Basin,L.V. Conduit Below Intake Flow,9.7
2026-09-13 15:13:58,Mono Basin,Walker Ck. Under Conduit Flow,3.0
2026-09-13 15:13:58,Mono Basin,Parker Ck. Under Conduit Flow,7.0
2026-09-13 15:13:58,Mono Basin,Parker Ck. Above Conduit Flow,8.0
2026-09-13 15:13:58,Mono Basin,Grant Lk. Spill Flow,0.0
2026-09-13 15:13:58,Mono Basin,Mono Gate 1 Return Ditch Flow,29.7
2026-09-13 15:13:58,Mono Basin,Grant Lk. Elevation,7128.6
2026-09-13 15:13:58,Mono Basin,Grant Lk. Outflow,38.5
2026-09-13 15:13:58,Mono Basin,Rush Ck. at Damsite Flow,14.6
2026-09-13 15:13:58,Mono Basin,Flow to West Portal,10.7
2026-09-13 15:13:58,Long Valley,East Portal Flow,22.0
2026-09-13 15:13:58,Long Valley,OR Below EP Flow,66.0
2026-09-13 15:13:58,Long Valley,Hot Ck.at Hwy. Flow,4.0
2026-09-13 15:13:58,Long Valley,McGee Ck. Lower Sta. Flow,7.6
2026-09-13 15:13:58,Long Valley,Long Valley Elevation,6768.3
2026-09-13 15:13:58,Long Valley,Long Valley Current Outflow,575.2
2026-09-13 15:13:58,Long Valley,Rock Ck. Div. Flow,0.0
2026-09-13 15:13:58,Long Valley,Upper Gorge Total Release,35.5
2026-09-13 15:13:58,Long Valley,Release at Middle Gorge,0.0
2026-09-13 15:13:58,Northern Owens Valley,Rock Ck. At Owens River (PV) Flow,24.9
2026-09-13 15:13:58,Northern Owens Valley,Pleasant Valley Elevation,4379.5
2026-09-13 15:13:58,Northern Owens Valley,Pleasant Valley Outflow,496.7
2026-09-13 15:13:58,Northern Owens Valley,Baker Ck. At LA Station Flow,6.3
2026-09-13 15:13:58,Northern Owens Valley,Big Pine Ck. USGS Flow,23.3
2026-09-13 15:13:58,Northern Owens Valley,O.R. Below Big Pine,465.9
2026-09-13 15:13:58,Northern Owens Valley,Fish Springs At RR Flow,37.8
2026-09-13 15:13:58,Northern Owens Valley,Tinemaha Reservoir Outflow,475.8
2026-09-13 15:13:58,Northern Owens Valley,Bishop Creek Through Plant 6,66.2
2026-09-13 15:13:58,Northern Owens Valley,Bishop Creek Around Plant 6,6.4
2026-09-13 15:13:58,Southern Owens Valley,Tinemaha Reservoir Outflow,475.8
2026-09-13 15:13:58,Southern Owens Valley,Indep. Ck. At Junction Flow,3.3
2026-09-13 15:13:58,Southern Owens Valley,LAA at Alabama Flow,411.0
2026-09-13 15:13:58,Southern Owens Valley,LAA at Alabama Level,7.9
2026-09-13 15:13:58,Southern Owens Valley,LAA at Alabama Water Temp,69.3
2026-09-13 15:13:58,Southern Owens Valley,Cottonwood Ck. At LAA Flow,2.0
2026-09-13 15:13:58,Southern Owens Valley,LAA at Cottonwood Flow,452.0
2026-09-13 15:13:58,Southern Owens Valley,LAA at Cottonwood Level,8.8
2026-09-13 15:13:58,Southern Owens Valley,LAA at Cotton. Water Temp,71.9
2026-09-13 15:13:58,Southern Owens Valley,N. Haiwee Elevation,3756.8
2026-09-13 15:13:58,Southern Owens Valley,S. Haiwee Reservoir Elevation,3728.4
2026-09-13 15:13:58,Southern Owens Valley,Haiwee LAA #1 Current Flow,0.0
2026-09-13 15:13:58,Southern Owens Valley,Haiwee LAA #2 Current Flow,239.5
2026-09-13 15:13:58,Southern Owens Valley,Reinhackel Flow,2.9
2026-09-13 15:13:58,Southern Owens Valley,Lubkin Spillgate Outflow,0.0
2026-09-13 15:13:58,Southern Owens Valley,Cartago Spillgate Outflow,12.8
2026-09-13 15:13:58,Southern Owens Valley,Lone Pine Creek Flow,7.1
2026-09-13 15:13:58,Lower Owens River Project,LORP Intake Flow,79.0
2026-09-13 15:13:58,Lower Owens River Project,LORP at Mazourka Canyon Road,0.0
2026-09-13 15:13:58,Lower Owens River Project,LORP at Reinhackle Springs,60.0
2026-09-13 15:13:58,Lower Owens River Project,LORP Above Pumpstation,58.0
2026-09-13 15:13:58,Lower Owens River Project,LORP At Pump Station Discharge Flow,48.0
2026-09-13 15:13:58,Southern District,Haiwee LAA #2 Current Flow,239.5
2026-09-13 15:13:58,Southern District,S. Haiwee Reservoir Elevation,3728.4
2026-09-13 15:13:58,Southern District,Haiwee LAA #1 Current Flow,0.0
2026-09-13 15:13:58,Southern District,Fairmont Reservoir Elevation,3031.1
2026-09-13 15:13:58,Southern District,LAA #1 Flow at Fairmont Reservoir,250.1
2026-09-13 15:13:58,Southern District,LAA #2 Flow at Fairmont Res.,205.8
2026-09-13 15:13:58,Southern District,Bouquet Reservoir Elevation,2975.0
2026-09-13 15:13:58,Southern District,Bouquet Reservoir Inflow,100.6
2026-09-13 15:13:58,Southern District,Bouquet Reservoir Outflow,0.7
2026-09-13 15:13:58,Southern District,LAA #1 at Soledad Flow,131.9
2026-09-13 15:13:58,Southern District,LAA #2 at Soledad Flow,249.0
2026-09-13 15:28:58,Northern Owens Valley,Tinemaha Reservoir Outflow,475.8
2026-09-13 15:28:58,Southern Owens Valley,Tinemaha Reservoir Outflow,475.8
2026-09-13 15:28:58,Southern Owens Valley,Indep. Ck. At Junction Flow,3.3
2026-09-13 15:28:58,Southern Owens Valley,LAA at Alabama Flow,411.0
2026-09-13 15:28:58,Southern Owens Valley,Cottonwood Ck. At LAA Flow,2.0
2026-09-13 15:28:58,Southern Owens Valley,LAA at Cottonwood Flow,452.0
2026-09-13 15:28:58,Southern Owens Valley,Lone Pine Creek Flow,7.1
2026-09-13 15:28:58,Lower Owens River Project,LORP Intake Flow,79.0
2026-09-13 15:28:59,Mono Basin,Lee Vining Intake Above Flow,32.4
2026-09-13 15:28:59,Mono Basin,Lee Vining Intake Below Flow,24.8
2026-09-13 15:28:59,Mono Basin,Mono Lk. Elevation,6381.8
2026-09-13 15:28:59,Mono Basin,Walker Ck. Above Conduit Flow,3.0
2026-09-13 15:28:59,Mono Basin,L.V. Conduit Below Intake Flow,9.7
2026-09-13 15:28:59,Mono Basin,Walker Ck. Under Conduit Flow,3.0
2026-09-13 15:28:59,Mono Basin,Parker Ck. Under Conduit Flow,7.0
2026-09-13 15:28:59,Mono Basin,Parker Ck. Above Conduit Flow,8.0
2026-09-13 15:28:59,Mono Basin,Grant Lk. Spill Flow,0.0
2026-09-13 15:28:59,Mono Basin,Mono Gate 1 Return Ditch Flow,29.7
2026-09-13 15:28:59,Mono Basin,Grant Lk. Elevation,7128.6
2026-09-13 15:28:59,Mono Basin,Grant Lk. Outflow,38.9
2026-09-13 15:28:59,Mono Basin,Rush Ck. at Damsite Flow,12.6
2026-09-13 15:28:59,Mono Basin,Flow to West Portal,10.7
2026-09-13 15:28:59,Long Valley,East Portal Flow,22.0
2026-09-13 15:28:59,Long Valley,OR Below EP Flow,66.0
2026-09-13 15:28:59,Long Valley,Hot Ck.at Hwy. Flow,4.0
2026-09-13 15:28:59,Long Valley,McGee Ck. Lower Sta. Flow,7.6
2026-09-13 15:28:59,Long Valley,Long Valley Elevation,6768.3
2026-09-13 15:28:59,Long Valley,Long Valley Current Outflow,575.4
2026-09-13 15:28:59,Long Valley,Rock Ck. Div. Flow,0.0
2026-09-13 15:28:59,Long Valley,Upper Gorge Total Release,35.3
2026-09-13 15:28:59,Long Valley,Release at Middle Gorge,0.0
2026-09-13 15:28:59,Northern Owens Valley,Rock Ck. At Owens River (PV) Flow,24.9
2026-09-13 15:28:59,Northern Owens Valley,Pleasant Valley Elevation,4379.6
2026-09-13 15:28:59,Northern Owens Valley,Pleasant Valley Outflow,497.7
2026-09-13 15:28:59,Northern Owens Valley,Baker Ck. At LA Station Flow,6.3
2026-09-13 15:28:59,Northern Owens Valley,Big Pine Ck. USGS Flow,23.3
2026-09-13 15:28:59,Northern Owens Valley,O.R. Below Big Pine,464.6
2026-09-13 15:28:59,Northern Owens Valley,Fish Springs At RR Flow,37.8
2026-09-13 15:28:59,Northern Owens Valley,Tinemaha Elevation,3861.2
2026-09-13 15:28:59,Northern Owens Valley,Bishop Creek Through Plant 6,66.2
2026-09-13 15:28:59,Northern Owens Valley,Bishop Creek Around Plant 6,6.4
2026-09-13 15:28:59,Southern Owens Valley,Tinemaha Elevation,3861.2
2026-09-13 15:28:59,Southern Owens Valley,LAA at Alabama Level,7.9
2026-09-13 15:28:59,Southern Owens Valley,LAA at Alabama Water Temp,69.3
2026-09-13 15:28:59,Southern Owens Valley,LAA at Cottonwood Level,8.8
2026-09-13 15:28:59,Southern Owens Valley,LAA at Cotton. Water Temp,71.9
2026-09-13 15:28:59,Southern Owens Valley,N. Haiwee Elevation,3756.8
2026-09-13 15:28:59,Southern Owens Valley,S. Haiwee Reservoir Elevation,3728.4
2026-09-13 15:28:59,Southern Owens Valley,Haiwee LAA #1 Current Flow,0.0
2026-09-13 15:28:59,Southern Owens Valley,Haiwee LAA #2 Current Flow,239.5
2026-09-13 15:28:59,Southern Owens Valley,Reinhackel Flow,2.9
2026-09-13 15:28:59,Southern Owens Valley,Lubkin Spillgate Outflow,0.0
2026-09-13 15:28:59,Southern Owens Valley,Cartago Spillgate Outflow,11.8
2026-09-13 15:28:59,Lower Owens River Project,LORP at Mazourka Canyon Road,0.0
2026-09-13 15:28:59,Lower Owens River Project,LORP at Reinhackle Springs,59.0
2026-09-13 15:28:59,Lower Owens River Project,LORP Above Pumpstation,48.0
2026-09-13 15:28:59,Lower Owens River Project,LORP At Pump Station Discharge Flow,37.0
2026-09-13 15:28:59,Southern District,Haiwee LAA #2 Current Flow,239.5
2026-09-13 15:28:59,Southern District,S. Haiwee Reservoir Elevation,3728.4
2026-09-13 15:28:59,Southern District,Haiwee LAA #1 Current Flow,0.0
2026-09-13 15:28:59,Southern District,Fairmont Reservoir Elevation,3031.1
2026-09-13 15:28:59,Southern District,LAA #1 Flow at Fairmont Reservoir,248.5
2026-09-13 15:28:59,Southern District,LAA #2 Flow at Fairmont Res.,205.9
2026-09-13 15:28:59,Southern District,Bouquet Reservoir Elevation,2975.0
2026-09-13 15:28:59,Southern District,Bouquet Reservoir Inflow,102.6
2026-09-13 15:28:59,Southern District,Bouquet Reservoir Outflow,0.7
2026-09-13 15:28:59,Southern District,LAA #1 at Soledad Flow,131.9
2026-09-13 15:28:59,Southern District,LAA #2 at Soledad Flow,249.0
2026-09-13 15:43:58,Mono Basin,Lee Vining Intake Above Flow,32.4
2026-09-13 15:43:58,Mono Basin,Lee Vining Intake Below Flow,24.8
2026-09-13 15:43:58,Mono Basin,Walker Ck. Above Conduit Flow,3.0
2026-09-13 15:43:58,Mono Basin,L.V. Conduit Below Intake Flow,9.7
2026-09-13 15:43:58,Mono Basin,Walker Ck. Under Conduit Flow,3.0
2026-09-13 15:43:58,Mono Basin,Parker Ck. Under Conduit Flow,7.0
2026-09-13 15:43:58,Mono Basin,Parker Ck. Above Conduit Flow,8.0
2026-09-13 15:43:58,Mono Basin,Grant Lk. Spill Flow,0.0
2026-09-13 15:43:58,Mono Basin,Mono Gate 1 Return Ditch Flow,29.7
2026-09-13 15:43:58,Mono Basin,Grant Lk. Outflow,38.9
2026-09-13 15:43:58,Mono Basin,Rush Ck. at Damsite Flow,12.6
2026-09-13 15:43:58,Mono Basin,Flow to West Portal,10.7
2026-09-13 15:43:58,Long Valley,East Portal Flow,22.0
2026-09-13 15:43:58,Long Valley,OR Below EP Flow,66.0
2026-09-13 15:43:58,Long Valley,Hot Ck.at Hwy. Flow,4.0
2026-09-13 15:43:58,Long Valley,McGee Ck. Lower Sta. Flow,7.6
2026-09-13 15:43:58,Long Valley,Long Valley Current Outflow,575.4
2026-09-13 15:43:58,Long Valley,Rock Ck. Div. Flow,0.0
2026-09-13 15:43:58,Long Valley,Upper Gorge Total Release,36.3
2026-09-13 15:43:58,Long Valley,Release at Middle Gorge,0.0
2026-09-13 15:43:58,Northern Owens Valley,Rock Ck. At Owens River (PV) Flow,24.9
2026-09-13 15:43:58,Northern Owens Valley,Pleasant Valley Outflow,497.7
2026-09-13 15:43:58,Northern Owens Valley,Baker Ck. At LA Station Flow,6.3
2026-09-13 15:43:58,Northern Owens Valley,Big Pine Ck. USGS Flow,22.7
2026-09-13 15:43:58,Northern Owens Valley,O.R. Below Big Pine,465.4
2026-09-13 15:43:58,Northern Owens Valley,Fish Springs At RR Flow,37.8
2026-09-13 15:43:58,Northern Owens Valley,Tinemaha Reservoir Outflow,475.8
2026-09-13 15:43:58,Northern Owens Valley,Bishop Creek Through Plant 6,66.1
2026-09-13 15:43:58,Northern Owens Valley,Bishop Creek Around Plant 6,6.6
2026-09-13 15:43:58,Southern Owens Valley,Tinemaha Reservoir Outflow,475.8
2026-09-13 15:43:58,Southern Owens Valley,Indep. Ck. At Junction Flow,3.3
2026-09-13 15:43:58,Southern Owens Valley,LAA at Alabama Flow,411.0
2026-09-13 15:43:58,Southern Owens Valley,Cottonwood Ck. At LAA Flow,2.0
2026-09-13 15:43:58,Southern Owens Valley,LAA at Cottonwood Flow,451.0
2026-09-13 15:43:58,Southern Owens Valley,Haiwee LAA #1 Current Flow,0.0
2026-09-13 15:43:58,Southern Owens Valley,Haiwee LAA #2 Current Flow,239.5
2026-09-13 15:43:58,Southern Owens Valley,Reinhackel Flow,2.9
2026-09-13 15:43:58,Southern Owens Valley,Lubkin Spillgate Outflow,0.0
2026-09-13 15:43:58,Southern Owens Valley,Cartago Spillgate Outflow,11.8
2026-09-13 15:43:58,Southern Owens Valley,Lone Pine Creek Flow,7.2
2026-09-13 15:43:58,Lower Owens River Project,LORP Intake Flow,79.0
2026-09-13 15:43:58,Lower Owens River Project,LORP at Mazourka Canyon Road,0.0
2026-09-13 15:43:58,Lower Owens River Project,LORP at Reinhackle Springs,59.0
2026-09-13 15:43:58,Lower Owens River Project,LORP Above Pumpstation,49.0
2026-09-13 15:43:58,Lower Owens River Project,LORP At Pump Station Discharge Flow,38.0
2026-09-13 15:43:58,Southern District,Haiwee LAA #2 Current Flow,239.5
2026-09-13 15:43:58,Southern District,Haiwee LAA #1 Current Flow,0.0
2026-09-13 15:43:58,Southern District,LAA #1 Flow at Fairmont Reservoir,245.2
2026-09-13 15:43:58,Southern District,LAA #2 Flow at Fairmont Res.,205.8
2026-09-13 15:43:58,Southern District,Bouquet Reservoir Inflow,90.4
2026-09-13 15:43:58,Southern District,Bouquet Reservoir Outflow,0.7
2026-09-13 15:43:58,Southern District,LAA #1 at Soledad Flow,131.9
2026-09-13 15:43:58,Southern District,LAA #2 at Soledad Flow,249.0
2026-09-13 15:43:59,Mono Basin,Mono Lk. Elevation,6381.8
2026-09-13 15:43:59,Mono Basin,Grant Lk. Elevation,7128.6
2026-09-13 15:43:59,Long Valley,Long Valley Elevation,6768.3
2026-09-13 15:43:59,Northern Owens Valley,Pleasant Valley Elevation,4379.6
2026-09-13 15:43:59,Southern Owens Valley,LAA at Alabama Level,7.9
2026-09-13 15:43:59,Southern Owens Valley,LAA at Alabama Water Temp,69.3
2026-09-13 15:43:59,Southern Owens Valley,LAA at Cottonwood Level,8.8
2026-09-13 15:43:59,Southern Owens Valley,LAA at Cotton. Water Temp,72.0
2026-09-13 15:43:59,Southern Owens Valley,N. Haiwee Elevation,3756.8
2026-09-13 15:43:59,Southern Owens Valley,S. Haiwee Reservoir Elevation,3728.4
2026-09-13 15:43:59,Southern District,S. Haiwee Reservoir Elevation,3728.4
2026-09-13 15:43:59,Southern District,Fairmont Reservoir Elevation,3031.0
2026-09-13 15:43:59,Southern District,Bouquet Reservoir Elevation,2975.0
2026-09-13 15:58:57,Mono Basin,Lee Vining Intake Above Flow,32.4
2026-09-13 15:58:57,Mono Basin,Lee Vining Intake Below Flow,24.8
2026-09-13 15:58:57,Mono Basin,Mono Lk. Elevation,6381.8
2026-09-13 15:58:57,Mono Basin,Walker Ck. Above Conduit Flow,3.0
2026-09-13 15:58:57,Mono Basin,L.V. Conduit Below Intake Flow,9.7
2026-09-13 15:58:57,Mono Basin,Walker Ck. Under Conduit Flow,3.0
2026-09-13 15:58:57,Mono Basin,Parker Ck. Under Conduit Flow,7.0
2026-09-13 15:58:57,Mono Basin,Parker Ck. Above Conduit Flow,8.0
2026-09-13 15:58:57,Mono Basin,Grant Lk. Spill Flow,0.0
2026-09-13 15:58:57,Mono Basin,Mono Gate 1 Return Ditch Flow,29.7
2026-09-13 15:58:57,Mono Basin,Grant Lk. Elevation,7128.6
2026-09-13 15:58:57,Mono Basin,Grant Lk. Outflow,38.9
2026-09-13 15:58:57,Mono Basin,Rush Ck. at Damsite Flow,12.6
2026-09-13 15:58:57,Mono Basin,Flow to West Portal,10.7
2026-09-13 15:58:57,Long Valley,East Portal Flow,22.0
2026-09-13 15:58:57,Long Valley,OR Below EP Flow,66.0
2026-09-13 15:58:57,Long Valley,Hot Ck.at Hwy. Flow,4.0
2026-09-13 15:58:57,Long Valley,McGee Ck. Lower Sta. Flow,7.6
2026-09-13 15:58:57,Long Valley,Long Valley Elevation,6768.3
2026-09-13 15:58:57,Long Valley,Long Valley Current Outflow,575.4
2026-09-13 15:58:57,Long Valley,Rock Ck. Div. Flow,0.0
2026-09-13 15:58:57,Long Valley,Upper Gorge Total Release,37.4
2026-09-13 15:58:57,Long Valley,Release at Middle Gorge,0.0
2026-09-13 15:58:57,Northern Owens Valley,Rock Ck. At Owens River (PV) Flow,24.9
2026-09-13 15:58:57,Northern Owens Valley,Pleasant Valley Elevation,4379.6
2026-09-13 15:58:57,Northern Owens Valley,Pleasant Valley Outflow,497.7
2026-09-13 15:58:57,Northern Owens Valley,Baker Ck. At LA Station Flow,6.3
2026-09-13 15:58:57,Northern Owens Valley,Big Pine Ck. USGS Flow,22.7
2026-09-13 15:58:57,Northern Owens Valley,O.R. Below Big Pine,465.7
2026-09-13 15:58:57,Northern Owens Valley,Fish Springs At RR Flow,37.8
2026-09-13 15:58:57,Northern Owens Valley,Tinemaha Elevation,3861.2
2026-09-13 15:58:57,Northern Owens Valley,Tinemaha Reservoir Outflow,475.8
2026-09-13 15:58:57,Northern Owens Valley,Bishop Creek Through Plant 6,66.1
2026-09-13 15:58:57,Northern Owens Valley,Bishop Creek Around Plant 6,6.6
2026-09-13 15:58:57,Southern Owens Valley,Tinemaha Elevation,3861.2
2026-09-13 15:58:57,Southern Owens Valley,Tinemaha Reservoir Outflow,475.8
2026-09-13 15:58:57,Southern Owens Valley,Indep. Ck. At Junction Flow,3.3
2026-09-13 15:58:57,Southern Owens Valley,LAA at Alabama Flow,411.0
2026-09-13 15:58:57,Southern Owens Valley,LAA at Alabama Level,7.9
2026-09-13 15:58:57,Southern Owens Valley,LAA at Alabama Water Temp,69.3
2026-09-13 15:58:57,Southern Owens Valley,Cottonwood Ck. At LAA Flow,2.0
2026-09-13 15:58:57,Southern Owens Valley,LAA at Cottonwood Flow,451.0
2026-09-13 15:58:57,Southern Owens Valley,LAA at Cottonwood Level,8.8
2026-09-13 15:58:57,Southern Owens Valley,LAA at Cotton. Water Temp,72.0
2026-09-13 15:58:57,Southern Owens Valley,N. Haiwee Elevation,3756.8
2026-09-13 15:58:57,Southern Owens Valley,S. Haiwee Reservoir Elevation,3728.4
2026-09-13 15:58:57,Southern Owens Valley,Haiwee LAA #1 Current Flow,0.0
2026-09-13 15:58:57,Southern Owens Valley,Haiwee LAA #2 Current Flow,239.5
2026-09-13 15:58:57,Southern Owens Valley,Reinhackel Flow,2.9
2026-09-13 15:58:57,Southern Owens Valley,Lubkin Spillgate Outflow,0.0
2026-09-13 15:58:57,Southern Owens Valley,Cartago Spillgate Outflow,14.1
2026-09-13 15:58:57,Southern Owens Valley,Lone Pine Creek Flow,7.2
2026-09-13 15:58:57,Lower Owens River Project,LORP Intake Flow,79.0
2026-09-13 15:58:57,Lower Owens River Project,LORP at Mazourka Canyon Road,0.0
2026-09-13 15:58:57,Lower Owens River Project,LORP at Reinhackle Springs,59.0
2026-09-13 15:58:57,Lower Owens River Project,LORP Above Pumpstation,49.0
2026-09-13 15:58:57,Lower Owens River Project,LORP At Pump Station Discharge Flow,37.0
2026-09-13 15:58:57,Southern District,Haiwee LAA #2 Current Flow,239.5
2026-09-13 15:58:57,Southern District,S. Haiwee Reservoir Elevation,3728.4
2026-09-13 15:58:57,Southern District,Haiwee LAA #1 Current Flow,0.0
2026-09-13 15:58:57,Southern District,Fairmont Reservoir Elevation,3031.0
2026-09-13 15:58:57,Southern District,LAA #1 Flow at Fairmont Reservoir,243.8
2026-09-13 15:58:57,Southern District,LAA #2 Flow at Fairmont Res.,206.0
2026-09-13 15:58:57,Southern District,Bouquet Reservoir Elevation,2975.0
2026-09-13 15:58:57,Southern District,Bouquet Reservoir Inflow,90.3
2026-09-13 15:58:57,Southern District,Bouquet Reservoir Outflow,0.7
2026-09-13 15:58:57,Southern District,LAA #1 at Soledad Flow,131.9
2026-09-13 15:58:57,Southern District,LAA #2 at Soledad Flow,249.0
