date,district,source,value
2026-09-11 00:43:55,Mono Basin,Lee Vining Intake Above Flow,57.1
2026-09-11 00:43:55,Mono Basin,Lee Vining Intake Below Flow,31.8
2026-09-11 00:43:55,Mono Basin,Walker Ck. Above Conduit Flow,3.0
2026-09-11 00:43:55,Mono Basin,L.V. Conduit Below Intake Flow,31.0
2026-09-11 00:43:55,Mono Basin,Walker Ck. Under Conduit Flow,4.0
2026-09-11 00:43:55,Mono Basin,Parker Ck. Under Conduit Flow,8.0
2026-09-11 00:43:55,Mono Basin,Parker Ck. Above Conduit Flow,8.0
2026-09-11 00:43:55,Mono Basin,Grant Lk. Spill Flow,0.0
2026-09-11 00:43:55,Mono Basin,Mono Gate 1 Return Ditch Flow,30.0
2026-09-11 00:43:55,Mono Basin,Grant Lk. Outflow,38.6
2026-09-11 00:43:55,Mono Basin,Rush Ck. at Damsite Flow,32.1
2026-09-11 00:43:55,Mono Basin,Flow to West Portal,10.6
2026-09-11 00:43:55,Long Valley,East Portal Flow,12.0
2026-09-11 00:43:55,Long Valley,OR Below EP Flow,66.0
2026-09-11 00:43:55,Long Valley,Hot Ck.at Hwy. Flow,4.0
2026-09-11 00:43:55,Long Valley,McGee Ck. Lower Sta. Flow,8.1
2026-09-11 00:43:55,Long Valley,Long Valley Current Outflow,574.3
2026-09-11 00:43:55,Long Valley,Rock Ck. Div. Flow,0.0
2026-09-11 00:43:55,Long Valley,Upper Gorge Total Release,35.2
2026-09-11 00:43:55,Long Valley,Release at Middle Gorge,0.0
2026-09-11 00:43:55,Northern Owens Valley,Rock Ck. At Owens River (PV) Flow,24.9
2026-09-11 00:43:55,Northern Owens Valley,Pleasant Valley Outflow,489.0
2026-09-11 00:43:55,Northern Owens Valley,Baker Ck. At LA Station Flow,6.4
2026-09-11 00:43:55,Northern Owens Valley,Big Pine Ck. USGS Flow,27.2
2026-09-11 00:43:55,Northern Owens Valley,O.R. Below Big Pine,466.0
2026-09-11 00:43:55,Northern Owens Valley,Fish Springs At RR Flow,31.0
2026-09-11 00:43:55,Northern Owens Valley,Tinemaha Reservoir Outflow,477.5
2026-09-11 00:43:55,Northern Owens Valley,Bishop Creek Through Plant 6,68.0
2026-09-11 00:43:55,Northern Owens Valley,Bishop Creek Around Plant 6,7.5
2026-09-11 00:43:55,Southern Owens Valley,Tinemaha Reservoir Outflow,477.5
2026-09-11 00:43:55,Southern Owens Valley,Indep. Ck. At Junction Flow,3.4
2026-09-11 00:43:55,Southern Owens Valley,LAA at Alabama Flow,410.0
2026-09-11 00:43:55,Southern Owens Valley,Cottonwood Ck. At LAA Flow,3.0
2026-09-11 00:43:55,Southern Owens Valley,LAA at Cottonwood Flow,457.0
2026-09-11 00:43:55,Southern Owens Valley,Haiwee LAA #1 Current Flow,0.0
2026-09-11 00:43:55,Southern Owens Valley,Haiwee LAA #2 Current Flow,146.6
2026-09-11 00:43:55,Southern Owens Valley,Reinhackel Flow,2.9
2026-09-11 00:43:55,Southern Owens Valley,Lubkin Spillgate Outflow,0.0
2026-09-11 00:43:55,Southern Owens Valley,Cartago Spillgate Outflow,13.5
2026-09-11 00:43:55,Southern Owens Valley,Lone Pine Creek Flow,7.6
2026-09-11 00:43:55,Lower Owens River Project,LORP Intake Flow,80.0
2026-09-11 00:43:55,Lower Owens River Project,LORP at Mazourka Canyon Road,0.0
2026-09-11 00:43:55,Lower Owens River Project,LORP at Reinhackle Springs,58.0
2026-09-11 00:43:55,Lower Owens River Project,LORP Above Pumpstation,50.0
2026-09-11 00:43:55,Lower Owens River Project,LORP At Pump Station Discharge Flow,38.0
2026-09-11 00:43:55,Southern District,Haiwee LAA #2 Current Flow,146.6
2026-09-11 00:43:55,Southern District,Haiwee LAA #1 Current Flow,0.0
2026-09-11 00:43:55,Southern District,LAA #1 Flow at Fairmont Reservoir,307.4
2026-09-11 00:43:55,Southern District,LAA #2 Flow at Fairmont Res.,153.9
2026-09-11 00:43:55,Southern District,Bouquet Reservoir Inflow,67.8
2026-09-11 00:43:55,Southern District,Bouquet Reservoir Outflow,0.5
2026-09-11 00:43:55,Southern District,LAA #1 at Soledad Flow,127.7
2026-09-11 00:43:55,Southern District,LAA #2 at Soledad Flow,247.0
2026-09-11 00:43:56,Mono Basin,Mono Lk. Elevation,6381.8
2026-09-11 00:43:56,Mono Basin,Grant Lk. Elevation,7128.7
2026-09-11 00:43:56,Long Valley,Long Valley Elevation,6768.7
2026-09-11 00:43:56,Northern Owens Valley,Pleasant Valley Elevation,4383.3
2026-09-11 00:43:56,Southern Owens Valley,LAA at Alabama Level,7.9
2026-09-11 00:43:56,Southern Owens Valley,LAA at Alabama Water Temp,71.4
2026-09-11 00:43:56,Southern Owens Valley,LAA at Cottonwood Level,8.9
2026-09-11 00:43:56,Southern Owens Valley,LAA at Cotton. Water Temp,72.1
2026-09-11 00:43:56,Southern Owens Valley,N. Haiwee Elevation,3757.0
2026-09-11 00:43:56,Southern Owens Valley,S. Haiwee Reservoir Elevation,3728.2
2026-09-11 00:43:56,Southern District,S. Haiwee Reservoir Elevation,3728.2
2026-09-11 00:43:56,Southern District,Fairmont Reservoir Elevation,3024.2
2026-09-11 00:43:56,Southern District,Bouquet Reservoir Elevation,2974.8
2026-09-11 01:43:55,Mono Basin,Lee Vining Intake Above Flow,34.4
2026-09-11 01:43:55,Mono Basin,Lee Vining Intake Below Flow,29.2
2026-09-11 01:43:55,Mono Basin,Walker Ck. Above Conduit Flow,3.0
2026-09-11 01:43:55,Mono Basin,L.V. Conduit Below Intake Flow,19.6
2026-09-11 01:43:55,Mono Basin,Walker Ck. Under Conduit Flow,4.0
2026-09-11 01:43:55,Mono Basin,Parker Ck. Under Conduit Flow,8.0
2026-09-11 01:43:55,Mono Basin,Parker Ck. Above Conduit Flow,8.0
2026-09-11 01:43:55,Mono Basin,Grant Lk. Spill Flow,0.0
2026-09-11 01:43:55,Mono Basin,Mono Gate 1 Return Ditch Flow,30.1
2026-09-11 01:43:55,Mono Basin,Grant Lk. Outflow,38.7
2026-09-11 01:43:55,Mono Basin,Rush Ck. at Damsite Flow,32.1
2026-09-11 01:43:55,Mono Basin,Flow to West Portal,10.6
2026-09-11 01:43:55,Long Valley,East Portal Flow,12.0
2026-09-11 01:43:55,Long Valley,OR Below EP Flow,66.0
2026-09-11 01:43:55,Long Valley,Hot Ck.at Hwy. Flow,4.0
2026-09-11 01:43:55,Long Valley,McGee Ck. Lower Sta. Flow,8.1
2026-09-11 01:43:55,Long Valley,Long Valley Current Outflow,573.5
2026-09-11 01:43:55,Long Valley,Rock Ck. Div. Flow,0.0
2026-09-11 01:43:55,Long Valley,Upper Gorge Total Release,35.6
2026-09-11 01:43:55,Long Valley,Release at Middle Gorge,0.0
2026-09-11 01:43:55,Northern Owens Valley,Rock Ck. At Owens River (PV) Flow,25.1
2026-09-11 01:43:55,Northern Owens Valley,Pleasant Valley Outflow,489.4
2026-09-11 01:43:55,Northern Owens Valley,Baker Ck. At LA Station Flow,6.4
2026-09-11 01:43:55,Northern Owens Valley,Big Pine Ck. USGS Flow,27.2
2026-09-11 01:43:55,Northern Owens Valley,O.R. Below Big Pine,465.0
2026-09-11 01:43:55,Northern Owens Valley,Fish Springs At RR Flow,31.0
2026-09-11 01:43:55,Northern Owens Valley,Tinemaha Reservoir Outflow,477.5
2026-09-11 01:43:55,Northern Owens Valley,Bishop Creek Through Plant 6,66.2
2026-09-11 01:43:55,Northern Owens Valley,Bishop Creek Around Plant 6,7.5
2026-09-11 01:43:55,Southern Owens Valley,Tinemaha Reservoir Outflow,477.5
2026-09-11 01:43:55,Southern Owens Valley,Indep. Ck. At Junction Flow,3.4
2026-09-11 01:43:55,Southern Owens Valley,LAA at Alabama Flow,410.0
2026-09-11 01:43:55,Southern Owens Valley,Cottonwood Ck. At LAA Flow,3.0
2026-09-11 01:43:55,Southern Owens Valley,LAA at Cottonwood Flow,457.0
2026-09-11 01:43:55,Southern Owens Valley,Haiwee LAA #1 Current Flow,0.0
2026-09-11 01:43:55,Southern Owens Valley,Haiwee LAA #2 Current Flow,146.8
2026-09-11 01:43:55,Southern Owens Valley,Reinhackel Flow,2.9
2026-09-11 01:43:55,Southern Owens Valley,Lubkin Spillgate Outflow,0.0
2026-09-11 01:43:55,Southern Owens Valley,Cartago Spillgate Outflow,13.0
2026-09-11 01:43:55,Southern Owens Valley,Lone Pine Creek Flow,7.6
2026-09-11 01:43:55,Lower Owens River Project,LORP Intake Flow,80.0
2026-09-11 01:43:55,Lower Owens River Project,LORP at Mazourka Canyon Road,0.0
2026-09-11 01:43:55,Lower Owens River Project,LORP at Reinhackle Springs,57.0
2026-09-11 01:43:55,Lower Owens River Project,LORP Above Pumpstation,59.0
2026-09-11 01:43:55,Lower Owens River Project,LORP At Pump Station Discharge Flow,49.0
2026-09-11 01:43:55,Southern District,Haiwee LAA #2 Current Flow,146.8
2026-09-11 01:43:55,Southern District,Haiwee LAA #1 Current Flow,0.0
2026-09-11 01:43:55,Southern District,LAA #1 Flow at Fairmont Reservoir,307.9
2026-09-11 01:43:55,Southern District,LAA #2 Flow at Fairmont Res.,153.3
2026-09-11 01:43:55,Southern District,Bouquet Reservoir Inflow,62.1
2026-09-11 01:43:55,Southern District,Bouquet Reservoir Outflow,0.5
2026-09-11 01:43:55,Southern District,LAA #1 at Soledad Flow,127.7
2026-09-11 01:43:55,Southern District,LAA #2 at Soledad Flow,247.0
2026-09-11 01:43:56,Mono Basin,Mono Lk. Elevation,6381.8
2026-09-11 01:43:56,Mono Basin,Grant Lk. Elevation,7128.6
2026-09-11 01:43:56,Long Valley,Long Valley Elevation,6768.6
2026-09-11 01:43:56,Northern Owens Valley,Pleasant Valley Elevation,4383.4
2026-09-11 01:43:56,Southern Owens Valley,LAA at Alabama Level,7.9
2026-09-11 01:43:56,Southern Owens Valley,LAA at Alabama Water Temp,71.5
2026-09-11 01:43:56,Southern Owens Valley,LAA at Cottonwood Level,8.9
2026-09-11 01:43:56,Southern Owens Valley,LAA at Cotton. Water Temp,72.2
2026-09-11 01:43:56,Southern Owens Valley,N. Haiwee Elevation,3757.0
2026-09-11 01:43:56,Southern Owens Valley,S. Haiwee Reservoir Elevation,3728.2
2026-09-11 01:43:56,Southern District,S. Haiwee Reservoir Elevation,3728.2
2026-09-11 01:43:56,Southern District,Fairmont Reservoir Elevation,3024.2
2026-09-11 01:43:56,Southern District,Bouquet Reservoir Elevation,2974.8
2026-09-11 02:43:55,Mono Basin,Lee Vining Intake Above Flow,27.5
2026-09-11 02:43:55,Mono Basin,Lee Vining Intake Below Flow,29.6
2026-09-11 02:43:55,Mono Basin,Walker Ck. Above Conduit Flow,3.0
2026-09-11 02:43:55,Mono Basin,L.V. Conduit Below Intake Flow,6.9
2026-09-11 02:43:55,Mono Basin,Walker Ck. Under Conduit Flow,4.0
2026-09-11 02:43:55,Mono Basin,Parker Ck. Under Conduit Flow,8.0
2026-09-11 02:43:55,Mono Basin,Parker Ck. Above Conduit Flow,8.0
2026-09-11 02:43:55,Mono Basin,Grant Lk. Spill Flow,0.0
2026-09-11 02:43:55,Mono Basin,Mono Gate 1 Return Ditch Flow,30.0
2026-09-11 02:43:55,Mono Basin,Grant Lk. Outflow,38.7
2026-09-11 02:43:55,Mono Basin,Rush Ck. at Damsite Flow,32.1
2026-09-11 02:43:55,Mono Basin,Flow to West Portal,10.6
2026-09-11 02:43:55,Long Valley,East Portal Flow,12.0
2026-09-11 02:43:55,Long Valley,OR Below EP Flow,66.0
2026-09-11 02:43:55,Long Valley,Hot Ck.at Hwy. Flow,4.0
2026-09-11 02:43:55,Long Valley,McGee Ck. Lower Sta. Flow,8.1
2026-09-11 02:43:55,Long Valley,Long Valley Current Outflow,578.2
2026-09-11 02:43:55,Long Valley,Rock Ck. Div. Flow,0.0
2026-09-11 02:43:55,Long Valley,Upper Gorge Total Release,34.7
2026-09-11 02:43:55,Long Valley,Release at Middle Gorge,0.0
2026-09-11 02:43:55,Northern Owens Valley,Rock Ck. At Owens River (PV) Flow,25.1
2026-09-11 02:43:55,Northern Owens Valley,Pleasant Valley Outflow,489.7
2026-09-11 02:43:55,Northern Owens Valley,Baker Ck. At LA Station Flow,6.4
2026-09-11 02:43:55,Northern Owens Valley,Big Pine Ck. USGS Flow,27.2
2026-09-11 02:43:55,Northern Owens Valley,O.R. Below Big Pine,466.6
2026-09-11 02:43:55,Northern Owens Valley,Fish Springs At RR Flow,31.0
2026-09-11 02:43:55,Northern Owens Valley,Tinemaha Reservoir Outflow,477.5
2026-09-11 02:43:55,Northern Owens Valley,Bishop Creek Through Plant 6,60.6
2026-09-11 02:43:55,Northern Owens Valley,Bishop Creek Around Plant 6,7.5
2026-09-11 02:43:55,Southern Owens Valley,Tinemaha Reservoir Outflow,477.5
2026-09-11 02:43:55,Southern Owens Valley,Indep. Ck. At Junction Flow,3.4
2026-09-11 02:43:55,Southern Owens Valley,LAA at Alabama Flow,410.0
2026-09-11 02:43:55,Southern Owens Valley,LAA at Alabama Level,7.9
2026-09-11 02:43:55,Southern Owens Valley,LAA at Alabama Water Temp,71.4
2026-09-11 02:43:55,Southern Owens Valley,Cottonwood Ck. At LAA Flow,3.0
2026-09-11 02:43:55,Southern Owens Valley,LAA at Cottonwood Flow,458.0
2026-09-11 02:43:55,Southern Owens Valley,LAA at Cottonwood Level,8.9
2026-09-11 02:43:55,Southern Owens Valley,LAA at Cotton. Water Temp,72.1
2026-09-11 02:43:55,Southern Owens Valley,N. Haiwee Elevation,3757.0
2026-09-11 02:43:55,Southern Owens Valley,Haiwee LAA #1 Current Flow,0.0
2026-09-11 02:43:55,Southern Owens Valley,Haiwee LAA #2 Current Flow,146.8
2026-09-11 02:43:55,Southern Owens Valley,Reinhackel Flow,2.9
2026-09-11 02:43:55,Southern Owens Valley,Lubkin Spillgate Outflow,0.0
2026-09-11 02:43:55,Southern Owens Valley,Cartago Spillgate Outflow,12.9
2026-09-11 02:43:55,Southern Owens Valley,Lone Pine Creek Flow,7.6
2026-09-11 02:43:55,Lower Owens River Project,LORP Intake Flow,80.0
2026-09-11 02:43:55,Lower Owens River Project,LORP at Mazourka Canyon Road,0.0
2026-09-11 02:43:55,Lower Owens River Project,LORP at Reinhackle Springs,59.0
2026-09-11 02:43:55,Lower Owens River Project,LORP Above Pumpstation,49.0
2026-09-11 02:43:55,Lower Owens River Project,LORP At Pump Station Discharge Flow,38.0
2026-09-11 02:43:55,Southern District,Haiwee LAA #2 Current Flow,146.8
2026-09-11 02:43:55,Southern District,Haiwee LAA #1 Current Flow,0.0
2026-09-11 02:43:55,Southern District,LAA #1 Flow at Fairmont Reservoir,308.1
2026-09-11 02:43:55,Southern District,LAA #2 Flow at Fairmont Res.,153.8
2026-09-11 02:43:55,Southern District,Bouquet Reservoir Inflow,66.5
2026-09-11 02:43:55,Southern District,Bouquet Reservoir Outflow,0.5
2026-09-11 02:43:55,Southern District,LAA #1 at Soledad Flow,127.7
2026-09-11 02:43:55,Southern District,LAA #2 at Soledad Flow,247.0
2026-09-11 02:43:56,Mono Basin,Mono Lk. Elevation,6381.8
2026-09-11 02:43:56,Mono Basin,Grant Lk. Elevation,7128.6
2026-09-11 02:43:56,Long Valley,Long Valley Elevation,6768.7
2026-09-11 02:43:56,Northern Owens Valley,Pleasant Valley Elevation,4383.6
2026-09-11 02:43:56,Southern Owens Valley,S. Haiwee Reservoir Elevation,3728.2
2026-09-11 02:43:56,Southern District,S. Haiwee Reservoir Elevation,3728.2
2026-09-11 02:43:56,Southern District,Fairmont Reservoir Elevation,3024.2
2026-09-11 02:43:56,Southern District,Bouquet Reservoir Elevation,2974.8
2026-09-11 03:43:57,Mono Basin,Lee Vining Intake Above Flow,24.9
2026-09-11 03:43:57,Mono Basin,Lee Vining Intake Below Flow,29.6
2026-09-11 03:43:57,Mono Basin,Mono Lk. Elevation,6381.8
2026-09-11 03:43:57,Mono Basin,Walker Ck. Above Conduit Flow,3.0
2026-09-11 03:43:57,Mono Basin,L.V. Conduit Below Intake Flow,1.0
2026-09-11 03:43:57,Mono Basin,Walker Ck. Under Conduit Flow,4.0
2026-09-11 03:43:57,Mono Basin,Parker Ck. Under Conduit Flow,8.0
2026-09-11 03:43:57,Mono Basin,Parker Ck. Above Conduit Flow,8.0
2026-09-11 03:43:57,Mono Basin,Grant Lk. Spill Flow,0.0
2026-09-11 03:43:57,Mono Basin,Mono Gate 1 Return Ditch Flow,30.0
2026-09-11 03:43:57,Mono Basin,Grant Lk. Elevation,7128.6
2026-09-11 03:43:57,Mono Basin,Grant Lk. Outflow,39.1
2026-09-11 03:43:57,Mono Basin,Rush Ck. at Damsite Flow,32.1
2026-09-11 03:43:57,Mono Basin,Flow to West Portal,10.6
2026-09-11 03:43:57,Long Valley,East Portal Flow,12.0
2026-09-11 03:43:57,Long Valley,OR Below EP Flow,66.0
2026-09-11 03:43:57,Long Valley,Hot Ck.at Hwy. Flow,4.0
2026-09-11 03:43:57,Long Valley,McGee Ck. Lower Sta. Flow,8.1
2026-09-11 03:43:57,Long Valley,Long Valley Elevation,6768.6
2026-09-11 03:43:57,Long Valley,Long Valley Current Outflow,574.3
2026-09-11 03:43:57,Long Valley,Rock Ck. Div. Flow,0.0
2026-09-11 03:43:57,Long Valley,Upper Gorge Total Release,34.1
2026-09-11 03:43:57,Long Valley,Release at Middle Gorge,0.0
2026-09-11 03:43:57,Northern Owens Valley,Rock Ck. At Owens River (PV) Flow,25.3
2026-09-11 03:43:57,Northern Owens Valley,Pleasant Valley Elevation,4383.7
2026-09-11 03:43:57,Northern Owens Valley,Pleasant Valley Outflow,490.5
2026-09-11 03:43:57,Northern Owens Valley,Baker Ck. At LA Station Flow,6.9
2026-09-11 03:43:57,Northern Owens Valley,Big Pine Ck. USGS Flow,27.2
2026-09-11 03:43:57,Northern Owens Valley,O.R. Below Big Pine,467.3
2026-09-11 03:43:57,Northern Owens Valley,Fish Springs At RR Flow,31.0
2026-09-11 03:43:57,Northern Owens Valley,Tinemaha Reservoir Outflow,476.6
2026-09-11 03:43:57,Northern Owens Valley,Bishop Creek Through Plant 6,66.3
2026-09-11 03:43:57,Northern Owens Valley,Bishop Creek Around Plant 6,7.5
2026-09-11 03:43:57,Southern Owens Valley,Tinemaha Reservoir Outflow,476.6
2026-09-11 03:43:57,Southern Owens Valley,Indep. Ck. At Junction Flow,3.4
2026-09-11 03:43:57,Southern Owens Valley,LAA at Alabama Flow,412.0
2026-09-11 03:43:57,Southern Owens Valley,LAA at Alabama Level,7.9
2026-09-11 03:43:57,Southern Owens Valley,LAA at Alabama Water Temp,71.1
2026-09-11 03:43:57,Southern Owens Valley,Cottonwood Ck. At LAA Flow,3.0
2026-09-11 03:43:57,Southern Owens Valley,LAA at Cottonwood Flow,459.0
2026-09-11 03:43:57,Southern Owens Valley,LAA at Cottonwood Level,8.9
2026-09-11 03:43:57,Southern Owens Valley,LAA at Cotton. Water Temp,71.9
2026-09-11 03:43:57,Southern Owens Valley,N. Haiwee Elevation,3757.0
2026-09-11 03:43:57,Southern Owens Valley,S. Haiwee Reservoir Elevation,3728.2
2026-09-11 03:43:57,Southern Owens Valley,Haiwee LAA #1 Current Flow,0.0
2026-09-11 03:43:57,Southern Owens Valley,Haiwee LAA #2 Current Flow,146.8
2026-09-11 03:43:57,Southern Owens Valley,Reinhackel Flow,2.9
2026-09-11 03:43:57,Southern Owens Valley,Lubkin Spillgate Outflow,0.0
2026-09-11 03:43:57,Southern Owens Valley,Cartago Spillgate Outflow,19.7
2026-09-11 03:43:57,Southern Owens Valley,Lone Pine Creek Flow,7.6
2026-09-11 03:43:57,Lower Owens River Project,LORP Intake Flow,80.0
2026-09-11 03:43:57,Lower Owens River Project,LORP at Mazourka Canyon Road,0.0
2026-09-11 03:43:57,Lower Owens River Project,LORP at Reinhackle Springs,57.0
2026-09-11 03:43:57,Lower Owens River Project,LORP Above Pumpstation,50.0
2026-09-11 03:43:57,Lower Owens River Project,LORP At Pump Station Discharge Flow,38.0
2026-09-11 03:43:57,Southern District,Haiwee LAA #2 Current Flow,146.8
2026-09-11 03:43:57,Southern District,S. Haiwee Reservoir Elevation,3728.2
2026-09-11 03:43:57,Southern District,Haiwee LAA #1 Current Flow,0.0
2026-09-11 03:43:57,Southern District,Fairmont Reservoir Elevation,3024.1
2026-09-11 03:43:57,Southern District,LAA #1 Flow at Fairmont Reservoir,308.5
2026-09-11 03:43:57,Southern District,LAA #2 Flow at Fairmont Res.,153.3
2026-09-11 03:43:57,Southern District,Bouquet Reservoir Elevation,2974.8
2026-09-11 03:43:57,Southern District,Bouquet Reservoir Inflow,71.2
2026-09-11 03:43:57,Southern District,Bouquet Reservoir Outflow,0.5
2026-09-11 03:43:57,Southern District,LAA #1 at Soledad Flow,124.1
2026-09-11 03:43:57,Southern District,LAA #2 at Soledad Flow,247.5
2026-09-11 04:28:56,Northern Owens Valley,Tinemaha Elevation,3861.4
2026-09-11 04:28:56,Southern Owens Valley,Tinemaha Elevation,3861.4
2026-09-11 04:43:57,Mono Basin,Lee Vining Intake Above Flow,24.5
2026-09-11 04:43:57,Mono Basin,Lee Vining Intake Below Flow,29.0
2026-09-11 04:43:57,Mono Basin,Walker Ck. Above Conduit Flow,3.0
2026-09-11 04:43:57,Mono Basin,L.V. Conduit Below Intake Flow,0.5
2026-09-11 04:43:57,Mono Basin,Walker Ck. Under Conduit Flow,4.0
2026-09-11 04:43:57,Mono Basin,Parker Ck. Under Conduit Flow,8.0
2026-09-11 04:43:57,Mono Basin,Parker Ck. Above Conduit Flow,8.0
2026-09-11 04:43:57,Mono Basin,Grant Lk. Spill Flow,0.0
2026-09-11 04:43:57,Mono Basin,Mono Gate 1 Return Ditch Flow,30.1
2026-09-11 04:43:57,Mono Basin,Grant Lk. Outflow,38.8
2026-09-11 04:43:57,Mono Basin,Rush Ck. at Damsite Flow,32.1
2026-09-11 04:43:57,Mono Basin,Flow to West Portal,10.6
2026-09-11 04:43:57,Long Valley,East Portal Flow,12.0
2026-09-11 04:43:57,Long Valley,OR Below EP Flow,66.0
2026-09-11 04:43:57,Long Valley,Hot Ck.at Hwy. Flow,4.0
2026-09-11 04:43:57,Long Valley,McGee Ck. Lower Sta. Flow,8.1
2026-09-11 04:43:57,Long Valley,Long Valley Current Outflow,577.3
2026-09-11 04:43:57,Long Valley,Rock Ck. Div. Flow,0.0
2026-09-11 04:43:57,Long Valley,Upper Gorge Total Release,34.4
2026-09-11 04:43:57,Long Valley,Release at Middle Gorge,0.0
2026-09-11 04:43:57,Northern Owens Valley,Rock Ck. At Owens River (PV) Flow,25.6
2026-09-11 04:43:57,Northern Owens Valley,Pleasant Valley Outflow,490.7
2026-09-11 04:43:57,Northern Owens Valley,Baker Ck. At LA Station Flow,6.9
2026-09-11 04:43:57,Northern Owens Valley,Big Pine Ck. USGS Flow,27.2
2026-09-11 04:43:57,Northern Owens Valley,O.R. Below Big Pine,467.9
2026-09-11 04:43:57,Northern Owens Valley,Fish Springs At RR Flow,31.0
2026-09-11 04:43:57,Northern Owens Valley,Tinemaha Reservoir Outflow,476.6
2026-09-11 04:43:57,Northern Owens Valley,Bishop Creek Through Plant 6,65.4
2026-09-11 04:43:57,Northern Owens Valley,Bishop Creek Around Plant 6,7.5
2026-09-11 04:43:57,Southern Owens Valley,Tinemaha Reservoir Outflow,476.6
2026-09-11 04:43:57,Southern Owens Valley,Indep. Ck. At Junction Flow,3.4
2026-09-11 04:43:57,Southern Owens Valley,LAA at Alabama Flow,412.0
2026-09-11 04:43:57,Southern Owens Valley,Cottonwood Ck. At LAA Flow,3.0
2026-09-11 04:43:57,Southern Owens Valley,LAA at Cottonwood Flow,459.0
2026-09-11 04:43:57,Southern Owens Valley,Haiwee LAA #1 Current Flow,0.0
2026-09-11 04:43:57,Southern Owens Valley,Haiwee LAA #2 Current Flow,146.8
2026-09-11 04:43:57,Southern Owens Valley,Reinhackel Flow,2.9
2026-09-11 04:43:57,Southern Owens Valley,Lubkin Spillgate Outflow,0.0
2026-09-11 04:43:57,Southern Owens Valley,Cartago Spillgate Outflow,20.8
2026-09-11 04:43:57,Southern Owens Valley,Lone Pine Creek Flow,7.6
2026-09-11 04:43:57,Lower Owens River Project,LORP Intake Flow,80.0
2026-09-11 04:43:57,Lower Owens River Project,LORP at Mazourka Canyon Road,0.0
2026-09-11 04:43:57,Lower Owens River Project,LORP at Reinhackle Springs,56.0
2026-09-11 04:43:57,Lower Owens River Project,LORP Above Pumpstation,58.0
2026-09-11 04:43:57,Lower Owens River Project,LORP At Pump Station Discharge Flow,48.0
2026-09-11 04:43:57,Southern District,Haiwee LAA #2 Current Flow,146.8
2026-09-11 04:43:57,Southern District,Haiwee LAA #1 Current Flow,0.0
2026-09-11 04:43:57,Southern District,LAA #1 Flow at Fairmont Reservoir,307.9
2026-09-11 04:43:57,Southern District,LAA #2 Flow at Fairmont Res.,153.8
2026-09-11 04:43:57,Southern District,Bouquet Reservoir Inflow,66.1
2026-09-11 04:43:57,Southern District,Bouquet Reservoir Outflow,0.5
2026-09-11 04:43:57,Southern District,LAA #1 at Soledad Flow,124.1
2026-09-11 04:43:57,Southern District,LAA #2 at Soledad Flow,247.5
2026-09-11 04:43:58,Mono Basin,Mono Lk. Elevation,6381.8
2026-09-11 04:43:58,Mono Basin,Grant Lk. Elevation,7128.6
2026-09-11 04:43:58,Long Valley,Long Valley Elevation,6768.6
2026-09-11 04:43:58,Northern Owens Valley,Pleasant Valley Elevation,4383.8
2026-09-11 04:43:58,Southern Owens Valley,LAA at Alabama Level,7.9
2026-09-11 04:43:58,Southern Owens Valley,LAA at Alabama Water Temp,70.8
2026-09-11 04:43:58,Southern Owens Valley,LAA at Cottonwood Level,8.9
2026-09-11 04:43:58,Southern Owens Valley,LAA at Cotton. Water Temp,71.8
2026-09-11 04:43:58,Southern Owens Valley,N. Haiwee Elevation,3757.0
2026-09-11 04:43:58,Southern Owens Valley,S. Haiwee Reservoir Elevation,3728.2
2026-09-11 04:43:58,Southern District,S. Haiwee Reservoir Elevation,3728.2
2026-09-11 04:43:58,Southern District,Fairmont Reservoir Elevation,3024.1
2026-09-11 04:43:58,Southern District,Bouquet Reservoir Elevation,2974.8
2026-09-11 04:58:56,Northern Owens Valley,Tinemaha Elevation,3861.4
2026-09-11 04:58:56,Southern Owens Valley,Tinemaha Elevation,3861.4
2026-09-11 05:28:56,Northern Owens Valley,Tinemaha Elevation,3861.4
2026-09-11 05:28:56,Southern Owens Valley,Tinemaha Elevation,3861.4
2026-09-11 05:43:57,Mono Basin,Lee Vining Intake Above Flow,24.0
2026-09-11 05:43:57,Mono Basin,Lee Vining Intake Below Flow,29.3
2026-09-11 05:43:57,Mono Basin,Walker Ck. Above Conduit Flow,3.0
2026-09-11 05:43:57,Mono Basin,L.V. Conduit Below Intake Flow,0.5
2026-09-11 05:43:57,Mono Basin,Walker Ck. Under Conduit Flow,4.0
2026-09-11 05:43:57,Mono Basin,Parker Ck. Under Conduit Flow,8.0
2026-09-11 05:43:57,Mono Basin,Parker Ck. Above Conduit Flow,8.0
2026-09-11 05:43:57,Mono Basin,Grant Lk. Spill Flow,0.0
2026-09-11 05:43:57,Mono Basin,Mono Gate 1 Return Ditch Flow,30.1
2026-09-11 05:43:57,Mono Basin,Grant Lk. Outflow,38.6
2026-09-11 05:43:57,Mono Basin,Rush Ck. at Damsite Flow,32.1
2026-09-11 05:43:57,Mono Basin,Flow to West Portal,10.6
2026-09-11 05:43:57,Long Valley,East Portal Flow,12.0
2026-09-11 05:43:57,Long Valley,OR Below EP Flow,66.0
2026-09-11 05:43:57,Long Valley,Hot Ck.at Hwy. Flow,4.0
2026-09-11 05:43:57,Long Valley,McGee Ck. Lower Sta. Flow,8.1
2026-09-11 05:43:57,Long Valley,Long Valley Current Outflow,574.5
2026-09-11 05:43:57,Long Valley,Rock Ck. Div. Flow,0.0
2026-09-11 05:43:57,Long Valley,Upper Gorge Total Release,34.5
2026-09-11 05:43:57,Long Valley,Release at Middle Gorge,0.0
2026-09-11 05:43:57,Northern Owens Valley,Rock Ck. At Owens River (PV) Flow,25.6
2026-09-11 05:43:57,Northern Owens Valley,Pleasant Valley Outflow,491.1
2026-09-11 05:43:57,Northern Owens Valley,Baker Ck. At LA Station Flow,6.9
2026-09-11 05:43:57,Northern Owens Valley,Big Pine Ck. USGS Flow,27.2
2026-09-11 05:43:57,Northern Owens Valley,O.R. Below Big Pine,468.5
2026-09-11 05:43:57,Northern Owens Valley,Fish Springs At RR Flow,31.0
2026-09-11 05:43:57,Northern Owens Valley,Tinemaha Reservoir Outflow,477.5
2026-09-11 05:43:57,Northern Owens Valley,Bishop Creek Through Plant 6,65.4
2026-09-11 05:43:57,Northern Owens Valley,Bishop Creek Around Plant 6,7.5
2026-09-11 05:43:57,Southern Owens Valley,Tinemaha Reservoir Outflow,477.5
2026-09-11 05:43:57,Southern Owens Valley,Indep. Ck. At Junction Flow,3.4
2026-09-11 05:43:57,Southern Owens Valley,LAA at Alabama Flow,412.0
2026-09-11 05:43:57,Southern Owens Valley,Cottonwood Ck. At LAA Flow,3.0
2026-09-11 05:43:57,Southern Owens Valley,LAA at Cottonwood Flow,458.0
2026-09-11 05:43:57,Southern Owens Valley,Haiwee LAA #1 Current Flow,0.0
2026-09-11 05:43:57,Southern Owens Valley,Haiwee LAA #2 Current Flow,146.8
2026-09-11 05:43:57,Southern Owens Valley,Reinhackel Flow,2.9
2026-09-11 05:43:57,Southern Owens Valley,Lubkin Spillgate Outflow,0.0
2026-09-11 05:43:57,Southern Owens Valley,Cartago Spillgate Outflow,20.2
2026-09-11 05:43:57,Southern Owens Valley,Lone Pine Creek Flow,7.7
2026-09-11 05:43:57,Lower Owens River Project,LORP Intake Flow,80.0
2026-09-11 05:43:57,Lower Owens River Project,LORP at Mazourka Canyon Road,0.0
2026-09-11 05:43:57,Lower Owens River Project,LORP at Reinhackle Springs,59.0
2026-09-11 05:43:57,Lower Owens River Project,LORP Above Pumpstation,52.0
2026-09-11 05:43:57,Lower Owens River Project,LORP At Pump Station Discharge Flow,42.0
2026-09-11 05:43:57,Southern District,Haiwee LAA #2 Current Flow,146.8
2026-09-11 05:43:57,Southern District,Haiwee LAA #1 Current Flow,0.0
2026-09-11 05:43:57,Southern District,LAA #1 Flow at Fairmont Reservoir,307.9
2026-09-11 05:43:57,Southern District,LAA #2 Flow at Fairmont Res.,153.7
2026-09-11 05:43:57,Southern District,Bouquet Reservoir Inflow,66.2
2026-09-11 05:43:57,Southern District,Bouquet Reservoir Outflow,0.5
2026-09-11 05:43:57,Southern District,LAA #1 at Soledad Flow,124.1
2026-09-11 05:43:57,Southern District,LAA #2 at Soledad Flow,247.5
2026-09-11 05:43:58,Mono Basin,Mono Lk. Elevation,6381.8
2026-09-11 05:43:58,Mono Basin,Grant Lk. Elevation,7128.6
2026-09-11 05:43:58,Long Valley,Long Valley Elevation,6768.6
2026-09-11 05:43:58,Northern Owens Valley,Pleasant Valley Elevation,4383.9
2026-09-11 05:43:58,Southern Owens Valley,LAA at Alabama Level,7.9
2026-09-11 05:43:58,Southern Owens Valley,LAA at Alabama Water Temp,70.5
2026-09-11 05:43:58,Southern Owens Valley,LAA at Cottonwood Level,8.9
2026-09-11 05:43:58,Southern Owens Valley,LAA at Cotton. Water Temp,71.5
2026-09-11 05:43:58,Southern Owens Valley,N. Haiwee Elevation,3756.9
2026-09-11 05:43:58,Southern Owens Valley,S. Haiwee Reservoir Elevation,3728.2
2026-09-11 05:43:58,Southern District,S. Haiwee Reservoir Elevation,3728.2
2026-09-11 05:43:58,Southern District,Fairmont Reservoir Elevation,3024.1
2026-09-11 05:43:58,Southern District,Bouquet Reservoir Elevation,2974.8
2026-09-11 05:58:56,Northern Owens Valley,Tinemaha Elevation,3861.4
2026-09-11 05:58:56,Southern Owens Valley,Tinemaha Elevation,3861.4
2026-09-11 06:28:57,Northern Owens Valley,Tinemaha Elevation,3861.4
2026-09-11 06:28:57,Southern Owens Valley,Tinemaha Elevation,3861.4
2026-09-11 06:43:57,Mono Basin,Lee Vining Intake Above Flow,23.3
2026-09-11 06:43:57,Mono Basin,Lee Vining Intake Below Flow,29.6
2026-09-11 06:43:57,Mono Basin,Mono Lk. Elevation,6381.8
2026-09-11 06:43:57,Mono Basin,Walker Ck. Above Conduit Flow,3.0
2026-09-11 06:43:57,Mono Basin,L.V. Conduit Below Intake Flow,0.5
2026-09-11 06:43:57,Mono Basin,Walker Ck. Under Conduit Flow,3.0
2026-09-11 06:43:57,Mono Basin,Parker Ck. Under Conduit Flow,8.0
2026-09-11 06:43:57,Mono Basin,Parker Ck. Above Conduit Flow,9.0
2026-09-11 06:43:57,Mono Basin,Grant Lk. Spill Flow,0.0
2026-09-11 06:43:57,Mono Basin,Mono Gate 1 Return Ditch Flow,30.3
2026-09-11 06:43:57,Mono Basin,Grant Lk. Elevation,7128.6
2026-09-11 06:43:57,Mono Basin,Grant Lk. Outflow,38.7
2026-09-11 06:43:57,Mono Basin,Rush Ck. at Damsite Flow,27.1
2026-09-11 06:43:57,Mono Basin,Flow to West Portal,10.5
2026-09-11 06:43:57,Long Valley,East Portal Flow,12.0
2026-09-11 06:43:57,Long Valley,OR Below EP Flow,66.0
2026-09-11 06:43:57,Long Valley,Hot Ck.at Hwy. Flow,5.0
2026-09-11 06:43:57,Long Valley,McGee Ck. Lower Sta. Flow,8.2
2026-09-11 06:43:57,Long Valley,Long Valley Elevation,6768.6
2026-09-11 06:43:57,Long Valley,Long Valley Current Outflow,571.3
2026-09-11 06:43:57,Long Valley,Rock Ck. Div. Flow,0.0
2026-09-11 06:43:57,Long Valley,Upper Gorge Total Release,35.3
2026-09-11 06:43:57,Long Valley,Release at Middle Gorge,0.0
2026-09-11 06:43:57,Northern Owens Valley,Rock Ck. At Owens River (PV) Flow,25.8
2026-09-11 06:43:57,Northern Owens Valley,Pleasant Valley Elevation,4384.0
2026-09-11 06:43:57,Northern Owens Valley,Pleasant Valley Outflow,491.8
2026-09-11 06:43:57,Northern Owens Valley,Baker Ck. At LA Station Flow,7.1
2026-09-11 06:43:57,Northern Owens Valley,Big Pine Ck. USGS Flow,28.4
2026-09-11 06:43:57,Northern Owens Valley,O.R. Below Big Pine,469.8
2026-09-11 06:43:57,Northern Owens Valley,Fish Springs At RR Flow,32.2
2026-09-11 06:43:57,Northern Owens Valley,Tinemaha Reservoir Outflow,476.6
2026-09-11 06:43:57,Northern Owens Valley,Bishop Creek Through Plant 6,66.5
2026-09-11 06:43:57,Northern Owens Valley,Bishop Creek Around Plant 6,7.5
2026-09-11 06:43:57,Southern Owens Valley,Tinemaha Reservoir Outflow,476.6
2026-09-11 06:43:57,Southern Owens Valley,Indep. Ck. At Junction Flow,3.7
2026-09-11 06:43:57,Southern Owens Valley,LAA at Alabama Flow,413.0
2026-09-11 06:43:57,Southern Owens Valley,LAA at Alabama Level,7.9
2026-09-11 06:43:57,Southern Owens Valley,LAA at Alabama Water Temp,70.3
2026-09-11 06:43:57,Southern Owens Valley,Cottonwood Ck. At LAA Flow,3.0
2026-09-11 06:43:57,Southern Owens Valley,LAA at Cottonwood Flow,458.0
2026-09-11 06:43:57,Southern Owens Valley,LAA at Cottonwood Level,8.9
2026-09-11 06:43:57,Southern Owens Valley,LAA at Cotton. Water Temp,71.2
2026-09-11 06:43:57,Southern Owens Valley,N. Haiwee Elevation,3756.9
2026-09-11 06:43:57,Southern Owens Valley,S. Haiwee Reservoir Elevation,3728.2
2026-09-11 06:43:57,Southern Owens Valley,Haiwee LAA #1 Current Flow,0.0
2026-09-11 06:43:57,Southern Owens Valley,Haiwee LAA #2 Current Flow,146.5
2026-09-11 06:43:57,Southern Owens Valley,Reinhackel Flow,2.9
2026-09-11 06:43:57,Southern Owens Valley,Lubkin Spillgate Outflow,0.1
2026-09-11 06:43:57,Southern Owens Valley,Cartago Spillgate Outflow,21.1
2026-09-11 06:43:57,Southern Owens Valley,Lone Pine Creek Flow,7.8
2026-09-11 06:43:57,Lower Owens River Project,LORP Intake Flow,80.0
2026-09-11 06:43:57,Lower Owens River Project,LORP at Mazourka Canyon Road,0.0
2026-09-11 06:43:57,Lower Owens River Project,LORP at Reinhackle Springs,58.0
2026-09-11 06:43:57,Lower Owens River Project,LORP Above Pumpstation,49.0
2026-09-11 06:43:57,Lower Owens River Project,LORP At Pump Station Discharge Flow,38.0
2026-09-11 06:43:57,Southern District,Haiwee LAA #2 Current Flow,146.5
2026-09-11 06:43:57,Southern District,S. Haiwee Reservoir Elevation,3728.2
2026-09-11 06:43:57,Southern District,Haiwee LAA #1 Current Flow,0.0
2026-09-11 06:43:57,Southern District,Fairmont Reservoir Elevation,3024.1
2026-09-11 06:43:57,Southern District,LAA #1 Flow at Fairmont Reservoir,309.5
2026-09-11 06:43:57,Southern District,LAA #2 Flow at Fairmont Res.,153.7
2026-09-11 06:43:57,Southern District,Bouquet Reservoir Elevation,2974.8
2026-09-11 06:43:57,Southern District,Bouquet Reservoir Inflow,66.7
2026-09-11 06:43:57,Southern District,Bouquet Reservoir Outflow,0.7
2026-09-11 06:43:57,Southern District,LAA #1 at Soledad Flow,128.3
2026-09-11 06:43:57,Southern District,LAA #2 at Soledad Flow,245.6
2026-09-11 06:58:56,Northern Owens Valley,Tinemaha Elevation,3861.4
2026-09-11 06:58:56,Southern Owens Valley,Tinemaha Elevation,3861.4
2026-09-11 07:28:55,Northern Owens Valley,Tinemaha Elevation,3861.4
2026-09-11 07:28:55,Southern Owens Valley,Tinemaha Elevation,3861.4
2026-09-11 07:43:57,Mono Basin,Lee Vining Intake Above Flow,23.1
2026-09-11 07:43:57,Mono Basin,Lee Vining Intake Below Flow,24.5
2026-09-11 07:43:57,Mono Basin,Mono Lk. Elevation,6381.8
2026-09-11 07:43:57,Mono Basin,Walker Ck. Above Conduit Flow,3.0
2026-09-11 07:43:57,Mono Basin,L.V. Conduit Below Intake Flow,0.5
2026-09-11 07:43:57,Mono Basin,Walker Ck. Under Conduit Flow,3.0
2026-09-11 07:43:57,Mono Basin,Parker Ck. Under Conduit Flow,8.0
2026-09-11 07:43:57,Mono Basin,Parker Ck. Above Conduit Flow,9.0
2026-09-11 07:43:57,Mono Basin,Grant Lk. Spill Flow,0.0
2026-09-11 07:43:57,Mono Basin,Mono Gate 1 Return Ditch Flow,30.0
2026-09-11 07:43:57,Mono Basin,Grant Lk. Elevation,7128.7
2026-09-11 07:43:57,Mono Basin,Grant Lk. Outflow,38.9
2026-09-11 07:43:57,Mono Basin,Rush Ck. at Damsite Flow,27.1
2026-09-11 07:43:57,Mono Basin,Flow to West Portal,10.5
2026-09-11 07:43:57,Long Valley,East Portal Flow,12.0
2026-09-11 07:43:57,Long Valley,OR Below EP Flow,66.0
2026-09-11 07:43:57,Long Valley,Hot Ck.at Hwy. Flow,5.0
2026-09-11 07:43:57,Long Valley,McGee Ck. Lower Sta. Flow,8.2
2026-09-11 07:43:57,Long Valley,Long Valley Elevation,6768.6
2026-09-11 07:43:57,Long Valley,Long Valley Current Outflow,571.5
2026-09-11 07:43:57,Long Valley,Rock Ck. Div. Flow,0.0
2026-09-11 07:43:57,Long Valley,Upper Gorge Total Release,35.1
2026-09-11 07:43:57,Long Valley,Release at Middle Gorge,0.0
2026-09-11 07:43:57,Northern Owens Valley,Rock Ck. At Owens River (PV) Flow,26.0
2026-09-11 07:43:57,Northern Owens Valley,Pleasant Valley Elevation,4384.2
2026-09-11 07:43:57,Northern Owens Valley,Pleasant Valley Outflow,492.2
2026-09-11 07:43:57,Northern Owens Valley,Baker Ck. At LA Station Flow,7.6
2026-09-11 07:43:57,Northern Owens Valley,Big Pine Ck. USGS Flow,28.4
2026-09-11 07:43:57,Northern Owens Valley,O.R. Below Big Pine,470.9
2026-09-11 07:43:57,Northern Owens Valley,Fish Springs At RR Flow,32.2
2026-09-11 07:43:57,Northern Owens Valley,Tinemaha Reservoir Outflow,475.8
2026-09-11 07:43:57,Northern Owens Valley,Bishop Creek Through Plant 6,66.5
2026-09-11 07:43:57,Northern Owens Valley,Bishop Creek Around Plant 6,7.5
2026-09-11 07:43:57,Southern Owens Valley,Tinemaha Reservoir Outflow,475.8
2026-09-11 07:43:57,Southern Owens Valley,Indep. Ck. At Junction Flow,3.7
2026-09-11 07:43:57,Southern Owens Valley,LAA at Alabama Flow,414.0
2026-09-11 07:43:57,Southern Owens Valley,LAA at Alabama Level,7.9
2026-09-11 07:43:57,Southern Owens Valley,LAA at Alabama Water Temp,69.7
2026-09-11 07:43:57,Southern Owens Valley,Cottonwood Ck. At LAA Flow,3.0
2026-09-11 07:43:57,Southern Owens Valley,LAA at Cottonwood Flow,458.0
2026-09-11 07:43:57,Southern Owens Valley,LAA at Cottonwood Level,8.9
2026-09-11 07:43:57,Southern Owens Valley,LAA at Cotton. Water Temp,71.1
2026-09-11 07:43:57,Southern Owens Valley,N. Haiwee Elevation,3756.9
2026-09-11 07:43:57,Southern Owens Valley,S. Haiwee Reservoir Elevation,3728.2
2026-09-11 07:43:57,Southern Owens Valley,Haiwee LAA #1 Current Flow,0.0
2026-09-11 07:43:57,Southern Owens Valley,Haiwee LAA #2 Current Flow,146.5
2026-09-11 07:43:57,Southern Owens Valley,Reinhackel Flow,2.9
2026-09-11 07:43:57,Southern Owens Valley,Lubkin Spillgate Outflow,0.1
2026-09-11 07:43:57,Southern Owens Valley,Cartago Spillgate Outflow,20.2
2026-09-11 07:43:57,Southern Owens Valley,Lone Pine Creek Flow,7.9
2026-09-11 07:43:57,Lower Owens River Project,LORP Intake Flow,80.0
2026-09-11 07:43:57,Lower Owens River Project,LORP at Mazourka Canyon Road,0.0
2026-09-11 07:43:57,Lower Owens River Project,LORP at Reinhackle Springs,58.0
2026-09-11 07:43:57,Lower Owens River Project,LORP Above Pumpstation,58.0
2026-09-11 07:43:57,Lower Owens River Project,LORP At Pump Station Discharge Flow,48.0
2026-09-11 07:43:57,Southern District,Haiwee LAA #2 Current Flow,146.5
2026-09-11 07:43:57,Southern District,S. Haiwee Reservoir Elevation,3728.2
2026-09-11 07:43:57,Southern District,Haiwee LAA #1 Current Flow,0.0
2026-09-11 07:43:57,Southern District,Fairmont Reservoir Elevation,3024.0
2026-09-11 07:43:57,Southern District,LAA #1 Flow at Fairmont Reservoir,308.1
2026-09-11 07:43:57,Southern District,LAA #2 Flow at Fairmont Res.,153.7
2026-09-11 07:43:57,Southern District,Bouquet Reservoir Elevation,2974.8
2026-09-11 07:43:57,Southern District,Bouquet Reservoir Inflow,66.3
2026-09-11 07:43:57,Southern District,Bouquet Reservoir Outflow,0.7
2026-09-11 07:43:57,Southern District,LAA #1 at Soledad Flow,125.6
2026-09-11 07:43:57,Southern District,LAA #2 at Soledad Flow,245.0
2026-09-11 07:58:56,Northern Owens Valley,Tinemaha Elevation,3861.4
2026-09-11 07:58:56,Southern Owens Valley,Tinemaha Elevation,3861.4
2026-09-11 08:28:56,Northern Owens Valley,Tinemaha Elevation,3861.4
2026-09-11 08:28:56,Southern Owens Valley,Tinemaha Elevation,3861.4
2026-09-11 08:43:57,Mono Basin,Lee Vining Intake Above Flow,24.0
2026-09-11 08:43:57,Mono Basin,Lee Vining Intake Below Flow,23.5
2026-09-11 08:43:57,Mono Basin,Walker Ck. Above Conduit Flow,3.0
2026-09-11 08:43:57,Mono Basin,L.V. Conduit Below Intake Flow,0.5
2026-09-11 08:43:57,Mono Basin,Walker Ck. Under Conduit Flow,3.0
2026-09-11 08:43:57,Mono Basin,Parker Ck. Under Conduit Flow,8.0
2026-09-11 08:43:57,Mono Basin,Parker Ck. Above Conduit Flow,9.0
2026-09-11 08:43:57,Mono Basin,Grant Lk. Spill Flow,0.0
2026-09-11 08:43:57,Mono Basin,Mono Gate 1 Return Ditch Flow,30.0
2026-09-11 08:43:57,Mono Basin,Grant Lk. Outflow,38.8
2026-09-11 08:43:57,Mono Basin,Rush Ck. at Damsite Flow,27.1
2026-09-11 08:43:57,Mono Basin,Flow to West Portal,10.4
2026-09-11 08:43:57,Long Valley,East Portal Flow,12.0
2026-09-11 08:43:57,Long Valley,OR Below EP Flow,66.0
2026-09-11 08:43:57,Long Valley,Hot Ck.at Hwy. Flow,5.0
2026-09-11 08:43:57,Long Valley,McGee Ck. Lower Sta. Flow,8.2
2026-09-11 08:43:57,Long Valley,Long Valley Current Outflow,576.9
2026-09-11 08:43:57,Long Valley,Rock Ck. Div. Flow,0.0
2026-09-11 08:43:57,Long Valley,Upper Gorge Total Release,35.4
2026-09-11 08:43:57,Long Valley,Release at Middle Gorge,0.0
2026-09-11 08:43:57,Northern Owens Valley,Rock Ck. At Owens River (PV) Flow,26.2
2026-09-11 08:43:57,Northern Owens Valley,Pleasant Valley Outflow,492.9
2026-09-11 08:43:57,Northern Owens Valley,Baker Ck. At LA Station Flow,7.6
2026-09-11 08:43:57,Northern Owens Valley,Big Pine Ck. USGS Flow,28.3
2026-09-11 08:43:57,Northern Owens Valley,O.R. Below Big Pine,471.9
2026-09-11 08:43:57,Northern Owens Valley,Fish Springs At RR Flow,32.2
2026-09-11 08:43:57,Northern Owens Valley,Tinemaha Reservoir Outflow,475.8
2026-09-11 08:43:57,Northern Owens Valley,Bishop Creek Through Plant 6,64.4
2026-09-11 08:43:57,Northern Owens Valley,Bishop Creek Around Plant 6,7.1
2026-09-11 08:43:57,Southern Owens Valley,Tinemaha Reservoir Outflow,475.8
2026-09-11 08:43:57,Southern Owens Valley,Indep. Ck. At Junction Flow,3.7
2026-09-11 08:43:57,Southern Owens Valley,LAA at Alabama Flow,414.0
2026-09-11 08:43:57,Southern Owens Valley,LAA at Alabama Level,7.9
2026-09-11 08:43:57,Southern Owens Valley,LAA at Alabama Water Temp,69.6
2026-09-11 08:43:57,Southern Owens Valley,Cottonwood Ck. At LAA Flow,3.0
2026-09-11 08:43:57,Southern Owens Valley,LAA at Cottonwood Flow,458.0
2026-09-11 08:43:57,Southern Owens Valley,LAA at Cotton. Water Temp,71.1
2026-09-11 08:43:57,Southern Owens Valley,Haiwee LAA #1 Current Flow,0.0
2026-09-11 08:43:57,Southern Owens Valley,Haiwee LAA #2 Current Flow,147.2
2026-09-11 08:43:57,Southern Owens Valley,Reinhackel Flow,2.9
2026-09-11 08:43:57,Southern Owens Valley,Lubkin Spillgate Outflow,0.0
2026-09-11 08:43:57,Southern Owens Valley,Cartago Spillgate Outflow,20.0
2026-09-11 08:43:57,Southern Owens Valley,Lone Pine Creek Flow,7.9
2026-09-11 08:43:57,Lower Owens River Project,LORP Intake Flow,80.0
2026-09-11 08:43:57,Lower Owens River Project,LORP at Mazourka Canyon Road,0.0
2026-09-11 08:43:57,Lower Owens River Project,LORP at Reinhackle Springs,56.0
2026-09-11 08:43:57,Lower Owens River Project,LORP Above Pumpstation,49.0
2026-09-11 08:43:57,Lower Owens River Project,LORP At Pump Station Discharge Flow,38.0
2026-09-11 08:43:57,Southern District,Haiwee LAA #2 Current Flow,147.2
2026-09-11 08:43:57,Southern District,Haiwee LAA #1 Current Flow,0.0
2026-09-11 08:43:57,Southern District,LAA #1 Flow at Fairmont Reservoir,308.6
2026-09-11 08:43:57,Southern District,LAA #2 Flow at Fairmont Res.,153.5
2026-09-11 08:43:57,Southern District,Bouquet Reservoir Inflow,3.3
2026-09-11 08:43:57,Southern District,Bouquet Reservoir Outflow,0.7
2026-09-11 08:43:57,Southern District,LAA #1 at Soledad Flow,125.6
2026-09-11 08:43:57,Southern District,LAA #2 at Soledad Flow,245.0
2026-09-11 08:43:58,Mono Basin,Mono Lk. Elevation,6381.8
2026-09-11 08:43:58,Mono Basin,Grant Lk. Elevation,7128.6
2026-09-11 08:43:58,Long Valley,Long Valley Elevation,6768.6
2026-09-11 08:43:58,Northern Owens Valley,Pleasant Valley Elevation,4384.3
2026-09-11 08:43:58,Southern Owens Valley,LAA at Cottonwood Level,8.9
2026-09-11 08:43:58,Southern Owens Valley,N. Haiwee Elevation,3756.9
2026-09-11 08:43:58,Southern Owens Valley,S. Haiwee Reservoir Elevation,3728.2
2026-09-11 08:43:58,Southern District,S. Haiwee Reservoir Elevation,3728.2
2026-09-11 08:43:58,Southern District,Fairmont Reservoir Elevation,3024.0
2026-09-11 08:43:58,Southern District,Bouquet Reservoir Elevation,2974.9
2026-09-11 08:58:56,Northern Owens Valley,Tinemaha Elevation,3861.4
2026-09-11 08:58:56,Southern Owens Valley,Tinemaha Elevation,3861.4
2026-09-11 09:13:56,Northern Owens Valley,Bishop Creek Through Plant 6,64.4
2026-09-11 09:13:56,Northern Owens Valley,Bishop Creek Around Plant 6,7.1
2026-09-11 09:13:56,Southern Owens Valley,Lone Pine Creek Flow,7.9
2026-09-11 09:28:55,Northern Owens Valley,Bishop Creek Through Plant 6,64.4
2026-09-11 09:28:55,Northern Owens Valley,Bishop Creek Around Plant 6,7.1
2026-09-11 09:28:55,Southern Owens Valley,Lone Pine Creek Flow,7.9
2026-09-11 09:28:56,Northern Owens Valley,Tinemaha Elevation,3861.4
2026-09-11 09:28:56,Southern Owens Valley,Tinemaha Elevation,3861.4
2026-09-11 09:43:57,Mono Basin,Lee Vining Intake Above Flow,23.2
2026-09-11 09:43:57,Mono Basin,Lee Vining Intake Below Flow,23.5
2026-09-11 09:43:57,Mono Basin,Mono Lk. Elevation,6381.8
2026-09-11 09:43:57,Mono Basin,Walker Ck. Above Conduit Flow,3.0
2026-09-11 09:43:57,Mono Basin,L.V. Conduit Below Intake Flow,0.5
2026-09-11 09:43:57,Mono Basin,Walker Ck. Under Conduit Flow,3.0
2026-09-11 09:43:57,Mono Basin,Parker Ck. Under Conduit Flow,8.0
2026-09-11 09:43:57,Mono Basin,Parker Ck. Above Conduit Flow,9.0
2026-09-11 09:43:57,Mono Basin,Grant Lk. Spill Flow,0.0
2026-09-11 09:43:57,Mono Basin,Mono Gate 1 Return Ditch Flow,30.0
2026-09-11 09:43:57,Mono Basin,Grant Lk. Elevation,7128.6
2026-09-11 09:43:57,Mono Basin,Grant Lk. Outflow,38.9
2026-09-11 09:43:57,Mono Basin,Rush Ck. at Damsite Flow,27.1
2026-09-11 09:43:57,Mono Basin,Flow to West Portal,10.4
2026-09-11 09:43:57,Long Valley,East Portal Flow,12.0
2026-09-11 09:43:57,Long Valley,OR Below EP Flow,66.0
2026-09-11 09:43:57,Long Valley,Hot Ck.at Hwy. Flow,5.0
2026-09-11 09:43:57,Long Valley,McGee Ck. Lower Sta. Flow,8.2
2026-09-11 09:43:57,Long Valley,Long Valley Elevation,6768.6
2026-09-11 09:43:57,Long Valley,Long Valley Current Outflow,577.1
2026-09-11 09:43:57,Long Valley,Rock Ck. Div. Flow,0.0
2026-09-11 09:43:57,Long Valley,Upper Gorge Total Release,36.9
2026-09-11 09:43:57,Long Valley,Release at Middle Gorge,0.0
2026-09-11 09:43:57,Northern Owens Valley,Rock Ck. At Owens River (PV) Flow,26.2
2026-09-11 09:43:57,Northern Owens Valley,Pleasant Valley Elevation,4384.4
2026-09-11 09:43:57,Northern Owens Valley,Pleasant Valley Outflow,493.1
2026-09-11 09:43:57,Northern Owens Valley,Baker Ck. At LA Station Flow,7.6
2026-09-11 09:43:57,Northern Owens Valley,Big Pine Ck. USGS Flow,28.3
2026-09-11 09:43:57,Northern Owens Valley,O.R. Below Big Pine,472.0
2026-09-11 09:43:57,Northern Owens Valley,Fish Springs At RR Flow,32.2
2026-09-11 09:43:57,Northern Owens Valley,Tinemaha Reservoir Outflow,475.8
2026-09-11 09:43:57,Northern Owens Valley,Bishop Creek Through Plant 6,64.4
2026-09-11 09:43:57,Northern Owens Valley,Bishop Creek Around Plant 6,7.1
2026-09-11 09:43:57,Southern Owens Valley,Tinemaha Reservoir Outflow,475.8
2026-09-11 09:43:57,Southern Owens Valley,Indep. Ck. At Junction Flow,3.7
2026-09-11 09:43:57,Southern Owens Valley,LAA at Alabama Flow,415.0
2026-09-11 09:43:57,Southern Owens Valley,LAA at Alabama Level,8.0
2026-09-11 09:43:57,Southern Owens Valley,LAA at Alabama Water Temp,69.6
2026-09-11 09:43:57,Southern Owens Valley,Cottonwood Ck. At LAA Flow,3.0
2026-09-11 09:43:57,Southern Owens Valley,LAA at Cottonwood Flow,458.0
2026-09-11 09:43:57,Southern Owens Valley,LAA at Cottonwood Level,8.9
2026-09-11 09:43:57,Southern Owens Valley,LAA at Cotton. Water Temp,71.5
2026-09-11 09:43:57,Southern Owens Valley,N. Haiwee Elevation,3756.9
2026-09-11 09:43:57,Southern Owens Valley,S. Haiwee Reservoir Elevation,3728.2
2026-09-11 09:43:57,Southern Owens Valley,Haiwee LAA #1 Current Flow,0.0
2026-09-11 09:43:57,Southern Owens Valley,Haiwee LAA #2 Current Flow,147.2
2026-09-11 09:43:57,Southern Owens Valley,Reinhackel Flow,2.9
2026-09-11 09:43:57,Southern Owens Valley,Lubkin Spillgate Outflow,0.0
2026-09-11 09:43:57,Southern Owens Valley,Cartago Spillgate Outflow,25.4
2026-09-11 09:43:57,Southern Owens Valley,Lone Pine Creek Flow,7.8
2026-09-11 09:43:57,Lower Owens River Project,LORP Intake Flow,80.0
2026-09-11 09:43:57,Lower Owens River Project,LORP at Mazourka Canyon Road,0.0
2026-09-11 09:43:57,Lower Owens River Project,LORP at Reinhackle Springs,57.0
2026-09-11 09:43:57,Lower Owens River Project,LORP Above Pumpstation,50.0
2026-09-11 09:43:57,Lower Owens River Project,LORP At Pump Station Discharge Flow,38.0
2026-09-11 09:43:57,Southern District,Haiwee LAA #2 Current Flow,147.2
2026-09-11 09:43:57,Southern District,S. Haiwee Reservoir Elevation,3728.2
2026-09-11 09:43:57,Southern District,Haiwee LAA #1 Current Flow,0.0
2026-09-11 09:43:57,Southern District,Fairmont Reservoir Elevation,3024.1
2026-09-11 09:43:57,Southern District,LAA #1 Flow at Fairmont Reservoir,307.7
2026-09-11 09:43:57,Southern District,LAA #2 Flow at Fairmont Res.,153.3
2026-09-11 09:43:57,Southern District,Bouquet Reservoir Elevation,2974.9
2026-09-11 09:43:57,Southern District,Bouquet Reservoir Inflow,2.5
2026-09-11 09:43:57,Southern District,Bouquet Reservoir Outflow,0.7
2026-09-11 09:43:57,Southern District,LAA #1 at Soledad Flow,125.6
2026-09-11 09:43:57,Southern District,LAA #2 at Soledad Flow,245.0
2026-09-11 09:58:55,Northern Owens Valley,Bishop Creek Through Plant 6,64.4
2026-09-11 09:58:55,Northern Owens Valley,Bishop Creek Around Plant 6,7.1
2026-09-11 09:58:55,Southern Owens Valley,Lone Pine Creek Flow,7.8
2026-09-11 09:58:56,Northern Owens Valley,Tinemaha Elevation,3861.4
2026-09-11 09:58:56,Southern Owens Valley,Tinemaha Elevation,3861.4
2026-09-11 10:13:55,Mono Basin,Lee Vining Intake Above Flow,23.5
2026-09-11 10:13:55,Mono Basin,Lee Vining Intake Below Flow,23.3
2026-09-11 10:13:55,Mono Basin,Walker Ck. Above Conduit Flow,3.0
2026-09-11 10:13:55,Mono Basin,L.V. Conduit Below Intake Flow,0.5
2026-09-11 10:13:55,Mono Basin,Walker Ck. Under Conduit Flow,3.0
2026-09-11 10:13:55,Mono Basin,Parker Ck. Under Conduit Flow,8.0
2026-09-11 10:13:55,Mono Basin,Parker Ck. Above Conduit Flow,9.0
2026-09-11 10:13:55,Mono Basin,Grant Lk. Spill Flow,0.0
2026-09-11 10:13:55,Mono Basin,Mono Gate 1 Return Ditch Flow,30.0
2026-09-11 10:13:55,Mono Basin,Grant Lk. Outflow,38.9
2026-09-11 10:13:55,Mono Basin,Rush Ck. at Damsite Flow,27.1
2026-09-11 10:13:55,Mono Basin,Flow to West Portal,10.4
2026-09-11 10:13:55,Long Valley,East Portal Flow,12.0
2026-09-11 10:13:55,Long Valley,OR Below EP Flow,66.0
2026-09-11 10:13:55,Long Valley,Hot Ck.at Hwy. Flow,5.0
2026-09-11 10:13:55,Long Valley,McGee Ck. Lower Sta. Flow,8.2
2026-09-11 10:13:55,Long Valley,Long Valley Current Outflow,576.9
2026-09-11 10:13:55,Long Valley,Rock Ck. Div. Flow,0.0
2026-09-11 10:13:55,Long Valley,Upper Gorge Total Release,34.8
2026-09-11 10:13:55,Northern Owens Valley,Rock Ck. At Owens River (PV) Flow,26.2
2026-09-11 10:13:55,Northern Owens Valley,Pleasant Valley Outflow,493.5
2026-09-11 10:13:55,Northern Owens Valley,Baker Ck. At LA Station Flow,7.6
2026-09-11 10:13:55,Northern Owens Valley,Big Pine Ck. USGS Flow,28.3
2026-09-11 10:13:55,Northern Owens Valley,O.R. Below Big Pine,472.3
2026-09-11 10:13:55,Northern Owens Valley,Fish Springs At RR Flow,32.2
2026-09-11 10:13:55,Northern Owens Valley,Tinemaha Reservoir Outflow,475.8
2026-09-11 10:13:55,Northern Owens Valley,Bishop Creek Through Plant 6,64.4
2026-09-11 10:13:55,Northern Owens Valley,Bishop Creek Around Plant 6,7.1
2026-09-11 10:13:55,Southern Owens Valley,Tinemaha Reservoir Outflow,475.8
2026-09-11 10:13:55,Southern Owens Valley,Indep. Ck. At Junction Flow,3.7
2026-09-11 10:13:55,Southern Owens Valley,LAA at Alabama Flow,416.0
2026-09-11 10:13:55,Southern Owens Valley,Cottonwood Ck. At LAA Flow,3.0
2026-09-11 10:13:55,Southern Owens Valley,LAA at Cottonwood Flow,458.0
2026-09-11 10:13:55,Southern Owens Valley,Haiwee LAA #1 Current Flow,0.0
2026-09-11 10:13:55,Southern Owens Valley,Haiwee LAA #2 Current Flow,146.6
2026-09-11 10:13:55,Southern Owens Valley,Reinhackel Flow,2.9
2026-09-11 10:13:55,Southern Owens Valley,Lubkin Spillgate Outflow,0.0
2026-09-11 10:13:55,Southern Owens Valley,Cartago Spillgate Outflow,14.6
2026-09-11 10:13:55,Southern Owens Valley,Lone Pine Creek Flow,7.7
2026-09-11 10:13:55,Lower Owens River Project,LORP Intake Flow,80.0
2026-09-11 10:13:55,Lower Owens River Project,LORP at Mazourka Canyon Road,0.0
2026-09-11 10:13:55,Lower Owens River Project,LORP at Reinhackle Springs,57.0
2026-09-11 10:13:55,Lower Owens River Project,LORP Above Pumpstation,59.0
2026-09-11 10:13:55,Lower Owens River Project,LORP At Pump Station Discharge Flow,48.0
2026-09-11 10:13:55,Southern District,Haiwee LAA #2 Current Flow,146.6
2026-09-11 10:13:55,Southern District,Haiwee LAA #1 Current Flow,0.0
2026-09-11 10:13:56,Mono Basin,Mono Lk. Elevation,6381.8
2026-09-11 10:13:56,Mono Basin,Grant Lk. Elevation,7128.6
2026-09-11 10:13:56,Long Valley,Long Valley Elevation,6768.6
2026-09-11 10:13:56,Northern Owens Valley,Pleasant Valley Elevation,4384.4
2026-09-11 10:13:56,Southern Owens Valley,LAA at Alabama Level,8.0
2026-09-11 10:13:56,Southern Owens Valley,LAA at Alabama Water Temp,69.9
2026-09-11 10:13:56,Southern Owens Valley,LAA at Cottonwood Level,8.9
2026-09-11 10:13:56,Southern Owens Valley,LAA at Cotton. Water Temp,71.6
2026-09-11 10:13:56,Southern Owens Valley,N. Haiwee Elevation,3756.9
2026-09-11 10:13:56,Southern Owens Valley,S. Haiwee Reservoir Elevation,3728.2
2026-09-11 10:13:56,Southern District,S. Haiwee Reservoir Elevation,3728.2
2026-09-11 10:13:56,Southern District,Fairmont Reservoir Elevation,3024.2
2026-09-11 10:13:56,Southern District,LAA #1 Flow at Fairmont Reservoir,308.4
2026-09-11 10:13:56,Southern District,LAA #2 Flow at Fairmont Res.,154.0
2026-09-11 10:13:56,Southern District,Bouquet Reservoir Elevation,2974.9
2026-09-11 10:13:56,Southern District,Bouquet Reservoir Inflow,2.7
2026-09-11 10:13:56,Southern District,Bouquet Reservoir Outflow,0.7
2026-09-11 10:13:56,Southern District,LAA #1 at Soledad Flow,125.6
2026-09-11 10:13:56,Southern District,LAA #2 at Soledad Flow,245.0
2026-09-11 10:28:55,Mono Basin,Lee Vining Intake Above Flow,23.5
2026-09-11 10:28:55,Mono Basin,Lee Vining Intake Below Flow,23.3
2026-09-11 10:28:55,Mono Basin,Mono Lk. Elevation,6381.8
2026-09-11 10:28:55,Mono Basin,Walker Ck. Above Conduit Flow,3.0
2026-09-11 10:28:55,Mono Basin,L.V. Conduit Below Intake Flow,0.5
2026-09-11 10:28:55,Mono Basin,Walker Ck. Under Conduit Flow,3.0
2026-09-11 10:28:55,Mono Basin,Parker Ck. Under Conduit Flow,8.0
2026-09-11 10:28:55,Mono Basin,Parker Ck. Above Conduit Flow,9.0
2026-09-11 10:28:55,Mono Basin,Grant Lk. Spill Flow,0.0
2026-09-11 10:28:55,Mono Basin,Mono Gate 1 Return Ditch Flow,30.0
2026-09-11 10:28:55,Mono Basin,Grant Lk. Elevation,7128.7
2026-09-11 10:28:55,Mono Basin,Grant Lk. Outflow,38.9
2026-09-11 10:28:55,Mono Basin,Rush Ck. at Damsite Flow,27.1
2026-09-11 10:28:55,Mono Basin,Flow to West Portal,10.4
2026-09-11 10:28:55,Long Valley,East Portal Flow,12.0
2026-09-11 10:28:55,Long Valley,OR Below EP Flow,66.0
2026-09-11 10:28:55,Long Valley,Hot Ck.at Hwy. Flow,5.0
2026-09-11 10:28:55,Long Valley,McGee Ck. Lower Sta. Flow,8.2
2026-09-11 10:28:55,Long Valley,Long Valley Elevation,6768.6
2026-09-11 10:28:55,Long Valley,Long Valley Current Outflow,575.9
2026-09-11 10:28:55,Long Valley,Rock Ck. Div. Flow,0.0
2026-09-11 10:28:55,Long Valley,Upper Gorge Total Release,34.4
2026-09-11 10:28:55,Northern Owens Valley,Rock Ck. At Owens River (PV) Flow,26.2
2026-09-11 10:28:55,Northern Owens Valley,Pleasant Valley Elevation,4384.5
2026-09-11 10:28:55,Northern Owens Valley,Pleasant Valley Outflow,493.6
2026-09-11 10:28:55,Northern Owens Valley,Baker Ck. At LA Station Flow,7.6
2026-09-11 10:28:55,Northern Owens Valley,Big Pine Ck. USGS Flow,28.3
2026-09-11 10:28:55,Northern Owens Valley,O.R. Below Big Pine,472.9
2026-09-11 10:28:55,Northern Owens Valley,Fish Springs At RR Flow,32.2
2026-09-11 10:28:55,Northern Owens Valley,Tinemaha Elevation,3861.4
2026-09-11 10:28:55,Northern Owens Valley,Tinemaha Reservoir Outflow,476.6
2026-09-11 10:28:55,Northern Owens Valley,Bishop Creek Through Plant 6,64.4
2026-09-11 10:28:55,Northern Owens Valley,Bishop Creek Around Plant 6,7.1
2026-09-11 10:28:55,Southern Owens Valley,Tinemaha Elevation,3861.4
2026-09-11 10:28:55,Southern Owens Valley,Tinemaha Reservoir Outflow,476.6
2026-09-11 10:28:55,Southern Owens Valley,Indep. Ck. At Junction Flow,3.7
2026-09-11 10:28:55,Southern Owens Valley,LAA at Alabama Flow,417.0
2026-09-11 10:28:55,Southern Owens Valley,LAA at Alabama Level,8.0
2026-09-11 10:28:55,Southern Owens Valley,LAA at Alabama Water Temp,70.0
2026-09-11 10:28:55,Southern Owens Valley,Cottonwood Ck. At LAA Flow,3.0
2026-09-11 10:28:55,Southern Owens Valley,LAA at Cottonwood Flow,458.0
2026-09-11 10:28:55,Southern Owens Valley,LAA at Cottonwood Level,8.9
2026-09-11 10:28:55,Southern Owens Valley,LAA at Cotton. Water Temp,71.6
2026-09-11 10:28:55,Southern Owens Valley,N. Haiwee Elevation,3756.9
2026-09-11 10:28:55,Southern Owens Valley,S. Haiwee Reservoir Elevation,3728.2
2026-09-11 10:28:55,Southern Owens Valley,Haiwee LAA #1 Current Flow,0.0
2026-09-11 10:28:55,Southern Owens Valley,Haiwee LAA #2 Current Flow,146.6
2026-09-11 10:28:55,Southern Owens Valley,Reinhackel Flow,2.9
2026-09-11 10:28:55,Southern Owens Valley,Lubkin Spillgate Outflow,0.0
2026-09-11 10:28:55,Southern Owens Valley,Cartago Spillgate Outflow,13.7
2026-09-11 10:28:55,Southern Owens Valley,Lone Pine Creek Flow,7.7
2026-09-11 10:28:55,Lower Owens River Project,LORP Intake Flow,80.0
2026-09-11 10:28:55,Lower Owens River Project,LORP at Mazourka Canyon Road,0.0
2026-09-11 10:28:55,Lower Owens River Project,LORP at Reinhackle Springs,60.0
2026-09-11 10:28:55,Lower Owens River Project,LORP Above Pumpstation,57.0
2026-09-11 10:28:55,Lower Owens River Project,LORP At Pump Station Discharge Flow,46.0
2026-09-11 10:28:55,Southern District,Haiwee LAA #2 Current Flow,146.6
2026-09-11 10:28:55,Southern District,S. Haiwee Reservoir Elevation,3728.2
2026-09-11 10:28:55,Southern District,Haiwee LAA #1 Current Flow,0.0
2026-09-11 10:28:55,Southern District,Fairmont Reservoir Elevation,3024.2
2026-09-11 10:28:55,Southern District,LAA #1 Flow at Fairmont Reservoir,309.1
2026-09-11 10:28:55,Southern District,LAA #2 Flow at Fairmont Res.,153.9
2026-09-11 10:28:55,Southern District,Bouquet Reservoir Elevation,2974.9
2026-09-11 10:28:55,Southern District,Bouquet Reservoir Inflow,3.8
2026-09-11 10:28:55,Southern District,Bouquet Reservoir Outflow,0.7
2026-09-11 10:28:55,Southern District,LAA #1 at Soledad Flow,125.6
2026-09-11 10:28:55,Southern District,LAA #2 at Soledad Flow,244.6
2026-09-11 10:43:57,Mono Basin,Lee Vining Intake Above Flow,22.7
2026-09-11 10:43:57,Mono Basin,Lee Vining Intake Below Flow,23.3
2026-09-11 10:43:57,Mono Basin,Walker Ck. Above Conduit Flow,3.0
2026-09-11 10:43:57,Mono Basin,L.V. Conduit Below Intake Flow,0.5
2026-09-11 10:43:57,Mono Basin,Walker Ck. Under Conduit Flow,3.0
2026-09-11 10:43:57,Mono Basin,Parker Ck. Under Conduit Flow,8.0
2026-09-11 10:43:57,Mono Basin,Parker Ck. Above Conduit Flow,9.0
2026-09-11 10:43:57,Mono Basin,Grant Lk. Spill Flow,0.0
2026-09-11 10:43:57,Mono Basin,Mono Gate 1 Return Ditch Flow,30.0
2026-09-11 10:43:57,Mono Basin,Grant Lk. Outflow,38.9
2026-09-11 10:43:57,Mono Basin,Rush Ck. at Damsite Flow,27.1
2026-09-11 10:43:57,Mono Basin,Flow to West Portal,10.4
2026-09-11 10:43:57,Long Valley,East Portal Flow,12.0
2026-09-11 10:43:57,Long Valley,OR Below EP Flow,66.0
2026-09-11 10:43:57,Long Valley,Hot Ck.at Hwy. Flow,5.0
2026-09-11 10:43:57,Long Valley,McGee Ck. Lower Sta. Flow,8.2
2026-09-11 10:43:57,Long Valley,Long Valley Current Outflow,575.9
2026-09-11 10:43:57,Long Valley,Rock Ck. Div. Flow,0.0
2026-09-11 10:43:57,Long Valley,Upper Gorge Total Release,34.5
2026-09-11 10:43:57,Long Valley,Release at Middle Gorge,0.0
2026-09-11 10:43:57,Northern Owens Valley,Rock Ck. At Owens River (PV) Flow,26.2
2026-09-11 10:43:57,Northern Owens Valley,Pleasant Valley Outflow,494.0
2026-09-11 10:43:57,Northern Owens Valley,Baker Ck. At LA Station Flow,7.6
2026-09-11 10:43:57,Northern Owens Valley,Big Pine Ck. USGS Flow,28.3
2026-09-11 10:43:57,Northern Owens Valley,O.R. Below Big Pine,472.1
2026-09-11 10:43:57,Northern Owens Valley,Fish Springs At RR Flow,32.2
2026-09-11 10:43:57,Northern Owens Valley,Tinemaha Reservoir Outflow,476.6
2026-09-11 10:43:57,Northern Owens Valley,Bishop Creek Through Plant 6,64.4
2026-09-11 10:43:57,Northern Owens Valley,Bishop Creek Around Plant 6,7.1
2026-09-11 10:43:57,Southern Owens Valley,Tinemaha Reservoir Outflow,476.6
2026-09-11 10:43:57,Southern Owens Valley,Indep. Ck. At Junction Flow,3.7
2026-09-11 10:43:57,Southern Owens Valley,LAA at Alabama Flow,417.0
2026-09-11 10:43:57,Southern Owens Valley,Cottonwood Ck. At LAA Flow,3.0
2026-09-11 10:43:57,Southern Owens Valley,LAA at Cottonwood Flow,457.0
2026-09-11 10:43:57,Southern Owens Valley,Haiwee LAA #1 Current Flow,0.0
2026-09-11 10:43:57,Southern Owens Valley,Haiwee LAA #2 Current Flow,146.6
2026-09-11 10:43:57,Southern Owens Valley,Reinhackel Flow,2.9
2026-09-11 10:43:57,Southern Owens Valley,Lubkin Spillgate Outflow,0.0
2026-09-11 10:43:57,Southern Owens Valley,Cartago Spillgate Outflow,19.1
2026-09-11 10:43:57,Southern Owens Valley,Lone Pine Creek Flow,7.7
2026-09-11 10:43:57,Lower Owens River Project,LORP Intake Flow,80.0
2026-09-11 10:43:57,Lower Owens River Project,LORP at Mazourka Canyon Road,0.0
2026-09-11 10:43:57,Lower Owens River Project,LORP at Reinhackle Springs,60.0
2026-09-11 10:43:57,Lower Owens River Project,LORP Above Pumpstation,58.0
2026-09-11 10:43:57,Lower Owens River Project,LORP At Pump Station Discharge Flow,48.0
2026-09-11 10:43:57,Southern District,Haiwee LAA #2 Current Flow,146.6
2026-09-11 10:43:57,Southern District,Haiwee LAA #1 Current Flow,0.0
2026-09-11 10:43:57,Southern District,LAA #1 Flow at Fairmont Reservoir,307.7
2026-09-11 10:43:57,Southern District,LAA #2 Flow at Fairmont Res.,153.4
2026-09-11 10:43:57,Southern District,Bouquet Reservoir Inflow,1.1
2026-09-11 10:43:57,Southern District,Bouquet Reservoir Outflow,0.7
2026-09-11 10:43:57,Southern District,LAA #1 at Soledad Flow,127.9
2026-09-11 10:43:57,Southern District,LAA #2 at Soledad Flow,244.6
2026-09-11 10:43:58,Mono Basin,Mono Lk. Elevation,6381.8
2026-09-11 10:43:58,Mono Basin,Grant Lk. Elevation,7128.7
2026-09-11 10:43:58,Long Valley,Long Valley Elevation,6768.6
2026-09-11 10:43:58,Northern Owens Valley,Pleasant Valley Elevation,4384.5
2026-09-11 10:43:58,Southern Owens Valley,LAA at Alabama Level,8.0
2026-09-11 10:43:58,Southern Owens Valley,LAA at Alabama Water Temp,70.0
2026-09-11 10:43:58,Southern Owens Valley,LAA at Cottonwood Level,8.9
2026-09-11 10:43:58,Southern Owens Valley,LAA at Cotton. Water Temp,72.0
2026-09-11 10:43:58,Southern Owens Valley,N. Haiwee Elevation,3756.9
2026-09-11 10:43:58,Southern Owens Valley,S. Haiwee Reservoir Elevation,3728.2
2026-09-11 10:43:58,Southern District,S. Haiwee Reservoir Elevation,3728.2
2026-09-11 10:43:58,Southern District,Fairmont Reservoir Elevation,3024.2
2026-09-11 10:43:58,Southern District,Bouquet Reservoir Elevation,2974.9
2026-09-11 10:58:56,Mono Basin,Lee Vining Intake Above Flow,22.7
2026-09-11 10:58:56,Mono Basin,Lee Vining Intake Below Flow,23.3
2026-09-11 10:58:56,Mono Basin,Mono Lk. Elevation,6381.8
2026-09-11 10:58:56,Mono Basin,Walker Ck. Above Conduit Flow,3.0
2026-09-11 10:58:56,Mono Basin,L.V. Conduit Below Intake Flow,0.5
2026-09-11 10:58:56,Mono Basin,Walker Ck. Under Conduit Flow,3.0
2026-09-11 10:58:56,Mono Basin,Parker Ck. Under Conduit Flow,8.0
2026-09-11 10:58:56,Mono Basin,Parker Ck. Above Conduit Flow,9.0
2026-09-11 10:58:56,Mono Basin,Grant Lk. Spill Flow,0.0
2026-09-11 10:58:56,Mono Basin,Mono Gate 1 Return Ditch Flow,30.0
2026-09-11 10:58:56,Mono Basin,Grant Lk. Elevation,7128.7
2026-09-11 10:58:56,Mono Basin,Grant Lk. Outflow,38.9
2026-09-11 10:58:56,Mono Basin,Rush Ck. at Damsite Flow,27.1
2026-09-11 10:58:56,Mono Basin,Flow to West Portal,10.4
2026-09-11 10:58:56,Long Valley,East Portal Flow,12.0
2026-09-11 10:58:56,Long Valley,OR Below EP Flow,66.0
2026-09-11 10:58:56,Long Valley,Hot Ck.at Hwy. Flow,5.0
2026-09-11 10:58:56,Long Valley,McGee Ck. Lower Sta. Flow,8.2
2026-09-11 10:58:56,Long Valley,Long Valley Elevation,6768.6
2026-09-11 10:58:56,Long Valley,Long Valley Current Outflow,575.9
2026-09-11 10:58:56,Long Valley,Rock Ck. Div. Flow,0.0
2026-09-11 10:58:56,Long Valley,Upper Gorge Total Release,34.8
2026-09-11 10:58:56,Northern Owens Valley,Rock Ck. At Owens River (PV) Flow,26.2
2026-09-11 10:58:56,Northern Owens Valley,Pleasant Valley Elevation,4384.5
2026-09-11 10:58:56,Northern Owens Valley,Pleasant Valley Outflow,493.8
2026-09-11 10:58:56,Northern Owens Valley,Baker Ck. At LA Station Flow,7.6
2026-09-11 10:58:56,Northern Owens Valley,Big Pine Ck. USGS Flow,28.3
2026-09-11 10:58:56,Northern Owens Valley,O.R. Below Big Pine,472.9
2026-09-11 10:58:56,Northern Owens Valley,Fish Springs At RR Flow,32.2
2026-09-11 10:58:56,Northern Owens Valley,Tinemaha Elevation,3861.4
2026-09-11 10:58:56,Northern Owens Valley,Tinemaha Reservoir Outflow,476.6
2026-09-11 10:58:56,Northern Owens Valley,Bishop Creek Through Plant 6,64.4
2026-09-11 10:58:56,Northern Owens Valley,Bishop Creek Around Plant 6,7.1
2026-09-11 10:58:56,Southern Owens Valley,Tinemaha Elevation,3861.4
2026-09-11 10:58:56,Southern Owens Valley,Tinemaha Reservoir Outflow,476.6
2026-09-11 10:58:56,Southern Owens Valley,Indep. Ck. At Junction Flow,3.7
2026-09-11 10:58:56,Southern Owens Valley,LAA at Alabama Flow,417.0
2026-09-11 10:58:56,Southern Owens Valley,LAA at Alabama Level,8.0
2026-09-11 10:58:56,Southern Owens Valley,LAA at Alabama Water Temp,70.0
2026-09-11 10:58:56,Southern Owens Valley,Cottonwood Ck. At LAA Flow,3.0
2026-09-11 10:58:56,Southern Owens Valley,LAA at Cottonwood Flow,457.0
2026-09-11 10:58:56,Southern Owens Valley,LAA at Cottonwood Level,8.9
2026-09-11 10:58:56,Southern Owens Valley,LAA at Cotton. Water Temp,72.2
2026-09-11 10:58:56,Southern Owens Valley,N. Haiwee Elevation,3756.9
2026-09-11 10:58:56,Southern Owens Valley,S. Haiwee Reservoir Elevation,3728.2
2026-09-11 10:58:56,Southern Owens Valley,Haiwee LAA #1 Current Flow,0.0
2026-09-11 10:58:56,Southern Owens Valley,Haiwee LAA #2 Current Flow,146.6
2026-09-11 10:58:56,Southern Owens Valley,Reinhackel Flow,2.9
2026-09-11 10:58:56,Southern Owens Valley,Lubkin Spillgate Outflow,0.0
2026-09-11 10:58:56,Southern Owens Valley,Cartago Spillgate Outflow,15.8
2026-09-11 10:58:56,Southern Owens Valley,Lone Pine Creek Flow,7.7
2026-09-11 10:58:56,Lower Owens River Project,LORP Intake Flow,80.0
2026-09-11 10:58:56,Lower Owens River Project,LORP at Mazourka Canyon Road,0.0
2026-09-11 10:58:56,Lower Owens River Project,LORP at Reinhackle Springs,60.0
2026-09-11 10:58:56,Lower Owens River Project,LORP Above Pumpstation,58.0
2026-09-11 10:58:56,Lower Owens River Project,LORP At Pump Station Discharge Flow,48.0
2026-09-11 10:58:56,Southern District,Haiwee LAA #2 Current Flow,146.6
2026-09-11 10:58:56,Southern District,S. Haiwee Reservoir Elevation,3728.2
2026-09-11 10:58:56,Southern District,Haiwee LAA #1 Current Flow,0.0
2026-09-11 10:58:56,Southern District,Fairmont Reservoir Elevation,3024.2
2026-09-11 10:58:56,Southern District,LAA #1 Flow at Fairmont Reservoir,308.1
2026-09-11 10:58:56,Southern District,LAA #2 Flow at Fairmont Res.,153.5
2026-09-11 10:58:56,Southern District,Bouquet Reservoir Elevation,2974.9
2026-09-11 10:58:56,Southern District,Bouquet Reservoir Inflow,0.2
2026-09-11 10:58:56,Southern District,Bouquet Reservoir Outflow,0.7
2026-09-11 10:58:56,Southern District,LAA #1 at Soledad Flow,127.9
2026-09-11 10:58:56,Southern District,LAA #2 at Soledad Flow,244.6
2026-09-11 11:13:56,Mono Basin,Lee Vining Intake Above Flow,22.5
2026-09-11 11:13:56,Mono Basin,Lee Vining Intake Below Flow,23.4
2026-09-11 11:13:56,Mono Basin,Mono Lk. Elevation,6381.8
2026-09-11 11:13:56,Mono Basin,Walker Ck. Above Conduit Flow,3.0
2026-09-11 11:13:56,Mono Basin,L.V. Conduit Below Intake Flow,0.5
2026-09-11 11:13:56,Mono Basin,Walker Ck. Under Conduit Flow,3.0
2026-09-11 11:13:56,Mono Basin,Parker Ck. Under Conduit Flow,8.0
2026-09-11 11:13:56,Mono Basin,Parker Ck. Above Conduit Flow,9.0
2026-09-11 11:13:56,Mono Basin,Grant Lk. Spill Flow,0.0
2026-09-11 11:13:56,Mono Basin,Mono Gate 1 Return Ditch Flow,30.0
2026-09-11 11:13:56,Mono Basin,Grant Lk. Elevation,7128.7
2026-09-11 11:13:56,Mono Basin,Grant Lk. Outflow,38.9
2026-09-11 11:13:56,Mono Basin,Rush Ck. at Damsite Flow,27.1
2026-09-11 11:13:56,Mono Basin,Flow to West Portal,10.4
2026-09-11 11:13:56,Long Valley,East Portal Flow,12.0
2026-09-11 11:13:56,Long Valley,OR Below EP Flow,66.0
2026-09-11 11:13:56,Long Valley,Hot Ck.at Hwy. Flow,5.0
2026-09-11 11:13:56,Long Valley,McGee Ck. Lower Sta. Flow,8.2
2026-09-11 11:13:56,Long Valley,Long Valley Elevation,6768.6
2026-09-11 11:13:56,Long Valley,Long Valley Current Outflow,575.9
2026-09-11 11:13:56,Long Valley,Rock Ck. Div. Flow,0.0
2026-09-11 11:13:56,Long Valley,Upper Gorge Total Release,35.6
2026-09-11 11:13:56,Northern Owens Valley,Rock Ck. At Owens River (PV) Flow,26.2
2026-09-11 11:13:56,Northern Owens Valley,Pleasant Valley Elevation,4384.5
2026-09-11 11:13:56,Northern Owens Valley,Pleasant Valley Outflow,494.4
2026-09-11 11:13:56,Northern Owens Valley,Baker Ck. At LA Station Flow,7.6
2026-09-11 11:13:56,Northern Owens Valley,Big Pine Ck. USGS Flow,28.3
2026-09-11 11:13:56,Northern Owens Valley,O.R. Below Big Pine,473.2
2026-09-11 11:13:56,Northern Owens Valley,Fish Springs At RR Flow,32.2
2026-09-11 11:13:56,Northern Owens Valley,Tinemaha Reservoir Outflow,476.6
2026-09-11 11:13:56,Northern Owens Valley,Bishop Creek Through Plant 6,64.4
2026-09-11 11:13:56,Northern Owens Valley,Bishop Creek Around Plant 6,7.1
2026-09-11 11:13:56,Southern Owens Valley,Tinemaha Reservoir Outflow,476.6
2026-09-11 11:13:56,Southern Owens Valley,Indep. Ck. At Junction Flow,3.7
2026-09-11 11:13:56,Southern Owens Valley,LAA at Alabama Flow,416.0
2026-09-11 11:13:56,Southern Owens Valley,LAA at Alabama Level,8.0
2026-09-11 11:13:56,Southern Owens Valley,LAA at Alabama Water Temp,70.3
2026-09-11 11:13:56,Southern Owens Valley,Cottonwood Ck. At LAA Flow,3.0
2026-09-11 11:13:56,Southern Owens Valley,LAA at Cottonwood Flow,457.0
2026-09-11 11:13:56,Southern Owens Valley,LAA at Cottonwood Level,8.9
2026-09-11 11:13:56,Southern Owens Valley,LAA at Cotton. Water Temp,72.2
2026-09-11 11:13:56,Southern Owens Valley,N. Haiwee Elevation,3756.9
2026-09-11 11:13:56,Southern Owens Valley,S. Haiwee Reservoir Elevation,3728.2
2026-09-11 11:13:56,Southern Owens Valley,Haiwee LAA #1 Current Flow,0.0
2026-09-11 11:13:56,Southern Owens Valley,Haiwee LAA #2 Current Flow,146.6
2026-09-11 11:13:56,Southern Owens Valley,Reinhackel Flow,2.9
2026-09-11 11:13:56,Southern Owens Valley,Lubkin Spillgate Outflow,0.0
2026-09-11 11:13:56,Southern Owens Valley,Cartago Spillgate Outflow,18.8
2026-09-11 11:13:56,Southern Owens Valley,Lone Pine Creek Flow,7.7
2026-09-11 11:13:56,Lower Owens River Project,LORP Intake Flow,80.0
2026-09-11 11:13:56,Lower Owens River Project,LORP at Mazourka Canyon Road,0.0
2026-09-11 11:13:56,Lower Owens River Project,LORP at Reinhackle Springs,60.0
2026-09-11 11:13:56,Lower Owens River Project,LORP Above Pumpstation,59.0
2026-09-11 11:13:56,Lower Owens River Project,LORP At Pump Station Discharge Flow,49.0
2026-09-11 11:13:56,Southern District,Haiwee LAA #2 Current Flow,146.6
2026-09-11 11:13:56,Southern District,S. Haiwee Reservoir Elevation,3728.2
2026-09-11 11:13:56,Southern District,Haiwee LAA #1 Current Flow,0.0
2026-09-11 11:13:56,Southern District,Fairmont Reservoir Elevation,3024.3
2026-09-11 11:13:56,Southern District,LAA #1 Flow at Fairmont Reservoir,308.7
2026-09-11 11:13:56,Southern District,LAA #2 Flow at Fairmont Res.,153.3
2026-09-11 11:13:56,Southern District,Bouquet Reservoir Elevation,2974.9
2026-09-11 11:13:56,Southern District,Bouquet Reservoir Inflow,0.2
2026-09-11 11:13:56,Southern District,Bouquet Reservoir Outflow,0.7
2026-09-11 11:13:56,Southern District,LAA #1 at Soledad Flow,127.9
2026-09-11 11:13:56,Southern District,LAA #2 at Soledad Flow,244.6
2026-09-11 11:28:56,Mono Basin,Lee Vining Intake Above Flow,22.5
2026-09-11 11:28:56,Mono Basin,Lee Vining Intake Below Flow,23.4
2026-09-11 11:28:56,Mono Basin,Walker Ck. Above Conduit Flow,3.0
2026-09-11 11:28:56,Mono Basin,L.V. Conduit Below Intake Flow,0.5
2026-09-11 11:28:56,Mono Basin,Walker Ck. Under Conduit Flow,3.0
2026-09-11 11:28:56,Mono Basin,Parker Ck. Under Conduit Flow,8.0
2026-09-11 11:28:56,Mono Basin,Parker Ck. Above Conduit Flow,9.0
2026-09-11 11:28:56,Mono Basin,Grant Lk. Spill Flow,0.0
2026-09-11 11:28:56,Mono Basin,Mono Gate 1 Return Ditch Flow,29.8
2026-09-11 11:28:56,Mono Basin,Grant Lk. Outflow,38.8
2026-09-11 11:28:56,Mono Basin,Rush Ck. at Damsite Flow,27.1
2026-09-11 11:28:56,Mono Basin,Flow to West Portal,10.4
2026-09-11 11:28:56,Long Valley,East Portal Flow,12.0
2026-09-11 11:28:56,Long Valley,OR Below EP Flow,66.0
2026-09-11 11:28:56,Long Valley,Hot Ck.at Hwy. Flow,5.0
2026-09-11 11:28:56,Long Valley,McGee Ck. Lower Sta. Flow,8.2
2026-09-11 11:28:56,Long Valley,Long Valley Current Outflow,574.4
2026-09-11 11:28:56,Long Valley,Rock Ck. Div. Flow,0.0
2026-09-11 11:28:56,Long Valley,Upper Gorge Total Release,34.9
2026-09-11 11:28:56,Northern Owens Valley,Rock Ck. At Owens River (PV) Flow,26.2
2026-09-11 11:28:56,Northern Owens Valley,Pleasant Valley Outflow,493.8
2026-09-11 11:28:56,Northern Owens Valley,Baker Ck. At LA Station Flow,7.6
2026-09-11 11:28:56,Northern Owens Valley,Big Pine Ck. USGS Flow,28.3
2026-09-11 11:28:56,Northern Owens Valley,O.R. Below Big Pine,471.7
2026-09-11 11:28:56,Northern Owens Valley,Fish Springs At RR Flow,32.2
2026-09-11 11:28:56,Northern Owens Valley,Tinemaha Reservoir Outflow,475.8
2026-09-11 11:28:56,Northern Owens Valley,Bishop Creek Through Plant 6,64.4
2026-09-11 11:28:56,Northern Owens Valley,Bishop Creek Around Plant 6,7.1
2026-09-11 11:28:56,Southern Owens Valley,Tinemaha Reservoir Outflow,475.8
2026-09-11 11:28:56,Southern Owens Valley,Indep. Ck. At Junction Flow,3.7
2026-09-11 11:28:56,Southern Owens Valley,LAA at Alabama Flow,417.0
2026-09-11 11:28:56,Southern Owens Valley,Cottonwood Ck. At LAA Flow,3.0
2026-09-11 11:28:56,Southern Owens Valley,LAA at Cottonwood Flow,457.0
2026-09-11 11:28:56,Southern Owens Valley,Haiwee LAA #1 Current Flow,0.0
2026-09-11 11:28:56,Southern Owens Valley,Haiwee LAA #2 Current Flow,146.6
2026-09-11 11:28:56,Southern Owens Valley,Reinhackel Flow,2.9
2026-09-11 11:28:56,Southern Owens Valley,Lubkin Spillgate Outflow,0.0
2026-09-11 11:28:56,Southern Owens Valley,Cartago Spillgate Outflow,17.2
2026-09-11 11:28:56,Southern Owens Valley,Lone Pine Creek Flow,7.7
2026-09-11 11:28:56,Lower Owens River Project,LORP Intake Flow,80.0
2026-09-11 11:28:56,Lower Owens River Project,LORP at Mazourka Canyon Road,0.0
2026-09-11 11:28:56,Lower Owens River Project,LORP at Reinhackle Springs,57.0
2026-09-11 11:28:56,Lower Owens River Project,LORP Above Pumpstation,58.0
2026-09-11 11:28:56,Lower Owens River Project,LORP At Pump Station Discharge Flow,48.0
2026-09-11 11:28:56,Southern District,Haiwee LAA #2 Current Flow,146.6
2026-09-11 11:28:56,Southern District,Haiwee LAA #1 Current Flow,0.0
2026-09-11 11:28:56,Southern District,LAA #1 Flow at Fairmont Reservoir,309.2
2026-09-11 11:28:56,Southern District,LAA #2 Flow at Fairmont Res.,153.4
2026-09-11 11:28:56,Southern District,Bouquet Reservoir Inflow,2.4
2026-09-11 11:28:56,Southern District,Bouquet Reservoir Outflow,0.7
2026-09-11 11:28:56,Southern District,LAA #1 at Soledad Flow,127.9
2026-09-11 11:28:56,Southern District,LAA #2 at Soledad Flow,244.6
2026-09-11 11:28:57,Mono Basin,Mono Lk. Elevation,6381.8
2026-09-11 11:28:57,Mono Basin,Grant Lk. Elevation,7128.6
2026-09-11 11:28:57,Long Valley,Long Valley Elevation,6768.6
2026-09-11 11:28:57,Northern Owens Valley,Pleasant Valley Elevation,4384.6
2026-09-11 11:28:57,Northern Owens Valley,Tinemaha Elevation,3861.4
2026-09-11 11:28:57,Southern Owens Valley,Tinemaha Elevation,3861.4
2026-09-11 11:28:57,Southern Owens Valley,LAA at Alabama Level,8.0
2026-09-11 11:28:57,Southern Owens Valley,LAA at Alabama Water Temp,70.5
2026-09-11 11:28:57,Southern Owens Valley,LAA at Cottonwood Level,8.9
2026-09-11 11:28:57,Southern Owens Valley,LAA at Cotton. Water Temp,72.3
2026-09-11 11:28:57,Southern Owens Valley,N. Haiwee Elevation,3756.9
2026-09-11 11:28:57,Southern Owens Valley,S. Haiwee Reservoir Elevation,3728.2
2026-09-11 11:28:57,Southern District,S. Haiwee Reservoir Elevation,3728.2
2026-09-11 11:28:57,Southern District,Fairmont Reservoir Elevation,3024.3
2026-09-11 11:28:57,Southern District,Bouquet Reservoir Elevation,2974.9
2026-09-11 11:43:57,Mono Basin,Lee Vining Intake Above Flow,22.9
2026-09-11 11:43:57,Mono Basin,Lee Vining Intake Below Flow,23.1
2026-09-11 11:43:57,Mono Basin,Mono Lk. Elevation,6381.8
2026-09-11 11:43:57,Mono Basin,Walker Ck. Above Conduit Flow,3.0
2026-09-11 11:43:57,Mono Basin,L.V. Conduit Below Intake Flow,0.5
2026-09-11 11:43:57,Mono Basin,Walker Ck. Under Conduit Flow,3.0
2026-09-11 11:43:57,Mono Basin,Parker Ck. Under Conduit Flow,8.0
2026-09-11 11:43:57,Mono Basin,Parker Ck. Above Conduit Flow,9.0
2026-09-11 11:43:57,Mono Basin,Grant Lk. Spill Flow,0.0
2026-09-11 11:43:57,Mono Basin,Mono Gate 1 Return Ditch Flow,29.8
2026-09-11 11:43:57,Mono Basin,Grant Lk. Elevation,7128.6
2026-09-11 11:43:57,Mono Basin,Grant Lk. Outflow,38.8
2026-09-11 11:43:57,Mono Basin,Rush Ck. at Damsite Flow,27.1
2026-09-11 11:43:57,Mono Basin,Flow to West Portal,10.4
2026-09-11 11:43:57,Long Valley,East Portal Flow,12.0
2026-09-11 11:43:57,Long Valley,OR Below EP Flow,65.0
2026-09-11 11:43:57,Long Valley,Hot Ck.at Hwy. Flow,5.0
2026-09-11 11:43:57,Long Valley,McGee Ck. Lower Sta. Flow,8.2
2026-09-11 11:43:57,Long Valley,Long Valley Elevation,6768.6
2026-09-11 11:43:57,Long Valley,Long Valley Current Outflow,574.4
2026-09-11 11:43:57,Long Valley,Rock Ck. Div. Flow,0.0
2026-09-11 11:43:57,Long Valley,Upper Gorge Total Release,36.6
2026-09-11 11:43:57,Long Valley,Release at Middle Gorge,0.0
2026-09-11 11:43:57,Northern Owens Valley,Rock Ck. At Owens River (PV) Flow,26.2
2026-09-11 11:43:57,Northern Owens Valley,Pleasant Valley Elevation,4384.6
2026-09-11 11:43:57,Northern Owens Valley,Pleasant Valley Outflow,494.0
2026-09-11 11:43:57,Northern Owens Valley,Baker Ck. At LA Station Flow,7.6
2026-09-11 11:43:57,Northern Owens Valley,Big Pine Ck. USGS Flow,28.3
2026-09-11 11:43:57,Northern Owens Valley,O.R. Below Big Pine,472.1
2026-09-11 11:43:57,Northern Owens Valley,Fish Springs At RR Flow,32.2
2026-09-11 11:43:57,Northern Owens Valley,Tinemaha Reservoir Outflow,475.8
2026-09-11 11:43:57,Northern Owens Valley,Bishop Creek Through Plant 6,64.4
2026-09-11 11:43:57,Northern Owens Valley,Bishop Creek Around Plant 6,7.1
2026-09-11 11:43:57,Southern Owens Valley,Tinemaha Reservoir Outflow,475.8
2026-09-11 11:43:57,Southern Owens Valley,Indep. Ck. At Junction Flow,3.7
2026-09-11 11:43:57,Southern Owens Valley,LAA at Alabama Flow,417.0
2026-09-11 11:43:57,Southern Owens Valley,LAA at Alabama Level,8.0
2026-09-11 11:43:57,Southern Owens Valley,LAA at Alabama Water Temp,70.6
2026-09-11 11:43:57,Southern Owens Valley,Cottonwood Ck. At LAA Flow,3.0
2026-09-11 11:43:57,Southern Owens Valley,LAA at Cottonwood Flow,457.0
2026-09-11 11:43:57,Southern Owens Valley,LAA at Cottonwood Level,8.9
2026-09-11 11:43:57,Southern Owens Valley,LAA at Cotton. Water Temp,72.5
2026-09-11 11:43:57,Southern Owens Valley,N. Haiwee Elevation,3756.9
2026-09-11 11:43:57,Southern Owens Valley,S. Haiwee Reservoir Elevation,3728.2
2026-09-11 11:43:57,Southern Owens Valley,Haiwee LAA #1 Current Flow,0.0
2026-09-11 11:43:57,Southern Owens Valley,Haiwee LAA #2 Current Flow,146.6
2026-09-11 11:43:57,Southern Owens Valley,Reinhackel Flow,2.9
2026-09-11 11:43:57,Southern Owens Valley,Lubkin Spillgate Outflow,0.0
2026-09-11 11:43:57,Southern Owens Valley,Cartago Spillgate Outflow,17.2
2026-09-11 11:43:57,Southern Owens Valley,Lone Pine Creek Flow,7.6
2026-09-11 11:43:57,Lower Owens River Project,LORP Intake Flow,79.0
2026-09-11 11:43:57,Lower Owens River Project,LORP at Mazourka Canyon Road,0.0
2026-09-11 11:43:57,Lower Owens River Project,LORP at Reinhackle Springs,57.0
2026-09-11 11:43:57,Lower Owens River Project,LORP Above Pumpstation,59.0
2026-09-11 11:43:57,Lower Owens River Project,LORP At Pump Station Discharge Flow,49.0
2026-09-11 11:43:57,Southern District,Haiwee LAA #2 Current Flow,146.6
2026-09-11 11:43:57,Southern District,S. Haiwee Reservoir Elevation,3728.2
2026-09-11 11:43:57,Southern District,Haiwee LAA #1 Current Flow,0.0
2026-09-11 11:43:57,Southern District,Fairmont Reservoir Elevation,3024.3
2026-09-11 11:43:57,Southern District,LAA #1 Flow at Fairmont Reservoir,308.8
2026-09-11 11:43:57,Southern District,LAA #2 Flow at Fairmont Res.,153.4
2026-09-11 11:43:57,Southern District,Bouquet Reservoir Elevation,2974.9
2026-09-11 11:43:57,Southern District,Bouquet Reservoir Inflow,2.4
2026-09-11 11:43:57,Southern District,Bouquet Reservoir Outflow,0.7
2026-09-11 11:43:57,Southern District,LAA #1 at Soledad Flow,127.9
2026-09-11 11:43:57,Southern District,LAA #2 at Soledad Flow,244.6
2026-09-11 11:58:55,Mono Basin,Lee Vining Intake Above Flow,22.9
2026-09-11 11:58:55,Mono Basin,Lee Vining Intake Below Flow,23.1
2026-09-11 11:58:55,Mono Basin,Walker Ck. Above Conduit Flow,3.0
2026-09-11 11:58:55,Mono Basin,L.V. Conduit Below Intake Flow,0.5
2026-09-11 11:58:55,Mono Basin,Walker Ck. Under Conduit Flow,3.0
2026-09-11 11:58:55,Mono Basin,Parker Ck. Under Conduit Flow,8.0
2026-09-11 11:58:55,Mono Basin,Parker Ck. Above Conduit Flow,9.0
2026-09-11 11:58:55,Mono Basin,Grant Lk. Spill Flow,0.0
2026-09-11 11:58:55,Mono Basin,Mono Gate 1 Return Ditch Flow,29.8
2026-09-11 11:58:55,Mono Basin,Grant Lk. Outflow,38.8
2026-09-11 11:58:55,Mono Basin,Rush Ck. at Damsite Flow,27.1
2026-09-11 11:58:55,Mono Basin,Flow to West Portal,10.4
2026-09-11 11:58:55,Long Valley,East Portal Flow,12.0
2026-09-11 11:58:55,Long Valley,OR Below EP Flow,65.0
2026-09-11 11:58:55,Long Valley,Hot Ck.at Hwy. Flow,5.0
2026-09-11 11:58:55,Long Valley,McGee Ck. Lower Sta. Flow,8.2
2026-09-11 11:58:55,Long Valley,Long Valley Current Outflow,574.4
2026-09-11 11:58:55,Long Valley,Rock Ck. Div. Flow,0.0
2026-09-11 11:58:55,Long Valley,Upper Gorge Total Release,33.9
2026-09-11 11:58:55,Northern Owens Valley,Rock Ck. At Owens River (PV) Flow,26.2
2026-09-11 11:58:55,Northern Owens Valley,Pleasant Valley Outflow,493.6
2026-09-11 11:58:55,Northern Owens Valley,Baker Ck. At LA Station Flow,7.6
2026-09-11 11:58:55,Northern Owens Valley,Big Pine Ck. USGS Flow,28.3
2026-09-11 11:58:55,Northern Owens Valley,O.R. Below Big Pine,473.3
2026-09-11 11:58:55,Northern Owens Valley,Fish Springs At RR Flow,32.2
2026-09-11 11:58:55,Northern Owens Valley,Tinemaha Reservoir Outflow,475.8
2026-09-11 11:58:55,Northern Owens Valley,Bishop Creek Through Plant 6,64.4
2026-09-11 11:58:55,Northern Owens Valley,Bishop Creek Around Plant 6,7.1
2026-09-11 11:58:55,Southern Owens Valley,Tinemaha Reservoir Outflow,475.8
2026-09-11 11:58:55,Southern Owens Valley,Indep. Ck. At Junction Flow,3.7
2026-09-11 11:58:55,Southern Owens Valley,LAA at Alabama Flow,417.0
2026-09-11 11:58:55,Southern Owens Valley,Cottonwood Ck. At LAA Flow,3.0
2026-09-11 11:58:55,Southern Owens Valley,LAA at Cottonwood Flow,457.0
2026-09-11 11:58:55,Southern Owens Valley,Haiwee LAA #1 Current Flow,0.0
2026-09-11 11:58:55,Southern Owens Valley,Haiwee LAA #2 Current Flow,146.6
2026-09-11 11:58:55,Southern Owens Valley,Reinhackel Flow,2.9
2026-09-11 11:58:55,Southern Owens Valley,Lubkin Spillgate Outflow,0.0
2026-09-11 11:58:55,Southern Owens Valley,Cartago Spillgate Outflow,16.7
2026-09-11 11:58:55,Southern Owens Valley,Lone Pine Creek Flow,7.6
2026-09-11 11:58:55,Lower Owens River Project,LORP Intake Flow,79.0
2026-09-11 11:58:55,Lower Owens River Project,LORP at Mazourka Canyon Road,0.0
2026-09-11 11:58:55,Lower Owens River Project,LORP at Reinhackle Springs,57.0
2026-09-11 11:58:55,Lower Owens River Project,LORP Above Pumpstation,49.0
2026-09-11 11:58:55,Lower Owens River Project,LORP At Pump Station Discharge Flow,39.0
2026-09-11 11:58:55,Southern District,Haiwee LAA #2 Current Flow,146.6
2026-09-11 11:58:55,Southern District,Haiwee LAA #1 Current Flow,0.0
2026-09-11 11:58:55,Southern District,LAA #1 Flow at Fairmont Reservoir,308.8
2026-09-11 11:58:55,Southern District,LAA #2 Flow at Fairmont Res.,153.3
2026-09-11 11:58:55,Southern District,Bouquet Reservoir Inflow,4.0
2026-09-11 11:58:55,Southern District,Bouquet Reservoir Outflow,0.7
2026-09-11 11:58:55,Southern District,LAA #1 at Soledad Flow,127.9
2026-09-11 11:58:55,Southern District,LAA #2 at Soledad Flow,244.6
2026-09-11 11:58:56,Mono Basin,Mono Lk. Elevation,6381.8
2026-09-11 11:58:56,Mono Basin,Grant Lk. Elevation,7128.6
2026-09-11 11:58:56,Long Valley,Long Valley Elevation,6768.6
2026-09-11 11:58:56,Northern Owens Valley,Pleasant Valley Elevation,4384.6
2026-09-11 11:58:56,Northern Owens Valley,Tinemaha Elevation,3861.4
2026-09-11 11:58:56,Southern Owens Valley,Tinemaha Elevation,3861.4
2026-09-11 11:58:56,Southern Owens Valley,LAA at Alabama Level,8.0
2026-09-11 11:58:56,Southern Owens Valley,LAA at Alabama Water Temp,70.6
2026-09-11 11:58:56,Southern Owens Valley,LAA at Cottonwood Level,8.9
2026-09-11 11:58:56,Southern Owens Valley,LAA at Cotton. Water Temp,72.5
2026-09-11 11:58:56,Southern Owens Valley,N. Haiwee Elevation,3756.9
2026-09-11 11:58:56,Southern Owens Valley,S. Haiwee Reservoir Elevation,3728.2
2026-09-11 11:58:56,Southern District,S. Haiwee Reservoir Elevation,3728.2
2026-09-11 11:58:56,Southern District,Fairmont Reservoir Elevation,3024.3
2026-09-11 11:58:56,Southern District,Bouquet Reservoir Elevation,2974.9
2026-09-11 12:13:56,Mono Basin,Lee Vining Intake Above Flow,22.5
2026-09-11 12:13:56,Mono Basin,Lee Vining Intake Below Flow,23.0
2026-09-11 12:13:56,Mono Basin,Walker Ck. Above Conduit Flow,3.0
2026-09-11 12:13:56,Mono Basin,L.V. Conduit Below Intake Flow,0.5
2026-09-11 12:13:56,Mono Basin,Walker Ck. Under Conduit Flow,3.0
2026-09-11 12:13:56,Mono Basin,Parker Ck. Under Conduit Flow,8.0
2026-09-11 12:13:56,Mono Basin,Parker Ck. Above Conduit Flow,9.0
2026-09-11 12:13:56,Mono Basin,Grant Lk. Spill Flow,0.0
2026-09-11 12:13:56,Mono Basin,Mono Gate 1 Return Ditch Flow,29.8
2026-09-11 12:13:56,Mono Basin,Grant Lk. Outflow,38.8
2026-09-11 12:13:56,Mono Basin,Rush Ck. at Damsite Flow,27.1
2026-09-11 12:13:56,Mono Basin,Flow to West Portal,10.4
2026-09-11 12:13:56,Long Valley,East Portal Flow,12.0
2026-09-11 12:13:56,Long Valley,OR Below EP Flow,65.0
2026-09-11 12:13:56,Long Valley,Hot Ck.at Hwy. Flow,5.0
2026-09-11 12:13:56,Long Valley,McGee Ck. Lower Sta. Flow,8.1
2026-09-11 12:13:56,Long Valley,Long Valley Current Outflow,573.8
2026-09-11 12:13:56,Long Valley,Rock Ck. Div. Flow,0.0
2026-09-11 12:13:56,Long Valley,Upper Gorge Total Release,35.4
2026-09-11 12:13:56,Northern Owens Valley,Rock Ck. At Owens River (PV) Flow,26.2
2026-09-11 12:13:56,Northern Owens Valley,Pleasant Valley Outflow,493.8
2026-09-11 12:13:56,Northern Owens Valley,Baker Ck. At LA Station Flow,7.1
2026-09-11 12:13:56,Northern Owens Valley,Big Pine Ck. USGS Flow,28.3
2026-09-11 12:13:56,Northern Owens Valley,O.R. Below Big Pine,473.0
2026-09-11 12:13:56,Northern Owens Valley,Fish Springs At RR Flow,32.2
2026-09-11 12:13:56,Northern Owens Valley,Tinemaha Reservoir Outflow,475.8
2026-09-11 12:13:56,Northern Owens Valley,Bishop Creek Through Plant 6,64.4
2026-09-11 12:13:56,Northern Owens Valley,Bishop Creek Around Plant 6,7.1
2026-09-11 12:13:56,Southern Owens Valley,Tinemaha Reservoir Outflow,475.8
2026-09-11 12:13:56,Southern Owens Valley,Indep. Ck. At Junction Flow,3.7
2026-09-11 12:13:56,Southern Owens Valley,LAA at Alabama Flow,417.0
2026-09-11 12:13:56,Southern Owens Valley,LAA at Alabama Water Temp,70.9
2026-09-11 12:13:56,Southern Owens Valley,Cottonwood Ck. At LAA Flow,3.0
2026-09-11 12:13:56,Southern Owens Valley,LAA at Cottonwood Flow,457.0
2026-09-11 12:13:56,Southern Owens Valley,LAA at Cotton. Water Temp,72.7
2026-09-11 12:13:56,Southern Owens Valley,Haiwee LAA #1 Current Flow,0.0
2026-09-11 12:13:56,Southern Owens Valley,Haiwee LAA #2 Current Flow,146.6
2026-09-11 12:13:56,Southern Owens Valley,Reinhackel Flow,2.9
2026-09-11 12:13:56,Southern Owens Valley,Lubkin Spillgate Outflow,0.0
2026-09-11 12:13:56,Southern Owens Valley,Cartago Spillgate Outflow,16.7
2026-09-11 12:13:56,Southern Owens Valley,Lone Pine Creek Flow,7.6
2026-09-11 12:13:56,Lower Owens River Project,LORP Intake Flow,79.0
2026-09-11 12:13:56,Lower Owens River Project,LORP at Mazourka Canyon Road,0.0
2026-09-11 12:13:56,Lower Owens River Project,LORP at Reinhackle Springs,57.0
2026-09-11 12:13:56,Lower Owens River Project,LORP Above Pumpstation,50.0
2026-09-11 12:13:56,Lower Owens River Project,LORP At Pump Station Discharge Flow,38.0
2026-09-11 12:13:56,Southern District,Haiwee LAA #2 Current Flow,146.6
2026-09-11 12:13:56,Southern District,Haiwee LAA #1 Current Flow,0.0
2026-09-11 12:13:56,Southern District,LAA #1 Flow at Fairmont Reservoir,309.2
2026-09-11 12:13:56,Southern District,LAA #2 Flow at Fairmont Res.,152.9
2026-09-11 12:13:56,Southern District,Bouquet Reservoir Inflow,2.0
2026-09-11 12:13:56,Southern District,Bouquet Reservoir Outflow,0.7
2026-09-11 12:13:56,Southern District,LAA #1 at Soledad Flow,127.9
2026-09-11 12:13:56,Southern District,LAA #2 at Soledad Flow,244.6
2026-09-11 12:13:57,Mono Basin,Mono Lk. Elevation,6381.8
2026-09-11 12:13:57,Mono Basin,Grant Lk. Elevation,7128.6
2026-09-11 12:13:57,Long Valley,Long Valley Elevation,6768.6
2026-09-11 12:13:57,Northern Owens Valley,Pleasant Valley Elevation,4384.7
2026-09-11 12:13:57,Southern Owens Valley,LAA at Alabama Level,8.0
2026-09-11 12:13:57,Southern Owens Valley,LAA at Cottonwood Level,8.9
2026-09-11 12:13:57,Southern Owens Valley,N. Haiwee Elevation,3756.9
2026-09-11 12:13:57,Southern Owens Valley,S. Haiwee Reservoir Elevation,3728.2
2026-09-11 12:13:57,Southern District,S. Haiwee Reservoir Elevation,3728.2
2026-09-11 12:13:57,Southern District,Fairmont Reservoir Elevation,3024.4
2026-09-11 12:13:57,Southern District,Bouquet Reservoir Elevation,2974.9
2026-09-11 12:28:55,Mono Basin,Lee Vining Intake Above Flow,22.5
2026-09-11 12:28:55,Mono Basin,Lee Vining Intake Below Flow,23.0
2026-09-11 12:28:55,Mono Basin,Walker Ck. Above Conduit Flow,3.0
2026-09-11 12:28:55,Mono Basin,L.V. Conduit Below Intake Flow,0.5
2026-09-11 12:28:55,Mono Basin,Walker Ck. Under Conduit Flow,3.0
2026-09-11 12:28:55,Mono Basin,Parker Ck. Under Conduit Flow,8.0
2026-09-11 12:28:55,Mono Basin,Parker Ck. Above Conduit Flow,9.0
2026-09-11 12:28:55,Mono Basin,Grant Lk. Spill Flow,0.0
2026-09-11 12:28:55,Mono Basin,Mono Gate 1 Return Ditch Flow,29.8
2026-09-11 12:28:55,Mono Basin,Grant Lk. Outflow,38.7
2026-09-11 12:28:55,Mono Basin,Rush Ck. at Damsite Flow,27.1
2026-09-11 12:28:55,Mono Basin,Flow to West Portal,10.4
2026-09-11 12:28:55,Long Valley,East Portal Flow,12.0
2026-09-11 12:28:55,Long Valley,OR Below EP Flow,65.0
2026-09-11 12:28:55,Long Valley,Hot Ck.at Hwy. Flow,5.0
2026-09-11 12:28:55,Long Valley,McGee Ck. Lower Sta. Flow,8.1
2026-09-11 12:28:55,Long Valley,Long Valley Current Outflow,574.3
2026-09-11 12:28:55,Long Valley,Rock Ck. Div. Flow,0.0
2026-09-11 12:28:55,Long Valley,Upper Gorge Total Release,33.7
2026-09-11 12:28:55,Northern Owens Valley,Rock Ck. At Owens River (PV) Flow,25.9
2026-09-11 12:28:55,Northern Owens Valley,Pleasant Valley Outflow,494.5
2026-09-11 12:28:55,Northern Owens Valley,Baker Ck. At LA Station Flow,7.1
2026-09-11 12:28:55,Northern Owens Valley,Big Pine Ck. USGS Flow,27.0
2026-09-11 12:28:55,Northern Owens Valley,O.R. Below Big Pine,473.0
2026-09-11 12:28:55,Northern Owens Valley,Fish Springs At RR Flow,38.2
2026-09-11 12:28:55,Northern Owens Valley,Tinemaha Reservoir Outflow,476.6
2026-09-11 12:28:55,Northern Owens Valley,Bishop Creek Through Plant 6,64.4
2026-09-11 12:28:55,Northern Owens Valley,Bishop Creek Around Plant 6,7.1
2026-09-11 12:28:55,Southern Owens Valley,Tinemaha Reservoir Outflow,476.6
2026-09-11 12:28:55,Southern Owens Valley,Indep. Ck. At Junction Flow,3.7
2026-09-11 12:28:55,Southern Owens Valley,LAA at Alabama Flow,415.0
2026-09-11 12:28:55,Southern Owens Valley,Cottonwood Ck. At LAA Flow,3.0
2026-09-11 12:28:55,Southern Owens Valley,LAA at Cottonwood Flow,457.0
2026-09-11 12:28:55,Southern Owens Valley,Haiwee LAA #1 Current Flow,0.0
2026-09-11 12:28:55,Southern Owens Valley,Haiwee LAA #2 Current Flow,146.6
2026-09-11 12:28:55,Southern Owens Valley,Reinhackel Flow,2.9
2026-09-11 12:28:55,Southern Owens Valley,Lubkin Spillgate Outflow,0.0
2026-09-11 12:28:55,Southern Owens Valley,Cartago Spillgate Outflow,17.7
2026-09-11 12:28:55,Southern Owens Valley,Lone Pine Creek Flow,7.6
2026-09-11 12:28:55,Lower Owens River Project,LORP Intake Flow,79.0
2026-09-11 12:28:55,Lower Owens River Project,LORP at Mazourka Canyon Road,0.0
2026-09-11 12:28:55,Lower Owens River Project,LORP at Reinhackle Springs,58.0
2026-09-11 12:28:55,Lower Owens River Project,LORP Above Pumpstation,49.0
2026-09-11 12:28:55,Lower Owens River Project,LORP At Pump Station Discharge Flow,37.0
2026-09-11 12:28:55,Southern District,Haiwee LAA #2 Current Flow,146.6
2026-09-11 12:28:55,Southern District,Haiwee LAA #1 Current Flow,0.0
2026-09-11 12:28:56,Northern Owens Valley,Tinemaha Elevation,3861.4
2026-09-11 12:28:56,Southern Owens Valley,Tinemaha Elevation,3861.4
2026-09-11 12:28:56,Mono Basin,Mono Lk. Elevation,6381.8
2026-09-11 12:28:56,Mono Basin,Grant Lk. Elevation,7128.7
2026-09-11 12:28:56,Long Valley,Long Valley Elevation,6768.6
2026-09-11 12:28:56,Northern Owens Valley,Pleasant Valley Elevation,4384.7
2026-09-11 12:28:56,Southern Owens Valley,LAA at Alabama Level,8.0
2026-09-11 12:28:56,Southern Owens Valley,LAA at Alabama Water Temp,71.0
2026-09-11 12:28:56,Southern Owens Valley,LAA at Cottonwood Level,8.9
2026-09-11 12:28:56,Southern Owens Valley,LAA at Cotton. Water Temp,72.7
2026-09-11 12:28:56,Southern Owens Valley,N. Haiwee Elevation,3756.9
2026-09-11 12:28:56,Southern Owens Valley,S. Haiwee Reservoir Elevation,3728.2
2026-09-11 12:28:56,Southern District,S. Haiwee Reservoir Elevation,3728.2
2026-09-11 12:28:56,Southern District,Fairmont Reservoir Elevation,3024.4
2026-09-11 12:28:56,Southern District,LAA #1 Flow at Fairmont Reservoir,308.5
2026-09-11 12:28:56,Southern District,LAA #2 Flow at Fairmont Res.,153.1
2026-09-11 12:28:56,Southern District,Bouquet Reservoir Elevation,2974.9
2026-09-11 12:28:56,Southern District,Bouquet Reservoir Inflow,4.4
2026-09-11 12:28:56,Southern District,Bouquet Reservoir Outflow,0.7
2026-09-11 12:28:56,Southern District,LAA #1 at Soledad Flow,127.9
2026-09-11 12:28:56,Southern District,LAA #2 at Soledad Flow,244.6
2026-09-11 12:43:57,Mono Basin,Lee Vining Intake Above Flow,22.9
2026-09-11 12:43:57,Mono Basin,Lee Vining Intake Below Flow,22.8
2026-09-11 12:43:57,Mono Basin,Walker Ck. Above Conduit Flow,3.0
2026-09-11 12:43:57,Mono Basin,L.V. Conduit Below Intake Flow,0.5
2026-09-11 12:43:57,Mono Basin,Walker Ck. Under Conduit Flow,3.0
2026-09-11 12:43:57,Mono Basin,Parker Ck. Under Conduit Flow,8.0
2026-09-11 12:43:57,Mono Basin,Parker Ck. Above Conduit Flow,9.0
2026-09-11 12:43:57,Mono Basin,Grant Lk. Spill Flow,0.0
2026-09-11 12:43:57,Mono Basin,Mono Gate 1 Return Ditch Flow,29.8
2026-09-11 12:43:57,Mono Basin,Grant Lk. Outflow,38.7
2026-09-11 12:43:57,Mono Basin,Rush Ck. at Damsite Flow,27.1
2026-09-11 12:43:57,Mono Basin,Flow to West Portal,10.4
2026-09-11 12:43:57,Long Valley,East Portal Flow,12.0
2026-09-11 12:43:57,Long Valley,OR Below EP Flow,65.0
2026-09-11 12:43:57,Long Valley,Hot Ck.at Hwy. Flow,5.0
2026-09-11 12:43:57,Long Valley,McGee Ck. Lower Sta. Flow,8.1
2026-09-11 12:43:57,Long Valley,Long Valley Current Outflow,574.3
2026-09-11 12:43:57,Long Valley,Rock Ck. Div. Flow,0.0
2026-09-11 12:43:57,Long Valley,Upper Gorge Total Release,33.6
2026-09-11 12:43:57,Long Valley,Release at Middle Gorge,0.0
2026-09-11 12:43:57,Northern Owens Valley,Rock Ck. At Owens River (PV) Flow,25.8
2026-09-11 12:43:57,Northern Owens Valley,Pleasant Valley Outflow,494.8
2026-09-11 12:43:57,Northern Owens Valley,Baker Ck. At LA Station Flow,7.1
2026-09-11 12:43:57,Northern Owens Valley,Big Pine Ck. USGS Flow,27.0
2026-09-11 12:43:57,Northern Owens Valley,O.R. Below Big Pine,472.7
2026-09-11 12:43:57,Northern Owens Valley,Fish Springs At RR Flow,38.2
2026-09-11 12:43:57,Northern Owens Valley,Tinemaha Reservoir Outflow,476.6
2026-09-11 12:43:57,Northern Owens Valley,Bishop Creek Through Plant 6,66.4
2026-09-11 12:43:57,Northern Owens Valley,Bishop Creek Around Plant 6,6.5
2026-09-11 12:43:57,Southern Owens Valley,Tinemaha Reservoir Outflow,476.6
2026-09-11 12:43:57,Southern Owens Valley,Indep. Ck. At Junction Flow,3.4
2026-09-11 12:43:57,Southern Owens Valley,LAA at Alabama Flow,415.0
2026-09-11 12:43:57,Southern Owens Valley,Cottonwood Ck. At LAA Flow,3.0
2026-09-11 12:43:57,Southern Owens Valley,LAA at Cottonwood Flow,458.0
2026-09-11 12:43:57,Southern Owens Valley,Haiwee LAA #1 Current Flow,0.0
2026-09-11 12:43:57,Southern Owens Valley,Haiwee LAA #2 Current Flow,146.6
2026-09-11 12:43:57,Southern Owens Valley,Reinhackel Flow,2.9
2026-09-11 12:43:57,Southern Owens Valley,Lubkin Spillgate Outflow,0.0
2026-09-11 12:43:57,Southern Owens Valley,Cartago Spillgate Outflow,17.7
2026-09-11 12:43:57,Southern Owens Valley,Lone Pine Creek Flow,7.5
2026-09-11 12:43:57,Lower Owens River Project,LORP Intake Flow,79.0
2026-09-11 12:43:57,Lower Owens River Project,LORP at Mazourka Canyon Road,0.0
2026-09-11 12:43:57,Lower Owens River Project,LORP at Reinhackle Springs,58.0
2026-09-11 12:43:57,Lower Owens River Project,LORP Above Pumpstation,49.0
2026-09-11 12:43:57,Lower Owens River Project,LORP At Pump Station Discharge Flow,37.0
2026-09-11 12:43:57,Southern District,Haiwee LAA #2 Current Flow,146.6
2026-09-11 12:43:57,Southern District,Haiwee LAA #1 Current Flow,0.0
2026-09-11 12:43:58,Mono Basin,Mono Lk. Elevation,6381.8
2026-09-11 12:43:58,Mono Basin,Grant Lk. Elevation,7128.7
2026-09-11 12:43:58,Long Valley,Long Valley Elevation,6768.6
2026-09-11 12:43:58,Northern Owens Valley,Pleasant Valley Elevation,4384.7
2026-09-11 12:43:58,Southern Owens Valley,LAA at Alabama Level,8.0
2026-09-11 12:43:58,Southern Owens Valley,LAA at Alabama Water Temp,71.0
2026-09-11 12:43:58,Southern Owens Valley,LAA at Cottonwood Level,8.9
2026-09-11 12:43:58,Southern Owens Valley,LAA at Cotton. Water Temp,73.0
2026-09-11 12:43:58,Southern Owens Valley,N. Haiwee Elevation,3756.9
2026-09-11 12:43:58,Southern Owens Valley,S. Haiwee Reservoir Elevation,3728.2
2026-09-11 12:43:58,Southern District,S. Haiwee Reservoir Elevation,3728.2
2026-09-11 12:43:58,Southern District,Fairmont Reservoir Elevation,3024.4
2026-09-11 12:43:58,Southern District,LAA #1 Flow at Fairmont Reservoir,308.4
2026-09-11 12:43:58,Southern District,LAA #2 Flow at Fairmont Res.,153.3
2026-09-11 12:43:58,Southern District,Bouquet Reservoir Elevation,2974.9
2026-09-11 12:43:58,Southern District,Bouquet Reservoir Inflow,0.2
2026-09-11 12:43:58,Southern District,Bouquet Reservoir Outflow,0.7
2026-09-11 12:43:58,Southern District,LAA #1 at Soledad Flow,127.9
2026-09-11 12:43:58,Southern District,LAA #2 at Soledad Flow,244.6
2026-09-11 12:58:55,Mono Basin,Lee Vining Intake Above Flow,22.9
2026-09-11 12:58:55,Mono Basin,Lee Vining Intake Below Flow,22.8
2026-09-11 12:58:55,Mono Basin,Walker Ck. Above Conduit Flow,3.0
2026-09-11 12:58:55,Mono Basin,L.V. Conduit Below Intake Flow,0.5
2026-09-11 12:58:55,Mono Basin,Walker Ck. Under Conduit Flow,3.0
2026-09-11 12:58:55,Mono Basin,Parker Ck. Under Conduit Flow,8.0
2026-09-11 12:58:55,Mono Basin,Parker Ck. Above Conduit Flow,9.0
2026-09-11 12:58:55,Mono Basin,Grant Lk. Spill Flow,0.0
2026-09-11 12:58:55,Mono Basin,Mono Gate 1 Return Ditch Flow,29.8
2026-09-11 12:58:55,Mono Basin,Grant Lk. Outflow,38.7
2026-09-11 12:58:55,Mono Basin,Rush Ck. at Damsite Flow,27.1
2026-09-11 12:58:55,Mono Basin,Flow to West Portal,10.4
2026-09-11 12:58:55,Long Valley,East Portal Flow,12.0
2026-09-11 12:58:55,Long Valley,OR Below EP Flow,65.0
2026-09-11 12:58:55,Long Valley,Hot Ck.at Hwy. Flow,5.0
2026-09-11 12:58:55,Long Valley,McGee Ck. Lower Sta. Flow,8.1
2026-09-11 12:58:55,Long Valley,Long Valley Current Outflow,574.3
2026-09-11 12:58:55,Long Valley,Rock Ck. Div. Flow,0.0
2026-09-11 12:58:55,Long Valley,Upper Gorge Total Release,33.5
2026-09-11 12:58:55,Northern Owens Valley,Rock Ck. At Owens River (PV) Flow,25.8
2026-09-11 12:58:55,Northern Owens Valley,Pleasant Valley Outflow,494.9
2026-09-11 12:58:55,Northern Owens Valley,Baker Ck. At LA Station Flow,7.1
2026-09-11 12:58:55,Northern Owens Valley,Big Pine Ck. USGS Flow,27.0
2026-09-11 12:58:55,Northern Owens Valley,O.R. Below Big Pine,472.6
2026-09-11 12:58:55,Northern Owens Valley,Fish Springs At RR Flow,38.2
2026-09-11 12:58:55,Northern Owens Valley,Tinemaha Reservoir Outflow,476.6
2026-09-11 12:58:55,Northern Owens Valley,Bishop Creek Through Plant 6,66.4
2026-09-11 12:58:55,Northern Owens Valley,Bishop Creek Around Plant 6,6.5
2026-09-11 12:58:55,Southern Owens Valley,Tinemaha Reservoir Outflow,476.6
2026-09-11 12:58:55,Southern Owens Valley,Indep. Ck. At Junction Flow,3.4
2026-09-11 12:58:55,Southern Owens Valley,LAA at Alabama Flow,415.0
2026-09-11 12:58:55,Southern Owens Valley,Cottonwood Ck. At LAA Flow,3.0
2026-09-11 12:58:55,Southern Owens Valley,LAA at Cottonwood Flow,458.0
2026-09-11 12:58:55,Southern Owens Valley,Haiwee LAA #1 Current Flow,0.0
2026-09-11 12:58:55,Southern Owens Valley,Haiwee LAA #2 Current Flow,146.6
2026-09-11 12:58:55,Southern Owens Valley,Reinhackel Flow,2.9
2026-09-11 12:58:55,Southern Owens Valley,Lubkin Spillgate Outflow,0.0
2026-09-11 12:58:55,Southern Owens Valley,Cartago Spillgate Outflow,17.9
2026-09-11 12:58:55,Southern Owens Valley,Lone Pine Creek Flow,7.5
2026-09-11 12:58:55,Lower Owens River Project,LORP Intake Flow,79.0
2026-09-11 12:58:55,Lower Owens River Project,LORP at Mazourka Canyon Road,0.0
2026-09-11 12:58:55,Lower Owens River Project,LORP at Reinhackle Springs,58.0
2026-09-11 12:58:55,Lower Owens River Project,LORP Above Pumpstation,48.0
2026-09-11 12:58:55,Lower Owens River Project,LORP At Pump Station Discharge Flow,37.0
2026-09-11 12:58:55,Southern District,Haiwee LAA #2 Current Flow,146.6
2026-09-11 12:58:55,Southern District,Haiwee LAA #1 Current Flow,0.0
2026-09-11 12:58:55,Southern District,LAA #1 Flow at Fairmont Reservoir,309.2
2026-09-11 12:58:55,Southern District,LAA #2 Flow at Fairmont Res.,153.3
2026-09-11 12:58:55,Southern District,Bouquet Reservoir Inflow,0.0
2026-09-11 12:58:55,Southern District,Bouquet Reservoir Outflow,0.7
2026-09-11 12:58:55,Southern District,LAA #1 at Soledad Flow,127.9
2026-09-11 12:58:55,Southern District,LAA #2 at Soledad Flow,244.6
2026-09-11 12:58:56,Northern Owens Valley,Tinemaha Elevation,3861.4
2026-09-11 12:58:56,Southern Owens Valley,Tinemaha Elevation,3861.4
2026-09-11 12:58:56,Mono Basin,Mono Lk. Elevation,6381.8
2026-09-11 12:58:56,Mono Basin,Grant Lk. Elevation,7128.7
2026-09-11 12:58:56,Long Valley,Long Valley Elevation,6768.6
2026-09-11 12:58:56,Northern Owens Valley,Pleasant Valley Elevation,4384.7
2026-09-11 12:58:56,Southern Owens Valley,LAA at Alabama Level,8.0
2026-09-11 12:58:56,Southern Owens Valley,LAA at Alabama Water Temp,71.0
2026-09-11 12:58:56,Southern Owens Valley,LAA at Cottonwood Level,8.9
2026-09-11 12:58:56,Southern Owens Valley,LAA at Cotton. Water Temp,73.2
2026-09-11 12:58:56,Southern Owens Valley,N. Haiwee Elevation,3756.9
2026-09-11 12:58:56,Southern Owens Valley,S. Haiwee Reservoir Elevation,3728.2
2026-09-11 12:58:56,Southern District,S. Haiwee Reservoir Elevation,3728.2
2026-09-11 12:58:56,Southern District,Fairmont Reservoir Elevation,3024.4
2026-09-11 12:58:56,Southern District,Bouquet Reservoir Elevation,2974.9
2026-09-11 13:13:56,Mono Basin,Lee Vining Intake Above Flow,22.4
2026-09-11 13:13:56,Mono Basin,Lee Vining Intake Below Flow,22.8
2026-09-11 13:13:56,Mono Basin,Mono Lk. Elevation,6381.8
2026-09-11 13:13:56,Mono Basin,Walker Ck. Above Conduit Flow,3.0
2026-09-11 13:13:56,Mono Basin,L.V. Conduit Below Intake Flow,0.5
2026-09-11 13:13:56,Mono Basin,Walker Ck. Under Conduit Flow,3.0
2026-09-11 13:13:56,Mono Basin,Parker Ck. Under Conduit Flow,8.0
2026-09-11 13:13:56,Mono Basin,Parker Ck. Above Conduit Flow,9.0
2026-09-11 13:13:56,Mono Basin,Grant Lk. Spill Flow,0.0
2026-09-11 13:13:56,Mono Basin,Mono Gate 1 Return Ditch Flow,29.8
2026-09-11 13:13:56,Mono Basin,Grant Lk. Elevation,7128.7
2026-09-11 13:13:56,Mono Basin,Grant Lk. Outflow,38.7
2026-09-11 13:13:56,Mono Basin,Rush Ck. at Damsite Flow,21.2
2026-09-11 13:13:56,Mono Basin,Flow to West Portal,10.4
2026-09-11 13:13:56,Long Valley,East Portal Flow,12.0
2026-09-11 13:13:56,Long Valley,OR Below EP Flow,65.0
2026-09-11 13:13:56,Long Valley,Hot Ck.at Hwy. Flow,5.0
2026-09-11 13:13:56,Long Valley,McGee Ck. Lower Sta. Flow,8.1
2026-09-11 13:13:56,Long Valley,Long Valley Elevation,6768.6
2026-09-11 13:13:56,Long Valley,Long Valley Current Outflow,574.3
2026-09-11 13:13:56,Long Valley,Rock Ck. Div. Flow,0.0
2026-09-11 13:13:56,Long Valley,Upper Gorge Total Release,33.8
2026-09-11 13:13:56,Northern Owens Valley,Rock Ck. At Owens River (PV) Flow,25.8
2026-09-11 13:13:56,Northern Owens Valley,Pleasant Valley Elevation,4384.8
2026-09-11 13:13:56,Northern Owens Valley,Pleasant Valley Outflow,494.8
2026-09-11 13:13:56,Northern Owens Valley,Baker Ck. At LA Station Flow,7.1
2026-09-11 13:13:56,Northern Owens Valley,Big Pine Ck. USGS Flow,27.0
2026-09-11 13:13:56,Northern Owens Valley,O.R. Below Big Pine,473.0
2026-09-11 13:13:56,Northern Owens Valley,Fish Springs At RR Flow,38.2
2026-09-11 13:13:56,Northern Owens Valley,Tinemaha Reservoir Outflow,476.6
2026-09-11 13:13:56,Northern Owens Valley,Bishop Creek Through Plant 6,66.4
2026-09-11 13:13:56,Northern Owens Valley,Bishop Creek Around Plant 6,6.5
2026-09-11 13:13:56,Southern Owens Valley,Tinemaha Reservoir Outflow,476.6
2026-09-11 13:13:56,Southern Owens Valley,Indep. Ck. At Junction Flow,3.4
2026-09-11 13:13:56,Southern Owens Valley,LAA at Alabama Flow,416.0
2026-09-11 13:13:56,Southern Owens Valley,LAA at Alabama Level,8.0
2026-09-11 13:13:56,Southern Owens Valley,LAA at Alabama Water Temp,71.5
2026-09-11 13:13:56,Southern Owens Valley,Cottonwood Ck. At LAA Flow,3.0
2026-09-11 13:13:56,Southern Owens Valley,LAA at Cottonwood Flow,458.0
2026-09-11 13:13:56,Southern Owens Valley,LAA at Cottonwood Level,8.9
2026-09-11 13:13:56,Southern Owens Valley,LAA at Cotton. Water Temp,73.4
2026-09-11 13:13:56,Southern Owens Valley,N. Haiwee Elevation,3756.9
2026-09-11 13:13:56,Southern Owens Valley,S. Haiwee Reservoir Elevation,3728.2
2026-09-11 13:13:56,Southern Owens Valley,Haiwee LAA #1 Current Flow,0.0
2026-09-11 13:13:56,Southern Owens Valley,Haiwee LAA #2 Current Flow,146.6
2026-09-11 13:13:56,Southern Owens Valley,Reinhackel Flow,2.9
2026-09-11 13:13:56,Southern Owens Valley,Lubkin Spillgate Outflow,0.0
2026-09-11 13:13:56,Southern Owens Valley,Cartago Spillgate Outflow,17.9
2026-09-11 13:13:56,Southern Owens Valley,Lone Pine Creek Flow,7.5
2026-09-11 13:13:56,Lower Owens River Project,LORP Intake Flow,79.0
2026-09-11 13:13:56,Lower Owens River Project,LORP at Mazourka Canyon Road,0.0
2026-09-11 13:13:56,Lower Owens River Project,LORP at Reinhackle Springs,58.0
2026-09-11 13:13:56,Lower Owens River Project,LORP Above Pumpstation,59.0
2026-09-11 13:13:56,Lower Owens River Project,LORP At Pump Station Discharge Flow,48.0
2026-09-11 13:13:56,Southern District,Haiwee LAA #2 Current Flow,146.6
2026-09-11 13:13:56,Southern District,S. Haiwee Reservoir Elevation,3728.2
2026-09-11 13:13:56,Southern District,Haiwee LAA #1 Current Flow,0.0
2026-09-11 13:13:56,Southern District,Fairmont Reservoir Elevation,3024.5
2026-09-11 13:13:56,Southern District,LAA #1 Flow at Fairmont Reservoir,308.0
2026-09-11 13:13:56,Southern District,LAA #2 Flow at Fairmont Res.,153.3
2026-09-11 13:13:56,Southern District,Bouquet Reservoir Elevation,2974.9
2026-09-11 13:13:56,Southern District,Bouquet Reservoir Inflow,0.0
2026-09-11 13:13:56,Southern District,Bouquet Reservoir Outflow,0.7
2026-09-11 13:13:56,Southern District,LAA #1 at Soledad Flow,127.9
2026-09-11 13:13:56,Southern District,LAA #2 at Soledad Flow,244.6
2026-09-11 13:28:55,Mono Basin,Lee Vining Intake Above Flow,22.4
2026-09-11 13:28:55,Mono Basin,Lee Vining Intake Below Flow,22.8
2026-09-11 13:28:55,Mono Basin,Walker Ck. Above Conduit Flow,3.0
2026-09-11 13:28:55,Mono Basin,L.V. Conduit Below Intake Flow,0.5
2026-09-11 13:28:55,Mono Basin,Walker Ck. Under Conduit Flow,3.0
2026-09-11 13:28:55,Mono Basin,Parker Ck. Under Conduit Flow,8.0
2026-09-11 13:28:55,Mono Basin,Parker Ck. Above Conduit Flow,9.0
2026-09-11 13:28:55,Mono Basin,Grant Lk. Spill Flow,0.0
2026-09-11 13:28:55,Mono Basin,Mono Gate 1 Return Ditch Flow,29.8
2026-09-11 13:28:55,Mono Basin,Grant Lk. Outflow,38.8
2026-09-11 13:28:55,Mono Basin,Rush Ck. at Damsite Flow,21.3
2026-09-11 13:28:55,Mono Basin,Flow to West Portal,10.4
2026-09-11 13:28:55,Long Valley,East Portal Flow,12.0
2026-09-11 13:28:55,Long Valley,OR Below EP Flow,65.0
2026-09-11 13:28:55,Long Valley,Hot Ck.at Hwy. Flow,5.0
2026-09-11 13:28:55,Long Valley,McGee Ck. Lower Sta. Flow,8.1
2026-09-11 13:28:55,Long Valley,Long Valley Current Outflow,574.7
2026-09-11 13:28:55,Long Valley,Rock Ck. Div. Flow,0.0
2026-09-11 13:28:55,Long Valley,Upper Gorge Total Release,33.4
2026-09-11 13:28:55,Northern Owens Valley,Rock Ck. At Owens River (PV) Flow,25.8
2026-09-11 13:28:55,Northern Owens Valley,Pleasant Valley Outflow,494.9
2026-09-11 13:28:55,Northern Owens Valley,Baker Ck. At LA Station Flow,7.1
2026-09-11 13:28:55,Northern Owens Valley,Big Pine Ck. USGS Flow,27.0
2026-09-11 13:28:55,Northern Owens Valley,O.R. Below Big Pine,472.4
2026-09-11 13:28:55,Northern Owens Valley,Fish Springs At RR Flow,38.2
2026-09-11 13:28:55,Northern Owens Valley,Tinemaha Reservoir Outflow,475.8
2026-09-11 13:28:55,Northern Owens Valley,Bishop Creek Through Plant 6,66.4
2026-09-11 13:28:55,Northern Owens Valley,Bishop Creek Around Plant 6,6.5
2026-09-11 13:28:55,Southern Owens Valley,Tinemaha Reservoir Outflow,475.8
2026-09-11 13:28:55,Southern Owens Valley,Indep. Ck. At Junction Flow,3.4
2026-09-11 13:28:55,Southern Owens Valley,LAA at Alabama Flow,416.0
2026-09-11 13:28:55,Southern Owens Valley,Cottonwood Ck. At LAA Flow,3.0
2026-09-11 13:28:55,Southern Owens Valley,LAA at Cottonwood Flow,458.0
2026-09-11 13:28:55,Southern Owens Valley,Haiwee LAA #1 Current Flow,0.0
2026-09-11 13:28:55,Southern Owens Valley,Haiwee LAA #2 Current Flow,146.6
2026-09-11 13:28:55,Southern Owens Valley,Reinhackel Flow,2.9
2026-09-11 13:28:55,Southern Owens Valley,Lubkin Spillgate Outflow,0.0
2026-09-11 13:28:55,Southern Owens Valley,Cartago Spillgate Outflow,18.1
2026-09-11 13:28:55,Southern Owens Valley,Lone Pine Creek Flow,7.5
2026-09-11 13:28:55,Lower Owens River Project,LORP Intake Flow,79.0
2026-09-11 13:28:55,Lower Owens River Project,LORP at Mazourka Canyon Road,0.0
2026-09-11 13:28:55,Lower Owens River Project,LORP at Reinhackle Springs,55.0
2026-09-11 13:28:55,Lower Owens River Project,LORP Above Pumpstation,57.0
2026-09-11 13:28:55,Lower Owens River Project,LORP At Pump Station Discharge Flow,47.0
2026-09-11 13:28:55,Southern District,Haiwee LAA #2 Current Flow,146.6
2026-09-11 13:28:55,Southern District,Haiwee LAA #1 Current Flow,0.0
2026-09-11 13:28:55,Southern District,LAA #1 Flow at Fairmont Reservoir,305.9
2026-09-11 13:28:55,Southern District,LAA #2 Flow at Fairmont Res.,153.3
2026-09-11 13:28:55,Southern District,Bouquet Reservoir Inflow,0.4
2026-09-11 13:28:55,Southern District,Bouquet Reservoir Outflow,0.7
2026-09-11 13:28:55,Southern District,LAA #1 at Soledad Flow,127.9
2026-09-11 13:28:55,Southern District,LAA #2 at Soledad Flow,244.6
2026-09-11 13:28:56,Northern Owens Valley,Tinemaha Elevation,3861.4
2026-09-11 13:28:56,Southern Owens Valley,Tinemaha Elevation,3861.4
2026-09-11 13:28:56,Mono Basin,Mono Lk. Elevation,6381.8
2026-09-11 13:28:56,Mono Basin,Grant Lk. Elevation,7128.6
2026-09-11 13:28:56,Long Valley,Long Valley Elevation,6768.6
2026-09-11 13:28:56,Northern Owens Valley,Pleasant Valley Elevation,4384.8
2026-09-11 13:28:56,Southern Owens Valley,LAA at Alabama Level,8.0
2026-09-11 13:28:56,Southern Owens Valley,LAA at Alabama Water Temp,71.5
2026-09-11 13:28:56,Southern Owens Valley,LAA at Cottonwood Level,8.9
2026-09-11 13:28:56,Southern Owens Valley,LAA at Cotton. Water Temp,73.4
2026-09-11 13:28:56,Southern Owens Valley,N. Haiwee Elevation,3756.9
2026-09-11 13:28:56,Southern Owens Valley,S. Haiwee Reservoir Elevation,3728.2
2026-09-11 13:28:56,Southern District,S. Haiwee Reservoir Elevation,3728.2
2026-09-11 13:28:56,Southern District,Fairmont Reservoir Elevation,3024.5
2026-09-11 13:28:56,Southern District,Bouquet Reservoir Elevation,2974.9
2026-09-11 13:43:57,Mono Basin,Lee Vining Intake Above Flow,22.6
2026-09-11 13:43:57,Mono Basin,Lee Vining Intake Below Flow,22.6
2026-09-11 13:43:57,Mono Basin,Mono Lk. Elevation,6381.8
2026-09-11 13:43:57,Mono Basin,Walker Ck. Above Conduit Flow,3.0
2026-09-11 13:43:57,Mono Basin,L.V. Conduit Below Intake Flow,0.5
2026-09-11 13:43:57,Mono Basin,Walker Ck. Under Conduit Flow,3.0
2026-09-11 13:43:57,Mono Basin,Parker Ck. Under Conduit Flow,8.0
2026-09-11 13:43:57,Mono Basin,Parker Ck. Above Conduit Flow,9.0
2026-09-11 13:43:57,Mono Basin,Grant Lk. Spill Flow,0.0
2026-09-11 13:43:57,Mono Basin,Mono Gate 1 Return Ditch Flow,29.8
2026-09-11 13:43:57,Mono Basin,Grant Lk. Elevation,7128.6
2026-09-11 13:43:57,Mono Basin,Grant Lk. Outflow,38.8
2026-09-11 13:43:57,Mono Basin,Rush Ck. at Damsite Flow,21.3
2026-09-11 13:43:57,Mono Basin,Flow to West Portal,10.4
2026-09-11 13:43:57,Long Valley,East Portal Flow,23.0
2026-09-11 13:43:57,Long Valley,OR Below EP Flow,66.0
2026-09-11 13:43:57,Long Valley,Hot Ck.at Hwy. Flow,5.0
2026-09-11 13:43:57,Long Valley,McGee Ck. Lower Sta. Flow,8.1
2026-09-11 13:43:57,Long Valley,Long Valley Elevation,6768.6
2026-09-11 13:43:57,Long Valley,Long Valley Current Outflow,574.7
2026-09-11 13:43:57,Long Valley,Rock Ck. Div. Flow,0.0
2026-09-11 13:43:57,Long Valley,Upper Gorge Total Release,34.7
2026-09-11 13:43:57,Long Valley,Release at Middle Gorge,0.0
2026-09-11 13:43:57,Northern Owens Valley,Rock Ck. At Owens River (PV) Flow,25.8
2026-09-11 13:43:57,Northern Owens Valley,Pleasant Valley Elevation,4384.8
2026-09-11 13:43:57,Northern Owens Valley,Pleasant Valley Outflow,495.1
2026-09-11 13:43:57,Northern Owens Valley,Baker Ck. At LA Station Flow,7.1
2026-09-11 13:43:57,Northern Owens Valley,Big Pine Ck. USGS Flow,27.0
2026-09-11 13:43:57,Northern Owens Valley,O.R. Below Big Pine,472.6
2026-09-11 13:43:57,Northern Owens Valley,Fish Springs At RR Flow,38.2
2026-09-11 13:43:57,Northern Owens Valley,Tinemaha Reservoir Outflow,475.8
2026-09-11 13:43:57,Northern Owens Valley,Bishop Creek Through Plant 6,66.4
2026-09-11 13:43:57,Northern Owens Valley,Bishop Creek Around Plant 6,6.5
2026-09-11 13:43:57,Southern Owens Valley,Tinemaha Reservoir Outflow,475.8
2026-09-11 13:43:57,Southern Owens Valley,Indep. Ck. At Junction Flow,3.4
2026-09-11 13:43:57,Southern Owens Valley,LAA at Alabama Flow,416.0
2026-09-11 13:43:57,Southern Owens Valley,LAA at Alabama Level,8.0
2026-09-11 13:43:57,Southern Owens Valley,LAA at Alabama Water Temp,71.5
2026-09-11 13:43:57,Southern Owens Valley,Cottonwood Ck. At LAA Flow,3.0
2026-09-11 13:43:57,Southern Owens Valley,LAA at Cottonwood Flow,458.0
2026-09-11 13:43:57,Southern Owens Valley,LAA at Cottonwood Level,8.9
2026-09-11 13:43:57,Southern Owens Valley,LAA at Cotton. Water Temp,73.7
2026-09-11 13:43:57,Southern Owens Valley,N. Haiwee Elevation,3756.9
2026-09-11 13:43:57,Southern Owens Valley,S. Haiwee Reservoir Elevation,3728.2
2026-09-11 13:43:57,Southern Owens Valley,Haiwee LAA #1 Current Flow,0.0
2026-09-11 13:43:57,Southern Owens Valley,Haiwee LAA #2 Current Flow,146.6
2026-09-11 13:43:57,Southern Owens Valley,Reinhackel Flow,2.9
2026-09-11 13:43:57,Southern Owens Valley,Lubkin Spillgate Outflow,0.0
2026-09-11 13:43:57,Southern Owens Valley,Cartago Spillgate Outflow,18.1
2026-09-11 13:43:57,Southern Owens Valley,Lone Pine Creek Flow,7.5
2026-09-11 13:43:57,Lower Owens River Project,LORP Intake Flow,79.0
2026-09-11 13:43:57,Lower Owens River Project,LORP at Mazourka Canyon Road,0.0
2026-09-11 13:43:57,Lower Owens River Project,LORP at Reinhackle Springs,55.0
2026-09-11 13:43:57,Lower Owens River Project,LORP Above Pumpstation,58.0
2026-09-11 13:43:57,Lower Owens River Project,LORP At Pump Station Discharge Flow,48.0
2026-09-11 13:43:57,Southern District,Haiwee LAA #2 Current Flow,146.6
2026-09-11 13:43:57,Southern District,S. Haiwee Reservoir Elevation,3728.2
2026-09-11 13:43:57,Southern District,Haiwee LAA #1 Current Flow,0.0
2026-09-11 13:43:57,Southern District,Fairmont Reservoir Elevation,3024.5
2026-09-11 13:43:57,Southern District,LAA #1 Flow at Fairmont Reservoir,309.1
2026-09-11 13:43:57,Southern District,LAA #2 Flow at Fairmont Res.,153.3
2026-09-11 13:43:57,Southern District,Bouquet Reservoir Elevation,2974.9
2026-09-11 13:43:57,Southern District,Bouquet Reservoir Inflow,0.5
2026-09-11 13:43:57,Southern District,Bouquet Reservoir Outflow,0.7
2026-09-11 13:43:57,Southern District,LAA #1 at Soledad Flow,127.9
2026-09-11 13:43:57,Southern District,LAA #2 at Soledad Flow,244.6
2026-09-11 13:58:55,Mono Basin,Lee Vining Intake Above Flow,22.6
2026-09-11 13:58:55,Mono Basin,Lee Vining Intake Below Flow,22.6
2026-09-11 13:58:55,Mono Basin,Walker Ck. Above Conduit Flow,3.0
2026-09-11 13:58:55,Mono Basin,L.V. Conduit Below Intake Flow,0.5
2026-09-11 13:58:55,Mono Basin,Walker Ck. Under Conduit Flow,3.0
2026-09-11 13:58:55,Mono Basin,Parker Ck. Under Conduit Flow,8.0
2026-09-11 13:58:55,Mono Basin,Parker Ck. Above Conduit Flow,9.0
2026-09-11 13:58:55,Mono Basin,Grant Lk. Spill Flow,0.0
2026-09-11 13:58:55,Mono Basin,Mono Gate 1 Return Ditch Flow,29.8
2026-09-11 13:58:55,Mono Basin,Grant Lk. Outflow,38.8
2026-09-11 13:58:55,Mono Basin,Rush Ck. at Damsite Flow,21.3
2026-09-11 13:58:55,Mono Basin,Flow to West Portal,10.4
2026-09-11 13:58:55,Long Valley,East Portal Flow,23.0
2026-09-11 13:58:55,Long Valley,OR Below EP Flow,66.0
2026-09-11 13:58:55,Long Valley,Hot Ck.at Hwy. Flow,5.0
2026-09-11 13:58:55,Long Valley,McGee Ck. Lower Sta. Flow,8.1
2026-09-11 13:58:55,Long Valley,Long Valley Current Outflow,573.5
2026-09-11 13:58:55,Long Valley,Rock Ck. Div. Flow,0.0
2026-09-11 13:58:55,Long Valley,Upper Gorge Total Release,33.8
2026-09-11 13:58:55,Northern Owens Valley,Rock Ck. At Owens River (PV) Flow,25.7
2026-09-11 13:58:55,Northern Owens Valley,Pleasant Valley Outflow,495.6
2026-09-11 13:58:55,Northern Owens Valley,Baker Ck. At LA Station Flow,7.1
2026-09-11 13:58:55,Northern Owens Valley,Big Pine Ck. USGS Flow,27.0
2026-09-11 13:58:55,Northern Owens Valley,O.R. Below Big Pine,472.1
2026-09-11 13:58:55,Northern Owens Valley,Fish Springs At RR Flow,38.2
2026-09-11 13:58:55,Northern Owens Valley,Tinemaha Reservoir Outflow,475.8
2026-09-11 13:58:55,Northern Owens Valley,Bishop Creek Through Plant 6,64.1
2026-09-11 13:58:55,Northern Owens Valley,Bishop Creek Around Plant 6,6.5
2026-09-11 13:58:55,Southern Owens Valley,Tinemaha Reservoir Outflow,475.8
2026-09-11 13:58:55,Southern Owens Valley,Indep. Ck. At Junction Flow,3.4
2026-09-11 13:58:55,Southern Owens Valley,LAA at Alabama Flow,416.0
2026-09-11 13:58:55,Southern Owens Valley,Cottonwood Ck. At LAA Flow,3.0
2026-09-11 13:58:55,Southern Owens Valley,LAA at Cottonwood Flow,459.0
2026-09-11 13:58:55,Southern Owens Valley,Haiwee LAA #1 Current Flow,0.0
2026-09-11 13:58:55,Southern Owens Valley,Haiwee LAA #2 Current Flow,146.6
2026-09-11 13:58:55,Southern Owens Valley,Reinhackel Flow,2.9
2026-09-11 13:58:55,Southern Owens Valley,Lubkin Spillgate Outflow,0.0
2026-09-11 13:58:55,Southern Owens Valley,Cartago Spillgate Outflow,18.1
2026-09-11 13:58:55,Southern Owens Valley,Lone Pine Creek Flow,7.5
2026-09-11 13:58:55,Lower Owens River Project,LORP Intake Flow,79.0
2026-09-11 13:58:55,Lower Owens River Project,LORP at Mazourka Canyon Road,0.0
2026-09-11 13:58:55,Lower Owens River Project,LORP at Reinhackle Springs,55.0
2026-09-11 13:58:55,Lower Owens River Project,LORP Above Pumpstation,59.0
2026-09-11 13:58:55,Lower Owens River Project,LORP At Pump Station Discharge Flow,48.0
2026-09-11 13:58:55,Southern District,Haiwee LAA #2 Current Flow,146.6
2026-09-11 13:58:55,Southern District,Haiwee LAA #1 Current Flow,0.0
2026-09-11 13:58:55,Southern District,LAA #1 Flow at Fairmont Reservoir,309.3
2026-09-11 13:58:55,Southern District,LAA #2 Flow at Fairmont Res.,153.3
2026-09-11 13:58:55,Southern District,Bouquet Reservoir Inflow,0.5
2026-09-11 13:58:55,Southern District,Bouquet Reservoir Outflow,0.7
2026-09-11 13:58:55,Southern District,LAA #1 at Soledad Flow,127.9
2026-09-11 13:58:55,Southern District,LAA #2 at Soledad Flow,244.6
2026-09-11 13:58:56,Northern Owens Valley,Tinemaha Elevation,3861.4
2026-09-11 13:58:56,Southern Owens Valley,Tinemaha Elevation,3861.4
2026-09-11 13:58:56,Mono Basin,Mono Lk. Elevation,6381.8
2026-09-11 13:58:56,Mono Basin,Grant Lk. Elevation,7128.6
2026-09-11 13:58:56,Long Valley,Long Valley Elevation,6768.5
2026-09-11 13:58:56,Northern Owens Valley,Pleasant Valley Elevation,4384.9
2026-09-11 13:58:56,Southern Owens Valley,LAA at Alabama Level,8.0
2026-09-11 13:58:56,Southern Owens Valley,LAA at Alabama Water Temp,71.5
2026-09-11 13:58:56,Southern Owens Valley,LAA at Cottonwood Level,8.9
2026-09-11 13:58:56,Southern Owens Valley,LAA at Cotton. Water Temp,73.8
2026-09-11 13:58:56,Southern Owens Valley,N. Haiwee Elevation,3756.9
2026-09-11 13:58:56,Southern Owens Valley,S. Haiwee Reservoir Elevation,3728.2
2026-09-11 13:58:56,Southern District,S. Haiwee Reservoir Elevation,3728.2
2026-09-11 13:58:56,Southern District,Fairmont Reservoir Elevation,3024.5
2026-09-11 13:58:56,Southern District,Bouquet Reservoir Elevation,2974.9
2026-09-11 14:13:56,Mono Basin,Lee Vining Intake Above Flow,23.0
2026-09-11 14:13:56,Mono Basin,Lee Vining Intake Below Flow,22.9
2026-09-11 14:13:56,Mono Basin,Mono Lk. Elevation,6381.8
2026-09-11 14:13:56,Mono Basin,Walker Ck. Above Conduit Flow,3.0
2026-09-11 14:13:56,Mono Basin,L.V. Conduit Below Intake Flow,0.5
2026-09-11 14:13:56,Mono Basin,Walker Ck. Under Conduit Flow,3.0
2026-09-11 14:13:56,Mono Basin,Parker Ck. Under Conduit Flow,8.0
2026-09-11 14:13:56,Mono Basin,Parker Ck. Above Conduit Flow,9.0
2026-09-11 14:13:56,Mono Basin,Grant Lk. Spill Flow,0.0
2026-09-11 14:13:56,Mono Basin,Mono Gate 1 Return Ditch Flow,29.8
2026-09-11 14:13:56,Mono Basin,Grant Lk. Elevation,7128.6
2026-09-11 14:13:56,Mono Basin,Grant Lk. Outflow,38.8
2026-09-11 14:13:56,Mono Basin,Rush Ck. at Damsite Flow,21.3
2026-09-11 14:13:56,Mono Basin,Flow to West Portal,10.4
2026-09-11 14:13:56,Long Valley,East Portal Flow,22.0
2026-09-11 14:13:56,Long Valley,OR Below EP Flow,65.0
2026-09-11 14:13:56,Long Valley,Hot Ck.at Hwy. Flow,5.0
2026-09-11 14:13:56,Long Valley,McGee Ck. Lower Sta. Flow,8.1
2026-09-11 14:13:56,Long Valley,Long Valley Elevation,6768.5
2026-09-11 14:13:56,Long Valley,Long Valley Current Outflow,573.5
2026-09-11 14:13:56,Long Valley,Rock Ck. Div. Flow,0.0
2026-09-11 14:13:56,Long Valley,Upper Gorge Total Release,35.0
2026-09-11 14:13:56,Northern Owens Valley,Rock Ck. At Owens River (PV) Flow,25.7
2026-09-11 14:13:56,Northern Owens Valley,Pleasant Valley Elevation,4384.9
2026-09-11 14:13:56,Northern Owens Valley,Pleasant Valley Outflow,495.2
2026-09-11 14:13:56,Northern Owens Valley,Baker Ck. At LA Station Flow,7.1
2026-09-11 14:13:56,Northern Owens Valley,Big Pine Ck. USGS Flow,27.0
2026-09-11 14:13:56,Northern Owens Valley,O.R. Below Big Pine,472.4
2026-09-11 14:13:56,Northern Owens Valley,Fish Springs At RR Flow,38.2
2026-09-11 14:13:56,Northern Owens Valley,Tinemaha Reservoir Outflow,476.6
2026-09-11 14:13:56,Northern Owens Valley,Bishop Creek Through Plant 6,64.1
2026-09-11 14:13:56,Northern Owens Valley,Bishop Creek Around Plant 6,6.5
2026-09-11 14:13:56,Southern Owens Valley,Tinemaha Reservoir Outflow,476.6
2026-09-11 14:13:56,Southern Owens Valley,Indep. Ck. At Junction Flow,3.4
2026-09-11 14:13:56,Southern Owens Valley,LAA at Alabama Flow,416.0
2026-09-11 14:13:56,Southern Owens Valley,LAA at Alabama Level,8.0
2026-09-11 14:13:56,Southern Owens Valley,LAA at Alabama Water Temp,72.0
2026-09-11 14:13:56,Southern Owens Valley,Cottonwood Ck. At LAA Flow,3.0
2026-09-11 14:13:56,Southern Owens Valley,LAA at Cottonwood Flow,459.0
2026-09-11 14:13:56,Southern Owens Valley,LAA at Cottonwood Level,8.9
2026-09-11 14:13:56,Southern Owens Valley,LAA at Cotton. Water Temp,73.9
2026-09-11 14:13:56,Southern Owens Valley,N. Haiwee Elevation,3756.9
2026-09-11 14:13:56,Southern Owens Valley,S. Haiwee Reservoir Elevation,3728.2
2026-09-11 14:13:56,Southern Owens Valley,Haiwee LAA #1 Current Flow,0.0
2026-09-11 14:13:56,Southern Owens Valley,Haiwee LAA #2 Current Flow,146.6
2026-09-11 14:13:56,Southern Owens Valley,Reinhackel Flow,2.9
2026-09-11 14:13:56,Southern Owens Valley,Lubkin Spillgate Outflow,0.0
2026-09-11 14:13:56,Southern Owens Valley,Cartago Spillgate Outflow,18.1
2026-09-11 14:13:56,Southern Owens Valley,Lone Pine Creek Flow,7.5
2026-09-11 14:13:56,Lower Owens River Project,LORP Intake Flow,79.0
2026-09-11 14:13:56,Lower Owens River Project,LORP at Mazourka Canyon Road,0.0
2026-09-11 14:13:56,Lower Owens River Project,LORP at Reinhackle Springs,55.0
2026-09-11 14:13:56,Lower Owens River Project,LORP Above Pumpstation,59.0
2026-09-11 14:13:56,Lower Owens River Project,LORP At Pump Station Discharge Flow,48.0
2026-09-11 14:13:56,Southern District,Haiwee LAA #2 Current Flow,146.6
2026-09-11 14:13:56,Southern District,S. Haiwee Reservoir Elevation,3728.2
2026-09-11 14:13:56,Southern District,Haiwee LAA #1 Current Flow,0.0
2026-09-11 14:13:56,Southern District,Fairmont Reservoir Elevation,3024.5
2026-09-11 14:13:56,Southern District,LAA #1 Flow at Fairmont Reservoir,310.0
2026-09-11 14:13:56,Southern District,LAA #2 Flow at Fairmont Res.,153.3
2026-09-11 14:13:56,Southern District,Bouquet Reservoir Elevation,2974.9
2026-09-11 14:13:56,Southern District,Bouquet Reservoir Inflow,0.5
2026-09-11 14:13:56,Southern District,Bouquet Reservoir Outflow,0.7
2026-09-11 14:13:56,Southern District,LAA #1 at Soledad Flow,127.9
2026-09-11 14:13:56,Southern District,LAA #2 at Soledad Flow,244.6
2026-09-11 14:28:55,Mono Basin,Lee Vining Intake Above Flow,23.0
2026-09-11 14:28:55,Mono Basin,Lee Vining Intake Below Flow,22.9
2026-09-11 14:28:55,Mono Basin,Walker Ck. Above Conduit Flow,3.0
2026-09-11 14:28:55,Mono Basin,L.V. Conduit Below Intake Flow,0.5
2026-09-11 14:28:55,Mono Basin,Walker Ck. Under Conduit Flow,3.0
2026-09-11 14:28:55,Mono Basin,Parker Ck. Under Conduit Flow,8.0
2026-09-11 14:28:55,Mono Basin,Parker Ck. Above Conduit Flow,9.0
2026-09-11 14:28:55,Mono Basin,Grant Lk. Spill Flow,0.0
2026-09-11 14:28:55,Mono Basin,Mono Gate 1 Return Ditch Flow,29.9
2026-09-11 14:28:55,Mono Basin,Grant Lk. Outflow,39.1
2026-09-11 14:28:55,Mono Basin,Rush Ck. at Damsite Flow,21.3
2026-09-11 14:28:55,Mono Basin,Flow to West Portal,10.4
2026-09-11 14:28:55,Long Valley,East Portal Flow,22.0
2026-09-11 14:28:55,Long Valley,OR Below EP Flow,66.0
2026-09-11 14:28:55,Long Valley,Hot Ck.at Hwy. Flow,5.0
2026-09-11 14:28:55,Long Valley,McGee Ck. Lower Sta. Flow,8.1
2026-09-11 14:28:55,Long Valley,Long Valley Current Outflow,575.1
2026-09-11 14:28:55,Long Valley,Rock Ck. Div. Flow,0.0
2026-09-11 14:28:55,Long Valley,Upper Gorge Total Release,32.9
2026-09-11 14:28:55,Northern Owens Valley,Rock Ck. At Owens River (PV) Flow,25.6
2026-09-11 14:28:55,Northern Owens Valley,Pleasant Valley Outflow,495.4
2026-09-11 14:28:55,Northern Owens Valley,Baker Ck. At LA Station Flow,7.1
2026-09-11 14:28:55,Northern Owens Valley,Big Pine Ck. USGS Flow,27.0
2026-09-11 14:28:55,Northern Owens Valley,O.R. Below Big Pine,471.9
2026-09-11 14:28:55,Northern Owens Valley,Fish Springs At RR Flow,38.2
2026-09-11 14:28:55,Northern Owens Valley,Tinemaha Reservoir Outflow,476.6
2026-09-11 14:28:55,Northern Owens Valley,Bishop Creek Through Plant 6,64.1
2026-09-11 14:28:55,Northern Owens Valley,Bishop Creek Around Plant 6,6.5
2026-09-11 14:28:55,Southern Owens Valley,Tinemaha Reservoir Outflow,476.6
2026-09-11 14:28:55,Southern Owens Valley,Indep. Ck. At Junction Flow,3.4
2026-09-11 14:28:55,Southern Owens Valley,LAA at Alabama Flow,415.0
2026-09-11 14:28:55,Southern Owens Valley,Cottonwood Ck. At LAA Flow,3.0
2026-09-11 14:28:55,Southern Owens Valley,LAA at Cottonwood Flow,459.0
2026-09-11 14:28:55,Southern Owens Valley,Haiwee LAA #1 Current Flow,0.0
2026-09-11 14:28:55,Southern Owens Valley,Haiwee LAA #2 Current Flow,146.6
2026-09-11 14:28:55,Southern Owens Valley,Reinhackel Flow,2.9
2026-09-11 14:28:55,Southern Owens Valley,Lubkin Spillgate Outflow,0.0
2026-09-11 14:28:55,Southern Owens Valley,Cartago Spillgate Outflow,18.5
2026-09-11 14:28:55,Southern Owens Valley,Lone Pine Creek Flow,7.5
2026-09-11 14:28:55,Lower Owens River Project,LORP Intake Flow,79.0
2026-09-11 14:28:55,Lower Owens River Project,LORP at Mazourka Canyon Road,0.0
2026-09-11 14:28:55,Lower Owens River Project,LORP at Reinhackle Springs,57.0
2026-09-11 14:28:55,Lower Owens River Project,LORP Above Pumpstation,59.0
2026-09-11 14:28:55,Lower Owens River Project,LORP At Pump Station Discharge Flow,48.0
2026-09-11 14:28:55,Southern District,Haiwee LAA #2 Current Flow,146.6
2026-09-11 14:28:55,Southern District,Haiwee LAA #1 Current Flow,0.0
2026-09-11 14:28:55,Southern District,LAA #1 Flow at Fairmont Reservoir,308.9
2026-09-11 14:28:55,Southern District,LAA #2 Flow at Fairmont Res.,152.8
2026-09-11 14:28:55,Southern District,Bouquet Reservoir Inflow,0.5
2026-09-11 14:28:55,Southern District,Bouquet Reservoir Outflow,0.7
2026-09-11 14:28:55,Southern District,LAA #1 at Soledad Flow,127.9
2026-09-11 14:28:55,Southern District,LAA #2 at Soledad Flow,244.6
2026-09-11 14:28:56,Northern Owens Valley,Tinemaha Elevation,3861.4
2026-09-11 14:28:56,Southern Owens Valley,Tinemaha Elevation,3861.4
2026-09-11 14:28:56,Mono Basin,Mono Lk. Elevation,6381.8
2026-09-11 14:28:56,Mono Basin,Grant Lk. Elevation,7128.6
2026-09-11 14:28:56,Long Valley,Long Valley Elevation,6768.5
2026-09-11 14:28:56,Northern Owens Valley,Pleasant Valley Elevation,4384.9
2026-09-11 14:28:56,Southern Owens Valley,LAA at Alabama Level,8.0
2026-09-11 14:28:56,Southern Owens Valley,LAA at Alabama Water Temp,72.1
2026-09-11 14:28:56,Southern Owens Valley,LAA at Cottonwood Level,8.9
2026-09-11 14:28:56,Southern Owens Valley,LAA at Cotton. Water Temp,73.9
2026-09-11 14:28:56,Southern Owens Valley,N. Haiwee Elevation,3756.9
2026-09-11 14:28:56,Southern Owens Valley,S. Haiwee Reservoir Elevation,3728.2
2026-09-11 14:28:56,Southern District,S. Haiwee Reservoir Elevation,3728.2
2026-09-11 14:28:56,Southern District,Fairmont Reservoir Elevation,3024.6
2026-09-11 14:28:56,Southern District,Bouquet Reservoir Elevation,2974.9
2026-09-11 14:43:57,Mono Basin,Lee Vining Intake Above Flow,22.9
2026-09-11 14:43:57,Mono Basin,Lee Vining Intake Below Flow,23.0
2026-09-11 14:43:57,Mono Basin,Mono Lk. Elevation,6381.8
2026-09-11 14:43:57,Mono Basin,Walker Ck. Above Conduit Flow,3.0
2026-09-11 14:43:57,Mono Basin,L.V. Conduit Below Intake Flow,0.5
2026-09-11 14:43:57,Mono Basin,Walker Ck. Under Conduit Flow,3.0
2026-09-11 14:43:57,Mono Basin,Parker Ck. Under Conduit Flow,8.0
2026-09-11 14:43:57,Mono Basin,Parker Ck. Above Conduit Flow,9.0
2026-09-11 14:43:57,Mono Basin,Grant Lk. Spill Flow,0.0
2026-09-11 14:43:57,Mono Basin,Mono Gate 1 Return Ditch Flow,29.9
2026-09-11 14:43:57,Mono Basin,Grant Lk. Elevation,7128.6
2026-09-11 14:43:57,Mono Basin,Grant Lk. Outflow,39.1
2026-09-11 14:43:57,Mono Basin,Rush Ck. at Damsite Flow,21.3
2026-09-11 14:43:57,Mono Basin,Flow to West Portal,10.4
2026-09-11 14:43:57,Long Valley,East Portal Flow,22.0
2026-09-11 14:43:57,Long Valley,OR Below EP Flow,65.0
2026-09-11 14:43:57,Long Valley,Hot Ck.at Hwy. Flow,5.0
2026-09-11 14:43:57,Long Valley,McGee Ck. Lower Sta. Flow,8.1
2026-09-11 14:43:57,Long Valley,Long Valley Elevation,6768.5
2026-09-11 14:43:57,Long Valley,Long Valley Current Outflow,575.1
2026-09-11 14:43:57,Long Valley,Rock Ck. Div. Flow,0.0
2026-09-11 14:43:57,Long Valley,Upper Gorge Total Release,33.5
2026-09-11 14:43:57,Long Valley,Release at Middle Gorge,0.0
2026-09-11 14:43:57,Northern Owens Valley,Rock Ck. At Owens River (PV) Flow,25.5
2026-09-11 14:43:57,Northern Owens Valley,Pleasant Valley Elevation,4384.9
2026-09-11 14:43:57,Northern Owens Valley,Pleasant Valley Outflow,495.4
2026-09-11 14:43:57,Northern Owens Valley,Baker Ck. At LA Station Flow,7.1
2026-09-11 14:43:57,Northern Owens Valley,Big Pine Ck. USGS Flow,27.0
2026-09-11 14:43:57,Northern Owens Valley,O.R. Below Big Pine,471.1
2026-09-11 14:43:57,Northern Owens Valley,Fish Springs At RR Flow,38.2
2026-09-11 14:43:57,Northern Owens Valley,Tinemaha Reservoir Outflow,476.6
2026-09-11 14:43:57,Northern Owens Valley,Bishop Creek Through Plant 6,64.1
2026-09-11 14:43:57,Northern Owens Valley,Bishop Creek Around Plant 6,6.5
2026-09-11 14:43:57,Southern Owens Valley,Tinemaha Reservoir Outflow,476.6
2026-09-11 14:43:57,Southern Owens Valley,Indep. Ck. At Junction Flow,3.4
2026-09-11 14:43:57,Southern Owens Valley,LAA at Alabama Flow,415.0
2026-09-11 14:43:57,Southern Owens Valley,LAA at Alabama Level,8.0
2026-09-11 14:43:57,Southern Owens Valley,LAA at Alabama Water Temp,72.1
2026-09-11 14:43:57,Southern Owens Valley,Cottonwood Ck. At LAA Flow,3.0
2026-09-11 14:43:57,Southern Owens Valley,LAA at Cottonwood Flow,459.0
2026-09-11 14:43:57,Southern Owens Valley,LAA at Cottonwood Level,8.9
2026-09-11 14:43:57,Southern Owens Valley,LAA at Cotton. Water Temp,74.2
2026-09-11 14:43:57,Southern Owens Valley,N. Haiwee Elevation,3756.9
2026-09-11 14:43:57,Southern Owens Valley,S. Haiwee Reservoir Elevation,3728.2
2026-09-11 14:43:57,Southern Owens Valley,Haiwee LAA #1 Current Flow,0.0
2026-09-11 14:43:57,Southern Owens Valley,Haiwee LAA #2 Current Flow,146.6
2026-09-11 14:43:57,Southern Owens Valley,Reinhackel Flow,2.9
2026-09-11 14:43:57,Southern Owens Valley,Lubkin Spillgate Outflow,0.0
2026-09-11 14:43:57,Southern Owens Valley,Cartago Spillgate Outflow,18.5
2026-09-11 14:43:57,Southern Owens Valley,Lone Pine Creek Flow,7.4
2026-09-11 14:43:57,Lower Owens River Project,LORP Intake Flow,79.0
2026-09-11 14:43:57,Lower Owens River Project,LORP at Mazourka Canyon Road,0.0
2026-09-11 14:43:57,Lower Owens River Project,LORP at Reinhackle Springs,57.0
2026-09-11 14:43:57,Lower Owens River Project,LORP Above Pumpstation,58.0
2026-09-11 14:43:57,Lower Owens River Project,LORP At Pump Station Discharge Flow,48.0
2026-09-11 14:43:57,Southern District,Haiwee LAA #2 Current Flow,146.6
2026-09-11 14:43:57,Southern District,S. Haiwee Reservoir Elevation,3728.2
2026-09-11 14:43:57,Southern District,Haiwee LAA #1 Current Flow,0.0
2026-09-11 14:43:57,Southern District,Fairmont Reservoir Elevation,3024.6
2026-09-11 14:43:57,Southern District,LAA #1 Flow at Fairmont Reservoir,308.7
2026-09-11 14:43:57,Southern District,LAA #2 Flow at Fairmont Res.,153.3
2026-09-11 14:43:57,Southern District,Bouquet Reservoir Elevation,2974.9
2026-09-11 14:43:57,Southern District,Bouquet Reservoir Inflow,0.5
2026-09-11 14:43:57,Southern District,Bouquet Reservoir Outflow,0.7
2026-09-11 14:43:57,Southern District,LAA #1 at Soledad Flow,127.9
2026-09-11 14:43:57,Southern District,LAA #2 at Soledad Flow,244.6
2026-09-11 14:58:56,Northern Owens Valley,Tinemaha Elevation,3861.4
2026-09-11 14:58:56,Southern Owens Valley,Tinemaha Elevation,3861.4
2026-09-11 14:58:56,Mono Basin,Lee Vining Intake Above Flow,22.9
2026-09-11 14:58:56,Mono Basin,Lee Vining Intake Below Flow,23.0
2026-09-11 14:58:56,Mono Basin,Mono Lk. Elevation,6381.8
2026-09-11 14:58:56,Mono Basin,Walker Ck. Above Conduit Flow,3.0
2026-09-11 14:58:56,Mono Basin,L.V. Conduit Below Intake Flow,0.5
2026-09-11 14:58:56,Mono Basin,Walker Ck. Under Conduit Flow,3.0
2026-09-11 14:58:56,Mono Basin,Parker Ck. Under Conduit Flow,8.0
2026-09-11 14:58:56,Mono Basin,Parker Ck. Above Conduit Flow,9.0
2026-09-11 14:58:56,Mono Basin,Grant Lk. Spill Flow,0.0
2026-09-11 14:58:56,Mono Basin,Mono Gate 1 Return Ditch Flow,29.9
2026-09-11 14:58:56,Mono Basin,Grant Lk. Elevation,7128.6
2026-09-11 14:58:56,Mono Basin,Grant Lk. Outflow,39.1
2026-09-11 14:58:56,Mono Basin,Rush Ck. at Damsite Flow,21.3
2026-09-11 14:58:56,Mono Basin,Flow to West Portal,10.4
2026-09-11 14:58:56,Long Valley,East Portal Flow,22.0
2026-09-11 14:58:56,Long Valley,OR Below EP Flow,65.0
2026-09-11 14:58:56,Long Valley,Hot Ck.at Hwy. Flow,5.0
2026-09-11 14:58:56,Long Valley,McGee Ck. Lower Sta. Flow,8.1
2026-09-11 14:58:56,Long Valley,Long Valley Elevation,6768.5
2026-09-11 14:58:56,Long Valley,Long Valley Current Outflow,575.1
2026-09-11 14:58:56,Long Valley,Rock Ck. Div. Flow,0.0
2026-09-11 14:58:56,Long Valley,Upper Gorge Total Release,34.1
2026-09-11 14:58:56,Northern Owens Valley,Rock Ck. At Owens River (PV) Flow,25.5
2026-09-11 14:58:56,Northern Owens Valley,Pleasant Valley Elevation,4385.0
2026-09-11 14:58:56,Northern Owens Valley,Pleasant Valley Outflow,495.9
2026-09-11 14:58:56,Northern Owens Valley,Baker Ck. At LA Station Flow,7.0
2026-09-11 14:58:56,Northern Owens Valley,Big Pine Ck. USGS Flow,27.0
2026-09-11 14:58:56,Northern Owens Valley,O.R. Below Big Pine,471.8
2026-09-11 14:58:56,Northern Owens Valley,Fish Springs At RR Flow,38.2
2026-09-11 14:58:56,Northern Owens Valley,Tinemaha Reservoir Outflow,476.6
2026-09-11 14:58:56,Northern Owens Valley,Bishop Creek Through Plant 6,64.1
2026-09-11 14:58:56,Northern Owens Valley,Bishop Creek Around Plant 6,6.5
2026-09-11 14:58:56,Southern Owens Valley,Tinemaha Reservoir Outflow,476.6
2026-09-11 14:58:56,Southern Owens Valley,Indep. Ck. At Junction Flow,3.4
2026-09-11 14:58:56,Southern Owens Valley,LAA at Alabama Flow,415.0
2026-09-11 14:58:56,Southern Owens Valley,LAA at Alabama Level,8.0
2026-09-11 14:58:56,Southern Owens Valley,LAA at Alabama Water Temp,72.1
2026-09-11 14:58:56,Southern Owens Valley,Cottonwood Ck. At LAA Flow,3.0
2026-09-11 14:58:56,Southern Owens Valley,LAA at Cottonwood Flow,459.0
2026-09-11 14:58:56,Southern Owens Valley,LAA at Cottonwood Level,8.9
2026-09-11 14:58:56,Southern Owens Valley,LAA at Cotton. Water Temp,74.2
2026-09-11 14:58:56,Southern Owens Valley,N. Haiwee Elevation,3756.9
2026-09-11 14:58:56,Southern Owens Valley,S. Haiwee Reservoir Elevation,3728.2
2026-09-11 14:58:56,Southern Owens Valley,Haiwee LAA #1 Current Flow,0.0
2026-09-11 14:58:56,Southern Owens Valley,Haiwee LAA #2 Current Flow,146.6
2026-09-11 14:58:56,Southern Owens Valley,Reinhackel Flow,2.9
2026-09-11 14:58:56,Southern Owens Valley,Lubkin Spillgate Outflow,0.0
2026-09-11 14:58:56,Southern Owens Valley,Cartago Spillgate Outflow,19.1
2026-09-11 14:58:56,Southern Owens Valley,Lone Pine Creek Flow,7.4
2026-09-11 14:58:56,Lower Owens River Project,LORP Intake Flow,79.0
2026-09-11 14:58:56,Lower Owens River Project,LORP at Mazourka Canyon Road,0.0
2026-09-11 14:58:56,Lower Owens River Project,LORP at Reinhackle Springs,57.0
2026-09-11 14:58:56,Lower Owens River Project,LORP Above Pumpstation,49.0
2026-09-11 14:58:56,Lower Owens River Project,LORP At Pump Station Discharge Flow,38.0
2026-09-11 14:58:56,Southern District,Haiwee LAA #2 Current Flow,146.6
2026-09-11 14:58:56,Southern District,S. Haiwee Reservoir Elevation,3728.2
2026-09-11 14:58:56,Southern District,Haiwee LAA #1 Current Flow,0.0
2026-09-11 14:58:56,Southern District,Fairmont Reservoir Elevation,3024.6
2026-09-11 14:58:56,Southern District,LAA #1 Flow at Fairmont Reservoir,308.2
2026-09-11 14:58:56,Southern District,LAA #2 Flow at Fairmont Res.,153.3
2026-09-11 14:58:56,Southern District,Bouquet Reservoir Elevation,2974.9
2026-09-11 14:58:56,Southern District,Bouquet Reservoir Inflow,0.5
2026-09-11 14:58:56,Southern District,Bouquet Reservoir Outflow,0.7
2026-09-11 14:58:56,Southern District,LAA #1 at Soledad Flow,127.9
2026-09-11 14:58:56,Southern District,LAA #2 at Soledad Flow,244.6
2026-09-11 15:13:55,Mono Basin,Lee Vining Intake Above Flow,22.4
2026-09-11 15:13:55,Mono Basin,Lee Vining Intake Below Flow,23.1
2026-09-11 15:13:55,Mono Basin,Mono Lk. Elevation,6381.8
2026-09-11 15:13:55,Mono Basin,Walker Ck. Above Conduit Flow,4.0
2026-09-11 15:13:55,Mono Basin,L.V. Conduit Below Intake Flow,0.5
2026-09-11 15:13:55,Mono Basin,Walker Ck. Under Conduit Flow,3.0
2026-09-11 15:13:55,Mono Basin,Parker Ck. Under Conduit Flow,8.0
2026-09-11 15:13:55,Mono Basin,Parker Ck. Above Conduit Flow,8.0
2026-09-11 15:13:55,Mono Basin,Grant Lk. Spill Flow,0.0
2026-09-11 15:13:55,Mono Basin,Mono Gate 1 Return Ditch Flow,29.9
2026-09-11 15:13:55,Mono Basin,Grant Lk. Elevation,7128.6
2026-09-11 15:13:55,Mono Basin,Grant Lk. Outflow,39.1
2026-09-11 15:13:55,Mono Basin,Rush Ck. at Damsite Flow,21.3
2026-09-11 15:13:55,Mono Basin,Flow to West Portal,10.6
2026-09-11 15:13:55,Long Valley,East Portal Flow,22.0
2026-09-11 15:13:55,Long Valley,OR Below EP Flow,65.0
2026-09-11 15:13:55,Long Valley,Hot Ck.at Hwy. Flow,5.0
2026-09-11 15:13:55,Long Valley,McGee Ck. Lower Sta. Flow,7.8
2026-09-11 15:13:55,Long Valley,Long Valley Elevation,6768.5
2026-09-11 15:13:55,Long Valley,Long Valley Current Outflow,575.1
2026-09-11 15:13:55,Long Valley,Rock Ck. Div. Flow,0.0
2026-09-11 15:13:55,Long Valley,Upper Gorge Total Release,33.0
2026-09-11 15:13:55,Northern Owens Valley,Rock Ck. At Owens River (PV) Flow,25.5
2026-09-11 15:13:55,Northern Owens Valley,Pleasant Valley Elevation,4385.0
2026-09-11 15:13:55,Northern Owens Valley,Pleasant Valley Outflow,496.5
2026-09-11 15:13:55,Northern Owens Valley,Baker Ck. At LA Station Flow,7.0
2026-09-11 15:13:55,Northern Owens Valley,Big Pine Ck. USGS Flow,27.0
2026-09-11 15:13:55,Northern Owens Valley,O.R. Below Big Pine,470.4
2026-09-11 15:13:55,Northern Owens Valley,Fish Springs At RR Flow,38.2
2026-09-11 15:13:55,Northern Owens Valley,Tinemaha Reservoir Outflow,476.6
2026-09-11 15:13:55,Southern Owens Valley,Tinemaha Reservoir Outflow,476.6
2026-09-11 15:13:55,Southern Owens Valley,Indep. Ck. At Junction Flow,3.4
2026-09-11 15:13:55,Southern Owens Valley,LAA at Alabama Flow,416.0
2026-09-11 15:13:55,Southern Owens Valley,LAA at Alabama Level,8.0
2026-09-11 15:13:55,Southern Owens Valley,LAA at Alabama Water Temp,72.4
2026-09-11 15:13:55,Southern Owens Valley,Cottonwood Ck. At LAA Flow,3.0
2026-09-11 15:13:55,Southern Owens Valley,LAA at Cottonwood Flow,459.0
2026-09-11 15:13:55,Southern Owens Valley,LAA at Cottonwood Level,8.9
2026-09-11 15:13:55,Southern Owens Valley,LAA at Cotton. Water Temp,74.4
2026-09-11 15:13:55,Southern Owens Valley,N. Haiwee Elevation,3756.9
2026-09-11 15:13:55,Southern Owens Valley,S. Haiwee Reservoir Elevation,3728.2
2026-09-11 15:13:55,Southern Owens Valley,Haiwee LAA #1 Current Flow,0.0
2026-09-11 15:13:55,Southern Owens Valley,Haiwee LAA #2 Current Flow,146.6
2026-09-11 15:13:55,Southern Owens Valley,Reinhackel Flow,2.9
2026-09-11 15:13:55,Southern Owens Valley,Lubkin Spillgate Outflow,0.0
2026-09-11 15:13:55,Southern Owens Valley,Cartago Spillgate Outflow,19.1
2026-09-11 15:13:55,Lower Owens River Project,LORP Intake Flow,79.0
2026-09-11 15:13:55,Lower Owens River Project,LORP at Mazourka Canyon Road,0.0
2026-09-11 15:13:55,Lower Owens River Project,LORP at Reinhackle Springs,57.0
2026-09-11 15:13:55,Lower Owens River Project,LORP Above Pumpstation,49.0
2026-09-11 15:13:55,Lower Owens River Project,LORP At Pump Station Discharge Flow,37.0
2026-09-11 15:13:55,Southern District,Haiwee LAA #2 Current Flow,146.6
2026-09-11 15:13:55,Southern District,S. Haiwee Reservoir Elevation,3728.2
2026-09-11 15:13:55,Southern District,Haiwee LAA #1 Current Flow,0.0
2026-09-11 15:13:55,Southern District,Fairmont Reservoir Elevation,3024.6
2026-09-11 15:13:55,Southern District,LAA #1 Flow at Fairmont Reservoir,309.8
2026-09-11 15:13:55,Southern District,LAA #2 Flow at Fairmont Res.,153.3
2026-09-11 15:13:55,Southern District,Bouquet Reservoir Elevation,2974.9
2026-09-11 15:13:55,Southern District,Bouquet Reservoir Inflow,0.5
2026-09-11 15:13:55,Southern District,Bouquet Reservoir Outflow,0.7
2026-09-11 15:13:55,Southern District,LAA #1 at Soledad Flow,127.9
2026-09-11 15:13:55,Southern District,LAA #2 at Soledad Flow,244.6
2026-09-11 15:28:55,Mono Basin,Lee Vining Intake Above Flow,22.4
2026-09-11 15:28:55,Mono Basin,Lee Vining Intake Below Flow,23.1
2026-09-11 15:28:55,Mono Basin,Walker Ck. Above Conduit Flow,4.0
2026-09-11 15:28:55,Mono Basin,L.V. Conduit Below Intake Flow,0.5
2026-09-11 15:28:55,Mono Basin,Walker Ck. Under Conduit Flow,3.0
2026-09-11 15:28:55,Mono Basin,Parker Ck. Under Conduit Flow,8.0
2026-09-11 15:28:55,Mono Basin,Parker Ck. Above Conduit Flow,8.0
2026-09-11 15:28:55,Mono Basin,Grant Lk. Spill Flow,0.0
2026-09-11 15:28:55,Mono Basin,Mono Gate 1 Return Ditch Flow,29.8
2026-09-11 15:28:55,Mono Basin,Grant Lk. Outflow,39.0
2026-09-11 15:28:55,Mono Basin,Rush Ck. at Damsite Flow,20.1
2026-09-11 15:28:55,Mono Basin,Flow to West Portal,10.6
2026-09-11 15:28:55,Long Valley,East Portal Flow,22.0
2026-09-11 15:28:55,Long Valley,OR Below EP Flow,65.0
2026-09-11 15:28:55,Long Valley,Hot Ck.at Hwy. Flow,5.0
2026-09-11 15:28:55,Long Valley,McGee Ck. Lower Sta. Flow,7.8
2026-09-11 15:28:55,Long Valley,Long Valley Current Outflow,572.7
2026-09-11 15:28:55,Long Valley,Rock Ck. Div. Flow,0.0
2026-09-11 15:28:55,Long Valley,Upper Gorge Total Release,35.5
2026-09-11 15:28:55,Northern Owens Valley,Rock Ck. At Owens River (PV) Flow,25.5
2026-09-11 15:28:55,Northern Owens Valley,Pleasant Valley Outflow,496.0
2026-09-11 15:28:55,Northern Owens Valley,Baker Ck. At LA Station Flow,7.0
2026-09-11 15:28:55,Northern Owens Valley,Big Pine Ck. USGS Flow,27.0
2026-09-11 15:28:55,Northern Owens Valley,O.R. Below Big Pine,469.7
2026-09-11 15:28:55,Northern Owens Valley,Fish Springs At RR Flow,38.2
2026-09-11 15:28:55,Northern Owens Valley,Tinemaha Reservoir Outflow,475.0
2026-09-11 15:28:55,Southern Owens Valley,Tinemaha Reservoir Outflow,475.0
2026-09-11 15:28:55,Southern Owens Valley,Indep. Ck. At Junction Flow,3.4
2026-09-11 15:28:55,Southern Owens Valley,LAA at Alabama Flow,416.0
2026-09-11 15:28:55,Southern Owens Valley,Cottonwood Ck. At LAA Flow,3.0
2026-09-11 15:28:55,Southern Owens Valley,LAA at Cottonwood Flow,459.0
2026-09-11 15:28:55,Southern Owens Valley,Haiwee LAA #1 Current Flow,0.0
2026-09-11 15:28:55,Southern Owens Valley,Haiwee LAA #2 Current Flow,146.6
2026-09-11 15:28:55,Southern Owens Valley,Reinhackel Flow,2.9
2026-09-11 15:28:55,Southern Owens Valley,Lubkin Spillgate Outflow,0.0
2026-09-11 15:28:55,Southern Owens Valley,Cartago Spillgate Outflow,18.8
2026-09-11 15:28:55,Lower Owens River Project,LORP Intake Flow,79.0
2026-09-11 15:28:55,Lower Owens River Project,LORP at Mazourka Canyon Road,0.0
2026-09-11 15:28:55,Lower Owens River Project,LORP at Reinhackle Springs,60.0
2026-09-11 15:28:55,Lower Owens River Project,LORP Above Pumpstation,49.0
2026-09-11 15:28:55,Lower Owens River Project,LORP At Pump Station Discharge Flow,38.0
2026-09-11 15:28:55,Southern District,Haiwee LAA #2 Current Flow,146.6
2026-09-11 15:28:55,Southern District,Haiwee LAA #1 Current Flow,0.0
2026-09-11 15:28:55,Southern District,LAA #1 Flow at Fairmont Reservoir,309.1
2026-09-11 15:28:55,Southern District,LAA #2 Flow at Fairmont Res.,153.3
2026-09-11 15:28:55,Southern District,Bouquet Reservoir Inflow,0.5
2026-09-11 15:28:55,Southern District,Bouquet Reservoir Outflow,0.7
2026-09-11 15:28:55,Southern District,LAA #1 at Soledad Flow,127.9
2026-09-11 15:28:55,Southern District,LAA #2 at Soledad Flow,244.6
2026-09-11 15:28:56,Northern Owens Valley,Tinemaha Elevation,3861.4
2026-09-11 15:28:56,Southern Owens Valley,Tinemaha Elevation,3861.4
2026-09-11 15:28:56,Mono Basin,Mono Lk. Elevation,6381.8
2026-09-11 15:28:56,Mono Basin,Grant Lk. Elevation,7128.7
2026-09-11 15:28:56,Long Valley,Long Valley Elevation,6768.5
2026-09-11 15:28:56,Northern Owens Valley,Pleasant Valley Elevation,4385.0
2026-09-11 15:28:56,Southern Owens Valley,LAA at Alabama Level,8.0
2026-09-11 15:28:56,Southern Owens Valley,LAA at Alabama Water Temp,72.4
2026-09-11 15:28:56,Southern Owens Valley,LAA at Cottonwood Level,8.9
2026-09-11 15:28:56,Southern Owens Valley,LAA at Cotton. Water Temp,74.4
2026-09-11 15:28:56,Southern Owens Valley,N. Haiwee Elevation,3756.9
2026-09-11 15:28:56,Southern Owens Valley,S. Haiwee Reservoir Elevation,3728.2
2026-09-11 15:28:56,Southern District,S. Haiwee Reservoir Elevation,3728.2
2026-09-11 15:28:56,Southern District,Fairmont Reservoir Elevation,3024.6
2026-09-11 15:28:56,Southern District,Bouquet Reservoir Elevation,2974.9
2026-09-11 15:43:58,Mono Basin,Lee Vining Intake Above Flow,22.3
2026-09-11 15:43:58,Mono Basin,Lee Vining Intake Below Flow,22.9
2026-09-11 15:43:58,Mono Basin,Mono Lk. Elevation,6381.8
2026-09-11 15:43:58,Mono Basin,Walker Ck. Above Conduit Flow,4.0
2026-09-11 15:43:58,Mono Basin,L.V. Conduit Below Intake Flow,0.5
2026-09-11 15:43:58,Mono Basin,Walker Ck. Under Conduit Flow,3.0
2026-09-11 15:43:58,Mono Basin,Parker Ck. Under Conduit Flow,8.0
2026-09-11 15:43:58,Mono Basin,Parker Ck. Above Conduit Flow,8.0
2026-09-11 15:43:58,Mono Basin,Grant Lk. Spill Flow,0.0
2026-09-11 15:43:58,Mono Basin,Mono Gate 1 Return Ditch Flow,29.8
2026-09-11 15:43:58,Mono Basin,Grant Lk. Elevation,7128.7
2026-09-11 15:43:58,Mono Basin,Grant Lk. Outflow,39.0
2026-09-11 15:43:58,Mono Basin,Rush Ck. at Damsite Flow,20.1
2026-09-11 15:43:58,Mono Basin,Flow to West Portal,10.6
2026-09-11 15:43:58,Long Valley,East Portal Flow,22.0
2026-09-11 15:43:58,Long Valley,OR Below EP Flow,65.0
2026-09-11 15:43:58,Long Valley,Hot Ck.at Hwy. Flow,5.0
2026-09-11 15:43:58,Long Valley,McGee Ck. Lower Sta. Flow,7.8
2026-09-11 15:43:58,Long Valley,Long Valley Elevation,6768.5
2026-09-11 15:43:58,Long Valley,Long Valley Current Outflow,572.7
2026-09-11 15:43:58,Long Valley,Rock Ck. Div. Flow,0.0
2026-09-11 15:43:58,Long Valley,Upper Gorge Total Release,32.7
2026-09-11 15:43:58,Long Valley,Release at Middle Gorge,0.0
2026-09-11 15:43:58,Northern Owens Valley,Rock Ck. At Owens River (PV) Flow,25.5
2026-09-11 15:43:58,Northern Owens Valley,Pleasant Valley Elevation,4385.1
2026-09-11 15:43:58,Northern Owens Valley,Pleasant Valley Outflow,496.5
2026-09-11 15:43:58,Northern Owens Valley,Baker Ck. At LA Station Flow,7.0
2026-09-11 15:43:58,Northern Owens Valley,Big Pine Ck. USGS Flow,25.5
2026-09-11 15:43:58,Northern Owens Valley,O.R. Below Big Pine,470.1
2026-09-11 15:43:58,Northern Owens Valley,Fish Springs At RR Flow,38.2
2026-09-11 15:43:58,Northern Owens Valley,Tinemaha Reservoir Outflow,475.0
2026-09-11 15:43:58,Northern Owens Valley,Bishop Creek Through Plant 6,64.9
2026-09-11 15:43:58,Northern Owens Valley,Bishop Creek Around Plant 6,6.5
2026-09-11 15:43:58,Southern Owens Valley,Tinemaha Reservoir Outflow,475.0
2026-09-11 15:43:58,Southern Owens Valley,Indep. Ck. At Junction Flow,3.4
2026-09-11 15:43:58,Southern Owens Valley,LAA at Alabama Flow,416.0
2026-09-11 15:43:58,Southern Owens Valley,LAA at Alabama Level,8.0
2026-09-11 15:43:58,Southern Owens Valley,LAA at Alabama Water Temp,72.4
2026-09-11 15:43:58,Southern Owens Valley,Cottonwood Ck. At LAA Flow,2.0
2026-09-11 15:43:58,Southern Owens Valley,LAA at Cottonwood Flow,460.0
2026-09-11 15:43:58,Southern Owens Valley,LAA at Cottonwood Level,8.9
2026-09-11 15:43:58,Southern Owens Valley,LAA at Cotton. Water Temp,74.5
2026-09-11 15:43:58,Southern Owens Valley,N. Haiwee Elevation,3756.9
2026-09-11 15:43:58,Southern Owens Valley,S. Haiwee Reservoir Elevation,3728.2
2026-09-11 15:43:58,Southern Owens Valley,Haiwee LAA #1 Current Flow,0.0
2026-09-11 15:43:58,Southern Owens Valley,Haiwee LAA #2 Current Flow,146.6
2026-09-11 15:43:58,Southern Owens Valley,Reinhackel Flow,2.9
2026-09-11 15:43:58,Southern Owens Valley,Lubkin Spillgate Outflow,0.0
2026-09-11 15:43:58,Southern Owens Valley,Cartago Spillgate Outflow,18.8
2026-09-11 15:43:58,Southern Owens Valley,Lone Pine Creek Flow,7.3
2026-09-11 15:43:58,Lower Owens River Project,LORP Intake Flow,79.0
2026-09-11 15:43:58,Lower Owens River Project,LORP at Mazourka Canyon Road,0.0
2026-09-11 15:43:58,Lower Owens River Project,LORP at Reinhackle Springs,60.0
2026-09-11 15:43:58,Lower Owens River Project,LORP Above Pumpstation,49.0
2026-09-11 15:43:58,Lower Owens River Project,LORP At Pump Station Discharge Flow,38.0
2026-09-11 15:43:58,Southern District,Haiwee LAA #2 Current Flow,146.6
2026-09-11 15:43:58,Southern District,S. Haiwee Reservoir Elevation,3728.2
2026-09-11 15:43:58,Southern District,Haiwee LAA #1 Current Flow,0.0
2026-09-11 15:43:58,Southern District,Fairmont Reservoir Elevation,3024.6
2026-09-11 15:43:58,Southern District,LAA #1 Flow at Fairmont Reservoir,308.7
2026-09-11 15:43:58,Southern District,LAA #2 Flow at Fairmont Res.,153.2
2026-09-11 15:43:58,Southern District,Bouquet Reservoir Elevation,2974.9
2026-09-11 15:43:58,Southern District,Bouquet Reservoir Inflow,1.0
2026-09-11 15:43:58,Southern District,Bouquet Reservoir Outflow,0.5
2026-09-11 15:43:58,Southern District,LAA #1 at Soledad Flow,127.9
2026-09-11 15:43:58,Southern District,LAA #2 at Soledad Flow,244.6
2026-09-11 15:58:55,Mono Basin,Lee Vining Intake Above Flow,22.3
2026-09-11 15:58:55,Mono Basin,Lee Vining Intake Below Flow,22.9
2026-09-11 15:58:55,Mono Basin,Walker Ck. Above Conduit Flow,4.0
2026-09-11 15:58:55,Mono Basin,L.V. Conduit Below Intake Flow,0.5
2026-09-11 15:58:55,Mono Basin,Walker Ck. Under Conduit Flow,3.0
2026-09-11 15:58:55,Mono Basin,Parker Ck. Under Conduit Flow,8.0
2026-09-11 15:58:55,Mono Basin,Parker Ck. Above Conduit Flow,8.0
2026-09-11 15:58:55,Mono Basin,Grant Lk. Spill Flow,0.0
2026-09-11 15:58:55,Mono Basin,Mono Gate 1 Return Ditch Flow,29.8
2026-09-11 15:58:55,Mono Basin,Grant Lk. Outflow,39.0
2026-09-11 15:58:55,Mono Basin,Rush Ck. at Damsite Flow,20.1
2026-09-11 15:58:55,Mono Basin,Flow to West Portal,10.6
2026-09-11 15:58:55,Long Valley,East Portal Flow,22.0
2026-09-11 15:58:55,Long Valley,OR Below EP Flow,65.0
2026-09-11 15:58:55,Long Valley,Hot Ck.at Hwy. Flow,5.0
2026-09-11 15:58:55,Long Valley,McGee Ck. Lower Sta. Flow,7.8
2026-09-11 15:58:55,Long Valley,Long Valley Current Outflow,572.7
2026-09-11 15:58:55,Long Valley,Rock Ck. Div. Flow,0.0
2026-09-11 15:58:55,Long Valley,Upper Gorge Total Release,34.1
2026-09-11 15:58:55,Northern Owens Valley,Rock Ck. At Owens River (PV) Flow,25.3
2026-09-11 15:58:55,Northern Owens Valley,Pleasant Valley Outflow,496.7
2026-09-11 15:58:55,Northern Owens Valley,Baker Ck. At LA Station Flow,7.0
2026-09-11 15:58:55,Northern Owens Valley,Big Pine Ck. USGS Flow,25.5
2026-09-11 15:58:55,Northern Owens Valley,O.R. Below Big Pine,468.8
2026-09-11 15:58:55,Northern Owens Valley,Fish Springs At RR Flow,38.2
2026-09-11 15:58:55,Northern Owens Valley,Tinemaha Reservoir Outflow,475.0
2026-09-11 15:58:55,Southern Owens Valley,Tinemaha Reservoir Outflow,475.0
2026-09-11 15:58:55,Southern Owens Valley,Indep. Ck. At Junction Flow,3.4
2026-09-11 15:58:55,Southern Owens Valley,LAA at Alabama Flow,416.0
2026-09-11 15:58:55,Southern Owens Valley,Cottonwood Ck. At LAA Flow,2.0
2026-09-11 15:58:55,Southern Owens Valley,LAA at Cottonwood Flow,460.0
2026-09-11 15:58:55,Southern Owens Valley,Haiwee LAA #1 Current Flow,0.0
2026-09-11 15:58:55,Southern Owens Valley,Haiwee LAA #2 Current Flow,146.6
2026-09-11 15:58:55,Southern Owens Valley,Reinhackel Flow,2.9
2026-09-11 15:58:55,Southern Owens Valley,Lubkin Spillgate Outflow,0.0
2026-09-11 15:58:55,Southern Owens Valley,Cartago Spillgate Outflow,19.0
2026-09-11 15:58:55,Lower Owens River Project,LORP Intake Flow,79.0
2026-09-11 15:58:55,Lower Owens River Project,LORP at Mazourka Canyon Road,0.0
2026-09-11 15:58:55,Lower Owens River Project,LORP at Reinhackle Springs,60.0
2026-09-11 15:58:55,Lower Owens River Project,LORP Above Pumpstation,49.0
2026-09-11 15:58:55,Lower Owens River Project,LORP At Pump Station Discharge Flow,37.0
2026-09-11 15:58:55,Southern District,Haiwee LAA #2 Current Flow,146.6
2026-09-11 15:58:55,Southern District,Haiwee LAA #1 Current Flow,0.0
2026-09-11 15:58:55,Southern District,LAA #1 Flow at Fairmont Reservoir,308.3
2026-09-11 15:58:55,Southern District,LAA #2 Flow at Fairmont Res.,153.2
2026-09-11 15:58:55,Southern District,Bouquet Reservoir Inflow,1.0
2026-09-11 15:58:55,Southern District,Bouquet Reservoir Outflow,0.5
2026-09-11 15:58:55,Southern District,LAA #1 at Soledad Flow,127.9
2026-09-11 15:58:55,Southern District,LAA #2 at Soledad Flow,244.6
2026-09-11 15:58:56,Northern Owens Valley,Tinemaha Elevation,3861.4
2026-09-11 15:58:56,Southern Owens Valley,Tinemaha Elevation,3861.4
2026-09-11 15:58:56,Mono Basin,Mono Lk. Elevation,6381.8
2026-09-11 15:58:56,Mono Basin,Grant Lk. Elevation,7128.7
2026-09-11 15:58:56,Long Valley,Long Valley Elevation,6768.5
2026-09-11 15:58:56,Northern Owens Valley,Pleasant Valley Elevation,4385.1
2026-09-11 15:58:56,Southern Owens Valley,LAA at Alabama Level,8.0
2026-09-11 15:58:56,Southern Owens Valley,LAA at Alabama Water Temp,72.4
2026-09-11 15:58:56,Southern Owens Valley,LAA at Cottonwood Level,8.9
2026-09-11 15:58:56,Southern Owens Valley,LAA at Cotton. Water Temp,74.5
2026-09-11 15:58:56,Southern Owens Valley,N. Haiwee Elevation,3756.9
2026-09-11 15:58:56,Southern Owens Valley,S. Haiwee Reservoir Elevation,3728.2
2026-09-11 15:58:56,Southern District,S. Haiwee Reservoir Elevation,3728.2
2026-09-11 15:58:56,Southern District,Fairmont Reservoir Elevation,3024.7
2026-09-11 15:58:56,Southern District,Bouquet Reservoir Elevation,2974.9
2026-09-11 16:28:56,Northern Owens Valley,Tinemaha Elevation,3861.4
2026-09-11 16:28:56,Southern Owens Valley,Tinemaha Elevation,3861.4
2026-09-11 16:43:56,Mono Basin,Lee Vining Intake Above Flow,22.4
2026-09-11 16:43:56,Mono Basin,Lee Vining Intake Below Flow,22.7
2026-09-11 16:43:56,Mono Basin,Walker Ck. Above Conduit Flow,4.0
2026-09-11 16:43:56,Mono Basin,L.V. Conduit Below Intake Flow,0.5
2026-09-11 16:43:56,Mono Basin,Walker Ck. Under Conduit Flow,3.0
2026-09-11 16:43:56,Mono Basin,Parker Ck. Under Conduit Flow,8.0
2026-09-11 16:43:56,Mono Basin,Parker Ck. Above Conduit Flow,8.0
2026-09-11 16:43:56,Mono Basin,Grant Lk. Spill Flow,0.0
2026-09-11 16:43:56,Mono Basin,Mono Gate 1 Return Ditch Flow,29.9
2026-09-11 16:43:56,Mono Basin,Grant Lk. Outflow,38.8
2026-09-11 16:43:56,Mono Basin,Rush Ck. at Damsite Flow,20.1
2026-09-11 16:43:56,Mono Basin,Flow to West Portal,10.6
2026-09-11 16:43:56,Long Valley,East Portal Flow,22.0
2026-09-11 16:43:56,Long Valley,OR Below EP Flow,65.0
2026-09-11 16:43:56,Long Valley,Hot Ck.at Hwy. Flow,5.0
2026-09-11 16:43:56,Long Valley,McGee Ck. Lower Sta. Flow,7.8
2026-09-11 16:43:56,Long Valley,Long Valley Current Outflow,574.3
2026-09-11 16:43:56,Long Valley,Rock Ck. Div. Flow,0.0
2026-09-11 16:43:56,Long Valley,Upper Gorge Total Release,33.4
2026-09-11 16:43:56,Long Valley,Release at Middle Gorge,0.0
2026-09-11 16:43:56,Northern Owens Valley,Rock Ck. At Owens River (PV) Flow,25.3
2026-09-11 16:43:56,Northern Owens Valley,Pleasant Valley Outflow,497.1
2026-09-11 16:43:56,Northern Owens Valley,Baker Ck. At LA Station Flow,6.9
2026-09-11 16:43:56,Northern Owens Valley,Big Pine Ck. USGS Flow,25.5
2026-09-11 16:43:56,Northern Owens Valley,O.R. Below Big Pine,468.7
2026-09-11 16:43:56,Northern Owens Valley,Fish Springs At RR Flow,38.2
2026-09-11 16:43:56,Northern Owens Valley,Tinemaha Reservoir Outflow,474.2
2026-09-11 16:43:56,Northern Owens Valley,Bishop Creek Through Plant 6,64.9
2026-09-11 16:43:56,Northern Owens Valley,Bishop Creek Around Plant 6,6.5
2026-09-11 16:43:56,Southern Owens Valley,Tinemaha Reservoir Outflow,474.2
2026-09-11 16:43:56,Southern Owens Valley,Indep. Ck. At Junction Flow,3.4
2026-09-11 16:43:56,Southern Owens Valley,LAA at Alabama Flow,415.0
2026-09-11 16:43:56,Southern Owens Valley,Cottonwood Ck. At LAA Flow,3.0
2026-09-11 16:43:56,Southern Owens Valley,LAA at Cottonwood Flow,460.0
2026-09-11 16:43:56,Southern Owens Valley,Haiwee LAA #1 Current Flow,0.0
2026-09-11 16:43:56,Southern Owens Valley,Haiwee LAA #2 Current Flow,146.6
2026-09-11 16:43:56,Southern Owens Valley,Reinhackel Flow,2.9
2026-09-11 16:43:56,Southern Owens Valley,Lubkin Spillgate Outflow,0.0
2026-09-11 16:43:56,Southern Owens Valley,Cartago Spillgate Outflow,18.5
2026-09-11 16:43:56,Southern Owens Valley,Lone Pine Creek Flow,7.2
2026-09-11 16:43:56,Lower Owens River Project,LORP Intake Flow,79.0
2026-09-11 16:43:56,Lower Owens River Project,LORP at Mazourka Canyon Road,0.0
2026-09-11 16:43:56,Lower Owens River Project,LORP at Reinhackle Springs,59.0
2026-09-11 16:43:56,Lower Owens River Project,LORP Above Pumpstation,58.0
2026-09-11 16:43:56,Lower Owens River Project,LORP At Pump Station Discharge Flow,48.0
2026-09-11 16:43:56,Southern District,Haiwee LAA #2 Current Flow,146.6
2026-09-11 16:43:56,Southern District,Haiwee LAA #1 Current Flow,0.0
2026-09-11 16:43:56,Southern District,LAA #1 Flow at Fairmont Reservoir,308.9
2026-09-11 16:43:56,Southern District,LAA #2 Flow at Fairmont Res.,153.2
2026-09-11 16:43:56,Southern District,Bouquet Reservoir Inflow,0.8
2026-09-11 16:43:56,Southern District,Bouquet Reservoir Outflow,0.6
2026-09-11 16:43:56,Southern District,LAA #1 at Soledad Flow,127.9
2026-09-11 16:43:56,Southern District,LAA #2 at Soledad Flow,244.6
2026-09-11 16:43:57,Mono Basin,Mono Lk. Elevation,6381.8
2026-09-11 16:43:57,Mono Basin,Grant Lk. Elevation,7128.6
2026-09-11 16:43:57,Long Valley,Long Valley Elevation,6768.5
2026-09-11 16:43:57,Northern Owens Valley,Pleasant Valley Elevation,4385.2
2026-09-11 16:43:57,Southern Owens Valley,LAA at Alabama Level,8.0
2026-09-11 16:43:57,Southern Owens Valley,LAA at Alabama Water Temp,72.7
2026-09-11 16:43:57,Southern Owens Valley,LAA at Cottonwood Level,8.9
2026-09-11 16:43:57,Southern Owens Valley,LAA at Cotton. Water Temp,74.7
2026-09-11 16:43:57,Southern Owens Valley,N. Haiwee Elevation,3756.9
2026-09-11 16:43:57,Southern Owens Valley,S. Haiwee Reservoir Elevation,3728.2
2026-09-11 16:43:57,Southern District,S. Haiwee Reservoir Elevation,3728.2
2026-09-11 16:43:57,Southern District,Fairmont Reservoir Elevation,3024.7
2026-09-11 16:43:57,Southern District,Bouquet Reservoir Elevation,2974.9
2026-09-11 16:58:56,Northern Owens Valley,Tinemaha Elevation,3861.4
2026-09-11 16:58:56,Southern Owens Valley,Tinemaha Elevation,3861.4
2026-09-11 17:28:56,Northern Owens Valley,Tinemaha Elevation,3861.4
2026-09-11 17:28:56,Southern Owens Valley,Tinemaha Elevation,3861.4
2026-09-11 17:43:56,Mono Basin,Lee Vining Intake Above Flow,22.3
2026-09-11 17:43:56,Mono Basin,Lee Vining Intake Below Flow,22.7
2026-09-11 17:43:56,Mono Basin,Walker Ck. Above Conduit Flow,4.0
2026-09-11 17:43:56,Mono Basin,L.V. Conduit Below Intake Flow,0.5
2026-09-11 17:43:56,Mono Basin,Walker Ck. Under Conduit Flow,3.0
2026-09-11 17:43:56,Mono Basin,Parker Ck. Under Conduit Flow,8.0
2026-09-11 17:43:56,Mono Basin,Parker Ck. Above Conduit Flow,8.0
2026-09-11 17:43:56,Mono Basin,Grant Lk. Spill Flow,0.0
2026-09-11 17:43:56,Mono Basin,Mono Gate 1 Return Ditch Flow,29.8
2026-09-11 17:43:56,Mono Basin,Grant Lk. Outflow,38.9
2026-09-11 17:43:56,Mono Basin,Rush Ck. at Damsite Flow,20.1
2026-09-11 17:43:56,Mono Basin,Flow to West Portal,10.6
2026-09-11 17:43:56,Long Valley,East Portal Flow,22.0
2026-09-11 17:43:56,Long Valley,OR Below EP Flow,65.0
2026-09-11 17:43:56,Long Valley,Hot Ck.at Hwy. Flow,5.0
2026-09-11 17:43:56,Long Valley,McGee Ck. Lower Sta. Flow,7.8
2026-09-11 17:43:56,Long Valley,Long Valley Current Outflow,579.4
2026-09-11 17:43:56,Long Valley,Rock Ck. Div. Flow,0.0
2026-09-11 17:43:56,Long Valley,Upper Gorge Total Release,33.3
2026-09-11 17:43:56,Long Valley,Release at Middle Gorge,0.0
2026-09-11 17:43:56,Northern Owens Valley,Rock Ck. At Owens River (PV) Flow,24.9
2026-09-11 17:43:56,Northern Owens Valley,Pleasant Valley Outflow,497.3
2026-09-11 17:43:56,Northern Owens Valley,Baker Ck. At LA Station Flow,6.9
2026-09-11 17:43:56,Northern Owens Valley,Big Pine Ck. USGS Flow,25.5
2026-09-11 17:43:56,Northern Owens Valley,O.R. Below Big Pine,468.2
2026-09-11 17:43:56,Northern Owens Valley,Fish Springs At RR Flow,38.2
2026-09-11 17:43:56,Northern Owens Valley,Tinemaha Reservoir Outflow,474.2
2026-09-11 17:43:56,Northern Owens Valley,Bishop Creek Through Plant 6,67.4
2026-09-11 17:43:56,Northern Owens Valley,Bishop Creek Around Plant 6,6.8
2026-09-11 17:43:56,Southern Owens Valley,Tinemaha Reservoir Outflow,474.2
2026-09-11 17:43:56,Southern Owens Valley,Indep. Ck. At Junction Flow,3.4
2026-09-11 17:43:56,Southern Owens Valley,LAA at Alabama Flow,416.0
2026-09-11 17:43:56,Southern Owens Valley,Cottonwood Ck. At LAA Flow,2.0
2026-09-11 17:43:56,Southern Owens Valley,LAA at Cottonwood Flow,460.0
2026-09-11 17:43:56,Southern Owens Valley,Haiwee LAA #1 Current Flow,0.0
2026-09-11 17:43:56,Southern Owens Valley,Haiwee LAA #2 Current Flow,146.6
2026-09-11 17:43:56,Southern Owens Valley,Reinhackel Flow,2.9
2026-09-11 17:43:56,Southern Owens Valley,Lubkin Spillgate Outflow,0.0
2026-09-11 17:43:56,Southern Owens Valley,Cartago Spillgate Outflow,19.7
2026-09-11 17:43:56,Southern Owens Valley,Lone Pine Creek Flow,7.1
2026-09-11 17:43:56,Lower Owens River Project,LORP Intake Flow,79.0
2026-09-11 17:43:56,Lower Owens River Project,LORP at Mazourka Canyon Road,0.0
2026-09-11 17:43:56,Lower Owens River Project,LORP at Reinhackle Springs,57.0
2026-09-11 17:43:56,Lower Owens River Project,LORP Above Pumpstation,58.0
2026-09-11 17:43:56,Lower Owens River Project,LORP At Pump Station Discharge Flow,48.0
2026-09-11 17:43:56,Southern District,Haiwee LAA #2 Current Flow,146.6
2026-09-11 17:43:56,Southern District,Haiwee LAA #1 Current Flow,0.0
2026-09-11 17:43:56,Southern District,LAA #1 Flow at Fairmont Reservoir,309.3
2026-09-11 17:43:56,Southern District,LAA #2 Flow at Fairmont Res.,153.2
2026-09-11 17:43:56,Southern District,Bouquet Reservoir Inflow,1.3
2026-09-11 17:43:56,Southern District,Bouquet Reservoir Outflow,0.5
2026-09-11 17:43:56,Southern District,LAA #1 at Soledad Flow,127.9
2026-09-11 17:43:56,Southern District,LAA #2 at Soledad Flow,244.6
2026-09-11 17:43:57,Mono Basin,Mono Lk. Elevation,6381.8
2026-09-11 17:43:57,Mono Basin,Grant Lk. Elevation,7128.7
2026-09-11 17:43:57,Long Valley,Long Valley Elevation,6768.5
2026-09-11 17:43:57,Northern Owens Valley,Pleasant Valley Elevation,4385.3
2026-09-11 17:43:57,Southern Owens Valley,LAA at Alabama Level,8.0
2026-09-11 17:43:57,Southern Owens Valley,LAA at Alabama Water Temp,73.0
2026-09-11 17:43:57,Southern Owens Valley,LAA at Cottonwood Level,8.9
2026-09-11 17:43:57,Southern Owens Valley,LAA at Cotton. Water Temp,74.7
2026-09-11 17:43:57,Southern Owens Valley,N. Haiwee Elevation,3756.9
2026-09-11 17:43:57,Southern Owens Valley,S. Haiwee Reservoir Elevation,3728.2
2026-09-11 17:43:57,Southern District,S. Haiwee Reservoir Elevation,3728.2
2026-09-11 17:43:57,Southern District,Fairmont Reservoir Elevation,3024.8
2026-09-11 17:43:57,Southern District,Bouquet Reservoir Elevation,2974.9
2026-09-11 17:58:56,Northern Owens Valley,Tinemaha Elevation,3861.4
2026-09-11 17:58:56,Southern Owens Valley,Tinemaha Elevation,3861.4
2026-09-11 18:28:56,Northern Owens Valley,Tinemaha Elevation,3861.4
2026-09-11 18:28:56,Southern Owens Valley,Tinemaha Elevation,3861.4
2026-09-11 18:43:57,Mono Basin,Lee Vining Intake Above Flow,22.7
2026-09-11 18:43:57,Mono Basin,Lee Vining Intake Below Flow,22.8
2026-09-11 18:43:57,Mono Basin,Mono Lk. Elevation,6381.8
2026-09-11 18:43:57,Mono Basin,Walker Ck. Above Conduit Flow,4.0
2026-09-11 18:43:57,Mono Basin,L.V. Conduit Below Intake Flow,0.5
2026-09-11 18:43:57,Mono Basin,Walker Ck. Under Conduit Flow,3.0
2026-09-11 18:43:57,Mono Basin,Parker Ck. Under Conduit Flow,8.0
2026-09-11 18:43:57,Mono Basin,Parker Ck. Above Conduit Flow,8.0
2026-09-11 18:43:57,Mono Basin,Grant Lk. Spill Flow,0.0
2026-09-11 18:43:57,Mono Basin,Mono Gate 1 Return Ditch Flow,30.1
2026-09-11 18:43:57,Mono Basin,Grant Lk. Elevation,7128.6
2026-09-11 18:43:57,Mono Basin,Grant Lk. Outflow,38.9
2026-09-11 18:43:57,Mono Basin,Rush Ck. at Damsite Flow,20.1
2026-09-11 18:43:57,Mono Basin,Flow to West Portal,10.6
2026-09-11 18:43:57,Long Valley,East Portal Flow,22.0
2026-09-11 18:43:57,Long Valley,OR Below EP Flow,65.0
2026-09-11 18:43:57,Long Valley,Hot Ck.at Hwy. Flow,5.0
2026-09-11 18:43:57,Long Valley,McGee Ck. Lower Sta. Flow,7.8
2026-09-11 18:43:57,Long Valley,Long Valley Elevation,6768.5
2026-09-11 18:43:57,Long Valley,Long Valley Current Outflow,582.7
2026-09-11 18:43:57,Long Valley,Rock Ck. Div. Flow,0.0
2026-09-11 18:43:57,Long Valley,Upper Gorge Total Release,33.8
2026-09-11 18:43:57,Long Valley,Release at Middle Gorge,0.0
2026-09-11 18:43:57,Northern Owens Valley,Rock Ck. At Owens River (PV) Flow,24.9
2026-09-11 18:43:57,Northern Owens Valley,Pleasant Valley Elevation,4385.4
2026-09-11 18:43:57,Northern Owens Valley,Pleasant Valley Outflow,497.8
2026-09-11 18:43:57,Northern Owens Valley,Baker Ck. At LA Station Flow,6.7
2026-09-11 18:43:57,Northern Owens Valley,Big Pine Ck. USGS Flow,25.5
2026-09-11 18:43:57,Northern Owens Valley,O.R. Below Big Pine,466.3
2026-09-11 18:43:57,Northern Owens Valley,Fish Springs At RR Flow,37.1
2026-09-11 18:43:57,Northern Owens Valley,Tinemaha Reservoir Outflow,474.2
2026-09-11 18:43:57,Northern Owens Valley,Bishop Creek Through Plant 6,65.0
2026-09-11 18:43:57,Northern Owens Valley,Bishop Creek Around Plant 6,7.4
2026-09-11 18:43:57,Southern Owens Valley,Tinemaha Reservoir Outflow,474.2
2026-09-11 18:43:57,Southern Owens Valley,Indep. Ck. At Junction Flow,3.4
2026-09-11 18:43:57,Southern Owens Valley,LAA at Alabama Flow,415.0
2026-09-11 18:43:57,Southern Owens Valley,LAA at Alabama Level,8.0
2026-09-11 18:43:57,Southern Owens Valley,LAA at Alabama Water Temp,73.0
2026-09-11 18:43:57,Southern Owens Valley,Cottonwood Ck. At LAA Flow,2.0
2026-09-11 18:43:57,Southern Owens Valley,LAA at Cottonwood Flow,461.0
2026-09-11 18:43:57,Southern Owens Valley,LAA at Cottonwood Level,8.9
2026-09-11 18:43:57,Southern Owens Valley,LAA at Cotton. Water Temp,74.4
2026-09-11 18:43:57,Southern Owens Valley,N. Haiwee Elevation,3756.9
2026-09-11 18:43:57,Southern Owens Valley,S. Haiwee Reservoir Elevation,3728.2
2026-09-11 18:43:57,Southern Owens Valley,Haiwee LAA #1 Current Flow,0.0
2026-09-11 18:43:57,Southern Owens Valley,Haiwee LAA #2 Current Flow,146.6
2026-09-11 18:43:57,Southern Owens Valley,Reinhackel Flow,2.9
2026-09-11 18:43:57,Southern Owens Valley,Lubkin Spillgate Outflow,0.0
2026-09-11 18:43:57,Southern Owens Valley,Cartago Spillgate Outflow,22.6
2026-09-11 18:43:57,Southern Owens Valley,Lone Pine Creek Flow,7.1
2026-09-11 18:43:57,Lower Owens River Project,LORP Intake Flow,79.0
2026-09-11 18:43:57,Lower Owens River Project,LORP at Mazourka Canyon Road,0.0
2026-09-11 18:43:57,Lower Owens River Project,LORP at Reinhackle Springs,58.0
2026-09-11 18:43:57,Lower Owens River Project,LORP Above Pumpstation,49.0
2026-09-11 18:43:57,Lower Owens River Project,LORP At Pump Station Discharge Flow,37.0
2026-09-11 18:43:57,Southern District,Haiwee LAA #2 Current Flow,146.6
2026-09-11 18:43:57,Southern District,S. Haiwee Reservoir Elevation,3728.2
2026-09-11 18:43:57,Southern District,Haiwee LAA #1 Current Flow,0.0
2026-09-11 18:43:57,Southern District,Fairmont Reservoir Elevation,3024.9
2026-09-11 18:43:57,Southern District,LAA #1 Flow at Fairmont Reservoir,308.0
2026-09-11 18:43:57,Southern District,LAA #2 Flow at Fairmont Res.,153.1
2026-09-11 18:43:57,Southern District,Bouquet Reservoir Elevation,2974.9
2026-09-11 18:43:57,Southern District,Bouquet Reservoir Inflow,1.2
2026-09-11 18:43:57,Southern District,Bouquet Reservoir Outflow,0.5
2026-09-11 18:43:57,Southern District,LAA #1 at Soledad Flow,127.9
2026-09-11 18:43:57,Southern District,LAA #2 at Soledad Flow,244.6
2026-09-11 18:58:55,Northern Owens Valley,Tinemaha Elevation,3861.4
2026-09-11 18:58:55,Southern Owens Valley,Tinemaha Elevation,3861.4
2026-09-11 19:28:56,Northern Owens Valley,Tinemaha Elevation,3861.4
2026-09-11 19:28:56,Southern Owens Valley,Tinemaha Elevation,3861.4
2026-09-11 19:43:57,Mono Basin,Lee Vining Intake Above Flow,54.2
2026-09-11 19:43:57,Mono Basin,Lee Vining Intake Below Flow,32.4
2026-09-11 19:43:57,Mono Basin,Mono Lk. Elevation,6381.8
2026-09-11 19:43:57,Mono Basin,Walker Ck. Above Conduit Flow,4.0
2026-09-11 19:43:57,Mono Basin,L.V. Conduit Below Intake Flow,0.5
2026-09-11 19:43:57,Mono Basin,Walker Ck. Under Conduit Flow,3.0
2026-09-11 19:43:57,Mono Basin,Parker Ck. Under Conduit Flow,8.0
2026-09-11 19:43:57,Mono Basin,Parker Ck. Above Conduit Flow,8.0
2026-09-11 19:43:57,Mono Basin,Grant Lk. Spill Flow,0.0
2026-09-11 19:43:57,Mono Basin,Mono Gate 1 Return Ditch Flow,30.1
2026-09-11 19:43:57,Mono Basin,Grant Lk. Elevation,7128.6
2026-09-11 19:43:57,Mono Basin,Grant Lk. Outflow,38.8
2026-09-11 19:43:57,Mono Basin,Rush Ck. at Damsite Flow,20.1
2026-09-11 19:43:57,Mono Basin,Flow to West Portal,10.6
2026-09-11 19:43:57,Long Valley,East Portal Flow,22.0
2026-09-11 19:43:57,Long Valley,OR Below EP Flow,66.0
2026-09-11 19:43:57,Long Valley,Hot Ck.at Hwy. Flow,5.0
2026-09-11 19:43:57,Long Valley,McGee Ck. Lower Sta. Flow,7.8
2026-09-11 19:43:57,Long Valley,Long Valley Elevation,6768.5
2026-09-11 19:43:57,Long Valley,Long Valley Current Outflow,579.8
2026-09-11 19:43:57,Long Valley,Rock Ck. Div. Flow,0.0
2026-09-11 19:43:57,Long Valley,Upper Gorge Total Release,34.3
2026-09-11 19:43:57,Long Valley,Release at Middle Gorge,0.0
2026-09-11 19:43:57,Northern Owens Valley,Rock Ck. At Owens River (PV) Flow,24.9
2026-09-11 19:43:57,Northern Owens Valley,Pleasant Valley Elevation,4385.5
2026-09-11 19:43:57,Northern Owens Valley,Pleasant Valley Outflow,498.1
2026-09-11 19:43:57,Northern Owens Valley,Baker Ck. At LA Station Flow,6.7
2026-09-11 19:43:57,Northern Owens Valley,Big Pine Ck. USGS Flow,25.5
2026-09-11 19:43:57,Northern Owens Valley,O.R. Below Big Pine,464.1
2026-09-11 19:43:57,Northern Owens Valley,Fish Springs At RR Flow,37.1
2026-09-11 19:43:57,Northern Owens Valley,Tinemaha Reservoir Outflow,474.3
2026-09-11 19:43:57,Northern Owens Valley,Bishop Creek Through Plant 6,66.3
2026-09-11 19:43:57,Northern Owens Valley,Bishop Creek Around Plant 6,7.6
2026-09-11 19:43:57,Southern Owens Valley,Tinemaha Reservoir Outflow,474.3
2026-09-11 19:43:57,Southern Owens Valley,Indep. Ck. At Junction Flow,3.2
2026-09-11 19:43:57,Southern Owens Valley,LAA at Alabama Flow,416.0
2026-09-11 19:43:57,Southern Owens Valley,LAA at Alabama Level,8.0
2026-09-11 19:43:57,Southern Owens Valley,LAA at Alabama Water Temp,72.7
2026-09-11 19:43:57,Southern Owens Valley,Cottonwood Ck. At LAA Flow,2.0
2026-09-11 19:43:57,Southern Owens Valley,LAA at Cottonwood Flow,461.0
2026-09-11 19:43:57,Southern Owens Valley,LAA at Cottonwood Level,8.9
2026-09-11 19:43:57,Southern Owens Valley,LAA at Cotton. Water Temp,74.2
2026-09-11 19:43:57,Southern Owens Valley,N. Haiwee Elevation,3756.9
2026-09-11 19:43:57,Southern Owens Valley,S. Haiwee Reservoir Elevation,3728.2
2026-09-11 19:43:57,Southern Owens Valley,Haiwee LAA #1 Current Flow,0.0
2026-09-11 19:43:57,Southern Owens Valley,Haiwee LAA #2 Current Flow,146.6
2026-09-11 19:43:57,Southern Owens Valley,Reinhackel Flow,2.9
2026-09-11 19:43:57,Southern Owens Valley,Lubkin Spillgate Outflow,0.0
2026-09-11 19:43:57,Southern Owens Valley,Cartago Spillgate Outflow,17.3
2026-09-11 19:43:57,Southern Owens Valley,Lone Pine Creek Flow,7.1
2026-09-11 19:43:57,Lower Owens River Project,LORP Intake Flow,79.0
2026-09-11 19:43:57,Lower Owens River Project,LORP at Mazourka Canyon Road,0.0
2026-09-11 19:43:57,Lower Owens River Project,LORP at Reinhackle Springs,56.0
2026-09-11 19:43:57,Lower Owens River Project,LORP Above Pumpstation,58.0
2026-09-11 19:43:57,Lower Owens River Project,LORP At Pump Station Discharge Flow,47.0
2026-09-11 19:43:57,Southern District,Haiwee LAA #2 Current Flow,146.6
2026-09-11 19:43:57,Southern District,S. Haiwee Reservoir Elevation,3728.2
2026-09-11 19:43:57,Southern District,Haiwee LAA #1 Current Flow,0.0
2026-09-11 19:43:57,Southern District,LAA #1 Flow at Fairmont Reservoir,308.9
2026-09-11 19:43:57,Southern District,LAA #2 Flow at Fairmont Res.,152.8
2026-09-11 19:43:57,Southern District,Bouquet Reservoir Inflow,4.2
2026-09-11 19:43:57,Southern District,Bouquet Reservoir Outflow,0.5
2026-09-11 19:43:57,Southern District,LAA #1 at Soledad Flow,127.7
2026-09-11 19:43:57,Southern District,LAA #2 at Soledad Flow,247.3
2026-09-11 19:43:58,Southern District,Fairmont Reservoir Elevation,3025.0
2026-09-11 19:43:58,Southern District,Bouquet Reservoir Elevation,2974.9
2026-09-11 19:58:56,Northern Owens Valley,Tinemaha Elevation,3861.4
2026-09-11 19:58:56,Southern Owens Valley,Tinemaha Elevation,3861.4
2026-09-11 20:28:56,Northern Owens Valley,Tinemaha Elevation,3861.4
2026-09-11 20:28:56,Southern Owens Valley,Tinemaha Elevation,3861.4
2026-09-11 20:43:57,Mono Basin,Lee Vining Intake Above Flow,96.1
2026-09-11 20:43:57,Mono Basin,Lee Vining Intake Below Flow,57.7
2026-09-11 20:43:57,Mono Basin,Mono Lk. Elevation,6381.8
2026-09-11 20:43:57,Mono Basin,Walker Ck. Above Conduit Flow,4.0
2026-09-11 20:43:57,Mono Basin,L.V. Conduit Below Intake Flow,16.2
2026-09-11 20:43:57,Mono Basin,Walker Ck. Under Conduit Flow,3.0
2026-09-11 20:43:57,Mono Basin,Parker Ck. Under Conduit Flow,8.0
2026-09-11 20:43:57,Mono Basin,Parker Ck. Above Conduit Flow,8.0
2026-09-11 20:43:57,Mono Basin,Grant Lk. Spill Flow,0.0
2026-09-11 20:43:57,Mono Basin,Mono Gate 1 Return Ditch Flow,29.9
2026-09-11 20:43:57,Mono Basin,Grant Lk. Elevation,7128.6
2026-09-11 20:43:57,Mono Basin,Grant Lk. Outflow,38.9
2026-09-11 20:43:57,Mono Basin,Rush Ck. at Damsite Flow,20.1
2026-09-11 20:43:57,Mono Basin,Flow to West Portal,10.6
2026-09-11 20:43:57,Long Valley,East Portal Flow,22.0
2026-09-11 20:43:57,Long Valley,OR Below EP Flow,66.0
2026-09-11 20:43:57,Long Valley,Hot Ck.at Hwy. Flow,5.0
2026-09-11 20:43:57,Long Valley,McGee Ck. Lower Sta. Flow,7.8
2026-09-11 20:43:57,Long Valley,Long Valley Elevation,6768.5
2026-09-11 20:43:57,Long Valley,Long Valley Current Outflow,579.6
2026-09-11 20:43:57,Long Valley,Rock Ck. Div. Flow,0.0
2026-09-11 20:43:57,Long Valley,Upper Gorge Total Release,34.7
2026-09-11 20:43:57,Long Valley,Release at Middle Gorge,0.0
2026-09-11 20:43:57,Northern Owens Valley,Rock Ck. At Owens River (PV) Flow,24.7
2026-09-11 20:43:57,Northern Owens Valley,Pleasant Valley Elevation,4385.6
2026-09-11 20:43:57,Northern Owens Valley,Pleasant Valley Outflow,498.0
2026-09-11 20:43:57,Northern Owens Valley,Baker Ck. At LA Station Flow,6.7
2026-09-11 20:43:57,Northern Owens Valley,Big Pine Ck. USGS Flow,25.5
2026-09-11 20:43:57,Northern Owens Valley,O.R. Below Big Pine,463.6
2026-09-11 20:43:57,Northern Owens Valley,Fish Springs At RR Flow,37.1
2026-09-11 20:43:57,Northern Owens Valley,Tinemaha Reservoir Outflow,475.0
2026-09-11 20:43:57,Northern Owens Valley,Bishop Creek Through Plant 6,66.3
2026-09-11 20:43:57,Northern Owens Valley,Bishop Creek Around Plant 6,7.6
2026-09-11 20:43:57,Southern Owens Valley,Tinemaha Reservoir Outflow,475.0
2026-09-11 20:43:57,Southern Owens Valley,Indep. Ck. At Junction Flow,3.2
2026-09-11 20:43:57,Southern Owens Valley,LAA at Alabama Flow,414.0
2026-09-11 20:43:57,Southern Owens Valley,LAA at Alabama Level,7.9
2026-09-11 20:43:57,Southern Owens Valley,LAA at Alabama Water Temp,72.6
2026-09-11 20:43:57,Southern Owens Valley,Cottonwood Ck. At LAA Flow,2.0
2026-09-11 20:43:57,Southern Owens Valley,LAA at Cottonwood Flow,461.0
2026-09-11 20:43:57,Southern Owens Valley,LAA at Cottonwood Level,8.9
2026-09-11 20:43:57,Southern Owens Valley,LAA at Cotton. Water Temp,74.0
2026-09-11 20:43:57,Southern Owens Valley,N. Haiwee Elevation,3756.9
2026-09-11 20:43:57,Southern Owens Valley,S. Haiwee Reservoir Elevation,3728.2
2026-09-11 20:43:57,Southern Owens Valley,Haiwee LAA #1 Current Flow,0.0
2026-09-11 20:43:57,Southern Owens Valley,Haiwee LAA #2 Current Flow,146.6
2026-09-11 20:43:57,Southern Owens Valley,Reinhackel Flow,2.9
2026-09-11 20:43:57,Southern Owens Valley,Lubkin Spillgate Outflow,0.0
2026-09-11 20:43:57,Southern Owens Valley,Cartago Spillgate Outflow,19.2
2026-09-11 20:43:57,Southern Owens Valley,Lone Pine Creek Flow,7.0
2026-09-11 20:43:57,Lower Owens River Project,LORP Intake Flow,79.0
2026-09-11 20:43:57,Lower Owens River Project,LORP at Mazourka Canyon Road,0.0
2026-09-11 20:43:57,Lower Owens River Project,LORP at Reinhackle Springs,54.0
2026-09-11 20:43:57,Lower Owens River Project,LORP Above Pumpstation,50.0
2026-09-11 20:43:57,Lower Owens River Project,LORP At Pump Station Discharge Flow,38.0
2026-09-11 20:43:57,Southern District,Haiwee LAA #2 Current Flow,146.6
2026-09-11 20:43:57,Southern District,S. Haiwee Reservoir Elevation,3728.2
2026-09-11 20:43:57,Southern District,Haiwee LAA #1 Current Flow,0.0
2026-09-11 20:43:57,Southern District,Fairmont Reservoir Elevation,3025.0
2026-09-11 20:43:57,Southern District,LAA #1 Flow at Fairmont Reservoir,308.7
2026-09-11 20:43:57,Southern District,LAA #2 Flow at Fairmont Res.,152.3
2026-09-11 20:43:57,Southern District,Bouquet Reservoir Elevation,2974.9
2026-09-11 20:43:57,Southern District,Bouquet Reservoir Inflow,1.2
2026-09-11 20:43:57,Southern District,Bouquet Reservoir Outflow,0.5
2026-09-11 20:43:57,Southern District,LAA #1 at Soledad Flow,127.7
2026-09-11 20:43:57,Southern District,LAA #2 at Soledad Flow,247.3
2026-09-11 20:58:56,Northern Owens Valley,Tinemaha Elevation,3861.4
2026-09-11 20:58:56,Southern Owens Valley,Tinemaha Elevation,3861.4
2026-09-11 21:28:57,Northern Owens Valley,Tinemaha Elevation,3861.4
2026-09-11 21:28:57,Southern Owens Valley,Tinemaha Elevation,3861.4
2026-09-11 21:43:56,Mono Basin,Lee Vining Intake Above Flow,98.2
2026-09-11 21:43:56,Mono Basin,Lee Vining Intake Below Flow,59.2
2026-09-11 21:43:56,Mono Basin,Walker Ck. Above Conduit Flow,4.0
2026-09-11 21:43:56,Mono Basin,L.V. Conduit Below Intake Flow,33.5
2026-09-11 21:43:56,Mono Basin,Walker Ck. Under Conduit Flow,3.0
2026-09-11 21:43:56,Mono Basin,Parker Ck. Under Conduit Flow,8.0
2026-09-11 21:43:56,Mono Basin,Parker Ck. Above Conduit Flow,8.0
2026-09-11 21:43:56,Mono Basin,Grant Lk. Spill Flow,0.0
2026-09-11 21:43:56,Mono Basin,Mono Gate 1 Return Ditch Flow,29.9
2026-09-11 21:43:56,Mono Basin,Grant Lk. Outflow,39.1
2026-09-11 21:43:56,Mono Basin,Rush Ck. at Damsite Flow,20.1
2026-09-11 21:43:56,Mono Basin,Flow to West Portal,10.6
2026-09-11 21:43:56,Long Valley,East Portal Flow,22.0
2026-09-11 21:43:56,Long Valley,OR Below EP Flow,66.0
2026-09-11 21:43:56,Long Valley,Hot Ck.at Hwy. Flow,5.0
2026-09-11 21:43:56,Long Valley,McGee Ck. Lower Sta. Flow,7.8
2026-09-11 21:43:56,Long Valley,Long Valley Current Outflow,2.4
2026-09-11 21:43:56,Long Valley,Rock Ck. Div. Flow,0.0
2026-09-11 21:43:56,Long Valley,Upper Gorge Total Release,33.9
2026-09-11 21:43:56,Long Valley,Release at Middle Gorge,0.0
2026-09-11 21:43:56,Northern Owens Valley,Rock Ck. At Owens River (PV) Flow,24.7
2026-09-11 21:43:56,Northern Owens Valley,Pleasant Valley Outflow,497.7
2026-09-11 21:43:56,Northern Owens Valley,Baker Ck. At LA Station Flow,6.6
2026-09-11 21:43:56,Northern Owens Valley,Big Pine Ck. USGS Flow,25.5
2026-09-11 21:43:56,Northern Owens Valley,O.R. Below Big Pine,462.6
2026-09-11 21:43:56,Northern Owens Valley,Fish Springs At RR Flow,37.1
2026-09-11 21:43:56,Northern Owens Valley,Tinemaha Reservoir Outflow,476.6
2026-09-11 21:43:56,Northern Owens Valley,Bishop Creek Through Plant 6,66.3
2026-09-11 21:43:56,Northern Owens Valley,Bishop Creek Around Plant 6,7.6
2026-09-11 21:43:56,Southern Owens Valley,Tinemaha Reservoir Outflow,476.6
2026-09-11 21:43:56,Southern Owens Valley,Indep. Ck. At Junction Flow,3.2
2026-09-11 21:43:56,Southern Owens Valley,LAA at Alabama Flow,414.0
2026-09-11 21:43:56,Southern Owens Valley,Cottonwood Ck. At LAA Flow,2.0
2026-09-11 21:43:56,Southern Owens Valley,LAA at Cottonwood Flow,461.0
2026-09-11 21:43:56,Southern Owens Valley,Haiwee LAA #1 Current Flow,0.0
2026-09-11 21:43:56,Southern Owens Valley,Haiwee LAA #2 Current Flow,146.6
2026-09-11 21:43:56,Southern Owens Valley,Reinhackel Flow,2.9
2026-09-11 21:43:56,Southern Owens Valley,Lubkin Spillgate Outflow,0.0
2026-09-11 21:43:56,Southern Owens Valley,Cartago Spillgate Outflow,16.3
2026-09-11 21:43:56,Southern Owens Valley,Lone Pine Creek Flow,7.1
2026-09-11 21:43:56,Lower Owens River Project,LORP Intake Flow,79.0
2026-09-11 21:43:56,Lower Owens River Project,LORP at Mazourka Canyon Road,0.0
2026-09-11 21:43:56,Lower Owens River Project,LORP at Reinhackle Springs,57.0
2026-09-11 21:43:56,Lower Owens River Project,LORP Above Pumpstation,49.0
2026-09-11 21:43:56,Lower Owens River Project,LORP At Pump Station Discharge Flow,38.0
2026-09-11 21:43:56,Southern District,Haiwee LAA #2 Current Flow,146.6
2026-09-11 21:43:56,Southern District,Haiwee LAA #1 Current Flow,0.0
2026-09-11 21:43:56,Southern District,LAA #1 Flow at Fairmont Reservoir,307.4
2026-09-11 21:43:56,Southern District,LAA #2 Flow at Fairmont Res.,152.1
2026-09-11 21:43:56,Southern District,Bouquet Reservoir Inflow,13.9
2026-09-11 21:43:56,Southern District,Bouquet Reservoir Outflow,0.5
2026-09-11 21:43:56,Southern District,LAA #1 at Soledad Flow,127.7
2026-09-11 21:43:56,Southern District,LAA #2 at Soledad Flow,247.3
2026-09-11 21:43:57,Mono Basin,Mono Lk. Elevation,6381.8
2026-09-11 21:43:57,Mono Basin,Grant Lk. Elevation,7128.6
2026-09-11 21:43:57,Long Valley,Long Valley Elevation,6768.5
2026-09-11 21:43:57,Northern Owens Valley,Pleasant Valley Elevation,4385.4
2026-09-11 21:43:57,Southern Owens Valley,LAA at Alabama Level,7.9
2026-09-11 21:43:57,Southern Owens Valley,LAA at Alabama Water Temp,72.5
2026-09-11 21:43:57,Southern Owens Valley,LAA at Cottonwood Level,8.9
2026-09-11 21:43:57,Southern Owens Valley,LAA at Cotton. Water Temp,73.7
2026-09-11 21:43:57,Southern Owens Valley,N. Haiwee Elevation,3756.9
2026-09-11 21:43:57,Southern Owens Valley,S. Haiwee Reservoir Elevation,3728.2
2026-09-11 21:43:57,Southern District,S. Haiwee Reservoir Elevation,3728.2
2026-09-11 21:43:57,Southern District,Fairmont Reservoir Elevation,3025.1
2026-09-11 21:43:57,Southern District,Bouquet Reservoir Elevation,2974.9
2026-09-11 21:58:56,Northern Owens Valley,Tinemaha Elevation,3861.4
2026-09-11 21:58:56,Southern Owens Valley,Tinemaha Elevation,3861.4
2026-09-11 22:28:56,Northern Owens Valley,Tinemaha Elevation,3861.4
2026-09-11 22:28:56,Southern Owens Valley,Tinemaha Elevation,3861.4
2026-09-11 22:43:56,Mono Basin,Lee Vining Intake Above Flow,99.3
2026-09-11 22:43:56,Mono Basin,Lee Vining Intake Below Flow,59.8
2026-09-11 22:43:56,Mono Basin,Walker Ck. Above Conduit Flow,4.0
2026-09-11 22:43:56,Mono Basin,L.V. Conduit Below Intake Flow,35.9
2026-09-11 22:43:56,Mono Basin,Walker Ck. Under Conduit Flow,3.0
2026-09-11 22:43:56,Mono Basin,Parker Ck. Under Conduit Flow,8.0
2026-09-11 22:43:56,Mono Basin,Parker Ck. Above Conduit Flow,8.0
2026-09-11 22:43:56,Mono Basin,Grant Lk. Spill Flow,0.0
2026-09-11 22:43:56,Mono Basin,Grant Lk. Outflow,38.9
2026-09-11 22:43:56,Mono Basin,Rush Ck. at Damsite Flow,27.8
2026-09-11 22:43:56,Long Valley,East Portal Flow,22.0
2026-09-11 22:43:56,Long Valley,OR Below EP Flow,66.0
2026-09-11 22:43:56,Long Valley,Hot Ck.at Hwy. Flow,5.0
2026-09-11 22:43:56,Long Valley,McGee Ck. Lower Sta. Flow,7.8
2026-09-11 22:43:56,Long Valley,Long Valley Current Outflow,0.1
2026-09-11 22:43:56,Long Valley,Rock Ck. Div. Flow,0.0
2026-09-11 22:43:56,Long Valley,Upper Gorge Total Release,33.1
2026-09-11 22:43:56,Long Valley,Release at Middle Gorge,0.0
2026-09-11 22:43:56,Northern Owens Valley,Rock Ck. At Owens River (PV) Flow,24.7
2026-09-11 22:43:56,Northern Owens Valley,Pleasant Valley Outflow,496.1
2026-09-11 22:43:56,Northern Owens Valley,Baker Ck. At LA Station Flow,6.8
2026-09-11 22:43:56,Northern Owens Valley,Big Pine Ck. USGS Flow,25.5
2026-09-11 22:43:56,Northern Owens Valley,O.R. Below Big Pine,461.5
2026-09-11 22:43:56,Northern Owens Valley,Fish Springs At RR Flow,37.1
2026-09-11 22:43:56,Northern Owens Valley,Tinemaha Reservoir Outflow,475.8
2026-09-11 22:43:56,Northern Owens Valley,Bishop Creek Through Plant 6,66.3
2026-09-11 22:43:56,Northern Owens Valley,Bishop Creek Around Plant 6,7.6
2026-09-11 22:43:56,Southern Owens Valley,Tinemaha Reservoir Outflow,475.8
2026-09-11 22:43:56,Southern Owens Valley,Indep. Ck. At Junction Flow,3.2
2026-09-11 22:43:56,Southern Owens Valley,LAA at Alabama Flow,412.0
2026-09-11 22:43:56,Southern Owens Valley,Cottonwood Ck. At LAA Flow,2.0
2026-09-11 22:43:56,Southern Owens Valley,LAA at Cottonwood Flow,461.0
2026-09-11 22:43:56,Southern Owens Valley,Haiwee LAA #1 Current Flow,0.0
2026-09-11 22:43:56,Southern Owens Valley,Haiwee LAA #2 Current Flow,146.6
2026-09-11 22:43:56,Southern Owens Valley,Reinhackel Flow,2.9
2026-09-11 22:43:56,Southern Owens Valley,Lubkin Spillgate Outflow,0.0
2026-09-11 22:43:56,Southern Owens Valley,Cartago Spillgate Outflow,14.9
2026-09-11 22:43:56,Southern Owens Valley,Lone Pine Creek Flow,7.0
2026-09-11 22:43:56,Lower Owens River Project,LORP Intake Flow,79.0
2026-09-11 22:43:56,Lower Owens River Project,LORP at Mazourka Canyon Road,0.0
2026-09-11 22:43:56,Lower Owens River Project,LORP at Reinhackle Springs,57.0
2026-09-11 22:43:56,Lower Owens River Project,LORP Above Pumpstation,60.0
2026-09-11 22:43:56,Lower Owens River Project,LORP At Pump Station Discharge Flow,49.0
2026-09-11 22:43:56,Southern District,Haiwee LAA #2 Current Flow,146.6
2026-09-11 22:43:56,Southern District,Haiwee LAA #1 Current Flow,0.0
2026-09-11 22:43:57,Mono Basin,Mono Lk. Elevation,6381.8
2026-09-11 22:43:57,Mono Basin,Mono Gate 1 Return Ditch Flow,30.0
2026-09-11 22:43:57,Mono Basin,Grant Lk. Elevation,7128.6
2026-09-11 22:43:57,Mono Basin,Flow to West Portal,10.6
2026-09-11 22:43:57,Long Valley,Long Valley Elevation,6768.5
2026-09-11 22:43:57,Northern Owens Valley,Pleasant Valley Elevation,4385.0
2026-09-11 22:43:57,Southern Owens Valley,LAA at Alabama Level,7.9
2026-09-11 22:43:57,Southern Owens Valley,LAA at Alabama Water Temp,72.2
2026-09-11 22:43:57,Southern Owens Valley,LAA at Cottonwood Level,8.9
2026-09-11 22:43:57,Southern Owens Valley,LAA at Cotton. Water Temp,73.5
2026-09-11 22:43:57,Southern Owens Valley,N. Haiwee Elevation,3756.9
2026-09-11 22:43:57,Southern Owens Valley,S. Haiwee Reservoir Elevation,3728.2
2026-09-11 22:43:57,Southern District,S. Haiwee Reservoir Elevation,3728.2
2026-09-11 22:43:57,Southern District,Fairmont Reservoir Elevation,3025.2
2026-09-11 22:43:57,Southern District,LAA #1 Flow at Fairmont Reservoir,308.6
2026-09-11 22:43:57,Southern District,LAA #2 Flow at Fairmont Res.,152.2
2026-09-11 22:43:57,Southern District,Bouquet Reservoir Elevation,2974.9
2026-09-11 22:43:57,Southern District,Bouquet Reservoir Inflow,1.2
2026-09-11 22:43:57,Southern District,Bouquet Reservoir Outflow,0.5
2026-09-11 22:43:57,Southern District,LAA #1 at Soledad Flow,127.7
2026-09-11 22:43:57,Southern District,LAA #2 at Soledad Flow,247.3
2026-09-11 22:58:56,Northern Owens Valley,Tinemaha Elevation,3861.4
2026-09-11 22:58:56,Southern Owens Valley,Tinemaha Elevation,3861.4
2026-09-11 23:28:56,Northern Owens Valley,Tinemaha Elevation,3861.3
2026-09-11 23:28:56,Southern Owens Valley,Tinemaha Elevation,3861.3
2026-09-11 23:43:56,Mono Basin,Lee Vining Intake Above Flow,99.7
2026-09-11 23:43:56,Mono Basin,Lee Vining Intake Below Flow,59.8
2026-09-11 23:43:56,Mono Basin,Walker Ck. Above Conduit Flow,4.0
2026-09-11 23:43:56,Mono Basin,L.V. Conduit Below Intake Flow,36.4
2026-09-11 23:43:56,Mono Basin,Walker Ck. Under Conduit Flow,3.0
2026-09-11 23:43:56,Mono Basin,Parker Ck. Under Conduit Flow,8.0
2026-09-11 23:43:56,Mono Basin,Parker Ck. Above Conduit Flow,8.0
2026-09-11 23:43:56,Mono Basin,Grant Lk. Spill Flow,0.0
2026-09-11 23:43:56,Mono Basin,Mono Gate 1 Return Ditch Flow,29.9
2026-09-11 23:43:56,Mono Basin,Grant Lk. Outflow,39.0
2026-09-11 23:43:56,Mono Basin,Rush Ck. at Damsite Flow,27.8
2026-09-11 23:43:56,Mono Basin,Flow to West Portal,10.6
2026-09-11 23:43:56,Long Valley,East Portal Flow,23.0
2026-09-11 23:43:56,Long Valley,OR Below EP Flow,66.0
2026-09-11 23:43:56,Long Valley,Hot Ck.at Hwy. Flow,5.0
2026-09-11 23:43:56,Long Valley,McGee Ck. Lower Sta. Flow,7.8
2026-09-11 23:43:56,Long Valley,Long Valley Current Outflow,0.1
2026-09-11 23:43:56,Long Valley,Rock Ck. Div. Flow,0.0
2026-09-11 23:43:56,Long Valley,Upper Gorge Total Release,33.1
2026-09-11 23:43:56,Long Valley,Release at Middle Gorge,0.0
2026-09-11 23:43:56,Northern Owens Valley,Rock Ck. At Owens River (PV) Flow,24.8
2026-09-11 23:43:56,Northern Owens Valley,Pleasant Valley Outflow,494.5
2026-09-11 23:43:56,Northern Owens Valley,Baker Ck. At LA Station Flow,6.8
2026-09-11 23:43:56,Northern Owens Valley,Big Pine Ck. USGS Flow,25.5
2026-09-11 23:43:56,Northern Owens Valley,O.R. Below Big Pine,460.3
2026-09-11 23:43:56,Northern Owens Valley,Fish Springs At RR Flow,37.1
2026-09-11 23:43:56,Northern Owens Valley,Tinemaha Reservoir Outflow,477.5
2026-09-11 23:43:56,Northern Owens Valley,Bishop Creek Through Plant 6,66.3
2026-09-11 23:43:56,Northern Owens Valley,Bishop Creek Around Plant 6,7.6
2026-09-11 23:43:56,Southern Owens Valley,Tinemaha Reservoir Outflow,477.5
2026-09-11 23:43:56,Southern Owens Valley,Indep. Ck. At Junction Flow,3.2
2026-09-11 23:43:56,Southern Owens Valley,LAA at Alabama Flow,412.0
2026-09-11 23:43:56,Southern Owens Valley,Cottonwood Ck. At LAA Flow,2.0
2026-09-11 23:43:56,Southern Owens Valley,LAA at Cottonwood Flow,461.0
2026-09-11 23:43:56,Southern Owens Valley,Haiwee LAA #1 Current Flow,0.0
2026-09-11 23:43:56,Southern Owens Valley,Haiwee LAA #2 Current Flow,146.6
2026-09-11 23:43:56,Southern Owens Valley,Reinhackel Flow,2.9
2026-09-11 23:43:56,Southern Owens Valley,Lubkin Spillgate Outflow,0.0
2026-09-11 23:43:56,Southern Owens Valley,Cartago Spillgate Outflow,15.8
2026-09-11 23:43:56,Southern Owens Valley,Lone Pine Creek Flow,7.0
2026-09-11 23:43:56,Lower Owens River Project,LORP Intake Flow,80.0
2026-09-11 23:43:56,Lower Owens River Project,LORP at Mazourka Canyon Road,0.0
2026-09-11 23:43:56,Lower Owens River Project,LORP at Reinhackle Springs,56.0
2026-09-11 23:43:56,Lower Owens River Project,LORP Above Pumpstation,58.0
2026-09-11 23:43:56,Lower Owens River Project,LORP At Pump Station Discharge Flow,48.0
2026-09-11 23:43:56,Southern District,Haiwee LAA #2 Current Flow,146.6
2026-09-11 23:43:56,Southern District,Haiwee LAA #1 Current Flow,0.0
2026-09-11 23:43:56,Southern District,LAA #1 Flow at Fairmont Reservoir,307.2
2026-09-11 23:43:56,Southern District,LAA #2 Flow at Fairmont Res.,152.1
2026-09-11 23:43:56,Southern District,Bouquet Reservoir Inflow,16.6
2026-09-11 23:43:56,Southern District,Bouquet Reservoir Outflow,0.5
2026-09-11 23:43:56,Southern District,LAA #1 at Soledad Flow,127.7
2026-09-11 23:43:56,Southern District,LAA #2 at Soledad Flow,247.3
2026-09-11 23:43:57,Mono Basin,Mono Lk. Elevation,6381.8
2026-09-11 23:43:57,Mono Basin,Grant Lk. Elevation,7128.6
2026-09-11 23:43:57,Long Valley,Long Valley Elevation,6768.5
2026-09-11 23:43:57,Northern Owens Valley,Pleasant Valley Elevation,4384.6
2026-09-11 23:43:57,Southern Owens Valley,LAA at Alabama Level,7.9
2026-09-11 23:43:57,Southern Owens Valley,LAA at Alabama Water Temp,72.0
2026-09-11 23:43:57,Southern Owens Valley,LAA at Cottonwood Level,8.9
2026-09-11 23:43:57,Southern Owens Valley,LAA at Cotton. Water Temp,73.1
2026-09-11 23:43:57,Southern Owens Valley,N. Haiwee Elevation,3756.9
2026-09-11 23:43:57,Southern Owens Valley,S. Haiwee Reservoir Elevation,3728.2
2026-09-11 23:43:57,Southern District,S. Haiwee Reservoir Elevation,3728.2
2026-09-11 23:43:57,Southern District,Fairmont Reservoir Elevation,3025.3
2026-09-11 23:43:57,Southern District,Bouquet Reservoir Elevation,2974.9
2026-09-11 23:58:55,Northern Owens Valley,Tinemaha Elevation,3861.3
2026-09-11 23:58:55,Southern Owens Valley,Tinemaha Elevation,3861.3
