date,district,source,value
2026-08-18 00:43:30,Mono Basin,Lee Vining Intake Above Flow,55.5
2026-08-18 00:43:30,Mono Basin,Lee Vining Intake Below Flow,30.3
2026-08-18 00:43:30,Mono Basin,Walker Ck. Above Conduit Flow,6.0
2026-08-18 00:43:30,Mono Basin,L.V. Conduit Below Intake Flow,24.8
2026-08-18 00:43:30,Mono Basin,Walker Ck. Under Conduit Flow,6.0
2026-08-18 00:43:30,Mono Basin,Parker Ck. Under Conduit Flow,18.0
2026-08-18 00:43:30,Mono Basin,Parker Ck. Above Conduit Flow,19.0
2026-08-18 00:43:30,Mono Basin,Grant Lk. Spill Flow,0.0
2026-08-18 00:43:30,Mono Basin,Mono Gate 1 Return Ditch Flow,26.6
2026-08-18 00:43:30,Mono Basin,Grant Lk. Outflow,40.1
2026-08-18 00:43:30,Mono Basin,Rush Ck. at Damsite Flow,13.2
2026-08-18 00:43:30,Mono Basin,Flow to West Portal,15.4
2026-08-18 00:43:30,Long Valley,East Portal Flow,27.0
2026-08-18 00:43:30,Long Valley,OR Below EP Flow,70.0
2026-08-18 00:43:30,Long Valley,Hot Ck.at Hwy. Flow,7.0
2026-08-18 00:43:30,Long Valley,McGee Ck. Lower Sta. Flow,8.3
2026-08-18 00:43:30,Long Valley,Long Valley Current Outflow,580.9
2026-08-18 00:43:30,Long Valley,Rock Ck. Div. Flow,0.0
2026-08-18 00:43:30,Long Valley,Upper Gorge Total Release,40.7
2026-08-18 00:43:30,Long Valley,Release at Middle Gorge,0.0
2026-08-18 00:43:30,Northern Owens Valley,Rock Ck. At Owens River (PV) Flow,26.8
2026-08-18 00:43:30,Northern Owens Valley,Pleasant Valley Outflow,502.9
2026-08-18 00:43:30,Northern Owens Valley,Baker Ck. At LA Station Flow,6.7
2026-08-18 00:43:30,Northern Owens Valley,Big Pine Ck. USGS Flow,37.9
2026-08-18 00:43:30,Northern Owens Valley,O.R. Below Big Pine,504.0
2026-08-18 00:43:30,Northern Owens Valley,Fish Springs At RR Flow,34.0
2026-08-18 00:43:30,Northern Owens Valley,Tinemaha Reservoir Outflow,506.2
2026-08-18 00:43:30,Northern Owens Valley,Bishop Creek Through Plant 6,101.1
2026-08-18 00:43:30,Northern Owens Valley,Bishop Creek Around Plant 6,7.9
2026-08-18 00:43:30,Southern Owens Valley,Tinemaha Reservoir Outflow,506.2
2026-08-18 00:43:30,Southern Owens Valley,Indep. Ck. At Junction Flow,5.8
2026-08-18 00:43:30,Southern Owens Valley,LAA at Alabama Flow,405.0
2026-08-18 00:43:30,Southern Owens Valley,Cottonwood Ck. At LAA Flow,0.0
2026-08-18 00:43:30,Southern Owens Valley,LAA at Cottonwood Flow,477.0
2026-08-18 00:43:30,Southern Owens Valley,Haiwee LAA #1 Current Flow,0.0
2026-08-18 00:43:30,Southern Owens Valley,Haiwee LAA #2 Current Flow,100.1
2026-08-18 00:43:30,Southern Owens Valley,Reinhackel Flow,2.9
2026-08-18 00:43:30,Southern Owens Valley,Lubkin Spillgate Outflow,0.0
2026-08-18 00:43:30,Southern Owens Valley,Cartago Spillgate Outflow,0.0
2026-08-18 00:43:30,Southern Owens Valley,Lone Pine Creek Flow,9.1
2026-08-18 00:43:30,Lower Owens River Project,LORP Intake Flow,81.0
2026-08-18 00:43:30,Lower Owens River Project,LORP at Mazourka Canyon Road,0.0
2026-08-18 00:43:30,Lower Owens River Project,LORP at Reinhackle Springs,77.0
2026-08-18 00:43:30,Lower Owens River Project,LORP Above Pumpstation,50.0
2026-08-18 00:43:30,Lower Owens River Project,LORP At Pump Station Discharge Flow,47.0
2026-08-18 00:43:30,Southern District,Haiwee LAA #2 Current Flow,100.1
2026-08-18 00:43:30,Southern District,Haiwee LAA #1 Current Flow,0.0
2026-08-18 00:43:30,Southern District,LAA #1 Flow at Fairmont Reservoir,253.3
2026-08-18 00:43:30,Southern District,LAA #2 Flow at Fairmont Res.,132.5
2026-08-18 00:43:30,Southern District,Bouquet Reservoir Inflow,0.1
2026-08-18 00:43:30,Southern District,Bouquet Reservoir Outflow,139.9
2026-08-18 00:43:30,Southern District,LAA #1 at Soledad Flow,281.5
2026-08-18 00:43:30,Southern District,LAA #2 at Soledad Flow,191.8
2026-08-18 00:43:31,Mono Basin,Mono Lk. Elevation,6382.2
2026-08-18 00:43:31,Mono Basin,Grant Lk. Elevation,7129.7
2026-08-18 00:43:31,Long Valley,Long Valley Elevation,6772.3
2026-08-18 00:43:31,Northern Owens Valley,Pleasant Valley Elevation,4388.5
2026-08-18 00:43:31,Southern Owens Valley,LAA at Alabama Level,7.9
2026-08-18 00:43:31,Southern Owens Valley,LAA at Alabama Water Temp,71.5
2026-08-18 00:43:31,Southern Owens Valley,LAA at Cottonwood Level,9.1
2026-08-18 00:43:31,Southern Owens Valley,LAA at Cotton. Water Temp,72.3
2026-08-18 00:43:31,Southern Owens Valley,N. Haiwee Elevation,3757.0
2026-08-18 00:43:31,Southern Owens Valley,S. Haiwee Reservoir Elevation,3724.7
2026-08-18 00:43:31,Southern District,S. Haiwee Reservoir Elevation,3724.7
2026-08-18 00:43:31,Southern District,Fairmont Reservoir Elevation,3023.2
2026-08-18 00:43:31,Southern District,Bouquet Reservoir Elevation,2981.9
2026-08-18 01:43:34,Mono Basin,Lee Vining Intake Above Flow,56.0
2026-08-18 01:43:34,Mono Basin,Lee Vining Intake Below Flow,30.3
2026-08-18 01:43:34,Mono Basin,Mono Lk. Elevation,6382.2
2026-08-18 01:43:34,Mono Basin,Walker Ck. Above Conduit Flow,6.0
2026-08-18 01:43:34,Mono Basin,L.V. Conduit Below Intake Flow,24.7
2026-08-18 01:43:34,Mono Basin,Walker Ck. Under Conduit Flow,6.0
2026-08-18 01:43:34,Mono Basin,Parker Ck. Under Conduit Flow,18.0
2026-08-18 01:43:34,Mono Basin,Parker Ck. Above Conduit Flow,19.0
2026-08-18 01:43:34,Mono Basin,Grant Lk. Spill Flow,0.0
2026-08-18 01:43:34,Mono Basin,Mono Gate 1 Return Ditch Flow,26.6
2026-08-18 01:43:34,Mono Basin,Grant Lk. Elevation,7129.6
2026-08-18 01:43:34,Mono Basin,Grant Lk. Outflow,40.2
2026-08-18 01:43:34,Mono Basin,Rush Ck. at Damsite Flow,13.2
2026-08-18 01:43:34,Mono Basin,Flow to West Portal,15.4
2026-08-18 01:43:34,Long Valley,East Portal Flow,27.0
2026-08-18 01:43:34,Long Valley,OR Below EP Flow,71.0
2026-08-18 01:43:34,Long Valley,Hot Ck.at Hwy. Flow,7.0
2026-08-18 01:43:34,Long Valley,McGee Ck. Lower Sta. Flow,8.3
2026-08-18 01:43:34,Long Valley,Long Valley Elevation,6772.3
2026-08-18 01:43:34,Long Valley,Long Valley Current Outflow,580.3
2026-08-18 01:43:34,Long Valley,Rock Ck. Div. Flow,0.0
2026-08-18 01:43:34,Long Valley,Upper Gorge Total Release,41.1
2026-08-18 01:43:34,Long Valley,Release at Middle Gorge,0.0
2026-08-18 01:43:34,Northern Owens Valley,Rock Ck. At Owens River (PV) Flow,26.8
2026-08-18 01:43:34,Northern Owens Valley,Pleasant Valley Elevation,4388.6
2026-08-18 01:43:34,Northern Owens Valley,Pleasant Valley Outflow,503.6
2026-08-18 01:43:34,Northern Owens Valley,Baker Ck. At LA Station Flow,7.4
2026-08-18 01:43:34,Northern Owens Valley,Big Pine Ck. USGS Flow,37.9
2026-08-18 01:43:34,Northern Owens Valley,O.R. Below Big Pine,503.7
2026-08-18 01:43:34,Northern Owens Valley,Fish Springs At RR Flow,34.0
2026-08-18 01:43:34,Northern Owens Valley,Tinemaha Reservoir Outflow,507.0
2026-08-18 01:43:34,Northern Owens Valley,Bishop Creek Through Plant 6,101.2
2026-08-18 01:43:34,Northern Owens Valley,Bishop Creek Around Plant 6,8.0
2026-08-18 01:43:34,Southern Owens Valley,Tinemaha Reservoir Outflow,507.0
2026-08-18 01:43:34,Southern Owens Valley,Indep. Ck. At Junction Flow,5.8
2026-08-18 01:43:34,Southern Owens Valley,LAA at Alabama Flow,407.0
2026-08-18 01:43:34,Southern Owens Valley,LAA at Alabama Level,7.9
2026-08-18 01:43:34,Southern Owens Valley,LAA at Alabama Water Temp,71.3
2026-08-18 01:43:34,Southern Owens Valley,Cottonwood Ck. At LAA Flow,0.0
2026-08-18 01:43:34,Southern Owens Valley,LAA at Cottonwood Flow,476.0
2026-08-18 01:43:34,Southern Owens Valley,LAA at Cottonwood Level,9.1
2026-08-18 01:43:34,Southern Owens Valley,LAA at Cotton. Water Temp,72.1
2026-08-18 01:43:34,Southern Owens Valley,N. Haiwee Elevation,3757.0
2026-08-18 01:43:34,Southern Owens Valley,S. Haiwee Reservoir Elevation,3724.7
2026-08-18 01:43:34,Southern Owens Valley,Haiwee LAA #1 Current Flow,0.0
2026-08-18 01:43:34,Southern Owens Valley,Haiwee LAA #2 Current Flow,99.8
2026-08-18 01:43:34,Southern Owens Valley,Reinhackel Flow,2.9
2026-08-18 01:43:34,Southern Owens Valley,Lubkin Spillgate Outflow,0.0
2026-08-18 01:43:34,Southern Owens Valley,Cartago Spillgate Outflow,0.0
2026-08-18 01:43:34,Southern Owens Valley,Lone Pine Creek Flow,9.1
2026-08-18 01:43:34,Lower Owens River Project,LORP Intake Flow,81.0
2026-08-18 01:43:34,Lower Owens River Project,LORP at Mazourka Canyon Road,0.0
2026-08-18 01:43:34,Lower Owens River Project,LORP at Reinhackle Springs,75.0
2026-08-18 01:43:34,Lower Owens River Project,LORP Above Pumpstation,51.0
2026-08-18 01:43:34,Lower Owens River Project,LORP At Pump Station Discharge Flow,48.0
2026-08-18 01:43:34,Southern District,Haiwee LAA #2 Current Flow,99.8
2026-08-18 01:43:34,Southern District,S. Haiwee Reservoir Elevation,3724.7
2026-08-18 01:43:34,Southern District,Haiwee LAA #1 Current Flow,0.0
2026-08-18 01:43:34,Southern District,Fairmont Reservoir Elevation,3023.1
2026-08-18 01:43:34,Southern District,LAA #1 Flow at Fairmont Reservoir,253.3
2026-08-18 01:43:34,Southern District,LAA #2 Flow at Fairmont Res.,132.5
2026-08-18 01:43:34,Southern District,Bouquet Reservoir Elevation,2981.9
2026-08-18 01:43:34,Southern District,Bouquet Reservoir Inflow,0.0
2026-08-18 01:43:34,Southern District,Bouquet Reservoir Outflow,140.0
2026-08-18 01:43:34,Southern District,LAA #1 at Soledad Flow,281.5
2026-08-18 01:43:34,Southern District,LAA #2 at Soledad Flow,191.8
2026-08-18 02:28:33,Northern Owens Valley,Tinemaha Elevation,3861.9
2026-08-18 02:28:33,Southern Owens Valley,Tinemaha Elevation,3861.9
2026-08-18 02:43:33,Mono Basin,Lee Vining Intake Above Flow,55.7
2026-08-18 02:43:33,Mono Basin,Lee Vining Intake Below Flow,30.3
2026-08-18 02:43:33,Mono Basin,Walker Ck. Above Conduit Flow,6.0
2026-08-18 02:43:33,Mono Basin,L.V. Conduit Below Intake Flow,24.7
2026-08-18 02:43:33,Mono Basin,Walker Ck. Under Conduit Flow,6.0
2026-08-18 02:43:33,Mono Basin,Parker Ck. Under Conduit Flow,18.0
2026-08-18 02:43:33,Mono Basin,Parker Ck. Above Conduit Flow,19.0
2026-08-18 02:43:33,Mono Basin,Grant Lk. Spill Flow,0.0
2026-08-18 02:43:33,Mono Basin,Grant Lk. Outflow,40.2
2026-08-18 02:43:33,Mono Basin,Rush Ck. at Damsite Flow,13.2
2026-08-18 02:43:33,Mono Basin,Flow to West Portal,15.4
2026-08-18 02:43:33,Long Valley,East Portal Flow,27.0
2026-08-18 02:43:33,Long Valley,OR Below EP Flow,71.0
2026-08-18 02:43:33,Long Valley,Hot Ck.at Hwy. Flow,7.0
2026-08-18 02:43:33,Long Valley,McGee Ck. Lower Sta. Flow,8.3
2026-08-18 02:43:33,Long Valley,Long Valley Current Outflow,584.6
2026-08-18 02:43:33,Long Valley,Rock Ck. Div. Flow,0.0
2026-08-18 02:43:33,Long Valley,Upper Gorge Total Release,41.2
2026-08-18 02:43:33,Long Valley,Release at Middle Gorge,0.0
2026-08-18 02:43:33,Northern Owens Valley,Rock Ck. At Owens River (PV) Flow,27.0
2026-08-18 02:43:33,Northern Owens Valley,Pleasant Valley Outflow,504.5
2026-08-18 02:43:33,Northern Owens Valley,Baker Ck. At LA Station Flow,7.4
2026-08-18 02:43:33,Northern Owens Valley,Big Pine Ck. USGS Flow,37.9
2026-08-18 02:43:33,Northern Owens Valley,O.R. Below Big Pine,502.3
2026-08-18 02:43:33,Northern Owens Valley,Fish Springs At RR Flow,34.0
2026-08-18 02:43:33,Northern Owens Valley,Tinemaha Reservoir Outflow,507.0
2026-08-18 02:43:33,Northern Owens Valley,Bishop Creek Through Plant 6,101.2
2026-08-18 02:43:33,Northern Owens Valley,Bishop Creek Around Plant 6,8.0
2026-08-18 02:43:33,Southern Owens Valley,Tinemaha Reservoir Outflow,507.0
2026-08-18 02:43:33,Southern Owens Valley,Indep. Ck. At Junction Flow,5.8
2026-08-18 02:43:33,Southern Owens Valley,LAA at Alabama Flow,407.0
2026-08-18 02:43:33,Southern Owens Valley,Cottonwood Ck. At LAA Flow,0.0
2026-08-18 02:43:33,Southern Owens Valley,LAA at Cottonwood Flow,475.0
2026-08-18 02:43:33,Southern Owens Valley,Haiwee LAA #1 Current Flow,0.0
2026-08-18 02:43:33,Southern Owens Valley,Haiwee LAA #2 Current Flow,99.8
2026-08-18 02:43:33,Southern Owens Valley,Reinhackel Flow,2.9
2026-08-18 02:43:33,Southern Owens Valley,Lubkin Spillgate Outflow,0.0
2026-08-18 02:43:33,Southern Owens Valley,Cartago Spillgate Outflow,0.0
2026-08-18 02:43:33,Southern Owens Valley,Lone Pine Creek Flow,9.3
2026-08-18 02:43:33,Lower Owens River Project,LORP Intake Flow,81.0
2026-08-18 02:43:33,Lower Owens River Project,LORP at Mazourka Canyon Road,0.0
2026-08-18 02:43:33,Lower Owens River Project,LORP at Reinhackle Springs,78.0
2026-08-18 02:43:33,Lower Owens River Project,LORP Above Pumpstation,51.0
2026-08-18 02:43:33,Lower Owens River Project,LORP At Pump Station Discharge Flow,48.0
2026-08-18 02:43:33,Southern District,Haiwee LAA #2 Current Flow,99.8
2026-08-18 02:43:33,Southern District,Haiwee LAA #1 Current Flow,0.0
2026-08-18 02:43:34,Mono Basin,Mono Lk. Elevation,6382.2
2026-08-18 02:43:34,Mono Basin,Mono Gate 1 Return Ditch Flow,26.5
2026-08-18 02:43:34,Mono Basin,Grant Lk. Elevation,7129.7
2026-08-18 02:43:34,Long Valley,Long Valley Elevation,6772.3
2026-08-18 02:43:34,Northern Owens Valley,Pleasant Valley Elevation,4388.7
2026-08-18 02:43:34,Southern Owens Valley,LAA at Alabama Level,7.9
2026-08-18 02:43:34,Southern Owens Valley,LAA at Alabama Water Temp,71.3
2026-08-18 02:43:34,Southern Owens Valley,LAA at Cottonwood Level,9.1
2026-08-18 02:43:34,Southern Owens Valley,LAA at Cotton. Water Temp,72.0
2026-08-18 02:43:34,Southern Owens Valley,N. Haiwee Elevation,3757.0
2026-08-18 02:43:34,Southern Owens Valley,S. Haiwee Reservoir Elevation,3724.7
2026-08-18 02:43:34,Southern District,S. Haiwee Reservoir Elevation,3724.7
2026-08-18 02:43:34,Southern District,Fairmont Reservoir Elevation,3023.1
2026-08-18 02:43:34,Southern District,LAA #1 Flow at Fairmont Reservoir,253.7
2026-08-18 02:43:34,Southern District,LAA #2 Flow at Fairmont Res.,132.5
2026-08-18 02:43:34,Southern District,Bouquet Reservoir Elevation,2981.8
2026-08-18 02:43:34,Southern District,Bouquet Reservoir Inflow,0.0
2026-08-18 02:43:34,Southern District,Bouquet Reservoir Outflow,135.1
2026-08-18 02:43:34,Southern District,LAA #1 at Soledad Flow,281.5
2026-08-18 02:43:34,Southern District,LAA #2 at Soledad Flow,191.8
2026-08-18 02:58:33,Northern Owens Valley,Tinemaha Elevation,3861.9
2026-08-18 02:58:33,Southern Owens Valley,Tinemaha Elevation,3861.9
2026-08-18 03:28:33,Northern Owens Valley,Tinemaha Elevation,3861.9
2026-08-18 03:28:33,Southern Owens Valley,Tinemaha Elevation,3861.9
2026-08-18 03:43:34,Mono Basin,Lee Vining Intake Above Flow,55.7
2026-08-18 03:43:34,Mono Basin,Lee Vining Intake Below Flow,30.4
2026-08-18 03:43:34,Mono Basin,Walker Ck. Above Conduit Flow,6.0
2026-08-18 03:43:34,Mono Basin,L.V. Conduit Below Intake Flow,24.7
2026-08-18 03:43:34,Mono Basin,Walker Ck. Under Conduit Flow,6.0
2026-08-18 03:43:34,Mono Basin,Parker Ck. Under Conduit Flow,18.0
2026-08-18 03:43:34,Mono Basin,Parker Ck. Above Conduit Flow,19.0
2026-08-18 03:43:34,Mono Basin,Grant Lk. Spill Flow,0.0
2026-08-18 03:43:34,Mono Basin,Mono Gate 1 Return Ditch Flow,26.7
2026-08-18 03:43:34,Mono Basin,Grant Lk. Outflow,40.6
2026-08-18 03:43:34,Mono Basin,Rush Ck. at Damsite Flow,13.2
2026-08-18 03:43:34,Mono Basin,Flow to West Portal,15.4
2026-08-18 03:43:34,Long Valley,East Portal Flow,27.0
2026-08-18 03:43:34,Long Valley,OR Below EP Flow,71.0
2026-08-18 03:43:34,Long Valley,Hot Ck.at Hwy. Flow,7.0
2026-08-18 03:43:34,Long Valley,McGee Ck. Lower Sta. Flow,8.3
2026-08-18 03:43:34,Long Valley,Long Valley Current Outflow,583.0
2026-08-18 03:43:34,Long Valley,Rock Ck. Div. Flow,0.0
2026-08-18 03:43:34,Long Valley,Upper Gorge Total Release,41.4
2026-08-18 03:43:34,Long Valley,Release at Middle Gorge,0.0
2026-08-18 03:43:34,Northern Owens Valley,Rock Ck. At Owens River (PV) Flow,27.3
2026-08-18 03:43:34,Northern Owens Valley,Pleasant Valley Outflow,504.8
2026-08-18 03:43:34,Northern Owens Valley,Baker Ck. At LA Station Flow,6.9
2026-08-18 03:43:34,Northern Owens Valley,Big Pine Ck. USGS Flow,37.9
2026-08-18 03:43:34,Northern Owens Valley,O.R. Below Big Pine,502.0
2026-08-18 03:43:34,Northern Owens Valley,Fish Springs At RR Flow,34.0
2026-08-18 03:43:34,Northern Owens Valley,Tinemaha Reservoir Outflow,507.8
2026-08-18 03:43:34,Northern Owens Valley,Bishop Creek Through Plant 6,99.6
2026-08-18 03:43:34,Northern Owens Valley,Bishop Creek Around Plant 6,7.9
2026-08-18 03:43:34,Southern Owens Valley,Tinemaha Reservoir Outflow,507.8
2026-08-18 03:43:34,Southern Owens Valley,Indep. Ck. At Junction Flow,5.8
2026-08-18 03:43:34,Southern Owens Valley,LAA at Alabama Flow,405.0
2026-08-18 03:43:34,Southern Owens Valley,LAA at Alabama Water Temp,71.0
2026-08-18 03:43:34,Southern Owens Valley,Cottonwood Ck. At LAA Flow,0.0
2026-08-18 03:43:34,Southern Owens Valley,LAA at Cottonwood Flow,475.0
2026-08-18 03:43:34,Southern Owens Valley,LAA at Cotton. Water Temp,71.8
2026-08-18 03:43:34,Southern Owens Valley,Haiwee LAA #1 Current Flow,0.0
2026-08-18 03:43:34,Southern Owens Valley,Haiwee LAA #2 Current Flow,99.8
2026-08-18 03:43:34,Southern Owens Valley,Reinhackel Flow,2.9
2026-08-18 03:43:34,Southern Owens Valley,Lubkin Spillgate Outflow,0.0
2026-08-18 03:43:34,Southern Owens Valley,Cartago Spillgate Outflow,0.0
2026-08-18 03:43:34,Southern Owens Valley,Lone Pine Creek Flow,9.2
2026-08-18 03:43:34,Lower Owens River Project,LORP Intake Flow,81.0
2026-08-18 03:43:34,Lower Owens River Project,LORP at Mazourka Canyon Road,0.0
2026-08-18 03:43:34,Lower Owens River Project,LORP at Reinhackle Springs,77.0
2026-08-18 03:43:34,Lower Owens River Project,LORP Above Pumpstation,51.0
2026-08-18 03:43:34,Lower Owens River Project,LORP At Pump Station Discharge Flow,48.0
2026-08-18 03:43:34,Southern District,Haiwee LAA #2 Current Flow,99.8
2026-08-18 03:43:34,Southern District,Haiwee LAA #1 Current Flow,0.0
2026-08-18 03:43:34,Southern District,LAA #1 Flow at Fairmont Reservoir,254.0
2026-08-18 03:43:34,Southern District,LAA #2 Flow at Fairmont Res.,132.5
2026-08-18 03:43:34,Southern District,Bouquet Reservoir Inflow,0.0
2026-08-18 03:43:34,Southern District,Bouquet Reservoir Outflow,139.9
2026-08-18 03:43:34,Southern District,LAA #1 at Soledad Flow,280.1
2026-08-18 03:43:34,Southern District,LAA #2 at Soledad Flow,191.3
2026-08-18 03:43:35,Mono Basin,Mono Lk. Elevation,6382.2
2026-08-18 03:43:35,Mono Basin,Grant Lk. Elevation,7129.7
2026-08-18 03:43:35,Long Valley,Long Valley Elevation,6772.3
2026-08-18 03:43:35,Northern Owens Valley,Pleasant Valley Elevation,4388.8
2026-08-18 03:43:35,Southern Owens Valley,LAA at Alabama Level,7.8
2026-08-18 03:43:35,Southern Owens Valley,LAA at Cottonwood Level,9.1
2026-08-18 03:43:35,Southern Owens Valley,N. Haiwee Elevation,3757.0
2026-08-18 03:43:35,Southern Owens Valley,S. Haiwee Reservoir Elevation,3724.7
2026-08-18 03:43:35,Southern District,S. Haiwee Reservoir Elevation,3724.7
2026-08-18 03:43:35,Southern District,Fairmont Reservoir Elevation,3023.1
2026-08-18 03:43:35,Southern District,Bouquet Reservoir Elevation,2981.8
2026-08-18 03:58:33,Northern Owens Valley,Tinemaha Elevation,3861.9
2026-08-18 03:58:33,Southern Owens Valley,Tinemaha Elevation,3861.9
2026-08-18 04:28:33,Northern Owens Valley,Tinemaha Elevation,3861.9
2026-08-18 04:28:33,Southern Owens Valley,Tinemaha Elevation,3861.9
2026-08-18 04:43:34,Mono Basin,Lee Vining Intake Above Flow,56.4
2026-08-18 04:43:34,Mono Basin,Lee Vining Intake Below Flow,30.3
2026-08-18 04:43:34,Mono Basin,Mono Lk. Elevation,6382.2
2026-08-18 04:43:34,Mono Basin,Walker Ck. Above Conduit Flow,6.0
2026-08-18 04:43:34,Mono Basin,L.V. Conduit Below Intake Flow,24.5
2026-08-18 04:43:34,Mono Basin,Walker Ck. Under Conduit Flow,6.0
2026-08-18 04:43:34,Mono Basin,Parker Ck. Under Conduit Flow,18.0
2026-08-18 04:43:34,Mono Basin,Parker Ck. Above Conduit Flow,19.0
2026-08-18 04:43:34,Mono Basin,Grant Lk. Spill Flow,0.0
2026-08-18 04:43:34,Mono Basin,Mono Gate 1 Return Ditch Flow,26.8
2026-08-18 04:43:34,Mono Basin,Grant Lk. Elevation,7129.7
2026-08-18 04:43:34,Mono Basin,Grant Lk. Outflow,40.4
2026-08-18 04:43:34,Mono Basin,Rush Ck. at Damsite Flow,13.2
2026-08-18 04:43:34,Mono Basin,Flow to West Portal,15.4
2026-08-18 04:43:34,Long Valley,East Portal Flow,27.0
2026-08-18 04:43:34,Long Valley,OR Below EP Flow,71.0
2026-08-18 04:43:34,Long Valley,Hot Ck.at Hwy. Flow,7.0
2026-08-18 04:43:34,Long Valley,McGee Ck. Lower Sta. Flow,8.3
2026-08-18 04:43:34,Long Valley,Long Valley Elevation,6772.2
2026-08-18 04:43:34,Long Valley,Long Valley Current Outflow,580.9
2026-08-18 04:43:34,Long Valley,Rock Ck. Div. Flow,0.0
2026-08-18 04:43:34,Long Valley,Upper Gorge Total Release,41.6
2026-08-18 04:43:34,Long Valley,Release at Middle Gorge,0.0
2026-08-18 04:43:34,Northern Owens Valley,Rock Ck. At Owens River (PV) Flow,27.3
2026-08-18 04:43:34,Northern Owens Valley,Pleasant Valley Elevation,4388.9
2026-08-18 04:43:34,Northern Owens Valley,Pleasant Valley Outflow,505.2
2026-08-18 04:43:34,Northern Owens Valley,Baker Ck. At LA Station Flow,6.9
2026-08-18 04:43:34,Northern Owens Valley,Big Pine Ck. USGS Flow,37.9
2026-08-18 04:43:34,Northern Owens Valley,O.R. Below Big Pine,502.9
2026-08-18 04:43:34,Northern Owens Valley,Fish Springs At RR Flow,34.0
2026-08-18 04:43:34,Northern Owens Valley,Tinemaha Reservoir Outflow,507.0
2026-08-18 04:43:34,Northern Owens Valley,Bishop Creek Through Plant 6,94.8
2026-08-18 04:43:34,Northern Owens Valley,Bishop Creek Around Plant 6,7.9
2026-08-18 04:43:34,Southern Owens Valley,Tinemaha Reservoir Outflow,507.0
2026-08-18 04:43:34,Southern Owens Valley,Indep. Ck. At Junction Flow,5.8
2026-08-18 04:43:34,Southern Owens Valley,LAA at Alabama Flow,405.0
2026-08-18 04:43:34,Southern Owens Valley,LAA at Alabama Level,7.9
2026-08-18 04:43:34,Southern Owens Valley,LAA at Alabama Water Temp,70.8
2026-08-18 04:43:34,Southern Owens Valley,Cottonwood Ck. At LAA Flow,0.0
2026-08-18 04:43:34,Southern Owens Valley,LAA at Cottonwood Flow,474.0
2026-08-18 04:43:34,Southern Owens Valley,LAA at Cottonwood Level,9.1
2026-08-18 04:43:34,Southern Owens Valley,LAA at Cotton. Water Temp,71.7
2026-08-18 04:43:34,Southern Owens Valley,N. Haiwee Elevation,3757.0
2026-08-18 04:43:34,Southern Owens Valley,S. Haiwee Reservoir Elevation,3724.7
2026-08-18 04:43:34,Southern Owens Valley,Haiwee LAA #1 Current Flow,0.0
2026-08-18 04:43:34,Southern Owens Valley,Haiwee LAA #2 Current Flow,99.8
2026-08-18 04:43:34,Southern Owens Valley,Reinhackel Flow,2.9
2026-08-18 04:43:34,Southern Owens Valley,Lubkin Spillgate Outflow,0.0
2026-08-18 04:43:34,Southern Owens Valley,Cartago Spillgate Outflow,0.0
2026-08-18 04:43:34,Southern Owens Valley,Lone Pine Creek Flow,9.4
2026-08-18 04:43:34,Lower Owens River Project,LORP Intake Flow,81.0
2026-08-18 04:43:34,Lower Owens River Project,LORP at Mazourka Canyon Road,0.0
2026-08-18 04:43:34,Lower Owens River Project,LORP at Reinhackle Springs,74.0
2026-08-18 04:43:34,Lower Owens River Project,LORP Above Pumpstation,51.0
2026-08-18 04:43:34,Lower Owens River Project,LORP At Pump Station Discharge Flow,48.0
2026-08-18 04:43:34,Southern District,Haiwee LAA #2 Current Flow,99.8
2026-08-18 04:43:34,Southern District,S. Haiwee Reservoir Elevation,3724.7
2026-08-18 04:43:34,Southern District,Haiwee LAA #1 Current Flow,0.0
2026-08-18 04:43:34,Southern District,Fairmont Reservoir Elevation,3023.1
2026-08-18 04:43:34,Southern District,LAA #1 Flow at Fairmont Reservoir,252.4
2026-08-18 04:43:34,Southern District,LAA #2 Flow at Fairmont Res.,132.5
2026-08-18 04:43:34,Southern District,Bouquet Reservoir Elevation,2981.8
2026-08-18 04:43:34,Southern District,Bouquet Reservoir Inflow,0.0
2026-08-18 04:43:34,Southern District,Bouquet Reservoir Outflow,140.0
2026-08-18 04:43:34,Southern District,LAA #1 at Soledad Flow,280.1
2026-08-18 04:43:34,Southern District,LAA #2 at Soledad Flow,191.3
2026-08-18 04:58:33,Northern Owens Valley,Tinemaha Elevation,3861.9
2026-08-18 04:58:33,Southern Owens Valley,Tinemaha Elevation,3861.9
2026-08-18 05:28:33,Northern Owens Valley,Tinemaha Elevation,3861.9
2026-08-18 05:28:33,Southern Owens Valley,Tinemaha Elevation,3861.9
2026-08-18 05:43:34,Mono Basin,Lee Vining Intake Above Flow,55.7
2026-08-18 05:43:34,Mono Basin,Lee Vining Intake Below Flow,30.3
2026-08-18 05:43:34,Mono Basin,Mono Lk. Elevation,6382.2
2026-08-18 05:43:34,Mono Basin,Walker Ck. Above Conduit Flow,6.0
2026-08-18 05:43:34,Mono Basin,L.V. Conduit Below Intake Flow,24.7
2026-08-18 05:43:34,Mono Basin,Walker Ck. Under Conduit Flow,6.0
2026-08-18 05:43:34,Mono Basin,Parker Ck. Under Conduit Flow,18.0
2026-08-18 05:43:34,Mono Basin,Parker Ck. Above Conduit Flow,19.0
2026-08-18 05:43:34,Mono Basin,Grant Lk. Spill Flow,0.0
2026-08-18 05:43:34,Mono Basin,Mono Gate 1 Return Ditch Flow,26.7
2026-08-18 05:43:34,Mono Basin,Grant Lk. Elevation,7129.7
2026-08-18 05:43:34,Mono Basin,Grant Lk. Outflow,40.5
2026-08-18 05:43:34,Mono Basin,Rush Ck. at Damsite Flow,13.2
2026-08-18 05:43:34,Mono Basin,Flow to West Portal,15.4
2026-08-18 05:43:34,Long Valley,East Portal Flow,27.0
2026-08-18 05:43:34,Long Valley,OR Below EP Flow,70.0
2026-08-18 05:43:34,Long Valley,Hot Ck.at Hwy. Flow,7.0
2026-08-18 05:43:34,Long Valley,McGee Ck. Lower Sta. Flow,8.3
2026-08-18 05:43:34,Long Valley,Long Valley Elevation,6772.3
2026-08-18 05:43:34,Long Valley,Long Valley Current Outflow,586.6
2026-08-18 05:43:34,Long Valley,Rock Ck. Div. Flow,0.0
2026-08-18 05:43:34,Long Valley,Upper Gorge Total Release,41.3
2026-08-18 05:43:34,Long Valley,Release at Middle Gorge,0.0
2026-08-18 05:43:34,Northern Owens Valley,Rock Ck. At Owens River (PV) Flow,27.3
2026-08-18 05:43:34,Northern Owens Valley,Pleasant Valley Elevation,4389.0
2026-08-18 05:43:34,Northern Owens Valley,Pleasant Valley Outflow,505.2
2026-08-18 05:43:34,Northern Owens Valley,Baker Ck. At LA Station Flow,6.9
2026-08-18 05:43:34,Northern Owens Valley,Big Pine Ck. USGS Flow,37.9
2026-08-18 05:43:34,Northern Owens Valley,O.R. Below Big Pine,502.6
2026-08-18 05:43:34,Northern Owens Valley,Fish Springs At RR Flow,34.0
2026-08-18 05:43:34,Northern Owens Valley,Tinemaha Reservoir Outflow,507.8
2026-08-18 05:43:34,Northern Owens Valley,Bishop Creek Through Plant 6,99.2
2026-08-18 05:43:34,Northern Owens Valley,Bishop Creek Around Plant 6,7.8
2026-08-18 05:43:34,Southern Owens Valley,Tinemaha Reservoir Outflow,507.8
2026-08-18 05:43:34,Southern Owens Valley,Indep. Ck. At Junction Flow,5.8
2026-08-18 05:43:34,Southern Owens Valley,LAA at Alabama Flow,406.0
2026-08-18 05:43:34,Southern Owens Valley,LAA at Alabama Level,7.9
2026-08-18 05:43:34,Southern Owens Valley,LAA at Alabama Water Temp,70.5
2026-08-18 05:43:34,Southern Owens Valley,Cottonwood Ck. At LAA Flow,0.0
2026-08-18 05:43:34,Southern Owens Valley,LAA at Cottonwood Flow,474.0
2026-08-18 05:43:34,Southern Owens Valley,LAA at Cottonwood Level,9.1
2026-08-18 05:43:34,Southern Owens Valley,LAA at Cotton. Water Temp,71.3
2026-08-18 05:43:34,Southern Owens Valley,N. Haiwee Elevation,3757.0
2026-08-18 05:43:34,Southern Owens Valley,S. Haiwee Reservoir Elevation,3724.7
2026-08-18 05:43:34,Southern Owens Valley,Haiwee LAA #1 Current Flow,0.0
2026-08-18 05:43:34,Southern Owens Valley,Haiwee LAA #2 Current Flow,99.8
2026-08-18 05:43:34,Southern Owens Valley,Reinhackel Flow,2.9
2026-08-18 05:43:34,Southern Owens Valley,Lubkin Spillgate Outflow,0.0
2026-08-18 05:43:34,Southern Owens Valley,Cartago Spillgate Outflow,0.0
2026-08-18 05:43:34,Southern Owens Valley,Lone Pine Creek Flow,9.4
2026-08-18 05:43:34,Lower Owens River Project,LORP Intake Flow,82.0
2026-08-18 05:43:34,Lower Owens River Project,LORP at Mazourka Canyon Road,0.0
2026-08-18 05:43:34,Lower Owens River Project,LORP at Reinhackle Springs,75.0
2026-08-18 05:43:34,Lower Owens River Project,LORP Above Pumpstation,50.0
2026-08-18 05:43:34,Lower Owens River Project,LORP At Pump Station Discharge Flow,48.0
2026-08-18 05:43:34,Southern District,Haiwee LAA #2 Current Flow,99.8
2026-08-18 05:43:34,Southern District,S. Haiwee Reservoir Elevation,3724.7
2026-08-18 05:43:34,Southern District,Haiwee LAA #1 Current Flow,0.0
2026-08-18 05:43:34,Southern District,Fairmont Reservoir Elevation,3023.1
2026-08-18 05:43:34,Southern District,LAA #1 Flow at Fairmont Reservoir,253.2
2026-08-18 05:43:34,Southern District,LAA #2 Flow at Fairmont Res.,132.5
2026-08-18 05:43:34,Southern District,Bouquet Reservoir Elevation,2981.8
2026-08-18 05:43:34,Southern District,Bouquet Reservoir Inflow,0.0
2026-08-18 05:43:34,Southern District,Bouquet Reservoir Outflow,139.9
2026-08-18 05:43:34,Southern District,LAA #1 at Soledad Flow,280.1
2026-08-18 05:43:34,Southern District,LAA #2 at Soledad Flow,191.3
2026-08-18 05:58:34,Northern Owens Valley,Tinemaha Elevation,3861.9
2026-08-18 05:58:34,Southern Owens Valley,Tinemaha Elevation,3861.9
2026-08-18 06:28:33,Northern Owens Valley,Tinemaha Elevation,3861.9
2026-08-18 06:28:33,Southern Owens Valley,Tinemaha Elevation,3861.9
2026-08-18 06:43:34,Mono Basin,Lee Vining Intake Above Flow,55.5
2026-08-18 06:43:34,Mono Basin,Lee Vining Intake Below Flow,30.2
2026-08-18 06:43:34,Mono Basin,Mono Lk. Elevation,6382.2
2026-08-18 06:43:34,Mono Basin,Walker Ck. Above Conduit Flow,6.0
2026-08-18 06:43:34,Mono Basin,L.V. Conduit Below Intake Flow,24.7
2026-08-18 06:43:34,Mono Basin,Walker Ck. Under Conduit Flow,6.0
2026-08-18 06:43:34,Mono Basin,Parker Ck. Under Conduit Flow,18.0
2026-08-18 06:43:34,Mono Basin,Parker Ck. Above Conduit Flow,19.0
2026-08-18 06:43:34,Mono Basin,Grant Lk. Spill Flow,0.0
2026-08-18 06:43:34,Mono Basin,Mono Gate 1 Return Ditch Flow,26.9
2026-08-18 06:43:34,Mono Basin,Grant Lk. Elevation,7129.7
2026-08-18 06:43:34,Mono Basin,Grant Lk. Outflow,40.1
2026-08-18 06:43:34,Mono Basin,Rush Ck. at Damsite Flow,12.8
2026-08-18 06:43:34,Mono Basin,Flow to West Portal,15.2
2026-08-18 06:43:34,Long Valley,East Portal Flow,27.0
2026-08-18 06:43:34,Long Valley,OR Below EP Flow,71.0
2026-08-18 06:43:34,Long Valley,Hot Ck.at Hwy. Flow,7.0
2026-08-18 06:43:34,Long Valley,McGee Ck. Lower Sta. Flow,8.4
2026-08-18 06:43:34,Long Valley,Long Valley Elevation,6772.2
2026-08-18 06:43:34,Long Valley,Long Valley Current Outflow,583.7
2026-08-18 06:43:34,Long Valley,Rock Ck. Div. Flow,0.0
2026-08-18 06:43:34,Long Valley,Upper Gorge Total Release,41.2
2026-08-18 06:43:34,Long Valley,Release at Middle Gorge,0.0
2026-08-18 06:43:34,Northern Owens Valley,Rock Ck. At Owens River (PV) Flow,27.5
2026-08-18 06:43:34,Northern Owens Valley,Pleasant Valley Elevation,4389.1
2026-08-18 06:43:34,Northern Owens Valley,Pleasant Valley Outflow,505.0
2026-08-18 06:43:34,Northern Owens Valley,Baker Ck. At LA Station Flow,7.0
2026-08-18 06:43:34,Northern Owens Valley,Big Pine Ck. USGS Flow,39.9
2026-08-18 06:43:34,Northern Owens Valley,O.R. Below Big Pine,502.7
2026-08-18 06:43:34,Northern Owens Valley,Fish Springs At RR Flow,34.4
2026-08-18 06:43:34,Northern Owens Valley,Tinemaha Reservoir Outflow,507.0
2026-08-18 06:43:34,Northern Owens Valley,Bishop Creek Through Plant 6,98.8
2026-08-18 06:43:34,Northern Owens Valley,Bishop Creek Around Plant 6,7.9
2026-08-18 06:43:34,Southern Owens Valley,Tinemaha Reservoir Outflow,507.0
2026-08-18 06:43:34,Southern Owens Valley,Indep. Ck. At Junction Flow,6.5
2026-08-18 06:43:34,Southern Owens Valley,LAA at Alabama Flow,406.0
2026-08-18 06:43:34,Southern Owens Valley,LAA at Alabama Level,7.9
2026-08-18 06:43:34,Southern Owens Valley,LAA at Alabama Water Temp,70.0
2026-08-18 06:43:34,Southern Owens Valley,Cottonwood Ck. At LAA Flow,0.0
2026-08-18 06:43:34,Southern Owens Valley,LAA at Cottonwood Flow,474.0
2026-08-18 06:43:34,Southern Owens Valley,LAA at Cottonwood Level,9.1
2026-08-18 06:43:34,Southern Owens Valley,LAA at Cotton. Water Temp,71.1
2026-08-18 06:43:34,Southern Owens Valley,N. Haiwee Elevation,3757.0
2026-08-18 06:43:34,Southern Owens Valley,S. Haiwee Reservoir Elevation,3724.8
2026-08-18 06:43:34,Southern Owens Valley,Haiwee LAA #1 Current Flow,0.0
2026-08-18 06:43:34,Southern Owens Valley,Haiwee LAA #2 Current Flow,100.1
2026-08-18 06:43:34,Southern Owens Valley,Reinhackel Flow,2.9
2026-08-18 06:43:34,Southern Owens Valley,Lubkin Spillgate Outflow,0.0
2026-08-18 06:43:34,Southern Owens Valley,Cartago Spillgate Outflow,0.0
2026-08-18 06:43:34,Southern Owens Valley,Lone Pine Creek Flow,9.5
2026-08-18 06:43:34,Lower Owens River Project,LORP Intake Flow,82.0
2026-08-18 06:43:34,Lower Owens River Project,LORP at Mazourka Canyon Road,0.0
2026-08-18 06:43:34,Lower Owens River Project,LORP at Reinhackle Springs,79.0
2026-08-18 06:43:34,Lower Owens River Project,LORP Above Pumpstation,51.0
2026-08-18 06:43:34,Lower Owens River Project,LORP At Pump Station Discharge Flow,48.0
2026-08-18 06:43:34,Southern District,Haiwee LAA #2 Current Flow,100.1
2026-08-18 06:43:34,Southern District,S. Haiwee Reservoir Elevation,3724.8
2026-08-18 06:43:34,Southern District,Haiwee LAA #1 Current Flow,0.0
2026-08-18 06:43:34,Southern District,Fairmont Reservoir Elevation,3023.0
2026-08-18 06:43:34,Southern District,LAA #1 Flow at Fairmont Reservoir,251.8
2026-08-18 06:43:34,Southern District,LAA #2 Flow at Fairmont Res.,132.4
2026-08-18 06:43:34,Southern District,Bouquet Reservoir Elevation,2981.8
2026-08-18 06:43:34,Southern District,Bouquet Reservoir Inflow,0.0
2026-08-18 06:43:34,Southern District,Bouquet Reservoir Outflow,140.3
2026-08-18 06:43:34,Southern District,LAA #1 at Soledad Flow,281.1
2026-08-18 06:43:34,Southern District,LAA #2 at Soledad Flow,191.1
2026-08-18 06:58:33,Northern Owens Valley,Tinemaha Elevation,3861.9
2026-08-18 06:58:33,Southern Owens Valley,Tinemaha Elevation,3861.9
2026-08-18 07:28:33,Northern Owens Valley,Tinemaha Elevation,3862.0
2026-08-18 07:28:33,Southern Owens Valley,Tinemaha Elevation,3862.0
2026-08-18 07:43:34,Mono Basin,Lee Vining Intake Above Flow,55.8
2026-08-18 07:43:34,Mono Basin,Lee Vining Intake Below Flow,30.1
2026-08-18 07:43:34,Mono Basin,Mono Lk. Elevation,6382.2
2026-08-18 07:43:34,Mono Basin,Walker Ck. Above Conduit Flow,6.0
2026-08-18 07:43:34,Mono Basin,L.V. Conduit Below Intake Flow,24.4
2026-08-18 07:43:34,Mono Basin,Walker Ck. Under Conduit Flow,6.0
2026-08-18 07:43:34,Mono Basin,Parker Ck. Under Conduit Flow,18.0
2026-08-18 07:43:34,Mono Basin,Parker Ck. Above Conduit Flow,19.0
2026-08-18 07:43:34,Mono Basin,Grant Lk. Spill Flow,0.0
2026-08-18 07:43:34,Mono Basin,Mono Gate 1 Return Ditch Flow,26.8
2026-08-18 07:43:34,Mono Basin,Grant Lk. Elevation,7129.7
2026-08-18 07:43:34,Mono Basin,Grant Lk. Outflow,40.3
2026-08-18 07:43:34,Mono Basin,Rush Ck. at Damsite Flow,12.8
2026-08-18 07:43:34,Mono Basin,Flow to West Portal,15.2
2026-08-18 07:43:34,Long Valley,East Portal Flow,27.0
2026-08-18 07:43:34,Long Valley,OR Below EP Flow,70.0
2026-08-18 07:43:34,Long Valley,Hot Ck.at Hwy. Flow,7.0
2026-08-18 07:43:34,Long Valley,McGee Ck. Lower Sta. Flow,8.4
2026-08-18 07:43:34,Long Valley,Long Valley Elevation,6772.2
2026-08-18 07:43:34,Long Valley,Long Valley Current Outflow,581.5
2026-08-18 07:43:34,Long Valley,Rock Ck. Div. Flow,0.0
2026-08-18 07:43:34,Long Valley,Upper Gorge Total Release,41.2
2026-08-18 07:43:34,Long Valley,Release at Middle Gorge,0.0
2026-08-18 07:43:34,Northern Owens Valley,Rock Ck. At Owens River (PV) Flow,27.9
2026-08-18 07:43:34,Northern Owens Valley,Pleasant Valley Elevation,4389.2
2026-08-18 07:43:34,Northern Owens Valley,Pleasant Valley Outflow,505.5
2026-08-18 07:43:34,Northern Owens Valley,Baker Ck. At LA Station Flow,7.0
2026-08-18 07:43:34,Northern Owens Valley,Big Pine Ck. USGS Flow,39.9
2026-08-18 07:43:34,Northern Owens Valley,O.R. Below Big Pine,504.5
2026-08-18 07:43:34,Northern Owens Valley,Fish Springs At RR Flow,34.4
2026-08-18 07:43:34,Northern Owens Valley,Tinemaha Reservoir Outflow,507.0
2026-08-18 07:43:34,Northern Owens Valley,Bishop Creek Through Plant 6,99.0
2026-08-18 07:43:34,Northern Owens Valley,Bishop Creek Around Plant 6,7.7
2026-08-18 07:43:34,Southern Owens Valley,Tinemaha Reservoir Outflow,507.0
2026-08-18 07:43:34,Southern Owens Valley,Indep. Ck. At Junction Flow,6.5
2026-08-18 07:43:34,Southern Owens Valley,LAA at Alabama Flow,407.0
2026-08-18 07:43:34,Southern Owens Valley,LAA at Alabama Level,7.9
2026-08-18 07:43:34,Southern Owens Valley,LAA at Alabama Water Temp,69.9
2026-08-18 07:43:34,Southern Owens Valley,Cottonwood Ck. At LAA Flow,0.0
2026-08-18 07:43:34,Southern Owens Valley,LAA at Cottonwood Flow,474.0
2026-08-18 07:43:34,Southern Owens Valley,LAA at Cottonwood Level,9.1
2026-08-18 07:43:34,Southern Owens Valley,LAA at Cotton. Water Temp,70.9
2026-08-18 07:43:34,Southern Owens Valley,N. Haiwee Elevation,3757.0
2026-08-18 07:43:34,Southern Owens Valley,S. Haiwee Reservoir Elevation,3724.8
2026-08-18 07:43:34,Southern Owens Valley,Haiwee LAA #1 Current Flow,0.0
2026-08-18 07:43:34,Southern Owens Valley,Haiwee LAA #2 Current Flow,100.1
2026-08-18 07:43:34,Southern Owens Valley,Reinhackel Flow,2.9
2026-08-18 07:43:34,Southern Owens Valley,Lubkin Spillgate Outflow,0.0
2026-08-18 07:43:34,Southern Owens Valley,Cartago Spillgate Outflow,0.0
2026-08-18 07:43:34,Southern Owens Valley,Lone Pine Creek Flow,9.6
2026-08-18 07:43:34,Lower Owens River Project,LORP Intake Flow,82.0
2026-08-18 07:43:34,Lower Owens River Project,LORP at Mazourka Canyon Road,0.0
2026-08-18 07:43:34,Lower Owens River Project,LORP at Reinhackle Springs,76.0
2026-08-18 07:43:34,Lower Owens River Project,LORP Above Pumpstation,52.0
2026-08-18 07:43:34,Lower Owens River Project,LORP At Pump Station Discharge Flow,49.0
2026-08-18 07:43:34,Southern District,Haiwee LAA #2 Current Flow,100.1
2026-08-18 07:43:34,Southern District,S. Haiwee Reservoir Elevation,3724.8
2026-08-18 07:43:34,Southern District,Haiwee LAA #1 Current Flow,0.0
2026-08-18 07:43:34,Southern District,Fairmont Reservoir Elevation,3023.0
2026-08-18 07:43:34,Southern District,LAA #1 Flow at Fairmont Reservoir,254.1
2026-08-18 07:43:34,Southern District,LAA #2 Flow at Fairmont Res.,132.3
2026-08-18 07:43:34,Southern District,Bouquet Reservoir Elevation,2981.7
2026-08-18 07:43:34,Southern District,Bouquet Reservoir Inflow,0.0
2026-08-18 07:43:34,Southern District,Bouquet Reservoir Outflow,139.8
2026-08-18 07:43:34,Southern District,LAA #1 at Soledad Flow,278.0
2026-08-18 07:43:34,Southern District,LAA #2 at Soledad Flow,191.4
2026-08-18 07:58:33,Northern Owens Valley,Tinemaha Elevation,3862.0
2026-08-18 07:58:33,Southern Owens Valley,Tinemaha Elevation,3862.0
2026-08-18 08:13:33,Mono Basin,Lee Vining Intake Above Flow,55.3
2026-08-18 08:13:33,Mono Basin,Lee Vining Intake Below Flow,30.2
2026-08-18 08:13:33,Mono Basin,Mono Lk. Elevation,6382.2
2026-08-18 08:13:33,Mono Basin,Walker Ck. Above Conduit Flow,6.0
2026-08-18 08:13:33,Mono Basin,L.V. Conduit Below Intake Flow,24.7
2026-08-18 08:13:33,Mono Basin,Walker Ck. Under Conduit Flow,6.0
2026-08-18 08:13:33,Mono Basin,Parker Ck. Under Conduit Flow,18.0
2026-08-18 08:13:33,Mono Basin,Parker Ck. Above Conduit Flow,19.0
2026-08-18 08:13:33,Mono Basin,Grant Lk. Spill Flow,0.0
2026-08-18 08:13:33,Mono Basin,Mono Gate 1 Return Ditch Flow,26.8
2026-08-18 08:13:33,Mono Basin,Grant Lk. Elevation,7129.7
2026-08-18 08:13:33,Mono Basin,Grant Lk. Outflow,40.3
2026-08-18 08:13:33,Mono Basin,Rush Ck. at Damsite Flow,12.8
2026-08-18 08:13:33,Mono Basin,Flow to West Portal,15.2
2026-08-18 08:13:33,Long Valley,East Portal Flow,27.0
2026-08-18 08:13:33,Long Valley,OR Below EP Flow,70.0
2026-08-18 08:13:33,Long Valley,Hot Ck.at Hwy. Flow,7.0
2026-08-18 08:13:33,Long Valley,McGee Ck. Lower Sta. Flow,8.4
2026-08-18 08:13:33,Long Valley,Long Valley Elevation,6772.2
2026-08-18 08:13:33,Long Valley,Long Valley Current Outflow,10.4
2026-08-18 08:13:33,Long Valley,Rock Ck. Div. Flow,0.0
2026-08-18 08:13:33,Long Valley,Upper Gorge Total Release,41.4
2026-08-18 08:13:33,Long Valley,Release at Middle Gorge,0.0
2026-08-18 08:13:33,Northern Owens Valley,Rock Ck. At Owens River (PV) Flow,27.9
2026-08-18 08:13:33,Northern Owens Valley,Pleasant Valley Elevation,4389.2
2026-08-18 08:13:33,Northern Owens Valley,Pleasant Valley Outflow,505.5
2026-08-18 08:13:33,Northern Owens Valley,Baker Ck. At LA Station Flow,7.0
2026-08-18 08:13:33,Northern Owens Valley,Big Pine Ck. USGS Flow,39.9
2026-08-18 08:13:33,Northern Owens Valley,O.R. Below Big Pine,502.6
2026-08-18 08:13:33,Northern Owens Valley,Fish Springs At RR Flow,34.4
2026-08-18 08:13:33,Northern Owens Valley,Tinemaha Reservoir Outflow,507.0
2026-08-18 08:13:33,Northern Owens Valley,Bishop Creek Through Plant 6,99.0
2026-08-18 08:13:33,Northern Owens Valley,Bishop Creek Around Plant 6,7.7
2026-08-18 08:13:33,Southern Owens Valley,Tinemaha Reservoir Outflow,507.0
2026-08-18 08:13:33,Southern Owens Valley,Indep. Ck. At Junction Flow,6.5
2026-08-18 08:13:33,Southern Owens Valley,LAA at Alabama Flow,407.0
2026-08-18 08:13:33,Southern Owens Valley,LAA at Alabama Level,7.9
2026-08-18 08:13:33,Southern Owens Valley,LAA at Alabama Water Temp,69.8
2026-08-18 08:13:33,Southern Owens Valley,Cottonwood Ck. At LAA Flow,0.0
2026-08-18 08:13:33,Southern Owens Valley,LAA at Cottonwood Flow,474.0
2026-08-18 08:13:33,Southern Owens Valley,LAA at Cottonwood Level,9.1
2026-08-18 08:13:33,Southern Owens Valley,LAA at Cotton. Water Temp,70.8
2026-08-18 08:13:33,Southern Owens Valley,N. Haiwee Elevation,3757.0
2026-08-18 08:13:33,Southern Owens Valley,S. Haiwee Reservoir Elevation,3724.8
2026-08-18 08:13:33,Southern Owens Valley,Haiwee LAA #1 Current Flow,0.0
2026-08-18 08:13:33,Southern Owens Valley,Haiwee LAA #2 Current Flow,100.1
2026-08-18 08:13:33,Southern Owens Valley,Reinhackel Flow,2.9
2026-08-18 08:13:33,Southern Owens Valley,Lubkin Spillgate Outflow,0.0
2026-08-18 08:13:33,Southern Owens Valley,Cartago Spillgate Outflow,0.0
2026-08-18 08:13:33,Southern Owens Valley,Lone Pine Creek Flow,9.6
2026-08-18 08:13:33,Lower Owens River Project,LORP Intake Flow,82.0
2026-08-18 08:13:33,Lower Owens River Project,LORP at Mazourka Canyon Road,0.0
2026-08-18 08:13:33,Lower Owens River Project,LORP at Reinhackle Springs,76.0
2026-08-18 08:13:33,Lower Owens River Project,LORP Above Pumpstation,50.0
2026-08-18 08:13:33,Lower Owens River Project,LORP At Pump Station Discharge Flow,48.0
2026-08-18 08:13:33,Southern District,Haiwee LAA #2 Current Flow,100.1
2026-08-18 08:13:33,Southern District,S. Haiwee Reservoir Elevation,3724.8
2026-08-18 08:13:33,Southern District,Haiwee LAA #1 Current Flow,0.0
2026-08-18 08:13:33,Southern District,Fairmont Reservoir Elevation,3023.0
2026-08-18 08:13:33,Southern District,LAA #1 Flow at Fairmont Reservoir,253.2
2026-08-18 08:13:33,Southern District,LAA #2 Flow at Fairmont Res.,132.3
2026-08-18 08:13:33,Southern District,Bouquet Reservoir Elevation,2981.7
2026-08-18 08:13:33,Southern District,Bouquet Reservoir Inflow,0.0
2026-08-18 08:13:33,Southern District,Bouquet Reservoir Outflow,138.0
2026-08-18 08:13:33,Southern District,LAA #1 at Soledad Flow,278.0
2026-08-18 08:13:33,Southern District,LAA #2 at Soledad Flow,191.4
2026-08-18 08:28:33,Mono Basin,Lee Vining Intake Above Flow,55.3
2026-08-18 08:28:33,Mono Basin,Lee Vining Intake Below Flow,30.2
2026-08-18 08:28:33,Mono Basin,Mono Lk. Elevation,6382.2
2026-08-18 08:28:33,Mono Basin,Walker Ck. Above Conduit Flow,6.0
2026-08-18 08:28:33,Mono Basin,L.V. Conduit Below Intake Flow,24.7
2026-08-18 08:28:33,Mono Basin,Walker Ck. Under Conduit Flow,6.0
2026-08-18 08:28:33,Mono Basin,Parker Ck. Under Conduit Flow,18.0
2026-08-18 08:28:33,Mono Basin,Parker Ck. Above Conduit Flow,19.0
2026-08-18 08:28:33,Mono Basin,Grant Lk. Spill Flow,0.0
2026-08-18 08:28:33,Mono Basin,Mono Gate 1 Return Ditch Flow,26.7
2026-08-18 08:28:33,Mono Basin,Grant Lk. Elevation,7129.6
2026-08-18 08:28:33,Mono Basin,Grant Lk. Outflow,40.4
2026-08-18 08:28:33,Mono Basin,Rush Ck. at Damsite Flow,12.8
2026-08-18 08:28:33,Mono Basin,Flow to West Portal,15.2
2026-08-18 08:28:33,Long Valley,East Portal Flow,27.0
2026-08-18 08:28:33,Long Valley,OR Below EP Flow,70.0
2026-08-18 08:28:33,Long Valley,Hot Ck.at Hwy. Flow,7.0
2026-08-18 08:28:33,Long Valley,McGee Ck. Lower Sta. Flow,8.4
2026-08-18 08:28:33,Long Valley,Long Valley Elevation,6772.2
2026-08-18 08:28:33,Long Valley,Long Valley Current Outflow,0.1
2026-08-18 08:28:33,Long Valley,Rock Ck. Div. Flow,0.0
2026-08-18 08:28:33,Long Valley,Upper Gorge Total Release,41.1
2026-08-18 08:28:33,Long Valley,Release at Middle Gorge,0.0
2026-08-18 08:28:33,Northern Owens Valley,Rock Ck. At Owens River (PV) Flow,28.1
2026-08-18 08:28:33,Northern Owens Valley,Pleasant Valley Elevation,4389.1
2026-08-18 08:28:33,Northern Owens Valley,Pleasant Valley Outflow,505.7
2026-08-18 08:28:33,Northern Owens Valley,Baker Ck. At LA Station Flow,7.0
2026-08-18 08:28:33,Northern Owens Valley,Big Pine Ck. USGS Flow,39.7
2026-08-18 08:28:33,Northern Owens Valley,O.R. Below Big Pine,500.3
2026-08-18 08:28:33,Northern Owens Valley,Fish Springs At RR Flow,34.4
2026-08-18 08:28:33,Northern Owens Valley,Tinemaha Elevation,3861.9
2026-08-18 08:28:33,Northern Owens Valley,Tinemaha Reservoir Outflow,507.0
2026-08-18 08:28:33,Northern Owens Valley,Bishop Creek Through Plant 6,98.8
2026-08-18 08:28:33,Northern Owens Valley,Bishop Creek Around Plant 6,7.4
2026-08-18 08:28:33,Southern Owens Valley,Tinemaha Elevation,3861.9
2026-08-18 08:28:33,Southern Owens Valley,Tinemaha Reservoir Outflow,507.0
2026-08-18 08:28:33,Southern Owens Valley,Indep. Ck. At Junction Flow,6.5
2026-08-18 08:28:33,Southern Owens Valley,LAA at Alabama Flow,407.0
2026-08-18 08:28:33,Southern Owens Valley,LAA at Alabama Level,7.9
2026-08-18 08:28:33,Southern Owens Valley,LAA at Alabama Water Temp,69.8
2026-08-18 08:28:33,Southern Owens Valley,Cottonwood Ck. At LAA Flow,0.0
2026-08-18 08:28:33,Southern Owens Valley,LAA at Cottonwood Flow,474.0
2026-08-18 08:28:33,Southern Owens Valley,LAA at Cottonwood Level,9.1
2026-08-18 08:28:33,Southern Owens Valley,LAA at Cotton. Water Temp,70.8
2026-08-18 08:28:33,Southern Owens Valley,N. Haiwee Elevation,3757.0
2026-08-18 08:28:33,Southern Owens Valley,S. Haiwee Reservoir Elevation,3724.8
2026-08-18 08:28:33,Southern Owens Valley,Haiwee LAA #1 Current Flow,0.0
2026-08-18 08:28:33,Southern Owens Valley,Haiwee LAA #2 Current Flow,100.1
2026-08-18 08:28:33,Southern Owens Valley,Reinhackel Flow,2.9
2026-08-18 08:28:33,Southern Owens Valley,Lubkin Spillgate Outflow,0.0
2026-08-18 08:28:33,Southern Owens Valley,Cartago Spillgate Outflow,0.0
2026-08-18 08:28:33,Southern Owens Valley,Lone Pine Creek Flow,9.6
2026-08-18 08:28:33,Lower Owens River Project,LORP Intake Flow,82.0
2026-08-18 08:28:33,Lower Owens River Project,LORP at Mazourka Canyon Road,0.0
2026-08-18 08:28:33,Lower Owens River Project,LORP at Reinhackle Springs,76.0
2026-08-18 08:28:33,Lower Owens River Project,LORP Above Pumpstation,51.0
2026-08-18 08:28:33,Lower Owens River Project,LORP At Pump Station Discharge Flow,48.0
2026-08-18 08:28:33,Southern District,Haiwee LAA #2 Current Flow,100.1
2026-08-18 08:28:33,Southern District,S. Haiwee Reservoir Elevation,3724.8
2026-08-18 08:28:33,Southern District,Haiwee LAA #1 Current Flow,0.0
2026-08-18 08:28:33,Southern District,Fairmont Reservoir Elevation,3023.0
2026-08-18 08:28:33,Southern District,LAA #1 Flow at Fairmont Reservoir,253.9
2026-08-18 08:28:33,Southern District,LAA #2 Flow at Fairmont Res.,132.3
2026-08-18 08:28:33,Southern District,Bouquet Reservoir Elevation,2981.7
2026-08-18 08:28:33,Southern District,Bouquet Reservoir Inflow,0.0
2026-08-18 08:28:33,Southern District,Bouquet Reservoir Outflow,138.0
2026-08-18 08:28:33,Southern District,LAA #1 at Soledad Flow,278.0
2026-08-18 08:28:33,Southern District,LAA #2 at Soledad Flow,191.4
2026-08-18 08:43:33,Mono Basin,Lee Vining Intake Above Flow,55.5
2026-08-18 08:43:33,Mono Basin,Lee Vining Intake Below Flow,30.5
2026-08-18 08:43:33,Mono Basin,L.V. Conduit Below Intake Flow,24.7
2026-08-18 08:43:33,Mono Basin,Walker Ck. Under Conduit Flow,6.0
2026-08-18 08:43:33,Mono Basin,Parker Ck. Under Conduit Flow,18.0
2026-08-18 08:43:33,Mono Basin,Rush Ck. at Damsite Flow,12.8
2026-08-18 08:43:33,Long Valley,Hot Ck.at Hwy. Flow,7.0
2026-08-18 08:43:33,Long Valley,McGee Ck. Lower Sta. Flow,8.4
2026-08-18 08:43:33,Long Valley,Long Valley Current Outflow,0.1
2026-08-18 08:43:33,Long Valley,Rock Ck. Div. Flow,0.0
2026-08-18 08:43:33,Long Valley,Upper Gorge Total Release,41.1
2026-08-18 08:43:33,Long Valley,Release at Middle Gorge,0.0
2026-08-18 08:43:33,Northern Owens Valley,Rock Ck. At Owens River (PV) Flow,28.1
2026-08-18 08:43:33,Northern Owens Valley,Pleasant Valley Outflow,505.2
2026-08-18 08:43:33,Northern Owens Valley,Baker Ck. At LA Station Flow,7.0
2026-08-18 08:43:33,Northern Owens Valley,Big Pine Ck. USGS Flow,39.7
2026-08-18 08:43:33,Northern Owens Valley,O.R. Below Big Pine,502.1
2026-08-18 08:43:33,Northern Owens Valley,Fish Springs At RR Flow,34.4
2026-08-18 08:43:33,Northern Owens Valley,Tinemaha Reservoir Outflow,507.0
2026-08-18 08:43:33,Northern Owens Valley,Bishop Creek Through Plant 6,97.8
2026-08-18 08:43:33,Northern Owens Valley,Bishop Creek Around Plant 6,7.4
2026-08-18 08:43:33,Southern Owens Valley,Tinemaha Reservoir Outflow,507.0
2026-08-18 08:43:33,Southern Owens Valley,Indep. Ck. At Junction Flow,6.5
2026-08-18 08:43:33,Southern Owens Valley,LAA at Alabama Flow,406.0
2026-08-18 08:43:33,Southern Owens Valley,Cottonwood Ck. At LAA Flow,0.0
2026-08-18 08:43:33,Southern Owens Valley,LAA at Cottonwood Flow,474.0
2026-08-18 08:43:33,Southern Owens Valley,Haiwee LAA #1 Current Flow,0.0
2026-08-18 08:43:33,Southern Owens Valley,Haiwee LAA #2 Current Flow,100.1
2026-08-18 08:43:33,Southern Owens Valley,Reinhackel Flow,2.9
2026-08-18 08:43:33,Southern Owens Valley,Lubkin Spillgate Outflow,0.0
2026-08-18 08:43:33,Southern Owens Valley,Cartago Spillgate Outflow,0.0
2026-08-18 08:43:33,Southern Owens Valley,Lone Pine Creek Flow,9.6
2026-08-18 08:43:33,Lower Owens River Project,LORP Intake Flow,83.0
2026-08-18 08:43:33,Lower Owens River Project,LORP at Mazourka Canyon Road,0.0
2026-08-18 08:43:33,Lower Owens River Project,LORP at Reinhackle Springs,76.0
2026-08-18 08:43:33,Lower Owens River Project,LORP Above Pumpstation,51.0
2026-08-18 08:43:33,Lower Owens River Project,LORP At Pump Station Discharge Flow,48.0
2026-08-18 08:43:33,Southern District,Haiwee LAA #2 Current Flow,100.1
2026-08-18 08:43:33,Southern District,Haiwee LAA #1 Current Flow,0.0
2026-08-18 08:43:34,Mono Basin,Mono Lk. Elevation,6382.2
2026-08-18 08:43:34,Mono Basin,Walker Ck. Above Conduit Flow,6.0
2026-08-18 08:43:34,Mono Basin,Parker Ck. Above Conduit Flow,19.0
2026-08-18 08:43:34,Mono Basin,Grant Lk. Spill Flow,0.0
2026-08-18 08:43:34,Mono Basin,Mono Gate 1 Return Ditch Flow,26.7
2026-08-18 08:43:34,Mono Basin,Grant Lk. Elevation,7129.6
2026-08-18 08:43:34,Mono Basin,Grant Lk. Outflow,40.4
2026-08-18 08:43:34,Mono Basin,Flow to West Portal,15.2
2026-08-18 08:43:34,Long Valley,East Portal Flow,27.0
2026-08-18 08:43:34,Long Valley,OR Below EP Flow,70.0
2026-08-18 08:43:34,Long Valley,Long Valley Elevation,6772.2
2026-08-18 08:43:34,Northern Owens Valley,Pleasant Valley Elevation,4389.0
2026-08-18 08:43:34,Southern Owens Valley,LAA at Alabama Level,7.9
2026-08-18 08:43:34,Southern Owens Valley,LAA at Alabama Water Temp,70.0
2026-08-18 08:43:34,Southern Owens Valley,LAA at Cottonwood Level,9.1
2026-08-18 08:43:34,Southern Owens Valley,LAA at Cotton. Water Temp,70.8
2026-08-18 08:43:34,Southern Owens Valley,N. Haiwee Elevation,3757.0
2026-08-18 08:43:34,Southern Owens Valley,S. Haiwee Reservoir Elevation,3724.8
2026-08-18 08:43:34,Southern District,S. Haiwee Reservoir Elevation,3724.8
2026-08-18 08:43:34,Southern District,Fairmont Reservoir Elevation,3023.0
2026-08-18 08:43:34,Southern District,LAA #1 Flow at Fairmont Reservoir,252.6
2026-08-18 08:43:34,Southern District,LAA #2 Flow at Fairmont Res.,132.2
2026-08-18 08:43:34,Southern District,Bouquet Reservoir Elevation,2981.7
2026-08-18 08:43:34,Southern District,Bouquet Reservoir Inflow,0.0
2026-08-18 08:43:34,Southern District,Bouquet Reservoir Outflow,139.7
2026-08-18 08:43:34,Southern District,LAA #1 at Soledad Flow,278.0
2026-08-18 08:43:34,Southern District,LAA #2 at Soledad Flow,191.4
2026-08-18 08:58:32,Mono Basin,Lee Vining Intake Above Flow,55.5
2026-08-18 08:58:32,Mono Basin,Lee Vining Intake Below Flow,30.5
2026-08-18 08:58:32,Mono Basin,Walker Ck. Above Conduit Flow,6.0
2026-08-18 08:58:32,Mono Basin,L.V. Conduit Below Intake Flow,24.7
2026-08-18 08:58:32,Mono Basin,Walker Ck. Under Conduit Flow,6.0
2026-08-18 08:58:32,Mono Basin,Parker Ck. Under Conduit Flow,18.0
2026-08-18 08:58:32,Mono Basin,Parker Ck. Above Conduit Flow,19.0
2026-08-18 08:58:32,Mono Basin,Grant Lk. Spill Flow,0.0
2026-08-18 08:58:32,Mono Basin,Mono Gate 1 Return Ditch Flow,26.7
2026-08-18 08:58:32,Mono Basin,Grant Lk. Outflow,40.4
2026-08-18 08:58:32,Mono Basin,Rush Ck. at Damsite Flow,12.8
2026-08-18 08:58:32,Mono Basin,Flow to West Portal,15.2
2026-08-18 08:58:32,Long Valley,East Portal Flow,28.0
2026-08-18 08:58:32,Long Valley,OR Below EP Flow,70.0
2026-08-18 08:58:32,Long Valley,Hot Ck.at Hwy. Flow,7.0
2026-08-18 08:58:32,Long Valley,McGee Ck. Lower Sta. Flow,8.4
2026-08-18 08:58:32,Long Valley,Long Valley Current Outflow,0.1
2026-08-18 08:58:32,Long Valley,Rock Ck. Div. Flow,0.0
2026-08-18 08:58:32,Long Valley,Upper Gorge Total Release,41.2
2026-08-18 08:58:32,Long Valley,Release at Middle Gorge,0.0
2026-08-18 08:58:32,Northern Owens Valley,Rock Ck. At Owens River (PV) Flow,28.3
2026-08-18 08:58:32,Northern Owens Valley,Pleasant Valley Outflow,505.2
2026-08-18 08:58:32,Northern Owens Valley,Baker Ck. At LA Station Flow,7.0
2026-08-18 08:58:32,Northern Owens Valley,Big Pine Ck. USGS Flow,39.7
2026-08-18 08:58:32,Northern Owens Valley,O.R. Below Big Pine,500.6
2026-08-18 08:58:32,Northern Owens Valley,Fish Springs At RR Flow,34.4
2026-08-18 08:58:32,Northern Owens Valley,Tinemaha Reservoir Outflow,507.0
2026-08-18 08:58:32,Northern Owens Valley,Bishop Creek Through Plant 6,97.8
2026-08-18 08:58:32,Northern Owens Valley,Bishop Creek Around Plant 6,7.4
2026-08-18 08:58:32,Southern Owens Valley,Tinemaha Reservoir Outflow,507.0
2026-08-18 08:58:32,Southern Owens Valley,Indep. Ck. At Junction Flow,6.5
2026-08-18 08:58:32,Southern Owens Valley,LAA at Alabama Flow,406.0
2026-08-18 08:58:32,Southern Owens Valley,Cottonwood Ck. At LAA Flow,0.0
2026-08-18 08:58:32,Southern Owens Valley,LAA at Cottonwood Flow,474.0
2026-08-18 08:58:32,Southern Owens Valley,Haiwee LAA #1 Current Flow,0.0
2026-08-18 08:58:32,Southern Owens Valley,Haiwee LAA #2 Current Flow,100.1
2026-08-18 08:58:32,Southern Owens Valley,Reinhackel Flow,2.9
2026-08-18 08:58:32,Southern Owens Valley,Lubkin Spillgate Outflow,0.0
2026-08-18 08:58:32,Southern Owens Valley,Cartago Spillgate Outflow,0.0
2026-08-18 08:58:32,Southern Owens Valley,Lone Pine Creek Flow,9.6
2026-08-18 08:58:32,Lower Owens River Project,LORP Intake Flow,83.0
2026-08-18 08:58:32,Lower Owens River Project,LORP at Mazourka Canyon Road,0.0
2026-08-18 08:58:32,Lower Owens River Project,LORP at Reinhackle Springs,76.0
2026-08-18 08:58:32,Lower Owens River Project,LORP Above Pumpstation,51.0
2026-08-18 08:58:32,Lower Owens River Project,LORP At Pump Station Discharge Flow,48.0
2026-08-18 08:58:32,Southern District,Haiwee LAA #2 Current Flow,100.1
2026-08-18 08:58:32,Southern District,Haiwee LAA #1 Current Flow,0.0
2026-08-18 08:58:32,Southern District,LAA #1 Flow at Fairmont Reservoir,254.0
2026-08-18 08:58:32,Southern District,LAA #2 Flow at Fairmont Res.,131.8
2026-08-18 08:58:32,Southern District,Bouquet Reservoir Inflow,0.0
2026-08-18 08:58:32,Southern District,Bouquet Reservoir Outflow,139.7
2026-08-18 08:58:32,Southern District,LAA #1 at Soledad Flow,278.0
2026-08-18 08:58:32,Southern District,LAA #2 at Soledad Flow,191.4
2026-08-18 08:58:33,Mono Basin,Mono Lk. Elevation,6382.2
2026-08-18 08:58:33,Mono Basin,Grant Lk. Elevation,7129.6
2026-08-18 08:58:33,Long Valley,Long Valley Elevation,6772.2
2026-08-18 08:58:33,Northern Owens Valley,Pleasant Valley Elevation,4389.0
2026-08-18 08:58:33,Northern Owens Valley,Tinemaha Elevation,3861.9
2026-08-18 08:58:33,Southern Owens Valley,Tinemaha Elevation,3861.9
2026-08-18 08:58:33,Southern Owens Valley,LAA at Alabama Level,7.9
2026-08-18 08:58:33,Southern Owens Valley,LAA at Alabama Water Temp,70.0
2026-08-18 08:58:33,Southern Owens Valley,LAA at Cottonwood Level,9.1
2026-08-18 08:58:33,Southern Owens Valley,LAA at Cotton. Water Temp,70.8
2026-08-18 08:58:33,Southern Owens Valley,N. Haiwee Elevation,3757.0
2026-08-18 08:58:33,Southern Owens Valley,S. Haiwee Reservoir Elevation,3724.8
2026-08-18 08:58:33,Southern District,S. Haiwee Reservoir Elevation,3724.8
2026-08-18 08:58:33,Southern District,Fairmont Reservoir Elevation,3023.0
2026-08-18 08:58:33,Southern District,Bouquet Reservoir Elevation,2981.7
2026-08-18 09:13:32,Northern Owens Valley,Tinemaha Reservoir Outflow,507.0
2026-08-18 09:13:32,Southern Owens Valley,Tinemaha Reservoir Outflow,507.0
2026-08-18 09:13:32,Southern Owens Valley,Indep. Ck. At Junction Flow,6.5
2026-08-18 09:13:32,Southern Owens Valley,LAA at Alabama Flow,407.0
2026-08-18 09:13:32,Southern Owens Valley,Cottonwood Ck. At LAA Flow,0.0
2026-08-18 09:13:32,Southern Owens Valley,LAA at Cottonwood Flow,474.0
2026-08-18 09:13:32,Southern Owens Valley,Haiwee LAA #1 Current Flow,0.0
2026-08-18 09:13:32,Southern Owens Valley,Haiwee LAA #2 Current Flow,100.1
2026-08-18 09:13:32,Southern Owens Valley,Reinhackel Flow,2.9
2026-08-18 09:13:32,Southern Owens Valley,Lubkin Spillgate Outflow,0.0
2026-08-18 09:13:32,Southern Owens Valley,Lone Pine Creek Flow,9.6
2026-08-18 09:13:32,Lower Owens River Project,LORP Intake Flow,83.0
2026-08-18 09:13:32,Southern District,Haiwee LAA #2 Current Flow,100.1
2026-08-18 09:13:32,Southern District,Haiwee LAA #1 Current Flow,0.0
2026-08-18 09:13:33,Mono Basin,Lee Vining Intake Above Flow,55.3
2026-08-18 09:13:33,Mono Basin,Lee Vining Intake Below Flow,30.4
2026-08-18 09:13:33,Mono Basin,Mono Lk. Elevation,6382.2
2026-08-18 09:13:33,Mono Basin,Walker Ck. Above Conduit Flow,6.0
2026-08-18 09:13:33,Mono Basin,L.V. Conduit Below Intake Flow,24.8
2026-08-18 09:13:33,Mono Basin,Walker Ck. Under Conduit Flow,6.0
2026-08-18 09:13:33,Mono Basin,Parker Ck. Under Conduit Flow,18.0
2026-08-18 09:13:33,Mono Basin,Parker Ck. Above Conduit Flow,20.0
2026-08-18 09:13:33,Mono Basin,Grant Lk. Spill Flow,0.0
2026-08-18 09:13:33,Mono Basin,Mono Gate 1 Return Ditch Flow,26.7
2026-08-18 09:13:33,Mono Basin,Grant Lk. Elevation,7129.6
2026-08-18 09:13:33,Mono Basin,Grant Lk. Outflow,40.4
2026-08-18 09:13:33,Mono Basin,Rush Ck. at Damsite Flow,12.8
2026-08-18 09:13:33,Mono Basin,Flow to West Portal,15.2
2026-08-18 09:13:33,Long Valley,East Portal Flow,28.0
2026-08-18 09:13:33,Long Valley,OR Below EP Flow,70.0
2026-08-18 09:13:33,Long Valley,Hot Ck.at Hwy. Flow,7.0
2026-08-18 09:13:33,Long Valley,McGee Ck. Lower Sta. Flow,8.4
2026-08-18 09:13:33,Long Valley,Long Valley Elevation,6772.2
2026-08-18 09:13:33,Long Valley,Long Valley Current Outflow,0.1
2026-08-18 09:13:33,Long Valley,Rock Ck. Div. Flow,0.0
2026-08-18 09:13:33,Long Valley,Upper Gorge Total Release,41.1
2026-08-18 09:13:33,Long Valley,Release at Middle Gorge,0.0
2026-08-18 09:13:33,Northern Owens Valley,Rock Ck. At Owens River (PV) Flow,28.3
2026-08-18 09:13:33,Northern Owens Valley,Pleasant Valley Elevation,4388.9
2026-08-18 09:13:33,Northern Owens Valley,Pleasant Valley Outflow,505.2
2026-08-18 09:13:33,Northern Owens Valley,Baker Ck. At LA Station Flow,7.0
2026-08-18 09:13:33,Northern Owens Valley,Big Pine Ck. USGS Flow,39.7
2026-08-18 09:13:33,Northern Owens Valley,O.R. Below Big Pine,501.3
2026-08-18 09:13:33,Northern Owens Valley,Fish Springs At RR Flow,34.4
2026-08-18 09:13:33,Northern Owens Valley,Bishop Creek Through Plant 6,98.8
2026-08-18 09:13:33,Northern Owens Valley,Bishop Creek Around Plant 6,7.3
2026-08-18 09:13:33,Southern Owens Valley,LAA at Alabama Level,7.9
2026-08-18 09:13:33,Southern Owens Valley,LAA at Alabama Water Temp,70.0
2026-08-18 09:13:33,Southern Owens Valley,LAA at Cottonwood Level,9.1
2026-08-18 09:13:33,Southern Owens Valley,LAA at Cotton. Water Temp,71.0
2026-08-18 09:13:33,Southern Owens Valley,N. Haiwee Elevation,3757.0
2026-08-18 09:13:33,Southern Owens Valley,S. Haiwee Reservoir Elevation,3724.8
2026-08-18 09:13:33,Southern Owens Valley,Cartago Spillgate Outflow,0.0
2026-08-18 09:13:33,Lower Owens River Project,LORP at Mazourka Canyon Road,0.0
2026-08-18 09:13:33,Lower Owens River Project,LORP at Reinhackle Springs,76.0
2026-08-18 09:13:33,Lower Owens River Project,LORP Above Pumpstation,51.0
2026-08-18 09:13:33,Lower Owens River Project,LORP At Pump Station Discharge Flow,48.0
2026-08-18 09:13:33,Southern District,S. Haiwee Reservoir Elevation,3724.8
2026-08-18 09:13:33,Southern District,Fairmont Reservoir Elevation,3023.0
2026-08-18 09:13:33,Southern District,LAA #1 Flow at Fairmont Reservoir,252.2
2026-08-18 09:13:33,Southern District,LAA #2 Flow at Fairmont Res.,132.3
2026-08-18 09:13:33,Southern District,Bouquet Reservoir Elevation,2981.7
2026-08-18 09:13:33,Southern District,Bouquet Reservoir Inflow,0.0
2026-08-18 09:13:33,Southern District,Bouquet Reservoir Outflow,139.8
2026-08-18 09:13:33,Southern District,LAA #1 at Soledad Flow,278.0
2026-08-18 09:13:33,Southern District,LAA #2 at Soledad Flow,191.4
2026-08-18 09:28:33,Mono Basin,Lee Vining Intake Above Flow,55.3
2026-08-18 09:28:33,Mono Basin,Lee Vining Intake Below Flow,30.4
2026-08-18 09:28:33,Mono Basin,Mono Lk. Elevation,6382.2
2026-08-18 09:28:33,Mono Basin,Walker Ck. Above Conduit Flow,6.0
2026-08-18 09:28:33,Mono Basin,L.V. Conduit Below Intake Flow,24.8
2026-08-18 09:28:33,Mono Basin,Walker Ck. Under Conduit Flow,6.0
2026-08-18 09:28:33,Mono Basin,Parker Ck. Under Conduit Flow,18.0
2026-08-18 09:28:33,Mono Basin,Parker Ck. Above Conduit Flow,20.0
2026-08-18 09:28:33,Mono Basin,Grant Lk. Spill Flow,0.0
2026-08-18 09:28:33,Mono Basin,Mono Gate 1 Return Ditch Flow,26.6
2026-08-18 09:28:33,Mono Basin,Grant Lk. Elevation,7129.7
2026-08-18 09:28:33,Mono Basin,Grant Lk. Outflow,40.5
2026-08-18 09:28:33,Mono Basin,Rush Ck. at Damsite Flow,12.8
2026-08-18 09:28:33,Mono Basin,Flow to West Portal,15.2
2026-08-18 09:28:33,Long Valley,East Portal Flow,28.0
2026-08-18 09:28:33,Long Valley,OR Below EP Flow,70.0
2026-08-18 09:28:33,Long Valley,Hot Ck.at Hwy. Flow,7.0
2026-08-18 09:28:33,Long Valley,McGee Ck. Lower Sta. Flow,8.4
2026-08-18 09:28:33,Long Valley,Long Valley Elevation,6772.2
2026-08-18 09:28:33,Long Valley,Long Valley Current Outflow,0.1
2026-08-18 09:28:33,Long Valley,Rock Ck. Div. Flow,0.0
2026-08-18 09:28:33,Long Valley,Upper Gorge Total Release,41.1
2026-08-18 09:28:33,Long Valley,Release at Middle Gorge,0.0
2026-08-18 09:28:33,Northern Owens Valley,Rock Ck. At Owens River (PV) Flow,28.3
2026-08-18 09:28:33,Northern Owens Valley,Pleasant Valley Elevation,4388.8
2026-08-18 09:28:33,Northern Owens Valley,Pleasant Valley Outflow,504.1
2026-08-18 09:28:33,Northern Owens Valley,Baker Ck. At LA Station Flow,7.0
2026-08-18 09:28:33,Northern Owens Valley,Big Pine Ck. USGS Flow,39.7
2026-08-18 09:28:33,Northern Owens Valley,O.R. Below Big Pine,502.0
2026-08-18 09:28:33,Northern Owens Valley,Fish Springs At RR Flow,34.4
2026-08-18 09:28:33,Northern Owens Valley,Tinemaha Elevation,3862.0
2026-08-18 09:28:33,Northern Owens Valley,Tinemaha Reservoir Outflow,507.0
2026-08-18 09:28:33,Northern Owens Valley,Bishop Creek Through Plant 6,98.8
2026-08-18 09:28:33,Northern Owens Valley,Bishop Creek Around Plant 6,7.3
2026-08-18 09:28:33,Southern Owens Valley,Tinemaha Elevation,3862.0
2026-08-18 09:28:33,Southern Owens Valley,Tinemaha Reservoir Outflow,507.0
2026-08-18 09:28:33,Southern Owens Valley,Indep. Ck. At Junction Flow,6.5
2026-08-18 09:28:33,Southern Owens Valley,LAA at Alabama Flow,407.0
2026-08-18 09:28:33,Southern Owens Valley,LAA at Alabama Level,7.9
2026-08-18 09:28:33,Southern Owens Valley,LAA at Alabama Water Temp,70.0
2026-08-18 09:28:33,Southern Owens Valley,Cottonwood Ck. At LAA Flow,0.0
2026-08-18 09:28:33,Southern Owens Valley,LAA at Cottonwood Flow,475.0
2026-08-18 09:28:33,Southern Owens Valley,LAA at Cottonwood Level,9.1
2026-08-18 09:28:33,Southern Owens Valley,LAA at Cotton. Water Temp,71.0
2026-08-18 09:28:33,Southern Owens Valley,N. Haiwee Elevation,3757.0
2026-08-18 09:28:33,Southern Owens Valley,S. Haiwee Reservoir Elevation,3724.8
2026-08-18 09:28:33,Southern Owens Valley,Haiwee LAA #1 Current Flow,0.0
2026-08-18 09:28:33,Southern Owens Valley,Haiwee LAA #2 Current Flow,100.1
2026-08-18 09:28:33,Southern Owens Valley,Reinhackel Flow,2.9
2026-08-18 09:28:33,Southern Owens Valley,Lubkin Spillgate Outflow,0.0
2026-08-18 09:28:33,Southern Owens Valley,Cartago Spillgate Outflow,0.0
2026-08-18 09:28:33,Southern Owens Valley,Lone Pine Creek Flow,9.6
2026-08-18 09:28:33,Lower Owens River Project,LORP Intake Flow,83.0
2026-08-18 09:28:33,Lower Owens River Project,LORP at Mazourka Canyon Road,0.0
2026-08-18 09:28:33,Lower Owens River Project,LORP at Reinhackle Springs,76.0
2026-08-18 09:28:33,Lower Owens River Project,LORP Above Pumpstation,51.0
2026-08-18 09:28:33,Lower Owens River Project,LORP At Pump Station Discharge Flow,48.0
2026-08-18 09:28:33,Southern District,Haiwee LAA #2 Current Flow,100.1
2026-08-18 09:28:33,Southern District,S. Haiwee Reservoir Elevation,3724.8
2026-08-18 09:28:33,Southern District,Haiwee LAA #1 Current Flow,0.0
2026-08-18 09:28:33,Southern District,Fairmont Reservoir Elevation,3023.0
2026-08-18 09:28:33,Southern District,LAA #1 Flow at Fairmont Reservoir,253.1
2026-08-18 09:28:33,Southern District,LAA #2 Flow at Fairmont Res.,132.3
2026-08-18 09:28:33,Southern District,Bouquet Reservoir Elevation,2981.7
2026-08-18 09:28:33,Southern District,Bouquet Reservoir Inflow,0.0
2026-08-18 09:28:33,Southern District,Bouquet Reservoir Outflow,140.2
2026-08-18 09:28:33,Southern District,LAA #1 at Soledad Flow,278.0
2026-08-18 09:28:33,Southern District,LAA #2 at Soledad Flow,191.4
2026-08-18 09:43:33,Mono Basin,Lee Vining Intake Above Flow,55.5
2026-08-18 09:43:33,Mono Basin,Lee Vining Intake Below Flow,30.1
2026-08-18 09:43:33,Mono Basin,Walker Ck. Above Conduit Flow,6.0
2026-08-18 09:43:33,Mono Basin,L.V. Conduit Below Intake Flow,24.9
2026-08-18 09:43:33,Mono Basin,Walker Ck. Under Conduit Flow,6.0
2026-08-18 09:43:33,Mono Basin,Parker Ck. Under Conduit Flow,18.0
2026-08-18 09:43:33,Mono Basin,Parker Ck. Above Conduit Flow,20.0
2026-08-18 09:43:33,Mono Basin,Grant Lk. Spill Flow,0.0
2026-08-18 09:43:33,Mono Basin,Mono Gate 1 Return Ditch Flow,26.6
2026-08-18 09:43:33,Mono Basin,Grant Lk. Outflow,40.5
2026-08-18 09:43:33,Mono Basin,Rush Ck. at Damsite Flow,12.8
2026-08-18 09:43:33,Mono Basin,Flow to West Portal,15.2
2026-08-18 09:43:33,Long Valley,East Portal Flow,28.0
2026-08-18 09:43:33,Long Valley,OR Below EP Flow,70.0
2026-08-18 09:43:33,Long Valley,Hot Ck.at Hwy. Flow,7.0
2026-08-18 09:43:33,Long Valley,McGee Ck. Lower Sta. Flow,8.4
2026-08-18 09:43:33,Long Valley,Long Valley Current Outflow,0.1
2026-08-18 09:43:33,Long Valley,Rock Ck. Div. Flow,0.0
2026-08-18 09:43:33,Long Valley,Upper Gorge Total Release,41.2
2026-08-18 09:43:33,Long Valley,Release at Middle Gorge,0.0
2026-08-18 09:43:33,Northern Owens Valley,Rock Ck. At Owens River (PV) Flow,28.3
2026-08-18 09:43:33,Northern Owens Valley,Pleasant Valley Outflow,504.0
2026-08-18 09:43:33,Northern Owens Valley,Baker Ck. At LA Station Flow,7.0
2026-08-18 09:43:33,Northern Owens Valley,Big Pine Ck. USGS Flow,39.7
2026-08-18 09:43:33,Northern Owens Valley,O.R. Below Big Pine,501.8
2026-08-18 09:43:33,Northern Owens Valley,Fish Springs At RR Flow,34.4
2026-08-18 09:43:33,Northern Owens Valley,Tinemaha Reservoir Outflow,507.0
2026-08-18 09:43:33,Northern Owens Valley,Bishop Creek Through Plant 6,104.0
2026-08-18 09:43:33,Northern Owens Valley,Bishop Creek Around Plant 6,7.2
2026-08-18 09:43:33,Southern Owens Valley,Tinemaha Reservoir Outflow,507.0
2026-08-18 09:43:33,Southern Owens Valley,Indep. Ck. At Junction Flow,6.5
2026-08-18 09:43:33,Southern Owens Valley,LAA at Alabama Flow,407.0
2026-08-18 09:43:33,Southern Owens Valley,Cottonwood Ck. At LAA Flow,0.0
2026-08-18 09:43:33,Southern Owens Valley,LAA at Cottonwood Flow,475.0
2026-08-18 09:43:33,Southern Owens Valley,Haiwee LAA #1 Current Flow,0.0
2026-08-18 09:43:33,Southern Owens Valley,Haiwee LAA #2 Current Flow,100.1
2026-08-18 09:43:33,Southern Owens Valley,Reinhackel Flow,2.9
2026-08-18 09:43:33,Southern Owens Valley,Lubkin Spillgate Outflow,0.0
2026-08-18 09:43:33,Southern Owens Valley,Cartago Spillgate Outflow,0.0
2026-08-18 09:43:33,Southern Owens Valley,Lone Pine Creek Flow,9.5
2026-08-18 09:43:33,Lower Owens River Project,LORP Intake Flow,83.0
2026-08-18 09:43:33,Lower Owens River Project,LORP at Mazourka Canyon Road,0.0
2026-08-18 09:43:33,Lower Owens River Project,LORP at Reinhackle Springs,76.0
2026-08-18 09:43:33,Lower Owens River Project,LORP Above Pumpstation,51.0
2026-08-18 09:43:33,Lower Owens River Project,LORP At Pump Station Discharge Flow,48.0
2026-08-18 09:43:33,Southern District,Haiwee LAA #2 Current Flow,100.1
2026-08-18 09:43:33,Southern District,Haiwee LAA #1 Current Flow,0.0
2026-08-18 09:43:33,Southern District,LAA #1 Flow at Fairmont Reservoir,254.1
2026-08-18 09:43:33,Southern District,LAA #2 Flow at Fairmont Res.,132.3
2026-08-18 09:43:33,Southern District,Bouquet Reservoir Inflow,0.0
2026-08-18 09:43:33,Southern District,Bouquet Reservoir Outflow,140.2
2026-08-18 09:43:33,Southern District,LAA #1 at Soledad Flow,278.0
2026-08-18 09:43:33,Southern District,LAA #2 at Soledad Flow,191.4
2026-08-18 09:43:34,Mono Basin,Mono Lk. Elevation,6382.2
2026-08-18 09:43:34,Mono Basin,Grant Lk. Elevation,7129.7
2026-08-18 09:43:34,Long Valley,Long Valley Elevation,6772.2
2026-08-18 09:43:34,Northern Owens Valley,Pleasant Valley Elevation,4388.7
2026-08-18 09:43:34,Southern Owens Valley,LAA at Alabama Level,7.9
2026-08-18 09:43:34,Southern Owens Valley,LAA at Alabama Water Temp,70.0
2026-08-18 09:43:34,Southern Owens Valley,LAA at Cottonwood Level,9.1
2026-08-18 09:43:34,Southern Owens Valley,LAA at Cotton. Water Temp,71.1
2026-08-18 09:43:34,Southern Owens Valley,N. Haiwee Elevation,3757.0
2026-08-18 09:43:34,Southern Owens Valley,S. Haiwee Reservoir Elevation,3724.8
2026-08-18 09:43:34,Southern District,S. Haiwee Reservoir Elevation,3724.8
2026-08-18 09:43:34,Southern District,Fairmont Reservoir Elevation,3023.0
2026-08-18 09:43:34,Southern District,Bouquet Reservoir Elevation,2981.7
2026-08-18 09:58:33,Mono Basin,Lee Vining Intake Above Flow,55.5
2026-08-18 09:58:33,Mono Basin,Lee Vining Intake Below Flow,30.1
2026-08-18 09:58:33,Mono Basin,Mono Lk. Elevation,6382.2
2026-08-18 09:58:33,Mono Basin,Walker Ck. Above Conduit Flow,6.0
2026-08-18 09:58:33,Mono Basin,L.V. Conduit Below Intake Flow,24.9
2026-08-18 09:58:33,Mono Basin,Walker Ck. Under Conduit Flow,6.0
2026-08-18 09:58:33,Mono Basin,Parker Ck. Under Conduit Flow,18.0
2026-08-18 09:58:33,Mono Basin,Parker Ck. Above Conduit Flow,20.0
2026-08-18 09:58:33,Mono Basin,Grant Lk. Spill Flow,0.0
2026-08-18 09:58:33,Mono Basin,Mono Gate 1 Return Ditch Flow,26.6
2026-08-18 09:58:33,Mono Basin,Grant Lk. Elevation,7129.7
2026-08-18 09:58:33,Mono Basin,Grant Lk. Outflow,40.5
2026-08-18 09:58:33,Mono Basin,Rush Ck. at Damsite Flow,12.8
2026-08-18 09:58:33,Mono Basin,Flow to West Portal,15.2
2026-08-18 09:58:33,Long Valley,East Portal Flow,28.0
2026-08-18 09:58:33,Long Valley,OR Below EP Flow,70.0
2026-08-18 09:58:33,Long Valley,Hot Ck.at Hwy. Flow,7.0
2026-08-18 09:58:33,Long Valley,McGee Ck. Lower Sta. Flow,8.4
2026-08-18 09:58:33,Long Valley,Long Valley Elevation,6772.2
2026-08-18 09:58:33,Long Valley,Long Valley Current Outflow,0.1
2026-08-18 09:58:33,Long Valley,Rock Ck. Div. Flow,0.0
2026-08-18 09:58:33,Long Valley,Upper Gorge Total Release,41.1
2026-08-18 09:58:33,Long Valley,Release at Middle Gorge,0.0
2026-08-18 09:58:33,Northern Owens Valley,Rock Ck. At Owens River (PV) Flow,28.3
2026-08-18 09:58:33,Northern Owens Valley,Pleasant Valley Elevation,4388.6
2026-08-18 09:58:33,Northern Owens Valley,Pleasant Valley Outflow,503.3
2026-08-18 09:58:33,Northern Owens Valley,Baker Ck. At LA Station Flow,7.0
2026-08-18 09:58:33,Northern Owens Valley,Big Pine Ck. USGS Flow,39.7
2026-08-18 09:58:33,Northern Owens Valley,O.R. Below Big Pine,502.0
2026-08-18 09:58:33,Northern Owens Valley,Fish Springs At RR Flow,34.4
2026-08-18 09:58:33,Northern Owens Valley,Tinemaha Elevation,3862.0
2026-08-18 09:58:33,Northern Owens Valley,Tinemaha Reservoir Outflow,507.0
2026-08-18 09:58:33,Northern Owens Valley,Bishop Creek Through Plant 6,103.4
2026-08-18 09:58:33,Northern Owens Valley,Bishop Creek Around Plant 6,7.2
2026-08-18 09:58:33,Southern Owens Valley,Tinemaha Elevation,3862.0
2026-08-18 09:58:33,Southern Owens Valley,Tinemaha Reservoir Outflow,507.0
2026-08-18 09:58:33,Southern Owens Valley,Indep. Ck. At Junction Flow,6.5
2026-08-18 09:58:33,Southern Owens Valley,LAA at Alabama Flow,407.0
2026-08-18 09:58:33,Southern Owens Valley,LAA at Alabama Level,7.9
2026-08-18 09:58:33,Southern Owens Valley,LAA at Alabama Water Temp,70.0
2026-08-18 09:58:33,Southern Owens Valley,Cottonwood Ck. At LAA Flow,0.0
2026-08-18 09:58:33,Southern Owens Valley,LAA at Cottonwood Flow,475.0
2026-08-18 09:58:33,Southern Owens Valley,LAA at Cottonwood Level,9.1
2026-08-18 09:58:33,Southern Owens Valley,LAA at Cotton. Water Temp,71.1
2026-08-18 09:58:33,Southern Owens Valley,N. Haiwee Elevation,3757.0
2026-08-18 09:58:33,Southern Owens Valley,S. Haiwee Reservoir Elevation,3724.8
2026-08-18 09:58:33,Southern Owens Valley,Haiwee LAA #1 Current Flow,0.0
2026-08-18 09:58:33,Southern Owens Valley,Haiwee LAA #2 Current Flow,100.1
2026-08-18 09:58:33,Southern Owens Valley,Reinhackel Flow,2.9
2026-08-18 09:58:33,Southern Owens Valley,Lubkin Spillgate Outflow,0.0
2026-08-18 09:58:33,Southern Owens Valley,Cartago Spillgate Outflow,0.0
2026-08-18 09:58:33,Southern Owens Valley,Lone Pine Creek Flow,9.5
2026-08-18 09:58:33,Lower Owens River Project,LORP Intake Flow,83.0
2026-08-18 09:58:33,Lower Owens River Project,LORP at Mazourka Canyon Road,0.0
2026-08-18 09:58:33,Lower Owens River Project,LORP at Reinhackle Springs,76.0
2026-08-18 09:58:33,Lower Owens River Project,LORP Above Pumpstation,51.0
2026-08-18 09:58:33,Lower Owens River Project,LORP At Pump Station Discharge Flow,48.0
2026-08-18 09:58:33,Southern District,Haiwee LAA #2 Current Flow,100.1
2026-08-18 09:58:33,Southern District,S. Haiwee Reservoir Elevation,3724.8
2026-08-18 09:58:33,Southern District,Haiwee LAA #1 Current Flow,0.0
2026-08-18 09:58:33,Southern District,Fairmont Reservoir Elevation,3023.0
2026-08-18 09:58:33,Southern District,LAA #1 Flow at Fairmont Reservoir,251.8
2026-08-18 09:58:33,Southern District,LAA #2 Flow at Fairmont Res.,132.3
2026-08-18 09:58:33,Southern District,Bouquet Reservoir Elevation,2981.7
2026-08-18 09:58:33,Southern District,Bouquet Reservoir Inflow,0.0
2026-08-18 09:58:33,Southern District,Bouquet Reservoir Outflow,134.6
2026-08-18 09:58:33,Southern District,LAA #1 at Soledad Flow,278.0
2026-08-18 09:58:33,Southern District,LAA #2 at Soledad Flow,191.4
2026-08-18 10:13:32,Northern Owens Valley,Tinemaha Reservoir Outflow,507.0
2026-08-18 10:13:32,Southern Owens Valley,Tinemaha Reservoir Outflow,507.0
2026-08-18 10:13:32,Southern Owens Valley,Indep. Ck. At Junction Flow,6.5
2026-08-18 10:13:32,Southern Owens Valley,LAA at Alabama Flow,408.0
2026-08-18 10:13:32,Southern Owens Valley,Cottonwood Ck. At LAA Flow,0.0
2026-08-18 10:13:32,Southern Owens Valley,LAA at Cottonwood Flow,475.0
2026-08-18 10:13:32,Southern Owens Valley,Reinhackel Flow,2.9
2026-08-18 10:13:32,Southern Owens Valley,Lone Pine Creek Flow,9.5
2026-08-18 10:13:32,Lower Owens River Project,LORP Intake Flow,83.0
2026-08-18 10:13:33,Mono Basin,Lee Vining Intake Above Flow,55.2
2026-08-18 10:13:33,Mono Basin,Lee Vining Intake Below Flow,30.2
2026-08-18 10:13:33,Mono Basin,Mono Lk. Elevation,6382.2
2026-08-18 10:13:33,Mono Basin,Walker Ck. Above Conduit Flow,6.0
2026-08-18 10:13:33,Mono Basin,L.V. Conduit Below Intake Flow,24.9
2026-08-18 10:13:33,Mono Basin,Walker Ck. Under Conduit Flow,6.0
2026-08-18 10:13:33,Mono Basin,Parker Ck. Under Conduit Flow,18.0
2026-08-18 10:13:33,Mono Basin,Parker Ck. Above Conduit Flow,20.0
2026-08-18 10:13:33,Mono Basin,Grant Lk. Spill Flow,0.0
2026-08-18 10:13:33,Mono Basin,Mono Gate 1 Return Ditch Flow,26.6
2026-08-18 10:13:33,Mono Basin,Grant Lk. Elevation,7129.7
2026-08-18 10:13:33,Mono Basin,Grant Lk. Outflow,40.5
2026-08-18 10:13:33,Mono Basin,Rush Ck. at Damsite Flow,12.8
2026-08-18 10:13:33,Mono Basin,Flow to West Portal,15.2
2026-08-18 10:13:33,Long Valley,East Portal Flow,28.0
2026-08-18 10:13:33,Long Valley,OR Below EP Flow,70.0
2026-08-18 10:13:33,Long Valley,Hot Ck.at Hwy. Flow,7.0
2026-08-18 10:13:33,Long Valley,McGee Ck. Lower Sta. Flow,8.4
2026-08-18 10:13:33,Long Valley,Long Valley Elevation,6772.2
2026-08-18 10:13:33,Long Valley,Long Valley Current Outflow,0.1
2026-08-18 10:13:33,Long Valley,Rock Ck. Div. Flow,0.0
2026-08-18 10:13:33,Long Valley,Upper Gorge Total Release,41.6
2026-08-18 10:13:33,Long Valley,Release at Middle Gorge,0.0
2026-08-18 10:13:33,Northern Owens Valley,Rock Ck. At Owens River (PV) Flow,28.3
2026-08-18 10:13:33,Northern Owens Valley,Pleasant Valley Elevation,4388.5
2026-08-18 10:13:33,Northern Owens Valley,Pleasant Valley Outflow,502.7
2026-08-18 10:13:33,Northern Owens Valley,Baker Ck. At LA Station Flow,7.0
2026-08-18 10:13:33,Northern Owens Valley,Big Pine Ck. USGS Flow,39.7
2026-08-18 10:13:33,Northern Owens Valley,O.R. Below Big Pine,501.9
2026-08-18 10:13:33,Northern Owens Valley,Fish Springs At RR Flow,34.4
2026-08-18 10:13:33,Northern Owens Valley,Bishop Creek Through Plant 6,97.9
2026-08-18 10:13:33,Northern Owens Valley,Bishop Creek Around Plant 6,7.2
2026-08-18 10:13:33,Southern Owens Valley,LAA at Alabama Level,7.9
2026-08-18 10:13:33,Southern Owens Valley,LAA at Alabama Water Temp,70.6
2026-08-18 10:13:33,Southern Owens Valley,LAA at Cottonwood Level,9.1
2026-08-18 10:13:33,Southern Owens Valley,LAA at Cotton. Water Temp,71.3
2026-08-18 10:13:33,Southern Owens Valley,N. Haiwee Elevation,3757.0
2026-08-18 10:13:33,Southern Owens Valley,S. Haiwee Reservoir Elevation,3724.8
2026-08-18 10:13:33,Southern Owens Valley,Haiwee LAA #1 Current Flow,0.0
2026-08-18 10:13:33,Southern Owens Valley,Haiwee LAA #2 Current Flow,100.0
2026-08-18 10:13:33,Southern Owens Valley,Lubkin Spillgate Outflow,0.0
2026-08-18 10:13:33,Southern Owens Valley,Cartago Spillgate Outflow,0.0
2026-08-18 10:13:33,Lower Owens River Project,LORP at Mazourka Canyon Road,0.0
2026-08-18 10:13:33,Lower Owens River Project,LORP at Reinhackle Springs,76.0
2026-08-18 10:13:33,Lower Owens River Project,LORP Above Pumpstation,51.0
2026-08-18 10:13:33,Lower Owens River Project,LORP At Pump Station Discharge Flow,49.0
2026-08-18 10:13:33,Southern District,Haiwee LAA #2 Current Flow,100.0
2026-08-18 10:13:33,Southern District,S. Haiwee Reservoir Elevation,3724.8
2026-08-18 10:13:33,Southern District,Haiwee LAA #1 Current Flow,0.0
2026-08-18 10:13:33,Southern District,Fairmont Reservoir Elevation,3023.0
2026-08-18 10:13:33,Southern District,LAA #1 Flow at Fairmont Reservoir,253.1
2026-08-18 10:13:33,Southern District,LAA #2 Flow at Fairmont Res.,132.3
2026-08-18 10:13:33,Southern District,Bouquet Reservoir Elevation,2981.7
2026-08-18 10:13:33,Southern District,Bouquet Reservoir Inflow,0.0
2026-08-18 10:13:33,Southern District,Bouquet Reservoir Outflow,139.9
2026-08-18 10:13:33,Southern District,LAA #1 at Soledad Flow,278.0
2026-08-18 10:13:33,Southern District,LAA #2 at Soledad Flow,191.4
2026-08-18 10:28:33,Mono Basin,Lee Vining Intake Above Flow,55.2
2026-08-18 10:28:33,Mono Basin,Lee Vining Intake Below Flow,30.2
2026-08-18 10:28:33,Mono Basin,Walker Ck. Above Conduit Flow,6.0
2026-08-18 10:28:33,Mono Basin,L.V. Conduit Below Intake Flow,24.9
2026-08-18 10:28:33,Mono Basin,Walker Ck. Under Conduit Flow,6.0
2026-08-18 10:28:33,Mono Basin,Parker Ck. Under Conduit Flow,18.0
2026-08-18 10:28:33,Mono Basin,Parker Ck. Above Conduit Flow,20.0
2026-08-18 10:28:33,Mono Basin,Grant Lk. Spill Flow,0.0
2026-08-18 10:28:33,Mono Basin,Mono Gate 1 Return Ditch Flow,26.6
2026-08-18 10:28:33,Mono Basin,Grant Lk. Outflow,40.4
2026-08-18 10:28:33,Mono Basin,Rush Ck. at Damsite Flow,12.8
2026-08-18 10:28:33,Mono Basin,Flow to West Portal,15.2
2026-08-18 10:28:33,Long Valley,East Portal Flow,27.0
2026-08-18 10:28:33,Long Valley,OR Below EP Flow,70.0
2026-08-18 10:28:33,Long Valley,Hot Ck.at Hwy. Flow,7.0
2026-08-18 10:28:33,Long Valley,McGee Ck. Lower Sta. Flow,8.4
2026-08-18 10:28:33,Long Valley,Long Valley Current Outflow,0.1
2026-08-18 10:28:33,Long Valley,Rock Ck. Div. Flow,0.0
2026-08-18 10:28:33,Long Valley,Upper Gorge Total Release,41.5
2026-08-18 10:28:33,Long Valley,Release at Middle Gorge,0.0
2026-08-18 10:28:33,Northern Owens Valley,Rock Ck. At Owens River (PV) Flow,28.3
2026-08-18 10:28:33,Northern Owens Valley,Pleasant Valley Outflow,502.5
2026-08-18 10:28:33,Northern Owens Valley,Baker Ck. At LA Station Flow,7.0
2026-08-18 10:28:33,Northern Owens Valley,Big Pine Ck. USGS Flow,39.7
2026-08-18 10:28:33,Northern Owens Valley,O.R. Below Big Pine,501.0
2026-08-18 10:28:33,Northern Owens Valley,Fish Springs At RR Flow,34.4
2026-08-18 10:28:33,Northern Owens Valley,Tinemaha Reservoir Outflow,507.0
2026-08-18 10:28:33,Northern Owens Valley,Bishop Creek Through Plant 6,102.6
2026-08-18 10:28:33,Northern Owens Valley,Bishop Creek Around Plant 6,7.1
2026-08-18 10:28:33,Southern Owens Valley,Tinemaha Reservoir Outflow,507.0
2026-08-18 10:28:33,Southern Owens Valley,Indep. Ck. At Junction Flow,6.5
2026-08-18 10:28:33,Southern Owens Valley,LAA at Alabama Flow,407.0
2026-08-18 10:28:33,Southern Owens Valley,Cottonwood Ck. At LAA Flow,0.0
2026-08-18 10:28:33,Southern Owens Valley,LAA at Cottonwood Flow,475.0
2026-08-18 10:28:33,Southern Owens Valley,Haiwee LAA #1 Current Flow,0.0
2026-08-18 10:28:33,Southern Owens Valley,Haiwee LAA #2 Current Flow,100.0
2026-08-18 10:28:33,Southern Owens Valley,Reinhackel Flow,2.9
2026-08-18 10:28:33,Southern Owens Valley,Lubkin Spillgate Outflow,0.0
2026-08-18 10:28:33,Southern Owens Valley,Cartago Spillgate Outflow,0.0
2026-08-18 10:28:33,Southern Owens Valley,Lone Pine Creek Flow,9.5
2026-08-18 10:28:33,Lower Owens River Project,LORP Intake Flow,83.0
2026-08-18 10:28:33,Lower Owens River Project,LORP at Mazourka Canyon Road,0.0
2026-08-18 10:28:33,Lower Owens River Project,LORP at Reinhackle Springs,74.0
2026-08-18 10:28:33,Lower Owens River Project,LORP Above Pumpstation,51.0
2026-08-18 10:28:33,Lower Owens River Project,LORP At Pump Station Discharge Flow,49.0
2026-08-18 10:28:33,Southern District,Haiwee LAA #2 Current Flow,100.0
2026-08-18 10:28:33,Southern District,Haiwee LAA #1 Current Flow,0.0
2026-08-18 10:28:33,Southern District,LAA #1 Flow at Fairmont Reservoir,253.6
2026-08-18 10:28:33,Southern District,LAA #2 Flow at Fairmont Res.,132.3
2026-08-18 10:28:33,Southern District,Bouquet Reservoir Inflow,0.0
2026-08-18 10:28:33,Southern District,Bouquet Reservoir Outflow,144.0
2026-08-18 10:28:33,Southern District,LAA #1 at Soledad Flow,278.0
2026-08-18 10:28:33,Southern District,LAA #2 at Soledad Flow,190.8
2026-08-18 10:28:34,Mono Basin,Mono Lk. Elevation,6382.2
2026-08-18 10:28:34,Mono Basin,Grant Lk. Elevation,7129.7
2026-08-18 10:28:34,Long Valley,Long Valley Elevation,6772.2
2026-08-18 10:28:34,Northern Owens Valley,Pleasant Valley Elevation,4388.4
2026-08-18 10:28:34,Northern Owens Valley,Tinemaha Elevation,3862.0
2026-08-18 10:28:34,Southern Owens Valley,Tinemaha Elevation,3862.0
2026-08-18 10:28:34,Southern Owens Valley,LAA at Alabama Level,7.9
2026-08-18 10:28:34,Southern Owens Valley,LAA at Alabama Water Temp,70.7
2026-08-18 10:28:34,Southern Owens Valley,LAA at Cottonwood Level,9.1
2026-08-18 10:28:34,Southern Owens Valley,LAA at Cotton. Water Temp,71.3
2026-08-18 10:28:34,Southern Owens Valley,N. Haiwee Elevation,3757.0
2026-08-18 10:28:34,Southern Owens Valley,S. Haiwee Reservoir Elevation,3724.8
2026-08-18 10:28:34,Southern District,S. Haiwee Reservoir Elevation,3724.8
2026-08-18 10:28:34,Southern District,Fairmont Reservoir Elevation,3023.0
2026-08-18 10:28:34,Southern District,Bouquet Reservoir Elevation,2981.7
2026-08-18 10:43:34,Mono Basin,Lee Vining Intake Above Flow,55.8
2026-08-18 10:43:34,Mono Basin,Lee Vining Intake Below Flow,30.1
2026-08-18 10:43:34,Mono Basin,Mono Lk. Elevation,6382.2
2026-08-18 10:43:34,Mono Basin,Walker Ck. Above Conduit Flow,6.0
2026-08-18 10:43:34,Mono Basin,L.V. Conduit Below Intake Flow,25.0
2026-08-18 10:43:34,Mono Basin,Walker Ck. Under Conduit Flow,6.0
2026-08-18 10:43:34,Mono Basin,Parker Ck. Under Conduit Flow,18.0
2026-08-18 10:43:34,Mono Basin,Parker Ck. Above Conduit Flow,20.0
2026-08-18 10:43:34,Mono Basin,Grant Lk. Spill Flow,0.0
2026-08-18 10:43:34,Mono Basin,Mono Gate 1 Return Ditch Flow,26.6
2026-08-18 10:43:34,Mono Basin,Grant Lk. Elevation,7129.7
2026-08-18 10:43:34,Mono Basin,Grant Lk. Outflow,40.4
2026-08-18 10:43:34,Mono Basin,Rush Ck. at Damsite Flow,12.8
2026-08-18 10:43:34,Mono Basin,Flow to West Portal,15.2
2026-08-18 10:43:34,Long Valley,East Portal Flow,27.0
2026-08-18 10:43:34,Long Valley,OR Below EP Flow,70.0
2026-08-18 10:43:34,Long Valley,Hot Ck.at Hwy. Flow,7.0
2026-08-18 10:43:34,Long Valley,McGee Ck. Lower Sta. Flow,8.4
2026-08-18 10:43:34,Long Valley,Long Valley Elevation,6772.2
2026-08-18 10:43:34,Long Valley,Long Valley Current Outflow,0.1
2026-08-18 10:43:34,Long Valley,Rock Ck. Div. Flow,0.0
2026-08-18 10:43:34,Long Valley,Upper Gorge Total Release,41.0
2026-08-18 10:43:34,Long Valley,Release at Middle Gorge,0.0
2026-08-18 10:43:34,Northern Owens Valley,Rock Ck. At Owens River (PV) Flow,28.3
2026-08-18 10:43:34,Northern Owens Valley,Pleasant Valley Elevation,4388.4
2026-08-18 10:43:34,Northern Owens Valley,Pleasant Valley Outflow,502.0
2026-08-18 10:43:34,Northern Owens Valley,Baker Ck. At LA Station Flow,7.0
2026-08-18 10:43:34,Northern Owens Valley,Big Pine Ck. USGS Flow,39.7
2026-08-18 10:43:34,Northern Owens Valley,O.R. Below Big Pine,501.8
2026-08-18 10:43:34,Northern Owens Valley,Fish Springs At RR Flow,34.4
2026-08-18 10:43:34,Northern Owens Valley,Tinemaha Reservoir Outflow,507.0
2026-08-18 10:43:34,Northern Owens Valley,Bishop Creek Through Plant 6,102.6
2026-08-18 10:43:34,Northern Owens Valley,Bishop Creek Around Plant 6,7.1
2026-08-18 10:43:34,Southern Owens Valley,Tinemaha Reservoir Outflow,507.0
2026-08-18 10:43:34,Southern Owens Valley,Indep. Ck. At Junction Flow,6.5
2026-08-18 10:43:34,Southern Owens Valley,LAA at Alabama Flow,408.0
2026-08-18 10:43:34,Southern Owens Valley,LAA at Alabama Level,7.9
2026-08-18 10:43:34,Southern Owens Valley,LAA at Alabama Water Temp,70.8
2026-08-18 10:43:34,Southern Owens Valley,Cottonwood Ck. At LAA Flow,0.0
2026-08-18 10:43:34,Southern Owens Valley,LAA at Cottonwood Flow,475.0
2026-08-18 10:43:34,Southern Owens Valley,LAA at Cottonwood Level,9.1
2026-08-18 10:43:34,Southern Owens Valley,LAA at Cotton. Water Temp,71.7
2026-08-18 10:43:34,Southern Owens Valley,N. Haiwee Elevation,3757.0
2026-08-18 10:43:34,Southern Owens Valley,S. Haiwee Reservoir Elevation,3724.9
2026-08-18 10:43:34,Southern Owens Valley,Haiwee LAA #1 Current Flow,0.0
2026-08-18 10:43:34,Southern Owens Valley,Haiwee LAA #2 Current Flow,100.0
2026-08-18 10:43:34,Southern Owens Valley,Reinhackel Flow,2.9
2026-08-18 10:43:34,Southern Owens Valley,Lubkin Spillgate Outflow,0.0
2026-08-18 10:43:34,Southern Owens Valley,Cartago Spillgate Outflow,0.0
2026-08-18 10:43:34,Southern Owens Valley,Lone Pine Creek Flow,9.5
2026-08-18 10:43:34,Lower Owens River Project,LORP Intake Flow,83.0
2026-08-18 10:43:34,Lower Owens River Project,LORP at Mazourka Canyon Road,0.0
2026-08-18 10:43:34,Lower Owens River Project,LORP at Reinhackle Springs,74.0
2026-08-18 10:43:34,Lower Owens River Project,LORP Above Pumpstation,51.0
2026-08-18 10:43:34,Lower Owens River Project,LORP At Pump Station Discharge Flow,48.0
2026-08-18 10:43:34,Southern District,Haiwee LAA #2 Current Flow,100.0
2026-08-18 10:43:34,Southern District,S. Haiwee Reservoir Elevation,3724.9
2026-08-18 10:43:34,Southern District,Haiwee LAA #1 Current Flow,0.0
2026-08-18 10:43:34,Southern District,Fairmont Reservoir Elevation,3023.0
2026-08-18 10:43:34,Southern District,LAA #1 Flow at Fairmont Reservoir,252.9
2026-08-18 10:43:34,Southern District,LAA #2 Flow at Fairmont Res.,132.3
2026-08-18 10:43:34,Southern District,Bouquet Reservoir Elevation,2981.7
2026-08-18 10:43:34,Southern District,Bouquet Reservoir Inflow,0.0
2026-08-18 10:43:34,Southern District,Bouquet Reservoir Outflow,150.4
2026-08-18 10:43:34,Southern District,LAA #1 at Soledad Flow,284.4
2026-08-18 10:43:34,Southern District,LAA #2 at Soledad Flow,190.8
2026-08-18 10:58:32,Northern Owens Valley,Tinemaha Reservoir Outflow,507.0
2026-08-18 10:58:32,Southern Owens Valley,Tinemaha Reservoir Outflow,507.0
2026-08-18 10:58:32,Southern Owens Valley,Indep. Ck. At Junction Flow,6.5
2026-08-18 10:58:32,Southern Owens Valley,LAA at Alabama Flow,408.0
2026-08-18 10:58:32,Southern Owens Valley,Cottonwood Ck. At LAA Flow,0.0
2026-08-18 10:58:32,Southern Owens Valley,LAA at Cottonwood Flow,475.0
2026-08-18 10:58:32,Southern Owens Valley,Haiwee LAA #1 Current Flow,0.0
2026-08-18 10:58:32,Southern Owens Valley,Haiwee LAA #2 Current Flow,100.0
2026-08-18 10:58:32,Southern Owens Valley,Reinhackel Flow,2.9
2026-08-18 10:58:32,Southern Owens Valley,Lubkin Spillgate Outflow,0.0
2026-08-18 10:58:32,Southern Owens Valley,Cartago Spillgate Outflow,0.0
2026-08-18 10:58:32,Southern Owens Valley,Lone Pine Creek Flow,9.5
2026-08-18 10:58:32,Lower Owens River Project,LORP Intake Flow,83.0
2026-08-18 10:58:32,Lower Owens River Project,LORP at Mazourka Canyon Road,0.0
2026-08-18 10:58:32,Lower Owens River Project,LORP at Reinhackle Springs,74.0
2026-08-18 10:58:32,Lower Owens River Project,LORP Above Pumpstation,51.0
2026-08-18 10:58:32,Lower Owens River Project,LORP At Pump Station Discharge Flow,48.0
2026-08-18 10:58:32,Southern District,Haiwee LAA #2 Current Flow,100.0
2026-08-18 10:58:32,Southern District,Haiwee LAA #1 Current Flow,0.0
2026-08-18 10:58:33,Mono Basin,Lee Vining Intake Above Flow,55.8
2026-08-18 10:58:33,Mono Basin,Lee Vining Intake Below Flow,30.1
2026-08-18 10:58:33,Mono Basin,Mono Lk. Elevation,6382.2
2026-08-18 10:58:33,Mono Basin,Walker Ck. Above Conduit Flow,6.0
2026-08-18 10:58:33,Mono Basin,L.V. Conduit Below Intake Flow,25.0
2026-08-18 10:58:33,Mono Basin,Walker Ck. Under Conduit Flow,6.0
2026-08-18 10:58:33,Mono Basin,Parker Ck. Under Conduit Flow,18.0
2026-08-18 10:58:33,Mono Basin,Parker Ck. Above Conduit Flow,20.0
2026-08-18 10:58:33,Mono Basin,Grant Lk. Spill Flow,0.0
2026-08-18 10:58:33,Mono Basin,Mono Gate 1 Return Ditch Flow,26.6
2026-08-18 10:58:33,Mono Basin,Grant Lk. Elevation,7129.7
2026-08-18 10:58:33,Mono Basin,Grant Lk. Outflow,40.4
2026-08-18 10:58:33,Mono Basin,Rush Ck. at Damsite Flow,12.8
2026-08-18 10:58:33,Mono Basin,Flow to West Portal,15.2
2026-08-18 10:58:33,Long Valley,East Portal Flow,27.0
2026-08-18 10:58:33,Long Valley,OR Below EP Flow,70.0
2026-08-18 10:58:33,Long Valley,Hot Ck.at Hwy. Flow,7.0
2026-08-18 10:58:33,Long Valley,McGee Ck. Lower Sta. Flow,8.4
2026-08-18 10:58:33,Long Valley,Long Valley Elevation,6772.2
2026-08-18 10:58:33,Long Valley,Long Valley Current Outflow,0.1
2026-08-18 10:58:33,Long Valley,Rock Ck. Div. Flow,0.0
2026-08-18 10:58:33,Long Valley,Upper Gorge Total Release,41.4
2026-08-18 10:58:33,Long Valley,Release at Middle Gorge,0.0
2026-08-18 10:58:33,Northern Owens Valley,Rock Ck. At Owens River (PV) Flow,28.3
2026-08-18 10:58:33,Northern Owens Valley,Pleasant Valley Elevation,4388.3
2026-08-18 10:58:33,Northern Owens Valley,Pleasant Valley Outflow,501.9
2026-08-18 10:58:33,Northern Owens Valley,Baker Ck. At LA Station Flow,7.0
2026-08-18 10:58:33,Northern Owens Valley,Big Pine Ck. USGS Flow,39.7
2026-08-18 10:58:33,Northern Owens Valley,O.R. Below Big Pine,501.9
2026-08-18 10:58:33,Northern Owens Valley,Fish Springs At RR Flow,34.4
2026-08-18 10:58:33,Northern Owens Valley,Tinemaha Elevation,3862.0
2026-08-18 10:58:33,Northern Owens Valley,Bishop Creek Through Plant 6,102.6
2026-08-18 10:58:33,Northern Owens Valley,Bishop Creek Around Plant 6,7.1
2026-08-18 10:58:33,Southern Owens Valley,Tinemaha Elevation,3862.0
2026-08-18 10:58:33,Southern Owens Valley,LAA at Alabama Level,7.9
2026-08-18 10:58:33,Southern Owens Valley,LAA at Alabama Water Temp,70.8
2026-08-18 10:58:33,Southern Owens Valley,LAA at Cottonwood Level,9.1
2026-08-18 10:58:33,Southern Owens Valley,LAA at Cotton. Water Temp,71.9
2026-08-18 10:58:33,Southern Owens Valley,N. Haiwee Elevation,3757.0
2026-08-18 10:58:33,Southern Owens Valley,S. Haiwee Reservoir Elevation,3724.9
2026-08-18 10:58:33,Southern District,S. Haiwee Reservoir Elevation,3724.9
2026-08-18 10:58:33,Southern District,Fairmont Reservoir Elevation,3022.9
2026-08-18 10:58:33,Southern District,LAA #1 Flow at Fairmont Reservoir,253.1
2026-08-18 10:58:33,Southern District,LAA #2 Flow at Fairmont Res.,132.3
2026-08-18 10:58:33,Southern District,Bouquet Reservoir Elevation,2981.7
2026-08-18 10:58:33,Southern District,Bouquet Reservoir Inflow,0.0
2026-08-18 10:58:33,Southern District,Bouquet Reservoir Outflow,150.4
2026-08-18 10:58:33,Southern District,LAA #1 at Soledad Flow,284.4
2026-08-18 10:58:33,Southern District,LAA #2 at Soledad Flow,190.8
2026-08-18 11:13:33,Mono Basin,Lee Vining Intake Above Flow,55.5
2026-08-18 11:13:33,Mono Basin,Lee Vining Intake Below Flow,30.2
2026-08-18 11:13:33,Mono Basin,Mono Lk. Elevation,6382.2
2026-08-18 11:13:33,Mono Basin,Walker Ck. Above Conduit Flow,6.0
2026-08-18 11:13:33,Mono Basin,L.V. Conduit Below Intake Flow,25.1
2026-08-18 11:13:33,Mono Basin,Walker Ck. Under Conduit Flow,6.0
2026-08-18 11:13:33,Mono Basin,Parker Ck. Under Conduit Flow,18.0
2026-08-18 11:13:33,Mono Basin,Parker Ck. Above Conduit Flow,20.0
2026-08-18 11:13:33,Mono Basin,Grant Lk. Spill Flow,0.0
2026-08-18 11:13:33,Mono Basin,Mono Gate 1 Return Ditch Flow,26.6
2026-08-18 11:13:33,Mono Basin,Grant Lk. Elevation,7129.7
2026-08-18 11:13:33,Mono Basin,Grant Lk. Outflow,40.4
2026-08-18 11:13:33,Mono Basin,Rush Ck. at Damsite Flow,12.8
2026-08-18 11:13:33,Mono Basin,Flow to West Portal,15.2
2026-08-18 11:13:33,Long Valley,East Portal Flow,27.0
2026-08-18 11:13:33,Long Valley,OR Below EP Flow,70.0
2026-08-18 11:13:33,Long Valley,Hot Ck.at Hwy. Flow,7.0
2026-08-18 11:13:33,Long Valley,McGee Ck. Lower Sta. Flow,8.4
2026-08-18 11:13:33,Long Valley,Long Valley Elevation,6772.2
2026-08-18 11:13:33,Long Valley,Long Valley Current Outflow,0.1
2026-08-18 11:13:33,Long Valley,Rock Ck. Div. Flow,0.0
2026-08-18 11:13:33,Long Valley,Upper Gorge Total Release,40.7
2026-08-18 11:13:33,Long Valley,Release at Middle Gorge,0.0
2026-08-18 11:13:33,Northern Owens Valley,Rock Ck. At Owens River (PV) Flow,28.3
2026-08-18 11:13:33,Northern Owens Valley,Pleasant Valley Elevation,4388.2
2026-08-18 11:13:33,Northern Owens Valley,Pleasant Valley Outflow,501.7
2026-08-18 11:13:33,Northern Owens Valley,Baker Ck. At LA Station Flow,7.0
2026-08-18 11:13:33,Northern Owens Valley,Big Pine Ck. USGS Flow,39.7
2026-08-18 11:13:33,Northern Owens Valley,O.R. Below Big Pine,501.4
2026-08-18 11:13:33,Northern Owens Valley,Fish Springs At RR Flow,34.4
2026-08-18 11:13:33,Northern Owens Valley,Tinemaha Reservoir Outflow,507.0
2026-08-18 11:13:33,Northern Owens Valley,Bishop Creek Through Plant 6,96.7
2026-08-18 11:13:33,Northern Owens Valley,Bishop Creek Around Plant 6,7.0
2026-08-18 11:13:33,Southern Owens Valley,Tinemaha Reservoir Outflow,507.0
2026-08-18 11:13:33,Southern Owens Valley,Indep. Ck. At Junction Flow,6.5
2026-08-18 11:13:33,Southern Owens Valley,LAA at Alabama Flow,408.0
2026-08-18 11:13:33,Southern Owens Valley,LAA at Alabama Level,7.9
2026-08-18 11:13:33,Southern Owens Valley,LAA at Alabama Water Temp,71.1
2026-08-18 11:13:33,Southern Owens Valley,Cottonwood Ck. At LAA Flow,0.0
2026-08-18 11:13:33,Southern Owens Valley,LAA at Cottonwood Flow,475.0
2026-08-18 11:13:33,Southern Owens Valley,LAA at Cottonwood Level,9.1
2026-08-18 11:13:33,Southern Owens Valley,LAA at Cotton. Water Temp,72.0
2026-08-18 11:13:33,Southern Owens Valley,N. Haiwee Elevation,3757.0
2026-08-18 11:13:33,Southern Owens Valley,S. Haiwee Reservoir Elevation,3724.9
2026-08-18 11:13:33,Southern Owens Valley,Haiwee LAA #1 Current Flow,0.0
2026-08-18 11:13:33,Southern Owens Valley,Haiwee LAA #2 Current Flow,100.0
2026-08-18 11:13:33,Southern Owens Valley,Reinhackel Flow,2.9
2026-08-18 11:13:33,Southern Owens Valley,Lubkin Spillgate Outflow,0.0
2026-08-18 11:13:33,Southern Owens Valley,Cartago Spillgate Outflow,0.0
2026-08-18 11:13:33,Southern Owens Valley,Lone Pine Creek Flow,9.4
2026-08-18 11:13:33,Lower Owens River Project,LORP Intake Flow,83.0
2026-08-18 11:13:33,Lower Owens River Project,LORP at Mazourka Canyon Road,0.0
2026-08-18 11:13:33,Lower Owens River Project,LORP at Reinhackle Springs,74.0
2026-08-18 11:13:33,Lower Owens River Project,LORP Above Pumpstation,51.0
2026-08-18 11:13:33,Lower Owens River Project,LORP At Pump Station Discharge Flow,48.0
2026-08-18 11:13:33,Southern District,Haiwee LAA #2 Current Flow,100.0
2026-08-18 11:13:33,Southern District,S. Haiwee Reservoir Elevation,3724.9
2026-08-18 11:13:33,Southern District,Haiwee LAA #1 Current Flow,0.0
2026-08-18 11:13:33,Southern District,Fairmont Reservoir Elevation,3022.9
2026-08-18 11:13:33,Southern District,LAA #1 Flow at Fairmont Reservoir,253.5
2026-08-18 11:13:33,Southern District,LAA #2 Flow at Fairmont Res.,131.9
2026-08-18 11:13:33,Southern District,Bouquet Reservoir Elevation,2981.7
2026-08-18 11:13:33,Southern District,Bouquet Reservoir Inflow,0.0
2026-08-18 11:13:33,Southern District,Bouquet Reservoir Outflow,150.4
2026-08-18 11:13:33,Southern District,LAA #1 at Soledad Flow,284.4
2026-08-18 11:13:33,Southern District,LAA #2 at Soledad Flow,190.8
2026-08-18 11:28:32,Mono Basin,Lee Vining Intake Above Flow,55.5
2026-08-18 11:28:32,Mono Basin,Lee Vining Intake Below Flow,30.2
2026-08-18 11:28:32,Mono Basin,Walker Ck. Above Conduit Flow,6.0
2026-08-18 11:28:32,Mono Basin,L.V. Conduit Below Intake Flow,25.1
2026-08-18 11:28:32,Mono Basin,Walker Ck. Under Conduit Flow,6.0
2026-08-18 11:28:32,Mono Basin,Parker Ck. Under Conduit Flow,18.0
2026-08-18 11:28:32,Mono Basin,Parker Ck. Above Conduit Flow,20.0
2026-08-18 11:28:32,Mono Basin,Grant Lk. Spill Flow,0.0
2026-08-18 11:28:32,Mono Basin,Mono Gate 1 Return Ditch Flow,26.6
2026-08-18 11:28:32,Mono Basin,Grant Lk. Outflow,40.3
2026-08-18 11:28:32,Mono Basin,Rush Ck. at Damsite Flow,12.8
2026-08-18 11:28:32,Mono Basin,Flow to West Portal,15.2
2026-08-18 11:28:32,Long Valley,East Portal Flow,27.0
2026-08-18 11:28:32,Long Valley,OR Below EP Flow,70.0
2026-08-18 11:28:32,Long Valley,Hot Ck.at Hwy. Flow,7.0
2026-08-18 11:28:32,Long Valley,McGee Ck. Lower Sta. Flow,8.4
2026-08-18 11:28:32,Long Valley,Long Valley Current Outflow,0.1
2026-08-18 11:28:32,Long Valley,Rock Ck. Div. Flow,0.0
2026-08-18 11:28:32,Long Valley,Upper Gorge Total Release,41.2
2026-08-18 11:28:32,Long Valley,Release at Middle Gorge,0.0
2026-08-18 11:28:32,Northern Owens Valley,Rock Ck. At Owens River (PV) Flow,28.3
2026-08-18 11:28:32,Northern Owens Valley,Pleasant Valley Outflow,501.1
2026-08-18 11:28:32,Northern Owens Valley,Baker Ck. At LA Station Flow,7.0
2026-08-18 11:28:32,Northern Owens Valley,Big Pine Ck. USGS Flow,39.7
2026-08-18 11:28:32,Northern Owens Valley,O.R. Below Big Pine,501.6
2026-08-18 11:28:32,Northern Owens Valley,Fish Springs At RR Flow,34.4
2026-08-18 11:28:32,Northern Owens Valley,Tinemaha Reservoir Outflow,507.0
2026-08-18 11:28:32,Northern Owens Valley,Bishop Creek Through Plant 6,96.2
2026-08-18 11:28:32,Northern Owens Valley,Bishop Creek Around Plant 6,7.0
2026-08-18 11:28:32,Southern Owens Valley,Tinemaha Reservoir Outflow,507.0
2026-08-18 11:28:32,Southern Owens Valley,Indep. Ck. At Junction Flow,6.5
2026-08-18 11:28:32,Southern Owens Valley,LAA at Alabama Flow,408.0
2026-08-18 11:28:32,Southern Owens Valley,Cottonwood Ck. At LAA Flow,0.0
2026-08-18 11:28:32,Southern Owens Valley,LAA at Cottonwood Flow,475.0
2026-08-18 11:28:32,Southern Owens Valley,Haiwee LAA #1 Current Flow,0.0
2026-08-18 11:28:32,Southern Owens Valley,Haiwee LAA #2 Current Flow,100.0
2026-08-18 11:28:32,Southern Owens Valley,Reinhackel Flow,2.9
2026-08-18 11:28:32,Southern Owens Valley,Lubkin Spillgate Outflow,0.0
2026-08-18 11:28:32,Southern Owens Valley,Cartago Spillgate Outflow,0.0
2026-08-18 11:28:32,Southern Owens Valley,Lone Pine Creek Flow,9.4
2026-08-18 11:28:32,Lower Owens River Project,LORP Intake Flow,83.0
2026-08-18 11:28:32,Lower Owens River Project,LORP at Mazourka Canyon Road,0.0
2026-08-18 11:28:32,Lower Owens River Project,LORP at Reinhackle Springs,74.0
2026-08-18 11:28:32,Lower Owens River Project,LORP Above Pumpstation,51.0
2026-08-18 11:28:32,Lower Owens River Project,LORP At Pump Station Discharge Flow,48.0
2026-08-18 11:28:32,Southern District,Haiwee LAA #2 Current Flow,100.0
2026-08-18 11:28:32,Southern District,Haiwee LAA #1 Current Flow,0.0
2026-08-18 11:28:32,Southern District,LAA #1 Flow at Fairmont Reservoir,252.2
2026-08-18 11:28:32,Southern District,LAA #2 Flow at Fairmont Res.,132.3
2026-08-18 11:28:32,Southern District,Bouquet Reservoir Inflow,0.0
2026-08-18 11:28:32,Southern District,Bouquet Reservoir Outflow,150.2
2026-08-18 11:28:32,Southern District,LAA #1 at Soledad Flow,284.4
2026-08-18 11:28:32,Southern District,LAA #2 at Soledad Flow,190.8
2026-08-18 11:28:33,Mono Basin,Mono Lk. Elevation,6382.2
2026-08-18 11:28:33,Mono Basin,Grant Lk. Elevation,7129.6
2026-08-18 11:28:33,Long Valley,Long Valley Elevation,6772.2
2026-08-18 11:28:33,Northern Owens Valley,Pleasant Valley Elevation,4388.1
2026-08-18 11:28:33,Northern Owens Valley,Tinemaha Elevation,3861.9
2026-08-18 11:28:33,Southern Owens Valley,Tinemaha Elevation,3861.9
2026-08-18 11:28:33,Southern Owens Valley,LAA at Alabama Level,7.9
2026-08-18 11:28:33,Southern Owens Valley,LAA at Alabama Water Temp,71.1
2026-08-18 11:28:33,Southern Owens Valley,LAA at Cottonwood Level,9.1
2026-08-18 11:28:33,Southern Owens Valley,LAA at Cotton. Water Temp,72.0
2026-08-18 11:28:33,Southern Owens Valley,N. Haiwee Elevation,3757.0
2026-08-18 11:28:33,Southern Owens Valley,S. Haiwee Reservoir Elevation,3724.9
2026-08-18 11:28:33,Southern District,S. Haiwee Reservoir Elevation,3724.9
2026-08-18 11:28:33,Southern District,Fairmont Reservoir Elevation,3022.9
2026-08-18 11:28:33,Southern District,Bouquet Reservoir Elevation,2981.6
2026-08-18 11:43:33,Mono Basin,Lee Vining Intake Above Flow,56.0
2026-08-18 11:43:33,Mono Basin,Lee Vining Intake Below Flow,30.1
2026-08-18 11:43:33,Mono Basin,Walker Ck. Above Conduit Flow,6.0
2026-08-18 11:43:33,Mono Basin,L.V. Conduit Below Intake Flow,25.0
2026-08-18 11:43:33,Mono Basin,Walker Ck. Under Conduit Flow,6.0
2026-08-18 11:43:33,Mono Basin,Parker Ck. Under Conduit Flow,18.0
2026-08-18 11:43:33,Mono Basin,Parker Ck. Above Conduit Flow,20.0
2026-08-18 11:43:33,Mono Basin,Grant Lk. Outflow,40.3
2026-08-18 11:43:33,Mono Basin,Rush Ck. at Damsite Flow,12.8
2026-08-18 11:43:33,Long Valley,Hot Ck.at Hwy. Flow,7.0
2026-08-18 11:43:33,Long Valley,McGee Ck. Lower Sta. Flow,8.4
2026-08-18 11:43:33,Long Valley,Long Valley Current Outflow,0.1
2026-08-18 11:43:33,Long Valley,Rock Ck. Div. Flow,0.0
2026-08-18 11:43:33,Long Valley,Upper Gorge Total Release,41.3
2026-08-18 11:43:33,Long Valley,Release at Middle Gorge,0.0
2026-08-18 11:43:33,Northern Owens Valley,Rock Ck. At Owens River (PV) Flow,28.3
2026-08-18 11:43:33,Northern Owens Valley,Pleasant Valley Outflow,500.8
2026-08-18 11:43:33,Northern Owens Valley,Baker Ck. At LA Station Flow,7.0
2026-08-18 11:43:33,Northern Owens Valley,Big Pine Ck. USGS Flow,39.7
2026-08-18 11:43:33,Northern Owens Valley,O.R. Below Big Pine,501.3
2026-08-18 11:43:33,Northern Owens Valley,Fish Springs At RR Flow,34.4
2026-08-18 11:43:33,Northern Owens Valley,Tinemaha Reservoir Outflow,507.0
2026-08-18 11:43:33,Northern Owens Valley,Bishop Creek Through Plant 6,99.6
2026-08-18 11:43:33,Northern Owens Valley,Bishop Creek Around Plant 6,6.9
2026-08-18 11:43:33,Southern Owens Valley,Tinemaha Reservoir Outflow,507.0
2026-08-18 11:43:33,Southern Owens Valley,Indep. Ck. At Junction Flow,6.5
2026-08-18 11:43:33,Southern Owens Valley,LAA at Alabama Flow,408.0
2026-08-18 11:43:33,Southern Owens Valley,Cottonwood Ck. At LAA Flow,0.0
2026-08-18 11:43:33,Southern Owens Valley,LAA at Cottonwood Flow,475.0
2026-08-18 11:43:33,Southern Owens Valley,Haiwee LAA #1 Current Flow,0.0
2026-08-18 11:43:33,Southern Owens Valley,Haiwee LAA #2 Current Flow,100.0
2026-08-18 11:43:33,Southern Owens Valley,Reinhackel Flow,2.9
2026-08-18 11:43:33,Southern Owens Valley,Lubkin Spillgate Outflow,0.0
2026-08-18 11:43:33,Southern Owens Valley,Cartago Spillgate Outflow,0.0
2026-08-18 11:43:33,Southern Owens Valley,Lone Pine Creek Flow,9.4
2026-08-18 11:43:33,Lower Owens River Project,LORP Intake Flow,83.0
2026-08-18 11:43:33,Lower Owens River Project,LORP at Mazourka Canyon Road,0.0
2026-08-18 11:43:33,Lower Owens River Project,LORP at Reinhackle Springs,74.0
2026-08-18 11:43:33,Lower Owens River Project,LORP Above Pumpstation,51.0
2026-08-18 11:43:33,Lower Owens River Project,LORP At Pump Station Discharge Flow,48.0
2026-08-18 11:43:33,Southern District,Haiwee LAA #2 Current Flow,100.0
2026-08-18 11:43:33,Southern District,Haiwee LAA #1 Current Flow,0.0
2026-08-18 11:43:34,Mono Basin,Mono Lk. Elevation,6382.2
2026-08-18 11:43:34,Mono Basin,Grant Lk. Spill Flow,0.0
2026-08-18 11:43:34,Mono Basin,Mono Gate 1 Return Ditch Flow,26.6
2026-08-18 11:43:34,Mono Basin,Grant Lk. Elevation,7129.6
2026-08-18 11:43:34,Mono Basin,Flow to West Portal,15.2
2026-08-18 11:43:34,Long Valley,East Portal Flow,27.0
2026-08-18 11:43:34,Long Valley,OR Below EP Flow,70.0
2026-08-18 11:43:34,Long Valley,Long Valley Elevation,6772.2
2026-08-18 11:43:34,Northern Owens Valley,Pleasant Valley Elevation,4388.0
2026-08-18 11:43:34,Southern Owens Valley,LAA at Alabama Level,7.9
2026-08-18 11:43:34,Southern Owens Valley,LAA at Alabama Water Temp,71.1
2026-08-18 11:43:34,Southern Owens Valley,LAA at Cottonwood Level,9.1
2026-08-18 11:43:34,Southern Owens Valley,LAA at Cotton. Water Temp,72.3
2026-08-18 11:43:34,Southern Owens Valley,N. Haiwee Elevation,3757.0
2026-08-18 11:43:34,Southern Owens Valley,S. Haiwee Reservoir Elevation,3724.9
2026-08-18 11:43:34,Southern District,S. Haiwee Reservoir Elevation,3724.9
2026-08-18 11:43:34,Southern District,Fairmont Reservoir Elevation,3022.9
2026-08-18 11:43:34,Southern District,LAA #1 Flow at Fairmont Reservoir,253.4
2026-08-18 11:43:34,Southern District,LAA #2 Flow at Fairmont Res.,132.3
2026-08-18 11:43:34,Southern District,Bouquet Reservoir Elevation,2981.6
2026-08-18 11:43:34,Southern District,Bouquet Reservoir Inflow,0.0
2026-08-18 11:43:34,Southern District,Bouquet Reservoir Outflow,156.7
2026-08-18 11:43:34,Southern District,LAA #1 at Soledad Flow,284.4
2026-08-18 11:43:34,Southern District,LAA #2 at Soledad Flow,190.8
2026-08-18 11:58:32,Mono Basin,Lee Vining Intake Above Flow,56.0
2026-08-18 11:58:32,Mono Basin,Lee Vining Intake Below Flow,30.1
2026-08-18 11:58:32,Mono Basin,Walker Ck. Above Conduit Flow,6.0
2026-08-18 11:58:32,Mono Basin,L.V. Conduit Below Intake Flow,25.0
2026-08-18 11:58:32,Mono Basin,Walker Ck. Under Conduit Flow,6.0
2026-08-18 11:58:32,Mono Basin,Parker Ck. Under Conduit Flow,18.0
2026-08-18 11:58:32,Mono Basin,Parker Ck. Above Conduit Flow,20.0
2026-08-18 11:58:32,Mono Basin,Grant Lk. Spill Flow,0.0
2026-08-18 11:58:32,Mono Basin,Mono Gate 1 Return Ditch Flow,26.6
2026-08-18 11:58:32,Mono Basin,Grant Lk. Outflow,40.3
2026-08-18 11:58:32,Mono Basin,Rush Ck. at Damsite Flow,12.8
2026-08-18 11:58:32,Mono Basin,Flow to West Portal,15.2
2026-08-18 11:58:32,Long Valley,East Portal Flow,27.0
2026-08-18 11:58:32,Long Valley,OR Below EP Flow,70.0
2026-08-18 11:58:32,Long Valley,Hot Ck.at Hwy. Flow,7.0
2026-08-18 11:58:32,Long Valley,McGee Ck. Lower Sta. Flow,8.4
2026-08-18 11:58:32,Long Valley,Long Valley Current Outflow,0.1
2026-08-18 11:58:32,Long Valley,Rock Ck. Div. Flow,0.0
2026-08-18 11:58:32,Long Valley,Upper Gorge Total Release,40.9
2026-08-18 11:58:32,Long Valley,Release at Middle Gorge,0.0
2026-08-18 11:58:32,Northern Owens Valley,Rock Ck. At Owens River (PV) Flow,28.3
2026-08-18 11:58:32,Northern Owens Valley,Pleasant Valley Outflow,500.2
2026-08-18 11:58:32,Northern Owens Valley,Baker Ck. At LA Station Flow,7.0
2026-08-18 11:58:32,Northern Owens Valley,Big Pine Ck. USGS Flow,39.7
2026-08-18 11:58:32,Northern Owens Valley,O.R. Below Big Pine,502.2
2026-08-18 11:58:32,Northern Owens Valley,Fish Springs At RR Flow,34.4
2026-08-18 11:58:32,Northern Owens Valley,Tinemaha Reservoir Outflow,507.0
2026-08-18 11:58:32,Northern Owens Valley,Bishop Creek Through Plant 6,99.6
2026-08-18 11:58:32,Northern Owens Valley,Bishop Creek Around Plant 6,6.9
2026-08-18 11:58:32,Southern Owens Valley,Tinemaha Reservoir Outflow,507.0
2026-08-18 11:58:32,Southern Owens Valley,Indep. Ck. At Junction Flow,6.5
2026-08-18 11:58:32,Southern Owens Valley,LAA at Alabama Flow,408.0
2026-08-18 11:58:32,Southern Owens Valley,Cottonwood Ck. At LAA Flow,0.0
2026-08-18 11:58:32,Southern Owens Valley,LAA at Cottonwood Flow,475.0
2026-08-18 11:58:32,Southern Owens Valley,Haiwee LAA #1 Current Flow,0.0
2026-08-18 11:58:32,Southern Owens Valley,Haiwee LAA #2 Current Flow,100.0
2026-08-18 11:58:32,Southern Owens Valley,Reinhackel Flow,2.9
2026-08-18 11:58:32,Southern Owens Valley,Lubkin Spillgate Outflow,0.0
2026-08-18 11:58:32,Southern Owens Valley,Cartago Spillgate Outflow,0.0
2026-08-18 11:58:32,Southern Owens Valley,Lone Pine Creek Flow,9.4
2026-08-18 11:58:32,Lower Owens River Project,LORP Intake Flow,83.0
2026-08-18 11:58:32,Lower Owens River Project,LORP at Mazourka Canyon Road,0.0
2026-08-18 11:58:32,Lower Owens River Project,LORP at Reinhackle Springs,74.0
2026-08-18 11:58:32,Lower Owens River Project,LORP Above Pumpstation,51.0
2026-08-18 11:58:32,Lower Owens River Project,LORP At Pump Station Discharge Flow,48.0
2026-08-18 11:58:32,Southern District,Haiwee LAA #2 Current Flow,100.0
2026-08-18 11:58:32,Southern District,Haiwee LAA #1 Current Flow,0.0
2026-08-18 11:58:32,Southern District,LAA #1 Flow at Fairmont Reservoir,253.9
2026-08-18 11:58:32,Southern District,LAA #2 Flow at Fairmont Res.,132.3
2026-08-18 11:58:32,Southern District,Bouquet Reservoir Inflow,0.0
2026-08-18 11:58:32,Southern District,Bouquet Reservoir Outflow,156.7
2026-08-18 11:58:32,Southern District,LAA #1 at Soledad Flow,284.4
2026-08-18 11:58:32,Southern District,LAA #2 at Soledad Flow,190.8
2026-08-18 11:58:33,Mono Basin,Mono Lk. Elevation,6382.2
2026-08-18 11:58:33,Mono Basin,Grant Lk. Elevation,7129.6
2026-08-18 11:58:33,Long Valley,Long Valley Elevation,6772.2
2026-08-18 11:58:33,Northern Owens Valley,Pleasant Valley Elevation,4387.9
2026-08-18 11:58:33,Northern Owens Valley,Tinemaha Elevation,3861.9
2026-08-18 11:58:33,Southern Owens Valley,Tinemaha Elevation,3861.9
2026-08-18 11:58:33,Southern Owens Valley,LAA at Alabama Level,7.9
2026-08-18 11:58:33,Southern Owens Valley,LAA at Alabama Water Temp,71.6
2026-08-18 11:58:33,Southern Owens Valley,LAA at Cottonwood Level,9.1
2026-08-18 11:58:33,Southern Owens Valley,LAA at Cotton. Water Temp,72.3
2026-08-18 11:58:33,Southern Owens Valley,N. Haiwee Elevation,3757.0
2026-08-18 11:58:33,Southern Owens Valley,S. Haiwee Reservoir Elevation,3724.9
2026-08-18 11:58:33,Southern District,S. Haiwee Reservoir Elevation,3724.9
2026-08-18 11:58:33,Southern District,Fairmont Reservoir Elevation,3022.9
2026-08-18 11:58:33,Southern District,Bouquet Reservoir Elevation,2981.6
2026-08-18 12:13:32,Mono Basin,Lee Vining Intake Above Flow,55.7
2026-08-18 12:13:32,Mono Basin,Lee Vining Intake Below Flow,29.9
2026-08-18 12:13:32,Mono Basin,Walker Ck. Above Conduit Flow,6.0
2026-08-18 12:13:32,Mono Basin,L.V. Conduit Below Intake Flow,25.0
2026-08-18 12:13:32,Mono Basin,Walker Ck. Under Conduit Flow,6.0
2026-08-18 12:13:32,Mono Basin,Parker Ck. Under Conduit Flow,18.0
2026-08-18 12:13:32,Mono Basin,Parker Ck. Above Conduit Flow,19.0
2026-08-18 12:13:32,Mono Basin,Grant Lk. Spill Flow,0.0
2026-08-18 12:13:32,Mono Basin,Mono Gate 1 Return Ditch Flow,26.6
2026-08-18 12:13:32,Mono Basin,Grant Lk. Outflow,40.3
2026-08-18 12:13:32,Mono Basin,Rush Ck. at Damsite Flow,12.8
2026-08-18 12:13:32,Mono Basin,Flow to West Portal,15.1
2026-08-18 12:13:32,Long Valley,East Portal Flow,27.0
2026-08-18 12:13:32,Long Valley,OR Below EP Flow,70.0
2026-08-18 12:13:32,Long Valley,Hot Ck.at Hwy. Flow,7.0
2026-08-18 12:13:32,Long Valley,McGee Ck. Lower Sta. Flow,8.2
2026-08-18 12:13:32,Long Valley,Long Valley Current Outflow,0.1
2026-08-18 12:13:32,Long Valley,Rock Ck. Div. Flow,0.0
2026-08-18 12:13:32,Long Valley,Upper Gorge Total Release,40.6
2026-08-18 12:13:32,Long Valley,Release at Middle Gorge,0.0
2026-08-18 12:13:32,Northern Owens Valley,Rock Ck. At Owens River (PV) Flow,28.3
2026-08-18 12:13:32,Northern Owens Valley,Pleasant Valley Outflow,500.4
2026-08-18 12:13:32,Northern Owens Valley,Baker Ck. At LA Station Flow,6.9
2026-08-18 12:13:32,Northern Owens Valley,Big Pine Ck. USGS Flow,39.7
2026-08-18 12:13:32,Northern Owens Valley,O.R. Below Big Pine,502.3
2026-08-18 12:13:32,Northern Owens Valley,Fish Springs At RR Flow,34.4
2026-08-18 12:13:32,Northern Owens Valley,Tinemaha Reservoir Outflow,507.0
2026-08-18 12:13:32,Northern Owens Valley,Bishop Creek Through Plant 6,99.6
2026-08-18 12:13:32,Northern Owens Valley,Bishop Creek Around Plant 6,6.9
2026-08-18 12:13:32,Southern Owens Valley,Tinemaha Reservoir Outflow,507.0
2026-08-18 12:13:32,Southern Owens Valley,Indep. Ck. At Junction Flow,6.5
2026-08-18 12:13:32,Southern Owens Valley,LAA at Alabama Flow,408.0
2026-08-18 12:13:32,Southern Owens Valley,Cottonwood Ck. At LAA Flow,0.0
2026-08-18 12:13:32,Southern Owens Valley,LAA at Cottonwood Flow,475.0
2026-08-18 12:13:32,Southern Owens Valley,Haiwee LAA #1 Current Flow,0.0
2026-08-18 12:13:32,Southern Owens Valley,Haiwee LAA #2 Current Flow,100.0
2026-08-18 12:13:32,Southern Owens Valley,Reinhackel Flow,2.9
2026-08-18 12:13:32,Southern Owens Valley,Lubkin Spillgate Outflow,0.0
2026-08-18 12:13:32,Southern Owens Valley,Cartago Spillgate Outflow,0.0
2026-08-18 12:13:32,Southern Owens Valley,Lone Pine Creek Flow,9.3
2026-08-18 12:13:32,Lower Owens River Project,LORP Intake Flow,83.0
2026-08-18 12:13:32,Lower Owens River Project,LORP at Mazourka Canyon Road,0.0
2026-08-18 12:13:32,Lower Owens River Project,LORP at Reinhackle Springs,74.0
2026-08-18 12:13:32,Lower Owens River Project,LORP Above Pumpstation,52.0
2026-08-18 12:13:32,Lower Owens River Project,LORP At Pump Station Discharge Flow,49.0
2026-08-18 12:13:32,Southern District,Haiwee LAA #2 Current Flow,100.0
2026-08-18 12:13:32,Southern District,Haiwee LAA #1 Current Flow,0.0
2026-08-18 12:13:32,Southern District,LAA #1 Flow at Fairmont Reservoir,252.8
2026-08-18 12:13:32,Southern District,LAA #2 Flow at Fairmont Res.,132.1
2026-08-18 12:13:32,Southern District,Bouquet Reservoir Inflow,0.0
2026-08-18 12:13:32,Southern District,Bouquet Reservoir Outflow,153.4
2026-08-18 12:13:32,Southern District,LAA #1 at Soledad Flow,284.4
2026-08-18 12:13:32,Southern District,LAA #2 at Soledad Flow,190.8
2026-08-18 12:13:33,Mono Basin,Mono Lk. Elevation,6382.2
2026-08-18 12:13:33,Mono Basin,Grant Lk. Elevation,7129.6
2026-08-18 12:13:33,Long Valley,Long Valley Elevation,6772.2
2026-08-18 12:13:33,Northern Owens Valley,Pleasant Valley Elevation,4387.8
2026-08-18 12:13:33,Southern Owens Valley,LAA at Alabama Level,7.9
2026-08-18 12:13:33,Southern Owens Valley,LAA at Alabama Water Temp,71.8
2026-08-18 12:13:33,Southern Owens Valley,LAA at Cottonwood Level,9.1
2026-08-18 12:13:33,Southern Owens Valley,LAA at Cotton. Water Temp,72.7
2026-08-18 12:13:33,Southern Owens Valley,N. Haiwee Elevation,3757.0
2026-08-18 12:13:33,Southern Owens Valley,S. Haiwee Reservoir Elevation,3724.9
2026-08-18 12:13:33,Southern District,S. Haiwee Reservoir Elevation,3724.9
2026-08-18 12:13:33,Southern District,Fairmont Reservoir Elevation,3022.9
2026-08-18 12:13:33,Southern District,Bouquet Reservoir Elevation,2981.6
2026-08-18 12:28:32,Mono Basin,Lee Vining Intake Above Flow,55.7
2026-08-18 12:28:32,Mono Basin,Lee Vining Intake Below Flow,29.9
2026-08-18 12:28:32,Mono Basin,Walker Ck. Above Conduit Flow,6.0
2026-08-18 12:28:32,Mono Basin,L.V. Conduit Below Intake Flow,25.0
2026-08-18 12:28:32,Mono Basin,Walker Ck. Under Conduit Flow,6.0
2026-08-18 12:28:32,Mono Basin,Parker Ck. Under Conduit Flow,18.0
2026-08-18 12:28:32,Mono Basin,Parker Ck. Above Conduit Flow,19.0
2026-08-18 12:28:32,Mono Basin,Grant Lk. Spill Flow,0.0
2026-08-18 12:28:32,Mono Basin,Mono Gate 1 Return Ditch Flow,26.5
2026-08-18 12:28:32,Mono Basin,Grant Lk. Outflow,40.0
2026-08-18 12:28:32,Mono Basin,Rush Ck. at Damsite Flow,12.8
2026-08-18 12:28:32,Mono Basin,Flow to West Portal,15.1
2026-08-18 12:28:32,Long Valley,East Portal Flow,27.0
2026-08-18 12:28:32,Long Valley,OR Below EP Flow,70.0
2026-08-18 12:28:32,Long Valley,Hot Ck.at Hwy. Flow,7.0
2026-08-18 12:28:32,Long Valley,McGee Ck. Lower Sta. Flow,8.2
2026-08-18 12:28:32,Long Valley,Long Valley Current Outflow,0.1
2026-08-18 12:28:32,Long Valley,Rock Ck. Div. Flow,0.0
2026-08-18 12:28:32,Long Valley,Upper Gorge Total Release,41.2
2026-08-18 12:28:32,Long Valley,Release at Middle Gorge,0.0
2026-08-18 12:28:32,Northern Owens Valley,Rock Ck. At Owens River (PV) Flow,28.3
2026-08-18 12:28:32,Northern Owens Valley,Pleasant Valley Outflow,500.2
2026-08-18 12:28:32,Northern Owens Valley,Baker Ck. At LA Station Flow,6.9
2026-08-18 12:28:32,Northern Owens Valley,Big Pine Ck. USGS Flow,37.9
2026-08-18 12:28:32,Northern Owens Valley,O.R. Below Big Pine,503.5
2026-08-18 12:28:32,Northern Owens Valley,Fish Springs At RR Flow,36.0
2026-08-18 12:28:32,Northern Owens Valley,Tinemaha Reservoir Outflow,507.8
2026-08-18 12:28:32,Northern Owens Valley,Bishop Creek Through Plant 6,99.6
2026-08-18 12:28:32,Northern Owens Valley,Bishop Creek Around Plant 6,6.9
2026-08-18 12:28:32,Southern Owens Valley,Tinemaha Reservoir Outflow,507.8
2026-08-18 12:28:32,Southern Owens Valley,Indep. Ck. At Junction Flow,6.5
2026-08-18 12:28:32,Southern Owens Valley,LAA at Alabama Flow,407.0
2026-08-18 12:28:32,Southern Owens Valley,Cottonwood Ck. At LAA Flow,0.0
2026-08-18 12:28:32,Southern Owens Valley,LAA at Cottonwood Flow,475.0
2026-08-18 12:28:32,Southern Owens Valley,Haiwee LAA #1 Current Flow,0.0
2026-08-18 12:28:32,Southern Owens Valley,Haiwee LAA #2 Current Flow,100.0
2026-08-18 12:28:32,Southern Owens Valley,Reinhackel Flow,2.9
2026-08-18 12:28:32,Southern Owens Valley,Lubkin Spillgate Outflow,0.0
2026-08-18 12:28:32,Southern Owens Valley,Cartago Spillgate Outflow,0.0
2026-08-18 12:28:32,Southern Owens Valley,Lone Pine Creek Flow,9.3
2026-08-18 12:28:32,Lower Owens River Project,LORP Intake Flow,83.0
2026-08-18 12:28:32,Lower Owens River Project,LORP at Mazourka Canyon Road,0.0
2026-08-18 12:28:32,Lower Owens River Project,LORP at Reinhackle Springs,77.0
2026-08-18 12:28:32,Lower Owens River Project,LORP Above Pumpstation,51.0
2026-08-18 12:28:32,Lower Owens River Project,LORP At Pump Station Discharge Flow,48.0
2026-08-18 12:28:32,Southern District,Haiwee LAA #2 Current Flow,100.0
2026-08-18 12:28:32,Southern District,Haiwee LAA #1 Current Flow,0.0
2026-08-18 12:28:32,Southern District,LAA #1 Flow at Fairmont Reservoir,253.5
2026-08-18 12:28:32,Southern District,LAA #2 Flow at Fairmont Res.,132.3
2026-08-18 12:28:32,Southern District,Bouquet Reservoir Inflow,0.0
2026-08-18 12:28:32,Southern District,Bouquet Reservoir Outflow,155.5
2026-08-18 12:28:32,Southern District,LAA #1 at Soledad Flow,284.4
2026-08-18 12:28:32,Southern District,LAA #2 at Soledad Flow,190.8
2026-08-18 12:28:33,Northern Owens Valley,Tinemaha Elevation,3861.9
2026-08-18 12:28:33,Southern Owens Valley,Tinemaha Elevation,3861.9
2026-08-18 12:28:33,Mono Basin,Mono Lk. Elevation,6382.2
2026-08-18 12:28:33,Mono Basin,Grant Lk. Elevation,7129.7
2026-08-18 12:28:33,Long Valley,Long Valley Elevation,6772.2
2026-08-18 12:28:33,Northern Owens Valley,Pleasant Valley Elevation,4387.7
2026-08-18 12:28:33,Southern Owens Valley,LAA at Alabama Level,7.9
2026-08-18 12:28:33,Southern Owens Valley,LAA at Alabama Water Temp,71.8
2026-08-18 12:28:33,Southern Owens Valley,LAA at Cottonwood Level,9.1
2026-08-18 12:28:33,Southern Owens Valley,LAA at Cotton. Water Temp,72.7
2026-08-18 12:28:33,Southern Owens Valley,N. Haiwee Elevation,3757.0
2026-08-18 12:28:33,Southern Owens Valley,S. Haiwee Reservoir Elevation,3724.9
2026-08-18 12:28:33,Southern District,S. Haiwee Reservoir Elevation,3724.9
2026-08-18 12:28:33,Southern District,Fairmont Reservoir Elevation,3022.9
2026-08-18 12:28:33,Southern District,Bouquet Reservoir Elevation,2981.6
2026-08-18 12:43:33,Mono Basin,Lee Vining Intake Above Flow,54.3
2026-08-18 12:43:33,Mono Basin,Lee Vining Intake Below Flow,29.7
2026-08-18 12:43:33,Mono Basin,Walker Ck. Above Conduit Flow,6.0
2026-08-18 12:43:33,Mono Basin,L.V. Conduit Below Intake Flow,24.7
2026-08-18 12:43:33,Mono Basin,Walker Ck. Under Conduit Flow,6.0
2026-08-18 12:43:33,Mono Basin,Parker Ck. Under Conduit Flow,18.0
2026-08-18 12:43:33,Mono Basin,Parker Ck. Above Conduit Flow,19.0
2026-08-18 12:43:33,Mono Basin,Grant Lk. Spill Flow,0.0
2026-08-18 12:43:33,Mono Basin,Mono Gate 1 Return Ditch Flow,26.5
2026-08-18 12:43:33,Mono Basin,Grant Lk. Outflow,40.1
2026-08-18 12:43:33,Mono Basin,Rush Ck. at Damsite Flow,12.8
2026-08-18 12:43:33,Mono Basin,Flow to West Portal,15.1
2026-08-18 12:43:33,Long Valley,East Portal Flow,27.0
2026-08-18 12:43:33,Long Valley,OR Below EP Flow,70.0
2026-08-18 12:43:33,Long Valley,Hot Ck.at Hwy. Flow,7.0
2026-08-18 12:43:33,Long Valley,McGee Ck. Lower Sta. Flow,8.2
2026-08-18 12:43:33,Long Valley,Long Valley Current Outflow,0.1
2026-08-18 12:43:33,Long Valley,Rock Ck. Div. Flow,0.0
2026-08-18 12:43:33,Long Valley,Upper Gorge Total Release,41.3
2026-08-18 12:43:33,Long Valley,Release at Middle Gorge,0.0
2026-08-18 12:43:33,Northern Owens Valley,Rock Ck. At Owens River (PV) Flow,28.3
2026-08-18 12:43:33,Northern Owens Valley,Pleasant Valley Outflow,499.9
2026-08-18 12:43:33,Northern Owens Valley,Baker Ck. At LA Station Flow,6.9
2026-08-18 12:43:33,Northern Owens Valley,Big Pine Ck. USGS Flow,37.9
2026-08-18 12:43:33,Northern Owens Valley,O.R. Below Big Pine,501.6
2026-08-18 12:43:33,Northern Owens Valley,Fish Springs At RR Flow,36.0
2026-08-18 12:43:33,Northern Owens Valley,Tinemaha Reservoir Outflow,507.8
2026-08-18 12:43:33,Northern Owens Valley,Bishop Creek Through Plant 6,99.9
2026-08-18 12:43:33,Northern Owens Valley,Bishop Creek Around Plant 6,6.8
2026-08-18 12:43:33,Southern Owens Valley,Tinemaha Reservoir Outflow,507.8
2026-08-18 12:43:33,Southern Owens Valley,Indep. Ck. At Junction Flow,5.8
2026-08-18 12:43:33,Southern Owens Valley,LAA at Alabama Flow,407.0
2026-08-18 12:43:33,Southern Owens Valley,Cottonwood Ck. At LAA Flow,0.0
2026-08-18 12:43:33,Southern Owens Valley,LAA at Cottonwood Flow,475.0
2026-08-18 12:43:33,Southern Owens Valley,Haiwee LAA #1 Current Flow,0.0
2026-08-18 12:43:33,Southern Owens Valley,Haiwee LAA #2 Current Flow,100.0
2026-08-18 12:43:33,Southern Owens Valley,Reinhackel Flow,2.9
2026-08-18 12:43:33,Southern Owens Valley,Lubkin Spillgate Outflow,0.0
2026-08-18 12:43:33,Southern Owens Valley,Cartago Spillgate Outflow,0.0
2026-08-18 12:43:33,Southern Owens Valley,Lone Pine Creek Flow,9.3
2026-08-18 12:43:33,Lower Owens River Project,LORP Intake Flow,83.0
2026-08-18 12:43:33,Lower Owens River Project,LORP at Mazourka Canyon Road,0.0
2026-08-18 12:43:33,Lower Owens River Project,LORP at Reinhackle Springs,77.0
2026-08-18 12:43:33,Lower Owens River Project,LORP Above Pumpstation,51.0
2026-08-18 12:43:33,Lower Owens River Project,LORP At Pump Station Discharge Flow,48.0
2026-08-18 12:43:33,Southern District,Haiwee LAA #2 Current Flow,100.0
2026-08-18 12:43:33,Southern District,Haiwee LAA #1 Current Flow,0.0
2026-08-18 12:43:33,Southern District,LAA #1 Flow at Fairmont Reservoir,253.3
2026-08-18 12:43:33,Southern District,LAA #2 Flow at Fairmont Res.,132.3
2026-08-18 12:43:33,Southern District,Bouquet Reservoir Inflow,0.0
2026-08-18 12:43:33,Southern District,Bouquet Reservoir Outflow,155.5
2026-08-18 12:43:33,Southern District,LAA #1 at Soledad Flow,284.4
2026-08-18 12:43:33,Southern District,LAA #2 at Soledad Flow,190.8
2026-08-18 12:43:34,Mono Basin,Mono Lk. Elevation,6382.2
2026-08-18 12:43:34,Mono Basin,Grant Lk. Elevation,7129.7
2026-08-18 12:43:34,Long Valley,Long Valley Elevation,6772.2
2026-08-18 12:43:34,Northern Owens Valley,Pleasant Valley Elevation,4387.7
2026-08-18 12:43:34,Southern Owens Valley,LAA at Alabama Level,7.9
2026-08-18 12:43:34,Southern Owens Valley,LAA at Alabama Water Temp,71.8
2026-08-18 12:43:34,Southern Owens Valley,LAA at Cottonwood Level,9.1
2026-08-18 12:43:34,Southern Owens Valley,LAA at Cotton. Water Temp,73.0
2026-08-18 12:43:34,Southern Owens Valley,N. Haiwee Elevation,3757.0
2026-08-18 12:43:34,Southern Owens Valley,S. Haiwee Reservoir Elevation,3724.9
2026-08-18 12:43:34,Southern District,S. Haiwee Reservoir Elevation,3724.9
2026-08-18 12:43:34,Southern District,Fairmont Reservoir Elevation,3022.9
2026-08-18 12:43:34,Southern District,Bouquet Reservoir Elevation,2981.6
2026-08-18 12:58:33,Mono Basin,Lee Vining Intake Above Flow,54.3
2026-08-18 12:58:33,Mono Basin,Lee Vining Intake Below Flow,29.7
2026-08-18 12:58:33,Mono Basin,Walker Ck. Above Conduit Flow,6.0
2026-08-18 12:58:33,Mono Basin,L.V. Conduit Below Intake Flow,24.7
2026-08-18 12:58:33,Mono Basin,Walker Ck. Under Conduit Flow,6.0
2026-08-18 12:58:33,Mono Basin,Parker Ck. Under Conduit Flow,18.0
2026-08-18 12:58:33,Mono Basin,Parker Ck. Above Conduit Flow,19.0
2026-08-18 12:58:33,Mono Basin,Grant Lk. Spill Flow,0.0
2026-08-18 12:58:33,Mono Basin,Mono Gate 1 Return Ditch Flow,26.5
2026-08-18 12:58:33,Mono Basin,Grant Lk. Outflow,40.1
2026-08-18 12:58:33,Mono Basin,Rush Ck. at Damsite Flow,12.8
2026-08-18 12:58:33,Mono Basin,Flow to West Portal,15.1
2026-08-18 12:58:33,Long Valley,East Portal Flow,27.0
2026-08-18 12:58:33,Long Valley,OR Below EP Flow,70.0
2026-08-18 12:58:33,Long Valley,Hot Ck.at Hwy. Flow,7.0
2026-08-18 12:58:33,Long Valley,McGee Ck. Lower Sta. Flow,8.2
2026-08-18 12:58:33,Long Valley,Long Valley Current Outflow,0.1
2026-08-18 12:58:33,Long Valley,Rock Ck. Div. Flow,0.0
2026-08-18 12:58:33,Long Valley,Upper Gorge Total Release,41.2
2026-08-18 12:58:33,Long Valley,Release at Middle Gorge,0.0
2026-08-18 12:58:33,Northern Owens Valley,Rock Ck. At Owens River (PV) Flow,28.3
2026-08-18 12:58:33,Northern Owens Valley,Pleasant Valley Outflow,499.3
2026-08-18 12:58:33,Northern Owens Valley,Baker Ck. At LA Station Flow,6.9
2026-08-18 12:58:33,Northern Owens Valley,Big Pine Ck. USGS Flow,37.9
2026-08-18 12:58:33,Northern Owens Valley,O.R. Below Big Pine,503.1
2026-08-18 12:58:33,Northern Owens Valley,Fish Springs At RR Flow,36.0
2026-08-18 12:58:33,Northern Owens Valley,Tinemaha Reservoir Outflow,507.8
2026-08-18 12:58:33,Northern Owens Valley,Bishop Creek Through Plant 6,99.9
2026-08-18 12:58:33,Northern Owens Valley,Bishop Creek Around Plant 6,6.8
2026-08-18 12:58:33,Southern Owens Valley,Tinemaha Reservoir Outflow,507.8
2026-08-18 12:58:33,Southern Owens Valley,Indep. Ck. At Junction Flow,5.8
2026-08-18 12:58:33,Southern Owens Valley,LAA at Alabama Flow,407.0
2026-08-18 12:58:33,Southern Owens Valley,Cottonwood Ck. At LAA Flow,0.0
2026-08-18 12:58:33,Southern Owens Valley,LAA at Cottonwood Flow,475.0
2026-08-18 12:58:33,Southern Owens Valley,Haiwee LAA #1 Current Flow,0.0
2026-08-18 12:58:33,Southern Owens Valley,Haiwee LAA #2 Current Flow,100.0
2026-08-18 12:58:33,Southern Owens Valley,Reinhackel Flow,2.9
2026-08-18 12:58:33,Southern Owens Valley,Lubkin Spillgate Outflow,0.0
2026-08-18 12:58:33,Southern Owens Valley,Cartago Spillgate Outflow,0.0
2026-08-18 12:58:33,Southern Owens Valley,Lone Pine Creek Flow,9.3
2026-08-18 12:58:33,Lower Owens River Project,LORP Intake Flow,83.0
2026-08-18 12:58:33,Lower Owens River Project,LORP at Mazourka Canyon Road,0.0
2026-08-18 12:58:33,Lower Owens River Project,LORP at Reinhackle Springs,77.0
2026-08-18 12:58:33,Lower Owens River Project,LORP Above Pumpstation,51.0
2026-08-18 12:58:33,Lower Owens River Project,LORP At Pump Station Discharge Flow,48.0
2026-08-18 12:58:33,Southern District,Haiwee LAA #2 Current Flow,100.0
2026-08-18 12:58:33,Southern District,Haiwee LAA #1 Current Flow,0.0
2026-08-18 12:58:33,Southern District,LAA #1 Flow at Fairmont Reservoir,253.1
2026-08-18 12:58:33,Southern District,LAA #2 Flow at Fairmont Res.,132.3
2026-08-18 12:58:33,Southern District,Bouquet Reservoir Inflow,0.0
2026-08-18 12:58:33,Southern District,Bouquet Reservoir Outflow,156.8
2026-08-18 12:58:33,Southern District,LAA #1 at Soledad Flow,284.4
2026-08-18 12:58:33,Southern District,LAA #2 at Soledad Flow,190.8
2026-08-18 12:58:34,Northern Owens Valley,Tinemaha Elevation,3861.9
2026-08-18 12:58:34,Southern Owens Valley,Tinemaha Elevation,3861.9
2026-08-18 12:58:34,Mono Basin,Mono Lk. Elevation,6382.2
2026-08-18 12:58:34,Mono Basin,Grant Lk. Elevation,7129.7
2026-08-18 12:58:34,Long Valley,Long Valley Elevation,6772.2
2026-08-18 12:58:34,Northern Owens Valley,Pleasant Valley Elevation,4387.6
2026-08-18 12:58:34,Southern Owens Valley,LAA at Alabama Level,7.9
2026-08-18 12:58:34,Southern Owens Valley,LAA at Alabama Water Temp,71.8
2026-08-18 12:58:34,Southern Owens Valley,LAA at Cottonwood Level,9.1
2026-08-18 12:58:34,Southern Owens Valley,LAA at Cotton. Water Temp,73.1
2026-08-18 12:58:34,Southern Owens Valley,N. Haiwee Elevation,3757.0
2026-08-18 12:58:34,Southern Owens Valley,S. Haiwee Reservoir Elevation,3724.9
2026-08-18 12:58:34,Southern District,S. Haiwee Reservoir Elevation,3724.9
2026-08-18 12:58:34,Southern District,Fairmont Reservoir Elevation,3022.9
2026-08-18 12:58:34,Southern District,Bouquet Reservoir Elevation,2981.6
2026-08-18 13:13:32,Mono Basin,Lee Vining Intake Above Flow,55.5
2026-08-18 13:13:32,Mono Basin,Lee Vining Intake Below Flow,29.6
2026-08-18 13:13:32,Mono Basin,Walker Ck. Above Conduit Flow,6.0
2026-08-18 13:13:32,Mono Basin,L.V. Conduit Below Intake Flow,24.9
2026-08-18 13:13:32,Mono Basin,Walker Ck. Under Conduit Flow,6.0
2026-08-18 13:13:32,Mono Basin,Parker Ck. Under Conduit Flow,18.0
2026-08-18 13:13:32,Mono Basin,Parker Ck. Above Conduit Flow,19.0
2026-08-18 13:13:32,Mono Basin,Grant Lk. Spill Flow,0.0
2026-08-18 13:13:32,Mono Basin,Mono Gate 1 Return Ditch Flow,26.5
2026-08-18 13:13:32,Mono Basin,Grant Lk. Outflow,40.1
2026-08-18 13:13:32,Mono Basin,Rush Ck. at Damsite Flow,12.8
2026-08-18 13:13:32,Mono Basin,Flow to West Portal,15.1
2026-08-18 13:13:32,Long Valley,East Portal Flow,27.0
2026-08-18 13:13:32,Long Valley,OR Below EP Flow,70.0
2026-08-18 13:13:32,Long Valley,Hot Ck.at Hwy. Flow,7.0
2026-08-18 13:13:32,Long Valley,McGee Ck. Lower Sta. Flow,8.2
2026-08-18 13:13:32,Long Valley,Long Valley Current Outflow,0.1
2026-08-18 13:13:32,Long Valley,Rock Ck. Div. Flow,0.0
2026-08-18 13:13:32,Long Valley,Upper Gorge Total Release,40.4
2026-08-18 13:13:32,Long Valley,Release at Middle Gorge,0.0
2026-08-18 13:13:32,Northern Owens Valley,Rock Ck. At Owens River (PV) Flow,28.2
2026-08-18 13:13:32,Northern Owens Valley,Pleasant Valley Outflow,499.0
2026-08-18 13:13:32,Northern Owens Valley,Baker Ck. At LA Station Flow,6.9
2026-08-18 13:13:32,Northern Owens Valley,Big Pine Ck. USGS Flow,37.9
2026-08-18 13:13:32,Northern Owens Valley,O.R. Below Big Pine,502.6
2026-08-18 13:13:32,Northern Owens Valley,Fish Springs At RR Flow,36.0
2026-08-18 13:13:32,Northern Owens Valley,Tinemaha Reservoir Outflow,507.8
2026-08-18 13:13:32,Northern Owens Valley,Bishop Creek Through Plant 6,99.1
2026-08-18 13:13:32,Northern Owens Valley,Bishop Creek Around Plant 6,6.8
2026-08-18 13:13:32,Southern Owens Valley,Tinemaha Reservoir Outflow,507.8
2026-08-18 13:13:32,Southern Owens Valley,Indep. Ck. At Junction Flow,5.8
2026-08-18 13:13:32,Southern Owens Valley,LAA at Alabama Flow,409.0
2026-08-18 13:13:32,Southern Owens Valley,Cottonwood Ck. At LAA Flow,0.0
2026-08-18 13:13:32,Southern Owens Valley,LAA at Cottonwood Flow,475.0
2026-08-18 13:13:32,Southern Owens Valley,Haiwee LAA #1 Current Flow,0.0
2026-08-18 13:13:32,Southern Owens Valley,Haiwee LAA #2 Current Flow,100.0
2026-08-18 13:13:32,Southern Owens Valley,Reinhackel Flow,2.9
2026-08-18 13:13:32,Southern Owens Valley,Lubkin Spillgate Outflow,0.0
2026-08-18 13:13:32,Southern Owens Valley,Cartago Spillgate Outflow,0.0
2026-08-18 13:13:32,Southern Owens Valley,Lone Pine Creek Flow,9.1
2026-08-18 13:13:32,Lower Owens River Project,LORP Intake Flow,83.0
2026-08-18 13:13:32,Lower Owens River Project,LORP at Mazourka Canyon Road,0.0
2026-08-18 13:13:32,Lower Owens River Project,LORP at Reinhackle Springs,77.0
2026-08-18 13:13:32,Lower Owens River Project,LORP Above Pumpstation,51.0
2026-08-18 13:13:32,Lower Owens River Project,LORP At Pump Station Discharge Flow,48.0
2026-08-18 13:13:32,Southern District,Haiwee LAA #2 Current Flow,100.0
2026-08-18 13:13:32,Southern District,Haiwee LAA #1 Current Flow,0.0
2026-08-18 13:13:32,Southern District,LAA #1 Flow at Fairmont Reservoir,253.4
2026-08-18 13:13:32,Southern District,LAA #2 Flow at Fairmont Res.,131.9
2026-08-18 13:13:32,Southern District,Bouquet Reservoir Inflow,0.0
2026-08-18 13:13:32,Southern District,Bouquet Reservoir Outflow,156.0
2026-08-18 13:13:32,Southern District,LAA #1 at Soledad Flow,284.4
2026-08-18 13:13:32,Southern District,LAA #2 at Soledad Flow,190.8
2026-08-18 13:13:33,Mono Basin,Mono Lk. Elevation,6382.2
2026-08-18 13:13:33,Mono Basin,Grant Lk. Elevation,7129.7
2026-08-18 13:13:33,Long Valley,Long Valley Elevation,6772.2
2026-08-18 13:13:33,Northern Owens Valley,Pleasant Valley Elevation,4387.5
2026-08-18 13:13:33,Southern Owens Valley,LAA at Alabama Level,7.9
2026-08-18 13:13:33,Southern Owens Valley,LAA at Alabama Water Temp,72.2
2026-08-18 13:13:33,Southern Owens Valley,LAA at Cottonwood Level,9.1
2026-08-18 13:13:33,Southern Owens Valley,LAA at Cotton. Water Temp,73.2
2026-08-18 13:13:33,Southern Owens Valley,N. Haiwee Elevation,3757.0
2026-08-18 13:13:33,Southern Owens Valley,S. Haiwee Reservoir Elevation,3724.9
2026-08-18 13:13:33,Southern District,S. Haiwee Reservoir Elevation,3724.9
2026-08-18 13:13:33,Southern District,Fairmont Reservoir Elevation,3022.9
2026-08-18 13:13:33,Southern District,Bouquet Reservoir Elevation,2981.6
2026-08-18 13:28:32,Northern Owens Valley,Tinemaha Elevation,3861.9
2026-08-18 13:28:32,Southern Owens Valley,Tinemaha Elevation,3861.9
2026-08-18 13:28:32,Mono Basin,Lee Vining Intake Above Flow,55.5
2026-08-18 13:28:32,Mono Basin,Lee Vining Intake Below Flow,29.6
2026-08-18 13:28:32,Mono Basin,Walker Ck. Above Conduit Flow,6.0
2026-08-18 13:28:32,Mono Basin,L.V. Conduit Below Intake Flow,24.9
2026-08-18 13:28:32,Mono Basin,Walker Ck. Under Conduit Flow,6.0
2026-08-18 13:28:32,Mono Basin,Parker Ck. Under Conduit Flow,18.0
2026-08-18 13:28:32,Mono Basin,Parker Ck. Above Conduit Flow,19.0
2026-08-18 13:28:32,Mono Basin,Grant Lk. Spill Flow,0.0
2026-08-18 13:28:32,Mono Basin,Mono Gate 1 Return Ditch Flow,26.4
2026-08-18 13:28:32,Mono Basin,Grant Lk. Outflow,40.4
2026-08-18 13:28:32,Mono Basin,Rush Ck. at Damsite Flow,12.8
2026-08-18 13:28:32,Mono Basin,Flow to West Portal,15.1
2026-08-18 13:28:32,Long Valley,East Portal Flow,27.0
2026-08-18 13:28:32,Long Valley,OR Below EP Flow,70.0
2026-08-18 13:28:32,Long Valley,Hot Ck.at Hwy. Flow,7.0
2026-08-18 13:28:32,Long Valley,McGee Ck. Lower Sta. Flow,8.2
2026-08-18 13:28:32,Long Valley,Long Valley Current Outflow,0.1
2026-08-18 13:28:32,Long Valley,Rock Ck. Div. Flow,0.0
2026-08-18 13:28:32,Long Valley,Upper Gorge Total Release,41.2
2026-08-18 13:28:32,Long Valley,Release at Middle Gorge,0.0
2026-08-18 13:28:32,Northern Owens Valley,Rock Ck. At Owens River (PV) Flow,28.0
2026-08-18 13:28:32,Northern Owens Valley,Pleasant Valley Elevation,4387.4
2026-08-18 13:28:32,Northern Owens Valley,Pleasant Valley Outflow,498.4
2026-08-18 13:28:32,Northern Owens Valley,Baker Ck. At LA Station Flow,6.9
2026-08-18 13:28:32,Northern Owens Valley,Big Pine Ck. USGS Flow,37.9
2026-08-18 13:28:32,Northern Owens Valley,O.R. Below Big Pine,502.7
2026-08-18 13:28:32,Northern Owens Valley,Fish Springs At RR Flow,36.0
2026-08-18 13:28:32,Northern Owens Valley,Tinemaha Reservoir Outflow,508.7
2026-08-18 13:28:32,Northern Owens Valley,Bishop Creek Through Plant 6,99.9
2026-08-18 13:28:32,Northern Owens Valley,Bishop Creek Around Plant 6,6.8
2026-08-18 13:28:32,Southern Owens Valley,Tinemaha Reservoir Outflow,508.7
2026-08-18 13:28:32,Southern Owens Valley,Indep. Ck. At Junction Flow,5.8
2026-08-18 13:28:32,Southern Owens Valley,LAA at Alabama Flow,409.0
2026-08-18 13:28:32,Southern Owens Valley,LAA at Alabama Level,7.9
2026-08-18 13:28:32,Southern Owens Valley,LAA at Alabama Water Temp,72.2
2026-08-18 13:28:32,Southern Owens Valley,Cottonwood Ck. At LAA Flow,0.0
2026-08-18 13:28:32,Southern Owens Valley,LAA at Cottonwood Flow,475.0
2026-08-18 13:28:32,Southern Owens Valley,LAA at Cottonwood Level,9.1
2026-08-18 13:28:32,Southern Owens Valley,LAA at Cotton. Water Temp,73.2
2026-08-18 13:28:32,Southern Owens Valley,N. Haiwee Elevation,3757.0
2026-08-18 13:28:32,Southern Owens Valley,S. Haiwee Reservoir Elevation,3724.9
2026-08-18 13:28:32,Southern Owens Valley,Haiwee LAA #1 Current Flow,0.0
2026-08-18 13:28:32,Southern Owens Valley,Haiwee LAA #2 Current Flow,100.0
2026-08-18 13:28:32,Southern Owens Valley,Reinhackel Flow,2.9
2026-08-18 13:28:32,Southern Owens Valley,Lubkin Spillgate Outflow,0.0
2026-08-18 13:28:32,Southern Owens Valley,Cartago Spillgate Outflow,0.0
2026-08-18 13:28:32,Southern Owens Valley,Lone Pine Creek Flow,9.1
2026-08-18 13:28:32,Lower Owens River Project,LORP Intake Flow,82.0
2026-08-18 13:28:32,Lower Owens River Project,LORP at Mazourka Canyon Road,0.0
2026-08-18 13:28:32,Lower Owens River Project,LORP at Reinhackle Springs,74.0
2026-08-18 13:28:32,Lower Owens River Project,LORP Above Pumpstation,51.0
2026-08-18 13:28:32,Lower Owens River Project,LORP At Pump Station Discharge Flow,48.0
2026-08-18 13:28:32,Southern District,Haiwee LAA #2 Current Flow,100.0
2026-08-18 13:28:32,Southern District,S. Haiwee Reservoir Elevation,3724.9
2026-08-18 13:28:32,Southern District,Haiwee LAA #1 Current Flow,0.0
2026-08-18 13:28:32,Southern District,LAA #1 Flow at Fairmont Reservoir,252.2
2026-08-18 13:28:32,Southern District,LAA #2 Flow at Fairmont Res.,132.3
2026-08-18 13:28:32,Southern District,Bouquet Reservoir Inflow,0.0
2026-08-18 13:28:32,Southern District,Bouquet Reservoir Outflow,155.4
2026-08-18 13:28:32,Southern District,LAA #1 at Soledad Flow,284.4
2026-08-18 13:28:32,Southern District,LAA #2 at Soledad Flow,190.8
2026-08-18 13:28:33,Mono Basin,Mono Lk. Elevation,6382.2
2026-08-18 13:28:33,Mono Basin,Grant Lk. Elevation,7129.7
2026-08-18 13:28:33,Long Valley,Long Valley Elevation,6772.2
2026-08-18 13:28:33,Southern District,Fairmont Reservoir Elevation,3022.9
2026-08-18 13:28:33,Southern District,Bouquet Reservoir Elevation,2981.6
2026-08-18 13:43:34,Mono Basin,Lee Vining Intake Above Flow,54.5
2026-08-18 13:43:34,Mono Basin,Lee Vining Intake Below Flow,29.7
2026-08-18 13:43:34,Mono Basin,Mono Lk. Elevation,6382.2
2026-08-18 13:43:34,Mono Basin,Walker Ck. Above Conduit Flow,6.0
2026-08-18 13:43:34,Mono Basin,L.V. Conduit Below Intake Flow,24.8
2026-08-18 13:43:34,Mono Basin,Walker Ck. Under Conduit Flow,6.0
2026-08-18 13:43:34,Mono Basin,Parker Ck. Under Conduit Flow,18.0
2026-08-18 13:43:34,Mono Basin,Parker Ck. Above Conduit Flow,19.0
2026-08-18 13:43:34,Mono Basin,Grant Lk. Spill Flow,0.0
2026-08-18 13:43:34,Mono Basin,Mono Gate 1 Return Ditch Flow,26.4
2026-08-18 13:43:34,Mono Basin,Grant Lk. Elevation,7129.7
2026-08-18 13:43:34,Mono Basin,Grant Lk. Outflow,40.4
2026-08-18 13:43:34,Mono Basin,Rush Ck. at Damsite Flow,12.8
2026-08-18 13:43:34,Mono Basin,Flow to West Portal,15.1
2026-08-18 13:43:34,Long Valley,East Portal Flow,27.0
2026-08-18 13:43:34,Long Valley,OR Below EP Flow,70.0
2026-08-18 13:43:34,Long Valley,Hot Ck.at Hwy. Flow,7.0
2026-08-18 13:43:34,Long Valley,McGee Ck. Lower Sta. Flow,8.2
2026-08-18 13:43:34,Long Valley,Long Valley Elevation,6772.2
2026-08-18 13:43:34,Long Valley,Long Valley Current Outflow,0.1
2026-08-18 13:43:34,Long Valley,Rock Ck. Div. Flow,0.0
2026-08-18 13:43:34,Long Valley,Upper Gorge Total Release,40.6
2026-08-18 13:43:34,Long Valley,Release at Middle Gorge,0.0
2026-08-18 13:43:34,Northern Owens Valley,Rock Ck. At Owens River (PV) Flow,27.7
2026-08-18 13:43:34,Northern Owens Valley,Pleasant Valley Elevation,4387.3
2026-08-18 13:43:34,Northern Owens Valley,Pleasant Valley Outflow,498.1
2026-08-18 13:43:34,Northern Owens Valley,Baker Ck. At LA Station Flow,6.9
2026-08-18 13:43:34,Northern Owens Valley,Big Pine Ck. USGS Flow,37.9
2026-08-18 13:43:34,Northern Owens Valley,O.R. Below Big Pine,502.9
2026-08-18 13:43:34,Northern Owens Valley,Fish Springs At RR Flow,36.0
2026-08-18 13:43:34,Northern Owens Valley,Tinemaha Reservoir Outflow,508.7
2026-08-18 13:43:34,Northern Owens Valley,Bishop Creek Through Plant 6,99.9
2026-08-18 13:43:34,Northern Owens Valley,Bishop Creek Around Plant 6,6.8
2026-08-18 13:43:34,Southern Owens Valley,Tinemaha Reservoir Outflow,508.7
2026-08-18 13:43:34,Southern Owens Valley,Indep. Ck. At Junction Flow,5.8
2026-08-18 13:43:34,Southern Owens Valley,LAA at Alabama Flow,407.0
2026-08-18 13:43:34,Southern Owens Valley,LAA at Alabama Level,7.9
2026-08-18 13:43:34,Southern Owens Valley,LAA at Alabama Water Temp,72.7
2026-08-18 13:43:34,Southern Owens Valley,Cottonwood Ck. At LAA Flow,0.0
2026-08-18 13:43:34,Southern Owens Valley,LAA at Cottonwood Flow,475.0
2026-08-18 13:43:34,Southern Owens Valley,LAA at Cottonwood Level,9.1
2026-08-18 13:43:34,Southern Owens Valley,LAA at Cotton. Water Temp,73.5
2026-08-18 13:43:34,Southern Owens Valley,N. Haiwee Elevation,3757.0
2026-08-18 13:43:34,Southern Owens Valley,S. Haiwee Reservoir Elevation,3724.9
2026-08-18 13:43:34,Southern Owens Valley,Haiwee LAA #1 Current Flow,0.0
2026-08-18 13:43:34,Southern Owens Valley,Haiwee LAA #2 Current Flow,100.0
2026-08-18 13:43:34,Southern Owens Valley,Reinhackel Flow,2.9
2026-08-18 13:43:34,Southern Owens Valley,Lubkin Spillgate Outflow,0.0
2026-08-18 13:43:34,Southern Owens Valley,Cartago Spillgate Outflow,0.0
2026-08-18 13:43:34,Southern Owens Valley,Lone Pine Creek Flow,9.1
2026-08-18 13:43:34,Lower Owens River Project,LORP Intake Flow,82.0
2026-08-18 13:43:34,Lower Owens River Project,LORP at Mazourka Canyon Road,0.0
2026-08-18 13:43:34,Lower Owens River Project,LORP at Reinhackle Springs,74.0
2026-08-18 13:43:34,Lower Owens River Project,LORP Above Pumpstation,51.0
2026-08-18 13:43:34,Lower Owens River Project,LORP At Pump Station Discharge Flow,48.0
2026-08-18 13:43:34,Southern District,Haiwee LAA #2 Current Flow,100.0
2026-08-18 13:43:34,Southern District,S. Haiwee Reservoir Elevation,3724.9
2026-08-18 13:43:34,Southern District,Haiwee LAA #1 Current Flow,0.0
2026-08-18 13:43:34,Southern District,Fairmont Reservoir Elevation,3022.9
2026-08-18 13:43:34,Southern District,LAA #1 Flow at Fairmont Reservoir,254.0
2026-08-18 13:43:34,Southern District,LAA #2 Flow at Fairmont Res.,132.3
2026-08-18 13:43:34,Southern District,Bouquet Reservoir Elevation,2981.6
2026-08-18 13:43:34,Southern District,Bouquet Reservoir Inflow,0.0
2026-08-18 13:43:34,Southern District,Bouquet Reservoir Outflow,155.4
2026-08-18 13:43:34,Southern District,LAA #1 at Soledad Flow,284.4
2026-08-18 13:43:34,Southern District,LAA #2 at Soledad Flow,190.8
2026-08-18 13:58:32,Mono Basin,Lee Vining Intake Above Flow,54.5
2026-08-18 13:58:32,Mono Basin,Lee Vining Intake Below Flow,29.7
2026-08-18 13:58:32,Mono Basin,Walker Ck. Above Conduit Flow,6.0
2026-08-18 13:58:32,Mono Basin,L.V. Conduit Below Intake Flow,24.8
2026-08-18 13:58:32,Mono Basin,Walker Ck. Under Conduit Flow,6.0
2026-08-18 13:58:32,Mono Basin,Parker Ck. Under Conduit Flow,18.0
2026-08-18 13:58:32,Mono Basin,Parker Ck. Above Conduit Flow,19.0
2026-08-18 13:58:32,Mono Basin,Grant Lk. Spill Flow,0.0
2026-08-18 13:58:32,Mono Basin,Mono Gate 1 Return Ditch Flow,26.4
2026-08-18 13:58:32,Mono Basin,Grant Lk. Outflow,40.4
2026-08-18 13:58:32,Mono Basin,Rush Ck. at Damsite Flow,12.8
2026-08-18 13:58:32,Mono Basin,Flow to West Portal,15.1
2026-08-18 13:58:32,Long Valley,East Portal Flow,27.0
2026-08-18 13:58:32,Long Valley,OR Below EP Flow,70.0
2026-08-18 13:58:32,Long Valley,Hot Ck.at Hwy. Flow,7.0
2026-08-18 13:58:32,Long Valley,McGee Ck. Lower Sta. Flow,8.2
2026-08-18 13:58:32,Long Valley,Long Valley Current Outflow,0.1
2026-08-18 13:58:32,Long Valley,Rock Ck. Div. Flow,0.0
2026-08-18 13:58:32,Long Valley,Upper Gorge Total Release,40.7
2026-08-18 13:58:32,Long Valley,Release at Middle Gorge,0.0
2026-08-18 13:58:32,Northern Owens Valley,Rock Ck. At Owens River (PV) Flow,27.5
2026-08-18 13:58:32,Northern Owens Valley,Pleasant Valley Outflow,498.0
2026-08-18 13:58:32,Northern Owens Valley,Baker Ck. At LA Station Flow,6.9
2026-08-18 13:58:32,Northern Owens Valley,Big Pine Ck. USGS Flow,37.9
2026-08-18 13:58:32,Northern Owens Valley,O.R. Below Big Pine,502.4
2026-08-18 13:58:32,Northern Owens Valley,Fish Springs At RR Flow,36.0
2026-08-18 13:58:32,Northern Owens Valley,Tinemaha Reservoir Outflow,508.7
2026-08-18 13:58:32,Northern Owens Valley,Bishop Creek Through Plant 6,99.9
2026-08-18 13:58:32,Northern Owens Valley,Bishop Creek Around Plant 6,6.8
2026-08-18 13:58:32,Southern Owens Valley,Tinemaha Reservoir Outflow,508.7
2026-08-18 13:58:32,Southern Owens Valley,Indep. Ck. At Junction Flow,5.8
2026-08-18 13:58:32,Southern Owens Valley,LAA at Alabama Flow,407.0
2026-08-18 13:58:32,Southern Owens Valley,Cottonwood Ck. At LAA Flow,0.0
2026-08-18 13:58:32,Southern Owens Valley,LAA at Cottonwood Flow,475.0
2026-08-18 13:58:32,Southern Owens Valley,Haiwee LAA #1 Current Flow,0.0
2026-08-18 13:58:32,Southern Owens Valley,Haiwee LAA #2 Current Flow,100.0
2026-08-18 13:58:32,Southern Owens Valley,Reinhackel Flow,2.9
2026-08-18 13:58:32,Southern Owens Valley,Lubkin Spillgate Outflow,0.0
2026-08-18 13:58:32,Southern Owens Valley,Cartago Spillgate Outflow,0.0
2026-08-18 13:58:32,Southern Owens Valley,Lone Pine Creek Flow,9.1
2026-08-18 13:58:32,Lower Owens River Project,LORP Intake Flow,82.0
2026-08-18 13:58:32,Lower Owens River Project,LORP at Mazourka Canyon Road,0.0
2026-08-18 13:58:32,Lower Owens River Project,LORP at Reinhackle Springs,74.0
2026-08-18 13:58:32,Lower Owens River Project,LORP Above Pumpstation,51.0
2026-08-18 13:58:32,Lower Owens River Project,LORP At Pump Station Discharge Flow,48.0
2026-08-18 13:58:32,Southern District,Haiwee LAA #2 Current Flow,100.0
2026-08-18 13:58:32,Southern District,Haiwee LAA #1 Current Flow,0.0
2026-08-18 13:58:32,Southern District,LAA #1 Flow at Fairmont Reservoir,254.0
2026-08-18 13:58:32,Southern District,LAA #2 Flow at Fairmont Res.,132.3
2026-08-18 13:58:32,Southern District,Bouquet Reservoir Inflow,0.0
2026-08-18 13:58:32,Southern District,Bouquet Reservoir Outflow,155.4
2026-08-18 13:58:32,Southern District,LAA #1 at Soledad Flow,284.4
2026-08-18 13:58:32,Southern District,LAA #2 at Soledad Flow,190.8
2026-08-18 13:58:33,Northern Owens Valley,Tinemaha Elevation,3861.9
2026-08-18 13:58:33,Southern Owens Valley,Tinemaha Elevation,3861.9
2026-08-18 13:58:33,Mono Basin,Mono Lk. Elevation,6382.2
2026-08-18 13:58:33,Mono Basin,Grant Lk. Elevation,7129.7
2026-08-18 13:58:33,Long Valley,Long Valley Elevation,6772.2
2026-08-18 13:58:33,Northern Owens Valley,Pleasant Valley Elevation,4387.2
2026-08-18 13:58:33,Southern Owens Valley,LAA at Alabama Level,7.9
2026-08-18 13:58:33,Southern Owens Valley,LAA at Alabama Water Temp,72.7
2026-08-18 13:58:33,Southern Owens Valley,LAA at Cottonwood Level,9.1
2026-08-18 13:58:33,Southern Owens Valley,LAA at Cotton. Water Temp,73.7
2026-08-18 13:58:33,Southern Owens Valley,N. Haiwee Elevation,3757.0
2026-08-18 13:58:33,Southern Owens Valley,S. Haiwee Reservoir Elevation,3724.9
2026-08-18 13:58:33,Southern District,S. Haiwee Reservoir Elevation,3724.9
2026-08-18 13:58:33,Southern District,Fairmont Reservoir Elevation,3022.9
2026-08-18 13:58:33,Southern District,Bouquet Reservoir Elevation,2981.6
2026-08-18 14:28:33,Northern Owens Valley,Tinemaha Elevation,3861.9
2026-08-18 14:28:33,Southern Owens Valley,Tinemaha Elevation,3861.9
2026-08-18 14:43:34,Mono Basin,Lee Vining Intake Above Flow,53.9
2026-08-18 14:43:34,Mono Basin,Lee Vining Intake Below Flow,29.7
2026-08-18 14:43:34,Mono Basin,Walker Ck. Above Conduit Flow,6.0
2026-08-18 14:43:34,Mono Basin,L.V. Conduit Below Intake Flow,24.6
2026-08-18 14:43:34,Mono Basin,Walker Ck. Under Conduit Flow,6.0
2026-08-18 14:43:34,Mono Basin,Parker Ck. Under Conduit Flow,18.0
2026-08-18 14:43:34,Mono Basin,Parker Ck. Above Conduit Flow,19.0
2026-08-18 14:43:34,Mono Basin,Grant Lk. Spill Flow,0.0
2026-08-18 14:43:34,Mono Basin,Mono Gate 1 Return Ditch Flow,26.3
2026-08-18 14:43:34,Mono Basin,Grant Lk. Outflow,40.4
2026-08-18 14:43:34,Mono Basin,Rush Ck. at Damsite Flow,12.8
2026-08-18 14:43:34,Mono Basin,Flow to West Portal,15.1
2026-08-18 14:43:34,Long Valley,East Portal Flow,27.0
2026-08-18 14:43:34,Long Valley,OR Below EP Flow,70.0
2026-08-18 14:43:34,Long Valley,Hot Ck.at Hwy. Flow,7.0
2026-08-18 14:43:34,Long Valley,McGee Ck. Lower Sta. Flow,8.2
2026-08-18 14:43:34,Long Valley,Long Valley Current Outflow,0.1
2026-08-18 14:43:34,Long Valley,Rock Ck. Div. Flow,0.0
2026-08-18 14:43:34,Long Valley,Upper Gorge Total Release,40.3
2026-08-18 14:43:34,Long Valley,Release at Middle Gorge,0.0
2026-08-18 14:43:34,Northern Owens Valley,Rock Ck. At Owens River (PV) Flow,27.0
2026-08-18 14:43:34,Northern Owens Valley,Pleasant Valley Outflow,497.1
2026-08-18 14:43:34,Northern Owens Valley,Baker Ck. At LA Station Flow,6.6
2026-08-18 14:43:34,Northern Owens Valley,Big Pine Ck. USGS Flow,37.9
2026-08-18 14:43:34,Northern Owens Valley,O.R. Below Big Pine,503.3
2026-08-18 14:43:34,Northern Owens Valley,Fish Springs At RR Flow,36.0
2026-08-18 14:43:34,Northern Owens Valley,Tinemaha Reservoir Outflow,507.0
2026-08-18 14:43:34,Northern Owens Valley,Bishop Creek Through Plant 6,101.1
2026-08-18 14:43:34,Northern Owens Valley,Bishop Creek Around Plant 6,6.9
2026-08-18 14:43:34,Southern Owens Valley,Tinemaha Reservoir Outflow,507.0
2026-08-18 14:43:34,Southern Owens Valley,Indep. Ck. At Junction Flow,5.8
2026-08-18 14:43:34,Southern Owens Valley,LAA at Alabama Flow,407.0
2026-08-18 14:43:34,Southern Owens Valley,Cottonwood Ck. At LAA Flow,0.0
2026-08-18 14:43:34,Southern Owens Valley,LAA at Cottonwood Flow,475.0
2026-08-18 14:43:34,Southern Owens Valley,Haiwee LAA #1 Current Flow,0.0
2026-08-18 14:43:34,Southern Owens Valley,Haiwee LAA #2 Current Flow,100.0
2026-08-18 14:43:34,Southern Owens Valley,Reinhackel Flow,2.9
2026-08-18 14:43:34,Southern Owens Valley,Lubkin Spillgate Outflow,0.0
2026-08-18 14:43:34,Southern Owens Valley,Cartago Spillgate Outflow,0.0
2026-08-18 14:43:34,Southern Owens Valley,Lone Pine Creek Flow,8.9
2026-08-18 14:43:34,Lower Owens River Project,LORP Intake Flow,82.0
2026-08-18 14:43:34,Lower Owens River Project,LORP at Mazourka Canyon Road,0.0
2026-08-18 14:43:34,Lower Owens River Project,LORP at Reinhackle Springs,76.0
2026-08-18 14:43:34,Lower Owens River Project,LORP Above Pumpstation,51.0
2026-08-18 14:43:34,Lower Owens River Project,LORP At Pump Station Discharge Flow,48.0
2026-08-18 14:43:34,Southern District,Haiwee LAA #2 Current Flow,100.0
2026-08-18 14:43:34,Southern District,Haiwee LAA #1 Current Flow,0.0
2026-08-18 14:43:34,Southern District,LAA #1 Flow at Fairmont Reservoir,253.9
2026-08-18 14:43:34,Southern District,LAA #2 Flow at Fairmont Res.,132.3
2026-08-18 14:43:34,Southern District,Bouquet Reservoir Inflow,0.0
2026-08-18 14:43:34,Southern District,Bouquet Reservoir Outflow,155.0
2026-08-18 14:43:34,Southern District,LAA #1 at Soledad Flow,284.4
2026-08-18 14:43:34,Southern District,LAA #2 at Soledad Flow,190.8
2026-08-18 14:43:35,Mono Basin,Mono Lk. Elevation,6382.2
2026-08-18 14:43:35,Mono Basin,Grant Lk. Elevation,7129.6
2026-08-18 14:43:35,Long Valley,Long Valley Elevation,6772.2
2026-08-18 14:43:35,Northern Owens Valley,Pleasant Valley Elevation,4387.0
2026-08-18 14:43:35,Southern Owens Valley,LAA at Alabama Level,7.9
2026-08-18 14:43:35,Southern Owens Valley,LAA at Alabama Water Temp,73.0
2026-08-18 14:43:35,Southern Owens Valley,LAA at Cottonwood Level,9.1
2026-08-18 14:43:35,Southern Owens Valley,LAA at Cotton. Water Temp,74.1
2026-08-18 14:43:35,Southern Owens Valley,N. Haiwee Elevation,3757.0
2026-08-18 14:43:35,Southern Owens Valley,S. Haiwee Reservoir Elevation,3725.0
2026-08-18 14:43:35,Southern District,S. Haiwee Reservoir Elevation,3725.0
2026-08-18 14:43:35,Southern District,Fairmont Reservoir Elevation,3022.9
2026-08-18 14:43:35,Southern District,Bouquet Reservoir Elevation,2981.6
2026-08-18 14:58:33,Northern Owens Valley,Tinemaha Elevation,3861.9
2026-08-18 14:58:33,Southern Owens Valley,Tinemaha Elevation,3861.9
2026-08-18 15:28:33,Northern Owens Valley,Tinemaha Elevation,3861.9
2026-08-18 15:28:33,Southern Owens Valley,Tinemaha Elevation,3861.9
2026-08-18 15:43:33,Mono Basin,Lee Vining Intake Above Flow,54.7
2026-08-18 15:43:33,Mono Basin,Lee Vining Intake Below Flow,29.7
2026-08-18 15:43:33,Mono Basin,Walker Ck. Above Conduit Flow,6.0
2026-08-18 15:43:33,Mono Basin,L.V. Conduit Below Intake Flow,24.5
2026-08-18 15:43:33,Mono Basin,Walker Ck. Under Conduit Flow,6.0
2026-08-18 15:43:33,Mono Basin,Parker Ck. Under Conduit Flow,17.0
2026-08-18 15:43:33,Mono Basin,Parker Ck. Above Conduit Flow,19.0
2026-08-18 15:43:33,Mono Basin,Grant Lk. Spill Flow,0.0
2026-08-18 15:43:33,Mono Basin,Mono Gate 1 Return Ditch Flow,26.4
2026-08-18 15:43:33,Mono Basin,Grant Lk. Outflow,40.5
2026-08-18 15:43:33,Mono Basin,Rush Ck. at Damsite Flow,12.5
2026-08-18 15:43:33,Mono Basin,Flow to West Portal,15.4
2026-08-18 15:43:33,Long Valley,East Portal Flow,25.0
2026-08-18 15:43:33,Long Valley,OR Below EP Flow,70.0
2026-08-18 15:43:33,Long Valley,Hot Ck.at Hwy. Flow,7.0
2026-08-18 15:43:33,Long Valley,McGee Ck. Lower Sta. Flow,8.1
2026-08-18 15:43:33,Long Valley,Long Valley Current Outflow,0.1
2026-08-18 15:43:33,Long Valley,Rock Ck. Div. Flow,0.0
2026-08-18 15:43:33,Long Valley,Upper Gorge Total Release,40.7
2026-08-18 15:43:33,Long Valley,Release at Middle Gorge,0.0
2026-08-18 15:43:33,Northern Owens Valley,Rock Ck. At Owens River (PV) Flow,26.6
2026-08-18 15:43:33,Northern Owens Valley,Pleasant Valley Outflow,496.2
2026-08-18 15:43:33,Northern Owens Valley,Baker Ck. At LA Station Flow,6.6
2026-08-18 15:43:33,Northern Owens Valley,Big Pine Ck. USGS Flow,35.9
2026-08-18 15:43:33,Northern Owens Valley,O.R. Below Big Pine,500.2
2026-08-18 15:43:33,Northern Owens Valley,Fish Springs At RR Flow,36.0
2026-08-18 15:43:33,Northern Owens Valley,Tinemaha Reservoir Outflow,507.8
2026-08-18 15:43:33,Northern Owens Valley,Bishop Creek Through Plant 6,101.6
2026-08-18 15:43:33,Northern Owens Valley,Bishop Creek Around Plant 6,6.9
2026-08-18 15:43:33,Southern Owens Valley,Tinemaha Reservoir Outflow,507.8
2026-08-18 15:43:33,Southern Owens Valley,Indep. Ck. At Junction Flow,5.8
2026-08-18 15:43:33,Southern Owens Valley,LAA at Alabama Flow,408.0
2026-08-18 15:43:33,Southern Owens Valley,Cottonwood Ck. At LAA Flow,0.0
2026-08-18 15:43:33,Southern Owens Valley,LAA at Cottonwood Flow,475.0
2026-08-18 15:43:33,Southern Owens Valley,Haiwee LAA #1 Current Flow,0.0
2026-08-18 15:43:33,Southern Owens Valley,Haiwee LAA #2 Current Flow,100.0
2026-08-18 15:43:33,Southern Owens Valley,Reinhackel Flow,2.9
2026-08-18 15:43:33,Southern Owens Valley,Lubkin Spillgate Outflow,0.0
2026-08-18 15:43:33,Southern Owens Valley,Cartago Spillgate Outflow,0.0
2026-08-18 15:43:33,Southern Owens Valley,Lone Pine Creek Flow,8.7
2026-08-18 15:43:33,Lower Owens River Project,LORP Intake Flow,82.0
2026-08-18 15:43:33,Lower Owens River Project,LORP at Mazourka Canyon Road,0.0
2026-08-18 15:43:33,Lower Owens River Project,LORP at Reinhackle Springs,74.0
2026-08-18 15:43:33,Lower Owens River Project,LORP Above Pumpstation,51.0
2026-08-18 15:43:33,Lower Owens River Project,LORP At Pump Station Discharge Flow,48.0
2026-08-18 15:43:33,Southern District,Haiwee LAA #2 Current Flow,100.0
2026-08-18 15:43:33,Southern District,Haiwee LAA #1 Current Flow,0.0
2026-08-18 15:43:33,Southern District,LAA #1 Flow at Fairmont Reservoir,253.8
2026-08-18 15:43:33,Southern District,LAA #2 Flow at Fairmont Res.,132.4
2026-08-18 15:43:33,Southern District,Bouquet Reservoir Inflow,0.0
2026-08-18 15:43:33,Southern District,Bouquet Reservoir Outflow,153.5
2026-08-18 15:43:33,Southern District,LAA #1 at Soledad Flow,284.4
2026-08-18 15:43:33,Southern District,LAA #2 at Soledad Flow,190.8
2026-08-18 15:43:34,Mono Basin,Mono Lk. Elevation,6382.2
2026-08-18 15:43:34,Mono Basin,Grant Lk. Elevation,7129.7
2026-08-18 15:43:34,Long Valley,Long Valley Elevation,6772.2
2026-08-18 15:43:34,Northern Owens Valley,Pleasant Valley Elevation,4386.6
2026-08-18 15:43:34,Southern Owens Valley,LAA at Alabama Level,7.9
2026-08-18 15:43:34,Southern Owens Valley,LAA at Alabama Water Temp,73.4
2026-08-18 15:43:34,Southern Owens Valley,LAA at Cottonwood Level,9.1
2026-08-18 15:43:34,Southern Owens Valley,LAA at Cotton. Water Temp,74.4
2026-08-18 15:43:34,Southern Owens Valley,N. Haiwee Elevation,3757.0
2026-08-18 15:43:34,Southern Owens Valley,S. Haiwee Reservoir Elevation,3725.0
2026-08-18 15:43:34,Southern District,S. Haiwee Reservoir Elevation,3725.0
2026-08-18 15:43:34,Southern District,Fairmont Reservoir Elevation,3022.8
2026-08-18 15:43:34,Southern District,Bouquet Reservoir Elevation,2981.6
2026-08-18 15:58:32,Northern Owens Valley,Tinemaha Elevation,3861.9
2026-08-18 15:58:32,Southern Owens Valley,Tinemaha Elevation,3861.9
2026-08-18 16:28:33,Northern Owens Valley,Tinemaha Elevation,3861.9
2026-08-18 16:28:33,Southern Owens Valley,Tinemaha Elevation,3861.9
2026-08-18 16:43:33,Mono Basin,Lee Vining Intake Above Flow,54.1
2026-08-18 16:43:33,Mono Basin,Lee Vining Intake Below Flow,29.6
2026-08-18 16:43:33,Mono Basin,Walker Ck. Above Conduit Flow,6.0
2026-08-18 16:43:33,Mono Basin,L.V. Conduit Below Intake Flow,24.5
2026-08-18 16:43:33,Mono Basin,Walker Ck. Under Conduit Flow,6.0
2026-08-18 16:43:33,Mono Basin,Parker Ck. Under Conduit Flow,17.0
2026-08-18 16:43:33,Mono Basin,Parker Ck. Above Conduit Flow,19.0
2026-08-18 16:43:33,Mono Basin,Grant Lk. Spill Flow,0.0
2026-08-18 16:43:33,Mono Basin,Mono Gate 1 Return Ditch Flow,26.4
2026-08-18 16:43:33,Mono Basin,Grant Lk. Outflow,40.3
2026-08-18 16:43:33,Mono Basin,Rush Ck. at Damsite Flow,12.5
2026-08-18 16:43:33,Mono Basin,Flow to West Portal,15.4
2026-08-18 16:43:33,Long Valley,East Portal Flow,27.0
2026-08-18 16:43:33,Long Valley,OR Below EP Flow,70.0
2026-08-18 16:43:33,Long Valley,Hot Ck.at Hwy. Flow,7.0
2026-08-18 16:43:33,Long Valley,McGee Ck. Lower Sta. Flow,8.1
2026-08-18 16:43:33,Long Valley,Long Valley Elevation,6772.2
2026-08-18 16:43:33,Long Valley,Long Valley Current Outflow,43.6
2026-08-18 16:43:33,Long Valley,Rock Ck. Div. Flow,0.0
2026-08-18 16:43:33,Long Valley,Upper Gorge Total Release,41.3
2026-08-18 16:43:33,Long Valley,Release at Middle Gorge,0.0
2026-08-18 16:43:33,Northern Owens Valley,Rock Ck. At Owens River (PV) Flow,26.2
2026-08-18 16:43:33,Northern Owens Valley,Pleasant Valley Elevation,4386.3
2026-08-18 16:43:33,Northern Owens Valley,Pleasant Valley Outflow,494.9
2026-08-18 16:43:33,Northern Owens Valley,Baker Ck. At LA Station Flow,6.6
2026-08-18 16:43:33,Northern Owens Valley,Big Pine Ck. USGS Flow,35.9
2026-08-18 16:43:33,Northern Owens Valley,O.R. Below Big Pine,501.5
2026-08-18 16:43:33,Northern Owens Valley,Fish Springs At RR Flow,36.0
2026-08-18 16:43:33,Northern Owens Valley,Tinemaha Reservoir Outflow,507.0
2026-08-18 16:43:33,Northern Owens Valley,Bishop Creek Through Plant 6,99.2
2026-08-18 16:43:33,Northern Owens Valley,Bishop Creek Around Plant 6,6.9
2026-08-18 16:43:33,Southern Owens Valley,Tinemaha Reservoir Outflow,507.0
2026-08-18 16:43:33,Southern Owens Valley,Indep. Ck. At Junction Flow,5.8
2026-08-18 16:43:33,Southern Owens Valley,LAA at Alabama Flow,406.0
2026-08-18 16:43:33,Southern Owens Valley,LAA at Alabama Level,7.9
2026-08-18 16:43:33,Southern Owens Valley,LAA at Alabama Water Temp,73.7
2026-08-18 16:43:33,Southern Owens Valley,Cottonwood Ck. At LAA Flow,0.0
2026-08-18 16:43:33,Southern Owens Valley,LAA at Cottonwood Flow,474.0
2026-08-18 16:43:33,Southern Owens Valley,LAA at Cottonwood Level,9.1
2026-08-18 16:43:33,Southern Owens Valley,LAA at Cotton. Water Temp,74.7
2026-08-18 16:43:33,Southern Owens Valley,N. Haiwee Elevation,3757.0
2026-08-18 16:43:33,Southern Owens Valley,S. Haiwee Reservoir Elevation,3725.0
2026-08-18 16:43:33,Southern Owens Valley,Haiwee LAA #1 Current Flow,0.0
2026-08-18 16:43:33,Southern Owens Valley,Haiwee LAA #2 Current Flow,100.0
2026-08-18 16:43:33,Southern Owens Valley,Reinhackel Flow,2.9
2026-08-18 16:43:33,Southern Owens Valley,Lubkin Spillgate Outflow,0.0
2026-08-18 16:43:33,Southern Owens Valley,Cartago Spillgate Outflow,0.0
2026-08-18 16:43:33,Southern Owens Valley,Lone Pine Creek Flow,8.6
2026-08-18 16:43:33,Lower Owens River Project,LORP Intake Flow,82.0
2026-08-18 16:43:33,Lower Owens River Project,LORP at Mazourka Canyon Road,0.0
2026-08-18 16:43:33,Lower Owens River Project,LORP at Reinhackle Springs,76.0
2026-08-18 16:43:33,Lower Owens River Project,LORP Above Pumpstation,51.0
2026-08-18 16:43:33,Lower Owens River Project,LORP At Pump Station Discharge Flow,48.0
2026-08-18 16:43:33,Southern District,Haiwee LAA #2 Current Flow,100.0
2026-08-18 16:43:33,Southern District,S. Haiwee Reservoir Elevation,3725.0
2026-08-18 16:43:33,Southern District,Haiwee LAA #1 Current Flow,0.0
2026-08-18 16:43:33,Southern District,LAA #1 Flow at Fairmont Reservoir,253.3
2026-08-18 16:43:33,Southern District,LAA #2 Flow at Fairmont Res.,132.4
2026-08-18 16:43:33,Southern District,Bouquet Reservoir Inflow,0.0
2026-08-18 16:43:33,Southern District,Bouquet Reservoir Outflow,155.2
2026-08-18 16:43:33,Southern District,LAA #1 at Soledad Flow,284.4
2026-08-18 16:43:33,Southern District,LAA #2 at Soledad Flow,190.8
2026-08-18 16:43:34,Mono Basin,Mono Lk. Elevation,6382.2
2026-08-18 16:43:34,Mono Basin,Grant Lk. Elevation,7129.7
2026-08-18 16:43:34,Southern District,Fairmont Reservoir Elevation,3022.8
2026-08-18 16:43:34,Southern District,Bouquet Reservoir Elevation,2981.5
2026-08-18 16:58:33,Northern Owens Valley,Tinemaha Elevation,3861.9
2026-08-18 16:58:33,Southern Owens Valley,Tinemaha Elevation,3861.9
2026-08-18 17:28:33,Northern Owens Valley,Tinemaha Elevation,3861.9
2026-08-18 17:28:33,Southern Owens Valley,Tinemaha Elevation,3861.9
2026-08-18 17:43:33,Mono Basin,Lee Vining Intake Above Flow,53.5
2026-08-18 17:43:33,Mono Basin,Lee Vining Intake Below Flow,29.7
2026-08-18 17:43:33,Mono Basin,Walker Ck. Above Conduit Flow,6.0
2026-08-18 17:43:33,Mono Basin,L.V. Conduit Below Intake Flow,24.4
2026-08-18 17:43:33,Mono Basin,Walker Ck. Under Conduit Flow,6.0
2026-08-18 17:43:33,Mono Basin,Parker Ck. Under Conduit Flow,17.0
2026-08-18 17:43:33,Mono Basin,Parker Ck. Above Conduit Flow,19.0
2026-08-18 17:43:33,Mono Basin,Grant Lk. Spill Flow,0.0
2026-08-18 17:43:33,Mono Basin,Mono Gate 1 Return Ditch Flow,26.4
2026-08-18 17:43:33,Mono Basin,Grant Lk. Outflow,40.5
2026-08-18 17:43:33,Mono Basin,Rush Ck. at Damsite Flow,12.5
2026-08-18 17:43:33,Mono Basin,Flow to West Portal,15.4
2026-08-18 17:43:33,Long Valley,East Portal Flow,27.0
2026-08-18 17:43:33,Long Valley,OR Below EP Flow,70.0
2026-08-18 17:43:33,Long Valley,Hot Ck.at Hwy. Flow,7.0
2026-08-18 17:43:33,Long Valley,McGee Ck. Lower Sta. Flow,8.1
2026-08-18 17:43:33,Long Valley,Long Valley Current Outflow,44.0
2026-08-18 17:43:33,Long Valley,Rock Ck. Div. Flow,0.0
2026-08-18 17:43:33,Long Valley,Upper Gorge Total Release,41.8
2026-08-18 17:43:33,Long Valley,Release at Middle Gorge,0.0
2026-08-18 17:43:33,Northern Owens Valley,Rock Ck. At Owens River (PV) Flow,25.8
2026-08-18 17:43:33,Northern Owens Valley,Pleasant Valley Outflow,493.3
2026-08-18 17:43:33,Northern Owens Valley,Baker Ck. At LA Station Flow,6.6
2026-08-18 17:43:33,Northern Owens Valley,Big Pine Ck. USGS Flow,35.9
2026-08-18 17:43:33,Northern Owens Valley,O.R. Below Big Pine,500.6
2026-08-18 17:43:33,Northern Owens Valley,Fish Springs At RR Flow,36.0
2026-08-18 17:43:33,Northern Owens Valley,Tinemaha Reservoir Outflow,506.2
2026-08-18 17:43:33,Northern Owens Valley,Bishop Creek Through Plant 6,94.7
2026-08-18 17:43:33,Northern Owens Valley,Bishop Creek Around Plant 6,6.9
2026-08-18 17:43:33,Southern Owens Valley,Tinemaha Reservoir Outflow,506.2
2026-08-18 17:43:33,Southern Owens Valley,Indep. Ck. At Junction Flow,5.8
2026-08-18 17:43:33,Southern Owens Valley,LAA at Alabama Flow,408.0
2026-08-18 17:43:33,Southern Owens Valley,Cottonwood Ck. At LAA Flow,0.0
2026-08-18 17:43:33,Southern Owens Valley,LAA at Cottonwood Flow,473.0
2026-08-18 17:43:33,Southern Owens Valley,Haiwee LAA #1 Current Flow,0.0
2026-08-18 17:43:33,Southern Owens Valley,Haiwee LAA #2 Current Flow,100.0
2026-08-18 17:43:33,Southern Owens Valley,Reinhackel Flow,2.9
2026-08-18 17:43:33,Southern Owens Valley,Lubkin Spillgate Outflow,0.0
2026-08-18 17:43:33,Southern Owens Valley,Cartago Spillgate Outflow,0.0
2026-08-18 17:43:33,Southern Owens Valley,Lone Pine Creek Flow,8.4
2026-08-18 17:43:33,Lower Owens River Project,LORP Intake Flow,82.0
2026-08-18 17:43:33,Lower Owens River Project,LORP at Mazourka Canyon Road,0.0
2026-08-18 17:43:33,Lower Owens River Project,LORP at Reinhackle Springs,81.0
2026-08-18 17:43:33,Lower Owens River Project,LORP Above Pumpstation,51.0
2026-08-18 17:43:33,Lower Owens River Project,LORP At Pump Station Discharge Flow,48.0
2026-08-18 17:43:33,Southern District,Haiwee LAA #2 Current Flow,100.0
2026-08-18 17:43:33,Southern District,Haiwee LAA #1 Current Flow,0.0
2026-08-18 17:43:33,Southern District,LAA #1 Flow at Fairmont Reservoir,253.1
2026-08-18 17:43:33,Southern District,LAA #2 Flow at Fairmont Res.,132.4
2026-08-18 17:43:33,Southern District,Bouquet Reservoir Inflow,0.0
2026-08-18 17:43:33,Southern District,Bouquet Reservoir Outflow,155.2
2026-08-18 17:43:33,Southern District,LAA #1 at Soledad Flow,284.4
2026-08-18 17:43:33,Southern District,LAA #2 at Soledad Flow,190.8
2026-08-18 17:43:34,Mono Basin,Mono Lk. Elevation,6382.2
2026-08-18 17:43:34,Mono Basin,Grant Lk. Elevation,7129.7
2026-08-18 17:43:34,Long Valley,Long Valley Elevation,6772.2
2026-08-18 17:43:34,Northern Owens Valley,Pleasant Valley Elevation,4385.9
2026-08-18 17:43:34,Southern Owens Valley,LAA at Alabama Level,7.9
2026-08-18 17:43:34,Southern Owens Valley,LAA at Alabama Water Temp,73.7
2026-08-18 17:43:34,Southern Owens Valley,LAA at Cottonwood Level,9.1
2026-08-18 17:43:34,Southern Owens Valley,LAA at Cotton. Water Temp,74.9
2026-08-18 17:43:34,Southern Owens Valley,N. Haiwee Elevation,3757.0
2026-08-18 17:43:34,Southern Owens Valley,S. Haiwee Reservoir Elevation,3725.0
2026-08-18 17:43:34,Southern District,S. Haiwee Reservoir Elevation,3725.0
2026-08-18 17:43:34,Southern District,Fairmont Reservoir Elevation,3022.8
2026-08-18 17:43:34,Southern District,Bouquet Reservoir Elevation,2981.5
2026-08-18 17:58:32,Northern Owens Valley,Tinemaha Elevation,3861.9
2026-08-18 17:58:32,Southern Owens Valley,Tinemaha Elevation,3861.9
2026-08-18 18:28:33,Northern Owens Valley,Tinemaha Elevation,3861.9
2026-08-18 18:28:33,Southern Owens Valley,Tinemaha Elevation,3861.9
2026-08-18 18:43:33,Mono Basin,Lee Vining Intake Above Flow,53.0
2026-08-18 18:43:33,Mono Basin,Lee Vining Intake Below Flow,29.7
2026-08-18 18:43:33,Mono Basin,Walker Ck. Above Conduit Flow,6.0
2026-08-18 18:43:33,Mono Basin,L.V. Conduit Below Intake Flow,24.4
2026-08-18 18:43:33,Mono Basin,Walker Ck. Under Conduit Flow,6.0
2026-08-18 18:43:33,Mono Basin,Parker Ck. Under Conduit Flow,17.0
2026-08-18 18:43:33,Mono Basin,Parker Ck. Above Conduit Flow,19.0
2026-08-18 18:43:33,Mono Basin,Grant Lk. Spill Flow,0.0
2026-08-18 18:43:33,Mono Basin,Mono Gate 1 Return Ditch Flow,26.4
2026-08-18 18:43:33,Mono Basin,Grant Lk. Outflow,40.6
2026-08-18 18:43:33,Mono Basin,Rush Ck. at Damsite Flow,12.5
2026-08-18 18:43:33,Mono Basin,Flow to West Portal,15.4
2026-08-18 18:43:33,Long Valley,East Portal Flow,27.0
2026-08-18 18:43:33,Long Valley,OR Below EP Flow,70.0
2026-08-18 18:43:33,Long Valley,Hot Ck.at Hwy. Flow,7.0
2026-08-18 18:43:33,Long Valley,McGee Ck. Lower Sta. Flow,8.1
2026-08-18 18:43:33,Long Valley,Long Valley Current Outflow,568.5
2026-08-18 18:43:33,Long Valley,Rock Ck. Div. Flow,0.0
2026-08-18 18:43:33,Long Valley,Upper Gorge Total Release,41.6
2026-08-18 18:43:33,Long Valley,Release at Middle Gorge,0.0
2026-08-18 18:43:33,Northern Owens Valley,Rock Ck. At Owens River (PV) Flow,25.7
2026-08-18 18:43:33,Northern Owens Valley,Pleasant Valley Outflow,493.3
2026-08-18 18:43:33,Northern Owens Valley,Baker Ck. At LA Station Flow,6.2
2026-08-18 18:43:33,Northern Owens Valley,Big Pine Ck. USGS Flow,35.9
2026-08-18 18:43:33,Northern Owens Valley,O.R. Below Big Pine,500.2
2026-08-18 18:43:33,Northern Owens Valley,Fish Springs At RR Flow,35.3
2026-08-18 18:43:33,Northern Owens Valley,Tinemaha Reservoir Outflow,507.0
2026-08-18 18:43:33,Northern Owens Valley,Bishop Creek Through Plant 6,101.0
2026-08-18 18:43:33,Northern Owens Valley,Bishop Creek Around Plant 6,7.2
2026-08-18 18:43:33,Southern Owens Valley,Tinemaha Reservoir Outflow,507.0
2026-08-18 18:43:33,Southern Owens Valley,Indep. Ck. At Junction Flow,5.8
2026-08-18 18:43:33,Southern Owens Valley,LAA at Alabama Flow,408.0
2026-08-18 18:43:33,Southern Owens Valley,Cottonwood Ck. At LAA Flow,0.0
2026-08-18 18:43:33,Southern Owens Valley,LAA at Cottonwood Flow,472.0
2026-08-18 18:43:33,Southern Owens Valley,Haiwee LAA #1 Current Flow,0.0
2026-08-18 18:43:33,Southern Owens Valley,Haiwee LAA #2 Current Flow,100.1
2026-08-18 18:43:33,Southern Owens Valley,Reinhackel Flow,2.9
2026-08-18 18:43:33,Southern Owens Valley,Lubkin Spillgate Outflow,0.0
2026-08-18 18:43:33,Southern Owens Valley,Cartago Spillgate Outflow,0.0
2026-08-18 18:43:33,Southern Owens Valley,Lone Pine Creek Flow,8.2
2026-08-18 18:43:33,Lower Owens River Project,LORP Intake Flow,82.0
2026-08-18 18:43:33,Lower Owens River Project,LORP at Mazourka Canyon Road,0.0
2026-08-18 18:43:33,Lower Owens River Project,LORP at Reinhackle Springs,77.0
2026-08-18 18:43:33,Lower Owens River Project,LORP Above Pumpstation,51.0
2026-08-18 18:43:33,Lower Owens River Project,LORP At Pump Station Discharge Flow,48.0
2026-08-18 18:43:33,Southern District,Haiwee LAA #2 Current Flow,100.1
2026-08-18 18:43:33,Southern District,Haiwee LAA #1 Current Flow,0.0
2026-08-18 18:43:33,Southern District,LAA #1 Flow at Fairmont Reservoir,252.7
2026-08-18 18:43:33,Southern District,LAA #2 Flow at Fairmont Res.,132.4
2026-08-18 18:43:33,Southern District,Bouquet Reservoir Inflow,0.0
2026-08-18 18:43:33,Southern District,Bouquet Reservoir Outflow,155.0
2026-08-18 18:43:33,Southern District,LAA #1 at Soledad Flow,284.4
2026-08-18 18:43:33,Southern District,LAA #2 at Soledad Flow,190.8
2026-08-18 18:43:34,Mono Basin,Mono Lk. Elevation,6382.2
2026-08-18 18:43:34,Mono Basin,Grant Lk. Elevation,7129.7
2026-08-18 18:43:34,Long Valley,Long Valley Elevation,6772.2
2026-08-18 18:43:34,Northern Owens Valley,Pleasant Valley Elevation,4385.7
2026-08-18 18:43:34,Southern Owens Valley,LAA at Alabama Level,7.9
2026-08-18 18:43:34,Southern Owens Valley,LAA at Alabama Water Temp,73.9
2026-08-18 18:43:34,Southern Owens Valley,LAA at Cottonwood Level,9.1
2026-08-18 18:43:34,Southern Owens Valley,LAA at Cotton. Water Temp,74.9
2026-08-18 18:43:34,Southern Owens Valley,N. Haiwee Elevation,3757.0
2026-08-18 18:43:34,Southern Owens Valley,S. Haiwee Reservoir Elevation,3725.0
2026-08-18 18:43:34,Southern District,S. Haiwee Reservoir Elevation,3725.0
2026-08-18 18:43:34,Southern District,Fairmont Reservoir Elevation,3022.8
2026-08-18 18:43:34,Southern District,Bouquet Reservoir Elevation,2981.5
2026-08-18 18:58:32,Northern Owens Valley,Tinemaha Elevation,3861.9
2026-08-18 18:58:32,Southern Owens Valley,Tinemaha Elevation,3861.9
2026-08-18 19:28:33,Northern Owens Valley,Tinemaha Elevation,3861.9
2026-08-18 19:28:33,Southern Owens Valley,Tinemaha Elevation,3861.9
2026-08-18 19:43:35,Mono Basin,Lee Vining Intake Above Flow,53.4
2026-08-18 19:43:35,Mono Basin,Lee Vining Intake Below Flow,29.7
2026-08-18 19:43:35,Mono Basin,Mono Lk. Elevation,6382.2
2026-08-18 19:43:35,Mono Basin,Walker Ck. Above Conduit Flow,6.0
2026-08-18 19:43:35,Mono Basin,L.V. Conduit Below Intake Flow,24.3
2026-08-18 19:43:35,Mono Basin,Walker Ck. Under Conduit Flow,6.0
2026-08-18 19:43:35,Mono Basin,Parker Ck. Under Conduit Flow,17.0
2026-08-18 19:43:35,Mono Basin,Parker Ck. Above Conduit Flow,19.0
2026-08-18 19:43:35,Mono Basin,Grant Lk. Spill Flow,0.0
2026-08-18 19:43:35,Mono Basin,Mono Gate 1 Return Ditch Flow,26.4
2026-08-18 19:43:35,Mono Basin,Grant Lk. Elevation,7129.7
2026-08-18 19:43:35,Mono Basin,Grant Lk. Outflow,40.3
2026-08-18 19:43:35,Mono Basin,Rush Ck. at Damsite Flow,12.5
2026-08-18 19:43:35,Mono Basin,Flow to West Portal,15.4
2026-08-18 19:43:35,Long Valley,East Portal Flow,27.0
2026-08-18 19:43:35,Long Valley,OR Below EP Flow,70.0
2026-08-18 19:43:35,Long Valley,Hot Ck.at Hwy. Flow,7.0
2026-08-18 19:43:35,Long Valley,McGee Ck. Lower Sta. Flow,8.1
2026-08-18 19:43:35,Long Valley,Long Valley Elevation,6772.2
2026-08-18 19:43:35,Long Valley,Long Valley Current Outflow,572.1
2026-08-18 19:43:35,Long Valley,Rock Ck. Div. Flow,0.0
2026-08-18 19:43:35,Long Valley,Upper Gorge Total Release,40.7
2026-08-18 19:43:35,Long Valley,Release at Middle Gorge,0.0
2026-08-18 19:43:35,Northern Owens Valley,Rock Ck. At Owens River (PV) Flow,25.5
2026-08-18 19:43:35,Northern Owens Valley,Pleasant Valley Elevation,4385.8
2026-08-18 19:43:35,Northern Owens Valley,Pleasant Valley Outflow,493.3
2026-08-18 19:43:35,Northern Owens Valley,Baker Ck. At LA Station Flow,6.2
2026-08-18 19:43:35,Northern Owens Valley,Big Pine Ck. USGS Flow,35.9
2026-08-18 19:43:35,Northern Owens Valley,O.R. Below Big Pine,500.3
2026-08-18 19:43:35,Northern Owens Valley,Fish Springs At RR Flow,35.3
2026-08-18 19:43:35,Northern Owens Valley,Tinemaha Reservoir Outflow,506.2
2026-08-18 19:43:35,Northern Owens Valley,Bishop Creek Through Plant 6,101.0
2026-08-18 19:43:35,Northern Owens Valley,Bishop Creek Around Plant 6,7.2
2026-08-18 19:43:35,Southern Owens Valley,Tinemaha Reservoir Outflow,506.2
2026-08-18 19:43:35,Southern Owens Valley,Indep. Ck. At Junction Flow,5.4
2026-08-18 19:43:35,Southern Owens Valley,LAA at Alabama Flow,407.0
2026-08-18 19:43:35,Southern Owens Valley,LAA at Alabama Level,7.9
2026-08-18 19:43:35,Southern Owens Valley,LAA at Alabama Water Temp,74.0
2026-08-18 19:43:35,Southern Owens Valley,Cottonwood Ck. At LAA Flow,0.0
2026-08-18 19:43:35,Southern Owens Valley,LAA at Cottonwood Flow,472.0
2026-08-18 19:43:35,Southern Owens Valley,LAA at Cottonwood Level,9.0
2026-08-18 19:43:35,Southern Owens Valley,LAA at Cotton. Water Temp,74.6
2026-08-18 19:43:35,Southern Owens Valley,N. Haiwee Elevation,3757.0
2026-08-18 19:43:35,Southern Owens Valley,S. Haiwee Reservoir Elevation,3725.0
2026-08-18 19:43:35,Southern Owens Valley,Haiwee LAA #1 Current Flow,0.0
2026-08-18 19:43:35,Southern Owens Valley,Haiwee LAA #2 Current Flow,100.1
2026-08-18 19:43:35,Southern Owens Valley,Reinhackel Flow,2.9
2026-08-18 19:43:35,Southern Owens Valley,Lubkin Spillgate Outflow,0.0
2026-08-18 19:43:35,Southern Owens Valley,Cartago Spillgate Outflow,0.0
2026-08-18 19:43:35,Southern Owens Valley,Lone Pine Creek Flow,8.1
2026-08-18 19:43:35,Lower Owens River Project,LORP Intake Flow,82.0
2026-08-18 19:43:35,Lower Owens River Project,LORP at Mazourka Canyon Road,0.0
2026-08-18 19:43:35,Lower Owens River Project,LORP at Reinhackle Springs,79.0
2026-08-18 19:43:35,Lower Owens River Project,LORP Above Pumpstation,51.0
2026-08-18 19:43:35,Lower Owens River Project,LORP At Pump Station Discharge Flow,48.0
2026-08-18 19:43:35,Southern District,Haiwee LAA #2 Current Flow,100.1
2026-08-18 19:43:35,Southern District,S. Haiwee Reservoir Elevation,3725.0
2026-08-18 19:43:35,Southern District,Haiwee LAA #1 Current Flow,0.0
2026-08-18 19:43:35,Southern District,Fairmont Reservoir Elevation,3022.8
2026-08-18 19:43:35,Southern District,LAA #1 Flow at Fairmont Reservoir,253.8
2026-08-18 19:43:35,Southern District,LAA #2 Flow at Fairmont Res.,132.4
2026-08-18 19:43:35,Southern District,Bouquet Reservoir Elevation,2981.4
2026-08-18 19:43:35,Southern District,Bouquet Reservoir Inflow,0.0
2026-08-18 19:43:35,Southern District,Bouquet Reservoir Outflow,155.1
2026-08-18 19:43:35,Southern District,LAA #1 at Soledad Flow,281.8
2026-08-18 19:43:35,Southern District,LAA #2 at Soledad Flow,194.6
2026-08-18 19:58:34,Northern Owens Valley,Tinemaha Elevation,3861.9
2026-08-18 19:58:34,Southern Owens Valley,Tinemaha Elevation,3861.9
2026-08-18 20:28:33,Northern Owens Valley,Tinemaha Elevation,3861.9
2026-08-18 20:28:33,Southern Owens Valley,Tinemaha Elevation,3861.9
2026-08-18 20:43:35,Mono Basin,Lee Vining Intake Above Flow,53.0
2026-08-18 20:43:35,Mono Basin,Lee Vining Intake Below Flow,29.8
2026-08-18 20:43:35,Mono Basin,Walker Ck. Above Conduit Flow,6.0
2026-08-18 20:43:35,Mono Basin,L.V. Conduit Below Intake Flow,24.1
2026-08-18 20:43:35,Mono Basin,Walker Ck. Under Conduit Flow,6.0
2026-08-18 20:43:35,Mono Basin,Parker Ck. Under Conduit Flow,17.0
2026-08-18 20:43:35,Mono Basin,Parker Ck. Above Conduit Flow,19.0
2026-08-18 20:43:35,Mono Basin,Grant Lk. Spill Flow,0.0
2026-08-18 20:43:35,Mono Basin,Mono Gate 1 Return Ditch Flow,26.5
2026-08-18 20:43:35,Mono Basin,Grant Lk. Outflow,40.4
2026-08-18 20:43:35,Mono Basin,Rush Ck. at Damsite Flow,12.5
2026-08-18 20:43:35,Mono Basin,Flow to West Portal,15.4
2026-08-18 20:43:35,Long Valley,East Portal Flow,27.0
2026-08-18 20:43:35,Long Valley,OR Below EP Flow,70.0
2026-08-18 20:43:35,Long Valley,Hot Ck.at Hwy. Flow,7.0
2026-08-18 20:43:35,Long Valley,McGee Ck. Lower Sta. Flow,8.1
2026-08-18 20:43:35,Long Valley,Long Valley Current Outflow,576.4
2026-08-18 20:43:35,Long Valley,Rock Ck. Div. Flow,0.0
2026-08-18 20:43:35,Long Valley,Upper Gorge Total Release,40.7
2026-08-18 20:43:35,Long Valley,Release at Middle Gorge,0.0
2026-08-18 20:43:35,Northern Owens Valley,Rock Ck. At Owens River (PV) Flow,25.5
2026-08-18 20:43:35,Northern Owens Valley,Pleasant Valley Outflow,493.5
2026-08-18 20:43:35,Northern Owens Valley,Baker Ck. At LA Station Flow,6.2
2026-08-18 20:43:35,Northern Owens Valley,Big Pine Ck. USGS Flow,35.9
2026-08-18 20:43:35,Northern Owens Valley,O.R. Below Big Pine,500.0
2026-08-18 20:43:35,Northern Owens Valley,Fish Springs At RR Flow,35.3
2026-08-18 20:43:35,Northern Owens Valley,Tinemaha Reservoir Outflow,507.0
2026-08-18 20:43:35,Northern Owens Valley,Bishop Creek Through Plant 6,100.4
2026-08-18 20:43:35,Northern Owens Valley,Bishop Creek Around Plant 6,8.0
2026-08-18 20:43:35,Southern Owens Valley,Tinemaha Reservoir Outflow,507.0
2026-08-18 20:43:35,Southern Owens Valley,Indep. Ck. At Junction Flow,5.5
2026-08-18 20:43:35,Southern Owens Valley,LAA at Alabama Flow,408.0
2026-08-18 20:43:35,Southern Owens Valley,Cottonwood Ck. At LAA Flow,0.0
2026-08-18 20:43:35,Southern Owens Valley,LAA at Cottonwood Flow,472.0
2026-08-18 20:43:35,Southern Owens Valley,Haiwee LAA #1 Current Flow,0.0
2026-08-18 20:43:35,Southern Owens Valley,Haiwee LAA #2 Current Flow,100.1
2026-08-18 20:43:35,Southern Owens Valley,Reinhackel Flow,2.9
2026-08-18 20:43:35,Southern Owens Valley,Lubkin Spillgate Outflow,0.0
2026-08-18 20:43:35,Southern Owens Valley,Cartago Spillgate Outflow,0.0
2026-08-18 20:43:35,Southern Owens Valley,Lone Pine Creek Flow,8.1
2026-08-18 20:43:35,Lower Owens River Project,LORP Intake Flow,82.0
2026-08-18 20:43:35,Lower Owens River Project,LORP at Mazourka Canyon Road,0.0
2026-08-18 20:43:35,Lower Owens River Project,LORP at Reinhackle Springs,74.0
2026-08-18 20:43:35,Lower Owens River Project,LORP Above Pumpstation,51.0
2026-08-18 20:43:35,Lower Owens River Project,LORP At Pump Station Discharge Flow,48.0
2026-08-18 20:43:35,Southern District,Haiwee LAA #2 Current Flow,100.1
2026-08-18 20:43:35,Southern District,Haiwee LAA #1 Current Flow,0.0
2026-08-18 20:43:35,Southern District,LAA #1 Flow at Fairmont Reservoir,253.8
2026-08-18 20:43:35,Southern District,LAA #2 Flow at Fairmont Res.,132.4
2026-08-18 20:43:35,Southern District,Bouquet Reservoir Inflow,0.0
2026-08-18 20:43:35,Southern District,Bouquet Reservoir Outflow,155.3
2026-08-18 20:43:35,Southern District,LAA #1 at Soledad Flow,281.8
2026-08-18 20:43:35,Southern District,LAA #2 at Soledad Flow,194.6
2026-08-18 20:43:36,Mono Basin,Mono Lk. Elevation,6382.2
2026-08-18 20:43:36,Mono Basin,Grant Lk. Elevation,7129.7
2026-08-18 20:43:36,Long Valley,Long Valley Elevation,6772.2
2026-08-18 20:43:36,Northern Owens Valley,Pleasant Valley Elevation,4385.9
2026-08-18 20:43:36,Southern Owens Valley,LAA at Alabama Level,7.9
2026-08-18 20:43:36,Southern Owens Valley,LAA at Alabama Water Temp,73.9
2026-08-18 20:43:36,Southern Owens Valley,LAA at Cottonwood Level,9.0
2026-08-18 20:43:36,Southern Owens Valley,LAA at Cotton. Water Temp,74.5
2026-08-18 20:43:36,Southern Owens Valley,N. Haiwee Elevation,3757.0
2026-08-18 20:43:36,Southern Owens Valley,S. Haiwee Reservoir Elevation,3725.0
2026-08-18 20:43:36,Southern District,S. Haiwee Reservoir Elevation,3725.0
2026-08-18 20:43:36,Southern District,Fairmont Reservoir Elevation,3022.9
2026-08-18 20:43:36,Southern District,Bouquet Reservoir Elevation,2981.4
2026-08-18 20:58:34,Northern Owens Valley,Tinemaha Elevation,3861.9
2026-08-18 20:58:34,Southern Owens Valley,Tinemaha Elevation,3861.9
2026-08-18 21:28:35,Northern Owens Valley,Tinemaha Elevation,3861.9
2026-08-18 21:28:35,Southern Owens Valley,Tinemaha Elevation,3861.9
2026-08-18 21:43:34,Mono Basin,Lee Vining Intake Above Flow,53.6
2026-08-18 21:43:34,Mono Basin,Lee Vining Intake Below Flow,29.9
2026-08-18 21:43:34,Mono Basin,Walker Ck. Above Conduit Flow,6.0
2026-08-18 21:43:34,Mono Basin,L.V. Conduit Below Intake Flow,24.1
2026-08-18 21:43:34,Mono Basin,Walker Ck. Under Conduit Flow,6.0
2026-08-18 21:43:34,Mono Basin,Parker Ck. Under Conduit Flow,17.0
2026-08-18 21:43:34,Mono Basin,Parker Ck. Above Conduit Flow,19.0
2026-08-18 21:43:34,Mono Basin,Grant Lk. Spill Flow,0.0
2026-08-18 21:43:34,Mono Basin,Mono Gate 1 Return Ditch Flow,26.5
2026-08-18 21:43:34,Mono Basin,Grant Lk. Outflow,40.0
2026-08-18 21:43:34,Mono Basin,Rush Ck. at Damsite Flow,12.5
2026-08-18 21:43:34,Mono Basin,Flow to West Portal,15.4
2026-08-18 21:43:34,Long Valley,East Portal Flow,27.0
2026-08-18 21:43:34,Long Valley,OR Below EP Flow,70.0
2026-08-18 21:43:34,Long Valley,Hot Ck.at Hwy. Flow,7.0
2026-08-18 21:43:34,Long Valley,McGee Ck. Lower Sta. Flow,8.1
2026-08-18 21:43:34,Long Valley,Long Valley Current Outflow,578.9
2026-08-18 21:43:34,Long Valley,Rock Ck. Div. Flow,0.0
2026-08-18 21:43:34,Long Valley,Upper Gorge Total Release,40.7
2026-08-18 21:43:34,Long Valley,Release at Middle Gorge,0.0
2026-08-18 21:43:34,Northern Owens Valley,Rock Ck. At Owens River (PV) Flow,25.5
2026-08-18 21:43:34,Northern Owens Valley,Pleasant Valley Outflow,494.3
2026-08-18 21:43:34,Northern Owens Valley,Baker Ck. At LA Station Flow,6.3
2026-08-18 21:43:34,Northern Owens Valley,Big Pine Ck. USGS Flow,35.9
2026-08-18 21:43:34,Northern Owens Valley,O.R. Below Big Pine,501.8
2026-08-18 21:43:34,Northern Owens Valley,Fish Springs At RR Flow,35.3
2026-08-18 21:43:34,Northern Owens Valley,Tinemaha Reservoir Outflow,507.8
2026-08-18 21:43:34,Northern Owens Valley,Bishop Creek Through Plant 6,100.4
2026-08-18 21:43:34,Northern Owens Valley,Bishop Creek Around Plant 6,8.0
2026-08-18 21:43:34,Southern Owens Valley,Tinemaha Reservoir Outflow,507.8
2026-08-18 21:43:34,Southern Owens Valley,Indep. Ck. At Junction Flow,5.5
2026-08-18 21:43:34,Southern Owens Valley,LAA at Alabama Flow,408.0
2026-08-18 21:43:34,Southern Owens Valley,Cottonwood Ck. At LAA Flow,0.0
2026-08-18 21:43:34,Southern Owens Valley,LAA at Cottonwood Flow,471.0
2026-08-18 21:43:34,Southern Owens Valley,Haiwee LAA #1 Current Flow,0.0
2026-08-18 21:43:34,Southern Owens Valley,Haiwee LAA #2 Current Flow,100.1
2026-08-18 21:43:34,Southern Owens Valley,Reinhackel Flow,2.9
2026-08-18 21:43:34,Southern Owens Valley,Lubkin Spillgate Outflow,0.0
2026-08-18 21:43:34,Southern Owens Valley,Cartago Spillgate Outflow,0.0
2026-08-18 21:43:34,Southern Owens Valley,Lone Pine Creek Flow,8.1
2026-08-18 21:43:34,Lower Owens River Project,LORP Intake Flow,82.0
2026-08-18 21:43:34,Lower Owens River Project,LORP at Mazourka Canyon Road,0.0
2026-08-18 21:43:34,Lower Owens River Project,LORP at Reinhackle Springs,77.0
2026-08-18 21:43:34,Lower Owens River Project,LORP Above Pumpstation,51.0
2026-08-18 21:43:34,Lower Owens River Project,LORP At Pump Station Discharge Flow,48.0
2026-08-18 21:43:34,Southern District,Haiwee LAA #2 Current Flow,100.1
2026-08-18 21:43:34,Southern District,Haiwee LAA #1 Current Flow,0.0
2026-08-18 21:43:34,Southern District,LAA #1 Flow at Fairmont Reservoir,253.4
2026-08-18 21:43:34,Southern District,LAA #2 Flow at Fairmont Res.,132.4
2026-08-18 21:43:34,Southern District,Bouquet Reservoir Inflow,0.0
2026-08-18 21:43:34,Southern District,Bouquet Reservoir Outflow,140.0
2026-08-18 21:43:34,Southern District,LAA #1 at Soledad Flow,281.8
2026-08-18 21:43:34,Southern District,LAA #2 at Soledad Flow,194.6
2026-08-18 21:43:35,Mono Basin,Mono Lk. Elevation,6382.2
2026-08-18 21:43:35,Mono Basin,Grant Lk. Elevation,7129.7
2026-08-18 21:43:35,Long Valley,Long Valley Elevation,6772.2
2026-08-18 21:43:35,Northern Owens Valley,Pleasant Valley Elevation,4386.1
2026-08-18 21:43:35,Southern Owens Valley,LAA at Alabama Level,7.9
2026-08-18 21:43:35,Southern Owens Valley,LAA at Alabama Water Temp,73.9
2026-08-18 21:43:35,Southern Owens Valley,LAA at Cottonwood Level,9.0
2026-08-18 21:43:35,Southern Owens Valley,LAA at Cotton. Water Temp,74.4
2026-08-18 21:43:35,Southern Owens Valley,N. Haiwee Elevation,3757.0
2026-08-18 21:43:35,Southern Owens Valley,S. Haiwee Reservoir Elevation,3725.0
2026-08-18 21:43:35,Southern District,S. Haiwee Reservoir Elevation,3725.0
2026-08-18 21:43:35,Southern District,Fairmont Reservoir Elevation,3022.9
2026-08-18 21:43:35,Southern District,Bouquet Reservoir Elevation,2981.4
2026-08-18 21:58:34,Northern Owens Valley,Tinemaha Elevation,3861.9
2026-08-18 21:58:34,Southern Owens Valley,Tinemaha Elevation,3861.9
2026-08-18 22:28:33,Northern Owens Valley,Tinemaha Elevation,3861.9
2026-08-18 22:28:33,Southern Owens Valley,Tinemaha Elevation,3861.9
2026-08-18 22:43:34,Mono Basin,Lee Vining Intake Above Flow,53.5
2026-08-18 22:43:34,Mono Basin,Lee Vining Intake Below Flow,29.8
2026-08-18 22:43:34,Mono Basin,Mono Lk. Elevation,6382.2
2026-08-18 22:43:34,Mono Basin,Walker Ck. Above Conduit Flow,6.0
2026-08-18 22:43:34,Mono Basin,L.V. Conduit Below Intake Flow,24.0
2026-08-18 22:43:34,Mono Basin,Walker Ck. Under Conduit Flow,6.0
2026-08-18 22:43:34,Mono Basin,Parker Ck. Under Conduit Flow,17.0
2026-08-18 22:43:34,Mono Basin,Parker Ck. Above Conduit Flow,19.0
2026-08-18 22:43:34,Mono Basin,Grant Lk. Spill Flow,0.0
2026-08-18 22:43:34,Mono Basin,Mono Gate 1 Return Ditch Flow,26.4
2026-08-18 22:43:34,Mono Basin,Grant Lk. Elevation,7129.6
2026-08-18 22:43:34,Mono Basin,Grant Lk. Outflow,40.4
2026-08-18 22:43:34,Mono Basin,Rush Ck. at Damsite Flow,12.5
2026-08-18 22:43:34,Mono Basin,Flow to West Portal,15.4
2026-08-18 22:43:34,Long Valley,East Portal Flow,27.0
2026-08-18 22:43:34,Long Valley,OR Below EP Flow,70.0
2026-08-18 22:43:34,Long Valley,Hot Ck.at Hwy. Flow,7.0
2026-08-18 22:43:34,Long Valley,McGee Ck. Lower Sta. Flow,8.1
2026-08-18 22:43:34,Long Valley,Long Valley Elevation,6772.2
2026-08-18 22:43:34,Long Valley,Long Valley Current Outflow,582.4
2026-08-18 22:43:34,Long Valley,Rock Ck. Div. Flow,0.0
2026-08-18 22:43:34,Long Valley,Upper Gorge Total Release,40.8
2026-08-18 22:43:34,Long Valley,Release at Middle Gorge,0.0
2026-08-18 22:43:34,Northern Owens Valley,Rock Ck. At Owens River (PV) Flow,25.6
2026-08-18 22:43:34,Northern Owens Valley,Pleasant Valley Elevation,4386.2
2026-08-18 22:43:34,Northern Owens Valley,Pleasant Valley Outflow,494.8
2026-08-18 22:43:34,Northern Owens Valley,Baker Ck. At LA Station Flow,6.3
2026-08-18 22:43:34,Northern Owens Valley,Big Pine Ck. USGS Flow,35.9
2026-08-18 22:43:34,Northern Owens Valley,O.R. Below Big Pine,499.4
2026-08-18 22:43:34,Northern Owens Valley,Fish Springs At RR Flow,35.3
2026-08-18 22:43:34,Northern Owens Valley,Tinemaha Reservoir Outflow,507.0
2026-08-18 22:43:34,Northern Owens Valley,Bishop Creek Through Plant 6,98.6
2026-08-18 22:43:34,Northern Owens Valley,Bishop Creek Around Plant 6,8.0
2026-08-18 22:43:34,Southern Owens Valley,Tinemaha Reservoir Outflow,507.0
2026-08-18 22:43:34,Southern Owens Valley,Indep. Ck. At Junction Flow,5.5
2026-08-18 22:43:34,Southern Owens Valley,LAA at Alabama Flow,408.0
2026-08-18 22:43:34,Southern Owens Valley,LAA at Alabama Level,7.9
2026-08-18 22:43:34,Southern Owens Valley,LAA at Alabama Water Temp,73.9
2026-08-18 22:43:34,Southern Owens Valley,Cottonwood Ck. At LAA Flow,0.0
2026-08-18 22:43:34,Southern Owens Valley,LAA at Cottonwood Flow,471.0
2026-08-18 22:43:34,Southern Owens Valley,LAA at Cottonwood Level,9.0
2026-08-18 22:43:34,Southern Owens Valley,LAA at Cotton. Water Temp,74.1
2026-08-18 22:43:34,Southern Owens Valley,N. Haiwee Elevation,3757.0
2026-08-18 22:43:34,Southern Owens Valley,S. Haiwee Reservoir Elevation,3725.1
2026-08-18 22:43:34,Southern Owens Valley,Haiwee LAA #1 Current Flow,0.0
2026-08-18 22:43:34,Southern Owens Valley,Haiwee LAA #2 Current Flow,100.1
2026-08-18 22:43:34,Southern Owens Valley,Reinhackel Flow,2.9
2026-08-18 22:43:34,Southern Owens Valley,Lubkin Spillgate Outflow,0.0
2026-08-18 22:43:34,Southern Owens Valley,Cartago Spillgate Outflow,0.0
2026-08-18 22:43:34,Southern Owens Valley,Lone Pine Creek Flow,8.2
2026-08-18 22:43:34,Lower Owens River Project,LORP Intake Flow,82.0
2026-08-18 22:43:34,Lower Owens River Project,LORP at Mazourka Canyon Road,0.0
2026-08-18 22:43:34,Lower Owens River Project,LORP at Reinhackle Springs,72.0
2026-08-18 22:43:34,Lower Owens River Project,LORP Above Pumpstation,41.0
2026-08-18 22:43:34,Lower Owens River Project,LORP At Pump Station Discharge Flow,38.0
2026-08-18 22:43:34,Southern District,Haiwee LAA #2 Current Flow,100.1
2026-08-18 22:43:34,Southern District,S. Haiwee Reservoir Elevation,3725.1
2026-08-18 22:43:34,Southern District,Haiwee LAA #1 Current Flow,0.0
2026-08-18 22:43:34,Southern District,Fairmont Reservoir Elevation,3022.9
2026-08-18 22:43:34,Southern District,LAA #1 Flow at Fairmont Reservoir,253.9
2026-08-18 22:43:34,Southern District,LAA #2 Flow at Fairmont Res.,132.4
2026-08-18 22:43:34,Southern District,Bouquet Reservoir Elevation,2981.4
2026-08-18 22:43:34,Southern District,Bouquet Reservoir Inflow,0.0
2026-08-18 22:43:34,Southern District,Bouquet Reservoir Outflow,140.2
2026-08-18 22:43:34,Southern District,LAA #1 at Soledad Flow,281.8
2026-08-18 22:43:34,Southern District,LAA #2 at Soledad Flow,194.6
2026-08-18 22:58:34,Northern Owens Valley,Tinemaha Elevation,3861.9
2026-08-18 22:58:34,Southern Owens Valley,Tinemaha Elevation,3861.9
2026-08-18 23:28:33,Northern Owens Valley,Tinemaha Elevation,3861.9
2026-08-18 23:28:33,Southern Owens Valley,Tinemaha Elevation,3861.9
2026-08-18 23:43:34,Mono Basin,Lee Vining Intake Above Flow,52.5
2026-08-18 23:43:34,Mono Basin,Lee Vining Intake Below Flow,29.7
2026-08-18 23:43:34,Mono Basin,Walker Ck. Above Conduit Flow,6.0
2026-08-18 23:43:34,Mono Basin,L.V. Conduit Below Intake Flow,24.2
2026-08-18 23:43:34,Mono Basin,Walker Ck. Under Conduit Flow,6.0
2026-08-18 23:43:34,Mono Basin,Parker Ck. Under Conduit Flow,17.0
2026-08-18 23:43:34,Mono Basin,Parker Ck. Above Conduit Flow,19.0
2026-08-18 23:43:34,Mono Basin,Grant Lk. Spill Flow,0.0
2026-08-18 23:43:34,Mono Basin,Mono Gate 1 Return Ditch Flow,26.5
2026-08-18 23:43:34,Mono Basin,Grant Lk. Outflow,40.2
2026-08-18 23:43:34,Mono Basin,Rush Ck. at Damsite Flow,12.5
2026-08-18 23:43:34,Mono Basin,Flow to West Portal,15.4
2026-08-18 23:43:34,Long Valley,East Portal Flow,27.0
2026-08-18 23:43:34,Long Valley,OR Below EP Flow,70.0
2026-08-18 23:43:34,Long Valley,Hot Ck.at Hwy. Flow,7.0
2026-08-18 23:43:34,Long Valley,McGee Ck. Lower Sta. Flow,8.1
2026-08-18 23:43:34,Long Valley,Long Valley Current Outflow,584.2
2026-08-18 23:43:34,Long Valley,Rock Ck. Div. Flow,0.0
2026-08-18 23:43:34,Long Valley,Upper Gorge Total Release,40.7
2026-08-18 23:43:34,Long Valley,Release at Middle Gorge,0.0
2026-08-18 23:43:34,Northern Owens Valley,Rock Ck. At Owens River (PV) Flow,25.8
2026-08-18 23:43:34,Northern Owens Valley,Pleasant Valley Outflow,495.2
2026-08-18 23:43:34,Northern Owens Valley,Baker Ck. At LA Station Flow,6.3
2026-08-18 23:43:34,Northern Owens Valley,Big Pine Ck. USGS Flow,35.9
2026-08-18 23:43:34,Northern Owens Valley,O.R. Below Big Pine,500.9
2026-08-18 23:43:34,Northern Owens Valley,Fish Springs At RR Flow,35.3
2026-08-18 23:43:34,Northern Owens Valley,Tinemaha Reservoir Outflow,507.8
2026-08-18 23:43:34,Northern Owens Valley,Bishop Creek Through Plant 6,98.6
2026-08-18 23:43:34,Northern Owens Valley,Bishop Creek Around Plant 6,7.9
2026-08-18 23:43:34,Southern Owens Valley,Tinemaha Reservoir Outflow,507.8
2026-08-18 23:43:34,Southern Owens Valley,Indep. Ck. At Junction Flow,5.5
2026-08-18 23:43:34,Southern Owens Valley,LAA at Alabama Flow,407.0
2026-08-18 23:43:34,Southern Owens Valley,Cottonwood Ck. At LAA Flow,0.0
2026-08-18 23:43:34,Southern Owens Valley,LAA at Cottonwood Flow,471.0
2026-08-18 23:43:34,Southern Owens Valley,Haiwee LAA #1 Current Flow,0.0
2026-08-18 23:43:34,Southern Owens Valley,Haiwee LAA #2 Current Flow,100.1
2026-08-18 23:43:34,Southern Owens Valley,Reinhackel Flow,2.9
2026-08-18 23:43:34,Southern Owens Valley,Lubkin Spillgate Outflow,0.0
2026-08-18 23:43:34,Southern Owens Valley,Cartago Spillgate Outflow,0.0
2026-08-18 23:43:34,Southern Owens Valley,Lone Pine Creek Flow,8.4
2026-08-18 23:43:34,Lower Owens River Project,LORP Intake Flow,80.0
2026-08-18 23:43:34,Lower Owens River Project,LORP at Mazourka Canyon Road,0.0
2026-08-18 23:43:34,Lower Owens River Project,LORP at Reinhackle Springs,77.0
2026-08-18 23:43:34,Lower Owens River Project,LORP Above Pumpstation,51.0
2026-08-18 23:43:34,Lower Owens River Project,LORP At Pump Station Discharge Flow,48.0
2026-08-18 23:43:34,Southern District,Haiwee LAA #2 Current Flow,100.1
2026-08-18 23:43:34,Southern District,Haiwee LAA #1 Current Flow,0.0
2026-08-18 23:43:34,Southern District,LAA #1 Flow at Fairmont Reservoir,254.0
2026-08-18 23:43:34,Southern District,LAA #2 Flow at Fairmont Res.,132.4
2026-08-18 23:43:34,Southern District,Bouquet Reservoir Inflow,0.0
2026-08-18 23:43:34,Southern District,Bouquet Reservoir Outflow,140.3
2026-08-18 23:43:34,Southern District,LAA #1 at Soledad Flow,281.8
2026-08-18 23:43:34,Southern District,LAA #2 at Soledad Flow,194.6
2026-08-18 23:43:35,Mono Basin,Mono Lk. Elevation,6382.2
2026-08-18 23:43:35,Mono Basin,Grant Lk. Elevation,7129.7
2026-08-18 23:43:35,Long Valley,Long Valley Elevation,6772.2
2026-08-18 23:43:35,Northern Owens Valley,Pleasant Valley Elevation,4386.3
2026-08-18 23:43:35,Southern Owens Valley,LAA at Alabama Level,7.9
2026-08-18 23:43:35,Southern Owens Valley,LAA at Alabama Water Temp,73.7
2026-08-18 23:43:35,Southern Owens Valley,LAA at Cottonwood Level,9.0
2026-08-18 23:43:35,Southern Owens Valley,LAA at Cotton. Water Temp,74.0
2026-08-18 23:43:35,Southern Owens Valley,N. Haiwee Elevation,3757.0
2026-08-18 23:43:35,Southern Owens Valley,S. Haiwee Reservoir Elevation,3725.1
2026-08-18 23:43:35,Southern District,S. Haiwee Reservoir Elevation,3725.1
2026-08-18 23:43:35,Southern District,Fairmont Reservoir Elevation,3022.9
2026-08-18 23:43:35,Southern District,Bouquet Reservoir Elevation,2981.4
2026-08-18 23:58:33,Northern Owens Valley,Tinemaha Elevation,3861.9
2026-08-18 23:58:33,Southern Owens Valley,Tinemaha Elevation,3861.9
