date,district,source,value
2026-07-30 00:43:32,Mono Basin,Lee Vining Intake Above Flow,58.2
2026-07-30 00:43:32,Mono Basin,Lee Vining Intake Below Flow,31.6
2026-07-30 00:43:32,Mono Basin,Walker Ck. Above Conduit Flow,6.0
2026-07-30 00:43:32,Mono Basin,L.V. Conduit Below Intake Flow,24.7
2026-07-30 00:43:32,Mono Basin,Walker Ck. Under Conduit Flow,6.0
2026-07-30 00:43:32,Mono Basin,Parker Ck. Under Conduit Flow,16.0
2026-07-30 00:43:32,Mono Basin,Parker Ck. Above Conduit Flow,18.0
2026-07-30 00:43:32,Mono Basin,Grant Lk. Spill Flow,0.0
2026-07-30 00:43:32,Mono Basin,Mono Gate 1 Return Ditch Flow,41.7
2026-07-30 00:43:32,Mono Basin,Grant Lk. Outflow,42.1
2026-07-30 00:43:32,Mono Basin,Rush Ck. at Damsite Flow,74.7
2026-07-30 00:43:32,Mono Basin,Flow to West Portal,0.0
2026-07-30 00:43:32,Long Valley,East Portal Flow,12.0
2026-07-30 00:43:32,Long Valley,OR Below EP Flow,57.0
2026-07-30 00:43:32,Long Valley,Hot Ck.at Hwy. Flow,11.0
2026-07-30 00:43:32,Long Valley,McGee Ck. Lower Sta. Flow,7.8
2026-07-30 00:43:32,Long Valley,Long Valley Current Outflow,594.3
2026-07-30 00:43:32,Long Valley,Rock Ck. Div. Flow,0.6
2026-07-30 00:43:32,Long Valley,Upper Gorge Total Release,45.5
2026-07-30 00:43:32,Long Valley,Release at Middle Gorge,0.0
2026-07-30 00:43:32,Northern Owens Valley,Rock Ck. At Owens River (PV) Flow,30.0
2026-07-30 00:43:32,Northern Owens Valley,Pleasant Valley Outflow,423.7
2026-07-30 00:43:32,Northern Owens Valley,Baker Ck. At LA Station Flow,6.1
2026-07-30 00:43:32,Northern Owens Valley,Big Pine Ck. USGS Flow,54.7
2026-07-30 00:43:32,Northern Owens Valley,O.R. Below Big Pine,462.3
2026-07-30 00:43:32,Northern Owens Valley,Fish Springs At RR Flow,29.2
2026-07-30 00:43:32,Northern Owens Valley,Tinemaha Reservoir Outflow,475.0
2026-07-30 00:43:32,Northern Owens Valley,Bishop Creek Through Plant 6,102.5
2026-07-30 00:43:32,Northern Owens Valley,Bishop Creek Around Plant 6,8.2
2026-07-30 00:43:32,Southern Owens Valley,Tinemaha Reservoir Outflow,475.0
2026-07-30 00:43:32,Southern Owens Valley,Indep. Ck. At Junction Flow,9.8
2026-07-30 00:43:32,Southern Owens Valley,LAA at Alabama Flow,396.0
2026-07-30 00:43:32,Southern Owens Valley,Cottonwood Ck. At LAA Flow,0.0
2026-07-30 00:43:32,Southern Owens Valley,LAA at Cottonwood Flow,499.0
2026-07-30 00:43:32,Southern Owens Valley,Haiwee LAA #1 Current Flow,0.0
2026-07-30 00:43:32,Southern Owens Valley,Haiwee LAA #2 Current Flow,194.1
2026-07-30 00:43:32,Southern Owens Valley,Reinhackel Flow,3.0
2026-07-30 00:43:32,Southern Owens Valley,Lubkin Spillgate Outflow,0.0
2026-07-30 00:43:32,Southern Owens Valley,Cartago Spillgate Outflow,18.1
2026-07-30 00:43:32,Southern Owens Valley,Lone Pine Creek Flow,18.8
2026-07-30 00:43:32,Lower Owens River Project,LORP Intake Flow,80.0
2026-07-30 00:43:32,Lower Owens River Project,LORP at Mazourka Canyon Road,0.0
2026-07-30 00:43:32,Lower Owens River Project,LORP at Reinhackle Springs,75.0
2026-07-30 00:43:32,Lower Owens River Project,LORP Above Pumpstation,53.0
2026-07-30 00:43:32,Lower Owens River Project,LORP At Pump Station Discharge Flow,48.0
2026-07-30 00:43:32,Southern District,Haiwee LAA #2 Current Flow,194.1
2026-07-30 00:43:32,Southern District,Haiwee LAA #1 Current Flow,0.0
2026-07-30 00:43:32,Southern District,LAA #1 Flow at Fairmont Reservoir,417.5
2026-07-30 00:43:32,Southern District,LAA #2 Flow at Fairmont Res.,202.4
2026-07-30 00:43:32,Southern District,Bouquet Reservoir Inflow,61.4
2026-07-30 00:43:32,Southern District,Bouquet Reservoir Outflow,0.5
2026-07-30 00:43:32,Southern District,LAA #1 at Soledad Flow,268.8
2026-07-30 00:43:32,Southern District,LAA #2 at Soledad Flow,241.8
2026-07-30 00:43:33,Mono Basin,Mono Lk. Elevation,6382.4
2026-07-30 00:43:33,Mono Basin,Grant Lk. Elevation,7130.0
2026-07-30 00:43:33,Long Valley,Long Valley Elevation,6774.9
2026-07-30 00:43:33,Northern Owens Valley,Pleasant Valley Elevation,4386.9
2026-07-30 00:43:33,Southern Owens Valley,LAA at Alabama Level,7.8
2026-07-30 00:43:33,Southern Owens Valley,LAA at Alabama Water Temp,71.9
2026-07-30 00:43:33,Southern Owens Valley,LAA at Cottonwood Level,9.3
2026-07-30 00:43:33,Southern Owens Valley,LAA at Cotton. Water Temp,73.6
2026-07-30 00:43:33,Southern Owens Valley,N. Haiwee Elevation,3757.0
2026-07-30 00:43:33,Southern Owens Valley,S. Haiwee Reservoir Elevation,3729.1
2026-07-30 00:43:33,Southern District,S. Haiwee Reservoir Elevation,3729.1
2026-07-30 00:43:33,Southern District,Fairmont Reservoir Elevation,3026.0
2026-07-30 00:43:33,Southern District,Bouquet Reservoir Elevation,2981.9
2026-07-30 01:43:33,Mono Basin,Lee Vining Intake Above Flow,43.4
2026-07-30 01:43:33,Mono Basin,Lee Vining Intake Below Flow,29.3
2026-07-30 01:43:33,Mono Basin,Walker Ck. Above Conduit Flow,6.0
2026-07-30 01:43:33,Mono Basin,L.V. Conduit Below Intake Flow,19.3
2026-07-30 01:43:33,Mono Basin,Walker Ck. Under Conduit Flow,6.0
2026-07-30 01:43:33,Mono Basin,Parker Ck. Under Conduit Flow,16.0
2026-07-30 01:43:33,Mono Basin,Parker Ck. Above Conduit Flow,18.0
2026-07-30 01:43:33,Mono Basin,Grant Lk. Spill Flow,0.0
2026-07-30 01:43:33,Mono Basin,Mono Gate 1 Return Ditch Flow,41.8
2026-07-30 01:43:33,Mono Basin,Grant Lk. Outflow,42.4
2026-07-30 01:43:33,Mono Basin,Rush Ck. at Damsite Flow,74.7
2026-07-30 01:43:33,Mono Basin,Flow to West Portal,0.0
2026-07-30 01:43:33,Long Valley,East Portal Flow,12.0
2026-07-30 01:43:33,Long Valley,OR Below EP Flow,57.0
2026-07-30 01:43:33,Long Valley,Hot Ck.at Hwy. Flow,11.0
2026-07-30 01:43:33,Long Valley,McGee Ck. Lower Sta. Flow,7.8
2026-07-30 01:43:33,Long Valley,Long Valley Current Outflow,597.6
2026-07-30 01:43:33,Long Valley,Rock Ck. Div. Flow,0.5
2026-07-30 01:43:33,Long Valley,Upper Gorge Total Release,45.7
2026-07-30 01:43:33,Long Valley,Release at Middle Gorge,0.0
2026-07-30 01:43:33,Northern Owens Valley,Rock Ck. At Owens River (PV) Flow,30.2
2026-07-30 01:43:33,Northern Owens Valley,Pleasant Valley Outflow,424.4
2026-07-30 01:43:33,Northern Owens Valley,Baker Ck. At LA Station Flow,6.1
2026-07-30 01:43:33,Northern Owens Valley,Big Pine Ck. USGS Flow,54.7
2026-07-30 01:43:33,Northern Owens Valley,O.R. Below Big Pine,461.4
2026-07-30 01:43:33,Northern Owens Valley,Fish Springs At RR Flow,29.2
2026-07-30 01:43:33,Northern Owens Valley,Tinemaha Reservoir Outflow,475.0
2026-07-30 01:43:33,Northern Owens Valley,Bishop Creek Through Plant 6,105.4
2026-07-30 01:43:33,Northern Owens Valley,Bishop Creek Around Plant 6,8.2
2026-07-30 01:43:33,Southern Owens Valley,Tinemaha Reservoir Outflow,475.0
2026-07-30 01:43:33,Southern Owens Valley,Indep. Ck. At Junction Flow,9.8
2026-07-30 01:43:33,Southern Owens Valley,LAA at Alabama Flow,396.0
2026-07-30 01:43:33,Southern Owens Valley,Cottonwood Ck. At LAA Flow,0.0
2026-07-30 01:43:33,Southern Owens Valley,LAA at Cottonwood Flow,499.0
2026-07-30 01:43:33,Southern Owens Valley,Haiwee LAA #1 Current Flow,0.0
2026-07-30 01:43:33,Southern Owens Valley,Haiwee LAA #2 Current Flow,193.7
2026-07-30 01:43:33,Southern Owens Valley,Reinhackel Flow,3.0
2026-07-30 01:43:33,Southern Owens Valley,Lubkin Spillgate Outflow,0.0
2026-07-30 01:43:33,Southern Owens Valley,Cartago Spillgate Outflow,20.9
2026-07-30 01:43:33,Southern Owens Valley,Lone Pine Creek Flow,18.9
2026-07-30 01:43:33,Lower Owens River Project,LORP Intake Flow,80.0
2026-07-30 01:43:33,Lower Owens River Project,LORP at Mazourka Canyon Road,0.0
2026-07-30 01:43:33,Lower Owens River Project,LORP at Reinhackle Springs,76.0
2026-07-30 01:43:33,Lower Owens River Project,LORP Above Pumpstation,53.0
2026-07-30 01:43:33,Lower Owens River Project,LORP At Pump Station Discharge Flow,48.0
2026-07-30 01:43:33,Southern District,Haiwee LAA #2 Current Flow,193.7
2026-07-30 01:43:33,Southern District,Haiwee LAA #1 Current Flow,0.0
2026-07-30 01:43:33,Southern District,LAA #1 Flow at Fairmont Reservoir,418.6
2026-07-30 01:43:33,Southern District,LAA #2 Flow at Fairmont Res.,202.5
2026-07-30 01:43:33,Southern District,Bouquet Reservoir Inflow,59.7
2026-07-30 01:43:33,Southern District,Bouquet Reservoir Outflow,0.5
2026-07-30 01:43:33,Southern District,LAA #1 at Soledad Flow,268.8
2026-07-30 01:43:33,Southern District,LAA #2 at Soledad Flow,241.8
2026-07-30 01:43:34,Mono Basin,Mono Lk. Elevation,6382.4
2026-07-30 01:43:34,Mono Basin,Grant Lk. Elevation,7130.0
2026-07-30 01:43:34,Long Valley,Long Valley Elevation,6774.9
2026-07-30 01:43:34,Northern Owens Valley,Pleasant Valley Elevation,4387.1
2026-07-30 01:43:34,Southern Owens Valley,LAA at Alabama Level,7.8
2026-07-30 01:43:34,Southern Owens Valley,LAA at Alabama Water Temp,71.9
2026-07-30 01:43:34,Southern Owens Valley,LAA at Cottonwood Level,9.3
2026-07-30 01:43:34,Southern Owens Valley,LAA at Cotton. Water Temp,73.3
2026-07-30 01:43:34,Southern Owens Valley,N. Haiwee Elevation,3757.0
2026-07-30 01:43:34,Southern Owens Valley,S. Haiwee Reservoir Elevation,3729.0
2026-07-30 01:43:34,Southern District,S. Haiwee Reservoir Elevation,3729.0
2026-07-30 01:43:34,Southern District,Fairmont Reservoir Elevation,3026.0
2026-07-30 01:43:34,Southern District,Bouquet Reservoir Elevation,2981.9
2026-07-30 02:28:34,Northern Owens Valley,Tinemaha Elevation,3861.4
2026-07-30 02:28:34,Southern Owens Valley,Tinemaha Elevation,3861.4
2026-07-30 02:43:33,Mono Basin,Lee Vining Intake Above Flow,39.4
2026-07-30 02:43:33,Mono Basin,Lee Vining Intake Below Flow,29.3
2026-07-30 02:43:33,Mono Basin,Walker Ck. Above Conduit Flow,6.0
2026-07-30 02:43:33,Mono Basin,L.V. Conduit Below Intake Flow,13.6
2026-07-30 02:43:33,Mono Basin,Walker Ck. Under Conduit Flow,6.0
2026-07-30 02:43:33,Mono Basin,Parker Ck. Under Conduit Flow,16.0
2026-07-30 02:43:33,Mono Basin,Parker Ck. Above Conduit Flow,18.0
2026-07-30 02:43:33,Mono Basin,Grant Lk. Spill Flow,0.0
2026-07-30 02:43:33,Mono Basin,Mono Gate 1 Return Ditch Flow,41.9
2026-07-30 02:43:33,Mono Basin,Grant Lk. Outflow,42.2
2026-07-30 02:43:33,Mono Basin,Rush Ck. at Damsite Flow,74.7
2026-07-30 02:43:33,Mono Basin,Flow to West Portal,0.0
2026-07-30 02:43:33,Long Valley,East Portal Flow,12.0
2026-07-30 02:43:33,Long Valley,OR Below EP Flow,57.0
2026-07-30 02:43:33,Long Valley,Hot Ck.at Hwy. Flow,11.0
2026-07-30 02:43:33,Long Valley,McGee Ck. Lower Sta. Flow,7.8
2026-07-30 02:43:33,Long Valley,Long Valley Current Outflow,593.6
2026-07-30 02:43:33,Long Valley,Rock Ck. Div. Flow,0.5
2026-07-30 02:43:33,Long Valley,Upper Gorge Total Release,45.8
2026-07-30 02:43:33,Long Valley,Release at Middle Gorge,0.0
2026-07-30 02:43:33,Northern Owens Valley,Rock Ck. At Owens River (PV) Flow,30.3
2026-07-30 02:43:33,Northern Owens Valley,Pleasant Valley Outflow,425.9
2026-07-30 02:43:33,Northern Owens Valley,Baker Ck. At LA Station Flow,6.1
2026-07-30 02:43:33,Northern Owens Valley,Big Pine Ck. USGS Flow,54.7
2026-07-30 02:43:33,Northern Owens Valley,O.R. Below Big Pine,461.0
2026-07-30 02:43:33,Northern Owens Valley,Fish Springs At RR Flow,29.2
2026-07-30 02:43:33,Northern Owens Valley,Tinemaha Reservoir Outflow,475.8
2026-07-30 02:43:33,Northern Owens Valley,Bishop Creek Through Plant 6,108.6
2026-07-30 02:43:33,Northern Owens Valley,Bishop Creek Around Plant 6,8.2
2026-07-30 02:43:33,Southern Owens Valley,Tinemaha Reservoir Outflow,475.8
2026-07-30 02:43:33,Southern Owens Valley,Indep. Ck. At Junction Flow,9.8
2026-07-30 02:43:33,Southern Owens Valley,LAA at Alabama Flow,396.0
2026-07-30 02:43:33,Southern Owens Valley,Cottonwood Ck. At LAA Flow,0.0
2026-07-30 02:43:33,Southern Owens Valley,LAA at Cottonwood Flow,499.0
2026-07-30 02:43:33,Southern Owens Valley,Haiwee LAA #1 Current Flow,0.0
2026-07-30 02:43:33,Southern Owens Valley,Haiwee LAA #2 Current Flow,193.7
2026-07-30 02:43:33,Southern Owens Valley,Reinhackel Flow,3.0
2026-07-30 02:43:33,Southern Owens Valley,Lubkin Spillgate Outflow,0.0
2026-07-30 02:43:33,Southern Owens Valley,Cartago Spillgate Outflow,20.4
2026-07-30 02:43:33,Southern Owens Valley,Lone Pine Creek Flow,19.1
2026-07-30 02:43:33,Lower Owens River Project,LORP Intake Flow,80.0
2026-07-30 02:43:33,Lower Owens River Project,LORP at Mazourka Canyon Road,0.0
2026-07-30 02:43:33,Lower Owens River Project,LORP at Reinhackle Springs,76.0
2026-07-30 02:43:33,Lower Owens River Project,LORP Above Pumpstation,53.0
2026-07-30 02:43:33,Lower Owens River Project,LORP At Pump Station Discharge Flow,48.0
2026-07-30 02:43:33,Southern District,Haiwee LAA #2 Current Flow,193.7
2026-07-30 02:43:33,Southern District,Haiwee LAA #1 Current Flow,0.0
2026-07-30 02:43:33,Southern District,LAA #1 Flow at Fairmont Reservoir,418.9
2026-07-30 02:43:33,Southern District,LAA #2 Flow at Fairmont Res.,202.5
2026-07-30 02:43:33,Southern District,Bouquet Reservoir Inflow,60.1
2026-07-30 02:43:33,Southern District,Bouquet Reservoir Outflow,0.3
2026-07-30 02:43:33,Southern District,LAA #1 at Soledad Flow,268.8
2026-07-30 02:43:33,Southern District,LAA #2 at Soledad Flow,241.8
2026-07-30 02:43:34,Mono Basin,Mono Lk. Elevation,6382.4
2026-07-30 02:43:34,Mono Basin,Grant Lk. Elevation,7130.0
2026-07-30 02:43:34,Long Valley,Long Valley Elevation,6774.9
2026-07-30 02:43:34,Northern Owens Valley,Pleasant Valley Elevation,4387.3
2026-07-30 02:43:34,Southern Owens Valley,LAA at Alabama Level,7.8
2026-07-30 02:43:34,Southern Owens Valley,LAA at Alabama Water Temp,71.9
2026-07-30 02:43:34,Southern Owens Valley,LAA at Cottonwood Level,9.3
2026-07-30 02:43:34,Southern Owens Valley,LAA at Cotton. Water Temp,73.0
2026-07-30 02:43:34,Southern Owens Valley,N. Haiwee Elevation,3757.0
2026-07-30 02:43:34,Southern Owens Valley,S. Haiwee Reservoir Elevation,3729.0
2026-07-30 02:43:34,Southern District,S. Haiwee Reservoir Elevation,3729.0
2026-07-30 02:43:34,Southern District,Fairmont Reservoir Elevation,3026.0
2026-07-30 02:43:34,Southern District,Bouquet Reservoir Elevation,2981.9
2026-07-30 02:58:34,Northern Owens Valley,Tinemaha Elevation,3861.4
2026-07-30 02:58:34,Southern Owens Valley,Tinemaha Elevation,3861.4
2026-07-30 03:28:39,Northern Owens Valley,Tinemaha Elevation,3861.4
2026-07-30 03:28:39,Southern Owens Valley,Tinemaha Elevation,3861.4
2026-07-30 03:43:34,Mono Basin,Lee Vining Intake Above Flow,38.7
2026-07-30 03:43:34,Mono Basin,Lee Vining Intake Below Flow,29.5
2026-07-30 03:43:34,Mono Basin,Walker Ck. Above Conduit Flow,6.0
2026-07-30 03:43:34,Mono Basin,L.V. Conduit Below Intake Flow,10.4
2026-07-30 03:43:34,Mono Basin,Walker Ck. Under Conduit Flow,6.0
2026-07-30 03:43:34,Mono Basin,Parker Ck. Under Conduit Flow,16.0
2026-07-30 03:43:34,Mono Basin,Parker Ck. Above Conduit Flow,18.0
2026-07-30 03:43:34,Mono Basin,Grant Lk. Spill Flow,0.0
2026-07-30 03:43:34,Mono Basin,Mono Gate 1 Return Ditch Flow,41.9
2026-07-30 03:43:34,Mono Basin,Grant Lk. Outflow,42.2
2026-07-30 03:43:34,Mono Basin,Rush Ck. at Damsite Flow,74.7
2026-07-30 03:43:34,Mono Basin,Flow to West Portal,0.0
2026-07-30 03:43:34,Long Valley,East Portal Flow,12.0
2026-07-30 03:43:34,Long Valley,OR Below EP Flow,57.0
2026-07-30 03:43:34,Long Valley,Hot Ck.at Hwy. Flow,11.0
2026-07-30 03:43:34,Long Valley,McGee Ck. Lower Sta. Flow,7.8
2026-07-30 03:43:34,Long Valley,Long Valley Current Outflow,597.6
2026-07-30 03:43:34,Long Valley,Rock Ck. Div. Flow,0.5
2026-07-30 03:43:34,Long Valley,Upper Gorge Total Release,46.5
2026-07-30 03:43:34,Long Valley,Release at Middle Gorge,0.0
2026-07-30 03:43:34,Northern Owens Valley,Rock Ck. At Owens River (PV) Flow,30.4
2026-07-30 03:43:34,Northern Owens Valley,Pleasant Valley Outflow,428.0
2026-07-30 03:43:34,Northern Owens Valley,Baker Ck. At LA Station Flow,6.4
2026-07-30 03:43:34,Northern Owens Valley,Big Pine Ck. USGS Flow,54.7
2026-07-30 03:43:34,Northern Owens Valley,O.R. Below Big Pine,459.9
2026-07-30 03:43:34,Northern Owens Valley,Fish Springs At RR Flow,29.2
2026-07-30 03:43:34,Northern Owens Valley,Tinemaha Reservoir Outflow,475.0
2026-07-30 03:43:34,Northern Owens Valley,Bishop Creek Through Plant 6,109.1
2026-07-30 03:43:34,Northern Owens Valley,Bishop Creek Around Plant 6,8.2
2026-07-30 03:43:34,Southern Owens Valley,Tinemaha Reservoir Outflow,475.0
2026-07-30 03:43:34,Southern Owens Valley,Indep. Ck. At Junction Flow,9.8
2026-07-30 03:43:34,Southern Owens Valley,LAA at Alabama Flow,396.0
2026-07-30 03:43:34,Southern Owens Valley,LAA at Alabama Level,7.8
2026-07-30 03:43:34,Southern Owens Valley,LAA at Alabama Water Temp,71.9
2026-07-30 03:43:34,Southern Owens Valley,Cottonwood Ck. At LAA Flow,0.0
2026-07-30 03:43:34,Southern Owens Valley,LAA at Cottonwood Flow,499.0
2026-07-30 03:43:34,Southern Owens Valley,LAA at Cottonwood Level,9.3
2026-07-30 03:43:34,Southern Owens Valley,LAA at Cotton. Water Temp,72.8
2026-07-30 03:43:34,Southern Owens Valley,N. Haiwee Elevation,3757.0
2026-07-30 03:43:34,Southern Owens Valley,Haiwee LAA #1 Current Flow,0.0
2026-07-30 03:43:34,Southern Owens Valley,Haiwee LAA #2 Current Flow,193.7
2026-07-30 03:43:34,Southern Owens Valley,Reinhackel Flow,3.0
2026-07-30 03:43:34,Southern Owens Valley,Lubkin Spillgate Outflow,0.0
2026-07-30 03:43:34,Southern Owens Valley,Cartago Spillgate Outflow,23.4
2026-07-30 03:43:34,Southern Owens Valley,Lone Pine Creek Flow,19.3
2026-07-30 03:43:34,Lower Owens River Project,LORP Intake Flow,80.0
2026-07-30 03:43:34,Lower Owens River Project,LORP at Mazourka Canyon Road,0.0
2026-07-30 03:43:34,Lower Owens River Project,LORP at Reinhackle Springs,78.0
2026-07-30 03:43:34,Lower Owens River Project,LORP Above Pumpstation,54.0
2026-07-30 03:43:34,Lower Owens River Project,LORP At Pump Station Discharge Flow,48.0
2026-07-30 03:43:34,Southern District,Haiwee LAA #2 Current Flow,193.7
2026-07-30 03:43:34,Southern District,Haiwee LAA #1 Current Flow,0.0
2026-07-30 03:43:34,Southern District,LAA #1 Flow at Fairmont Reservoir,402.5
2026-07-30 03:43:34,Southern District,LAA #2 Flow at Fairmont Res.,202.5
2026-07-30 03:43:34,Southern District,Bouquet Reservoir Inflow,59.9
2026-07-30 03:43:34,Southern District,Bouquet Reservoir Outflow,0.7
2026-07-30 03:43:34,Southern District,LAA #1 at Soledad Flow,265.8
2026-07-30 03:43:34,Southern District,LAA #2 at Soledad Flow,246.0
2026-07-30 03:43:35,Mono Basin,Mono Lk. Elevation,6382.4
2026-07-30 03:43:35,Mono Basin,Grant Lk. Elevation,7130.0
2026-07-30 03:43:35,Long Valley,Long Valley Elevation,6774.8
2026-07-30 03:43:35,Northern Owens Valley,Pleasant Valley Elevation,4387.4
2026-07-30 03:43:35,Southern Owens Valley,S. Haiwee Reservoir Elevation,3729.0
2026-07-30 03:43:35,Southern District,S. Haiwee Reservoir Elevation,3729.0
2026-07-30 03:43:35,Southern District,Fairmont Reservoir Elevation,3025.9
2026-07-30 03:43:35,Southern District,Bouquet Reservoir Elevation,2981.9
2026-07-30 03:58:35,Northern Owens Valley,Tinemaha Elevation,3861.4
2026-07-30 03:58:35,Southern Owens Valley,Tinemaha Elevation,3861.4
2026-07-30 04:28:34,Northern Owens Valley,Tinemaha Elevation,3861.4
2026-07-30 04:28:34,Southern Owens Valley,Tinemaha Elevation,3861.4
2026-07-30 04:43:33,Mono Basin,Lee Vining Intake Above Flow,38.1
2026-07-30 04:43:33,Mono Basin,Lee Vining Intake Below Flow,29.6
2026-07-30 04:43:33,Mono Basin,Walker Ck. Above Conduit Flow,6.0
2026-07-30 04:43:33,Mono Basin,L.V. Conduit Below Intake Flow,9.0
2026-07-30 04:43:33,Mono Basin,Walker Ck. Under Conduit Flow,6.0
2026-07-30 04:43:33,Mono Basin,Parker Ck. Under Conduit Flow,16.0
2026-07-30 04:43:33,Mono Basin,Parker Ck. Above Conduit Flow,18.0
2026-07-30 04:43:33,Mono Basin,Grant Lk. Spill Flow,0.0
2026-07-30 04:43:33,Mono Basin,Grant Lk. Outflow,42.4
2026-07-30 04:43:33,Mono Basin,Rush Ck. at Damsite Flow,74.7
2026-07-30 04:43:33,Mono Basin,Flow to West Portal,0.0
2026-07-30 04:43:33,Long Valley,East Portal Flow,12.0
2026-07-30 04:43:33,Long Valley,OR Below EP Flow,57.0
2026-07-30 04:43:33,Long Valley,Hot Ck.at Hwy. Flow,11.0
2026-07-30 04:43:33,Long Valley,McGee Ck. Lower Sta. Flow,7.8
2026-07-30 04:43:33,Long Valley,Long Valley Current Outflow,596.4
2026-07-30 04:43:33,Long Valley,Rock Ck. Div. Flow,0.5
2026-07-30 04:43:33,Long Valley,Upper Gorge Total Release,47.1
2026-07-30 04:43:33,Long Valley,Release at Middle Gorge,0.0
2026-07-30 04:43:33,Northern Owens Valley,Rock Ck. At Owens River (PV) Flow,30.8
2026-07-30 04:43:33,Northern Owens Valley,Pleasant Valley Outflow,429.6
2026-07-30 04:43:33,Northern Owens Valley,Baker Ck. At LA Station Flow,6.4
2026-07-30 04:43:33,Northern Owens Valley,Big Pine Ck. USGS Flow,54.7
2026-07-30 04:43:33,Northern Owens Valley,O.R. Below Big Pine,461.5
2026-07-30 04:43:33,Northern Owens Valley,Fish Springs At RR Flow,29.2
2026-07-30 04:43:33,Northern Owens Valley,Tinemaha Reservoir Outflow,474.2
2026-07-30 04:43:33,Northern Owens Valley,Bishop Creek Through Plant 6,105.9
2026-07-30 04:43:33,Northern Owens Valley,Bishop Creek Around Plant 6,8.2
2026-07-30 04:43:33,Southern Owens Valley,Tinemaha Reservoir Outflow,474.2
2026-07-30 04:43:33,Southern Owens Valley,Indep. Ck. At Junction Flow,9.8
2026-07-30 04:43:33,Southern Owens Valley,LAA at Alabama Flow,396.0
2026-07-30 04:43:33,Southern Owens Valley,Cottonwood Ck. At LAA Flow,0.0
2026-07-30 04:43:33,Southern Owens Valley,LAA at Cottonwood Flow,500.0
2026-07-30 04:43:33,Southern Owens Valley,Haiwee LAA #1 Current Flow,0.0
2026-07-30 04:43:33,Southern Owens Valley,Haiwee LAA #2 Current Flow,193.7
2026-07-30 04:43:33,Southern Owens Valley,Reinhackel Flow,3.0
2026-07-30 04:43:33,Southern Owens Valley,Lubkin Spillgate Outflow,0.0
2026-07-30 04:43:33,Southern Owens Valley,Cartago Spillgate Outflow,22.6
2026-07-30 04:43:33,Southern Owens Valley,Lone Pine Creek Flow,19.2
2026-07-30 04:43:33,Lower Owens River Project,LORP Intake Flow,80.0
2026-07-30 04:43:33,Lower Owens River Project,LORP at Mazourka Canyon Road,0.0
2026-07-30 04:43:33,Lower Owens River Project,LORP at Reinhackle Springs,77.0
2026-07-30 04:43:33,Lower Owens River Project,LORP Above Pumpstation,53.0
2026-07-30 04:43:33,Lower Owens River Project,LORP At Pump Station Discharge Flow,49.0
2026-07-30 04:43:33,Southern District,Haiwee LAA #2 Current Flow,193.7
2026-07-30 04:43:33,Southern District,Haiwee LAA #1 Current Flow,0.0
2026-07-30 04:43:34,Mono Basin,Mono Lk. Elevation,6382.4
2026-07-30 04:43:34,Mono Basin,Mono Gate 1 Return Ditch Flow,42.0
2026-07-30 04:43:34,Mono Basin,Grant Lk. Elevation,7130.0
2026-07-30 04:43:34,Long Valley,Long Valley Elevation,6774.8
2026-07-30 04:43:34,Northern Owens Valley,Pleasant Valley Elevation,4387.6
2026-07-30 04:43:34,Southern Owens Valley,LAA at Alabama Level,7.8
2026-07-30 04:43:34,Southern Owens Valley,LAA at Alabama Water Temp,71.9
2026-07-30 04:43:34,Southern Owens Valley,LAA at Cottonwood Level,9.3
2026-07-30 04:43:34,Southern Owens Valley,LAA at Cotton. Water Temp,72.7
2026-07-30 04:43:34,Southern Owens Valley,N. Haiwee Elevation,3757.0
2026-07-30 04:43:34,Southern Owens Valley,S. Haiwee Reservoir Elevation,3729.0
2026-07-30 04:43:34,Southern District,S. Haiwee Reservoir Elevation,3729.0
2026-07-30 04:43:34,Southern District,Fairmont Reservoir Elevation,3025.9
2026-07-30 04:43:34,Southern District,LAA #1 Flow at Fairmont Reservoir,405.5
2026-07-30 04:43:34,Southern District,LAA #2 Flow at Fairmont Res.,202.4
2026-07-30 04:43:34,Southern District,Bouquet Reservoir Elevation,2981.9
2026-07-30 04:43:34,Southern District,Bouquet Reservoir Inflow,56.0
2026-07-30 04:43:34,Southern District,Bouquet Reservoir Outflow,0.5
2026-07-30 04:43:34,Southern District,LAA #1 at Soledad Flow,265.8
2026-07-30 04:43:34,Southern District,LAA #2 at Soledad Flow,246.0
2026-07-30 04:58:34,Northern Owens Valley,Tinemaha Elevation,3861.4
2026-07-30 04:58:34,Southern Owens Valley,Tinemaha Elevation,3861.4
2026-07-30 05:28:34,Northern Owens Valley,Tinemaha Elevation,3861.4
2026-07-30 05:28:34,Southern Owens Valley,Tinemaha Elevation,3861.4
2026-07-30 05:43:34,Mono Basin,Lee Vining Intake Above Flow,37.7
2026-07-30 05:43:34,Mono Basin,Lee Vining Intake Below Flow,29.2
2026-07-30 05:43:34,Mono Basin,Mono Lk. Elevation,6382.4
2026-07-30 05:43:34,Mono Basin,Walker Ck. Above Conduit Flow,6.0
2026-07-30 05:43:34,Mono Basin,L.V. Conduit Below Intake Flow,8.6
2026-07-30 05:43:34,Mono Basin,Walker Ck. Under Conduit Flow,6.0
2026-07-30 05:43:34,Mono Basin,Parker Ck. Under Conduit Flow,16.0
2026-07-30 05:43:34,Mono Basin,Parker Ck. Above Conduit Flow,18.0
2026-07-30 05:43:34,Mono Basin,Grant Lk. Spill Flow,0.0
2026-07-30 05:43:34,Mono Basin,Mono Gate 1 Return Ditch Flow,41.8
2026-07-30 05:43:34,Mono Basin,Grant Lk. Elevation,7130.0
2026-07-30 05:43:34,Mono Basin,Grant Lk. Outflow,42.6
2026-07-30 05:43:34,Mono Basin,Rush Ck. at Damsite Flow,74.7
2026-07-30 05:43:34,Mono Basin,Flow to West Portal,0.0
2026-07-30 05:43:34,Long Valley,East Portal Flow,12.0
2026-07-30 05:43:34,Long Valley,OR Below EP Flow,57.0
2026-07-30 05:43:34,Long Valley,Hot Ck.at Hwy. Flow,11.0
2026-07-30 05:43:34,Long Valley,McGee Ck. Lower Sta. Flow,7.8
2026-07-30 05:43:34,Long Valley,Long Valley Elevation,6774.8
2026-07-30 05:43:34,Long Valley,Long Valley Current Outflow,596.5
2026-07-30 05:43:34,Long Valley,Rock Ck. Div. Flow,0.5
2026-07-30 05:43:34,Long Valley,Upper Gorge Total Release,47.2
2026-07-30 05:43:34,Long Valley,Release at Middle Gorge,0.0
2026-07-30 05:43:34,Northern Owens Valley,Rock Ck. At Owens River (PV) Flow,30.8
2026-07-30 05:43:34,Northern Owens Valley,Pleasant Valley Elevation,4387.8
2026-07-30 05:43:34,Northern Owens Valley,Pleasant Valley Outflow,432.1
2026-07-30 05:43:34,Northern Owens Valley,Baker Ck. At LA Station Flow,6.4
2026-07-30 05:43:34,Northern Owens Valley,Big Pine Ck. USGS Flow,54.7
2026-07-30 05:43:34,Northern Owens Valley,O.R. Below Big Pine,461.9
2026-07-30 05:43:34,Northern Owens Valley,Fish Springs At RR Flow,29.2
2026-07-30 05:43:34,Northern Owens Valley,Tinemaha Reservoir Outflow,474.2
2026-07-30 05:43:34,Northern Owens Valley,Bishop Creek Through Plant 6,106.4
2026-07-30 05:43:34,Northern Owens Valley,Bishop Creek Around Plant 6,8.2
2026-07-30 05:43:34,Southern Owens Valley,Tinemaha Reservoir Outflow,474.2
2026-07-30 05:43:34,Southern Owens Valley,Indep. Ck. At Junction Flow,9.8
2026-07-30 05:43:34,Southern Owens Valley,LAA at Alabama Flow,396.0
2026-07-30 05:43:34,Southern Owens Valley,LAA at Alabama Level,7.8
2026-07-30 05:43:34,Southern Owens Valley,LAA at Alabama Water Temp,71.9
2026-07-30 05:43:34,Southern Owens Valley,Cottonwood Ck. At LAA Flow,0.0
2026-07-30 05:43:34,Southern Owens Valley,LAA at Cottonwood Flow,499.0
2026-07-30 05:43:34,Southern Owens Valley,LAA at Cottonwood Level,9.3
2026-07-30 05:43:34,Southern Owens Valley,LAA at Cotton. Water Temp,72.5
2026-07-30 05:43:34,Southern Owens Valley,N. Haiwee Elevation,3757.0
2026-07-30 05:43:34,Southern Owens Valley,S. Haiwee Reservoir Elevation,3729.0
2026-07-30 05:43:34,Southern Owens Valley,Haiwee LAA #1 Current Flow,0.0
2026-07-30 05:43:34,Southern Owens Valley,Haiwee LAA #2 Current Flow,193.7
2026-07-30 05:43:34,Southern Owens Valley,Reinhackel Flow,3.0
2026-07-30 05:43:34,Southern Owens Valley,Lubkin Spillgate Outflow,0.0
2026-07-30 05:43:34,Southern Owens Valley,Cartago Spillgate Outflow,23.8
2026-07-30 05:43:34,Southern Owens Valley,Lone Pine Creek Flow,19.2
2026-07-30 05:43:34,Lower Owens River Project,LORP Intake Flow,81.0
2026-07-30 05:43:34,Lower Owens River Project,LORP at Mazourka Canyon Road,0.0
2026-07-30 05:43:34,Lower Owens River Project,LORP at Reinhackle Springs,76.0
2026-07-30 05:43:34,Lower Owens River Project,LORP Above Pumpstation,53.0
2026-07-30 05:43:34,Lower Owens River Project,LORP At Pump Station Discharge Flow,48.0
2026-07-30 05:43:34,Southern District,Haiwee LAA #2 Current Flow,193.7
2026-07-30 05:43:34,Southern District,S. Haiwee Reservoir Elevation,3729.0
2026-07-30 05:43:34,Southern District,Haiwee LAA #1 Current Flow,0.0
2026-07-30 05:43:34,Southern District,Fairmont Reservoir Elevation,3025.9
2026-07-30 05:43:34,Southern District,LAA #1 Flow at Fairmont Reservoir,415.9
2026-07-30 05:43:34,Southern District,LAA #2 Flow at Fairmont Res.,202.3
2026-07-30 05:43:34,Southern District,Bouquet Reservoir Elevation,2981.9
2026-07-30 05:43:34,Southern District,Bouquet Reservoir Inflow,54.2
2026-07-30 05:43:34,Southern District,Bouquet Reservoir Outflow,0.5
2026-07-30 05:43:34,Southern District,LAA #1 at Soledad Flow,265.8
2026-07-30 05:43:34,Southern District,LAA #2 at Soledad Flow,246.0
2026-07-30 05:58:34,Northern Owens Valley,Tinemaha Elevation,3861.4
2026-07-30 05:58:34,Southern Owens Valley,Tinemaha Elevation,3861.4
2026-07-30 06:28:36,Northern Owens Valley,Tinemaha Elevation,3861.4
2026-07-30 06:28:36,Southern Owens Valley,Tinemaha Elevation,3861.4
2026-07-30 06:43:33,Mono Basin,Lee Vining Intake Above Flow,38.1
2026-07-30 06:43:33,Mono Basin,Lee Vining Intake Below Flow,29.3
2026-07-30 06:43:33,Mono Basin,Walker Ck. Above Conduit Flow,6.0
2026-07-30 06:43:33,Mono Basin,L.V. Conduit Below Intake Flow,8.1
2026-07-30 06:43:33,Mono Basin,Walker Ck. Under Conduit Flow,6.0
2026-07-30 06:43:33,Mono Basin,Parker Ck. Under Conduit Flow,16.0
2026-07-30 06:43:33,Mono Basin,Parker Ck. Above Conduit Flow,18.0
2026-07-30 06:43:33,Mono Basin,Grant Lk. Spill Flow,0.0
2026-07-30 06:43:33,Mono Basin,Mono Gate 1 Return Ditch Flow,41.9
2026-07-30 06:43:33,Mono Basin,Grant Lk. Outflow,42.4
2026-07-30 06:43:33,Mono Basin,Rush Ck. at Damsite Flow,66.0
2026-07-30 06:43:33,Mono Basin,Flow to West Portal,0.0
2026-07-30 06:43:33,Long Valley,East Portal Flow,12.0
2026-07-30 06:43:33,Long Valley,OR Below EP Flow,57.0
2026-07-30 06:43:33,Long Valley,Hot Ck.at Hwy. Flow,12.0
2026-07-30 06:43:33,Long Valley,McGee Ck. Lower Sta. Flow,8.1
2026-07-30 06:43:33,Long Valley,Long Valley Current Outflow,593.5
2026-07-30 06:43:33,Long Valley,Rock Ck. Div. Flow,0.5
2026-07-30 06:43:33,Long Valley,Upper Gorge Total Release,45.5
2026-07-30 06:43:33,Long Valley,Release at Middle Gorge,0.0
2026-07-30 06:43:33,Northern Owens Valley,Rock Ck. At Owens River (PV) Flow,31.0
2026-07-30 06:43:33,Northern Owens Valley,Pleasant Valley Outflow,433.7
2026-07-30 06:43:33,Northern Owens Valley,Baker Ck. At LA Station Flow,6.6
2026-07-30 06:43:33,Northern Owens Valley,Big Pine Ck. USGS Flow,55.9
2026-07-30 06:43:33,Northern Owens Valley,O.R. Below Big Pine,463.4
2026-07-30 06:43:33,Northern Owens Valley,Fish Springs At RR Flow,29.5
2026-07-30 06:43:33,Northern Owens Valley,Tinemaha Reservoir Outflow,474.2
2026-07-30 06:43:33,Northern Owens Valley,Bishop Creek Through Plant 6,106.6
2026-07-30 06:43:33,Northern Owens Valley,Bishop Creek Around Plant 6,8.2
2026-07-30 06:43:33,Southern Owens Valley,Tinemaha Reservoir Outflow,474.2
2026-07-30 06:43:33,Southern Owens Valley,Indep. Ck. At Junction Flow,10.5
2026-07-30 06:43:33,Southern Owens Valley,LAA at Alabama Flow,396.0
2026-07-30 06:43:33,Southern Owens Valley,Cottonwood Ck. At LAA Flow,0.0
2026-07-30 06:43:33,Southern Owens Valley,LAA at Cottonwood Flow,499.0
2026-07-30 06:43:33,Southern Owens Valley,Haiwee LAA #1 Current Flow,0.0
2026-07-30 06:43:33,Southern Owens Valley,Haiwee LAA #2 Current Flow,193.9
2026-07-30 06:43:33,Southern Owens Valley,Reinhackel Flow,3.0
2026-07-30 06:43:33,Southern Owens Valley,Lubkin Spillgate Outflow,0.0
2026-07-30 06:43:33,Southern Owens Valley,Cartago Spillgate Outflow,23.2
2026-07-30 06:43:33,Southern Owens Valley,Lone Pine Creek Flow,19.3
2026-07-30 06:43:33,Lower Owens River Project,LORP Intake Flow,81.0
2026-07-30 06:43:33,Lower Owens River Project,LORP at Mazourka Canyon Road,0.0
2026-07-30 06:43:33,Lower Owens River Project,LORP at Reinhackle Springs,73.0
2026-07-30 06:43:33,Lower Owens River Project,LORP Above Pumpstation,53.0
2026-07-30 06:43:33,Lower Owens River Project,LORP At Pump Station Discharge Flow,48.0
2026-07-30 06:43:33,Southern District,Haiwee LAA #2 Current Flow,193.9
2026-07-30 06:43:33,Southern District,Haiwee LAA #1 Current Flow,0.0
2026-07-30 06:43:33,Southern District,LAA #1 Flow at Fairmont Reservoir,418.1
2026-07-30 06:43:33,Southern District,LAA #2 Flow at Fairmont Res.,202.4
2026-07-30 06:43:33,Southern District,Bouquet Reservoir Inflow,55.1
2026-07-30 06:43:33,Southern District,Bouquet Reservoir Outflow,0.5
2026-07-30 06:43:33,Southern District,LAA #1 at Soledad Flow,266.5
2026-07-30 06:43:33,Southern District,LAA #2 at Soledad Flow,246.9
2026-07-30 06:43:34,Mono Basin,Mono Lk. Elevation,6382.4
2026-07-30 06:43:34,Mono Basin,Grant Lk. Elevation,7130.0
2026-07-30 06:43:34,Long Valley,Long Valley Elevation,6774.8
2026-07-30 06:43:34,Northern Owens Valley,Pleasant Valley Elevation,4388.0
2026-07-30 06:43:34,Southern Owens Valley,LAA at Alabama Level,7.8
2026-07-30 06:43:34,Southern Owens Valley,LAA at Alabama Water Temp,71.9
2026-07-30 06:43:34,Southern Owens Valley,LAA at Cottonwood Level,9.3
2026-07-30 06:43:34,Southern Owens Valley,LAA at Cotton. Water Temp,72.5
2026-07-30 06:43:34,Southern Owens Valley,N. Haiwee Elevation,3757.0
2026-07-30 06:43:34,Southern Owens Valley,S. Haiwee Reservoir Elevation,3729.0
2026-07-30 06:43:34,Southern District,S. Haiwee Reservoir Elevation,3729.0
2026-07-30 06:43:34,Southern District,Fairmont Reservoir Elevation,3025.9
2026-07-30 06:43:34,Southern District,Bouquet Reservoir Elevation,2981.9
2026-07-30 06:58:34,Northern Owens Valley,Tinemaha Elevation,3861.4
2026-07-30 06:58:34,Southern Owens Valley,Tinemaha Elevation,3861.4
2026-07-30 07:28:34,Northern Owens Valley,Tinemaha Elevation,3861.4
2026-07-30 07:28:34,Southern Owens Valley,Tinemaha Elevation,3861.4
2026-07-30 07:43:33,Northern Owens Valley,Tinemaha Reservoir Outflow,474.2
2026-07-30 07:43:33,Southern Owens Valley,Tinemaha Reservoir Outflow,474.2
2026-07-30 07:43:33,Southern Owens Valley,Indep. Ck. At Junction Flow,10.5
2026-07-30 07:43:33,Southern Owens Valley,LAA at Alabama Flow,396.0
2026-07-30 07:43:33,Southern Owens Valley,Cottonwood Ck. At LAA Flow,0.0
2026-07-30 07:43:33,Southern Owens Valley,LAA at Cottonwood Flow,500.0
2026-07-30 07:43:33,Southern Owens Valley,Reinhackel Flow,3.0
2026-07-30 07:43:33,Southern Owens Valley,Lone Pine Creek Flow,19.2
2026-07-30 07:43:33,Lower Owens River Project,LORP Intake Flow,81.0
2026-07-30 07:43:34,Mono Basin,Lee Vining Intake Above Flow,36.9
2026-07-30 07:43:34,Mono Basin,Lee Vining Intake Below Flow,29.4
2026-07-30 07:43:34,Mono Basin,Mono Lk. Elevation,6382.4
2026-07-30 07:43:34,Mono Basin,Walker Ck. Above Conduit Flow,6.0
2026-07-30 07:43:34,Mono Basin,L.V. Conduit Below Intake Flow,7.8
2026-07-30 07:43:34,Mono Basin,Walker Ck. Under Conduit Flow,6.0
2026-07-30 07:43:34,Mono Basin,Parker Ck. Under Conduit Flow,16.0
2026-07-30 07:43:34,Mono Basin,Parker Ck. Above Conduit Flow,18.0
2026-07-30 07:43:34,Mono Basin,Grant Lk. Spill Flow,0.0
2026-07-30 07:43:34,Mono Basin,Mono Gate 1 Return Ditch Flow,41.9
2026-07-30 07:43:34,Mono Basin,Grant Lk. Elevation,7130.0
2026-07-30 07:43:34,Mono Basin,Grant Lk. Outflow,42.2
2026-07-30 07:43:34,Mono Basin,Rush Ck. at Damsite Flow,66.0
2026-07-30 07:43:34,Mono Basin,Flow to West Portal,0.0
2026-07-30 07:43:34,Long Valley,East Portal Flow,12.0
2026-07-30 07:43:34,Long Valley,OR Below EP Flow,57.0
2026-07-30 07:43:34,Long Valley,Hot Ck.at Hwy. Flow,12.0
2026-07-30 07:43:34,Long Valley,McGee Ck. Lower Sta. Flow,8.1
2026-07-30 07:43:34,Long Valley,Long Valley Elevation,6774.8
2026-07-30 07:43:34,Long Valley,Long Valley Current Outflow,589.9
2026-07-30 07:43:34,Long Valley,Rock Ck. Div. Flow,0.5
2026-07-30 07:43:34,Long Valley,Upper Gorge Total Release,46.0
2026-07-30 07:43:34,Long Valley,Release at Middle Gorge,0.0
2026-07-30 07:43:34,Northern Owens Valley,Rock Ck. At Owens River (PV) Flow,31.2
2026-07-30 07:43:34,Northern Owens Valley,Pleasant Valley Elevation,4388.2
2026-07-30 07:43:34,Northern Owens Valley,Pleasant Valley Outflow,435.3
2026-07-30 07:43:34,Northern Owens Valley,Baker Ck. At LA Station Flow,6.6
2026-07-30 07:43:34,Northern Owens Valley,Big Pine Ck. USGS Flow,55.9
2026-07-30 07:43:34,Northern Owens Valley,O.R. Below Big Pine,464.0
2026-07-30 07:43:34,Northern Owens Valley,Fish Springs At RR Flow,29.5
2026-07-30 07:43:34,Northern Owens Valley,Bishop Creek Through Plant 6,106.6
2026-07-30 07:43:34,Northern Owens Valley,Bishop Creek Around Plant 6,8.2
2026-07-30 07:43:34,Southern Owens Valley,LAA at Alabama Level,7.8
2026-07-30 07:43:34,Southern Owens Valley,LAA at Alabama Water Temp,71.9
2026-07-30 07:43:34,Southern Owens Valley,LAA at Cottonwood Level,9.3
2026-07-30 07:43:34,Southern Owens Valley,LAA at Cotton. Water Temp,72.4
2026-07-30 07:43:34,Southern Owens Valley,N. Haiwee Elevation,3757.0
2026-07-30 07:43:34,Southern Owens Valley,S. Haiwee Reservoir Elevation,3729.0
2026-07-30 07:43:34,Southern Owens Valley,Haiwee LAA #1 Current Flow,0.0
2026-07-30 07:43:34,Southern Owens Valley,Haiwee LAA #2 Current Flow,193.9
2026-07-30 07:43:34,Southern Owens Valley,Lubkin Spillgate Outflow,0.0
2026-07-30 07:43:34,Southern Owens Valley,Cartago Spillgate Outflow,21.6
2026-07-30 07:43:34,Lower Owens River Project,LORP at Mazourka Canyon Road,0.0
2026-07-30 07:43:34,Lower Owens River Project,LORP at Reinhackle Springs,75.0
2026-07-30 07:43:34,Lower Owens River Project,LORP Above Pumpstation,51.0
2026-07-30 07:43:34,Lower Owens River Project,LORP At Pump Station Discharge Flow,47.0
2026-07-30 07:43:34,Southern District,Haiwee LAA #2 Current Flow,193.9
2026-07-30 07:43:34,Southern District,S. Haiwee Reservoir Elevation,3729.0
2026-07-30 07:43:34,Southern District,Haiwee LAA #1 Current Flow,0.0
2026-07-30 07:43:34,Southern District,Fairmont Reservoir Elevation,3025.9
2026-07-30 07:43:34,Southern District,LAA #1 Flow at Fairmont Reservoir,417.4
2026-07-30 07:43:34,Southern District,LAA #2 Flow at Fairmont Res.,202.1
2026-07-30 07:43:34,Southern District,Bouquet Reservoir Elevation,2981.9
2026-07-30 07:43:34,Southern District,Bouquet Reservoir Inflow,59.1
2026-07-30 07:43:34,Southern District,Bouquet Reservoir Outflow,0.5
2026-07-30 07:43:34,Southern District,LAA #1 at Soledad Flow,265.5
2026-07-30 07:43:34,Southern District,LAA #2 at Soledad Flow,247.3
2026-07-30 07:58:34,Northern Owens Valley,Tinemaha Elevation,3861.4
2026-07-30 07:58:34,Southern Owens Valley,Tinemaha Elevation,3861.4
2026-07-30 08:13:33,Southern Owens Valley,LAA at Alabama Flow,396.0
2026-07-30 08:13:33,Southern Owens Valley,Cottonwood Ck. At LAA Flow,0.0
2026-07-30 08:13:33,Southern Owens Valley,LAA at Cottonwood Flow,501.0
2026-07-30 08:13:33,Southern Owens Valley,Lone Pine Creek Flow,19.2
2026-07-30 08:13:34,Mono Basin,Lee Vining Intake Above Flow,37.1
2026-07-30 08:13:34,Mono Basin,Lee Vining Intake Below Flow,29.5
2026-07-30 08:13:34,Mono Basin,Mono Lk. Elevation,6382.4
2026-07-30 08:13:34,Mono Basin,Walker Ck. Above Conduit Flow,6.0
2026-07-30 08:13:34,Mono Basin,L.V. Conduit Below Intake Flow,7.8
2026-07-30 08:13:34,Mono Basin,Walker Ck. Under Conduit Flow,6.0
2026-07-30 08:13:34,Mono Basin,Parker Ck. Under Conduit Flow,16.0
2026-07-30 08:13:34,Mono Basin,Parker Ck. Above Conduit Flow,18.0
2026-07-30 08:13:34,Mono Basin,Grant Lk. Spill Flow,0.0
2026-07-30 08:13:34,Mono Basin,Mono Gate 1 Return Ditch Flow,41.9
2026-07-30 08:13:34,Mono Basin,Grant Lk. Elevation,7130.0
2026-07-30 08:13:34,Mono Basin,Grant Lk. Outflow,42.2
2026-07-30 08:13:34,Mono Basin,Rush Ck. at Damsite Flow,66.0
2026-07-30 08:13:34,Mono Basin,Flow to West Portal,0.0
2026-07-30 08:13:34,Long Valley,East Portal Flow,12.0
2026-07-30 08:13:34,Long Valley,OR Below EP Flow,57.0
2026-07-30 08:13:34,Long Valley,Hot Ck.at Hwy. Flow,12.0
2026-07-30 08:13:34,Long Valley,McGee Ck. Lower Sta. Flow,8.1
2026-07-30 08:13:34,Long Valley,Long Valley Elevation,6774.8
2026-07-30 08:13:34,Long Valley,Long Valley Current Outflow,0.0
2026-07-30 08:13:34,Long Valley,Rock Ck. Div. Flow,0.5
2026-07-30 08:13:34,Long Valley,Upper Gorge Total Release,45.1
2026-07-30 08:13:34,Long Valley,Release at Middle Gorge,0.0
2026-07-30 08:13:34,Northern Owens Valley,Rock Ck. At Owens River (PV) Flow,31.2
2026-07-30 08:13:34,Northern Owens Valley,Pleasant Valley Elevation,4388.2
2026-07-30 08:13:34,Northern Owens Valley,Pleasant Valley Outflow,435.7
2026-07-30 08:13:34,Northern Owens Valley,Baker Ck. At LA Station Flow,6.6
2026-07-30 08:13:34,Northern Owens Valley,Big Pine Ck. USGS Flow,57.9
2026-07-30 08:13:34,Northern Owens Valley,O.R. Below Big Pine,465.1
2026-07-30 08:13:34,Northern Owens Valley,Fish Springs At RR Flow,29.5
2026-07-30 08:13:34,Northern Owens Valley,Tinemaha Reservoir Outflow,474.2
2026-07-30 08:13:34,Northern Owens Valley,Bishop Creek Through Plant 6,106.6
2026-07-30 08:13:34,Northern Owens Valley,Bishop Creek Around Plant 6,8.2
2026-07-30 08:13:34,Southern Owens Valley,Tinemaha Reservoir Outflow,474.2
2026-07-30 08:13:34,Southern Owens Valley,Indep. Ck. At Junction Flow,10.5
2026-07-30 08:13:34,Southern Owens Valley,LAA at Alabama Level,7.8
2026-07-30 08:13:34,Southern Owens Valley,LAA at Alabama Water Temp,71.9
2026-07-30 08:13:34,Southern Owens Valley,LAA at Cottonwood Level,9.3
2026-07-30 08:13:34,Southern Owens Valley,LAA at Cotton. Water Temp,72.3
2026-07-30 08:13:34,Southern Owens Valley,N. Haiwee Elevation,3757.0
2026-07-30 08:13:34,Southern Owens Valley,S. Haiwee Reservoir Elevation,3729.0
2026-07-30 08:13:34,Southern Owens Valley,Haiwee LAA #1 Current Flow,0.0
2026-07-30 08:13:34,Southern Owens Valley,Haiwee LAA #2 Current Flow,193.7
2026-07-30 08:13:34,Southern Owens Valley,Reinhackel Flow,3.0
2026-07-30 08:13:34,Southern Owens Valley,Lubkin Spillgate Outflow,0.0
2026-07-30 08:13:34,Southern Owens Valley,Cartago Spillgate Outflow,21.3
2026-07-30 08:13:34,Lower Owens River Project,LORP Intake Flow,81.0
2026-07-30 08:13:34,Lower Owens River Project,LORP at Mazourka Canyon Road,0.0
2026-07-30 08:13:34,Lower Owens River Project,LORP at Reinhackle Springs,75.0
2026-07-30 08:13:34,Lower Owens River Project,LORP Above Pumpstation,50.0
2026-07-30 08:13:34,Lower Owens River Project,LORP At Pump Station Discharge Flow,47.0
2026-07-30 08:13:34,Southern District,Haiwee LAA #2 Current Flow,193.7
2026-07-30 08:13:34,Southern District,S. Haiwee Reservoir Elevation,3729.0
2026-07-30 08:13:34,Southern District,Haiwee LAA #1 Current Flow,0.0
2026-07-30 08:13:34,Southern District,Fairmont Reservoir Elevation,3025.9
2026-07-30 08:13:34,Southern District,LAA #1 Flow at Fairmont Reservoir,418.5
2026-07-30 08:13:34,Southern District,LAA #2 Flow at Fairmont Res.,202.3
2026-07-30 08:13:34,Southern District,Bouquet Reservoir Elevation,2981.9
2026-07-30 08:13:34,Southern District,Bouquet Reservoir Inflow,58.8
2026-07-30 08:13:34,Southern District,Bouquet Reservoir Outflow,0.5
2026-07-30 08:13:34,Southern District,LAA #1 at Soledad Flow,265.5
2026-07-30 08:13:34,Southern District,LAA #2 at Soledad Flow,247.3
2026-07-30 08:28:33,Mono Basin,Lee Vining Intake Above Flow,37.1
2026-07-30 08:28:33,Mono Basin,Lee Vining Intake Below Flow,29.5
2026-07-30 08:28:33,Mono Basin,Walker Ck. Above Conduit Flow,6.0
2026-07-30 08:28:33,Mono Basin,L.V. Conduit Below Intake Flow,7.8
2026-07-30 08:28:33,Mono Basin,Walker Ck. Under Conduit Flow,6.0
2026-07-30 08:28:33,Mono Basin,Parker Ck. Under Conduit Flow,16.0
2026-07-30 08:28:33,Mono Basin,Parker Ck. Above Conduit Flow,18.0
2026-07-30 08:28:33,Mono Basin,Grant Lk. Spill Flow,0.0
2026-07-30 08:28:33,Mono Basin,Mono Gate 1 Return Ditch Flow,41.7
2026-07-30 08:28:33,Mono Basin,Grant Lk. Outflow,42.0
2026-07-30 08:28:33,Mono Basin,Rush Ck. at Damsite Flow,66.0
2026-07-30 08:28:33,Mono Basin,Flow to West Portal,0.0
2026-07-30 08:28:33,Long Valley,East Portal Flow,12.0
2026-07-30 08:28:33,Long Valley,OR Below EP Flow,57.0
2026-07-30 08:28:33,Long Valley,Hot Ck.at Hwy. Flow,12.0
2026-07-30 08:28:33,Long Valley,McGee Ck. Lower Sta. Flow,8.1
2026-07-30 08:28:33,Long Valley,Long Valley Current Outflow,0.0
2026-07-30 08:28:33,Long Valley,Rock Ck. Div. Flow,0.5
2026-07-30 08:28:33,Long Valley,Upper Gorge Total Release,43.7
2026-07-30 08:28:33,Long Valley,Release at Middle Gorge,0.0
2026-07-30 08:28:33,Northern Owens Valley,Rock Ck. At Owens River (PV) Flow,31.2
2026-07-30 08:28:33,Northern Owens Valley,Pleasant Valley Outflow,436.2
2026-07-30 08:28:33,Northern Owens Valley,Baker Ck. At LA Station Flow,6.6
2026-07-30 08:28:33,Northern Owens Valley,Big Pine Ck. USGS Flow,57.9
2026-07-30 08:28:33,Northern Owens Valley,O.R. Below Big Pine,465.8
2026-07-30 08:28:33,Northern Owens Valley,Fish Springs At RR Flow,29.5
2026-07-30 08:28:33,Northern Owens Valley,Tinemaha Reservoir Outflow,474.2
2026-07-30 08:28:33,Northern Owens Valley,Bishop Creek Through Plant 6,106.6
2026-07-30 08:28:33,Northern Owens Valley,Bishop Creek Around Plant 6,8.2
2026-07-30 08:28:33,Southern Owens Valley,Tinemaha Reservoir Outflow,474.2
2026-07-30 08:28:33,Southern Owens Valley,Indep. Ck. At Junction Flow,10.5
2026-07-30 08:28:33,Southern Owens Valley,LAA at Alabama Flow,396.0
2026-07-30 08:28:33,Southern Owens Valley,Cottonwood Ck. At LAA Flow,0.0
2026-07-30 08:28:33,Southern Owens Valley,LAA at Cottonwood Flow,501.0
2026-07-30 08:28:33,Southern Owens Valley,Haiwee LAA #1 Current Flow,0.0
2026-07-30 08:28:33,Southern Owens Valley,Haiwee LAA #2 Current Flow,193.7
2026-07-30 08:28:33,Southern Owens Valley,Reinhackel Flow,3.0
2026-07-30 08:28:33,Southern Owens Valley,Lubkin Spillgate Outflow,0.0
2026-07-30 08:28:33,Southern Owens Valley,Cartago Spillgate Outflow,23.1
2026-07-30 08:28:33,Southern Owens Valley,Lone Pine Creek Flow,19.2
2026-07-30 08:28:33,Lower Owens River Project,LORP Intake Flow,81.0
2026-07-30 08:28:33,Lower Owens River Project,LORP at Mazourka Canyon Road,0.0
2026-07-30 08:28:33,Lower Owens River Project,LORP at Reinhackle Springs,76.0
2026-07-30 08:28:33,Lower Owens River Project,LORP Above Pumpstation,51.0
2026-07-30 08:28:33,Lower Owens River Project,LORP At Pump Station Discharge Flow,48.0
2026-07-30 08:28:33,Southern District,Haiwee LAA #2 Current Flow,193.7
2026-07-30 08:28:33,Southern District,Haiwee LAA #1 Current Flow,0.0
2026-07-30 08:28:33,Southern District,LAA #1 Flow at Fairmont Reservoir,417.9
2026-07-30 08:28:33,Southern District,LAA #2 Flow at Fairmont Res.,202.5
2026-07-30 08:28:33,Southern District,Bouquet Reservoir Inflow,60.9
2026-07-30 08:28:33,Southern District,Bouquet Reservoir Outflow,0.5
2026-07-30 08:28:33,Southern District,LAA #1 at Soledad Flow,265.5
2026-07-30 08:28:33,Southern District,LAA #2 at Soledad Flow,247.3
2026-07-30 08:28:34,Mono Basin,Mono Lk. Elevation,6382.4
2026-07-30 08:28:34,Mono Basin,Grant Lk. Elevation,7130.0
2026-07-30 08:28:34,Long Valley,Long Valley Elevation,6774.8
2026-07-30 08:28:34,Northern Owens Valley,Pleasant Valley Elevation,4388.2
2026-07-30 08:28:34,Northern Owens Valley,Tinemaha Elevation,3861.4
2026-07-30 08:28:34,Southern Owens Valley,Tinemaha Elevation,3861.4
2026-07-30 08:28:34,Southern Owens Valley,LAA at Alabama Level,7.8
2026-07-30 08:28:34,Southern Owens Valley,LAA at Alabama Water Temp,71.9
2026-07-30 08:28:34,Southern Owens Valley,LAA at Cottonwood Level,9.3
2026-07-30 08:28:34,Southern Owens Valley,LAA at Cotton. Water Temp,72.3
2026-07-30 08:28:34,Southern Owens Valley,N. Haiwee Elevation,3757.0
2026-07-30 08:28:34,Southern Owens Valley,S. Haiwee Reservoir Elevation,3729.0
2026-07-30 08:28:34,Southern District,S. Haiwee Reservoir Elevation,3729.0
2026-07-30 08:28:34,Southern District,Fairmont Reservoir Elevation,3025.9
2026-07-30 08:28:34,Southern District,Bouquet Reservoir Elevation,2982.0
2026-07-30 08:43:33,Mono Basin,Lee Vining Intake Above Flow,37.3
2026-07-30 08:43:33,Mono Basin,Lee Vining Intake Below Flow,29.6
2026-07-30 08:43:33,Mono Basin,Walker Ck. Above Conduit Flow,6.0
2026-07-30 08:43:33,Mono Basin,L.V. Conduit Below Intake Flow,7.9
2026-07-30 08:43:33,Mono Basin,Walker Ck. Under Conduit Flow,6.0
2026-07-30 08:43:33,Mono Basin,Parker Ck. Under Conduit Flow,16.0
2026-07-30 08:43:33,Mono Basin,Parker Ck. Above Conduit Flow,18.0
2026-07-30 08:43:33,Mono Basin,Grant Lk. Spill Flow,0.0
2026-07-30 08:43:33,Mono Basin,Mono Gate 1 Return Ditch Flow,41.7
2026-07-30 08:43:33,Mono Basin,Grant Lk. Outflow,42.0
2026-07-30 08:43:33,Mono Basin,Rush Ck. at Damsite Flow,66.0
2026-07-30 08:43:33,Mono Basin,Flow to West Portal,0.0
2026-07-30 08:43:33,Long Valley,East Portal Flow,12.0
2026-07-30 08:43:33,Long Valley,OR Below EP Flow,57.0
2026-07-30 08:43:33,Long Valley,Hot Ck.at Hwy. Flow,12.0
2026-07-30 08:43:33,Long Valley,McGee Ck. Lower Sta. Flow,8.1
2026-07-30 08:43:33,Long Valley,Long Valley Current Outflow,0.0
2026-07-30 08:43:33,Long Valley,Rock Ck. Div. Flow,0.5
2026-07-30 08:43:33,Long Valley,Upper Gorge Total Release,43.7
2026-07-30 08:43:33,Long Valley,Release at Middle Gorge,0.0
2026-07-30 08:43:33,Northern Owens Valley,Rock Ck. At Owens River (PV) Flow,31.2
2026-07-30 08:43:33,Northern Owens Valley,Pleasant Valley Outflow,436.0
2026-07-30 08:43:33,Northern Owens Valley,Baker Ck. At LA Station Flow,6.6
2026-07-30 08:43:33,Northern Owens Valley,Big Pine Ck. USGS Flow,57.9
2026-07-30 08:43:33,Northern Owens Valley,O.R. Below Big Pine,466.2
2026-07-30 08:43:33,Northern Owens Valley,Fish Springs At RR Flow,29.5
2026-07-30 08:43:33,Northern Owens Valley,Tinemaha Reservoir Outflow,474.2
2026-07-30 08:43:33,Northern Owens Valley,Bishop Creek Through Plant 6,106.5
2026-07-30 08:43:33,Northern Owens Valley,Bishop Creek Around Plant 6,7.7
2026-07-30 08:43:33,Southern Owens Valley,Tinemaha Reservoir Outflow,474.2
2026-07-30 08:43:33,Southern Owens Valley,Indep. Ck. At Junction Flow,10.5
2026-07-30 08:43:33,Southern Owens Valley,LAA at Alabama Flow,396.0
2026-07-30 08:43:33,Southern Owens Valley,Cottonwood Ck. At LAA Flow,0.0
2026-07-30 08:43:33,Southern Owens Valley,LAA at Cottonwood Flow,501.0
2026-07-30 08:43:33,Southern Owens Valley,Haiwee LAA #1 Current Flow,0.0
2026-07-30 08:43:33,Southern Owens Valley,Haiwee LAA #2 Current Flow,193.7
2026-07-30 08:43:33,Southern Owens Valley,Reinhackel Flow,3.0
2026-07-30 08:43:33,Southern Owens Valley,Lubkin Spillgate Outflow,0.0
2026-07-30 08:43:33,Southern Owens Valley,Cartago Spillgate Outflow,23.1
2026-07-30 08:43:33,Southern Owens Valley,Lone Pine Creek Flow,19.2
2026-07-30 08:43:33,Lower Owens River Project,LORP Intake Flow,81.0
2026-07-30 08:43:33,Lower Owens River Project,LORP at Mazourka Canyon Road,0.0
2026-07-30 08:43:33,Lower Owens River Project,LORP at Reinhackle Springs,76.0
2026-07-30 08:43:33,Lower Owens River Project,LORP Above Pumpstation,51.0
2026-07-30 08:43:33,Lower Owens River Project,LORP At Pump Station Discharge Flow,48.0
2026-07-30 08:43:33,Southern District,Haiwee LAA #2 Current Flow,193.7
2026-07-30 08:43:33,Southern District,Haiwee LAA #1 Current Flow,0.0
2026-07-30 08:43:33,Southern District,LAA #1 Flow at Fairmont Reservoir,417.2
2026-07-30 08:43:33,Southern District,LAA #2 Flow at Fairmont Res.,202.3
2026-07-30 08:43:33,Southern District,Bouquet Reservoir Inflow,53.5
2026-07-30 08:43:33,Southern District,Bouquet Reservoir Outflow,0.5
2026-07-30 08:43:33,Southern District,LAA #1 at Soledad Flow,265.5
2026-07-30 08:43:33,Southern District,LAA #2 at Soledad Flow,247.3
2026-07-30 08:43:34,Mono Basin,Mono Lk. Elevation,6382.4
2026-07-30 08:43:34,Mono Basin,Grant Lk. Elevation,7130.0
2026-07-30 08:43:34,Long Valley,Long Valley Elevation,6774.8
2026-07-30 08:43:34,Northern Owens Valley,Pleasant Valley Elevation,4388.1
2026-07-30 08:43:34,Southern Owens Valley,LAA at Alabama Level,7.8
2026-07-30 08:43:34,Southern Owens Valley,LAA at Alabama Water Temp,71.9
2026-07-30 08:43:34,Southern Owens Valley,LAA at Cottonwood Level,9.3
2026-07-30 08:43:34,Southern Owens Valley,LAA at Cotton. Water Temp,72.3
2026-07-30 08:43:34,Southern Owens Valley,N. Haiwee Elevation,3757.0
2026-07-30 08:43:34,Southern Owens Valley,S. Haiwee Reservoir Elevation,3729.0
2026-07-30 08:43:34,Southern District,S. Haiwee Reservoir Elevation,3729.0
2026-07-30 08:43:34,Southern District,Fairmont Reservoir Elevation,3025.9
2026-07-30 08:43:34,Southern District,Bouquet Reservoir Elevation,2982.0
2026-07-30 08:58:33,Mono Basin,Lee Vining Intake Above Flow,37.3
2026-07-30 08:58:33,Mono Basin,Lee Vining Intake Below Flow,29.6
2026-07-30 08:58:33,Mono Basin,Walker Ck. Above Conduit Flow,6.0
2026-07-30 08:58:33,Mono Basin,L.V. Conduit Below Intake Flow,7.9
2026-07-30 08:58:33,Mono Basin,Walker Ck. Under Conduit Flow,6.0
2026-07-30 08:58:33,Mono Basin,Parker Ck. Under Conduit Flow,16.0
2026-07-30 08:58:33,Mono Basin,Parker Ck. Above Conduit Flow,18.0
2026-07-30 08:58:33,Mono Basin,Grant Lk. Spill Flow,0.0
2026-07-30 08:58:33,Mono Basin,Mono Gate 1 Return Ditch Flow,41.7
2026-07-30 08:58:33,Mono Basin,Grant Lk. Outflow,42.0
2026-07-30 08:58:33,Mono Basin,Rush Ck. at Damsite Flow,66.0
2026-07-30 08:58:33,Mono Basin,Flow to West Portal,0.0
2026-07-30 08:58:33,Long Valley,East Portal Flow,12.0
2026-07-30 08:58:33,Long Valley,OR Below EP Flow,57.0
2026-07-30 08:58:33,Long Valley,Hot Ck.at Hwy. Flow,12.0
2026-07-30 08:58:33,Long Valley,McGee Ck. Lower Sta. Flow,8.1
2026-07-30 08:58:33,Long Valley,Long Valley Current Outflow,0.0
2026-07-30 08:58:33,Long Valley,Rock Ck. Div. Flow,0.5
2026-07-30 08:58:33,Long Valley,Upper Gorge Total Release,43.8
2026-07-30 08:58:33,Long Valley,Release at Middle Gorge,0.0
2026-07-30 08:58:33,Northern Owens Valley,Rock Ck. At Owens River (PV) Flow,31.2
2026-07-30 08:58:33,Northern Owens Valley,Pleasant Valley Outflow,435.7
2026-07-30 08:58:33,Northern Owens Valley,Baker Ck. At LA Station Flow,6.6
2026-07-30 08:58:33,Northern Owens Valley,Big Pine Ck. USGS Flow,57.9
2026-07-30 08:58:33,Northern Owens Valley,O.R. Below Big Pine,466.1
2026-07-30 08:58:33,Northern Owens Valley,Fish Springs At RR Flow,29.5
2026-07-30 08:58:33,Northern Owens Valley,Tinemaha Reservoir Outflow,474.2
2026-07-30 08:58:33,Northern Owens Valley,Bishop Creek Through Plant 6,106.5
2026-07-30 08:58:33,Northern Owens Valley,Bishop Creek Around Plant 6,7.7
2026-07-30 08:58:33,Southern Owens Valley,Tinemaha Reservoir Outflow,474.2
2026-07-30 08:58:33,Southern Owens Valley,Indep. Ck. At Junction Flow,10.5
2026-07-30 08:58:33,Southern Owens Valley,LAA at Alabama Flow,396.0
2026-07-30 08:58:33,Southern Owens Valley,Cottonwood Ck. At LAA Flow,0.0
2026-07-30 08:58:33,Southern Owens Valley,LAA at Cottonwood Flow,502.0
2026-07-30 08:58:33,Southern Owens Valley,Haiwee LAA #1 Current Flow,0.0
2026-07-30 08:58:33,Southern Owens Valley,Haiwee LAA #2 Current Flow,193.7
2026-07-30 08:58:33,Southern Owens Valley,Reinhackel Flow,3.0
2026-07-30 08:58:33,Southern Owens Valley,Lubkin Spillgate Outflow,0.0
2026-07-30 08:58:33,Southern Owens Valley,Cartago Spillgate Outflow,22.1
2026-07-30 08:58:33,Southern Owens Valley,Lone Pine Creek Flow,19.2
2026-07-30 08:58:33,Lower Owens River Project,LORP Intake Flow,81.0
2026-07-30 08:58:33,Lower Owens River Project,LORP at Mazourka Canyon Road,0.0
2026-07-30 08:58:33,Lower Owens River Project,LORP at Reinhackle Springs,76.0
2026-07-30 08:58:33,Lower Owens River Project,LORP Above Pumpstation,51.0
2026-07-30 08:58:33,Lower Owens River Project,LORP At Pump Station Discharge Flow,48.0
2026-07-30 08:58:33,Southern District,Haiwee LAA #2 Current Flow,193.7
2026-07-30 08:58:33,Southern District,Haiwee LAA #1 Current Flow,0.0
2026-07-30 08:58:33,Southern District,LAA #1 Flow at Fairmont Reservoir,419.1
2026-07-30 08:58:33,Southern District,LAA #2 Flow at Fairmont Res.,202.5
2026-07-30 08:58:33,Southern District,Bouquet Reservoir Inflow,58.7
2026-07-30 08:58:33,Southern District,Bouquet Reservoir Outflow,0.5
2026-07-30 08:58:33,Southern District,LAA #1 at Soledad Flow,265.5
2026-07-30 08:58:33,Southern District,LAA #2 at Soledad Flow,247.3
2026-07-30 08:58:34,Mono Basin,Mono Lk. Elevation,6382.4
2026-07-30 08:58:34,Mono Basin,Grant Lk. Elevation,7130.0
2026-07-30 08:58:34,Long Valley,Long Valley Elevation,6774.8
2026-07-30 08:58:34,Northern Owens Valley,Pleasant Valley Elevation,4388.0
2026-07-30 08:58:34,Northern Owens Valley,Tinemaha Elevation,3861.4
2026-07-30 08:58:34,Southern Owens Valley,Tinemaha Elevation,3861.4
2026-07-30 08:58:34,Southern Owens Valley,LAA at Alabama Level,7.8
2026-07-30 08:58:34,Southern Owens Valley,LAA at Alabama Water Temp,71.9
2026-07-30 08:58:34,Southern Owens Valley,LAA at Cottonwood Level,9.3
2026-07-30 08:58:34,Southern Owens Valley,LAA at Cotton. Water Temp,72.3
2026-07-30 08:58:34,Southern Owens Valley,N. Haiwee Elevation,3757.0
2026-07-30 08:58:34,Southern Owens Valley,S. Haiwee Reservoir Elevation,3729.0
2026-07-30 08:58:34,Southern District,S. Haiwee Reservoir Elevation,3729.0
2026-07-30 08:58:34,Southern District,Fairmont Reservoir Elevation,3025.9
2026-07-30 08:58:34,Southern District,Bouquet Reservoir Elevation,2982.0
2026-07-30 09:13:33,Mono Basin,Lee Vining Intake Above Flow,36.9
2026-07-30 09:13:33,Mono Basin,Lee Vining Intake Below Flow,29.5
2026-07-30 09:13:33,Mono Basin,Walker Ck. Above Conduit Flow,6.0
2026-07-30 09:13:33,Mono Basin,L.V. Conduit Below Intake Flow,7.8
2026-07-30 09:13:33,Mono Basin,Walker Ck. Under Conduit Flow,6.0
2026-07-30 09:13:33,Mono Basin,Parker Ck. Under Conduit Flow,17.0
2026-07-30 09:13:33,Mono Basin,Parker Ck. Above Conduit Flow,18.0
2026-07-30 09:13:33,Mono Basin,Grant Lk. Spill Flow,0.0
2026-07-30 09:13:33,Mono Basin,Mono Gate 1 Return Ditch Flow,41.7
2026-07-30 09:13:33,Mono Basin,Grant Lk. Outflow,42.0
2026-07-30 09:13:33,Mono Basin,Rush Ck. at Damsite Flow,66.0
2026-07-30 09:13:33,Mono Basin,Flow to West Portal,0.0
2026-07-30 09:13:33,Long Valley,East Portal Flow,12.0
2026-07-30 09:13:33,Long Valley,OR Below EP Flow,57.0
2026-07-30 09:13:33,Long Valley,Hot Ck.at Hwy. Flow,12.0
2026-07-30 09:13:33,Long Valley,McGee Ck. Lower Sta. Flow,8.1
2026-07-30 09:13:33,Long Valley,Long Valley Current Outflow,0.0
2026-07-30 09:13:33,Long Valley,Rock Ck. Div. Flow,0.5
2026-07-30 09:13:33,Long Valley,Upper Gorge Total Release,43.7
2026-07-30 09:13:33,Long Valley,Release at Middle Gorge,0.0
2026-07-30 09:13:33,Northern Owens Valley,Rock Ck. At Owens River (PV) Flow,31.2
2026-07-30 09:13:33,Northern Owens Valley,Pleasant Valley Outflow,435.9
2026-07-30 09:13:33,Northern Owens Valley,Baker Ck. At LA Station Flow,6.6
2026-07-30 09:13:33,Northern Owens Valley,Big Pine Ck. USGS Flow,57.9
2026-07-30 09:13:33,Northern Owens Valley,O.R. Below Big Pine,467.2
2026-07-30 09:13:33,Northern Owens Valley,Fish Springs At RR Flow,29.5
2026-07-30 09:13:33,Northern Owens Valley,Tinemaha Reservoir Outflow,474.2
2026-07-30 09:13:33,Northern Owens Valley,Bishop Creek Through Plant 6,106.5
2026-07-30 09:13:33,Northern Owens Valley,Bishop Creek Around Plant 6,7.7
2026-07-30 09:13:33,Southern Owens Valley,Tinemaha Reservoir Outflow,474.2
2026-07-30 09:13:33,Southern Owens Valley,Indep. Ck. At Junction Flow,10.5
2026-07-30 09:13:33,Southern Owens Valley,LAA at Alabama Flow,396.0
2026-07-30 09:13:33,Southern Owens Valley,Cottonwood Ck. At LAA Flow,0.0
2026-07-30 09:13:33,Southern Owens Valley,LAA at Cottonwood Flow,502.0
2026-07-30 09:13:33,Southern Owens Valley,Haiwee LAA #1 Current Flow,0.0
2026-07-30 09:13:33,Southern Owens Valley,Haiwee LAA #2 Current Flow,193.7
2026-07-30 09:13:33,Southern Owens Valley,Reinhackel Flow,3.0
2026-07-30 09:13:33,Southern Owens Valley,Lubkin Spillgate Outflow,0.0
2026-07-30 09:13:33,Southern Owens Valley,Cartago Spillgate Outflow,30.7
2026-07-30 09:13:33,Southern Owens Valley,Lone Pine Creek Flow,19.3
2026-07-30 09:13:33,Lower Owens River Project,LORP Intake Flow,81.0
2026-07-30 09:13:33,Lower Owens River Project,LORP at Mazourka Canyon Road,0.0
2026-07-30 09:13:33,Lower Owens River Project,LORP at Reinhackle Springs,76.0
2026-07-30 09:13:33,Lower Owens River Project,LORP Above Pumpstation,51.0
2026-07-30 09:13:33,Lower Owens River Project,LORP At Pump Station Discharge Flow,48.0
2026-07-30 09:13:33,Southern District,Haiwee LAA #2 Current Flow,193.7
2026-07-30 09:13:33,Southern District,Haiwee LAA #1 Current Flow,0.0
2026-07-30 09:13:33,Southern District,LAA #1 Flow at Fairmont Reservoir,417.9
2026-07-30 09:13:33,Southern District,LAA #2 Flow at Fairmont Res.,202.5
2026-07-30 09:13:34,Mono Basin,Mono Lk. Elevation,6382.4
2026-07-30 09:13:34,Mono Basin,Grant Lk. Elevation,7130.0
2026-07-30 09:13:34,Long Valley,Long Valley Elevation,6774.8
2026-07-30 09:13:34,Northern Owens Valley,Pleasant Valley Elevation,4388.0
2026-07-30 09:13:34,Southern Owens Valley,LAA at Alabama Level,7.8
2026-07-30 09:13:34,Southern Owens Valley,LAA at Alabama Water Temp,71.9
2026-07-30 09:13:34,Southern Owens Valley,LAA at Cottonwood Level,9.3
2026-07-30 09:13:34,Southern Owens Valley,LAA at Cotton. Water Temp,72.3
2026-07-30 09:13:34,Southern Owens Valley,N. Haiwee Elevation,3757.0
2026-07-30 09:13:34,Southern Owens Valley,S. Haiwee Reservoir Elevation,3729.0
2026-07-30 09:13:34,Southern District,S. Haiwee Reservoir Elevation,3729.0
2026-07-30 09:13:34,Southern District,Fairmont Reservoir Elevation,3025.9
2026-07-30 09:13:34,Southern District,Bouquet Reservoir Elevation,2982.0
2026-07-30 09:13:34,Southern District,Bouquet Reservoir Inflow,53.4
2026-07-30 09:13:34,Southern District,Bouquet Reservoir Outflow,0.7
2026-07-30 09:13:34,Southern District,LAA #1 at Soledad Flow,265.5
2026-07-30 09:13:34,Southern District,LAA #2 at Soledad Flow,247.3
2026-07-30 09:28:33,Mono Basin,Lee Vining Intake Above Flow,36.9
2026-07-30 09:28:33,Mono Basin,Lee Vining Intake Below Flow,29.5
2026-07-30 09:28:33,Mono Basin,Walker Ck. Above Conduit Flow,6.0
2026-07-30 09:28:33,Mono Basin,L.V. Conduit Below Intake Flow,7.8
2026-07-30 09:28:33,Mono Basin,Walker Ck. Under Conduit Flow,6.0
2026-07-30 09:28:33,Mono Basin,Parker Ck. Under Conduit Flow,17.0
2026-07-30 09:28:33,Mono Basin,Parker Ck. Above Conduit Flow,18.0
2026-07-30 09:28:33,Mono Basin,Grant Lk. Spill Flow,0.0
2026-07-30 09:28:33,Mono Basin,Mono Gate 1 Return Ditch Flow,41.6
2026-07-30 09:28:33,Mono Basin,Grant Lk. Outflow,42.1
2026-07-30 09:28:33,Mono Basin,Rush Ck. at Damsite Flow,66.0
2026-07-30 09:28:33,Mono Basin,Flow to West Portal,0.0
2026-07-30 09:28:33,Long Valley,East Portal Flow,12.0
2026-07-30 09:28:33,Long Valley,OR Below EP Flow,57.0
2026-07-30 09:28:33,Long Valley,Hot Ck.at Hwy. Flow,12.0
2026-07-30 09:28:33,Long Valley,McGee Ck. Lower Sta. Flow,8.1
2026-07-30 09:28:33,Long Valley,Long Valley Current Outflow,0.0
2026-07-30 09:28:33,Long Valley,Rock Ck. Div. Flow,0.5
2026-07-30 09:28:33,Long Valley,Upper Gorge Total Release,43.0
2026-07-30 09:28:33,Long Valley,Release at Middle Gorge,0.0
2026-07-30 09:28:33,Northern Owens Valley,Rock Ck. At Owens River (PV) Flow,31.2
2026-07-30 09:28:33,Northern Owens Valley,Pleasant Valley Outflow,434.1
2026-07-30 09:28:33,Northern Owens Valley,Baker Ck. At LA Station Flow,6.6
2026-07-30 09:28:33,Northern Owens Valley,Big Pine Ck. USGS Flow,57.9
2026-07-30 09:28:33,Northern Owens Valley,O.R. Below Big Pine,466.8
2026-07-30 09:28:33,Northern Owens Valley,Fish Springs At RR Flow,29.5
2026-07-30 09:28:33,Northern Owens Valley,Tinemaha Reservoir Outflow,474.2
2026-07-30 09:28:33,Northern Owens Valley,Bishop Creek Through Plant 6,106.5
2026-07-30 09:28:33,Northern Owens Valley,Bishop Creek Around Plant 6,7.7
2026-07-30 09:28:33,Southern Owens Valley,Tinemaha Reservoir Outflow,474.2
2026-07-30 09:28:33,Southern Owens Valley,Indep. Ck. At Junction Flow,10.5
2026-07-30 09:28:33,Southern Owens Valley,LAA at Alabama Flow,396.0
2026-07-30 09:28:33,Southern Owens Valley,Cottonwood Ck. At LAA Flow,0.0
2026-07-30 09:28:33,Southern Owens Valley,LAA at Cottonwood Flow,502.0
2026-07-30 09:28:33,Southern Owens Valley,Haiwee LAA #1 Current Flow,0.0
2026-07-30 09:28:33,Southern Owens Valley,Haiwee LAA #2 Current Flow,193.7
2026-07-30 09:28:33,Southern Owens Valley,Reinhackel Flow,3.0
2026-07-30 09:28:33,Southern Owens Valley,Lubkin Spillgate Outflow,0.0
2026-07-30 09:28:33,Southern Owens Valley,Cartago Spillgate Outflow,26.5
2026-07-30 09:28:33,Southern Owens Valley,Lone Pine Creek Flow,19.3
2026-07-30 09:28:33,Lower Owens River Project,LORP Intake Flow,81.0
2026-07-30 09:28:33,Lower Owens River Project,LORP at Mazourka Canyon Road,0.0
2026-07-30 09:28:33,Lower Owens River Project,LORP at Reinhackle Springs,71.0
2026-07-30 09:28:33,Lower Owens River Project,LORP Above Pumpstation,51.0
2026-07-30 09:28:33,Lower Owens River Project,LORP At Pump Station Discharge Flow,48.0
2026-07-30 09:28:33,Southern District,Haiwee LAA #2 Current Flow,193.7
2026-07-30 09:28:33,Southern District,Haiwee LAA #1 Current Flow,0.0
2026-07-30 09:28:33,Southern District,LAA #1 Flow at Fairmont Reservoir,418.5
2026-07-30 09:28:33,Southern District,LAA #2 Flow at Fairmont Res.,201.7
2026-07-30 09:28:33,Southern District,Bouquet Reservoir Inflow,56.4
2026-07-30 09:28:33,Southern District,Bouquet Reservoir Outflow,0.7
2026-07-30 09:28:33,Southern District,LAA #1 at Soledad Flow,265.5
2026-07-30 09:28:33,Southern District,LAA #2 at Soledad Flow,247.3
2026-07-30 09:28:34,Mono Basin,Mono Lk. Elevation,6382.4
2026-07-30 09:28:34,Mono Basin,Grant Lk. Elevation,7130.0
2026-07-30 09:28:34,Long Valley,Long Valley Elevation,6774.8
2026-07-30 09:28:34,Northern Owens Valley,Pleasant Valley Elevation,4387.9
2026-07-30 09:28:34,Northern Owens Valley,Tinemaha Elevation,3861.4
2026-07-30 09:28:34,Southern Owens Valley,Tinemaha Elevation,3861.4
2026-07-30 09:28:34,Southern Owens Valley,LAA at Alabama Level,7.8
2026-07-30 09:28:34,Southern Owens Valley,LAA at Alabama Water Temp,71.9
2026-07-30 09:28:34,Southern Owens Valley,LAA at Cottonwood Level,9.3
2026-07-30 09:28:34,Southern Owens Valley,LAA at Cotton. Water Temp,72.3
2026-07-30 09:28:34,Southern Owens Valley,N. Haiwee Elevation,3757.0
2026-07-30 09:28:34,Southern Owens Valley,S. Haiwee Reservoir Elevation,3729.0
2026-07-30 09:28:34,Southern District,S. Haiwee Reservoir Elevation,3729.0
2026-07-30 09:28:34,Southern District,Fairmont Reservoir Elevation,3025.9
2026-07-30 09:28:34,Southern District,Bouquet Reservoir Elevation,2982.0
2026-07-30 09:43:34,Mono Basin,Lee Vining Intake Above Flow,36.8
2026-07-30 09:43:34,Mono Basin,Lee Vining Intake Below Flow,29.8
2026-07-30 09:43:34,Mono Basin,Mono Lk. Elevation,6382.4
2026-07-30 09:43:34,Mono Basin,Walker Ck. Above Conduit Flow,6.0
2026-07-30 09:43:34,Mono Basin,L.V. Conduit Below Intake Flow,7.7
2026-07-30 09:43:34,Mono Basin,Walker Ck. Under Conduit Flow,6.0
2026-07-30 09:43:34,Mono Basin,Parker Ck. Under Conduit Flow,17.0
2026-07-30 09:43:34,Mono Basin,Parker Ck. Above Conduit Flow,18.0
2026-07-30 09:43:34,Mono Basin,Grant Lk. Spill Flow,0.0
2026-07-30 09:43:34,Mono Basin,Mono Gate 1 Return Ditch Flow,41.6
2026-07-30 09:43:34,Mono Basin,Grant Lk. Elevation,7130.0
2026-07-30 09:43:34,Mono Basin,Grant Lk. Outflow,42.1
2026-07-30 09:43:34,Mono Basin,Rush Ck. at Damsite Flow,63.1
2026-07-30 09:43:34,Mono Basin,Flow to West Portal,0.0
2026-07-30 09:43:34,Long Valley,East Portal Flow,12.0
2026-07-30 09:43:34,Long Valley,OR Below EP Flow,57.0
2026-07-30 09:43:34,Long Valley,Hot Ck.at Hwy. Flow,12.0
2026-07-30 09:43:34,Long Valley,McGee Ck. Lower Sta. Flow,8.1
2026-07-30 09:43:34,Long Valley,Long Valley Elevation,6774.8
2026-07-30 09:43:34,Long Valley,Long Valley Current Outflow,0.0
2026-07-30 09:43:34,Long Valley,Rock Ck. Div. Flow,0.5
2026-07-30 09:43:34,Long Valley,Upper Gorge Total Release,42.6
2026-07-30 09:43:34,Long Valley,Release at Middle Gorge,0.0
2026-07-30 09:43:34,Northern Owens Valley,Rock Ck. At Owens River (PV) Flow,31.1
2026-07-30 09:43:34,Northern Owens Valley,Pleasant Valley Elevation,4387.8
2026-07-30 09:43:34,Northern Owens Valley,Pleasant Valley Outflow,432.6
2026-07-30 09:43:34,Northern Owens Valley,Baker Ck. At LA Station Flow,6.6
2026-07-30 09:43:34,Northern Owens Valley,Big Pine Ck. USGS Flow,57.9
2026-07-30 09:43:34,Northern Owens Valley,O.R. Below Big Pine,467.1
2026-07-30 09:43:34,Northern Owens Valley,Fish Springs At RR Flow,29.5
2026-07-30 09:43:34,Northern Owens Valley,Tinemaha Reservoir Outflow,474.2
2026-07-30 09:43:34,Northern Owens Valley,Bishop Creek Through Plant 6,106.5
2026-07-30 09:43:34,Northern Owens Valley,Bishop Creek Around Plant 6,7.7
2026-07-30 09:43:34,Southern Owens Valley,Tinemaha Reservoir Outflow,474.2
2026-07-30 09:43:34,Southern Owens Valley,Indep. Ck. At Junction Flow,10.5
2026-07-30 09:43:34,Southern Owens Valley,LAA at Alabama Flow,396.0
2026-07-30 09:43:34,Southern Owens Valley,LAA at Alabama Level,7.8
2026-07-30 09:43:34,Southern Owens Valley,LAA at Alabama Water Temp,71.9
2026-07-30 09:43:34,Southern Owens Valley,Cottonwood Ck. At LAA Flow,0.0
2026-07-30 09:43:34,Southern Owens Valley,LAA at Cottonwood Flow,502.0
2026-07-30 09:43:34,Southern Owens Valley,LAA at Cottonwood Level,9.3
2026-07-30 09:43:34,Southern Owens Valley,LAA at Cotton. Water Temp,72.3
2026-07-30 09:43:34,Southern Owens Valley,N. Haiwee Elevation,3757.0
2026-07-30 09:43:34,Southern Owens Valley,S. Haiwee Reservoir Elevation,3728.9
2026-07-30 09:43:34,Southern Owens Valley,Haiwee LAA #1 Current Flow,0.0
2026-07-30 09:43:34,Southern Owens Valley,Haiwee LAA #2 Current Flow,193.7
2026-07-30 09:43:34,Southern Owens Valley,Reinhackel Flow,3.0
2026-07-30 09:43:34,Southern Owens Valley,Lubkin Spillgate Outflow,0.0
2026-07-30 09:43:34,Southern Owens Valley,Cartago Spillgate Outflow,26.5
2026-07-30 09:43:34,Southern Owens Valley,Lone Pine Creek Flow,19.2
2026-07-30 09:43:34,Lower Owens River Project,LORP Intake Flow,81.0
2026-07-30 09:43:34,Lower Owens River Project,LORP at Mazourka Canyon Road,0.0
2026-07-30 09:43:34,Lower Owens River Project,LORP at Reinhackle Springs,71.0
2026-07-30 09:43:34,Lower Owens River Project,LORP Above Pumpstation,51.0
2026-07-30 09:43:34,Lower Owens River Project,LORP At Pump Station Discharge Flow,48.0
2026-07-30 09:43:34,Southern District,Haiwee LAA #2 Current Flow,193.7
2026-07-30 09:43:34,Southern District,S. Haiwee Reservoir Elevation,3728.9
2026-07-30 09:43:34,Southern District,Haiwee LAA #1 Current Flow,0.0
2026-07-30 09:43:34,Southern District,Fairmont Reservoir Elevation,3025.9
2026-07-30 09:43:34,Southern District,LAA #1 Flow at Fairmont Reservoir,417.8
2026-07-30 09:43:34,Southern District,LAA #2 Flow at Fairmont Res.,202.1
2026-07-30 09:43:34,Southern District,Bouquet Reservoir Elevation,2982.0
2026-07-30 09:43:34,Southern District,Bouquet Reservoir Inflow,58.7
2026-07-30 09:43:34,Southern District,Bouquet Reservoir Outflow,0.7
2026-07-30 09:43:34,Southern District,LAA #1 at Soledad Flow,265.5
2026-07-30 09:43:34,Southern District,LAA #2 at Soledad Flow,247.3
2026-07-30 09:58:33,Northern Owens Valley,Tinemaha Reservoir Outflow,474.2
2026-07-30 09:58:33,Southern Owens Valley,Tinemaha Reservoir Outflow,474.2
2026-07-30 09:58:33,Southern Owens Valley,Indep. Ck. At Junction Flow,10.5
2026-07-30 09:58:33,Southern Owens Valley,LAA at Alabama Flow,396.0
2026-07-30 09:58:33,Southern Owens Valley,Cottonwood Ck. At LAA Flow,0.0
2026-07-30 09:58:33,Southern Owens Valley,LAA at Cottonwood Flow,502.0
2026-07-30 09:58:33,Southern Owens Valley,Haiwee LAA #1 Current Flow,0.0
2026-07-30 09:58:33,Southern Owens Valley,Haiwee LAA #2 Current Flow,193.7
2026-07-30 09:58:33,Southern Owens Valley,Reinhackel Flow,3.0
2026-07-30 09:58:33,Southern Owens Valley,Lubkin Spillgate Outflow,0.0
2026-07-30 09:58:33,Southern Owens Valley,Cartago Spillgate Outflow,28.4
2026-07-30 09:58:33,Southern Owens Valley,Lone Pine Creek Flow,19.2
2026-07-30 09:58:33,Lower Owens River Project,LORP Intake Flow,81.0
2026-07-30 09:58:33,Southern District,Haiwee LAA #2 Current Flow,193.7
2026-07-30 09:58:33,Southern District,Haiwee LAA #1 Current Flow,0.0
2026-07-30 09:58:34,Mono Basin,Lee Vining Intake Above Flow,36.8
2026-07-30 09:58:34,Mono Basin,Lee Vining Intake Below Flow,29.8
2026-07-30 09:58:34,Mono Basin,Mono Lk. Elevation,6382.4
2026-07-30 09:58:34,Mono Basin,Walker Ck. Above Conduit Flow,6.0
2026-07-30 09:58:34,Mono Basin,L.V. Conduit Below Intake Flow,7.7
2026-07-30 09:58:34,Mono Basin,Walker Ck. Under Conduit Flow,6.0
2026-07-30 09:58:34,Mono Basin,Parker Ck. Under Conduit Flow,17.0
2026-07-30 09:58:34,Mono Basin,Parker Ck. Above Conduit Flow,18.0
2026-07-30 09:58:34,Mono Basin,Grant Lk. Spill Flow,0.0
2026-07-30 09:58:34,Mono Basin,Mono Gate 1 Return Ditch Flow,41.6
2026-07-30 09:58:34,Mono Basin,Grant Lk. Elevation,7130.0
2026-07-30 09:58:34,Mono Basin,Grant Lk. Outflow,42.1
2026-07-30 09:58:34,Mono Basin,Rush Ck. at Damsite Flow,63.1
2026-07-30 09:58:34,Mono Basin,Flow to West Portal,0.0
2026-07-30 09:58:34,Long Valley,East Portal Flow,12.0
2026-07-30 09:58:34,Long Valley,OR Below EP Flow,57.0
2026-07-30 09:58:34,Long Valley,Hot Ck.at Hwy. Flow,12.0
2026-07-30 09:58:34,Long Valley,McGee Ck. Lower Sta. Flow,8.1
2026-07-30 09:58:34,Long Valley,Long Valley Elevation,6774.8
2026-07-30 09:58:34,Long Valley,Long Valley Current Outflow,75.4
2026-07-30 09:58:34,Long Valley,Rock Ck. Div. Flow,0.5
2026-07-30 09:58:34,Long Valley,Upper Gorge Total Release,42.8
2026-07-30 09:58:34,Long Valley,Release at Middle Gorge,0.0
2026-07-30 09:58:34,Northern Owens Valley,Rock Ck. At Owens River (PV) Flow,31.0
2026-07-30 09:58:34,Northern Owens Valley,Pleasant Valley Elevation,4387.7
2026-07-30 09:58:34,Northern Owens Valley,Pleasant Valley Outflow,434.1
2026-07-30 09:58:34,Northern Owens Valley,Baker Ck. At LA Station Flow,7.6
2026-07-30 09:58:34,Northern Owens Valley,Big Pine Ck. USGS Flow,57.9
2026-07-30 09:58:34,Northern Owens Valley,O.R. Below Big Pine,468.3
2026-07-30 09:58:34,Northern Owens Valley,Fish Springs At RR Flow,29.5
2026-07-30 09:58:34,Northern Owens Valley,Tinemaha Elevation,3861.4
2026-07-30 09:58:34,Northern Owens Valley,Bishop Creek Through Plant 6,106.5
2026-07-30 09:58:34,Northern Owens Valley,Bishop Creek Around Plant 6,7.7
2026-07-30 09:58:34,Southern Owens Valley,Tinemaha Elevation,3861.4
2026-07-30 09:58:34,Southern Owens Valley,LAA at Alabama Level,7.8
2026-07-30 09:58:34,Southern Owens Valley,LAA at Alabama Water Temp,71.9
2026-07-30 09:58:34,Southern Owens Valley,LAA at Cottonwood Level,9.3
2026-07-30 09:58:34,Southern Owens Valley,LAA at Cotton. Water Temp,72.3
2026-07-30 09:58:34,Southern Owens Valley,N. Haiwee Elevation,3757.0
2026-07-30 09:58:34,Southern Owens Valley,S. Haiwee Reservoir Elevation,3728.9
2026-07-30 09:58:34,Lower Owens River Project,LORP at Mazourka Canyon Road,0.0
2026-07-30 09:58:34,Lower Owens River Project,LORP at Reinhackle Springs,71.0
2026-07-30 09:58:34,Lower Owens River Project,LORP Above Pumpstation,51.0
2026-07-30 09:58:34,Lower Owens River Project,LORP At Pump Station Discharge Flow,48.0
2026-07-30 09:58:34,Southern District,S. Haiwee Reservoir Elevation,3728.9
2026-07-30 09:58:34,Southern District,Fairmont Reservoir Elevation,3025.9
2026-07-30 09:58:34,Southern District,LAA #1 Flow at Fairmont Reservoir,417.2
2026-07-30 09:58:34,Southern District,LAA #2 Flow at Fairmont Res.,202.3
2026-07-30 09:58:34,Southern District,Bouquet Reservoir Elevation,2982.0
2026-07-30 09:58:34,Southern District,Bouquet Reservoir Inflow,58.3
2026-07-30 09:58:34,Southern District,Bouquet Reservoir Outflow,0.7
2026-07-30 09:58:34,Southern District,LAA #1 at Soledad Flow,265.5
2026-07-30 09:58:34,Southern District,LAA #2 at Soledad Flow,247.3
2026-07-30 10:13:34,Mono Basin,Lee Vining Intake Above Flow,37.3
2026-07-30 10:13:34,Mono Basin,Lee Vining Intake Below Flow,29.7
2026-07-30 10:13:34,Mono Basin,Mono Lk. Elevation,6382.4
2026-07-30 10:13:34,Mono Basin,Walker Ck. Above Conduit Flow,6.0
2026-07-30 10:13:34,Mono Basin,L.V. Conduit Below Intake Flow,7.7
2026-07-30 10:13:34,Mono Basin,Walker Ck. Under Conduit Flow,6.0
2026-07-30 10:13:34,Mono Basin,Parker Ck. Under Conduit Flow,17.0
2026-07-30 10:13:34,Mono Basin,Parker Ck. Above Conduit Flow,18.0
2026-07-30 10:13:34,Mono Basin,Grant Lk. Spill Flow,0.0
2026-07-30 10:13:34,Mono Basin,Mono Gate 1 Return Ditch Flow,41.6
2026-07-30 10:13:34,Mono Basin,Grant Lk. Elevation,7130.0
2026-07-30 10:13:34,Mono Basin,Grant Lk. Outflow,42.1
2026-07-30 10:13:34,Mono Basin,Rush Ck. at Damsite Flow,63.1
2026-07-30 10:13:34,Mono Basin,Flow to West Portal,0.0
2026-07-30 10:13:34,Long Valley,East Portal Flow,12.0
2026-07-30 10:13:34,Long Valley,OR Below EP Flow,57.0
2026-07-30 10:13:34,Long Valley,Hot Ck.at Hwy. Flow,12.0
2026-07-30 10:13:34,Long Valley,McGee Ck. Lower Sta. Flow,8.1
2026-07-30 10:13:34,Long Valley,Long Valley Elevation,6774.8
2026-07-30 10:13:34,Long Valley,Long Valley Current Outflow,101.7
2026-07-30 10:13:34,Long Valley,Rock Ck. Div. Flow,0.5
2026-07-30 10:13:34,Long Valley,Upper Gorge Total Release,43.0
2026-07-30 10:13:34,Long Valley,Release at Middle Gorge,0.0
2026-07-30 10:13:34,Northern Owens Valley,Rock Ck. At Owens River (PV) Flow,31.0
2026-07-30 10:13:34,Northern Owens Valley,Pleasant Valley Elevation,4387.7
2026-07-30 10:13:34,Northern Owens Valley,Pleasant Valley Outflow,432.0
2026-07-30 10:13:34,Northern Owens Valley,Baker Ck. At LA Station Flow,6.8
2026-07-30 10:13:34,Northern Owens Valley,Big Pine Ck. USGS Flow,57.9
2026-07-30 10:13:34,Northern Owens Valley,O.R. Below Big Pine,468.7
2026-07-30 10:13:34,Northern Owens Valley,Fish Springs At RR Flow,29.5
2026-07-30 10:13:34,Northern Owens Valley,Tinemaha Reservoir Outflow,475.0
2026-07-30 10:13:34,Northern Owens Valley,Bishop Creek Through Plant 6,105.1
2026-07-30 10:13:34,Northern Owens Valley,Bishop Creek Around Plant 6,7.4
2026-07-30 10:13:34,Southern Owens Valley,Tinemaha Reservoir Outflow,475.0
2026-07-30 10:13:34,Southern Owens Valley,Indep. Ck. At Junction Flow,10.5
2026-07-30 10:13:34,Southern Owens Valley,LAA at Alabama Flow,396.0
2026-07-30 10:13:34,Southern Owens Valley,LAA at Alabama Level,7.8
2026-07-30 10:13:34,Southern Owens Valley,LAA at Alabama Water Temp,71.9
2026-07-30 10:13:34,Southern Owens Valley,Cottonwood Ck. At LAA Flow,0.0
2026-07-30 10:13:34,Southern Owens Valley,LAA at Cottonwood Flow,502.0
2026-07-30 10:13:34,Southern Owens Valley,LAA at Cottonwood Level,9.3
2026-07-30 10:13:34,Southern Owens Valley,LAA at Cotton. Water Temp,72.4
2026-07-30 10:13:34,Southern Owens Valley,N. Haiwee Elevation,3757.0
2026-07-30 10:13:34,Southern Owens Valley,S. Haiwee Reservoir Elevation,3728.9
2026-07-30 10:13:34,Southern Owens Valley,Haiwee LAA #1 Current Flow,0.0
2026-07-30 10:13:34,Southern Owens Valley,Haiwee LAA #2 Current Flow,194.3
2026-07-30 10:13:34,Southern Owens Valley,Reinhackel Flow,3.0
2026-07-30 10:13:34,Southern Owens Valley,Lubkin Spillgate Outflow,0.0
2026-07-30 10:13:34,Southern Owens Valley,Cartago Spillgate Outflow,22.1
2026-07-30 10:13:34,Southern Owens Valley,Lone Pine Creek Flow,19.1
2026-07-30 10:13:34,Lower Owens River Project,LORP Intake Flow,81.0
2026-07-30 10:13:34,Lower Owens River Project,LORP at Mazourka Canyon Road,0.0
2026-07-30 10:13:34,Lower Owens River Project,LORP at Reinhackle Springs,71.0
2026-07-30 10:13:34,Lower Owens River Project,LORP Above Pumpstation,52.0
2026-07-30 10:13:34,Lower Owens River Project,LORP At Pump Station Discharge Flow,49.0
2026-07-30 10:13:34,Southern District,Haiwee LAA #2 Current Flow,194.3
2026-07-30 10:13:34,Southern District,S. Haiwee Reservoir Elevation,3728.9
2026-07-30 10:13:34,Southern District,Haiwee LAA #1 Current Flow,0.0
2026-07-30 10:13:34,Southern District,Fairmont Reservoir Elevation,3025.9
2026-07-30 10:13:34,Southern District,LAA #1 Flow at Fairmont Reservoir,413.5
2026-07-30 10:13:34,Southern District,LAA #2 Flow at Fairmont Res.,202.3
2026-07-30 10:13:34,Southern District,Bouquet Reservoir Elevation,2982.0
2026-07-30 10:13:34,Southern District,Bouquet Reservoir Inflow,58.5
2026-07-30 10:13:34,Southern District,Bouquet Reservoir Outflow,0.7
2026-07-30 10:13:34,Southern District,LAA #1 at Soledad Flow,265.5
2026-07-30 10:13:34,Southern District,LAA #2 at Soledad Flow,247.3
2026-07-30 10:28:33,Mono Basin,Lee Vining Intake Above Flow,37.3
2026-07-30 10:28:33,Mono Basin,Lee Vining Intake Below Flow,29.7
2026-07-30 10:28:33,Mono Basin,Walker Ck. Above Conduit Flow,6.0
2026-07-30 10:28:33,Mono Basin,L.V. Conduit Below Intake Flow,7.7
2026-07-30 10:28:33,Mono Basin,Walker Ck. Under Conduit Flow,6.0
2026-07-30 10:28:33,Mono Basin,Parker Ck. Under Conduit Flow,17.0
2026-07-30 10:28:33,Mono Basin,Parker Ck. Above Conduit Flow,18.0
2026-07-30 10:28:33,Mono Basin,Grant Lk. Spill Flow,0.0
2026-07-30 10:28:33,Mono Basin,Mono Gate 1 Return Ditch Flow,41.6
2026-07-30 10:28:33,Mono Basin,Grant Lk. Outflow,42.3
2026-07-30 10:28:33,Mono Basin,Rush Ck. at Damsite Flow,63.1
2026-07-30 10:28:33,Mono Basin,Flow to West Portal,0.0
2026-07-30 10:28:33,Long Valley,East Portal Flow,12.0
2026-07-30 10:28:33,Long Valley,OR Below EP Flow,57.0
2026-07-30 10:28:33,Long Valley,Hot Ck.at Hwy. Flow,12.0
2026-07-30 10:28:33,Long Valley,McGee Ck. Lower Sta. Flow,8.1
2026-07-30 10:28:33,Long Valley,Long Valley Current Outflow,187.7
2026-07-30 10:28:33,Long Valley,Rock Ck. Div. Flow,0.5
2026-07-30 10:28:33,Long Valley,Upper Gorge Total Release,44.0
2026-07-30 10:28:33,Long Valley,Release at Middle Gorge,0.0
2026-07-30 10:28:33,Northern Owens Valley,Rock Ck. At Owens River (PV) Flow,31.0
2026-07-30 10:28:33,Northern Owens Valley,Pleasant Valley Outflow,430.6
2026-07-30 10:28:33,Northern Owens Valley,Baker Ck. At LA Station Flow,6.8
2026-07-30 10:28:33,Northern Owens Valley,Big Pine Ck. USGS Flow,57.9
2026-07-30 10:28:33,Northern Owens Valley,O.R. Below Big Pine,468.6
2026-07-30 10:28:33,Northern Owens Valley,Fish Springs At RR Flow,29.5
2026-07-30 10:28:33,Northern Owens Valley,Tinemaha Reservoir Outflow,475.0
2026-07-30 10:28:33,Northern Owens Valley,Bishop Creek Through Plant 6,104.3
2026-07-30 10:28:33,Northern Owens Valley,Bishop Creek Around Plant 6,7.3
2026-07-30 10:28:33,Southern Owens Valley,Tinemaha Reservoir Outflow,475.0
2026-07-30 10:28:33,Southern Owens Valley,Indep. Ck. At Junction Flow,10.5
2026-07-30 10:28:33,Southern Owens Valley,LAA at Alabama Flow,396.0
2026-07-30 10:28:33,Southern Owens Valley,Cottonwood Ck. At LAA Flow,0.0
2026-07-30 10:28:33,Southern Owens Valley,LAA at Cottonwood Flow,503.0
2026-07-30 10:28:33,Southern Owens Valley,Haiwee LAA #1 Current Flow,0.0
2026-07-30 10:28:33,Southern Owens Valley,Haiwee LAA #2 Current Flow,194.3
2026-07-30 10:28:33,Southern Owens Valley,Reinhackel Flow,3.0
2026-07-30 10:28:33,Southern Owens Valley,Lubkin Spillgate Outflow,0.0
2026-07-30 10:28:33,Southern Owens Valley,Cartago Spillgate Outflow,20.3
2026-07-30 10:28:33,Southern Owens Valley,Lone Pine Creek Flow,19.1
2026-07-30 10:28:33,Lower Owens River Project,LORP Intake Flow,81.0
2026-07-30 10:28:33,Lower Owens River Project,LORP at Mazourka Canyon Road,0.0
2026-07-30 10:28:33,Lower Owens River Project,LORP at Reinhackle Springs,75.0
2026-07-30 10:28:33,Lower Owens River Project,LORP Above Pumpstation,51.0
2026-07-30 10:28:33,Lower Owens River Project,LORP At Pump Station Discharge Flow,48.0
2026-07-30 10:28:33,Southern District,Haiwee LAA #2 Current Flow,194.3
2026-07-30 10:28:33,Southern District,Haiwee LAA #1 Current Flow,0.0
2026-07-30 10:28:33,Southern District,LAA #1 Flow at Fairmont Reservoir,417.7
2026-07-30 10:28:33,Southern District,LAA #2 Flow at Fairmont Res.,201.7
2026-07-30 10:28:33,Southern District,Bouquet Reservoir Inflow,58.5
2026-07-30 10:28:33,Southern District,Bouquet Reservoir Outflow,0.7
2026-07-30 10:28:33,Southern District,LAA #1 at Soledad Flow,265.5
2026-07-30 10:28:33,Southern District,LAA #2 at Soledad Flow,247.6
2026-07-30 10:28:34,Mono Basin,Mono Lk. Elevation,6382.4
2026-07-30 10:28:34,Mono Basin,Grant Lk. Elevation,7130.0
2026-07-30 10:28:34,Long Valley,Long Valley Elevation,6774.8
2026-07-30 10:28:34,Northern Owens Valley,Pleasant Valley Elevation,4387.6
2026-07-30 10:28:34,Northern Owens Valley,Tinemaha Elevation,3861.4
2026-07-30 10:28:34,Southern Owens Valley,Tinemaha Elevation,3861.4
2026-07-30 10:28:34,Southern Owens Valley,LAA at Alabama Level,7.8
2026-07-30 10:28:34,Southern Owens Valley,LAA at Alabama Water Temp,71.9
2026-07-30 10:28:34,Southern Owens Valley,LAA at Cottonwood Level,9.4
2026-07-30 10:28:34,Southern Owens Valley,LAA at Cotton. Water Temp,72.6
2026-07-30 10:28:34,Southern Owens Valley,N. Haiwee Elevation,3757.0
2026-07-30 10:28:34,Southern Owens Valley,S. Haiwee Reservoir Elevation,3728.9
2026-07-30 10:28:34,Southern District,S. Haiwee Reservoir Elevation,3728.9
2026-07-30 10:28:34,Southern District,Fairmont Reservoir Elevation,3025.9
2026-07-30 10:28:34,Southern District,Bouquet Reservoir Elevation,2982.0
2026-07-30 10:43:34,Mono Basin,Lee Vining Intake Above Flow,36.7
2026-07-30 10:43:34,Mono Basin,Lee Vining Intake Below Flow,29.8
2026-07-30 10:43:34,Mono Basin,Mono Lk. Elevation,6382.4
2026-07-30 10:43:34,Mono Basin,Walker Ck. Above Conduit Flow,6.0
2026-07-30 10:43:34,Mono Basin,L.V. Conduit Below Intake Flow,7.6
2026-07-30 10:43:34,Mono Basin,Walker Ck. Under Conduit Flow,6.0
2026-07-30 10:43:34,Mono Basin,Parker Ck. Under Conduit Flow,17.0
2026-07-30 10:43:34,Mono Basin,Parker Ck. Above Conduit Flow,18.0
2026-07-30 10:43:34,Mono Basin,Grant Lk. Spill Flow,0.0
2026-07-30 10:43:34,Mono Basin,Mono Gate 1 Return Ditch Flow,41.6
2026-07-30 10:43:34,Mono Basin,Grant Lk. Elevation,7130.0
2026-07-30 10:43:34,Mono Basin,Grant Lk. Outflow,42.3
2026-07-30 10:43:34,Mono Basin,Rush Ck. at Damsite Flow,63.1
2026-07-30 10:43:34,Mono Basin,Flow to West Portal,0.0
2026-07-30 10:43:34,Long Valley,East Portal Flow,12.0
2026-07-30 10:43:34,Long Valley,OR Below EP Flow,57.0
2026-07-30 10:43:34,Long Valley,Hot Ck.at Hwy. Flow,12.0
2026-07-30 10:43:34,Long Valley,McGee Ck. Lower Sta. Flow,8.1
2026-07-30 10:43:34,Long Valley,Long Valley Elevation,6774.8
2026-07-30 10:43:34,Long Valley,Long Valley Current Outflow,149.8
2026-07-30 10:43:34,Long Valley,Rock Ck. Div. Flow,0.5
2026-07-30 10:43:34,Long Valley,Upper Gorge Total Release,44.6
2026-07-30 10:43:34,Long Valley,Release at Middle Gorge,0.0
2026-07-30 10:43:34,Northern Owens Valley,Rock Ck. At Owens River (PV) Flow,31.0
2026-07-30 10:43:34,Northern Owens Valley,Pleasant Valley Elevation,4387.5
2026-07-30 10:43:34,Northern Owens Valley,Pleasant Valley Outflow,431.0
2026-07-30 10:43:34,Northern Owens Valley,Baker Ck. At LA Station Flow,6.8
2026-07-30 10:43:34,Northern Owens Valley,Big Pine Ck. USGS Flow,57.9
2026-07-30 10:43:34,Northern Owens Valley,O.R. Below Big Pine,468.3
2026-07-30 10:43:34,Northern Owens Valley,Fish Springs At RR Flow,29.5
2026-07-30 10:43:34,Northern Owens Valley,Tinemaha Reservoir Outflow,475.0
2026-07-30 10:43:34,Northern Owens Valley,Bishop Creek Through Plant 6,109.8
2026-07-30 10:43:34,Northern Owens Valley,Bishop Creek Around Plant 6,7.3
2026-07-30 10:43:34,Southern Owens Valley,Tinemaha Reservoir Outflow,475.0
2026-07-30 10:43:34,Southern Owens Valley,Indep. Ck. At Junction Flow,10.5
2026-07-30 10:43:34,Southern Owens Valley,LAA at Alabama Flow,396.0
2026-07-30 10:43:34,Southern Owens Valley,LAA at Alabama Level,7.8
2026-07-30 10:43:34,Southern Owens Valley,LAA at Alabama Water Temp,71.9
2026-07-30 10:43:34,Southern Owens Valley,Cottonwood Ck. At LAA Flow,0.0
2026-07-30 10:43:34,Southern Owens Valley,LAA at Cottonwood Flow,503.0
2026-07-30 10:43:34,Southern Owens Valley,LAA at Cottonwood Level,9.4
2026-07-30 10:43:34,Southern Owens Valley,LAA at Cotton. Water Temp,72.7
2026-07-30 10:43:34,Southern Owens Valley,N. Haiwee Elevation,3757.0
2026-07-30 10:43:34,Southern Owens Valley,S. Haiwee Reservoir Elevation,3728.9
2026-07-30 10:43:34,Southern Owens Valley,Haiwee LAA #1 Current Flow,0.0
2026-07-30 10:43:34,Southern Owens Valley,Haiwee LAA #2 Current Flow,194.3
2026-07-30 10:43:34,Southern Owens Valley,Reinhackel Flow,3.0
2026-07-30 10:43:34,Southern Owens Valley,Lubkin Spillgate Outflow,0.0
2026-07-30 10:43:34,Southern Owens Valley,Cartago Spillgate Outflow,20.3
2026-07-30 10:43:34,Southern Owens Valley,Lone Pine Creek Flow,18.9
2026-07-30 10:43:34,Lower Owens River Project,LORP Intake Flow,81.0
2026-07-30 10:43:34,Lower Owens River Project,LORP at Mazourka Canyon Road,0.0
2026-07-30 10:43:34,Lower Owens River Project,LORP at Reinhackle Springs,75.0
2026-07-30 10:43:34,Lower Owens River Project,LORP Above Pumpstation,52.0
2026-07-30 10:43:34,Lower Owens River Project,LORP At Pump Station Discharge Flow,49.0
2026-07-30 10:43:34,Southern District,Haiwee LAA #2 Current Flow,194.3
2026-07-30 10:43:34,Southern District,S. Haiwee Reservoir Elevation,3728.9
2026-07-30 10:43:34,Southern District,Haiwee LAA #1 Current Flow,0.0
2026-07-30 10:43:34,Southern District,Fairmont Reservoir Elevation,3025.9
2026-07-30 10:43:34,Southern District,LAA #1 Flow at Fairmont Reservoir,417.0
2026-07-30 10:43:34,Southern District,LAA #2 Flow at Fairmont Res.,202.4
2026-07-30 10:43:34,Southern District,Bouquet Reservoir Elevation,2982.0
2026-07-30 10:43:34,Southern District,Bouquet Reservoir Inflow,58.5
2026-07-30 10:43:34,Southern District,Bouquet Reservoir Outflow,0.7
2026-07-30 10:43:34,Southern District,LAA #1 at Soledad Flow,269.4
2026-07-30 10:43:34,Southern District,LAA #2 at Soledad Flow,247.6
2026-07-30 10:58:33,Mono Basin,Lee Vining Intake Above Flow,36.7
2026-07-30 10:58:33,Mono Basin,Lee Vining Intake Below Flow,29.8
2026-07-30 10:58:33,Mono Basin,Walker Ck. Above Conduit Flow,6.0
2026-07-30 10:58:33,Mono Basin,L.V. Conduit Below Intake Flow,7.6
2026-07-30 10:58:33,Mono Basin,Walker Ck. Under Conduit Flow,6.0
2026-07-30 10:58:33,Mono Basin,Parker Ck. Under Conduit Flow,17.0
2026-07-30 10:58:33,Mono Basin,Parker Ck. Above Conduit Flow,18.0
2026-07-30 10:58:33,Mono Basin,Grant Lk. Spill Flow,0.0
2026-07-30 10:58:33,Mono Basin,Mono Gate 1 Return Ditch Flow,41.6
2026-07-30 10:58:33,Mono Basin,Grant Lk. Outflow,42.3
2026-07-30 10:58:33,Mono Basin,Rush Ck. at Damsite Flow,63.1
2026-07-30 10:58:33,Mono Basin,Flow to West Portal,0.0
2026-07-30 10:58:33,Long Valley,East Portal Flow,12.0
2026-07-30 10:58:33,Long Valley,OR Below EP Flow,57.0
2026-07-30 10:58:33,Long Valley,Hot Ck.at Hwy. Flow,12.0
2026-07-30 10:58:33,Long Valley,McGee Ck. Lower Sta. Flow,8.1
2026-07-30 10:58:33,Long Valley,Long Valley Current Outflow,38.7
2026-07-30 10:58:33,Long Valley,Rock Ck. Div. Flow,0.5
2026-07-30 10:58:33,Long Valley,Upper Gorge Total Release,45.7
2026-07-30 10:58:33,Long Valley,Release at Middle Gorge,0.0
2026-07-30 10:58:33,Northern Owens Valley,Rock Ck. At Owens River (PV) Flow,31.0
2026-07-30 10:58:33,Northern Owens Valley,Pleasant Valley Outflow,428.6
2026-07-30 10:58:33,Northern Owens Valley,Baker Ck. At LA Station Flow,6.8
2026-07-30 10:58:33,Northern Owens Valley,Big Pine Ck. USGS Flow,57.9
2026-07-30 10:58:33,Northern Owens Valley,O.R. Below Big Pine,468.9
2026-07-30 10:58:33,Northern Owens Valley,Fish Springs At RR Flow,29.5
2026-07-30 10:58:33,Northern Owens Valley,Tinemaha Reservoir Outflow,475.0
2026-07-30 10:58:33,Northern Owens Valley,Bishop Creek Through Plant 6,104.6
2026-07-30 10:58:33,Northern Owens Valley,Bishop Creek Around Plant 6,7.3
2026-07-30 10:58:33,Southern Owens Valley,Tinemaha Reservoir Outflow,475.0
2026-07-30 10:58:33,Southern Owens Valley,Indep. Ck. At Junction Flow,10.5
2026-07-30 10:58:33,Southern Owens Valley,LAA at Alabama Flow,396.0
2026-07-30 10:58:33,Southern Owens Valley,Cottonwood Ck. At LAA Flow,0.0
2026-07-30 10:58:33,Southern Owens Valley,LAA at Cottonwood Flow,503.0
2026-07-30 10:58:33,Southern Owens Valley,Haiwee LAA #1 Current Flow,0.0
2026-07-30 10:58:33,Southern Owens Valley,Haiwee LAA #2 Current Flow,194.3
2026-07-30 10:58:33,Southern Owens Valley,Reinhackel Flow,3.0
2026-07-30 10:58:33,Southern Owens Valley,Lubkin Spillgate Outflow,0.0
2026-07-30 10:58:33,Southern Owens Valley,Cartago Spillgate Outflow,20.1
2026-07-30 10:58:33,Southern Owens Valley,Lone Pine Creek Flow,18.9
2026-07-30 10:58:33,Lower Owens River Project,LORP Intake Flow,81.0
2026-07-30 10:58:33,Lower Owens River Project,LORP at Mazourka Canyon Road,0.0
2026-07-30 10:58:33,Lower Owens River Project,LORP at Reinhackle Springs,75.0
2026-07-30 10:58:33,Lower Owens River Project,LORP Above Pumpstation,51.0
2026-07-30 10:58:33,Lower Owens River Project,LORP At Pump Station Discharge Flow,48.0
2026-07-30 10:58:33,Southern District,Haiwee LAA #2 Current Flow,194.3
2026-07-30 10:58:33,Southern District,Haiwee LAA #1 Current Flow,0.0
2026-07-30 10:58:33,Southern District,LAA #1 Flow at Fairmont Reservoir,417.8
2026-07-30 10:58:33,Southern District,LAA #2 Flow at Fairmont Res.,202.3
2026-07-30 10:58:33,Southern District,Bouquet Reservoir Inflow,58.6
2026-07-30 10:58:33,Southern District,Bouquet Reservoir Outflow,0.7
2026-07-30 10:58:33,Southern District,LAA #1 at Soledad Flow,269.4
2026-07-30 10:58:33,Southern District,LAA #2 at Soledad Flow,247.6
2026-07-30 10:58:34,Mono Basin,Mono Lk. Elevation,6382.4
2026-07-30 10:58:34,Mono Basin,Grant Lk. Elevation,7130.0
2026-07-30 10:58:34,Long Valley,Long Valley Elevation,6774.8
2026-07-30 10:58:34,Northern Owens Valley,Pleasant Valley Elevation,4387.4
2026-07-30 10:58:34,Northern Owens Valley,Tinemaha Elevation,3861.4
2026-07-30 10:58:34,Southern Owens Valley,Tinemaha Elevation,3861.4
2026-07-30 10:58:34,Southern Owens Valley,LAA at Alabama Level,7.8
2026-07-30 10:58:34,Southern Owens Valley,LAA at Alabama Water Temp,71.9
2026-07-30 10:58:34,Southern Owens Valley,LAA at Cottonwood Level,9.4
2026-07-30 10:58:34,Southern Owens Valley,LAA at Cotton. Water Temp,72.8
2026-07-30 10:58:34,Southern Owens Valley,N. Haiwee Elevation,3757.0
2026-07-30 10:58:34,Southern Owens Valley,S. Haiwee Reservoir Elevation,3728.9
2026-07-30 10:58:34,Southern District,S. Haiwee Reservoir Elevation,3728.9
2026-07-30 10:58:34,Southern District,Fairmont Reservoir Elevation,3025.9
2026-07-30 10:58:34,Southern District,Bouquet Reservoir Elevation,2982.0
2026-07-30 11:13:33,Mono Basin,Lee Vining Intake Above Flow,37.0
2026-07-30 11:13:33,Mono Basin,Lee Vining Intake Below Flow,29.7
2026-07-30 11:13:33,Mono Basin,Walker Ck. Above Conduit Flow,6.0
2026-07-30 11:13:33,Mono Basin,L.V. Conduit Below Intake Flow,7.5
2026-07-30 11:13:33,Mono Basin,Walker Ck. Under Conduit Flow,6.0
2026-07-30 11:13:33,Mono Basin,Parker Ck. Under Conduit Flow,17.0
2026-07-30 11:13:33,Mono Basin,Parker Ck. Above Conduit Flow,18.0
2026-07-30 11:13:33,Mono Basin,Grant Lk. Spill Flow,0.0
2026-07-30 11:13:33,Mono Basin,Mono Gate 1 Return Ditch Flow,41.5
2026-07-30 11:13:33,Mono Basin,Grant Lk. Outflow,42.4
2026-07-30 11:13:33,Mono Basin,Rush Ck. at Damsite Flow,63.1
2026-07-30 11:13:33,Mono Basin,Flow to West Portal,0.0
2026-07-30 11:13:33,Long Valley,East Portal Flow,12.0
2026-07-30 11:13:33,Long Valley,OR Below EP Flow,57.0
2026-07-30 11:13:33,Long Valley,Hot Ck.at Hwy. Flow,12.0
2026-07-30 11:13:33,Long Valley,McGee Ck. Lower Sta. Flow,8.1
2026-07-30 11:13:33,Long Valley,Long Valley Current Outflow,25.4
2026-07-30 11:13:33,Long Valley,Rock Ck. Div. Flow,0.5
2026-07-30 11:13:33,Long Valley,Upper Gorge Total Release,46.3
2026-07-30 11:13:33,Long Valley,Release at Middle Gorge,0.0
2026-07-30 11:13:33,Northern Owens Valley,Rock Ck. At Owens River (PV) Flow,31.0
2026-07-30 11:13:33,Northern Owens Valley,Pleasant Valley Outflow,428.6
2026-07-30 11:13:33,Northern Owens Valley,Baker Ck. At LA Station Flow,6.8
2026-07-30 11:13:33,Northern Owens Valley,Big Pine Ck. USGS Flow,57.9
2026-07-30 11:13:33,Northern Owens Valley,O.R. Below Big Pine,468.4
2026-07-30 11:13:33,Northern Owens Valley,Fish Springs At RR Flow,29.5
2026-07-30 11:13:33,Northern Owens Valley,Tinemaha Reservoir Outflow,474.2
2026-07-30 11:13:33,Northern Owens Valley,Bishop Creek Through Plant 6,105.0
2026-07-30 11:13:33,Northern Owens Valley,Bishop Creek Around Plant 6,7.3
2026-07-30 11:13:33,Southern Owens Valley,Tinemaha Reservoir Outflow,474.2
2026-07-30 11:13:33,Southern Owens Valley,Indep. Ck. At Junction Flow,10.5
2026-07-30 11:13:33,Southern Owens Valley,LAA at Alabama Flow,396.0
2026-07-30 11:13:33,Southern Owens Valley,Cottonwood Ck. At LAA Flow,0.0
2026-07-30 11:13:33,Southern Owens Valley,LAA at Cottonwood Flow,503.0
2026-07-30 11:13:33,Southern Owens Valley,Haiwee LAA #1 Current Flow,0.0
2026-07-30 11:13:33,Southern Owens Valley,Haiwee LAA #2 Current Flow,194.3
2026-07-30 11:13:33,Southern Owens Valley,Reinhackel Flow,3.0
2026-07-30 11:13:33,Southern Owens Valley,Lubkin Spillgate Outflow,0.0
2026-07-30 11:13:33,Southern Owens Valley,Cartago Spillgate Outflow,20.1
2026-07-30 11:13:33,Southern Owens Valley,Lone Pine Creek Flow,18.8
2026-07-30 11:13:33,Lower Owens River Project,LORP Intake Flow,81.0
2026-07-30 11:13:33,Lower Owens River Project,LORP at Mazourka Canyon Road,0.0
2026-07-30 11:13:33,Lower Owens River Project,LORP at Reinhackle Springs,75.0
2026-07-30 11:13:33,Lower Owens River Project,LORP Above Pumpstation,51.0
2026-07-30 11:13:33,Lower Owens River Project,LORP At Pump Station Discharge Flow,48.0
2026-07-30 11:13:33,Southern District,Haiwee LAA #2 Current Flow,194.3
2026-07-30 11:13:33,Southern District,Haiwee LAA #1 Current Flow,0.0
2026-07-30 11:13:33,Southern District,LAA #1 Flow at Fairmont Reservoir,418.7
2026-07-30 11:13:33,Southern District,LAA #2 Flow at Fairmont Res.,202.5
2026-07-30 11:13:34,Mono Basin,Mono Lk. Elevation,6382.4
2026-07-30 11:13:34,Mono Basin,Grant Lk. Elevation,7130.0
2026-07-30 11:13:34,Long Valley,Long Valley Elevation,6774.8
2026-07-30 11:13:34,Northern Owens Valley,Pleasant Valley Elevation,4387.4
2026-07-30 11:13:34,Southern Owens Valley,LAA at Alabama Level,7.8
2026-07-30 11:13:34,Southern Owens Valley,LAA at Alabama Water Temp,71.9
2026-07-30 11:13:34,Southern Owens Valley,LAA at Cottonwood Level,9.4
2026-07-30 11:13:34,Southern Owens Valley,LAA at Cotton. Water Temp,72.9
2026-07-30 11:13:34,Southern Owens Valley,N. Haiwee Elevation,3757.0
2026-07-30 11:13:34,Southern Owens Valley,S. Haiwee Reservoir Elevation,3728.9
2026-07-30 11:13:34,Southern District,S. Haiwee Reservoir Elevation,3728.9
2026-07-30 11:13:34,Southern District,Fairmont Reservoir Elevation,3025.9
2026-07-30 11:13:34,Southern District,Bouquet Reservoir Elevation,2982.0
2026-07-30 11:13:34,Southern District,Bouquet Reservoir Inflow,53.5
2026-07-30 11:13:34,Southern District,Bouquet Reservoir Outflow,0.7
2026-07-30 11:13:34,Southern District,LAA #1 at Soledad Flow,269.4
2026-07-30 11:13:34,Southern District,LAA #2 at Soledad Flow,247.6
2026-07-30 11:28:33,Northern Owens Valley,Tinemaha Reservoir Outflow,474.2
2026-07-30 11:28:33,Southern Owens Valley,Tinemaha Reservoir Outflow,474.2
2026-07-30 11:28:33,Southern Owens Valley,Indep. Ck. At Junction Flow,10.5
2026-07-30 11:28:33,Southern Owens Valley,LAA at Alabama Flow,396.0
2026-07-30 11:28:33,Southern Owens Valley,Cottonwood Ck. At LAA Flow,0.0
2026-07-30 11:28:33,Southern Owens Valley,LAA at Cottonwood Flow,503.0
2026-07-30 11:28:33,Southern Owens Valley,Haiwee LAA #1 Current Flow,0.0
2026-07-30 11:28:33,Southern Owens Valley,Haiwee LAA #2 Current Flow,194.3
2026-07-30 11:28:33,Southern Owens Valley,Reinhackel Flow,3.0
2026-07-30 11:28:33,Southern Owens Valley,Lubkin Spillgate Outflow,0.0
2026-07-30 11:28:33,Southern Owens Valley,Cartago Spillgate Outflow,22.1
2026-07-30 11:28:33,Southern Owens Valley,Lone Pine Creek Flow,18.8
2026-07-30 11:28:33,Lower Owens River Project,LORP Intake Flow,81.0
2026-07-30 11:28:33,Southern District,Haiwee LAA #2 Current Flow,194.3
2026-07-30 11:28:33,Southern District,Haiwee LAA #1 Current Flow,0.0
2026-07-30 11:28:34,Mono Basin,Lee Vining Intake Above Flow,37.0
2026-07-30 11:28:34,Mono Basin,Lee Vining Intake Below Flow,29.7
2026-07-30 11:28:34,Mono Basin,Mono Lk. Elevation,6382.4
2026-07-30 11:28:34,Mono Basin,Walker Ck. Above Conduit Flow,6.0
2026-07-30 11:28:34,Mono Basin,L.V. Conduit Below Intake Flow,7.5
2026-07-30 11:28:34,Mono Basin,Walker Ck. Under Conduit Flow,6.0
2026-07-30 11:28:34,Mono Basin,Parker Ck. Under Conduit Flow,17.0
2026-07-30 11:28:34,Mono Basin,Parker Ck. Above Conduit Flow,18.0
2026-07-30 11:28:34,Mono Basin,Grant Lk. Spill Flow,0.0
2026-07-30 11:28:34,Mono Basin,Mono Gate 1 Return Ditch Flow,41.5
2026-07-30 11:28:34,Mono Basin,Grant Lk. Elevation,7130.0
2026-07-30 11:28:34,Mono Basin,Grant Lk. Outflow,42.4
2026-07-30 11:28:34,Mono Basin,Rush Ck. at Damsite Flow,63.1
2026-07-30 11:28:34,Mono Basin,Flow to West Portal,0.0
2026-07-30 11:28:34,Long Valley,East Portal Flow,12.0
2026-07-30 11:28:34,Long Valley,OR Below EP Flow,57.0
2026-07-30 11:28:34,Long Valley,Hot Ck.at Hwy. Flow,12.0
2026-07-30 11:28:34,Long Valley,McGee Ck. Lower Sta. Flow,8.1
2026-07-30 11:28:34,Long Valley,Long Valley Elevation,6774.8
2026-07-30 11:28:34,Long Valley,Long Valley Current Outflow,25.4
2026-07-30 11:28:34,Long Valley,Rock Ck. Div. Flow,0.5
2026-07-30 11:28:34,Long Valley,Upper Gorge Total Release,45.2
2026-07-30 11:28:34,Long Valley,Release at Middle Gorge,0.0
2026-07-30 11:28:34,Northern Owens Valley,Rock Ck. At Owens River (PV) Flow,31.0
2026-07-30 11:28:34,Northern Owens Valley,Pleasant Valley Elevation,4387.3
2026-07-30 11:28:34,Northern Owens Valley,Pleasant Valley Outflow,428.5
2026-07-30 11:28:34,Northern Owens Valley,Baker Ck. At LA Station Flow,6.8
2026-07-30 11:28:34,Northern Owens Valley,Big Pine Ck. USGS Flow,57.9
2026-07-30 11:28:34,Northern Owens Valley,O.R. Below Big Pine,468.4
2026-07-30 11:28:34,Northern Owens Valley,Fish Springs At RR Flow,29.5
2026-07-30 11:28:34,Northern Owens Valley,Tinemaha Elevation,3861.4
2026-07-30 11:28:34,Northern Owens Valley,Bishop Creek Through Plant 6,105.0
2026-07-30 11:28:34,Northern Owens Valley,Bishop Creek Around Plant 6,7.3
2026-07-30 11:28:34,Southern Owens Valley,Tinemaha Elevation,3861.4
2026-07-30 11:28:34,Southern Owens Valley,LAA at Alabama Level,7.8
2026-07-30 11:28:34,Southern Owens Valley,LAA at Alabama Water Temp,71.9
2026-07-30 11:28:34,Southern Owens Valley,LAA at Cottonwood Level,9.4
2026-07-30 11:28:34,Southern Owens Valley,LAA at Cotton. Water Temp,72.9
2026-07-30 11:28:34,Southern Owens Valley,N. Haiwee Elevation,3757.0
2026-07-30 11:28:34,Southern Owens Valley,S. Haiwee Reservoir Elevation,3728.9
2026-07-30 11:28:34,Lower Owens River Project,LORP at Mazourka Canyon Road,0.0
2026-07-30 11:28:34,Lower Owens River Project,LORP at Reinhackle Springs,78.0
2026-07-30 11:28:34,Lower Owens River Project,LORP Above Pumpstation,51.0
2026-07-30 11:28:34,Lower Owens River Project,LORP At Pump Station Discharge Flow,48.0
2026-07-30 11:28:34,Southern District,S. Haiwee Reservoir Elevation,3728.9
2026-07-30 11:28:34,Southern District,Fairmont Reservoir Elevation,3025.9
2026-07-30 11:28:34,Southern District,LAA #1 Flow at Fairmont Reservoir,418.6
2026-07-30 11:28:34,Southern District,LAA #2 Flow at Fairmont Res.,202.4
2026-07-30 11:28:34,Southern District,Bouquet Reservoir Elevation,2982.0
2026-07-30 11:28:34,Southern District,Bouquet Reservoir Inflow,59.4
2026-07-30 11:28:34,Southern District,Bouquet Reservoir Outflow,0.7
2026-07-30 11:28:34,Southern District,LAA #1 at Soledad Flow,269.4
2026-07-30 11:28:34,Southern District,LAA #2 at Soledad Flow,247.6
2026-07-30 11:43:33,Mono Basin,Lee Vining Intake Above Flow,37.3
2026-07-30 11:43:33,Mono Basin,Lee Vining Intake Below Flow,29.7
2026-07-30 11:43:33,Mono Basin,Walker Ck. Above Conduit Flow,6.0
2026-07-30 11:43:33,Mono Basin,L.V. Conduit Below Intake Flow,7.5
2026-07-30 11:43:33,Mono Basin,Walker Ck. Under Conduit Flow,6.0
2026-07-30 11:43:33,Mono Basin,Parker Ck. Under Conduit Flow,17.0
2026-07-30 11:43:33,Mono Basin,Parker Ck. Above Conduit Flow,18.0
2026-07-30 11:43:33,Mono Basin,Grant Lk. Spill Flow,0.0
2026-07-30 11:43:33,Mono Basin,Mono Gate 1 Return Ditch Flow,41.5
2026-07-30 11:43:33,Mono Basin,Grant Lk. Outflow,42.4
2026-07-30 11:43:33,Mono Basin,Rush Ck. at Damsite Flow,63.1
2026-07-30 11:43:33,Mono Basin,Flow to West Portal,0.0
2026-07-30 11:43:33,Long Valley,East Portal Flow,12.0
2026-07-30 11:43:33,Long Valley,OR Below EP Flow,57.0
2026-07-30 11:43:33,Long Valley,Hot Ck.at Hwy. Flow,12.0
2026-07-30 11:43:33,Long Valley,McGee Ck. Lower Sta. Flow,8.1
2026-07-30 11:43:33,Long Valley,Long Valley Current Outflow,25.4
2026-07-30 11:43:33,Long Valley,Rock Ck. Div. Flow,0.5
2026-07-30 11:43:33,Long Valley,Upper Gorge Total Release,45.6
2026-07-30 11:43:33,Long Valley,Release at Middle Gorge,0.0
2026-07-30 11:43:33,Northern Owens Valley,Rock Ck. At Owens River (PV) Flow,31.0
2026-07-30 11:43:33,Northern Owens Valley,Pleasant Valley Outflow,428.2
2026-07-30 11:43:33,Northern Owens Valley,Baker Ck. At LA Station Flow,6.8
2026-07-30 11:43:33,Northern Owens Valley,Big Pine Ck. USGS Flow,57.9
2026-07-30 11:43:33,Northern Owens Valley,O.R. Below Big Pine,468.9
2026-07-30 11:43:33,Northern Owens Valley,Fish Springs At RR Flow,29.5
2026-07-30 11:43:33,Northern Owens Valley,Tinemaha Reservoir Outflow,474.2
2026-07-30 11:43:33,Northern Owens Valley,Bishop Creek Through Plant 6,105.0
2026-07-30 11:43:33,Northern Owens Valley,Bishop Creek Around Plant 6,7.3
2026-07-30 11:43:33,Southern Owens Valley,Tinemaha Reservoir Outflow,474.2
2026-07-30 11:43:33,Southern Owens Valley,Indep. Ck. At Junction Flow,10.5
2026-07-30 11:43:33,Southern Owens Valley,LAA at Alabama Flow,396.0
2026-07-30 11:43:33,Southern Owens Valley,Cottonwood Ck. At LAA Flow,0.0
2026-07-30 11:43:33,Southern Owens Valley,LAA at Cottonwood Flow,503.0
2026-07-30 11:43:33,Southern Owens Valley,Haiwee LAA #1 Current Flow,0.0
2026-07-30 11:43:33,Southern Owens Valley,Haiwee LAA #2 Current Flow,194.3
2026-07-30 11:43:33,Southern Owens Valley,Reinhackel Flow,3.0
2026-07-30 11:43:33,Southern Owens Valley,Lubkin Spillgate Outflow,0.0
2026-07-30 11:43:33,Southern Owens Valley,Cartago Spillgate Outflow,22.1
2026-07-30 11:43:33,Southern Owens Valley,Lone Pine Creek Flow,18.8
2026-07-30 11:43:33,Lower Owens River Project,LORP Intake Flow,81.0
2026-07-30 11:43:33,Lower Owens River Project,LORP at Mazourka Canyon Road,0.0
2026-07-30 11:43:33,Lower Owens River Project,LORP at Reinhackle Springs,78.0
2026-07-30 11:43:33,Lower Owens River Project,LORP Above Pumpstation,51.0
2026-07-30 11:43:33,Lower Owens River Project,LORP At Pump Station Discharge Flow,48.0
2026-07-30 11:43:33,Southern District,Haiwee LAA #2 Current Flow,194.3
2026-07-30 11:43:33,Southern District,Haiwee LAA #1 Current Flow,0.0
2026-07-30 11:43:33,Southern District,LAA #1 Flow at Fairmont Reservoir,417.5
2026-07-30 11:43:33,Southern District,LAA #2 Flow at Fairmont Res.,202.4
2026-07-30 11:43:33,Southern District,Bouquet Reservoir Inflow,58.4
2026-07-30 11:43:33,Southern District,Bouquet Reservoir Outflow,0.7
2026-07-30 11:43:33,Southern District,LAA #1 at Soledad Flow,269.4
2026-07-30 11:43:33,Southern District,LAA #2 at Soledad Flow,247.6
2026-07-30 11:43:34,Mono Basin,Mono Lk. Elevation,6382.4
2026-07-30 11:43:34,Mono Basin,Grant Lk. Elevation,7130.0
2026-07-30 11:43:34,Long Valley,Long Valley Elevation,6774.8
2026-07-30 11:43:34,Northern Owens Valley,Pleasant Valley Elevation,4387.2
2026-07-30 11:43:34,Southern Owens Valley,LAA at Alabama Level,7.8
2026-07-30 11:43:34,Southern Owens Valley,LAA at Alabama Water Temp,71.9
2026-07-30 11:43:34,Southern Owens Valley,LAA at Cottonwood Level,9.4
2026-07-30 11:43:34,Southern Owens Valley,LAA at Cotton. Water Temp,73.0
2026-07-30 11:43:34,Southern Owens Valley,N. Haiwee Elevation,3757.0
2026-07-30 11:43:34,Southern Owens Valley,S. Haiwee Reservoir Elevation,3728.9
2026-07-30 11:43:34,Southern District,S. Haiwee Reservoir Elevation,3728.9
2026-07-30 11:43:34,Southern District,Fairmont Reservoir Elevation,3025.9
2026-07-30 11:43:34,Southern District,Bouquet Reservoir Elevation,2982.0
2026-07-30 11:58:33,Mono Basin,Lee Vining Intake Above Flow,37.3
2026-07-30 11:58:33,Mono Basin,Lee Vining Intake Below Flow,29.7
2026-07-30 11:58:33,Mono Basin,Walker Ck. Above Conduit Flow,6.0
2026-07-30 11:58:33,Mono Basin,L.V. Conduit Below Intake Flow,7.5
2026-07-30 11:58:33,Mono Basin,Walker Ck. Under Conduit Flow,6.0
2026-07-30 11:58:33,Mono Basin,Parker Ck. Under Conduit Flow,17.0
2026-07-30 11:58:33,Mono Basin,Parker Ck. Above Conduit Flow,18.0
2026-07-30 11:58:33,Mono Basin,Grant Lk. Spill Flow,0.0
2026-07-30 11:58:33,Mono Basin,Mono Gate 1 Return Ditch Flow,41.5
2026-07-30 11:58:33,Mono Basin,Grant Lk. Outflow,42.4
2026-07-30 11:58:33,Mono Basin,Rush Ck. at Damsite Flow,63.1
2026-07-30 11:58:33,Mono Basin,Flow to West Portal,0.0
2026-07-30 11:58:33,Long Valley,East Portal Flow,12.0
2026-07-30 11:58:33,Long Valley,OR Below EP Flow,57.0
2026-07-30 11:58:33,Long Valley,Hot Ck.at Hwy. Flow,12.0
2026-07-30 11:58:33,Long Valley,McGee Ck. Lower Sta. Flow,8.1
2026-07-30 11:58:33,Long Valley,Long Valley Current Outflow,25.4
2026-07-30 11:58:33,Long Valley,Rock Ck. Div. Flow,0.5
2026-07-30 11:58:33,Long Valley,Upper Gorge Total Release,45.6
2026-07-30 11:58:33,Long Valley,Release at Middle Gorge,0.0
2026-07-30 11:58:33,Northern Owens Valley,Rock Ck. At Owens River (PV) Flow,30.8
2026-07-30 11:58:33,Northern Owens Valley,Pleasant Valley Outflow,427.9
2026-07-30 11:58:33,Northern Owens Valley,Baker Ck. At LA Station Flow,6.8
2026-07-30 11:58:33,Northern Owens Valley,Big Pine Ck. USGS Flow,57.9
2026-07-30 11:58:33,Northern Owens Valley,O.R. Below Big Pine,469.9
2026-07-30 11:58:33,Northern Owens Valley,Fish Springs At RR Flow,29.5
2026-07-30 11:58:33,Northern Owens Valley,Tinemaha Reservoir Outflow,474.2
2026-07-30 11:58:33,Northern Owens Valley,Bishop Creek Through Plant 6,105.0
2026-07-30 11:58:33,Northern Owens Valley,Bishop Creek Around Plant 6,7.3
2026-07-30 11:58:33,Southern Owens Valley,Tinemaha Reservoir Outflow,474.2
2026-07-30 11:58:33,Southern Owens Valley,Indep. Ck. At Junction Flow,10.5
2026-07-30 11:58:33,Southern Owens Valley,LAA at Alabama Flow,396.0
2026-07-30 11:58:33,Southern Owens Valley,Cottonwood Ck. At LAA Flow,0.0
2026-07-30 11:58:33,Southern Owens Valley,LAA at Cottonwood Flow,504.0
2026-07-30 11:58:33,Southern Owens Valley,Haiwee LAA #1 Current Flow,0.0
2026-07-30 11:58:33,Southern Owens Valley,Haiwee LAA #2 Current Flow,194.3
2026-07-30 11:58:33,Southern Owens Valley,Reinhackel Flow,3.0
2026-07-30 11:58:33,Southern Owens Valley,Lubkin Spillgate Outflow,0.0
2026-07-30 11:58:33,Southern Owens Valley,Cartago Spillgate Outflow,20.0
2026-07-30 11:58:33,Southern Owens Valley,Lone Pine Creek Flow,18.8
2026-07-30 11:58:33,Lower Owens River Project,LORP Intake Flow,81.0
2026-07-30 11:58:33,Lower Owens River Project,LORP at Mazourka Canyon Road,0.0
2026-07-30 11:58:33,Lower Owens River Project,LORP at Reinhackle Springs,78.0
2026-07-30 11:58:33,Lower Owens River Project,LORP Above Pumpstation,51.0
2026-07-30 11:58:33,Lower Owens River Project,LORP At Pump Station Discharge Flow,48.0
2026-07-30 11:58:33,Southern District,Haiwee LAA #2 Current Flow,194.3
2026-07-30 11:58:33,Southern District,Haiwee LAA #1 Current Flow,0.0
2026-07-30 11:58:33,Southern District,LAA #1 Flow at Fairmont Reservoir,417.9
2026-07-30 11:58:33,Southern District,LAA #2 Flow at Fairmont Res.,202.4
2026-07-30 11:58:33,Southern District,Bouquet Reservoir Inflow,58.3
2026-07-30 11:58:33,Southern District,Bouquet Reservoir Outflow,0.7
2026-07-30 11:58:33,Southern District,LAA #1 at Soledad Flow,269.4
2026-07-30 11:58:33,Southern District,LAA #2 at Soledad Flow,247.6
2026-07-30 11:58:34,Mono Basin,Mono Lk. Elevation,6382.4
2026-07-30 11:58:34,Mono Basin,Grant Lk. Elevation,7130.0
2026-07-30 11:58:34,Long Valley,Long Valley Elevation,6774.8
2026-07-30 11:58:34,Northern Owens Valley,Pleasant Valley Elevation,4387.1
2026-07-30 11:58:34,Northern Owens Valley,Tinemaha Elevation,3861.4
2026-07-30 11:58:34,Southern Owens Valley,Tinemaha Elevation,3861.4
2026-07-30 11:58:34,Southern Owens Valley,LAA at Alabama Level,7.8
2026-07-30 11:58:34,Southern Owens Valley,LAA at Alabama Water Temp,71.9
2026-07-30 11:58:34,Southern Owens Valley,LAA at Cottonwood Level,9.4
2026-07-30 11:58:34,Southern Owens Valley,LAA at Cotton. Water Temp,73.2
2026-07-30 11:58:34,Southern Owens Valley,N. Haiwee Elevation,3757.0
2026-07-30 11:58:34,Southern Owens Valley,S. Haiwee Reservoir Elevation,3728.9
2026-07-30 11:58:34,Southern District,S. Haiwee Reservoir Elevation,3728.9
2026-07-30 11:58:34,Southern District,Fairmont Reservoir Elevation,3025.9
2026-07-30 11:58:34,Southern District,Bouquet Reservoir Elevation,2982.0
2026-07-30 12:13:33,Mono Basin,Lee Vining Intake Above Flow,37.0
2026-07-30 12:13:33,Mono Basin,Lee Vining Intake Below Flow,29.6
2026-07-30 12:13:33,Mono Basin,L.V. Conduit Below Intake Flow,7.4
2026-07-30 12:13:33,Mono Basin,Walker Ck. Under Conduit Flow,6.0
2026-07-30 12:13:33,Mono Basin,Parker Ck. Under Conduit Flow,16.0
2026-07-30 12:13:33,Long Valley,Hot Ck.at Hwy. Flow,12.0
2026-07-30 12:13:33,Long Valley,McGee Ck. Lower Sta. Flow,7.9
2026-07-30 12:13:33,Long Valley,Long Valley Current Outflow,46.3
2026-07-30 12:13:33,Long Valley,Rock Ck. Div. Flow,0.5
2026-07-30 12:13:33,Long Valley,Upper Gorge Total Release,45.5
2026-07-30 12:13:33,Long Valley,Release at Middle Gorge,0.0
2026-07-30 12:13:33,Northern Owens Valley,Rock Ck. At Owens River (PV) Flow,30.8
2026-07-30 12:13:33,Northern Owens Valley,Pleasant Valley Outflow,423.6
2026-07-30 12:13:33,Northern Owens Valley,Baker Ck. At LA Station Flow,6.6
2026-07-30 12:13:33,Northern Owens Valley,Big Pine Ck. USGS Flow,57.9
2026-07-30 12:13:33,Northern Owens Valley,O.R. Below Big Pine,470.1
2026-07-30 12:13:33,Northern Owens Valley,Fish Springs At RR Flow,29.5
2026-07-30 12:13:33,Northern Owens Valley,Tinemaha Reservoir Outflow,474.2
2026-07-30 12:13:33,Northern Owens Valley,Bishop Creek Through Plant 6,105.0
2026-07-30 12:13:33,Northern Owens Valley,Bishop Creek Around Plant 6,7.3
2026-07-30 12:13:33,Southern Owens Valley,Tinemaha Reservoir Outflow,474.2
2026-07-30 12:13:33,Southern Owens Valley,Indep. Ck. At Junction Flow,10.5
2026-07-30 12:13:33,Southern Owens Valley,LAA at Alabama Flow,396.0
2026-07-30 12:13:33,Southern Owens Valley,Cottonwood Ck. At LAA Flow,0.0
2026-07-30 12:13:33,Southern Owens Valley,LAA at Cottonwood Flow,504.0
2026-07-30 12:13:33,Southern Owens Valley,Haiwee LAA #1 Current Flow,0.0
2026-07-30 12:13:33,Southern Owens Valley,Haiwee LAA #2 Current Flow,194.3
2026-07-30 12:13:33,Southern Owens Valley,Reinhackel Flow,3.0
2026-07-30 12:13:33,Southern Owens Valley,Lubkin Spillgate Outflow,0.0
2026-07-30 12:13:33,Southern Owens Valley,Cartago Spillgate Outflow,20.0
2026-07-30 12:13:33,Southern Owens Valley,Lone Pine Creek Flow,18.7
2026-07-30 12:13:33,Lower Owens River Project,LORP Intake Flow,81.0
2026-07-30 12:13:33,Lower Owens River Project,LORP at Mazourka Canyon Road,0.0
2026-07-30 12:13:33,Lower Owens River Project,LORP at Reinhackle Springs,78.0
2026-07-30 12:13:33,Lower Owens River Project,LORP Above Pumpstation,51.0
2026-07-30 12:13:33,Lower Owens River Project,LORP At Pump Station Discharge Flow,48.0
2026-07-30 12:13:33,Southern District,Haiwee LAA #2 Current Flow,194.3
2026-07-30 12:13:33,Southern District,Haiwee LAA #1 Current Flow,0.0
2026-07-30 12:13:34,Mono Basin,Mono Lk. Elevation,6382.4
2026-07-30 12:13:34,Mono Basin,Walker Ck. Above Conduit Flow,6.0
2026-07-30 12:13:34,Mono Basin,Parker Ck. Above Conduit Flow,18.0
2026-07-30 12:13:34,Mono Basin,Grant Lk. Spill Flow,0.0
2026-07-30 12:13:34,Mono Basin,Mono Gate 1 Return Ditch Flow,41.5
2026-07-30 12:13:34,Mono Basin,Grant Lk. Elevation,7130.0
2026-07-30 12:13:34,Mono Basin,Grant Lk. Outflow,42.4
2026-07-30 12:13:34,Mono Basin,Rush Ck. at Damsite Flow,63.1
2026-07-30 12:13:34,Mono Basin,Flow to West Portal,0.0
2026-07-30 12:13:34,Long Valley,East Portal Flow,12.0
2026-07-30 12:13:34,Long Valley,OR Below EP Flow,57.0
2026-07-30 12:13:34,Long Valley,Long Valley Elevation,6774.8
2026-07-30 12:13:34,Northern Owens Valley,Pleasant Valley Elevation,4387.1
2026-07-30 12:13:34,Southern Owens Valley,LAA at Alabama Level,7.8
2026-07-30 12:13:34,Southern Owens Valley,LAA at Alabama Water Temp,71.9
2026-07-30 12:13:34,Southern Owens Valley,LAA at Cottonwood Level,9.4
2026-07-30 12:13:34,Southern Owens Valley,LAA at Cotton. Water Temp,73.3
2026-07-30 12:13:34,Southern Owens Valley,N. Haiwee Elevation,3757.0
2026-07-30 12:13:34,Southern Owens Valley,S. Haiwee Reservoir Elevation,3728.9
2026-07-30 12:13:34,Southern District,S. Haiwee Reservoir Elevation,3728.9
2026-07-30 12:13:34,Southern District,Fairmont Reservoir Elevation,3025.9
2026-07-30 12:13:34,Southern District,LAA #1 Flow at Fairmont Reservoir,418.8
2026-07-30 12:13:34,Southern District,LAA #2 Flow at Fairmont Res.,201.7
2026-07-30 12:13:34,Southern District,Bouquet Reservoir Elevation,2982.0
2026-07-30 12:13:34,Southern District,Bouquet Reservoir Inflow,58.2
2026-07-30 12:13:34,Southern District,Bouquet Reservoir Outflow,0.7
2026-07-30 12:13:34,Southern District,LAA #1 at Soledad Flow,269.4
2026-07-30 12:13:34,Southern District,LAA #2 at Soledad Flow,247.6
2026-07-30 12:28:33,Mono Basin,Lee Vining Intake Above Flow,37.0
2026-07-30 12:28:33,Mono Basin,Lee Vining Intake Below Flow,29.6
2026-07-30 12:28:33,Mono Basin,Walker Ck. Above Conduit Flow,6.0
2026-07-30 12:28:33,Mono Basin,L.V. Conduit Below Intake Flow,7.4
2026-07-30 12:28:33,Mono Basin,Walker Ck. Under Conduit Flow,6.0
2026-07-30 12:28:33,Mono Basin,Parker Ck. Under Conduit Flow,16.0
2026-07-30 12:28:33,Mono Basin,Parker Ck. Above Conduit Flow,18.0
2026-07-30 12:28:33,Mono Basin,Grant Lk. Outflow,32.5
2026-07-30 12:28:33,Mono Basin,Rush Ck. at Damsite Flow,63.1
2026-07-30 12:28:33,Long Valley,OR Below EP Flow,57.0
2026-07-30 12:28:33,Long Valley,Hot Ck.at Hwy. Flow,11.0
2026-07-30 12:28:33,Long Valley,McGee Ck. Lower Sta. Flow,7.9
2026-07-30 12:28:33,Long Valley,Long Valley Current Outflow,46.3
2026-07-30 12:28:33,Long Valley,Rock Ck. Div. Flow,0.5
2026-07-30 12:28:33,Long Valley,Upper Gorge Total Release,45.2
2026-07-30 12:28:33,Long Valley,Release at Middle Gorge,0.0
2026-07-30 12:28:33,Northern Owens Valley,Rock Ck. At Owens River (PV) Flow,30.8
2026-07-30 12:28:33,Northern Owens Valley,Pleasant Valley Outflow,422.8
2026-07-30 12:28:33,Northern Owens Valley,Baker Ck. At LA Station Flow,6.6
2026-07-30 12:28:33,Northern Owens Valley,Big Pine Ck. USGS Flow,53.8
2026-07-30 12:28:33,Northern Owens Valley,O.R. Below Big Pine,469.4
2026-07-30 12:28:33,Northern Owens Valley,Fish Springs At RR Flow,29.3
2026-07-30 12:28:33,Northern Owens Valley,Tinemaha Reservoir Outflow,474.2
2026-07-30 12:28:33,Northern Owens Valley,Bishop Creek Through Plant 6,105.3
2026-07-30 12:28:33,Northern Owens Valley,Bishop Creek Around Plant 6,7.2
2026-07-30 12:28:33,Southern Owens Valley,Tinemaha Reservoir Outflow,474.2
2026-07-30 12:28:33,Southern Owens Valley,Indep. Ck. At Junction Flow,10.5
2026-07-30 12:28:33,Southern Owens Valley,LAA at Alabama Flow,396.0
2026-07-30 12:28:33,Southern Owens Valley,Cottonwood Ck. At LAA Flow,0.0
2026-07-30 12:28:33,Southern Owens Valley,LAA at Cottonwood Flow,504.0
2026-07-30 12:28:33,Southern Owens Valley,Haiwee LAA #1 Current Flow,0.0
2026-07-30 12:28:33,Southern Owens Valley,Haiwee LAA #2 Current Flow,194.3
2026-07-30 12:28:33,Southern Owens Valley,Reinhackel Flow,3.0
2026-07-30 12:28:33,Southern Owens Valley,Lubkin Spillgate Outflow,0.0
2026-07-30 12:28:33,Southern Owens Valley,Cartago Spillgate Outflow,20.7
2026-07-30 12:28:33,Southern Owens Valley,Lone Pine Creek Flow,18.7
2026-07-30 12:28:33,Lower Owens River Project,LORP Intake Flow,81.0
2026-07-30 12:28:33,Lower Owens River Project,LORP at Mazourka Canyon Road,0.0
2026-07-30 12:28:33,Lower Owens River Project,LORP at Reinhackle Springs,79.0
2026-07-30 12:28:33,Lower Owens River Project,LORP Above Pumpstation,51.0
2026-07-30 12:28:33,Lower Owens River Project,LORP At Pump Station Discharge Flow,48.0
2026-07-30 12:28:33,Southern District,Haiwee LAA #2 Current Flow,194.3
2026-07-30 12:28:33,Southern District,Haiwee LAA #1 Current Flow,0.0
2026-07-30 12:28:34,Northern Owens Valley,Tinemaha Elevation,3861.4
2026-07-30 12:28:34,Southern Owens Valley,Tinemaha Elevation,3861.4
2026-07-30 12:28:34,Mono Basin,Mono Lk. Elevation,6382.4
2026-07-30 12:28:34,Mono Basin,Grant Lk. Spill Flow,0.0
2026-07-30 12:28:34,Mono Basin,Mono Gate 1 Return Ditch Flow,40.3
2026-07-30 12:28:34,Mono Basin,Grant Lk. Elevation,7130.0
2026-07-30 12:28:34,Mono Basin,Flow to West Portal,0.0
2026-07-30 12:28:34,Long Valley,East Portal Flow,12.0
2026-07-30 12:28:34,Long Valley,Long Valley Elevation,6774.8
2026-07-30 12:28:34,Northern Owens Valley,Pleasant Valley Elevation,4387.0
2026-07-30 12:28:34,Southern Owens Valley,LAA at Alabama Level,7.8
2026-07-30 12:28:34,Southern Owens Valley,LAA at Alabama Water Temp,71.9
2026-07-30 12:28:34,Southern Owens Valley,LAA at Cottonwood Level,9.4
2026-07-30 12:28:34,Southern Owens Valley,LAA at Cotton. Water Temp,73.3
2026-07-30 12:28:34,Southern Owens Valley,N. Haiwee Elevation,3757.0
2026-07-30 12:28:34,Southern Owens Valley,S. Haiwee Reservoir Elevation,3728.9
2026-07-30 12:28:34,Southern District,S. Haiwee Reservoir Elevation,3728.9
2026-07-30 12:28:34,Southern District,Fairmont Reservoir Elevation,3025.9
2026-07-30 12:28:34,Southern District,LAA #1 Flow at Fairmont Reservoir,418.5
2026-07-30 12:28:34,Southern District,LAA #2 Flow at Fairmont Res.,202.3
2026-07-30 12:28:34,Southern District,Bouquet Reservoir Elevation,2982.0
2026-07-30 12:28:34,Southern District,Bouquet Reservoir Inflow,53.2
2026-07-30 12:28:34,Southern District,Bouquet Reservoir Outflow,0.5
2026-07-30 12:28:34,Southern District,LAA #1 at Soledad Flow,269.4
2026-07-30 12:28:34,Southern District,LAA #2 at Soledad Flow,247.6
2026-07-30 12:43:33,Northern Owens Valley,Big Pine Ck. USGS Flow,53.8
2026-07-30 12:43:33,Northern Owens Valley,Tinemaha Reservoir Outflow,474.2
2026-07-30 12:43:33,Southern Owens Valley,Tinemaha Reservoir Outflow,474.2
2026-07-30 12:43:33,Southern Owens Valley,Indep. Ck. At Junction Flow,9.7
2026-07-30 12:43:33,Southern Owens Valley,LAA at Alabama Flow,396.0
2026-07-30 12:43:33,Southern Owens Valley,Cottonwood Ck. At LAA Flow,0.0
2026-07-30 12:43:33,Southern Owens Valley,LAA at Cottonwood Flow,504.0
2026-07-30 12:43:33,Southern Owens Valley,Haiwee LAA #1 Current Flow,0.0
2026-07-30 12:43:33,Southern Owens Valley,Haiwee LAA #2 Current Flow,194.3
2026-07-30 12:43:33,Southern Owens Valley,Reinhackel Flow,3.0
2026-07-30 12:43:33,Southern Owens Valley,Lubkin Spillgate Outflow,0.0
2026-07-30 12:43:33,Southern Owens Valley,Cartago Spillgate Outflow,20.7
2026-07-30 12:43:33,Southern Owens Valley,Lone Pine Creek Flow,18.5
2026-07-30 12:43:33,Lower Owens River Project,LORP Intake Flow,81.0
2026-07-30 12:43:33,Lower Owens River Project,LORP at Mazourka Canyon Road,0.0
2026-07-30 12:43:33,Lower Owens River Project,LORP at Reinhackle Springs,79.0
2026-07-30 12:43:33,Lower Owens River Project,LORP Above Pumpstation,52.0
2026-07-30 12:43:33,Lower Owens River Project,LORP At Pump Station Discharge Flow,48.0
2026-07-30 12:43:33,Southern District,Haiwee LAA #2 Current Flow,194.3
2026-07-30 12:43:33,Southern District,Haiwee LAA #1 Current Flow,0.0
2026-07-30 12:43:34,Mono Basin,Lee Vining Intake Above Flow,37.3
2026-07-30 12:43:34,Mono Basin,Lee Vining Intake Below Flow,29.6
2026-07-30 12:43:34,Mono Basin,Mono Lk. Elevation,6382.4
2026-07-30 12:43:34,Mono Basin,Walker Ck. Above Conduit Flow,6.0
2026-07-30 12:43:34,Mono Basin,L.V. Conduit Below Intake Flow,7.4
2026-07-30 12:43:34,Mono Basin,Walker Ck. Under Conduit Flow,6.0
2026-07-30 12:43:34,Mono Basin,Parker Ck. Under Conduit Flow,16.0
2026-07-30 12:43:34,Mono Basin,Parker Ck. Above Conduit Flow,18.0
2026-07-30 12:43:34,Mono Basin,Grant Lk. Spill Flow,0.0
2026-07-30 12:43:34,Mono Basin,Mono Gate 1 Return Ditch Flow,40.3
2026-07-30 12:43:34,Mono Basin,Grant Lk. Elevation,7130.0
2026-07-30 12:43:34,Mono Basin,Grant Lk. Outflow,32.5
2026-07-30 12:43:34,Mono Basin,Rush Ck. at Damsite Flow,63.1
2026-07-30 12:43:34,Mono Basin,Flow to West Portal,0.0
2026-07-30 12:43:34,Long Valley,East Portal Flow,12.0
2026-07-30 12:43:34,Long Valley,OR Below EP Flow,57.0
2026-07-30 12:43:34,Long Valley,Hot Ck.at Hwy. Flow,11.0
2026-07-30 12:43:34,Long Valley,McGee Ck. Lower Sta. Flow,7.9
2026-07-30 12:43:34,Long Valley,Long Valley Elevation,6774.8
2026-07-30 12:43:34,Long Valley,Long Valley Current Outflow,46.3
2026-07-30 12:43:34,Long Valley,Rock Ck. Div. Flow,0.5
2026-07-30 12:43:34,Long Valley,Upper Gorge Total Release,45.2
2026-07-30 12:43:34,Long Valley,Release at Middle Gorge,0.0
2026-07-30 12:43:34,Northern Owens Valley,Rock Ck. At Owens River (PV) Flow,30.6
2026-07-30 12:43:34,Northern Owens Valley,Pleasant Valley Elevation,4386.9
2026-07-30 12:43:34,Northern Owens Valley,Pleasant Valley Outflow,421.1
2026-07-30 12:43:34,Northern Owens Valley,Baker Ck. At LA Station Flow,6.6
2026-07-30 12:43:34,Northern Owens Valley,O.R. Below Big Pine,469.5
2026-07-30 12:43:34,Northern Owens Valley,Fish Springs At RR Flow,29.3
2026-07-30 12:43:34,Northern Owens Valley,Bishop Creek Through Plant 6,107.0
2026-07-30 12:43:34,Northern Owens Valley,Bishop Creek Around Plant 6,7.2
2026-07-30 12:43:34,Southern Owens Valley,LAA at Alabama Level,7.8
2026-07-30 12:43:34,Southern Owens Valley,LAA at Alabama Water Temp,71.9
2026-07-30 12:43:34,Southern Owens Valley,LAA at Cottonwood Level,9.4
2026-07-30 12:43:34,Southern Owens Valley,LAA at Cotton. Water Temp,73.5
2026-07-30 12:43:34,Southern Owens Valley,N. Haiwee Elevation,3757.0
2026-07-30 12:43:34,Southern Owens Valley,S. Haiwee Reservoir Elevation,3728.9
2026-07-30 12:43:34,Southern District,S. Haiwee Reservoir Elevation,3728.9
2026-07-30 12:43:34,Southern District,Fairmont Reservoir Elevation,3025.9
2026-07-30 12:43:34,Southern District,LAA #1 Flow at Fairmont Reservoir,418.5
2026-07-30 12:43:34,Southern District,LAA #2 Flow at Fairmont Res.,202.5
2026-07-30 12:43:34,Southern District,Bouquet Reservoir Elevation,2982.0
2026-07-30 12:43:34,Southern District,Bouquet Reservoir Inflow,58.3
2026-07-30 12:43:34,Southern District,Bouquet Reservoir Outflow,0.5
2026-07-30 12:43:34,Southern District,LAA #1 at Soledad Flow,269.4
2026-07-30 12:43:34,Southern District,LAA #2 at Soledad Flow,247.6
2026-07-30 12:58:33,Mono Basin,Lee Vining Intake Above Flow,37.3
2026-07-30 12:58:33,Mono Basin,Lee Vining Intake Below Flow,29.6
2026-07-30 12:58:33,Mono Basin,Walker Ck. Above Conduit Flow,6.0
2026-07-30 12:58:33,Mono Basin,L.V. Conduit Below Intake Flow,7.4
2026-07-30 12:58:33,Mono Basin,Walker Ck. Under Conduit Flow,6.0
2026-07-30 12:58:33,Mono Basin,Parker Ck. Under Conduit Flow,16.0
2026-07-30 12:58:33,Mono Basin,Parker Ck. Above Conduit Flow,18.0
2026-07-30 12:58:33,Mono Basin,Grant Lk. Spill Flow,0.0
2026-07-30 12:58:33,Mono Basin,Mono Gate 1 Return Ditch Flow,40.3
2026-07-30 12:58:33,Mono Basin,Grant Lk. Outflow,32.5
2026-07-30 12:58:33,Mono Basin,Rush Ck. at Damsite Flow,63.1
2026-07-30 12:58:33,Mono Basin,Flow to West Portal,0.0
2026-07-30 12:58:33,Long Valley,East Portal Flow,12.0
2026-07-30 12:58:33,Long Valley,OR Below EP Flow,57.0
2026-07-30 12:58:33,Long Valley,Hot Ck.at Hwy. Flow,11.0
2026-07-30 12:58:33,Long Valley,McGee Ck. Lower Sta. Flow,7.9
2026-07-30 12:58:33,Long Valley,Long Valley Current Outflow,46.3
2026-07-30 12:58:33,Long Valley,Rock Ck. Div. Flow,0.5
2026-07-30 12:58:33,Long Valley,Upper Gorge Total Release,45.5
2026-07-30 12:58:33,Long Valley,Release at Middle Gorge,0.0
2026-07-30 12:58:33,Northern Owens Valley,Rock Ck. At Owens River (PV) Flow,30.4
2026-07-30 12:58:33,Northern Owens Valley,Pleasant Valley Outflow,412.4
2026-07-30 12:58:33,Northern Owens Valley,Baker Ck. At LA Station Flow,6.6
2026-07-30 12:58:33,Northern Owens Valley,Big Pine Ck. USGS Flow,53.8
2026-07-30 12:58:33,Northern Owens Valley,O.R. Below Big Pine,469.9
2026-07-30 12:58:33,Northern Owens Valley,Fish Springs At RR Flow,29.3
2026-07-30 12:58:33,Northern Owens Valley,Tinemaha Reservoir Outflow,474.2
2026-07-30 12:58:33,Northern Owens Valley,Bishop Creek Through Plant 6,107.8
2026-07-30 12:58:33,Northern Owens Valley,Bishop Creek Around Plant 6,7.1
2026-07-30 12:58:33,Southern Owens Valley,Tinemaha Reservoir Outflow,474.2
2026-07-30 12:58:33,Southern Owens Valley,Indep. Ck. At Junction Flow,9.7
2026-07-30 12:58:33,Southern Owens Valley,LAA at Alabama Flow,396.0
2026-07-30 12:58:33,Southern Owens Valley,Cottonwood Ck. At LAA Flow,0.0
2026-07-30 12:58:33,Southern Owens Valley,LAA at Cottonwood Flow,504.0
2026-07-30 12:58:33,Southern Owens Valley,Haiwee LAA #1 Current Flow,0.0
2026-07-30 12:58:33,Southern Owens Valley,Haiwee LAA #2 Current Flow,194.3
2026-07-30 12:58:33,Southern Owens Valley,Reinhackel Flow,3.0
2026-07-30 12:58:33,Southern Owens Valley,Lubkin Spillgate Outflow,0.0
2026-07-30 12:58:33,Southern Owens Valley,Cartago Spillgate Outflow,20.4
2026-07-30 12:58:33,Southern Owens Valley,Lone Pine Creek Flow,18.5
2026-07-30 12:58:33,Lower Owens River Project,LORP Intake Flow,81.0
2026-07-30 12:58:33,Lower Owens River Project,LORP at Mazourka Canyon Road,0.0
2026-07-30 12:58:33,Lower Owens River Project,LORP at Reinhackle Springs,79.0
2026-07-30 12:58:33,Lower Owens River Project,LORP Above Pumpstation,52.0
2026-07-30 12:58:33,Lower Owens River Project,LORP At Pump Station Discharge Flow,48.0
2026-07-30 12:58:33,Southern District,Haiwee LAA #2 Current Flow,194.3
2026-07-30 12:58:33,Southern District,Haiwee LAA #1 Current Flow,0.0
2026-07-30 12:58:33,Southern District,LAA #1 Flow at Fairmont Reservoir,418.5
2026-07-30 12:58:33,Southern District,LAA #2 Flow at Fairmont Res.,202.4
2026-07-30 12:58:33,Southern District,Bouquet Reservoir Inflow,58.6
2026-07-30 12:58:33,Southern District,Bouquet Reservoir Outflow,0.5
2026-07-30 12:58:33,Southern District,LAA #1 at Soledad Flow,269.4
2026-07-30 12:58:33,Southern District,LAA #2 at Soledad Flow,247.6
2026-07-30 12:58:34,Northern Owens Valley,Tinemaha Elevation,3861.4
2026-07-30 12:58:34,Southern Owens Valley,Tinemaha Elevation,3861.4
2026-07-30 12:58:34,Mono Basin,Mono Lk. Elevation,6382.4
2026-07-30 12:58:34,Mono Basin,Grant Lk. Elevation,7130.0
2026-07-30 12:58:34,Long Valley,Long Valley Elevation,6774.8
2026-07-30 12:58:34,Northern Owens Valley,Pleasant Valley Elevation,4386.8
2026-07-30 12:58:34,Southern Owens Valley,LAA at Alabama Level,7.8
2026-07-30 12:58:34,Southern Owens Valley,LAA at Alabama Water Temp,71.9
2026-07-30 12:58:34,Southern Owens Valley,LAA at Cottonwood Level,9.4
2026-07-30 12:58:34,Southern Owens Valley,LAA at Cotton. Water Temp,73.5
2026-07-30 12:58:34,Southern Owens Valley,N. Haiwee Elevation,3757.0
2026-07-30 12:58:34,Southern Owens Valley,S. Haiwee Reservoir Elevation,3728.9
2026-07-30 12:58:34,Southern District,S. Haiwee Reservoir Elevation,3728.9
2026-07-30 12:58:34,Southern District,Fairmont Reservoir Elevation,3025.9
2026-07-30 12:58:34,Southern District,Bouquet Reservoir Elevation,2982.0
2026-07-30 13:13:33,Mono Basin,Lee Vining Intake Above Flow,36.6
2026-07-30 13:13:33,Mono Basin,Lee Vining Intake Below Flow,29.5
2026-07-30 13:13:33,Mono Basin,Walker Ck. Above Conduit Flow,6.0
2026-07-30 13:13:33,Mono Basin,L.V. Conduit Below Intake Flow,7.5
2026-07-30 13:13:33,Mono Basin,Walker Ck. Under Conduit Flow,6.0
2026-07-30 13:13:33,Mono Basin,Parker Ck. Under Conduit Flow,16.0
2026-07-30 13:13:33,Mono Basin,Parker Ck. Above Conduit Flow,18.0
2026-07-30 13:13:33,Mono Basin,Grant Lk. Spill Flow,0.0
2026-07-30 13:13:33,Mono Basin,Mono Gate 1 Return Ditch Flow,40.3
2026-07-30 13:13:33,Mono Basin,Grant Lk. Outflow,32.5
2026-07-30 13:13:33,Mono Basin,Rush Ck. at Damsite Flow,63.1
2026-07-30 13:13:33,Mono Basin,Flow to West Portal,0.0
2026-07-30 13:13:33,Long Valley,East Portal Flow,12.0
2026-07-30 13:13:33,Long Valley,OR Below EP Flow,57.0
2026-07-30 13:13:33,Long Valley,Hot Ck.at Hwy. Flow,11.0
2026-07-30 13:13:33,Long Valley,McGee Ck. Lower Sta. Flow,7.9
2026-07-30 13:13:33,Long Valley,Long Valley Current Outflow,45.1
2026-07-30 13:13:33,Long Valley,Rock Ck. Div. Flow,0.5
2026-07-30 13:13:33,Long Valley,Upper Gorge Total Release,45.4
2026-07-30 13:13:33,Long Valley,Release at Middle Gorge,0.0
2026-07-30 13:13:33,Northern Owens Valley,Rock Ck. At Owens River (PV) Flow,30.1
2026-07-30 13:13:33,Northern Owens Valley,Pleasant Valley Outflow,411.5
2026-07-30 13:13:33,Northern Owens Valley,Baker Ck. At LA Station Flow,6.6
2026-07-30 13:13:33,Northern Owens Valley,Big Pine Ck. USGS Flow,53.8
2026-07-30 13:13:33,Northern Owens Valley,O.R. Below Big Pine,470.4
2026-07-30 13:13:33,Northern Owens Valley,Fish Springs At RR Flow,29.3
2026-07-30 13:13:33,Northern Owens Valley,Tinemaha Reservoir Outflow,473.3
2026-07-30 13:13:33,Northern Owens Valley,Bishop Creek Through Plant 6,107.8
2026-07-30 13:13:33,Northern Owens Valley,Bishop Creek Around Plant 6,7.1
2026-07-30 13:13:33,Southern Owens Valley,Tinemaha Reservoir Outflow,473.3
2026-07-30 13:13:33,Southern Owens Valley,Indep. Ck. At Junction Flow,9.7
2026-07-30 13:13:33,Southern Owens Valley,LAA at Alabama Flow,396.0
2026-07-30 13:13:33,Southern Owens Valley,Cottonwood Ck. At LAA Flow,0.0
2026-07-30 13:13:33,Southern Owens Valley,LAA at Cottonwood Flow,505.0
2026-07-30 13:13:33,Southern Owens Valley,Haiwee LAA #1 Current Flow,0.0
2026-07-30 13:13:33,Southern Owens Valley,Haiwee LAA #2 Current Flow,194.3
2026-07-30 13:13:33,Southern Owens Valley,Reinhackel Flow,3.0
2026-07-30 13:13:33,Southern Owens Valley,Lubkin Spillgate Outflow,0.0
2026-07-30 13:13:33,Southern Owens Valley,Cartago Spillgate Outflow,20.4
2026-07-30 13:13:33,Southern Owens Valley,Lone Pine Creek Flow,18.5
2026-07-30 13:13:33,Lower Owens River Project,LORP Intake Flow,81.0
2026-07-30 13:13:33,Lower Owens River Project,LORP at Mazourka Canyon Road,0.0
2026-07-30 13:13:33,Lower Owens River Project,LORP at Reinhackle Springs,79.0
2026-07-30 13:13:33,Lower Owens River Project,LORP Above Pumpstation,51.0
2026-07-30 13:13:33,Lower Owens River Project,LORP At Pump Station Discharge Flow,47.0
2026-07-30 13:13:33,Southern District,Haiwee LAA #2 Current Flow,194.3
2026-07-30 13:13:33,Southern District,Haiwee LAA #1 Current Flow,0.0
2026-07-30 13:13:33,Southern District,LAA #1 Flow at Fairmont Reservoir,418.9
2026-07-30 13:13:33,Southern District,LAA #2 Flow at Fairmont Res.,202.4
2026-07-30 13:13:33,Southern District,Bouquet Reservoir Inflow,53.9
2026-07-30 13:13:33,Southern District,Bouquet Reservoir Outflow,0.5
2026-07-30 13:13:33,Southern District,LAA #1 at Soledad Flow,269.4
2026-07-30 13:13:33,Southern District,LAA #2 at Soledad Flow,247.6
2026-07-30 13:13:34,Mono Basin,Mono Lk. Elevation,6382.4
2026-07-30 13:13:34,Mono Basin,Grant Lk. Elevation,7130.0
2026-07-30 13:13:34,Long Valley,Long Valley Elevation,6774.8
2026-07-30 13:13:34,Northern Owens Valley,Pleasant Valley Elevation,4386.8
2026-07-30 13:13:34,Southern Owens Valley,LAA at Alabama Level,7.8
2026-07-30 13:13:34,Southern Owens Valley,LAA at Alabama Water Temp,71.9
2026-07-30 13:13:34,Southern Owens Valley,LAA at Cottonwood Level,9.4
2026-07-30 13:13:34,Southern Owens Valley,LAA at Cotton. Water Temp,73.7
2026-07-30 13:13:34,Southern Owens Valley,N. Haiwee Elevation,3757.0
2026-07-30 13:13:34,Southern Owens Valley,S. Haiwee Reservoir Elevation,3728.9
2026-07-30 13:13:34,Southern District,S. Haiwee Reservoir Elevation,3728.9
2026-07-30 13:13:34,Southern District,Fairmont Reservoir Elevation,3025.9
2026-07-30 13:13:34,Southern District,Bouquet Reservoir Elevation,2982.0
2026-07-30 13:28:33,Long Valley,McGee Ck. Lower Sta. Flow,7.9
2026-07-30 13:28:33,Long Valley,Long Valley Current Outflow,45.1
2026-07-30 13:28:33,Long Valley,Rock Ck. Div. Flow,0.5
2026-07-30 13:28:33,Northern Owens Valley,Rock Ck. At Owens River (PV) Flow,29.6
2026-07-30 13:28:33,Northern Owens Valley,Pleasant Valley Outflow,410.9
2026-07-30 13:28:33,Northern Owens Valley,Baker Ck. At LA Station Flow,6.6
2026-07-30 13:28:33,Northern Owens Valley,Big Pine Ck. USGS Flow,53.8
2026-07-30 13:28:33,Northern Owens Valley,O.R. Below Big Pine,470.9
2026-07-30 13:28:33,Northern Owens Valley,Fish Springs At RR Flow,29.3
2026-07-30 13:28:33,Northern Owens Valley,Tinemaha Reservoir Outflow,473.3
2026-07-30 13:28:33,Northern Owens Valley,Bishop Creek Through Plant 6,107.8
2026-07-30 13:28:33,Northern Owens Valley,Bishop Creek Around Plant 6,7.1
2026-07-30 13:28:33,Southern Owens Valley,Tinemaha Reservoir Outflow,473.3
2026-07-30 13:28:33,Southern Owens Valley,Indep. Ck. At Junction Flow,9.7
2026-07-30 13:28:33,Southern Owens Valley,LAA at Alabama Flow,396.0
2026-07-30 13:28:33,Southern Owens Valley,Cottonwood Ck. At LAA Flow,0.0
2026-07-30 13:28:33,Southern Owens Valley,LAA at Cottonwood Flow,505.0
2026-07-30 13:28:33,Southern Owens Valley,Haiwee LAA #1 Current Flow,0.0
2026-07-30 13:28:33,Southern Owens Valley,Haiwee LAA #2 Current Flow,194.3
2026-07-30 13:28:33,Southern Owens Valley,Reinhackel Flow,3.0
2026-07-30 13:28:33,Southern Owens Valley,Lubkin Spillgate Outflow,0.0
2026-07-30 13:28:33,Southern Owens Valley,Cartago Spillgate Outflow,23.8
2026-07-30 13:28:33,Southern Owens Valley,Lone Pine Creek Flow,18.5
2026-07-30 13:28:33,Lower Owens River Project,LORP Intake Flow,81.0
2026-07-30 13:28:33,Lower Owens River Project,LORP at Mazourka Canyon Road,0.0
2026-07-30 13:28:33,Lower Owens River Project,LORP at Reinhackle Springs,76.0
2026-07-30 13:28:33,Lower Owens River Project,LORP Above Pumpstation,52.0
2026-07-30 13:28:33,Lower Owens River Project,LORP At Pump Station Discharge Flow,48.0
2026-07-30 13:28:33,Southern District,Haiwee LAA #2 Current Flow,194.3
2026-07-30 13:28:33,Southern District,Haiwee LAA #1 Current Flow,0.0
2026-07-30 13:28:34,Northern Owens Valley,Tinemaha Elevation,3861.4
2026-07-30 13:28:34,Southern Owens Valley,Tinemaha Elevation,3861.4
2026-07-30 13:28:34,Mono Basin,Lee Vining Intake Above Flow,36.6
2026-07-30 13:28:34,Mono Basin,Lee Vining Intake Below Flow,29.5
2026-07-30 13:28:34,Mono Basin,Mono Lk. Elevation,6382.4
2026-07-30 13:28:34,Mono Basin,Walker Ck. Above Conduit Flow,6.0
2026-07-30 13:28:34,Mono Basin,L.V. Conduit Below Intake Flow,7.5
2026-07-30 13:28:34,Mono Basin,Walker Ck. Under Conduit Flow,6.0
2026-07-30 13:28:34,Mono Basin,Parker Ck. Under Conduit Flow,16.0
2026-07-30 13:28:34,Mono Basin,Parker Ck. Above Conduit Flow,18.0
2026-07-30 13:28:34,Mono Basin,Grant Lk. Spill Flow,0.0
2026-07-30 13:28:34,Mono Basin,Mono Gate 1 Return Ditch Flow,34.9
2026-07-30 13:28:34,Mono Basin,Grant Lk. Elevation,7130.0
2026-07-30 13:28:34,Mono Basin,Grant Lk. Outflow,32.5
2026-07-30 13:28:34,Mono Basin,Rush Ck. at Damsite Flow,63.1
2026-07-30 13:28:34,Mono Basin,Flow to West Portal,0.0
2026-07-30 13:28:34,Long Valley,East Portal Flow,12.0
2026-07-30 13:28:34,Long Valley,OR Below EP Flow,57.0
2026-07-30 13:28:34,Long Valley,Hot Ck.at Hwy. Flow,11.0
2026-07-30 13:28:34,Long Valley,Long Valley Elevation,6774.8
2026-07-30 13:28:34,Long Valley,Upper Gorge Total Release,45.2
2026-07-30 13:28:34,Long Valley,Release at Middle Gorge,0.0
2026-07-30 13:28:34,Northern Owens Valley,Pleasant Valley Elevation,4386.7
2026-07-30 13:28:34,Southern Owens Valley,LAA at Alabama Level,7.8
2026-07-30 13:28:34,Southern Owens Valley,LAA at Alabama Water Temp,71.9
2026-07-30 13:28:34,Southern Owens Valley,LAA at Cottonwood Level,9.4
2026-07-30 13:28:34,Southern Owens Valley,LAA at Cotton. Water Temp,73.7
2026-07-30 13:28:34,Southern Owens Valley,N. Haiwee Elevation,3757.0
2026-07-30 13:28:34,Southern Owens Valley,S. Haiwee Reservoir Elevation,3728.9
2026-07-30 13:28:34,Southern District,S. Haiwee Reservoir Elevation,3728.9
2026-07-30 13:28:34,Southern District,Fairmont Reservoir Elevation,3025.9
2026-07-30 13:28:34,Southern District,LAA #1 Flow at Fairmont Reservoir,417.0
2026-07-30 13:28:34,Southern District,LAA #2 Flow at Fairmont Res.,202.4
2026-07-30 13:28:34,Southern District,Bouquet Reservoir Elevation,2982.0
2026-07-30 13:28:34,Southern District,Bouquet Reservoir Inflow,54.1
2026-07-30 13:28:34,Southern District,Bouquet Reservoir Outflow,0.7
2026-07-30 13:28:34,Southern District,LAA #1 at Soledad Flow,269.4
2026-07-30 13:28:34,Southern District,LAA #2 at Soledad Flow,247.6
2026-07-30 13:43:33,Northern Owens Valley,Rock Ck. At Owens River (PV) Flow,29.1
2026-07-30 13:43:33,Northern Owens Valley,Pleasant Valley Outflow,410.7
2026-07-30 13:43:33,Northern Owens Valley,Baker Ck. At LA Station Flow,6.6
2026-07-30 13:43:33,Northern Owens Valley,Big Pine Ck. USGS Flow,49.8
2026-07-30 13:43:33,Northern Owens Valley,O.R. Below Big Pine,470.3
2026-07-30 13:43:33,Northern Owens Valley,Fish Springs At RR Flow,29.3
2026-07-30 13:43:33,Northern Owens Valley,Tinemaha Reservoir Outflow,473.3
2026-07-30 13:43:33,Northern Owens Valley,Bishop Creek Around Plant 6,7.1
2026-07-30 13:43:33,Southern Owens Valley,Tinemaha Reservoir Outflow,473.3
2026-07-30 13:43:33,Southern Owens Valley,Indep. Ck. At Junction Flow,9.7
2026-07-30 13:43:33,Southern Owens Valley,LAA at Alabama Flow,396.0
2026-07-30 13:43:33,Southern Owens Valley,Cottonwood Ck. At LAA Flow,0.0
2026-07-30 13:43:33,Southern Owens Valley,LAA at Cottonwood Flow,505.0
2026-07-30 13:43:33,Southern Owens Valley,Haiwee LAA #1 Current Flow,0.0
2026-07-30 13:43:33,Southern Owens Valley,Haiwee LAA #2 Current Flow,194.3
2026-07-30 13:43:33,Southern Owens Valley,Reinhackel Flow,3.0
2026-07-30 13:43:33,Southern Owens Valley,Lubkin Spillgate Outflow,0.0
2026-07-30 13:43:33,Southern Owens Valley,Cartago Spillgate Outflow,23.8
2026-07-30 13:43:33,Southern Owens Valley,Lone Pine Creek Flow,18.1
2026-07-30 13:43:33,Lower Owens River Project,LORP Intake Flow,81.0
2026-07-30 13:43:33,Lower Owens River Project,LORP at Mazourka Canyon Road,0.0
2026-07-30 13:43:33,Lower Owens River Project,LORP at Reinhackle Springs,76.0
2026-07-30 13:43:33,Lower Owens River Project,LORP Above Pumpstation,52.0
2026-07-30 13:43:33,Lower Owens River Project,LORP At Pump Station Discharge Flow,48.0
2026-07-30 13:43:33,Southern District,Haiwee LAA #2 Current Flow,194.3
2026-07-30 13:43:33,Southern District,Haiwee LAA #1 Current Flow,0.0
2026-07-30 13:43:34,Mono Basin,Lee Vining Intake Above Flow,36.6
2026-07-30 13:43:34,Mono Basin,Lee Vining Intake Below Flow,29.5
2026-07-30 13:43:34,Mono Basin,Mono Lk. Elevation,6382.4
2026-07-30 13:43:34,Mono Basin,Walker Ck. Above Conduit Flow,6.0
2026-07-30 13:43:34,Mono Basin,L.V. Conduit Below Intake Flow,7.4
2026-07-30 13:43:34,Mono Basin,Walker Ck. Under Conduit Flow,6.0
2026-07-30 13:43:34,Mono Basin,Parker Ck. Under Conduit Flow,16.0
2026-07-30 13:43:34,Mono Basin,Parker Ck. Above Conduit Flow,18.0
2026-07-30 13:43:34,Mono Basin,Grant Lk. Spill Flow,0.0
2026-07-30 13:43:34,Mono Basin,Mono Gate 1 Return Ditch Flow,34.9
2026-07-30 13:43:34,Mono Basin,Grant Lk. Elevation,7130.0
2026-07-30 13:43:34,Mono Basin,Grant Lk. Outflow,32.5
2026-07-30 13:43:34,Mono Basin,Rush Ck. at Damsite Flow,63.1
2026-07-30 13:43:34,Mono Basin,Flow to West Portal,0.0
2026-07-30 13:43:34,Long Valley,East Portal Flow,12.0
2026-07-30 13:43:34,Long Valley,OR Below EP Flow,57.0
2026-07-30 13:43:34,Long Valley,Hot Ck.at Hwy. Flow,11.0
2026-07-30 13:43:34,Long Valley,McGee Ck. Lower Sta. Flow,7.9
2026-07-30 13:43:34,Long Valley,Long Valley Elevation,6774.8
2026-07-30 13:43:34,Long Valley,Long Valley Current Outflow,45.1
2026-07-30 13:43:34,Long Valley,Rock Ck. Div. Flow,0.5
2026-07-30 13:43:34,Long Valley,Upper Gorge Total Release,45.7
2026-07-30 13:43:34,Long Valley,Release at Middle Gorge,0.0
2026-07-30 13:43:34,Northern Owens Valley,Pleasant Valley Elevation,4386.6
2026-07-30 13:43:34,Northern Owens Valley,Bishop Creek Through Plant 6,107.8
2026-07-30 13:43:34,Southern Owens Valley,LAA at Alabama Level,7.8
2026-07-30 13:43:34,Southern Owens Valley,LAA at Alabama Water Temp,71.9
2026-07-30 13:43:34,Southern Owens Valley,LAA at Cottonwood Level,9.4
2026-07-30 13:43:34,Southern Owens Valley,LAA at Cotton. Water Temp,73.9
2026-07-30 13:43:34,Southern Owens Valley,N. Haiwee Elevation,3757.0
2026-07-30 13:43:34,Southern Owens Valley,S. Haiwee Reservoir Elevation,3728.9
2026-07-30 13:43:34,Southern District,S. Haiwee Reservoir Elevation,3728.9
2026-07-30 13:43:34,Southern District,Fairmont Reservoir Elevation,3025.9
2026-07-30 13:43:34,Southern District,LAA #1 Flow at Fairmont Reservoir,417.9
2026-07-30 13:43:34,Southern District,LAA #2 Flow at Fairmont Res.,202.5
2026-07-30 13:43:34,Southern District,Bouquet Reservoir Elevation,2982.0
2026-07-30 13:43:34,Southern District,Bouquet Reservoir Inflow,52.1
2026-07-30 13:43:34,Southern District,Bouquet Reservoir Outflow,0.5
2026-07-30 13:43:34,Southern District,LAA #1 at Soledad Flow,269.4
2026-07-30 13:43:34,Southern District,LAA #2 at Soledad Flow,247.6
2026-07-30 13:58:34,Northern Owens Valley,Tinemaha Elevation,3861.4
2026-07-30 13:58:34,Southern Owens Valley,Tinemaha Elevation,3861.4
2026-07-30 13:58:34,Mono Basin,Lee Vining Intake Above Flow,36.6
2026-07-30 13:58:34,Mono Basin,Lee Vining Intake Below Flow,29.5
2026-07-30 13:58:34,Mono Basin,Mono Lk. Elevation,6382.4
2026-07-30 13:58:34,Mono Basin,Walker Ck. Above Conduit Flow,6.0
2026-07-30 13:58:34,Mono Basin,L.V. Conduit Below Intake Flow,7.4
2026-07-30 13:58:34,Mono Basin,Walker Ck. Under Conduit Flow,6.0
2026-07-30 13:58:34,Mono Basin,Parker Ck. Under Conduit Flow,16.0
2026-07-30 13:58:34,Mono Basin,Parker Ck. Above Conduit Flow,18.0
2026-07-30 13:58:34,Mono Basin,Grant Lk. Spill Flow,0.0
2026-07-30 13:58:34,Mono Basin,Mono Gate 1 Return Ditch Flow,34.9
2026-07-30 13:58:34,Mono Basin,Grant Lk. Elevation,7130.0
2026-07-30 13:58:34,Mono Basin,Grant Lk. Outflow,32.5
2026-07-30 13:58:34,Mono Basin,Rush Ck. at Damsite Flow,63.1
2026-07-30 13:58:34,Mono Basin,Flow to West Portal,0.0
2026-07-30 13:58:34,Long Valley,East Portal Flow,12.0
2026-07-30 13:58:34,Long Valley,OR Below EP Flow,57.0
2026-07-30 13:58:34,Long Valley,Hot Ck.at Hwy. Flow,11.0
2026-07-30 13:58:34,Long Valley,McGee Ck. Lower Sta. Flow,7.9
2026-07-30 13:58:34,Long Valley,Long Valley Elevation,6774.8
2026-07-30 13:58:34,Long Valley,Long Valley Current Outflow,44.8
2026-07-30 13:58:34,Long Valley,Rock Ck. Div. Flow,0.5
2026-07-30 13:58:34,Long Valley,Upper Gorge Total Release,45.5
2026-07-30 13:58:34,Long Valley,Release at Middle Gorge,0.0
2026-07-30 13:58:34,Northern Owens Valley,Rock Ck. At Owens River (PV) Flow,28.8
2026-07-30 13:58:34,Northern Owens Valley,Pleasant Valley Elevation,4386.6
2026-07-30 13:58:34,Northern Owens Valley,Pleasant Valley Outflow,409.6
2026-07-30 13:58:34,Northern Owens Valley,Baker Ck. At LA Station Flow,6.6
2026-07-30 13:58:34,Northern Owens Valley,Big Pine Ck. USGS Flow,49.8
2026-07-30 13:58:34,Northern Owens Valley,O.R. Below Big Pine,470.3
2026-07-30 13:58:34,Northern Owens Valley,Fish Springs At RR Flow,29.3
2026-07-30 13:58:34,Northern Owens Valley,Tinemaha Reservoir Outflow,473.3
2026-07-30 13:58:34,Northern Owens Valley,Bishop Creek Through Plant 6,107.8
2026-07-30 13:58:34,Northern Owens Valley,Bishop Creek Around Plant 6,7.1
2026-07-30 13:58:34,Southern Owens Valley,Tinemaha Reservoir Outflow,473.3
2026-07-30 13:58:34,Southern Owens Valley,Indep. Ck. At Junction Flow,9.7
2026-07-30 13:58:34,Southern Owens Valley,LAA at Alabama Flow,396.0
2026-07-30 13:58:34,Southern Owens Valley,LAA at Alabama Level,7.8
2026-07-30 13:58:34,Southern Owens Valley,LAA at Alabama Water Temp,71.9
2026-07-30 13:58:34,Southern Owens Valley,Cottonwood Ck. At LAA Flow,0.0
2026-07-30 13:58:34,Southern Owens Valley,LAA at Cottonwood Flow,505.0
2026-07-30 13:58:34,Southern Owens Valley,LAA at Cottonwood Level,9.4
2026-07-30 13:58:34,Southern Owens Valley,LAA at Cotton. Water Temp,73.9
2026-07-30 13:58:34,Southern Owens Valley,N. Haiwee Elevation,3757.0
2026-07-30 13:58:34,Southern Owens Valley,S. Haiwee Reservoir Elevation,3728.9
2026-07-30 13:58:34,Southern Owens Valley,Haiwee LAA #1 Current Flow,0.0
2026-07-30 13:58:34,Southern Owens Valley,Haiwee LAA #2 Current Flow,194.3
2026-07-30 13:58:34,Southern Owens Valley,Reinhackel Flow,3.0
2026-07-30 13:58:34,Southern Owens Valley,Lubkin Spillgate Outflow,0.0
2026-07-30 13:58:34,Southern Owens Valley,Cartago Spillgate Outflow,21.5
2026-07-30 13:58:34,Southern Owens Valley,Lone Pine Creek Flow,18.1
2026-07-30 13:58:34,Lower Owens River Project,LORP Intake Flow,81.0
2026-07-30 13:58:34,Lower Owens River Project,LORP at Mazourka Canyon Road,0.0
2026-07-30 13:58:34,Lower Owens River Project,LORP at Reinhackle Springs,76.0
2026-07-30 13:58:34,Lower Owens River Project,LORP Above Pumpstation,52.0
2026-07-30 13:58:34,Lower Owens River Project,LORP At Pump Station Discharge Flow,48.0
2026-07-30 13:58:34,Southern District,Haiwee LAA #2 Current Flow,194.3
2026-07-30 13:58:34,Southern District,S. Haiwee Reservoir Elevation,3728.9
2026-07-30 13:58:34,Southern District,Haiwee LAA #1 Current Flow,0.0
2026-07-30 13:58:34,Southern District,Fairmont Reservoir Elevation,3025.9
2026-07-30 13:58:34,Southern District,LAA #1 Flow at Fairmont Reservoir,418.1
2026-07-30 13:58:34,Southern District,LAA #2 Flow at Fairmont Res.,202.4
2026-07-30 13:58:34,Southern District,Bouquet Reservoir Elevation,2982.0
2026-07-30 13:58:34,Southern District,Bouquet Reservoir Inflow,63.0
2026-07-30 13:58:34,Southern District,Bouquet Reservoir Outflow,0.5
2026-07-30 13:58:34,Southern District,LAA #1 at Soledad Flow,269.4
2026-07-30 13:58:34,Southern District,LAA #2 at Soledad Flow,247.6
2026-07-30 14:28:35,Northern Owens Valley,Tinemaha Elevation,3861.4
2026-07-30 14:28:35,Southern Owens Valley,Tinemaha Elevation,3861.4
2026-07-30 14:43:34,Mono Basin,Lee Vining Intake Above Flow,36.7
2026-07-30 14:43:34,Mono Basin,Lee Vining Intake Below Flow,29.5
2026-07-30 14:43:34,Mono Basin,Walker Ck. Above Conduit Flow,6.0
2026-07-30 14:43:34,Mono Basin,L.V. Conduit Below Intake Flow,7.4
2026-07-30 14:43:34,Mono Basin,Walker Ck. Under Conduit Flow,6.0
2026-07-30 14:43:34,Mono Basin,Parker Ck. Under Conduit Flow,16.0
2026-07-30 14:43:34,Mono Basin,Parker Ck. Above Conduit Flow,18.0
2026-07-30 14:43:34,Mono Basin,Grant Lk. Spill Flow,0.0
2026-07-30 14:43:34,Mono Basin,Mono Gate 1 Return Ditch Flow,33.3
2026-07-30 14:43:34,Mono Basin,Grant Lk. Outflow,32.5
2026-07-30 14:43:34,Mono Basin,Rush Ck. at Damsite Flow,63.1
2026-07-30 14:43:34,Mono Basin,Flow to West Portal,0.0
2026-07-30 14:43:34,Long Valley,East Portal Flow,12.0
2026-07-30 14:43:34,Long Valley,OR Below EP Flow,57.0
2026-07-30 14:43:34,Long Valley,Hot Ck.at Hwy. Flow,11.0
2026-07-30 14:43:34,Long Valley,McGee Ck. Lower Sta. Flow,7.9
2026-07-30 14:43:34,Long Valley,Long Valley Current Outflow,44.8
2026-07-30 14:43:34,Long Valley,Rock Ck. Div. Flow,0.5
2026-07-30 14:43:34,Long Valley,Upper Gorge Total Release,45.4
2026-07-30 14:43:34,Long Valley,Release at Middle Gorge,0.0
2026-07-30 14:43:34,Northern Owens Valley,Rock Ck. At Owens River (PV) Flow,28.3
2026-07-30 14:43:34,Northern Owens Valley,Pleasant Valley Outflow,409.9
2026-07-30 14:43:34,Northern Owens Valley,Baker Ck. At LA Station Flow,6.6
2026-07-30 14:43:34,Northern Owens Valley,Big Pine Ck. USGS Flow,44.9
2026-07-30 14:43:34,Northern Owens Valley,O.R. Below Big Pine,470.4
2026-07-30 14:43:34,Northern Owens Valley,Fish Springs At RR Flow,29.3
2026-07-30 14:43:34,Northern Owens Valley,Tinemaha Reservoir Outflow,473.3
2026-07-30 14:43:34,Northern Owens Valley,Bishop Creek Through Plant 6,107.8
2026-07-30 14:43:34,Northern Owens Valley,Bishop Creek Around Plant 6,7.1
2026-07-30 14:43:34,Southern Owens Valley,Tinemaha Reservoir Outflow,473.3
2026-07-30 14:43:34,Southern Owens Valley,Indep. Ck. At Junction Flow,9.7
2026-07-30 14:43:34,Southern Owens Valley,LAA at Alabama Flow,396.0
2026-07-30 14:43:34,Southern Owens Valley,Cottonwood Ck. At LAA Flow,0.0
2026-07-30 14:43:34,Southern Owens Valley,LAA at Cottonwood Flow,504.0
2026-07-30 14:43:34,Southern Owens Valley,Haiwee LAA #1 Current Flow,0.0
2026-07-30 14:43:34,Southern Owens Valley,Haiwee LAA #2 Current Flow,194.3
2026-07-30 14:43:34,Southern Owens Valley,Reinhackel Flow,3.0
2026-07-30 14:43:34,Southern Owens Valley,Lubkin Spillgate Outflow,0.0
2026-07-30 14:43:34,Southern Owens Valley,Cartago Spillgate Outflow,21.6
2026-07-30 14:43:34,Southern Owens Valley,Lone Pine Creek Flow,17.8
2026-07-30 14:43:34,Lower Owens River Project,LORP Intake Flow,80.0
2026-07-30 14:43:34,Lower Owens River Project,LORP at Mazourka Canyon Road,0.0
2026-07-30 14:43:34,Lower Owens River Project,LORP at Reinhackle Springs,77.0
2026-07-30 14:43:34,Lower Owens River Project,LORP Above Pumpstation,52.0
2026-07-30 14:43:34,Lower Owens River Project,LORP At Pump Station Discharge Flow,48.0
2026-07-30 14:43:34,Southern District,Haiwee LAA #2 Current Flow,194.3
2026-07-30 14:43:34,Southern District,Haiwee LAA #1 Current Flow,0.0
2026-07-30 14:43:34,Southern District,LAA #1 Flow at Fairmont Reservoir,418.5
2026-07-30 14:43:34,Southern District,LAA #2 Flow at Fairmont Res.,202.5
2026-07-30 14:43:34,Southern District,Bouquet Reservoir Inflow,54.3
2026-07-30 14:43:34,Southern District,Bouquet Reservoir Outflow,0.5
2026-07-30 14:43:34,Southern District,LAA #1 at Soledad Flow,269.4
2026-07-30 14:43:34,Southern District,LAA #2 at Soledad Flow,247.6
2026-07-30 14:43:35,Mono Basin,Mono Lk. Elevation,6382.4
2026-07-30 14:43:35,Mono Basin,Grant Lk. Elevation,7130.0
2026-07-30 14:43:35,Long Valley,Long Valley Elevation,6774.8
2026-07-30 14:43:35,Northern Owens Valley,Pleasant Valley Elevation,4386.4
2026-07-30 14:43:35,Southern Owens Valley,LAA at Alabama Level,7.8
2026-07-30 14:43:35,Southern Owens Valley,LAA at Alabama Water Temp,71.9
2026-07-30 14:43:35,Southern Owens Valley,LAA at Cottonwood Level,9.4
2026-07-30 14:43:35,Southern Owens Valley,LAA at Cotton. Water Temp,74.1
2026-07-30 14:43:35,Southern Owens Valley,N. Haiwee Elevation,3757.0
2026-07-30 14:43:35,Southern Owens Valley,S. Haiwee Reservoir Elevation,3728.9
2026-07-30 14:43:35,Southern District,S. Haiwee Reservoir Elevation,3728.9
2026-07-30 14:43:35,Southern District,Fairmont Reservoir Elevation,3025.9
2026-07-30 14:43:35,Southern District,Bouquet Reservoir Elevation,2982.0
2026-07-30 14:58:35,Northern Owens Valley,Tinemaha Elevation,3861.4
2026-07-30 14:58:35,Southern Owens Valley,Tinemaha Elevation,3861.4
2026-07-30 15:28:35,Northern Owens Valley,Tinemaha Elevation,3861.4
2026-07-30 15:28:35,Southern Owens Valley,Tinemaha Elevation,3861.4
2026-07-30 15:43:34,Mono Basin,Lee Vining Intake Above Flow,36.5
2026-07-30 15:43:34,Mono Basin,Lee Vining Intake Below Flow,29.5
2026-07-30 15:43:34,Mono Basin,Walker Ck. Above Conduit Flow,5.0
2026-07-30 15:43:34,Mono Basin,L.V. Conduit Below Intake Flow,7.5
2026-07-30 15:43:34,Mono Basin,Walker Ck. Under Conduit Flow,6.0
2026-07-30 15:43:34,Mono Basin,Parker Ck. Under Conduit Flow,16.0
2026-07-30 15:43:34,Mono Basin,Parker Ck. Above Conduit Flow,18.0
2026-07-30 15:43:34,Mono Basin,Grant Lk. Spill Flow,0.0
2026-07-30 15:43:34,Mono Basin,Mono Gate 1 Return Ditch Flow,32.8
2026-07-30 15:43:34,Mono Basin,Grant Lk. Outflow,32.4
2026-07-30 15:43:34,Mono Basin,Rush Ck. at Damsite Flow,59.1
2026-07-30 15:43:34,Mono Basin,Flow to West Portal,0.0
2026-07-30 15:43:34,Long Valley,East Portal Flow,12.0
2026-07-30 15:43:34,Long Valley,OR Below EP Flow,57.0
2026-07-30 15:43:34,Long Valley,Hot Ck.at Hwy. Flow,11.0
2026-07-30 15:43:34,Long Valley,McGee Ck. Lower Sta. Flow,7.6
2026-07-30 15:43:34,Long Valley,Long Valley Current Outflow,44.8
2026-07-30 15:43:34,Long Valley,Rock Ck. Div. Flow,0.5
2026-07-30 15:43:34,Long Valley,Upper Gorge Total Release,45.7
2026-07-30 15:43:34,Long Valley,Release at Middle Gorge,0.0
2026-07-30 15:43:34,Northern Owens Valley,Rock Ck. At Owens River (PV) Flow,27.9
2026-07-30 15:43:34,Northern Owens Valley,Pleasant Valley Outflow,401.9
2026-07-30 15:43:34,Northern Owens Valley,Baker Ck. At LA Station Flow,6.0
2026-07-30 15:43:34,Northern Owens Valley,Big Pine Ck. USGS Flow,54.1
2026-07-30 15:43:34,Northern Owens Valley,O.R. Below Big Pine,471.0
2026-07-30 15:43:34,Northern Owens Valley,Fish Springs At RR Flow,29.3
2026-07-30 15:43:34,Northern Owens Valley,Tinemaha Reservoir Outflow,473.3
2026-07-30 15:43:34,Northern Owens Valley,Bishop Creek Through Plant 6,106.1
2026-07-30 15:43:34,Northern Owens Valley,Bishop Creek Around Plant 6,7.2
2026-07-30 15:43:34,Southern Owens Valley,Tinemaha Reservoir Outflow,473.3
2026-07-30 15:43:34,Southern Owens Valley,Indep. Ck. At Junction Flow,9.7
2026-07-30 15:43:34,Southern Owens Valley,LAA at Alabama Flow,396.0
2026-07-30 15:43:34,Southern Owens Valley,Cottonwood Ck. At LAA Flow,0.0
2026-07-30 15:43:34,Southern Owens Valley,LAA at Cottonwood Flow,504.0
2026-07-30 15:43:34,Southern Owens Valley,Haiwee LAA #1 Current Flow,0.0
2026-07-30 15:43:34,Southern Owens Valley,Haiwee LAA #2 Current Flow,194.3
2026-07-30 15:43:34,Southern Owens Valley,Reinhackel Flow,3.0
2026-07-30 15:43:34,Southern Owens Valley,Lubkin Spillgate Outflow,0.0
2026-07-30 15:43:34,Southern Owens Valley,Cartago Spillgate Outflow,26.1
2026-07-30 15:43:34,Southern Owens Valley,Lone Pine Creek Flow,17.2
2026-07-30 15:43:34,Lower Owens River Project,LORP Intake Flow,80.0
2026-07-30 15:43:34,Lower Owens River Project,LORP at Mazourka Canyon Road,0.0
2026-07-30 15:43:34,Lower Owens River Project,LORP at Reinhackle Springs,75.0
2026-07-30 15:43:34,Lower Owens River Project,LORP Above Pumpstation,52.0
2026-07-30 15:43:34,Lower Owens River Project,LORP At Pump Station Discharge Flow,48.0
2026-07-30 15:43:34,Southern District,Haiwee LAA #2 Current Flow,194.3
2026-07-30 15:43:34,Southern District,Haiwee LAA #1 Current Flow,0.0
2026-07-30 15:43:34,Southern District,LAA #1 Flow at Fairmont Reservoir,418.6
2026-07-30 15:43:34,Southern District,LAA #2 Flow at Fairmont Res.,202.5
2026-07-30 15:43:34,Southern District,Bouquet Reservoir Inflow,53.9
2026-07-30 15:43:34,Southern District,Bouquet Reservoir Outflow,0.5
2026-07-30 15:43:34,Southern District,LAA #1 at Soledad Flow,269.4
2026-07-30 15:43:34,Southern District,LAA #2 at Soledad Flow,247.6
2026-07-30 15:43:35,Mono Basin,Mono Lk. Elevation,6382.4
2026-07-30 15:43:35,Mono Basin,Grant Lk. Elevation,7130.0
2026-07-30 15:43:35,Long Valley,Long Valley Elevation,6774.8
2026-07-30 15:43:35,Northern Owens Valley,Pleasant Valley Elevation,4386.1
2026-07-30 15:43:35,Southern Owens Valley,LAA at Alabama Level,7.8
2026-07-30 15:43:35,Southern Owens Valley,LAA at Alabama Water Temp,71.9
2026-07-30 15:43:35,Southern Owens Valley,LAA at Cottonwood Level,9.4
2026-07-30 15:43:35,Southern Owens Valley,LAA at Cotton. Water Temp,74.3
2026-07-30 15:43:35,Southern Owens Valley,N. Haiwee Elevation,3757.0
2026-07-30 15:43:35,Southern Owens Valley,S. Haiwee Reservoir Elevation,3728.9
2026-07-30 15:43:35,Southern District,S. Haiwee Reservoir Elevation,3728.9
2026-07-30 15:43:35,Southern District,Fairmont Reservoir Elevation,3025.9
2026-07-30 15:43:35,Southern District,Bouquet Reservoir Elevation,2982.0
2026-07-30 15:58:35,Northern Owens Valley,Tinemaha Elevation,3861.4
2026-07-30 15:58:35,Southern Owens Valley,Tinemaha Elevation,3861.4
2026-07-30 16:28:35,Northern Owens Valley,Tinemaha Elevation,3861.3
2026-07-30 16:28:35,Southern Owens Valley,Tinemaha Elevation,3861.3
2026-07-30 16:43:34,Mono Basin,Lee Vining Intake Above Flow,36.5
2026-07-30 16:43:34,Mono Basin,Lee Vining Intake Below Flow,29.8
2026-07-30 16:43:34,Mono Basin,Walker Ck. Above Conduit Flow,5.0
2026-07-30 16:43:34,Mono Basin,L.V. Conduit Below Intake Flow,7.3
2026-07-30 16:43:34,Mono Basin,Walker Ck. Under Conduit Flow,6.0
2026-07-30 16:43:34,Mono Basin,Parker Ck. Under Conduit Flow,16.0
2026-07-30 16:43:34,Mono Basin,Parker Ck. Above Conduit Flow,18.0
2026-07-30 16:43:34,Mono Basin,Grant Lk. Spill Flow,0.0
2026-07-30 16:43:34,Mono Basin,Mono Gate 1 Return Ditch Flow,32.9
2026-07-30 16:43:34,Mono Basin,Grant Lk. Outflow,32.6
2026-07-30 16:43:34,Mono Basin,Rush Ck. at Damsite Flow,59.1
2026-07-30 16:43:34,Mono Basin,Flow to West Portal,0.0
2026-07-30 16:43:34,Long Valley,East Portal Flow,12.0
2026-07-30 16:43:34,Long Valley,OR Below EP Flow,57.0
2026-07-30 16:43:34,Long Valley,Hot Ck.at Hwy. Flow,10.0
2026-07-30 16:43:34,Long Valley,McGee Ck. Lower Sta. Flow,7.6
2026-07-30 16:43:34,Long Valley,Long Valley Current Outflow,44.5
2026-07-30 16:43:34,Long Valley,Rock Ck. Div. Flow,0.5
2026-07-30 16:43:34,Long Valley,Upper Gorge Total Release,45.7
2026-07-30 16:43:34,Long Valley,Release at Middle Gorge,0.0
2026-07-30 16:43:34,Northern Owens Valley,Rock Ck. At Owens River (PV) Flow,27.5
2026-07-30 16:43:34,Northern Owens Valley,Pleasant Valley Outflow,400.9
2026-07-30 16:43:34,Northern Owens Valley,Baker Ck. At LA Station Flow,6.0
2026-07-30 16:43:34,Northern Owens Valley,Big Pine Ck. USGS Flow,54.1
2026-07-30 16:43:34,Northern Owens Valley,O.R. Below Big Pine,469.3
2026-07-30 16:43:34,Northern Owens Valley,Fish Springs At RR Flow,29.3
2026-07-30 16:43:34,Northern Owens Valley,Tinemaha Reservoir Outflow,474.2
2026-07-30 16:43:34,Northern Owens Valley,Bishop Creek Through Plant 6,103.9
2026-07-30 16:43:34,Northern Owens Valley,Bishop Creek Around Plant 6,7.3
2026-07-30 16:43:34,Southern Owens Valley,Tinemaha Reservoir Outflow,474.2
2026-07-30 16:43:34,Southern Owens Valley,Indep. Ck. At Junction Flow,9.7
2026-07-30 16:43:34,Southern Owens Valley,LAA at Alabama Flow,396.0
2026-07-30 16:43:34,Southern Owens Valley,Cottonwood Ck. At LAA Flow,0.0
2026-07-30 16:43:34,Southern Owens Valley,LAA at Cottonwood Flow,503.0
2026-07-30 16:43:34,Southern Owens Valley,Haiwee LAA #1 Current Flow,0.0
2026-07-30 16:43:34,Southern Owens Valley,Haiwee LAA #2 Current Flow,194.3
2026-07-30 16:43:34,Southern Owens Valley,Reinhackel Flow,3.0
2026-07-30 16:43:34,Southern Owens Valley,Lubkin Spillgate Outflow,0.0
2026-07-30 16:43:34,Southern Owens Valley,Cartago Spillgate Outflow,22.8
2026-07-30 16:43:34,Southern Owens Valley,Lone Pine Creek Flow,16.8
2026-07-30 16:43:34,Lower Owens River Project,LORP Intake Flow,80.0
2026-07-30 16:43:34,Lower Owens River Project,LORP at Mazourka Canyon Road,0.0
2026-07-30 16:43:34,Lower Owens River Project,LORP at Reinhackle Springs,77.0
2026-07-30 16:43:34,Lower Owens River Project,LORP Above Pumpstation,51.0
2026-07-30 16:43:34,Lower Owens River Project,LORP At Pump Station Discharge Flow,48.0
2026-07-30 16:43:34,Southern District,Haiwee LAA #2 Current Flow,194.3
2026-07-30 16:43:34,Southern District,Haiwee LAA #1 Current Flow,0.0
2026-07-30 16:43:34,Southern District,LAA #1 Flow at Fairmont Reservoir,418.2
2026-07-30 16:43:34,Southern District,LAA #2 Flow at Fairmont Res.,202.3
2026-07-30 16:43:34,Southern District,Bouquet Reservoir Inflow,58.7
2026-07-30 16:43:34,Southern District,Bouquet Reservoir Outflow,0.7
2026-07-30 16:43:34,Southern District,LAA #1 at Soledad Flow,269.4
2026-07-30 16:43:34,Southern District,LAA #2 at Soledad Flow,247.6
2026-07-30 16:43:35,Mono Basin,Mono Lk. Elevation,6382.4
2026-07-30 16:43:35,Mono Basin,Grant Lk. Elevation,7130.0
2026-07-30 16:43:35,Long Valley,Long Valley Elevation,6774.8
2026-07-30 16:43:35,Northern Owens Valley,Pleasant Valley Elevation,4385.8
2026-07-30 16:43:35,Southern Owens Valley,LAA at Alabama Level,7.8
2026-07-30 16:43:35,Southern Owens Valley,LAA at Alabama Water Temp,71.9
2026-07-30 16:43:35,Southern Owens Valley,LAA at Cottonwood Level,9.4
2026-07-30 16:43:35,Southern Owens Valley,LAA at Cotton. Water Temp,74.5
2026-07-30 16:43:35,Southern Owens Valley,N. Haiwee Elevation,3757.0
2026-07-30 16:43:35,Southern Owens Valley,S. Haiwee Reservoir Elevation,3728.8
2026-07-30 16:43:35,Southern District,S. Haiwee Reservoir Elevation,3728.8
2026-07-30 16:43:35,Southern District,Fairmont Reservoir Elevation,3025.8
2026-07-30 16:43:35,Southern District,Bouquet Reservoir Elevation,2982.0
2026-07-30 16:58:35,Northern Owens Valley,Tinemaha Elevation,3861.3
2026-07-30 16:58:35,Southern Owens Valley,Tinemaha Elevation,3861.3
2026-07-30 17:28:35,Northern Owens Valley,Tinemaha Elevation,3861.3
2026-07-30 17:28:35,Southern Owens Valley,Tinemaha Elevation,3861.3
2026-07-30 17:43:34,Mono Basin,Lee Vining Intake Above Flow,36.2
2026-07-30 17:43:34,Mono Basin,Lee Vining Intake Below Flow,29.5
2026-07-30 17:43:34,Mono Basin,Walker Ck. Above Conduit Flow,5.0
2026-07-30 17:43:34,Mono Basin,L.V. Conduit Below Intake Flow,7.2
2026-07-30 17:43:34,Mono Basin,Walker Ck. Under Conduit Flow,6.0
2026-07-30 17:43:34,Mono Basin,Parker Ck. Under Conduit Flow,16.0
2026-07-30 17:43:34,Mono Basin,Parker Ck. Above Conduit Flow,18.0
2026-07-30 17:43:34,Mono Basin,Grant Lk. Spill Flow,0.0
2026-07-30 17:43:34,Mono Basin,Mono Gate 1 Return Ditch Flow,33.0
2026-07-30 17:43:34,Mono Basin,Grant Lk. Outflow,32.3
2026-07-30 17:43:34,Mono Basin,Rush Ck. at Damsite Flow,59.1
2026-07-30 17:43:34,Mono Basin,Flow to West Portal,0.0
2026-07-30 17:43:34,Long Valley,East Portal Flow,12.0
2026-07-30 17:43:34,Long Valley,OR Below EP Flow,57.0
2026-07-30 17:43:34,Long Valley,Hot Ck.at Hwy. Flow,10.0
2026-07-30 17:43:34,Long Valley,McGee Ck. Lower Sta. Flow,7.6
2026-07-30 17:43:34,Long Valley,Long Valley Current Outflow,44.4
2026-07-30 17:43:34,Long Valley,Rock Ck. Div. Flow,0.5
2026-07-30 17:43:34,Long Valley,Upper Gorge Total Release,45.9
2026-07-30 17:43:34,Long Valley,Release at Middle Gorge,0.0
2026-07-30 17:43:34,Northern Owens Valley,Rock Ck. At Owens River (PV) Flow,27.0
2026-07-30 17:43:34,Northern Owens Valley,Pleasant Valley Outflow,405.1
2026-07-30 17:43:34,Northern Owens Valley,Baker Ck. At LA Station Flow,6.0
2026-07-30 17:43:34,Northern Owens Valley,Big Pine Ck. USGS Flow,54.1
2026-07-30 17:43:34,Northern Owens Valley,O.R. Below Big Pine,467.9
2026-07-30 17:43:34,Northern Owens Valley,Fish Springs At RR Flow,29.3
2026-07-30 17:43:34,Northern Owens Valley,Tinemaha Reservoir Outflow,474.2
2026-07-30 17:43:34,Northern Owens Valley,Bishop Creek Through Plant 6,101.6
2026-07-30 17:43:34,Northern Owens Valley,Bishop Creek Around Plant 6,7.3
2026-07-30 17:43:34,Southern Owens Valley,Tinemaha Reservoir Outflow,474.2
2026-07-30 17:43:34,Southern Owens Valley,Indep. Ck. At Junction Flow,9.7
2026-07-30 17:43:34,Southern Owens Valley,LAA at Alabama Flow,396.0
2026-07-30 17:43:34,Southern Owens Valley,Cottonwood Ck. At LAA Flow,0.0
2026-07-30 17:43:34,Southern Owens Valley,LAA at Cottonwood Flow,502.0
2026-07-30 17:43:34,Southern Owens Valley,Haiwee LAA #1 Current Flow,0.0
2026-07-30 17:43:34,Southern Owens Valley,Haiwee LAA #2 Current Flow,194.3
2026-07-30 17:43:34,Southern Owens Valley,Reinhackel Flow,3.0
2026-07-30 17:43:34,Southern Owens Valley,Lubkin Spillgate Outflow,0.0
2026-07-30 17:43:34,Southern Owens Valley,Cartago Spillgate Outflow,27.0
2026-07-30 17:43:34,Southern Owens Valley,Lone Pine Creek Flow,16.4
2026-07-30 17:43:34,Lower Owens River Project,LORP Intake Flow,80.0
2026-07-30 17:43:34,Lower Owens River Project,LORP at Mazourka Canyon Road,0.0
2026-07-30 17:43:34,Lower Owens River Project,LORP at Reinhackle Springs,78.0
2026-07-30 17:43:34,Lower Owens River Project,LORP Above Pumpstation,50.0
2026-07-30 17:43:34,Lower Owens River Project,LORP At Pump Station Discharge Flow,47.0
2026-07-30 17:43:34,Southern District,Haiwee LAA #2 Current Flow,194.3
2026-07-30 17:43:34,Southern District,Haiwee LAA #1 Current Flow,0.0
2026-07-30 17:43:34,Southern District,LAA #1 Flow at Fairmont Reservoir,416.9
2026-07-30 17:43:34,Southern District,LAA #2 Flow at Fairmont Res.,202.4
2026-07-30 17:43:34,Southern District,Bouquet Reservoir Inflow,53.7
2026-07-30 17:43:34,Southern District,Bouquet Reservoir Outflow,0.5
2026-07-30 17:43:34,Southern District,LAA #1 at Soledad Flow,269.4
2026-07-30 17:43:34,Southern District,LAA #2 at Soledad Flow,247.6
2026-07-30 17:43:35,Mono Basin,Mono Lk. Elevation,6382.4
2026-07-30 17:43:35,Mono Basin,Grant Lk. Elevation,7130.0
2026-07-30 17:43:35,Long Valley,Long Valley Elevation,6774.8
2026-07-30 17:43:35,Northern Owens Valley,Pleasant Valley Elevation,4385.5
2026-07-30 17:43:35,Southern Owens Valley,LAA at Alabama Level,7.8
2026-07-30 17:43:35,Southern Owens Valley,LAA at Alabama Water Temp,71.9
2026-07-30 17:43:35,Southern Owens Valley,LAA at Cottonwood Level,9.3
2026-07-30 17:43:35,Southern Owens Valley,LAA at Cotton. Water Temp,74.5
2026-07-30 17:43:35,Southern Owens Valley,N. Haiwee Elevation,3757.0
2026-07-30 17:43:35,Southern Owens Valley,S. Haiwee Reservoir Elevation,3728.8
2026-07-30 17:43:35,Southern District,S. Haiwee Reservoir Elevation,3728.8
2026-07-30 17:43:35,Southern District,Fairmont Reservoir Elevation,3025.8
2026-07-30 17:43:35,Southern District,Bouquet Reservoir Elevation,2982.0
2026-07-30 17:58:34,Northern Owens Valley,Tinemaha Elevation,3861.3
2026-07-30 17:58:34,Southern Owens Valley,Tinemaha Elevation,3861.3
2026-07-30 18:28:35,Northern Owens Valley,Tinemaha Elevation,3861.3
2026-07-30 18:28:35,Southern Owens Valley,Tinemaha Elevation,3861.3
2026-07-30 18:43:34,Mono Basin,Lee Vining Intake Above Flow,36.3
2026-07-30 18:43:34,Mono Basin,Lee Vining Intake Below Flow,29.5
2026-07-30 18:43:34,Mono Basin,Walker Ck. Above Conduit Flow,5.0
2026-07-30 18:43:34,Mono Basin,L.V. Conduit Below Intake Flow,7.3
2026-07-30 18:43:34,Mono Basin,Walker Ck. Under Conduit Flow,6.0
2026-07-30 18:43:34,Mono Basin,Parker Ck. Under Conduit Flow,16.0
2026-07-30 18:43:34,Mono Basin,Parker Ck. Above Conduit Flow,18.0
2026-07-30 18:43:34,Mono Basin,Grant Lk. Spill Flow,0.0
2026-07-30 18:43:34,Mono Basin,Mono Gate 1 Return Ditch Flow,32.9
2026-07-30 18:43:34,Mono Basin,Grant Lk. Outflow,32.3
2026-07-30 18:43:34,Mono Basin,Rush Ck. at Damsite Flow,59.1
2026-07-30 18:43:34,Mono Basin,Flow to West Portal,0.0
2026-07-30 18:43:34,Long Valley,East Portal Flow,12.0
2026-07-30 18:43:34,Long Valley,OR Below EP Flow,57.0
2026-07-30 18:43:34,Long Valley,Hot Ck.at Hwy. Flow,10.0
2026-07-30 18:43:34,Long Valley,McGee Ck. Lower Sta. Flow,7.6
2026-07-30 18:43:34,Long Valley,Long Valley Current Outflow,558.2
2026-07-30 18:43:34,Long Valley,Rock Ck. Div. Flow,0.5
2026-07-30 18:43:34,Long Valley,Upper Gorge Total Release,45.2
2026-07-30 18:43:34,Long Valley,Release at Middle Gorge,0.0
2026-07-30 18:43:34,Northern Owens Valley,Rock Ck. At Owens River (PV) Flow,26.2
2026-07-30 18:43:34,Northern Owens Valley,Pleasant Valley Outflow,404.7
2026-07-30 18:43:34,Northern Owens Valley,Baker Ck. At LA Station Flow,5.7
2026-07-30 18:43:34,Northern Owens Valley,Big Pine Ck. USGS Flow,54.1
2026-07-30 18:43:34,Northern Owens Valley,O.R. Below Big Pine,464.6
2026-07-30 18:43:34,Northern Owens Valley,Fish Springs At RR Flow,28.4
2026-07-30 18:43:34,Northern Owens Valley,Tinemaha Reservoir Outflow,474.2
2026-07-30 18:43:34,Northern Owens Valley,Bishop Creek Through Plant 6,105.5
2026-07-30 18:43:34,Northern Owens Valley,Bishop Creek Around Plant 6,7.5
2026-07-30 18:43:34,Southern Owens Valley,Tinemaha Reservoir Outflow,474.2
2026-07-30 18:43:34,Southern Owens Valley,Indep. Ck. At Junction Flow,9.7
2026-07-30 18:43:34,Southern Owens Valley,LAA at Alabama Flow,396.0
2026-07-30 18:43:34,Southern Owens Valley,Cottonwood Ck. At LAA Flow,0.0
2026-07-30 18:43:34,Southern Owens Valley,LAA at Cottonwood Flow,501.0
2026-07-30 18:43:34,Southern Owens Valley,Haiwee LAA #1 Current Flow,0.0
2026-07-30 18:43:34,Southern Owens Valley,Haiwee LAA #2 Current Flow,240.2
2026-07-30 18:43:34,Southern Owens Valley,Reinhackel Flow,3.0
2026-07-30 18:43:34,Southern Owens Valley,Lubkin Spillgate Outflow,0.0
2026-07-30 18:43:34,Southern Owens Valley,Cartago Spillgate Outflow,27.2
2026-07-30 18:43:34,Southern Owens Valley,Lone Pine Creek Flow,16.3
2026-07-30 18:43:34,Lower Owens River Project,LORP Intake Flow,80.0
2026-07-30 18:43:34,Lower Owens River Project,LORP at Mazourka Canyon Road,0.0
2026-07-30 18:43:34,Lower Owens River Project,LORP at Reinhackle Springs,76.0
2026-07-30 18:43:34,Lower Owens River Project,LORP Above Pumpstation,50.0
2026-07-30 18:43:34,Lower Owens River Project,LORP At Pump Station Discharge Flow,47.0
2026-07-30 18:43:34,Southern District,Haiwee LAA #2 Current Flow,240.2
2026-07-30 18:43:34,Southern District,Haiwee LAA #1 Current Flow,0.0
2026-07-30 18:43:34,Southern District,LAA #1 Flow at Fairmont Reservoir,418.2
2026-07-30 18:43:34,Southern District,LAA #2 Flow at Fairmont Res.,202.3
2026-07-30 18:43:34,Southern District,Bouquet Reservoir Inflow,58.7
2026-07-30 18:43:34,Southern District,Bouquet Reservoir Outflow,0.5
2026-07-30 18:43:34,Southern District,LAA #1 at Soledad Flow,269.4
2026-07-30 18:43:34,Southern District,LAA #2 at Soledad Flow,247.6
2026-07-30 18:43:35,Mono Basin,Mono Lk. Elevation,6382.4
2026-07-30 18:43:35,Mono Basin,Grant Lk. Elevation,7130.0
2026-07-30 18:43:35,Long Valley,Long Valley Elevation,6774.8
2026-07-30 18:43:35,Northern Owens Valley,Pleasant Valley Elevation,4385.4
2026-07-30 18:43:35,Southern Owens Valley,LAA at Alabama Level,7.8
2026-07-30 18:43:35,Southern Owens Valley,LAA at Alabama Water Temp,71.9
2026-07-30 18:43:35,Southern Owens Valley,LAA at Cottonwood Level,9.3
2026-07-30 18:43:35,Southern Owens Valley,LAA at Cotton. Water Temp,74.5
2026-07-30 18:43:35,Southern Owens Valley,N. Haiwee Elevation,3757.0
2026-07-30 18:43:35,Southern Owens Valley,S. Haiwee Reservoir Elevation,3728.8
2026-07-30 18:43:35,Southern District,S. Haiwee Reservoir Elevation,3728.8
2026-07-30 18:43:35,Southern District,Fairmont Reservoir Elevation,3025.8
2026-07-30 18:43:35,Southern District,Bouquet Reservoir Elevation,2982.0
2026-07-30 18:58:34,Northern Owens Valley,Tinemaha Elevation,3861.3
2026-07-30 18:58:34,Southern Owens Valley,Tinemaha Elevation,3861.3
2026-07-30 19:28:35,Northern Owens Valley,Tinemaha Elevation,3861.3
2026-07-30 19:28:35,Southern Owens Valley,Tinemaha Elevation,3861.3
2026-07-30 19:43:34,Mono Basin,Lee Vining Intake Above Flow,37.1
2026-07-30 19:43:34,Mono Basin,Lee Vining Intake Below Flow,29.7
2026-07-30 19:43:34,Mono Basin,Walker Ck. Above Conduit Flow,5.0
2026-07-30 19:43:34,Mono Basin,L.V. Conduit Below Intake Flow,7.3
2026-07-30 19:43:34,Mono Basin,Walker Ck. Under Conduit Flow,6.0
2026-07-30 19:43:34,Mono Basin,Parker Ck. Under Conduit Flow,16.0
2026-07-30 19:43:34,Mono Basin,Parker Ck. Above Conduit Flow,18.0
2026-07-30 19:43:34,Mono Basin,Grant Lk. Spill Flow,0.0
2026-07-30 19:43:34,Mono Basin,Mono Gate 1 Return Ditch Flow,33.0
2026-07-30 19:43:34,Mono Basin,Grant Lk. Outflow,32.3
2026-07-30 19:43:34,Mono Basin,Rush Ck. at Damsite Flow,59.1
2026-07-30 19:43:34,Mono Basin,Flow to West Portal,0.0
2026-07-30 19:43:34,Long Valley,East Portal Flow,12.0
2026-07-30 19:43:34,Long Valley,OR Below EP Flow,57.0
2026-07-30 19:43:34,Long Valley,Hot Ck.at Hwy. Flow,10.0
2026-07-30 19:43:34,Long Valley,McGee Ck. Lower Sta. Flow,7.6
2026-07-30 19:43:34,Long Valley,Long Valley Current Outflow,580.4
2026-07-30 19:43:34,Long Valley,Rock Ck. Div. Flow,0.5
2026-07-30 19:43:34,Long Valley,Upper Gorge Total Release,44.7
2026-07-30 19:43:34,Long Valley,Release at Middle Gorge,0.0
2026-07-30 19:43:34,Northern Owens Valley,Rock Ck. At Owens River (PV) Flow,26.2
2026-07-30 19:43:34,Northern Owens Valley,Pleasant Valley Outflow,407.7
2026-07-30 19:43:34,Northern Owens Valley,Baker Ck. At LA Station Flow,5.7
2026-07-30 19:43:34,Northern Owens Valley,Big Pine Ck. USGS Flow,54.1
2026-07-30 19:43:34,Northern Owens Valley,O.R. Below Big Pine,461.5
2026-07-30 19:43:34,Northern Owens Valley,Fish Springs At RR Flow,28.4
2026-07-30 19:43:34,Northern Owens Valley,Tinemaha Reservoir Outflow,473.3
2026-07-30 19:43:34,Northern Owens Valley,Bishop Creek Through Plant 6,103.2
2026-07-30 19:43:34,Northern Owens Valley,Bishop Creek Around Plant 6,7.8
2026-07-30 19:43:34,Southern Owens Valley,Tinemaha Reservoir Outflow,473.3
2026-07-30 19:43:34,Southern Owens Valley,Indep. Ck. At Junction Flow,9.4
2026-07-30 19:43:34,Southern Owens Valley,LAA at Alabama Flow,396.0
2026-07-30 19:43:34,Southern Owens Valley,Cottonwood Ck. At LAA Flow,0.0
2026-07-30 19:43:34,Southern Owens Valley,LAA at Cottonwood Flow,500.0
2026-07-30 19:43:34,Southern Owens Valley,Haiwee LAA #1 Current Flow,0.0
2026-07-30 19:43:34,Southern Owens Valley,Haiwee LAA #2 Current Flow,240.2
2026-07-30 19:43:34,Southern Owens Valley,Reinhackel Flow,3.0
2026-07-30 19:43:34,Southern Owens Valley,Lubkin Spillgate Outflow,0.0
2026-07-30 19:43:34,Southern Owens Valley,Cartago Spillgate Outflow,23.9
2026-07-30 19:43:34,Southern Owens Valley,Lone Pine Creek Flow,16.0
2026-07-30 19:43:34,Lower Owens River Project,LORP Intake Flow,80.0
2026-07-30 19:43:34,Lower Owens River Project,LORP at Mazourka Canyon Road,0.0
2026-07-30 19:43:34,Lower Owens River Project,LORP at Reinhackle Springs,75.0
2026-07-30 19:43:34,Lower Owens River Project,LORP Above Pumpstation,51.0
2026-07-30 19:43:34,Lower Owens River Project,LORP At Pump Station Discharge Flow,48.0
2026-07-30 19:43:34,Southern District,Haiwee LAA #2 Current Flow,240.2
2026-07-30 19:43:34,Southern District,Haiwee LAA #1 Current Flow,0.0
2026-07-30 19:43:34,Southern District,LAA #1 Flow at Fairmont Reservoir,417.2
2026-07-30 19:43:34,Southern District,LAA #2 Flow at Fairmont Res.,202.3
2026-07-30 19:43:34,Southern District,Bouquet Reservoir Inflow,58.3
2026-07-30 19:43:34,Southern District,Bouquet Reservoir Outflow,0.5
2026-07-30 19:43:34,Southern District,LAA #1 at Soledad Flow,273.0
2026-07-30 19:43:34,Southern District,LAA #2 at Soledad Flow,246.9
2026-07-30 19:43:35,Mono Basin,Mono Lk. Elevation,6382.4
2026-07-30 19:43:35,Mono Basin,Grant Lk. Elevation,7130.0
2026-07-30 19:43:35,Long Valley,Long Valley Elevation,6774.8
2026-07-30 19:43:35,Northern Owens Valley,Pleasant Valley Elevation,4385.6
2026-07-30 19:43:35,Southern Owens Valley,LAA at Alabama Level,7.8
2026-07-30 19:43:35,Southern Owens Valley,LAA at Alabama Water Temp,71.9
2026-07-30 19:43:35,Southern Owens Valley,LAA at Cottonwood Level,9.3
2026-07-30 19:43:35,Southern Owens Valley,LAA at Cotton. Water Temp,74.2
2026-07-30 19:43:35,Southern Owens Valley,N. Haiwee Elevation,3757.0
2026-07-30 19:43:35,Southern Owens Valley,S. Haiwee Reservoir Elevation,3728.8
2026-07-30 19:43:35,Southern District,S. Haiwee Reservoir Elevation,3728.8
2026-07-30 19:43:35,Southern District,Fairmont Reservoir Elevation,3025.8
2026-07-30 19:43:35,Southern District,Bouquet Reservoir Elevation,2982.0
2026-07-30 19:58:34,Northern Owens Valley,Tinemaha Elevation,3861.3
2026-07-30 19:58:34,Southern Owens Valley,Tinemaha Elevation,3861.3
2026-07-30 20:28:34,Northern Owens Valley,Tinemaha Elevation,3861.3
2026-07-30 20:28:34,Southern Owens Valley,Tinemaha Elevation,3861.3
2026-07-30 20:43:34,Mono Basin,Lee Vining Intake Above Flow,54.0
2026-07-30 20:43:34,Mono Basin,Lee Vining Intake Below Flow,31.0
2026-07-30 20:43:34,Mono Basin,Walker Ck. Above Conduit Flow,5.0
2026-07-30 20:43:34,Mono Basin,L.V. Conduit Below Intake Flow,11.9
2026-07-30 20:43:34,Mono Basin,Walker Ck. Under Conduit Flow,6.0
2026-07-30 20:43:34,Mono Basin,Parker Ck. Under Conduit Flow,16.0
2026-07-30 20:43:34,Mono Basin,Parker Ck. Above Conduit Flow,18.0
2026-07-30 20:43:34,Mono Basin,Grant Lk. Spill Flow,0.0
2026-07-30 20:43:34,Mono Basin,Mono Gate 1 Return Ditch Flow,32.9
2026-07-30 20:43:34,Mono Basin,Grant Lk. Outflow,32.3
2026-07-30 20:43:34,Mono Basin,Rush Ck. at Damsite Flow,59.1
2026-07-30 20:43:34,Mono Basin,Flow to West Portal,0.0
2026-07-30 20:43:34,Long Valley,East Portal Flow,12.0
2026-07-30 20:43:34,Long Valley,OR Below EP Flow,57.0
2026-07-30 20:43:34,Long Valley,Hot Ck.at Hwy. Flow,10.0
2026-07-30 20:43:34,Long Valley,McGee Ck. Lower Sta. Flow,7.6
2026-07-30 20:43:34,Long Valley,Long Valley Current Outflow,579.5
2026-07-30 20:43:34,Long Valley,Rock Ck. Div. Flow,0.5
2026-07-30 20:43:34,Long Valley,Upper Gorge Total Release,44.3
2026-07-30 20:43:34,Long Valley,Release at Middle Gorge,0.0
2026-07-30 20:43:34,Northern Owens Valley,Rock Ck. At Owens River (PV) Flow,26.6
2026-07-30 20:43:34,Northern Owens Valley,Pleasant Valley Outflow,410.7
2026-07-30 20:43:34,Northern Owens Valley,Baker Ck. At LA Station Flow,5.7
2026-07-30 20:43:34,Northern Owens Valley,Big Pine Ck. USGS Flow,54.1
2026-07-30 20:43:34,Northern Owens Valley,O.R. Below Big Pine,458.3
2026-07-30 20:43:34,Northern Owens Valley,Fish Springs At RR Flow,28.4
2026-07-30 20:43:34,Northern Owens Valley,Tinemaha Reservoir Outflow,473.3
2026-07-30 20:43:34,Northern Owens Valley,Bishop Creek Through Plant 6,103.2
2026-07-30 20:43:34,Northern Owens Valley,Bishop Creek Around Plant 6,7.8
2026-07-30 20:43:34,Southern Owens Valley,Tinemaha Reservoir Outflow,473.3
2026-07-30 20:43:34,Southern Owens Valley,Indep. Ck. At Junction Flow,9.5
2026-07-30 20:43:34,Southern Owens Valley,LAA at Alabama Flow,396.0
2026-07-30 20:43:34,Southern Owens Valley,Cottonwood Ck. At LAA Flow,0.0
2026-07-30 20:43:34,Southern Owens Valley,LAA at Cottonwood Flow,500.0
2026-07-30 20:43:34,Southern Owens Valley,Haiwee LAA #1 Current Flow,0.0
2026-07-30 20:43:34,Southern Owens Valley,Haiwee LAA #2 Current Flow,240.2
2026-07-30 20:43:34,Southern Owens Valley,Reinhackel Flow,3.0
2026-07-30 20:43:34,Southern Owens Valley,Lubkin Spillgate Outflow,0.0
2026-07-30 20:43:34,Southern Owens Valley,Cartago Spillgate Outflow,23.9
2026-07-30 20:43:34,Southern Owens Valley,Lone Pine Creek Flow,16.2
2026-07-30 20:43:34,Lower Owens River Project,LORP Intake Flow,80.0
2026-07-30 20:43:34,Lower Owens River Project,LORP at Mazourka Canyon Road,0.0
2026-07-30 20:43:34,Lower Owens River Project,LORP at Reinhackle Springs,74.0
2026-07-30 20:43:34,Lower Owens River Project,LORP Above Pumpstation,51.0
2026-07-30 20:43:34,Lower Owens River Project,LORP At Pump Station Discharge Flow,48.0
2026-07-30 20:43:34,Southern District,Haiwee LAA #2 Current Flow,240.2
2026-07-30 20:43:34,Southern District,Haiwee LAA #1 Current Flow,0.0
2026-07-30 20:43:34,Southern District,LAA #1 Flow at Fairmont Reservoir,418.3
2026-07-30 20:43:34,Southern District,LAA #2 Flow at Fairmont Res.,202.5
2026-07-30 20:43:34,Southern District,Bouquet Reservoir Inflow,53.7
2026-07-30 20:43:34,Southern District,Bouquet Reservoir Outflow,0.5
2026-07-30 20:43:34,Southern District,LAA #1 at Soledad Flow,273.0
2026-07-30 20:43:34,Southern District,LAA #2 at Soledad Flow,246.9
2026-07-30 20:43:35,Mono Basin,Mono Lk. Elevation,6382.4
2026-07-30 20:43:35,Mono Basin,Grant Lk. Elevation,7130.0
2026-07-30 20:43:35,Long Valley,Long Valley Elevation,6774.8
2026-07-30 20:43:35,Northern Owens Valley,Pleasant Valley Elevation,4385.8
2026-07-30 20:43:35,Southern Owens Valley,LAA at Alabama Level,7.8
2026-07-30 20:43:35,Southern Owens Valley,LAA at Alabama Water Temp,71.9
2026-07-30 20:43:35,Southern Owens Valley,LAA at Cottonwood Level,9.3
2026-07-30 20:43:35,Southern Owens Valley,LAA at Cotton. Water Temp,74.0
2026-07-30 20:43:35,Southern Owens Valley,N. Haiwee Elevation,3757.0
2026-07-30 20:43:35,Southern Owens Valley,S. Haiwee Reservoir Elevation,3728.8
2026-07-30 20:43:35,Southern District,S. Haiwee Reservoir Elevation,3728.8
2026-07-30 20:43:35,Southern District,Fairmont Reservoir Elevation,3025.8
2026-07-30 20:43:35,Southern District,Bouquet Reservoir Elevation,2982.0
2026-07-30 20:58:34,Northern Owens Valley,Tinemaha Elevation,3861.3
2026-07-30 20:58:34,Southern Owens Valley,Tinemaha Elevation,3861.3
2026-07-30 21:28:34,Northern Owens Valley,Tinemaha Elevation,3861.3
2026-07-30 21:28:34,Southern Owens Valley,Tinemaha Elevation,3861.3
2026-07-30 21:43:34,Mono Basin,Lee Vining Intake Above Flow,65.5
2026-07-30 21:43:34,Mono Basin,Lee Vining Intake Below Flow,36.1
2026-07-30 21:43:34,Mono Basin,Walker Ck. Above Conduit Flow,5.0
2026-07-30 21:43:34,Mono Basin,L.V. Conduit Below Intake Flow,23.5
2026-07-30 21:43:34,Mono Basin,Walker Ck. Under Conduit Flow,6.0
2026-07-30 21:43:34,Mono Basin,Parker Ck. Under Conduit Flow,16.0
2026-07-30 21:43:34,Mono Basin,Parker Ck. Above Conduit Flow,18.0
2026-07-30 21:43:34,Mono Basin,Grant Lk. Spill Flow,0.0
2026-07-30 21:43:34,Mono Basin,Mono Gate 1 Return Ditch Flow,33.0
2026-07-30 21:43:34,Mono Basin,Grant Lk. Outflow,32.2
2026-07-30 21:43:34,Mono Basin,Rush Ck. at Damsite Flow,59.1
2026-07-30 21:43:34,Mono Basin,Flow to West Portal,0.0
2026-07-30 21:43:34,Long Valley,East Portal Flow,12.0
2026-07-30 21:43:34,Long Valley,OR Below EP Flow,57.0
2026-07-30 21:43:34,Long Valley,Hot Ck.at Hwy. Flow,10.0
2026-07-30 21:43:34,Long Valley,McGee Ck. Lower Sta. Flow,7.6
2026-07-30 21:43:34,Long Valley,Long Valley Current Outflow,586.1
2026-07-30 21:43:34,Long Valley,Rock Ck. Div. Flow,0.5
2026-07-30 21:43:34,Long Valley,Upper Gorge Total Release,44.7
2026-07-30 21:43:34,Long Valley,Release at Middle Gorge,0.0
2026-07-30 21:43:34,Northern Owens Valley,Rock Ck. At Owens River (PV) Flow,27.0
2026-07-30 21:43:34,Northern Owens Valley,Pleasant Valley Outflow,415.8
2026-07-30 21:43:34,Northern Owens Valley,Baker Ck. At LA Station Flow,5.7
2026-07-30 21:43:34,Northern Owens Valley,Big Pine Ck. USGS Flow,54.1
2026-07-30 21:43:34,Northern Owens Valley,O.R. Below Big Pine,455.7
2026-07-30 21:43:34,Northern Owens Valley,Fish Springs At RR Flow,28.4
2026-07-30 21:43:34,Northern Owens Valley,Tinemaha Reservoir Outflow,474.2
2026-07-30 21:43:34,Northern Owens Valley,Bishop Creek Through Plant 6,99.6
2026-07-30 21:43:34,Northern Owens Valley,Bishop Creek Around Plant 6,8.4
2026-07-30 21:43:34,Southern Owens Valley,Tinemaha Reservoir Outflow,474.2
2026-07-30 21:43:34,Southern Owens Valley,Indep. Ck. At Junction Flow,9.5
2026-07-30 21:43:34,Southern Owens Valley,LAA at Alabama Flow,396.0
2026-07-30 21:43:34,Southern Owens Valley,LAA at Alabama Water Temp,71.9
2026-07-30 21:43:34,Southern Owens Valley,Cottonwood Ck. At LAA Flow,0.0
2026-07-30 21:43:34,Southern Owens Valley,LAA at Cottonwood Flow,499.0
2026-07-30 21:43:34,Southern Owens Valley,LAA at Cotton. Water Temp,73.8
2026-07-30 21:43:34,Southern Owens Valley,Haiwee LAA #1 Current Flow,0.0
2026-07-30 21:43:34,Southern Owens Valley,Haiwee LAA #2 Current Flow,240.2
2026-07-30 21:43:34,Southern Owens Valley,Reinhackel Flow,3.0
2026-07-30 21:43:34,Southern Owens Valley,Lubkin Spillgate Outflow,0.0
2026-07-30 21:43:34,Southern Owens Valley,Cartago Spillgate Outflow,14.1
2026-07-30 21:43:34,Southern Owens Valley,Lone Pine Creek Flow,16.4
2026-07-30 21:43:34,Lower Owens River Project,LORP Intake Flow,80.0
2026-07-30 21:43:34,Lower Owens River Project,LORP at Mazourka Canyon Road,0.0
2026-07-30 21:43:34,Lower Owens River Project,LORP at Reinhackle Springs,74.0
2026-07-30 21:43:34,Lower Owens River Project,LORP Above Pumpstation,51.0
2026-07-30 21:43:34,Lower Owens River Project,LORP At Pump Station Discharge Flow,48.0
2026-07-30 21:43:34,Southern District,Haiwee LAA #2 Current Flow,240.2
2026-07-30 21:43:34,Southern District,Haiwee LAA #1 Current Flow,0.0
2026-07-30 21:43:34,Southern District,LAA #1 Flow at Fairmont Reservoir,416.2
2026-07-30 21:43:34,Southern District,LAA #2 Flow at Fairmont Res.,202.6
2026-07-30 21:43:34,Southern District,Bouquet Reservoir Inflow,54.0
2026-07-30 21:43:34,Southern District,Bouquet Reservoir Outflow,0.5
2026-07-30 21:43:34,Southern District,LAA #1 at Soledad Flow,273.0
2026-07-30 21:43:34,Southern District,LAA #2 at Soledad Flow,246.9
2026-07-30 21:43:35,Mono Basin,Mono Lk. Elevation,6382.4
2026-07-30 21:43:35,Mono Basin,Grant Lk. Elevation,7130.0
2026-07-30 21:43:35,Long Valley,Long Valley Elevation,6774.8
2026-07-30 21:43:35,Northern Owens Valley,Pleasant Valley Elevation,4386.0
2026-07-30 21:43:35,Southern Owens Valley,LAA at Alabama Level,7.8
2026-07-30 21:43:35,Southern Owens Valley,LAA at Cottonwood Level,9.3
2026-07-30 21:43:35,Southern Owens Valley,N. Haiwee Elevation,3757.0
2026-07-30 21:43:35,Southern Owens Valley,S. Haiwee Reservoir Elevation,3728.7
2026-07-30 21:43:35,Southern District,S. Haiwee Reservoir Elevation,3728.7
2026-07-30 21:43:35,Southern District,Fairmont Reservoir Elevation,3025.8
2026-07-30 21:43:35,Southern District,Bouquet Reservoir Elevation,2982.0
2026-07-30 21:58:34,Northern Owens Valley,Tinemaha Elevation,3861.3
2026-07-30 21:58:34,Southern Owens Valley,Tinemaha Elevation,3861.3
2026-07-30 22:28:35,Northern Owens Valley,Tinemaha Elevation,3861.3
2026-07-30 22:28:35,Southern Owens Valley,Tinemaha Elevation,3861.3
2026-07-30 22:43:34,Mono Basin,Lee Vining Intake Above Flow,66.2
2026-07-30 22:43:34,Mono Basin,Lee Vining Intake Below Flow,36.7
2026-07-30 22:43:34,Mono Basin,Walker Ck. Above Conduit Flow,5.0
2026-07-30 22:43:34,Mono Basin,L.V. Conduit Below Intake Flow,25.8
2026-07-30 22:43:34,Mono Basin,Walker Ck. Under Conduit Flow,6.0
2026-07-30 22:43:34,Mono Basin,Parker Ck. Under Conduit Flow,16.0
2026-07-30 22:43:34,Mono Basin,Parker Ck. Above Conduit Flow,18.0
2026-07-30 22:43:34,Mono Basin,Grant Lk. Spill Flow,0.0
2026-07-30 22:43:34,Mono Basin,Mono Gate 1 Return Ditch Flow,33.0
2026-07-30 22:43:34,Mono Basin,Grant Lk. Outflow,32.2
2026-07-30 22:43:34,Mono Basin,Rush Ck. at Damsite Flow,59.1
2026-07-30 22:43:34,Mono Basin,Flow to West Portal,0.0
2026-07-30 22:43:34,Long Valley,East Portal Flow,12.0
2026-07-30 22:43:34,Long Valley,OR Below EP Flow,57.0
2026-07-30 22:43:34,Long Valley,Hot Ck.at Hwy. Flow,10.0
2026-07-30 22:43:34,Long Valley,McGee Ck. Lower Sta. Flow,7.6
2026-07-30 22:43:34,Long Valley,Long Valley Current Outflow,586.7
2026-07-30 22:43:34,Long Valley,Rock Ck. Div. Flow,0.5
2026-07-30 22:43:34,Long Valley,Upper Gorge Total Release,43.8
2026-07-30 22:43:34,Long Valley,Release at Middle Gorge,0.0
2026-07-30 22:43:34,Northern Owens Valley,Rock Ck. At Owens River (PV) Flow,27.1
2026-07-30 22:43:34,Northern Owens Valley,Pleasant Valley Outflow,419.9
2026-07-30 22:43:34,Northern Owens Valley,Baker Ck. At LA Station Flow,5.7
2026-07-30 22:43:34,Northern Owens Valley,Big Pine Ck. USGS Flow,54.1
2026-07-30 22:43:34,Northern Owens Valley,O.R. Below Big Pine,452.9
2026-07-30 22:43:34,Northern Owens Valley,Fish Springs At RR Flow,28.4
2026-07-30 22:43:34,Northern Owens Valley,Tinemaha Reservoir Outflow,474.2
2026-07-30 22:43:34,Northern Owens Valley,Bishop Creek Through Plant 6,99.6
2026-07-30 22:43:34,Northern Owens Valley,Bishop Creek Around Plant 6,8.4
2026-07-30 22:43:34,Southern Owens Valley,Tinemaha Reservoir Outflow,474.2
2026-07-30 22:43:34,Southern Owens Valley,Indep. Ck. At Junction Flow,9.5
2026-07-30 22:43:34,Southern Owens Valley,LAA at Alabama Flow,396.0
2026-07-30 22:43:34,Southern Owens Valley,Cottonwood Ck. At LAA Flow,0.0
2026-07-30 22:43:34,Southern Owens Valley,LAA at Cottonwood Flow,498.0
2026-07-30 22:43:34,Southern Owens Valley,Haiwee LAA #1 Current Flow,0.0
2026-07-30 22:43:34,Southern Owens Valley,Haiwee LAA #2 Current Flow,240.2
2026-07-30 22:43:34,Southern Owens Valley,Reinhackel Flow,3.0
2026-07-30 22:43:34,Southern Owens Valley,Lubkin Spillgate Outflow,0.0
2026-07-30 22:43:34,Southern Owens Valley,Cartago Spillgate Outflow,12.0
2026-07-30 22:43:34,Southern Owens Valley,Lone Pine Creek Flow,16.8
2026-07-30 22:43:34,Lower Owens River Project,LORP Intake Flow,80.0
2026-07-30 22:43:34,Lower Owens River Project,LORP at Mazourka Canyon Road,0.0
2026-07-30 22:43:34,Lower Owens River Project,LORP at Reinhackle Springs,74.0
2026-07-30 22:43:34,Lower Owens River Project,LORP Above Pumpstation,51.0
2026-07-30 22:43:34,Lower Owens River Project,LORP At Pump Station Discharge Flow,48.0
2026-07-30 22:43:34,Southern District,Haiwee LAA #2 Current Flow,240.2
2026-07-30 22:43:34,Southern District,Haiwee LAA #1 Current Flow,0.0
2026-07-30 22:43:34,Southern District,LAA #1 Flow at Fairmont Reservoir,419.2
2026-07-30 22:43:34,Southern District,LAA #2 Flow at Fairmont Res.,203.2
2026-07-30 22:43:34,Southern District,Bouquet Reservoir Inflow,58.6
2026-07-30 22:43:34,Southern District,Bouquet Reservoir Outflow,0.5
2026-07-30 22:43:34,Southern District,LAA #1 at Soledad Flow,273.0
2026-07-30 22:43:34,Southern District,LAA #2 at Soledad Flow,246.9
2026-07-30 22:43:35,Mono Basin,Mono Lk. Elevation,6382.4
2026-07-30 22:43:35,Mono Basin,Grant Lk. Elevation,7130.0
2026-07-30 22:43:35,Long Valley,Long Valley Elevation,6774.8
2026-07-30 22:43:35,Northern Owens Valley,Pleasant Valley Elevation,4386.2
2026-07-30 22:43:35,Southern Owens Valley,LAA at Alabama Level,7.8
2026-07-30 22:43:35,Southern Owens Valley,LAA at Alabama Water Temp,71.9
2026-07-30 22:43:35,Southern Owens Valley,LAA at Cottonwood Level,9.3
2026-07-30 22:43:35,Southern Owens Valley,LAA at Cotton. Water Temp,73.7
2026-07-30 22:43:35,Southern Owens Valley,N. Haiwee Elevation,3757.0
2026-07-30 22:43:35,Southern Owens Valley,S. Haiwee Reservoir Elevation,3728.7
2026-07-30 22:43:35,Southern District,S. Haiwee Reservoir Elevation,3728.7
2026-07-30 22:43:35,Southern District,Fairmont Reservoir Elevation,3025.8
2026-07-30 22:43:35,Southern District,Bouquet Reservoir Elevation,2982.0
2026-07-30 22:58:34,Northern Owens Valley,Tinemaha Elevation,3861.3
2026-07-30 22:58:34,Southern Owens Valley,Tinemaha Elevation,3861.3
2026-07-30 23:28:34,Northern Owens Valley,Tinemaha Elevation,3861.3
2026-07-30 23:28:34,Southern Owens Valley,Tinemaha Elevation,3861.3
2026-07-30 23:43:34,Mono Basin,Lee Vining Intake Above Flow,66.7
2026-07-30 23:43:34,Mono Basin,Lee Vining Intake Below Flow,36.3
2026-07-30 23:43:34,Mono Basin,Walker Ck. Above Conduit Flow,5.0
2026-07-30 23:43:34,Mono Basin,L.V. Conduit Below Intake Flow,26.1
2026-07-30 23:43:34,Mono Basin,Walker Ck. Under Conduit Flow,6.0
2026-07-30 23:43:34,Mono Basin,Parker Ck. Under Conduit Flow,16.0
2026-07-30 23:43:34,Mono Basin,Parker Ck. Above Conduit Flow,18.0
2026-07-30 23:43:34,Mono Basin,Grant Lk. Spill Flow,0.0
2026-07-30 23:43:34,Mono Basin,Mono Gate 1 Return Ditch Flow,33.1
2026-07-30 23:43:34,Mono Basin,Grant Lk. Outflow,32.0
2026-07-30 23:43:34,Mono Basin,Rush Ck. at Damsite Flow,59.1
2026-07-30 23:43:34,Mono Basin,Flow to West Portal,0.0
2026-07-30 23:43:34,Long Valley,East Portal Flow,12.0
2026-07-30 23:43:34,Long Valley,OR Below EP Flow,57.0
2026-07-30 23:43:34,Long Valley,Hot Ck.at Hwy. Flow,10.0
2026-07-30 23:43:34,Long Valley,McGee Ck. Lower Sta. Flow,7.6
2026-07-30 23:43:34,Long Valley,Long Valley Current Outflow,587.6
2026-07-30 23:43:34,Long Valley,Rock Ck. Div. Flow,0.5
2026-07-30 23:43:34,Long Valley,Upper Gorge Total Release,44.2
2026-07-30 23:43:34,Long Valley,Release at Middle Gorge,0.0
2026-07-30 23:43:34,Northern Owens Valley,Rock Ck. At Owens River (PV) Flow,27.5
2026-07-30 23:43:34,Northern Owens Valley,Pleasant Valley Outflow,422.6
2026-07-30 23:43:34,Northern Owens Valley,Baker Ck. At LA Station Flow,5.7
2026-07-30 23:43:34,Northern Owens Valley,Big Pine Ck. USGS Flow,54.1
2026-07-30 23:43:34,Northern Owens Valley,O.R. Below Big Pine,449.8
2026-07-30 23:43:34,Northern Owens Valley,Fish Springs At RR Flow,28.4
2026-07-30 23:43:34,Northern Owens Valley,Tinemaha Reservoir Outflow,473.3
2026-07-30 23:43:34,Northern Owens Valley,Bishop Creek Through Plant 6,96.8
2026-07-30 23:43:34,Northern Owens Valley,Bishop Creek Around Plant 6,8.3
2026-07-30 23:43:34,Southern Owens Valley,Tinemaha Reservoir Outflow,473.3
2026-07-30 23:43:34,Southern Owens Valley,Indep. Ck. At Junction Flow,9.5
2026-07-30 23:43:34,Southern Owens Valley,LAA at Alabama Flow,396.0
2026-07-30 23:43:34,Southern Owens Valley,LAA at Alabama Level,7.8
2026-07-30 23:43:34,Southern Owens Valley,LAA at Alabama Water Temp,71.9
2026-07-30 23:43:34,Southern Owens Valley,Cottonwood Ck. At LAA Flow,0.0
2026-07-30 23:43:34,Southern Owens Valley,LAA at Cottonwood Flow,498.0
2026-07-30 23:43:34,Southern Owens Valley,LAA at Cottonwood Level,9.3
2026-07-30 23:43:34,Southern Owens Valley,LAA at Cotton. Water Temp,73.5
2026-07-30 23:43:34,Southern Owens Valley,Haiwee LAA #1 Current Flow,0.0
2026-07-30 23:43:34,Southern Owens Valley,Haiwee LAA #2 Current Flow,240.2
2026-07-30 23:43:34,Southern Owens Valley,Reinhackel Flow,3.0
2026-07-30 23:43:34,Southern Owens Valley,Lubkin Spillgate Outflow,0.0
2026-07-30 23:43:34,Southern Owens Valley,Cartago Spillgate Outflow,11.9
2026-07-30 23:43:34,Southern Owens Valley,Lone Pine Creek Flow,17.0
2026-07-30 23:43:34,Lower Owens River Project,LORP Intake Flow,80.0
2026-07-30 23:43:34,Lower Owens River Project,LORP at Mazourka Canyon Road,0.0
2026-07-30 23:43:34,Lower Owens River Project,LORP at Reinhackle Springs,75.0
2026-07-30 23:43:34,Lower Owens River Project,LORP Above Pumpstation,51.0
2026-07-30 23:43:34,Lower Owens River Project,LORP At Pump Station Discharge Flow,48.0
2026-07-30 23:43:34,Southern District,Haiwee LAA #2 Current Flow,240.2
2026-07-30 23:43:34,Southern District,Haiwee LAA #1 Current Flow,0.0
2026-07-30 23:43:34,Southern District,LAA #1 Flow at Fairmont Reservoir,418.4
2026-07-30 23:43:34,Southern District,LAA #2 Flow at Fairmont Res.,205.2
2026-07-30 23:43:34,Southern District,Bouquet Reservoir Inflow,57.8
2026-07-30 23:43:34,Southern District,Bouquet Reservoir Outflow,0.5
2026-07-30 23:43:34,Southern District,LAA #1 at Soledad Flow,273.0
2026-07-30 23:43:34,Southern District,LAA #2 at Soledad Flow,246.9
2026-07-30 23:43:35,Mono Basin,Mono Lk. Elevation,6382.4
2026-07-30 23:43:35,Mono Basin,Grant Lk. Elevation,7130.0
2026-07-30 23:43:35,Long Valley,Long Valley Elevation,6774.8
2026-07-30 23:43:35,Northern Owens Valley,Pleasant Valley Elevation,4386.4
2026-07-30 23:43:35,Southern Owens Valley,N. Haiwee Elevation,3757.0
2026-07-30 23:43:35,Southern Owens Valley,S. Haiwee Reservoir Elevation,3728.7
2026-07-30 23:43:35,Southern District,S. Haiwee Reservoir Elevation,3728.7
2026-07-30 23:43:35,Southern District,Fairmont Reservoir Elevation,3025.8
2026-07-30 23:43:35,Southern District,Bouquet Reservoir Elevation,2982.1
2026-07-30 23:58:34,Northern Owens Valley,Tinemaha Elevation,3861.3
2026-07-30 23:58:34,Southern Owens Valley,Tinemaha Elevation,3861.3
