date,district,source,value
2026-09-26 04:28:04,Northern Owens Valley,Tinemaha Elevation,3860.8
2026-09-26 04:28:04,Southern Owens Valley,Tinemaha Elevation,3860.8
2026-09-26 04:58:04,Northern Owens Valley,Tinemaha Elevation,3860.8
2026-09-26 04:58:04,Southern Owens Valley,Tinemaha Elevation,3860.8
2026-09-26 05:28:04,Northern Owens Valley,Tinemaha Elevation,3860.8
2026-09-26 05:28:04,Southern Owens Valley,Tinemaha Elevation,3860.8
2026-09-26 05:58:04,Northern Owens Valley,Tinemaha Elevation,3860.8
2026-09-26 05:58:04,Southern Owens Valley,Tinemaha Elevation,3860.8
2026-09-26 06:28:05,Northern Owens Valley,Tinemaha Elevation,3860.8
2026-09-26 06:28:05,Southern Owens Valley,Tinemaha Elevation,3860.8
2026-09-26 06:58:04,Northern Owens Valley,Tinemaha Elevation,3860.8
2026-09-26 06:58:04,Southern Owens Valley,Tinemaha Elevation,3860.8
2026-09-26 07:28:04,Northern Owens Valley,Tinemaha Elevation,3860.8
2026-09-26 07:28:04,Southern Owens Valley,Tinemaha Elevation,3860.8
2026-09-26 07:58:04,Northern Owens Valley,Tinemaha Elevation,3860.8
2026-09-26 07:58:04,Southern Owens Valley,Tinemaha Elevation,3860.8
2026-09-26 08:28:04,Northern Owens Valley,Tinemaha Elevation,3860.8
2026-09-26 08:28:04,Southern Owens Valley,Tinemaha Elevation,3860.8
2026-09-26 08:58:04,Northern Owens Valley,Tinemaha Elevation,3860.8
2026-09-26 08:58:04,Southern Owens Valley,Tinemaha Elevation,3860.8
2026-09-26 09:28:04,Northern Owens Valley,Tinemaha Elevation,3860.8
2026-09-26 09:28:04,Southern Owens Valley,Tinemaha Elevation,3860.8
2026-09-26 09:58:04,Northern Owens Valley,Tinemaha Elevation,3860.8
2026-09-26 09:58:04,Southern Owens Valley,Tinemaha Elevation,3860.8
2026-09-26 10:13:03,Mono Basin,Lee Vining Intake Above Flow,36.7
2026-09-26 10:13:03,Mono Basin,Lee Vining Intake Below Flow,29.7
2026-09-26 10:13:03,Mono Basin,Walker Ck. Above Conduit Flow,2.0
2026-09-26 10:13:03,Mono Basin,L.V. Conduit Below Intake Flow,8.0
2026-09-26 10:13:03,Mono Basin,Walker Ck. Under Conduit Flow,2.0
2026-09-26 10:13:03,Mono Basin,Parker Ck. Under Conduit Flow,6.0
2026-09-26 10:13:03,Mono Basin,Parker Ck. Above Conduit Flow,6.0
2026-09-26 10:13:03,Mono Basin,Grant Lk. Spill Flow,0.0
2026-09-26 10:13:03,Mono Basin,Mono Gate 1 Return Ditch Flow,40.8
2026-09-26 10:13:03,Mono Basin,Grant Lk. Outflow,39.2
2026-09-26 10:13:03,Mono Basin,Rush Ck. at Damsite Flow,23.8
2026-09-26 10:13:03,Mono Basin,Flow to West Portal,0.0
2026-09-26 10:13:03,Long Valley,East Portal Flow,12.0
2026-09-26 10:13:03,Long Valley,OR Below EP Flow,58.0
2026-09-26 10:13:03,Long Valley,Hot Ck.at Hwy. Flow,4.0
2026-09-26 10:13:03,Long Valley,McGee Ck. Lower Sta. Flow,8.2
2026-09-26 10:13:03,Long Valley,Long Valley Current Outflow,0.1
2026-09-26 10:13:03,Long Valley,Rock Ck. Div. Flow,0.0
2026-09-26 10:13:03,Long Valley,Upper Gorge Total Release,36.2
2026-09-26 10:13:03,Long Valley,Release at Middle Gorge,0.0
2026-09-26 10:13:03,Northern Owens Valley,Rock Ck. At Owens River (PV) Flow,25.4
2026-09-26 10:13:03,Northern Owens Valley,Pleasant Valley Outflow,458.1
2026-09-26 10:13:03,Northern Owens Valley,Baker Ck. At LA Station Flow,6.2
2026-09-26 10:13:03,Northern Owens Valley,Big Pine Ck. USGS Flow,25.1
2026-09-26 10:13:03,Northern Owens Valley,O.R. Below Big Pine,443.2
2026-09-26 10:13:03,Northern Owens Valley,Fish Springs At RR Flow,36.6
2026-09-26 10:13:03,Northern Owens Valley,Tinemaha Reservoir Outflow,475.8
2026-09-26 10:13:03,Northern Owens Valley,Bishop Creek Through Plant 6,58.6
2026-09-26 10:13:03,Northern Owens Valley,Bishop Creek Around Plant 6,6.5
2026-09-26 10:13:03,Southern Owens Valley,Tinemaha Reservoir Outflow,475.8
2026-09-26 10:13:03,Southern Owens Valley,Indep. Ck. At Junction Flow,3.0
2026-09-26 10:13:03,Southern Owens Valley,LAA at Alabama Flow,386.0
2026-09-26 10:13:03,Southern Owens Valley,LAA at Alabama Water Temp,63.6
2026-09-26 10:13:03,Southern Owens Valley,Cottonwood Ck. At LAA Flow,2.0
2026-09-26 10:13:03,Southern Owens Valley,LAA at Cottonwood Flow,352.0
2026-09-26 10:13:03,Southern Owens Valley,LAA at Cotton. Water Temp,66.8
2026-09-26 10:13:03,Southern Owens Valley,Haiwee LAA #1 Current Flow,0.0
2026-09-26 10:13:03,Southern Owens Valley,Haiwee LAA #2 Current Flow,221.6
2026-09-26 10:13:03,Southern Owens Valley,Reinhackel Flow,2.9
2026-09-26 10:13:03,Southern Owens Valley,Lubkin Spillgate Outflow,56.4
2026-09-26 10:13:03,Southern Owens Valley,Cartago Spillgate Outflow,114.5
2026-09-26 10:13:03,Southern Owens Valley,Lone Pine Creek Flow,5.7
2026-09-26 10:13:03,Lower Owens River Project,LORP Intake Flow,80.0
2026-09-26 10:13:03,Lower Owens River Project,LORP at Mazourka Canyon Road,0.0
2026-09-26 10:13:03,Lower Owens River Project,LORP at Reinhackle Springs,67.0
2026-09-26 10:13:03,Lower Owens River Project,LORP Above Pumpstation,50.0
2026-09-26 10:13:03,Lower Owens River Project,LORP At Pump Station Discharge Flow,39.0
2026-09-26 10:13:03,Southern District,Haiwee LAA #2 Current Flow,221.6
2026-09-26 10:13:03,Southern District,Haiwee LAA #1 Current Flow,0.0
2026-09-26 10:13:03,Southern District,LAA #1 Flow at Fairmont Reservoir,180.8
2026-09-26 10:13:03,Southern District,LAA #2 Flow at Fairmont Res.,235.6
2026-09-26 10:13:03,Southern District,Bouquet Reservoir Inflow,58.9
2026-09-26 10:13:03,Southern District,Bouquet Reservoir Outflow,0.7
2026-09-26 10:13:03,Southern District,LAA #1 at Soledad Flow,126.8
2026-09-26 10:13:03,Southern District,LAA #2 at Soledad Flow,214.0
2026-09-26 10:13:04,Mono Basin,Mono Lk. Elevation,6381.7
2026-09-26 10:13:04,Mono Basin,Grant Lk. Elevation,7128.3
2026-09-26 10:13:04,Long Valley,Long Valley Elevation,6766.1
2026-09-26 10:13:04,Northern Owens Valley,Pleasant Valley Elevation,4384.5
2026-09-26 10:13:04,Southern Owens Valley,LAA at Alabama Level,7.7
2026-09-26 10:13:04,Southern Owens Valley,LAA at Cottonwood Level,7.8
2026-09-26 10:13:04,Southern Owens Valley,N. Haiwee Elevation,3756.3
2026-09-26 10:13:04,Southern Owens Valley,S. Haiwee Reservoir Elevation,3722.0
2026-09-26 10:13:04,Southern District,S. Haiwee Reservoir Elevation,3722.0
2026-09-26 10:13:04,Southern District,Fairmont Reservoir Elevation,3022.3
2026-09-26 10:13:04,Southern District,Bouquet Reservoir Elevation,2977.3
2026-09-26 10:28:03,Mono Basin,Lee Vining Intake Above Flow,36.7
2026-09-26 10:28:03,Mono Basin,Lee Vining Intake Below Flow,29.7
2026-09-26 10:28:03,Mono Basin,Walker Ck. Above Conduit Flow,2.0
2026-09-26 10:28:03,Mono Basin,L.V. Conduit Below Intake Flow,8.0
2026-09-26 10:28:03,Mono Basin,Walker Ck. Under Conduit Flow,2.0
2026-09-26 10:28:03,Mono Basin,Parker Ck. Under Conduit Flow,6.0
2026-09-26 10:28:03,Mono Basin,Parker Ck. Above Conduit Flow,6.0
2026-09-26 10:28:03,Mono Basin,Grant Lk. Spill Flow,0.0
2026-09-26 10:28:03,Mono Basin,Mono Gate 1 Return Ditch Flow,40.9
2026-09-26 10:28:03,Mono Basin,Grant Lk. Outflow,38.9
2026-09-26 10:28:03,Mono Basin,Rush Ck. at Damsite Flow,23.7
2026-09-26 10:28:03,Mono Basin,Flow to West Portal,0.0
2026-09-26 10:28:03,Long Valley,East Portal Flow,12.0
2026-09-26 10:28:03,Long Valley,OR Below EP Flow,58.0
2026-09-26 10:28:03,Long Valley,Hot Ck.at Hwy. Flow,4.0
2026-09-26 10:28:03,Long Valley,McGee Ck. Lower Sta. Flow,8.2
2026-09-26 10:28:03,Long Valley,Long Valley Current Outflow,0.1
2026-09-26 10:28:03,Long Valley,Rock Ck. Div. Flow,0.0
2026-09-26 10:28:03,Long Valley,Upper Gorge Total Release,37.1
2026-09-26 10:28:03,Long Valley,Release at Middle Gorge,0.0
2026-09-26 10:28:03,Northern Owens Valley,Rock Ck. At Owens River (PV) Flow,25.6
2026-09-26 10:28:03,Northern Owens Valley,Pleasant Valley Outflow,457.6
2026-09-26 10:28:03,Northern Owens Valley,Baker Ck. At LA Station Flow,6.2
2026-09-26 10:28:03,Northern Owens Valley,Big Pine Ck. USGS Flow,25.1
2026-09-26 10:28:03,Northern Owens Valley,O.R. Below Big Pine,443.5
2026-09-26 10:28:03,Northern Owens Valley,Fish Springs At RR Flow,36.6
2026-09-26 10:28:03,Northern Owens Valley,Tinemaha Reservoir Outflow,474.2
2026-09-26 10:28:03,Northern Owens Valley,Bishop Creek Through Plant 6,58.6
2026-09-26 10:28:03,Northern Owens Valley,Bishop Creek Around Plant 6,6.5
2026-09-26 10:28:03,Southern Owens Valley,Tinemaha Reservoir Outflow,474.2
2026-09-26 10:28:03,Southern Owens Valley,Indep. Ck. At Junction Flow,3.0
2026-09-26 10:28:03,Southern Owens Valley,LAA at Alabama Flow,386.0
2026-09-26 10:28:03,Southern Owens Valley,Cottonwood Ck. At LAA Flow,2.0
2026-09-26 10:28:03,Southern Owens Valley,LAA at Cottonwood Flow,352.0
2026-09-26 10:28:03,Southern Owens Valley,Haiwee LAA #1 Current Flow,0.0
2026-09-26 10:28:03,Southern Owens Valley,Haiwee LAA #2 Current Flow,221.6
2026-09-26 10:28:03,Southern Owens Valley,Reinhackel Flow,2.9
2026-09-26 10:28:03,Southern Owens Valley,Lubkin Spillgate Outflow,59.4
2026-09-26 10:28:03,Southern Owens Valley,Cartago Spillgate Outflow,117.8
2026-09-26 10:28:03,Southern Owens Valley,Lone Pine Creek Flow,5.7
2026-09-26 10:28:03,Lower Owens River Project,LORP Intake Flow,80.0
2026-09-26 10:28:03,Lower Owens River Project,LORP at Mazourka Canyon Road,0.0
2026-09-26 10:28:03,Lower Owens River Project,LORP at Reinhackle Springs,66.0
2026-09-26 10:28:03,Lower Owens River Project,LORP Above Pumpstation,50.0
2026-09-26 10:28:03,Lower Owens River Project,LORP At Pump Station Discharge Flow,39.0
2026-09-26 10:28:03,Southern District,Haiwee LAA #2 Current Flow,221.6
2026-09-26 10:28:03,Southern District,Haiwee LAA #1 Current Flow,0.0
2026-09-26 10:28:03,Southern District,LAA #1 Flow at Fairmont Reservoir,183.4
2026-09-26 10:28:03,Southern District,LAA #2 Flow at Fairmont Res.,235.6
2026-09-26 10:28:03,Southern District,Bouquet Reservoir Inflow,56.9
2026-09-26 10:28:03,Southern District,Bouquet Reservoir Outflow,0.7
2026-09-26 10:28:03,Southern District,LAA #1 at Soledad Flow,126.8
2026-09-26 10:28:03,Southern District,LAA #2 at Soledad Flow,212.4
2026-09-26 10:28:04,Mono Basin,Mono Lk. Elevation,6381.7
2026-09-26 10:28:04,Mono Basin,Grant Lk. Elevation,7128.3
2026-09-26 10:28:04,Long Valley,Long Valley Elevation,6766.1
2026-09-26 10:28:04,Northern Owens Valley,Pleasant Valley Elevation,4384.4
2026-09-26 10:28:04,Northern Owens Valley,Tinemaha Elevation,3860.8
2026-09-26 10:28:04,Southern Owens Valley,Tinemaha Elevation,3860.8
2026-09-26 10:28:04,Southern Owens Valley,LAA at Alabama Level,7.7
2026-09-26 10:28:04,Southern Owens Valley,LAA at Alabama Water Temp,63.8
2026-09-26 10:28:04,Southern Owens Valley,LAA at Cottonwood Level,7.8
2026-09-26 10:28:04,Southern Owens Valley,LAA at Cotton. Water Temp,66.8
2026-09-26 10:28:04,Southern Owens Valley,N. Haiwee Elevation,3756.3
2026-09-26 10:28:04,Southern Owens Valley,S. Haiwee Reservoir Elevation,3722.0
2026-09-26 10:28:04,Southern District,S. Haiwee Reservoir Elevation,3722.0
2026-09-26 10:28:04,Southern District,Fairmont Reservoir Elevation,3022.3
2026-09-26 10:28:04,Southern District,Bouquet Reservoir Elevation,2977.3
2026-09-26 10:43:03,Mono Basin,Lee Vining Intake Above Flow,36.5
2026-09-26 10:43:03,Mono Basin,Lee Vining Intake Below Flow,29.7
2026-09-26 10:43:03,Mono Basin,Walker Ck. Above Conduit Flow,2.0
2026-09-26 10:43:03,Mono Basin,L.V. Conduit Below Intake Flow,7.9
2026-09-26 10:43:03,Mono Basin,Walker Ck. Under Conduit Flow,2.0
2026-09-26 10:43:03,Mono Basin,Parker Ck. Under Conduit Flow,6.0
2026-09-26 10:43:03,Mono Basin,Parker Ck. Above Conduit Flow,6.0
2026-09-26 10:43:03,Mono Basin,Grant Lk. Spill Flow,0.0
2026-09-26 10:43:03,Mono Basin,Mono Gate 1 Return Ditch Flow,40.8
2026-09-26 10:43:03,Mono Basin,Grant Lk. Outflow,39.3
2026-09-26 10:43:03,Mono Basin,Rush Ck. at Damsite Flow,23.7
2026-09-26 10:43:03,Mono Basin,Flow to West Portal,0.0
2026-09-26 10:43:03,Long Valley,East Portal Flow,12.0
2026-09-26 10:43:03,Long Valley,OR Below EP Flow,58.0
2026-09-26 10:43:03,Long Valley,Hot Ck.at Hwy. Flow,4.0
2026-09-26 10:43:03,Long Valley,McGee Ck. Lower Sta. Flow,8.2
2026-09-26 10:43:03,Long Valley,Long Valley Current Outflow,0.1
2026-09-26 10:43:03,Long Valley,Rock Ck. Div. Flow,0.0
2026-09-26 10:43:03,Long Valley,Upper Gorge Total Release,35.5
2026-09-26 10:43:03,Long Valley,Release at Middle Gorge,0.0
2026-09-26 10:43:03,Northern Owens Valley,Rock Ck. At Owens River (PV) Flow,25.7
2026-09-26 10:43:03,Northern Owens Valley,Pleasant Valley Outflow,457.4
2026-09-26 10:43:03,Northern Owens Valley,Baker Ck. At LA Station Flow,6.2
2026-09-26 10:43:03,Northern Owens Valley,Big Pine Ck. USGS Flow,25.1
2026-09-26 10:43:03,Northern Owens Valley,O.R. Below Big Pine,443.8
2026-09-26 10:43:03,Northern Owens Valley,Fish Springs At RR Flow,36.6
2026-09-26 10:43:03,Northern Owens Valley,Tinemaha Reservoir Outflow,474.2
2026-09-26 10:43:03,Northern Owens Valley,Bishop Creek Through Plant 6,58.6
2026-09-26 10:43:03,Northern Owens Valley,Bishop Creek Around Plant 6,6.5
2026-09-26 10:43:03,Southern Owens Valley,Tinemaha Reservoir Outflow,474.2
2026-09-26 10:43:03,Southern Owens Valley,Indep. Ck. At Junction Flow,3.0
2026-09-26 10:43:03,Southern Owens Valley,LAA at Alabama Flow,386.0
2026-09-26 10:43:03,Southern Owens Valley,LAA at Alabama Level,7.7
2026-09-26 10:43:03,Southern Owens Valley,LAA at Alabama Water Temp,63.8
2026-09-26 10:43:03,Southern Owens Valley,Cottonwood Ck. At LAA Flow,2.0
2026-09-26 10:43:03,Southern Owens Valley,LAA at Cottonwood Flow,353.0
2026-09-26 10:43:03,Southern Owens Valley,LAA at Cottonwood Level,7.8
2026-09-26 10:43:03,Southern Owens Valley,LAA at Cotton. Water Temp,66.8
2026-09-26 10:43:03,Southern Owens Valley,Haiwee LAA #1 Current Flow,0.0
2026-09-26 10:43:03,Southern Owens Valley,Haiwee LAA #2 Current Flow,221.6
2026-09-26 10:43:03,Southern Owens Valley,Reinhackel Flow,2.9
2026-09-26 10:43:03,Southern Owens Valley,Lubkin Spillgate Outflow,55.6
2026-09-26 10:43:03,Southern Owens Valley,Cartago Spillgate Outflow,115.7
2026-09-26 10:43:03,Southern Owens Valley,Lone Pine Creek Flow,5.7
2026-09-26 10:43:03,Lower Owens River Project,LORP Intake Flow,80.0
2026-09-26 10:43:03,Lower Owens River Project,LORP at Mazourka Canyon Road,0.0
2026-09-26 10:43:03,Lower Owens River Project,LORP at Reinhackle Springs,66.0
2026-09-26 10:43:03,Lower Owens River Project,LORP Above Pumpstation,51.0
2026-09-26 10:43:03,Lower Owens River Project,LORP At Pump Station Discharge Flow,39.0
2026-09-26 10:43:03,Southern District,Haiwee LAA #2 Current Flow,221.6
2026-09-26 10:43:03,Southern District,Haiwee LAA #1 Current Flow,0.0
2026-09-26 10:43:03,Southern District,LAA #1 Flow at Fairmont Reservoir,181.5
2026-09-26 10:43:03,Southern District,LAA #2 Flow at Fairmont Res.,235.6
2026-09-26 10:43:03,Southern District,Bouquet Reservoir Inflow,56.5
2026-09-26 10:43:03,Southern District,Bouquet Reservoir Outflow,0.7
2026-09-26 10:43:03,Southern District,LAA #1 at Soledad Flow,130.1
2026-09-26 10:43:03,Southern District,LAA #2 at Soledad Flow,212.4
2026-09-26 10:43:04,Mono Basin,Mono Lk. Elevation,6381.7
2026-09-26 10:43:04,Mono Basin,Grant Lk. Elevation,7128.3
2026-09-26 10:43:04,Long Valley,Long Valley Elevation,6766.1
2026-09-26 10:43:04,Northern Owens Valley,Pleasant Valley Elevation,4384.3
2026-09-26 10:43:04,Southern Owens Valley,N. Haiwee Elevation,3756.3
2026-09-26 10:43:04,Southern Owens Valley,S. Haiwee Reservoir Elevation,3721.9
2026-09-26 10:43:04,Southern District,S. Haiwee Reservoir Elevation,3721.9
2026-09-26 10:43:04,Southern District,Fairmont Reservoir Elevation,3022.3
2026-09-26 10:43:04,Southern District,Bouquet Reservoir Elevation,2977.3
2026-09-26 10:58:03,Mono Basin,Lee Vining Intake Above Flow,36.5
2026-09-26 10:58:03,Mono Basin,Lee Vining Intake Below Flow,29.7
2026-09-26 10:58:03,Mono Basin,Walker Ck. Above Conduit Flow,2.0
2026-09-26 10:58:03,Mono Basin,L.V. Conduit Below Intake Flow,7.9
2026-09-26 10:58:03,Mono Basin,Walker Ck. Under Conduit Flow,2.0
2026-09-26 10:58:03,Mono Basin,Parker Ck. Under Conduit Flow,6.0
2026-09-26 10:58:03,Mono Basin,Parker Ck. Above Conduit Flow,6.0
2026-09-26 10:58:03,Mono Basin,Grant Lk. Spill Flow,0.0
2026-09-26 10:58:03,Mono Basin,Mono Gate 1 Return Ditch Flow,40.8
2026-09-26 10:58:03,Mono Basin,Grant Lk. Outflow,39.3
2026-09-26 10:58:03,Mono Basin,Rush Ck. at Damsite Flow,23.7
2026-09-26 10:58:03,Mono Basin,Flow to West Portal,0.0
2026-09-26 10:58:03,Long Valley,East Portal Flow,12.0
2026-09-26 10:58:03,Long Valley,OR Below EP Flow,58.0
2026-09-26 10:58:03,Long Valley,Hot Ck.at Hwy. Flow,4.0
2026-09-26 10:58:03,Long Valley,McGee Ck. Lower Sta. Flow,8.2
2026-09-26 10:58:03,Long Valley,Long Valley Current Outflow,0.1
2026-09-26 10:58:03,Long Valley,Rock Ck. Div. Flow,0.0
2026-09-26 10:58:03,Long Valley,Upper Gorge Total Release,35.1
2026-09-26 10:58:03,Long Valley,Release at Middle Gorge,0.0
2026-09-26 10:58:03,Northern Owens Valley,Rock Ck. At Owens River (PV) Flow,25.8
2026-09-26 10:58:03,Northern Owens Valley,Pleasant Valley Outflow,458.1
2026-09-26 10:58:03,Northern Owens Valley,Baker Ck. At LA Station Flow,6.2
2026-09-26 10:58:03,Northern Owens Valley,Big Pine Ck. USGS Flow,25.1
2026-09-26 10:58:03,Northern Owens Valley,O.R. Below Big Pine,444.0
2026-09-26 10:58:03,Northern Owens Valley,Fish Springs At RR Flow,36.6
2026-09-26 10:58:03,Northern Owens Valley,Tinemaha Reservoir Outflow,474.2
2026-09-26 10:58:03,Northern Owens Valley,Bishop Creek Through Plant 6,58.6
2026-09-26 10:58:03,Northern Owens Valley,Bishop Creek Around Plant 6,6.5
2026-09-26 10:58:03,Southern Owens Valley,Tinemaha Reservoir Outflow,474.2
2026-09-26 10:58:03,Southern Owens Valley,Indep. Ck. At Junction Flow,3.0
2026-09-26 10:58:03,Southern Owens Valley,LAA at Alabama Flow,386.0
2026-09-26 10:58:03,Southern Owens Valley,LAA at Alabama Level,7.7
2026-09-26 10:58:03,Southern Owens Valley,LAA at Alabama Water Temp,64.2
2026-09-26 10:58:03,Southern Owens Valley,Cottonwood Ck. At LAA Flow,1.0
2026-09-26 10:58:03,Southern Owens Valley,LAA at Cottonwood Flow,353.0
2026-09-26 10:58:03,Southern Owens Valley,LAA at Cottonwood Level,7.8
2026-09-26 10:58:03,Southern Owens Valley,LAA at Cotton. Water Temp,66.8
2026-09-26 10:58:03,Southern Owens Valley,Haiwee LAA #1 Current Flow,0.0
2026-09-26 10:58:03,Southern Owens Valley,Haiwee LAA #2 Current Flow,221.6
2026-09-26 10:58:03,Southern Owens Valley,Reinhackel Flow,2.9
2026-09-26 10:58:03,Southern Owens Valley,Lubkin Spillgate Outflow,55.6
2026-09-26 10:58:03,Southern Owens Valley,Cartago Spillgate Outflow,103.3
2026-09-26 10:58:03,Southern Owens Valley,Lone Pine Creek Flow,5.7
2026-09-26 10:58:03,Lower Owens River Project,LORP Intake Flow,80.0
2026-09-26 10:58:03,Lower Owens River Project,LORP at Mazourka Canyon Road,0.0
2026-09-26 10:58:03,Lower Owens River Project,LORP at Reinhackle Springs,66.0
2026-09-26 10:58:03,Lower Owens River Project,LORP Above Pumpstation,50.0
2026-09-26 10:58:03,Lower Owens River Project,LORP At Pump Station Discharge Flow,39.0
2026-09-26 10:58:03,Southern District,Haiwee LAA #2 Current Flow,221.6
2026-09-26 10:58:03,Southern District,Haiwee LAA #1 Current Flow,0.0
2026-09-26 10:58:03,Southern District,LAA #1 Flow at Fairmont Reservoir,182.6
2026-09-26 10:58:03,Southern District,LAA #2 Flow at Fairmont Res.,235.6
2026-09-26 10:58:03,Southern District,Bouquet Reservoir Inflow,55.3
2026-09-26 10:58:03,Southern District,Bouquet Reservoir Outflow,0.7
2026-09-26 10:58:03,Southern District,LAA #1 at Soledad Flow,131.6
2026-09-26 10:58:03,Southern District,LAA #2 at Soledad Flow,212.4
2026-09-26 10:58:04,Mono Basin,Mono Lk. Elevation,6381.7
2026-09-26 10:58:04,Mono Basin,Grant Lk. Elevation,7128.3
2026-09-26 10:58:04,Long Valley,Long Valley Elevation,6766.1
2026-09-26 10:58:04,Northern Owens Valley,Pleasant Valley Elevation,4384.3
2026-09-26 10:58:04,Northern Owens Valley,Tinemaha Elevation,3860.8
2026-09-26 10:58:04,Southern Owens Valley,Tinemaha Elevation,3860.8
2026-09-26 10:58:04,Southern Owens Valley,N. Haiwee Elevation,3756.3
2026-09-26 10:58:04,Southern Owens Valley,S. Haiwee Reservoir Elevation,3721.9
2026-09-26 10:58:04,Southern District,S. Haiwee Reservoir Elevation,3721.9
2026-09-26 10:58:04,Southern District,Fairmont Reservoir Elevation,3022.3
2026-09-26 10:58:04,Southern District,Bouquet Reservoir Elevation,2977.3
2026-09-26 11:13:03,Mono Basin,Lee Vining Intake Above Flow,36.1
2026-09-26 11:13:03,Mono Basin,Lee Vining Intake Below Flow,29.8
2026-09-26 11:13:03,Mono Basin,Walker Ck. Above Conduit Flow,2.0
2026-09-26 11:13:03,Mono Basin,L.V. Conduit Below Intake Flow,7.9
2026-09-26 11:13:03,Mono Basin,Walker Ck. Under Conduit Flow,2.0
2026-09-26 11:13:03,Mono Basin,Parker Ck. Under Conduit Flow,6.0
2026-09-26 11:13:03,Mono Basin,Parker Ck. Above Conduit Flow,6.0
2026-09-26 11:13:03,Mono Basin,Grant Lk. Spill Flow,0.0
2026-09-26 11:13:03,Mono Basin,Mono Gate 1 Return Ditch Flow,40.8
2026-09-26 11:13:03,Mono Basin,Grant Lk. Outflow,39.3
2026-09-26 11:13:03,Mono Basin,Rush Ck. at Damsite Flow,23.7
2026-09-26 11:13:03,Mono Basin,Flow to West Portal,0.0
2026-09-26 11:13:03,Long Valley,East Portal Flow,12.0
2026-09-26 11:13:03,Long Valley,OR Below EP Flow,58.0
2026-09-26 11:13:03,Long Valley,Hot Ck.at Hwy. Flow,4.0
2026-09-26 11:13:03,Long Valley,McGee Ck. Lower Sta. Flow,8.2
2026-09-26 11:13:03,Long Valley,Long Valley Current Outflow,0.1
2026-09-26 11:13:03,Long Valley,Rock Ck. Div. Flow,0.0
2026-09-26 11:13:03,Long Valley,Upper Gorge Total Release,35.5
2026-09-26 11:13:03,Long Valley,Release at Middle Gorge,0.0
2026-09-26 11:13:03,Northern Owens Valley,Rock Ck. At Owens River (PV) Flow,25.8
2026-09-26 11:13:03,Northern Owens Valley,Pleasant Valley Outflow,456.5
2026-09-26 11:13:03,Northern Owens Valley,Baker Ck. At LA Station Flow,6.2
2026-09-26 11:13:03,Northern Owens Valley,Big Pine Ck. USGS Flow,25.1
2026-09-26 11:13:03,Northern Owens Valley,O.R. Below Big Pine,444.0
2026-09-26 11:13:03,Northern Owens Valley,Fish Springs At RR Flow,36.6
2026-09-26 11:13:03,Northern Owens Valley,Tinemaha Reservoir Outflow,474.2
2026-09-26 11:13:03,Northern Owens Valley,Bishop Creek Through Plant 6,58.6
2026-09-26 11:13:03,Northern Owens Valley,Bishop Creek Around Plant 6,6.5
2026-09-26 11:13:03,Southern Owens Valley,Tinemaha Reservoir Outflow,474.2
2026-09-26 11:13:03,Southern Owens Valley,Indep. Ck. At Junction Flow,3.0
2026-09-26 11:13:03,Southern Owens Valley,LAA at Alabama Flow,386.0
2026-09-26 11:13:03,Southern Owens Valley,LAA at Alabama Level,7.7
2026-09-26 11:13:03,Southern Owens Valley,LAA at Alabama Water Temp,64.2
2026-09-26 11:13:03,Southern Owens Valley,Cottonwood Ck. At LAA Flow,1.0
2026-09-26 11:13:03,Southern Owens Valley,LAA at Cottonwood Flow,353.0
2026-09-26 11:13:03,Southern Owens Valley,LAA at Cottonwood Level,7.8
2026-09-26 11:13:03,Southern Owens Valley,LAA at Cotton. Water Temp,66.9
2026-09-26 11:13:03,Southern Owens Valley,Haiwee LAA #1 Current Flow,0.0
2026-09-26 11:13:03,Southern Owens Valley,Haiwee LAA #2 Current Flow,221.6
2026-09-26 11:13:03,Southern Owens Valley,Reinhackel Flow,2.9
2026-09-26 11:13:03,Southern Owens Valley,Lubkin Spillgate Outflow,51.7
2026-09-26 11:13:03,Southern Owens Valley,Cartago Spillgate Outflow,89.0
2026-09-26 11:13:03,Southern Owens Valley,Lone Pine Creek Flow,5.6
2026-09-26 11:13:03,Lower Owens River Project,LORP Intake Flow,80.0
2026-09-26 11:13:03,Lower Owens River Project,LORP at Mazourka Canyon Road,0.0
2026-09-26 11:13:03,Lower Owens River Project,LORP at Reinhackle Springs,66.0
2026-09-26 11:13:03,Lower Owens River Project,LORP Above Pumpstation,57.0
2026-09-26 11:13:03,Lower Owens River Project,LORP At Pump Station Discharge Flow,46.0
2026-09-26 11:13:03,Southern District,Haiwee LAA #2 Current Flow,221.6
2026-09-26 11:13:03,Southern District,Haiwee LAA #1 Current Flow,0.0
2026-09-26 11:13:03,Southern District,LAA #1 Flow at Fairmont Reservoir,182.9
2026-09-26 11:13:03,Southern District,LAA #2 Flow at Fairmont Res.,235.6
2026-09-26 11:13:03,Southern District,Bouquet Reservoir Inflow,55.7
2026-09-26 11:13:03,Southern District,Bouquet Reservoir Outflow,0.7
2026-09-26 11:13:03,Southern District,LAA #1 at Soledad Flow,131.6
2026-09-26 11:13:03,Southern District,LAA #2 at Soledad Flow,212.4
2026-09-26 11:13:04,Mono Basin,Mono Lk. Elevation,6381.7
2026-09-26 11:13:04,Mono Basin,Grant Lk. Elevation,7128.3
2026-09-26 11:13:04,Long Valley,Long Valley Elevation,6766.1
2026-09-26 11:13:04,Northern Owens Valley,Pleasant Valley Elevation,4384.2
2026-09-26 11:13:04,Southern Owens Valley,N. Haiwee Elevation,3756.3
2026-09-26 11:13:04,Southern Owens Valley,S. Haiwee Reservoir Elevation,3721.9
2026-09-26 11:13:04,Southern District,S. Haiwee Reservoir Elevation,3721.9
2026-09-26 11:13:04,Southern District,Fairmont Reservoir Elevation,3022.3
2026-09-26 11:13:04,Southern District,Bouquet Reservoir Elevation,2977.3
2026-09-26 11:28:03,Mono Basin,Lee Vining Intake Above Flow,36.1
2026-09-26 11:28:03,Mono Basin,Lee Vining Intake Below Flow,29.8
2026-09-26 11:28:03,Mono Basin,Walker Ck. Above Conduit Flow,2.0
2026-09-26 11:28:03,Mono Basin,L.V. Conduit Below Intake Flow,7.9
2026-09-26 11:28:03,Mono Basin,Walker Ck. Under Conduit Flow,2.0
2026-09-26 11:28:03,Mono Basin,Parker Ck. Under Conduit Flow,6.0
2026-09-26 11:28:03,Mono Basin,Parker Ck. Above Conduit Flow,6.0
2026-09-26 11:28:03,Mono Basin,Grant Lk. Spill Flow,0.0
2026-09-26 11:28:03,Mono Basin,Mono Gate 1 Return Ditch Flow,40.8
2026-09-26 11:28:03,Mono Basin,Grant Lk. Outflow,39.3
2026-09-26 11:28:03,Mono Basin,Rush Ck. at Damsite Flow,23.7
2026-09-26 11:28:03,Mono Basin,Flow to West Portal,0.0
2026-09-26 11:28:03,Long Valley,East Portal Flow,12.0
2026-09-26 11:28:03,Long Valley,OR Below EP Flow,58.0
2026-09-26 11:28:03,Long Valley,Hot Ck.at Hwy. Flow,4.0
2026-09-26 11:28:03,Long Valley,McGee Ck. Lower Sta. Flow,8.2
2026-09-26 11:28:03,Long Valley,Long Valley Current Outflow,0.1
2026-09-26 11:28:03,Long Valley,Rock Ck. Div. Flow,0.0
2026-09-26 11:28:03,Long Valley,Upper Gorge Total Release,34.9
2026-09-26 11:28:03,Long Valley,Release at Middle Gorge,0.0
2026-09-26 11:28:03,Northern Owens Valley,Rock Ck. At Owens River (PV) Flow,25.8
2026-09-26 11:28:03,Northern Owens Valley,Pleasant Valley Outflow,457.5
2026-09-26 11:28:03,Northern Owens Valley,Baker Ck. At LA Station Flow,6.2
2026-09-26 11:28:03,Northern Owens Valley,Big Pine Ck. USGS Flow,25.1
2026-09-26 11:28:03,Northern Owens Valley,O.R. Below Big Pine,443.2
2026-09-26 11:28:03,Northern Owens Valley,Fish Springs At RR Flow,36.6
2026-09-26 11:28:03,Northern Owens Valley,Tinemaha Reservoir Outflow,475.8
2026-09-26 11:28:03,Northern Owens Valley,Bishop Creek Through Plant 6,58.6
2026-09-26 11:28:03,Northern Owens Valley,Bishop Creek Around Plant 6,6.5
2026-09-26 11:28:03,Southern Owens Valley,Tinemaha Reservoir Outflow,475.8
2026-09-26 11:28:03,Southern Owens Valley,Indep. Ck. At Junction Flow,3.0
2026-09-26 11:28:03,Southern Owens Valley,LAA at Alabama Flow,386.0
2026-09-26 11:28:03,Southern Owens Valley,LAA at Alabama Level,7.7
2026-09-26 11:28:03,Southern Owens Valley,LAA at Alabama Water Temp,64.2
2026-09-26 11:28:03,Southern Owens Valley,Cottonwood Ck. At LAA Flow,1.0
2026-09-26 11:28:03,Southern Owens Valley,LAA at Cottonwood Flow,353.0
2026-09-26 11:28:03,Southern Owens Valley,LAA at Cottonwood Level,7.8
2026-09-26 11:28:03,Southern Owens Valley,LAA at Cotton. Water Temp,66.9
2026-09-26 11:28:03,Southern Owens Valley,Haiwee LAA #1 Current Flow,0.0
2026-09-26 11:28:03,Southern Owens Valley,Haiwee LAA #2 Current Flow,221.6
2026-09-26 11:28:03,Southern Owens Valley,Reinhackel Flow,2.9
2026-09-26 11:28:03,Southern Owens Valley,Lubkin Spillgate Outflow,51.7
2026-09-26 11:28:03,Southern Owens Valley,Cartago Spillgate Outflow,90.3
2026-09-26 11:28:03,Southern Owens Valley,Lone Pine Creek Flow,5.6
2026-09-26 11:28:03,Lower Owens River Project,LORP Intake Flow,80.0
2026-09-26 11:28:03,Lower Owens River Project,LORP at Mazourka Canyon Road,0.0
2026-09-26 11:28:03,Lower Owens River Project,LORP at Reinhackle Springs,63.0
2026-09-26 11:28:03,Lower Owens River Project,LORP Above Pumpstation,58.0
2026-09-26 11:28:03,Lower Owens River Project,LORP At Pump Station Discharge Flow,48.0
2026-09-26 11:28:03,Southern District,Haiwee LAA #2 Current Flow,221.6
2026-09-26 11:28:03,Southern District,Haiwee LAA #1 Current Flow,0.0
2026-09-26 11:28:03,Southern District,LAA #1 Flow at Fairmont Reservoir,182.3
2026-09-26 11:28:03,Southern District,LAA #2 Flow at Fairmont Res.,235.6
2026-09-26 11:28:03,Southern District,Bouquet Reservoir Inflow,55.6
2026-09-26 11:28:03,Southern District,Bouquet Reservoir Outflow,0.7
2026-09-26 11:28:03,Southern District,LAA #1 at Soledad Flow,131.6
2026-09-26 11:28:03,Southern District,LAA #2 at Soledad Flow,212.4
2026-09-26 11:28:04,Mono Basin,Mono Lk. Elevation,6381.7
2026-09-26 11:28:04,Mono Basin,Grant Lk. Elevation,7128.3
2026-09-26 11:28:04,Long Valley,Long Valley Elevation,6766.1
2026-09-26 11:28:04,Northern Owens Valley,Pleasant Valley Elevation,4384.1
2026-09-26 11:28:04,Northern Owens Valley,Tinemaha Elevation,3860.8
2026-09-26 11:28:04,Southern Owens Valley,Tinemaha Elevation,3860.8
2026-09-26 11:28:04,Southern Owens Valley,N. Haiwee Elevation,3756.3
2026-09-26 11:28:04,Southern Owens Valley,S. Haiwee Reservoir Elevation,3721.9
2026-09-26 11:28:04,Southern District,S. Haiwee Reservoir Elevation,3721.9
2026-09-26 11:28:04,Southern District,Fairmont Reservoir Elevation,3022.3
2026-09-26 11:28:04,Southern District,Bouquet Reservoir Elevation,2977.3
2026-09-26 11:43:03,Mono Basin,Lee Vining Intake Above Flow,36.5
2026-09-26 11:43:03,Mono Basin,Lee Vining Intake Below Flow,29.7
2026-09-26 11:43:03,Mono Basin,Walker Ck. Above Conduit Flow,2.0
2026-09-26 11:43:03,Mono Basin,L.V. Conduit Below Intake Flow,7.8
2026-09-26 11:43:03,Mono Basin,Walker Ck. Under Conduit Flow,2.0
2026-09-26 11:43:03,Mono Basin,Parker Ck. Under Conduit Flow,6.0
2026-09-26 11:43:03,Mono Basin,Parker Ck. Above Conduit Flow,6.0
2026-09-26 11:43:03,Mono Basin,Grant Lk. Spill Flow,0.0
2026-09-26 11:43:03,Mono Basin,Mono Gate 1 Return Ditch Flow,40.8
2026-09-26 11:43:03,Mono Basin,Grant Lk. Outflow,39.3
2026-09-26 11:43:03,Mono Basin,Rush Ck. at Damsite Flow,23.7
2026-09-26 11:43:03,Mono Basin,Flow to West Portal,0.0
2026-09-26 11:43:03,Long Valley,East Portal Flow,12.0
2026-09-26 11:43:03,Long Valley,OR Below EP Flow,58.0
2026-09-26 11:43:03,Long Valley,Hot Ck.at Hwy. Flow,4.0
2026-09-26 11:43:03,Long Valley,McGee Ck. Lower Sta. Flow,8.2
2026-09-26 11:43:03,Long Valley,Long Valley Current Outflow,0.1
2026-09-26 11:43:03,Long Valley,Rock Ck. Div. Flow,0.0
2026-09-26 11:43:03,Long Valley,Upper Gorge Total Release,36.4
2026-09-26 11:43:03,Long Valley,Release at Middle Gorge,0.0
2026-09-26 11:43:03,Northern Owens Valley,Rock Ck. At Owens River (PV) Flow,25.8
2026-09-26 11:43:03,Northern Owens Valley,Pleasant Valley Outflow,456.6
2026-09-26 11:43:03,Northern Owens Valley,Baker Ck. At LA Station Flow,6.2
2026-09-26 11:43:03,Northern Owens Valley,Big Pine Ck. USGS Flow,25.1
2026-09-26 11:43:03,Northern Owens Valley,O.R. Below Big Pine,443.5
2026-09-26 11:43:03,Northern Owens Valley,Fish Springs At RR Flow,36.6
2026-09-26 11:43:03,Northern Owens Valley,Tinemaha Reservoir Outflow,475.8
2026-09-26 11:43:03,Northern Owens Valley,Bishop Creek Through Plant 6,58.6
2026-09-26 11:43:03,Northern Owens Valley,Bishop Creek Around Plant 6,6.5
2026-09-26 11:43:03,Southern Owens Valley,Tinemaha Reservoir Outflow,475.8
2026-09-26 11:43:03,Southern Owens Valley,Indep. Ck. At Junction Flow,3.0
2026-09-26 11:43:03,Southern Owens Valley,LAA at Alabama Flow,386.0
2026-09-26 11:43:03,Southern Owens Valley,LAA at Alabama Level,7.7
2026-09-26 11:43:03,Southern Owens Valley,LAA at Alabama Water Temp,64.2
2026-09-26 11:43:03,Southern Owens Valley,Cottonwood Ck. At LAA Flow,1.0
2026-09-26 11:43:03,Southern Owens Valley,LAA at Cottonwood Flow,353.0
2026-09-26 11:43:03,Southern Owens Valley,LAA at Cottonwood Level,7.8
2026-09-26 11:43:03,Southern Owens Valley,LAA at Cotton. Water Temp,66.9
2026-09-26 11:43:03,Southern Owens Valley,N. Haiwee Elevation,3756.3
2026-09-26 11:43:03,Southern Owens Valley,Haiwee LAA #1 Current Flow,0.0
2026-09-26 11:43:03,Southern Owens Valley,Haiwee LAA #2 Current Flow,221.6
2026-09-26 11:43:03,Southern Owens Valley,Reinhackel Flow,2.9
2026-09-26 11:43:03,Southern Owens Valley,Lubkin Spillgate Outflow,40.9
2026-09-26 11:43:03,Southern Owens Valley,Cartago Spillgate Outflow,83.6
2026-09-26 11:43:03,Southern Owens Valley,Lone Pine Creek Flow,5.7
2026-09-26 11:43:03,Lower Owens River Project,LORP Intake Flow,80.0
2026-09-26 11:43:03,Lower Owens River Project,LORP at Mazourka Canyon Road,0.0
2026-09-26 11:43:03,Lower Owens River Project,LORP at Reinhackle Springs,63.0
2026-09-26 11:43:03,Lower Owens River Project,LORP Above Pumpstation,58.0
2026-09-26 11:43:03,Lower Owens River Project,LORP At Pump Station Discharge Flow,47.0
2026-09-26 11:43:03,Southern District,Haiwee LAA #2 Current Flow,221.6
2026-09-26 11:43:03,Southern District,Haiwee LAA #1 Current Flow,0.0
2026-09-26 11:43:03,Southern District,LAA #1 Flow at Fairmont Reservoir,181.1
2026-09-26 11:43:03,Southern District,LAA #2 Flow at Fairmont Res.,235.6
2026-09-26 11:43:03,Southern District,Bouquet Reservoir Inflow,50.6
2026-09-26 11:43:03,Southern District,Bouquet Reservoir Outflow,0.7
2026-09-26 11:43:03,Southern District,LAA #1 at Soledad Flow,131.6
2026-09-26 11:43:03,Southern District,LAA #2 at Soledad Flow,212.4
2026-09-26 11:43:04,Mono Basin,Mono Lk. Elevation,6381.7
2026-09-26 11:43:04,Mono Basin,Grant Lk. Elevation,7128.3
2026-09-26 11:43:04,Long Valley,Long Valley Elevation,6766.1
2026-09-26 11:43:04,Northern Owens Valley,Pleasant Valley Elevation,4384.0
2026-09-26 11:43:04,Southern Owens Valley,S. Haiwee Reservoir Elevation,3721.9
2026-09-26 11:43:04,Southern District,S. Haiwee Reservoir Elevation,3721.9
2026-09-26 11:43:04,Southern District,Fairmont Reservoir Elevation,3022.3
2026-09-26 11:43:04,Southern District,Bouquet Reservoir Elevation,2977.3
2026-09-26 11:58:03,Mono Basin,Lee Vining Intake Above Flow,36.5
2026-09-26 11:58:03,Mono Basin,Lee Vining Intake Below Flow,29.7
2026-09-26 11:58:03,Mono Basin,Walker Ck. Above Conduit Flow,2.0
2026-09-26 11:58:03,Mono Basin,L.V. Conduit Below Intake Flow,7.8
2026-09-26 11:58:03,Mono Basin,Walker Ck. Under Conduit Flow,2.0
2026-09-26 11:58:03,Mono Basin,Parker Ck. Under Conduit Flow,6.0
2026-09-26 11:58:03,Mono Basin,Parker Ck. Above Conduit Flow,6.0
2026-09-26 11:58:03,Mono Basin,Grant Lk. Spill Flow,0.0
2026-09-26 11:58:03,Mono Basin,Mono Gate 1 Return Ditch Flow,40.8
2026-09-26 11:58:03,Mono Basin,Grant Lk. Outflow,39.3
2026-09-26 11:58:03,Mono Basin,Rush Ck. at Damsite Flow,23.7
2026-09-26 11:58:03,Mono Basin,Flow to West Portal,0.0
2026-09-26 11:58:03,Long Valley,East Portal Flow,12.0
2026-09-26 11:58:03,Long Valley,OR Below EP Flow,58.0
2026-09-26 11:58:03,Long Valley,Hot Ck.at Hwy. Flow,4.0
2026-09-26 11:58:03,Long Valley,McGee Ck. Lower Sta. Flow,8.2
2026-09-26 11:58:03,Long Valley,Long Valley Current Outflow,0.1
2026-09-26 11:58:03,Long Valley,Rock Ck. Div. Flow,0.0
2026-09-26 11:58:03,Long Valley,Upper Gorge Total Release,36.2
2026-09-26 11:58:03,Long Valley,Release at Middle Gorge,0.0
2026-09-26 11:58:03,Northern Owens Valley,Rock Ck. At Owens River (PV) Flow,25.8
2026-09-26 11:58:03,Northern Owens Valley,Pleasant Valley Outflow,456.2
2026-09-26 11:58:03,Northern Owens Valley,Baker Ck. At LA Station Flow,6.2
2026-09-26 11:58:03,Northern Owens Valley,Big Pine Ck. USGS Flow,25.1
2026-09-26 11:58:03,Northern Owens Valley,O.R. Below Big Pine,443.6
2026-09-26 11:58:03,Northern Owens Valley,Fish Springs At RR Flow,36.6
2026-09-26 11:58:03,Northern Owens Valley,Tinemaha Reservoir Outflow,475.8
2026-09-26 11:58:03,Northern Owens Valley,Bishop Creek Through Plant 6,58.6
2026-09-26 11:58:03,Northern Owens Valley,Bishop Creek Around Plant 6,6.5
2026-09-26 11:58:03,Southern Owens Valley,Tinemaha Reservoir Outflow,475.8
2026-09-26 11:58:03,Southern Owens Valley,Indep. Ck. At Junction Flow,3.0
2026-09-26 11:58:03,Southern Owens Valley,LAA at Alabama Flow,386.0
2026-09-26 11:58:03,Southern Owens Valley,LAA at Alabama Level,7.7
2026-09-26 11:58:03,Southern Owens Valley,LAA at Alabama Water Temp,64.7
2026-09-26 11:58:03,Southern Owens Valley,Cottonwood Ck. At LAA Flow,1.0
2026-09-26 11:58:03,Southern Owens Valley,LAA at Cottonwood Flow,353.0
2026-09-26 11:58:03,Southern Owens Valley,LAA at Cottonwood Level,7.8
2026-09-26 11:58:03,Southern Owens Valley,LAA at Cotton. Water Temp,66.9
2026-09-26 11:58:03,Southern Owens Valley,Haiwee LAA #1 Current Flow,0.0
2026-09-26 11:58:03,Southern Owens Valley,Haiwee LAA #2 Current Flow,221.6
2026-09-26 11:58:03,Southern Owens Valley,Reinhackel Flow,2.9
2026-09-26 11:58:03,Southern Owens Valley,Lubkin Spillgate Outflow,40.9
2026-09-26 11:58:03,Southern Owens Valley,Cartago Spillgate Outflow,88.4
2026-09-26 11:58:03,Southern Owens Valley,Lone Pine Creek Flow,5.7
2026-09-26 11:58:03,Lower Owens River Project,LORP Intake Flow,80.0
2026-09-26 11:58:03,Lower Owens River Project,LORP at Mazourka Canyon Road,0.0
2026-09-26 11:58:03,Lower Owens River Project,LORP at Reinhackle Springs,63.0
2026-09-26 11:58:03,Lower Owens River Project,LORP Above Pumpstation,58.0
2026-09-26 11:58:03,Lower Owens River Project,LORP At Pump Station Discharge Flow,48.0
2026-09-26 11:58:03,Southern District,Haiwee LAA #2 Current Flow,221.6
2026-09-26 11:58:03,Southern District,Haiwee LAA #1 Current Flow,0.0
2026-09-26 11:58:03,Southern District,LAA #1 Flow at Fairmont Reservoir,181.4
2026-09-26 11:58:03,Southern District,LAA #2 Flow at Fairmont Res.,235.6
2026-09-26 11:58:03,Southern District,Bouquet Reservoir Inflow,55.6
2026-09-26 11:58:03,Southern District,Bouquet Reservoir Outflow,0.7
2026-09-26 11:58:03,Southern District,LAA #1 at Soledad Flow,131.6
2026-09-26 11:58:03,Southern District,LAA #2 at Soledad Flow,212.4
2026-09-26 11:58:04,Mono Basin,Mono Lk. Elevation,6381.7
2026-09-26 11:58:04,Mono Basin,Grant Lk. Elevation,7128.3
2026-09-26 11:58:04,Long Valley,Long Valley Elevation,6766.1
2026-09-26 11:58:04,Northern Owens Valley,Pleasant Valley Elevation,4383.9
2026-09-26 11:58:04,Northern Owens Valley,Tinemaha Elevation,3860.8
2026-09-26 11:58:04,Southern Owens Valley,Tinemaha Elevation,3860.8
2026-09-26 11:58:04,Southern Owens Valley,N. Haiwee Elevation,3756.3
2026-09-26 11:58:04,Southern Owens Valley,S. Haiwee Reservoir Elevation,3721.9
2026-09-26 11:58:04,Southern District,S. Haiwee Reservoir Elevation,3721.9
2026-09-26 11:58:04,Southern District,Fairmont Reservoir Elevation,3022.3
2026-09-26 11:58:04,Southern District,Bouquet Reservoir Elevation,2977.3
2026-09-26 12:13:03,Mono Basin,Lee Vining Intake Above Flow,36.4
2026-09-26 12:13:03,Mono Basin,Lee Vining Intake Below Flow,29.7
2026-09-26 12:13:03,Mono Basin,Walker Ck. Above Conduit Flow,2.0
2026-09-26 12:13:03,Mono Basin,L.V. Conduit Below Intake Flow,7.8
2026-09-26 12:13:03,Mono Basin,Walker Ck. Under Conduit Flow,2.0
2026-09-26 12:13:03,Mono Basin,Parker Ck. Under Conduit Flow,6.0
2026-09-26 12:13:03,Mono Basin,Parker Ck. Above Conduit Flow,6.0
2026-09-26 12:13:03,Mono Basin,Grant Lk. Spill Flow,0.0
2026-09-26 12:13:03,Mono Basin,Mono Gate 1 Return Ditch Flow,40.8
2026-09-26 12:13:03,Mono Basin,Grant Lk. Outflow,39.3
2026-09-26 12:13:03,Mono Basin,Rush Ck. at Damsite Flow,23.7
2026-09-26 12:13:03,Mono Basin,Flow to West Portal,0.0
2026-09-26 12:13:03,Long Valley,East Portal Flow,12.0
2026-09-26 12:13:03,Long Valley,OR Below EP Flow,58.0
2026-09-26 12:13:03,Long Valley,Hot Ck.at Hwy. Flow,4.0
2026-09-26 12:13:03,Long Valley,McGee Ck. Lower Sta. Flow,8.2
2026-09-26 12:13:03,Long Valley,Long Valley Current Outflow,0.1
2026-09-26 12:13:03,Long Valley,Rock Ck. Div. Flow,0.0
2026-09-26 12:13:03,Long Valley,Upper Gorge Total Release,35.6
2026-09-26 12:13:03,Long Valley,Release at Middle Gorge,0.0
2026-09-26 12:13:03,Northern Owens Valley,Rock Ck. At Owens River (PV) Flow,25.8
2026-09-26 12:13:03,Northern Owens Valley,Pleasant Valley Outflow,455.6
2026-09-26 12:13:03,Northern Owens Valley,Baker Ck. At LA Station Flow,6.2
2026-09-26 12:13:03,Northern Owens Valley,Big Pine Ck. USGS Flow,25.1
2026-09-26 12:13:03,Northern Owens Valley,O.R. Below Big Pine,443.3
2026-09-26 12:13:03,Northern Owens Valley,Fish Springs At RR Flow,36.6
2026-09-26 12:13:03,Northern Owens Valley,Tinemaha Reservoir Outflow,475.8
2026-09-26 12:13:03,Northern Owens Valley,Bishop Creek Through Plant 6,58.6
2026-09-26 12:13:03,Northern Owens Valley,Bishop Creek Around Plant 6,6.5
2026-09-26 12:13:03,Southern Owens Valley,Tinemaha Reservoir Outflow,475.8
2026-09-26 12:13:03,Southern Owens Valley,Indep. Ck. At Junction Flow,3.0
2026-09-26 12:13:03,Southern Owens Valley,LAA at Alabama Flow,387.0
2026-09-26 12:13:03,Southern Owens Valley,LAA at Alabama Level,7.7
2026-09-26 12:13:03,Southern Owens Valley,LAA at Alabama Water Temp,64.8
2026-09-26 12:13:03,Southern Owens Valley,Cottonwood Ck. At LAA Flow,0.0
2026-09-26 12:13:03,Southern Owens Valley,LAA at Cottonwood Flow,353.0
2026-09-26 12:13:03,Southern Owens Valley,LAA at Cottonwood Level,7.8
2026-09-26 12:13:03,Southern Owens Valley,LAA at Cotton. Water Temp,66.9
2026-09-26 12:13:03,Southern Owens Valley,N. Haiwee Elevation,3756.3
2026-09-26 12:13:03,Southern Owens Valley,Haiwee LAA #1 Current Flow,0.0
2026-09-26 12:13:03,Southern Owens Valley,Haiwee LAA #2 Current Flow,221.6
2026-09-26 12:13:03,Southern Owens Valley,Reinhackel Flow,2.9
2026-09-26 12:13:03,Southern Owens Valley,Lubkin Spillgate Outflow,44.1
2026-09-26 12:13:03,Southern Owens Valley,Cartago Spillgate Outflow,90.4
2026-09-26 12:13:03,Southern Owens Valley,Lone Pine Creek Flow,5.6
2026-09-26 12:13:03,Lower Owens River Project,LORP Intake Flow,80.0
2026-09-26 12:13:03,Lower Owens River Project,LORP at Mazourka Canyon Road,0.0
2026-09-26 12:13:03,Lower Owens River Project,LORP at Reinhackle Springs,63.0
2026-09-26 12:13:03,Lower Owens River Project,LORP Above Pumpstation,59.0
2026-09-26 12:13:03,Lower Owens River Project,LORP At Pump Station Discharge Flow,48.0
2026-09-26 12:13:03,Southern District,Haiwee LAA #2 Current Flow,221.6
2026-09-26 12:13:03,Southern District,Haiwee LAA #1 Current Flow,0.0
2026-09-26 12:13:03,Southern District,LAA #1 Flow at Fairmont Reservoir,182.2
2026-09-26 12:13:03,Southern District,LAA #2 Flow at Fairmont Res.,235.6
2026-09-26 12:13:03,Southern District,Bouquet Reservoir Inflow,55.3
2026-09-26 12:13:03,Southern District,Bouquet Reservoir Outflow,0.7
2026-09-26 12:13:03,Southern District,LAA #1 at Soledad Flow,131.6
2026-09-26 12:13:03,Southern District,LAA #2 at Soledad Flow,212.4
2026-09-26 12:13:04,Mono Basin,Mono Lk. Elevation,6381.7
2026-09-26 12:13:04,Mono Basin,Grant Lk. Elevation,7128.3
2026-09-26 12:13:04,Long Valley,Long Valley Elevation,6766.1
2026-09-26 12:13:04,Northern Owens Valley,Pleasant Valley Elevation,4383.8
2026-09-26 12:13:04,Southern Owens Valley,S. Haiwee Reservoir Elevation,3721.9
2026-09-26 12:13:04,Southern District,S. Haiwee Reservoir Elevation,3721.9
2026-09-26 12:13:04,Southern District,Fairmont Reservoir Elevation,3022.3
2026-09-26 12:13:04,Southern District,Bouquet Reservoir Elevation,2977.3
2026-09-26 12:28:03,Mono Basin,Lee Vining Intake Above Flow,36.4
2026-09-26 12:28:03,Mono Basin,Lee Vining Intake Below Flow,29.7
2026-09-26 12:28:03,Mono Basin,Walker Ck. Above Conduit Flow,2.0
2026-09-26 12:28:03,Mono Basin,L.V. Conduit Below Intake Flow,7.8
2026-09-26 12:28:03,Mono Basin,Walker Ck. Under Conduit Flow,2.0
2026-09-26 12:28:03,Mono Basin,Parker Ck. Under Conduit Flow,6.0
2026-09-26 12:28:03,Mono Basin,Parker Ck. Above Conduit Flow,6.0
2026-09-26 12:28:03,Mono Basin,Grant Lk. Spill Flow,0.0
2026-09-26 12:28:03,Mono Basin,Mono Gate 1 Return Ditch Flow,40.7
2026-09-26 12:28:03,Mono Basin,Grant Lk. Outflow,39.1
2026-09-26 12:28:03,Mono Basin,Rush Ck. at Damsite Flow,23.7
2026-09-26 12:28:03,Mono Basin,Flow to West Portal,0.0
2026-09-26 12:28:03,Long Valley,East Portal Flow,12.0
2026-09-26 12:28:03,Long Valley,OR Below EP Flow,58.0
2026-09-26 12:28:03,Long Valley,Hot Ck.at Hwy. Flow,4.0
2026-09-26 12:28:03,Long Valley,McGee Ck. Lower Sta. Flow,8.2
2026-09-26 12:28:03,Long Valley,Long Valley Elevation,6766.1
2026-09-26 12:28:03,Long Valley,Long Valley Current Outflow,0.1
2026-09-26 12:28:03,Long Valley,Rock Ck. Div. Flow,0.0
2026-09-26 12:28:03,Long Valley,Upper Gorge Total Release,36.5
2026-09-26 12:28:03,Long Valley,Release at Middle Gorge,0.0
2026-09-26 12:28:03,Northern Owens Valley,Rock Ck. At Owens River (PV) Flow,25.9
2026-09-26 12:28:03,Northern Owens Valley,Pleasant Valley Elevation,4383.8
2026-09-26 12:28:03,Northern Owens Valley,Pleasant Valley Outflow,455.7
2026-09-26 12:28:03,Northern Owens Valley,Baker Ck. At LA Station Flow,6.2
2026-09-26 12:28:03,Northern Owens Valley,Big Pine Ck. USGS Flow,24.8
2026-09-26 12:28:03,Northern Owens Valley,O.R. Below Big Pine,444.1
2026-09-26 12:28:03,Northern Owens Valley,Fish Springs At RR Flow,36.6
2026-09-26 12:28:03,Northern Owens Valley,Tinemaha Elevation,3860.7
2026-09-26 12:28:03,Northern Owens Valley,Tinemaha Reservoir Outflow,474.5
2026-09-26 12:28:03,Northern Owens Valley,Bishop Creek Through Plant 6,58.6
2026-09-26 12:28:03,Northern Owens Valley,Bishop Creek Around Plant 6,6.5
2026-09-26 12:28:03,Southern Owens Valley,Tinemaha Elevation,3860.7
2026-09-26 12:28:03,Southern Owens Valley,Tinemaha Reservoir Outflow,474.5
2026-09-26 12:28:03,Southern Owens Valley,Indep. Ck. At Junction Flow,3.0
2026-09-26 12:28:03,Southern Owens Valley,LAA at Alabama Flow,387.0
2026-09-26 12:28:03,Southern Owens Valley,LAA at Alabama Level,7.7
2026-09-26 12:28:03,Southern Owens Valley,LAA at Alabama Water Temp,64.9
2026-09-26 12:28:03,Southern Owens Valley,Cottonwood Ck. At LAA Flow,0.0
2026-09-26 12:28:03,Southern Owens Valley,LAA at Cottonwood Flow,352.0
2026-09-26 12:28:03,Southern Owens Valley,LAA at Cottonwood Level,7.8
2026-09-26 12:28:03,Southern Owens Valley,LAA at Cotton. Water Temp,67.0
2026-09-26 12:28:03,Southern Owens Valley,N. Haiwee Elevation,3756.3
2026-09-26 12:28:03,Southern Owens Valley,S. Haiwee Reservoir Elevation,3721.9
2026-09-26 12:28:03,Southern Owens Valley,Haiwee LAA #1 Current Flow,0.0
2026-09-26 12:28:03,Southern Owens Valley,Haiwee LAA #2 Current Flow,221.6
2026-09-26 12:28:03,Southern Owens Valley,Reinhackel Flow,2.9
2026-09-26 12:28:03,Southern Owens Valley,Lubkin Spillgate Outflow,48.8
2026-09-26 12:28:03,Southern Owens Valley,Cartago Spillgate Outflow,95.2
2026-09-26 12:28:03,Southern Owens Valley,Lone Pine Creek Flow,5.6
2026-09-26 12:28:03,Lower Owens River Project,LORP Intake Flow,80.0
2026-09-26 12:28:03,Lower Owens River Project,LORP at Mazourka Canyon Road,0.0
2026-09-26 12:28:03,Lower Owens River Project,LORP at Reinhackle Springs,65.0
2026-09-26 12:28:03,Lower Owens River Project,LORP Above Pumpstation,59.0
2026-09-26 12:28:03,Lower Owens River Project,LORP At Pump Station Discharge Flow,48.0
2026-09-26 12:28:03,Southern District,Haiwee LAA #2 Current Flow,221.6
2026-09-26 12:28:03,Southern District,S. Haiwee Reservoir Elevation,3721.9
2026-09-26 12:28:03,Southern District,Haiwee LAA #1 Current Flow,0.0
2026-09-26 12:28:03,Southern District,LAA #1 Flow at Fairmont Reservoir,180.8
2026-09-26 12:28:03,Southern District,LAA #2 Flow at Fairmont Res.,235.7
2026-09-26 12:28:03,Southern District,Bouquet Reservoir Inflow,55.3
2026-09-26 12:28:03,Southern District,Bouquet Reservoir Outflow,0.7
2026-09-26 12:28:03,Southern District,LAA #1 at Soledad Flow,131.6
2026-09-26 12:28:03,Southern District,LAA #2 at Soledad Flow,212.4
2026-09-26 12:28:04,Mono Basin,Mono Lk. Elevation,6381.7
2026-09-26 12:28:04,Mono Basin,Grant Lk. Elevation,7128.3
2026-09-26 12:28:04,Southern District,Fairmont Reservoir Elevation,3022.3
2026-09-26 12:28:04,Southern District,Bouquet Reservoir Elevation,2977.3
2026-09-26 12:43:03,Mono Basin,Lee Vining Intake Above Flow,36.1
2026-09-26 12:43:03,Mono Basin,Lee Vining Intake Below Flow,29.6
2026-09-26 12:43:03,Mono Basin,Mono Lk. Elevation,6381.7
2026-09-26 12:43:03,Mono Basin,Walker Ck. Above Conduit Flow,2.0
2026-09-26 12:43:03,Mono Basin,L.V. Conduit Below Intake Flow,7.8
2026-09-26 12:43:03,Mono Basin,Walker Ck. Under Conduit Flow,2.0
2026-09-26 12:43:03,Mono Basin,Parker Ck. Under Conduit Flow,6.0
2026-09-26 12:43:03,Mono Basin,Parker Ck. Above Conduit Flow,6.0
2026-09-26 12:43:03,Mono Basin,Grant Lk. Spill Flow,0.0
2026-09-26 12:43:03,Mono Basin,Mono Gate 1 Return Ditch Flow,40.7
2026-09-26 12:43:03,Mono Basin,Grant Lk. Elevation,7128.3
2026-09-26 12:43:03,Mono Basin,Grant Lk. Outflow,39.1
2026-09-26 12:43:03,Mono Basin,Rush Ck. at Damsite Flow,23.7
2026-09-26 12:43:03,Mono Basin,Flow to West Portal,0.0
2026-09-26 12:43:03,Long Valley,East Portal Flow,12.0
2026-09-26 12:43:03,Long Valley,OR Below EP Flow,58.0
2026-09-26 12:43:03,Long Valley,Hot Ck.at Hwy. Flow,4.0
2026-09-26 12:43:03,Long Valley,McGee Ck. Lower Sta. Flow,8.2
2026-09-26 12:43:03,Long Valley,Long Valley Elevation,6766.1
2026-09-26 12:43:03,Long Valley,Long Valley Current Outflow,0.1
2026-09-26 12:43:03,Long Valley,Rock Ck. Div. Flow,0.0
2026-09-26 12:43:03,Long Valley,Upper Gorge Total Release,34.9
2026-09-26 12:43:03,Long Valley,Release at Middle Gorge,0.0
2026-09-26 12:43:03,Northern Owens Valley,Rock Ck. At Owens River (PV) Flow,26.0
2026-09-26 12:43:03,Northern Owens Valley,Pleasant Valley Elevation,4383.7
2026-09-26 12:43:03,Northern Owens Valley,Pleasant Valley Outflow,455.6
2026-09-26 12:43:03,Northern Owens Valley,Baker Ck. At LA Station Flow,6.2
2026-09-26 12:43:03,Northern Owens Valley,Big Pine Ck. USGS Flow,24.8
2026-09-26 12:43:03,Northern Owens Valley,O.R. Below Big Pine,444.0
2026-09-26 12:43:03,Northern Owens Valley,Fish Springs At RR Flow,36.4
2026-09-26 12:43:03,Northern Owens Valley,Tinemaha Reservoir Outflow,474.5
2026-09-26 12:43:03,Northern Owens Valley,Bishop Creek Through Plant 6,58.3
2026-09-26 12:43:03,Northern Owens Valley,Bishop Creek Around Plant 6,6.2
2026-09-26 12:43:03,Southern Owens Valley,Tinemaha Reservoir Outflow,474.5
2026-09-26 12:43:03,Southern Owens Valley,Indep. Ck. At Junction Flow,2.9
2026-09-26 12:43:03,Southern Owens Valley,LAA at Alabama Flow,387.0
2026-09-26 12:43:03,Southern Owens Valley,LAA at Alabama Level,7.7
2026-09-26 12:43:03,Southern Owens Valley,LAA at Alabama Water Temp,64.9
2026-09-26 12:43:03,Southern Owens Valley,Cottonwood Ck. At LAA Flow,0.0
2026-09-26 12:43:03,Southern Owens Valley,LAA at Cottonwood Flow,352.0
2026-09-26 12:43:03,Southern Owens Valley,LAA at Cottonwood Level,7.8
2026-09-26 12:43:03,Southern Owens Valley,LAA at Cotton. Water Temp,67.0
2026-09-26 12:43:03,Southern Owens Valley,N. Haiwee Elevation,3756.3
2026-09-26 12:43:03,Southern Owens Valley,S. Haiwee Reservoir Elevation,3721.9
2026-09-26 12:43:03,Southern Owens Valley,Haiwee LAA #1 Current Flow,0.0
2026-09-26 12:43:03,Southern Owens Valley,Haiwee LAA #2 Current Flow,221.6
2026-09-26 12:43:03,Southern Owens Valley,Reinhackel Flow,2.9
2026-09-26 12:43:03,Southern Owens Valley,Lubkin Spillgate Outflow,42.3
2026-09-26 12:43:03,Southern Owens Valley,Cartago Spillgate Outflow,91.5
2026-09-26 12:43:03,Southern Owens Valley,Lone Pine Creek Flow,5.5
2026-09-26 12:43:03,Lower Owens River Project,LORP Intake Flow,80.0
2026-09-26 12:43:03,Lower Owens River Project,LORP at Mazourka Canyon Road,0.0
2026-09-26 12:43:03,Lower Owens River Project,LORP at Reinhackle Springs,65.0
2026-09-26 12:43:03,Lower Owens River Project,LORP Above Pumpstation,57.0
2026-09-26 12:43:03,Lower Owens River Project,LORP At Pump Station Discharge Flow,47.0
2026-09-26 12:43:03,Southern District,Haiwee LAA #2 Current Flow,221.6
2026-09-26 12:43:03,Southern District,S. Haiwee Reservoir Elevation,3721.9
2026-09-26 12:43:03,Southern District,Haiwee LAA #1 Current Flow,0.0
2026-09-26 12:43:03,Southern District,Fairmont Reservoir Elevation,3022.3
2026-09-26 12:43:03,Southern District,LAA #1 Flow at Fairmont Reservoir,181.6
2026-09-26 12:43:03,Southern District,LAA #2 Flow at Fairmont Res.,235.6
2026-09-26 12:43:03,Southern District,Bouquet Reservoir Elevation,2977.3
2026-09-26 12:43:03,Southern District,Bouquet Reservoir Inflow,55.0
2026-09-26 12:43:03,Southern District,Bouquet Reservoir Outflow,0.7
2026-09-26 12:43:03,Southern District,LAA #1 at Soledad Flow,131.6
2026-09-26 12:43:03,Southern District,LAA #2 at Soledad Flow,212.4
2026-09-26 12:58:03,Mono Basin,Lee Vining Intake Above Flow,36.1
2026-09-26 12:58:03,Mono Basin,Lee Vining Intake Below Flow,29.6
2026-09-26 12:58:03,Mono Basin,Mono Lk. Elevation,6381.7
2026-09-26 12:58:03,Mono Basin,Walker Ck. Above Conduit Flow,2.0
2026-09-26 12:58:03,Mono Basin,L.V. Conduit Below Intake Flow,7.8
2026-09-26 12:58:03,Mono Basin,Walker Ck. Under Conduit Flow,2.0
2026-09-26 12:58:03,Mono Basin,Parker Ck. Under Conduit Flow,6.0
2026-09-26 12:58:03,Mono Basin,Parker Ck. Above Conduit Flow,6.0
2026-09-26 12:58:03,Mono Basin,Grant Lk. Spill Flow,0.0
2026-09-26 12:58:03,Mono Basin,Mono Gate 1 Return Ditch Flow,40.7
2026-09-26 12:58:03,Mono Basin,Grant Lk. Elevation,7128.3
2026-09-26 12:58:03,Mono Basin,Grant Lk. Outflow,39.1
2026-09-26 12:58:03,Mono Basin,Rush Ck. at Damsite Flow,23.7
2026-09-26 12:58:03,Mono Basin,Flow to West Portal,0.0
2026-09-26 12:58:03,Long Valley,East Portal Flow,12.0
2026-09-26 12:58:03,Long Valley,OR Below EP Flow,58.0
2026-09-26 12:58:03,Long Valley,Hot Ck.at Hwy. Flow,4.0
2026-09-26 12:58:03,Long Valley,McGee Ck. Lower Sta. Flow,8.2
2026-09-26 12:58:03,Long Valley,Long Valley Elevation,6766.1
2026-09-26 12:58:03,Long Valley,Long Valley Current Outflow,0.1
2026-09-26 12:58:03,Long Valley,Rock Ck. Div. Flow,0.0
2026-09-26 12:58:03,Long Valley,Upper Gorge Total Release,38.6
2026-09-26 12:58:03,Long Valley,Release at Middle Gorge,0.0
2026-09-26 12:58:03,Northern Owens Valley,Rock Ck. At Owens River (PV) Flow,26.0
2026-09-26 12:58:03,Northern Owens Valley,Pleasant Valley Elevation,4383.6
2026-09-26 12:58:03,Northern Owens Valley,Pleasant Valley Outflow,454.9
2026-09-26 12:58:03,Northern Owens Valley,Baker Ck. At LA Station Flow,6.2
2026-09-26 12:58:03,Northern Owens Valley,Big Pine Ck. USGS Flow,24.8
2026-09-26 12:58:03,Northern Owens Valley,O.R. Below Big Pine,444.0
2026-09-26 12:58:03,Northern Owens Valley,Fish Springs At RR Flow,36.4
2026-09-26 12:58:03,Northern Owens Valley,Tinemaha Elevation,3860.7
2026-09-26 12:58:03,Northern Owens Valley,Tinemaha Reservoir Outflow,474.5
2026-09-26 12:58:03,Northern Owens Valley,Bishop Creek Through Plant 6,58.3
2026-09-26 12:58:03,Northern Owens Valley,Bishop Creek Around Plant 6,6.2
2026-09-26 12:58:03,Southern Owens Valley,Tinemaha Elevation,3860.7
2026-09-26 12:58:03,Southern Owens Valley,Tinemaha Reservoir Outflow,474.5
2026-09-26 12:58:03,Southern Owens Valley,Indep. Ck. At Junction Flow,2.9
2026-09-26 12:58:03,Southern Owens Valley,LAA at Alabama Flow,387.0
2026-09-26 12:58:03,Southern Owens Valley,LAA at Alabama Level,7.7
2026-09-26 12:58:03,Southern Owens Valley,LAA at Alabama Water Temp,64.9
2026-09-26 12:58:03,Southern Owens Valley,Cottonwood Ck. At LAA Flow,0.0
2026-09-26 12:58:03,Southern Owens Valley,LAA at Cottonwood Flow,353.0
2026-09-26 12:58:03,Southern Owens Valley,LAA at Cottonwood Level,7.8
2026-09-26 12:58:03,Southern Owens Valley,LAA at Cotton. Water Temp,67.1
2026-09-26 12:58:03,Southern Owens Valley,N. Haiwee Elevation,3756.3
2026-09-26 12:58:03,Southern Owens Valley,S. Haiwee Reservoir Elevation,3721.9
2026-09-26 12:58:03,Southern Owens Valley,Haiwee LAA #1 Current Flow,0.0
2026-09-26 12:58:03,Southern Owens Valley,Haiwee LAA #2 Current Flow,221.6
2026-09-26 12:58:03,Southern Owens Valley,Reinhackel Flow,2.9
2026-09-26 12:58:03,Southern Owens Valley,Lubkin Spillgate Outflow,42.3
2026-09-26 12:58:03,Southern Owens Valley,Cartago Spillgate Outflow,92.6
2026-09-26 12:58:03,Southern Owens Valley,Lone Pine Creek Flow,5.5
2026-09-26 12:58:03,Lower Owens River Project,LORP Intake Flow,80.0
2026-09-26 12:58:03,Lower Owens River Project,LORP at Mazourka Canyon Road,0.0
2026-09-26 12:58:03,Lower Owens River Project,LORP at Reinhackle Springs,65.0
2026-09-26 12:58:03,Lower Owens River Project,LORP Above Pumpstation,58.0
2026-09-26 12:58:03,Lower Owens River Project,LORP At Pump Station Discharge Flow,48.0
2026-09-26 12:58:03,Southern District,Haiwee LAA #2 Current Flow,221.6
2026-09-26 12:58:03,Southern District,S. Haiwee Reservoir Elevation,3721.9
2026-09-26 12:58:03,Southern District,Haiwee LAA #1 Current Flow,0.0
2026-09-26 12:58:03,Southern District,Fairmont Reservoir Elevation,3022.3
2026-09-26 12:58:03,Southern District,LAA #1 Flow at Fairmont Reservoir,181.6
2026-09-26 12:58:03,Southern District,LAA #2 Flow at Fairmont Res.,235.6
2026-09-26 12:58:03,Southern District,Bouquet Reservoir Elevation,2977.3
2026-09-26 12:58:03,Southern District,Bouquet Reservoir Inflow,58.4
2026-09-26 12:58:03,Southern District,Bouquet Reservoir Outflow,0.7
2026-09-26 12:58:03,Southern District,LAA #1 at Soledad Flow,131.6
2026-09-26 12:58:03,Southern District,LAA #2 at Soledad Flow,212.4
2026-09-26 13:13:03,Mono Basin,Lee Vining Intake Above Flow,36.5
2026-09-26 13:13:03,Mono Basin,Lee Vining Intake Below Flow,29.7
2026-09-26 13:13:03,Mono Basin,Mono Lk. Elevation,6381.7
2026-09-26 13:13:03,Mono Basin,Walker Ck. Above Conduit Flow,2.0
2026-09-26 13:13:03,Mono Basin,L.V. Conduit Below Intake Flow,7.8
2026-09-26 13:13:03,Mono Basin,Walker Ck. Under Conduit Flow,2.0
2026-09-26 13:13:03,Mono Basin,Parker Ck. Under Conduit Flow,6.0
2026-09-26 13:13:03,Mono Basin,Parker Ck. Above Conduit Flow,6.0
2026-09-26 13:13:03,Mono Basin,Grant Lk. Spill Flow,0.0
2026-09-26 13:13:03,Mono Basin,Mono Gate 1 Return Ditch Flow,40.7
2026-09-26 13:13:03,Mono Basin,Grant Lk. Elevation,7128.3
2026-09-26 13:13:03,Mono Basin,Grant Lk. Outflow,39.1
2026-09-26 13:13:03,Mono Basin,Rush Ck. at Damsite Flow,23.7
2026-09-26 13:13:03,Mono Basin,Flow to West Portal,0.0
2026-09-26 13:13:03,Long Valley,East Portal Flow,12.0
2026-09-26 13:13:03,Long Valley,OR Below EP Flow,58.0
2026-09-26 13:13:03,Long Valley,Hot Ck.at Hwy. Flow,4.0
2026-09-26 13:13:03,Long Valley,McGee Ck. Lower Sta. Flow,8.2
2026-09-26 13:13:03,Long Valley,Long Valley Elevation,6766.1
2026-09-26 13:13:03,Long Valley,Long Valley Current Outflow,0.1
2026-09-26 13:13:03,Long Valley,Rock Ck. Div. Flow,0.0
2026-09-26 13:13:03,Long Valley,Upper Gorge Total Release,34.9
2026-09-26 13:13:03,Long Valley,Release at Middle Gorge,0.0
2026-09-26 13:13:03,Northern Owens Valley,Rock Ck. At Owens River (PV) Flow,26.2
2026-09-26 13:13:03,Northern Owens Valley,Pleasant Valley Elevation,4383.5
2026-09-26 13:13:03,Northern Owens Valley,Pleasant Valley Outflow,454.1
2026-09-26 13:13:03,Northern Owens Valley,Baker Ck. At LA Station Flow,6.2
2026-09-26 13:13:03,Northern Owens Valley,Big Pine Ck. USGS Flow,24.8
2026-09-26 13:13:03,Northern Owens Valley,O.R. Below Big Pine,444.1
2026-09-26 13:13:03,Northern Owens Valley,Fish Springs At RR Flow,36.4
2026-09-26 13:13:03,Northern Owens Valley,Tinemaha Reservoir Outflow,474.5
2026-09-26 13:13:03,Northern Owens Valley,Bishop Creek Through Plant 6,58.3
2026-09-26 13:13:03,Northern Owens Valley,Bishop Creek Around Plant 6,6.2
2026-09-26 13:13:03,Southern Owens Valley,Tinemaha Reservoir Outflow,474.5
2026-09-26 13:13:03,Southern Owens Valley,Indep. Ck. At Junction Flow,2.9
2026-09-26 13:13:03,Southern Owens Valley,LAA at Alabama Flow,387.0
2026-09-26 13:13:03,Southern Owens Valley,LAA at Alabama Level,7.7
2026-09-26 13:13:03,Southern Owens Valley,LAA at Alabama Water Temp,65.4
2026-09-26 13:13:03,Southern Owens Valley,Cottonwood Ck. At LAA Flow,0.0
2026-09-26 13:13:03,Southern Owens Valley,LAA at Cottonwood Flow,353.0
2026-09-26 13:13:03,Southern Owens Valley,LAA at Cottonwood Level,7.8
2026-09-26 13:13:03,Southern Owens Valley,LAA at Cotton. Water Temp,67.2
2026-09-26 13:13:03,Southern Owens Valley,N. Haiwee Elevation,3756.3
2026-09-26 13:13:03,Southern Owens Valley,S. Haiwee Reservoir Elevation,3721.9
2026-09-26 13:13:03,Southern Owens Valley,Haiwee LAA #1 Current Flow,0.0
2026-09-26 13:13:03,Southern Owens Valley,Haiwee LAA #2 Current Flow,221.6
2026-09-26 13:13:03,Southern Owens Valley,Reinhackel Flow,2.9
2026-09-26 13:13:03,Southern Owens Valley,Lubkin Spillgate Outflow,53.4
2026-09-26 13:13:03,Southern Owens Valley,Cartago Spillgate Outflow,88.4
2026-09-26 13:13:03,Southern Owens Valley,Lone Pine Creek Flow,5.4
2026-09-26 13:13:03,Lower Owens River Project,LORP Intake Flow,80.0
2026-09-26 13:13:03,Lower Owens River Project,LORP at Mazourka Canyon Road,0.0
2026-09-26 13:13:03,Lower Owens River Project,LORP at Reinhackle Springs,65.0
2026-09-26 13:13:03,Lower Owens River Project,LORP Above Pumpstation,51.0
2026-09-26 13:13:03,Lower Owens River Project,LORP At Pump Station Discharge Flow,39.0
2026-09-26 13:13:03,Southern District,Haiwee LAA #2 Current Flow,221.6
2026-09-26 13:13:03,Southern District,S. Haiwee Reservoir Elevation,3721.9
2026-09-26 13:13:03,Southern District,Haiwee LAA #1 Current Flow,0.0
2026-09-26 13:13:03,Southern District,LAA #1 Flow at Fairmont Reservoir,181.3
2026-09-26 13:13:03,Southern District,LAA #2 Flow at Fairmont Res.,235.7
2026-09-26 13:13:03,Southern District,Bouquet Reservoir Inflow,54.9
2026-09-26 13:13:03,Southern District,Bouquet Reservoir Outflow,0.7
2026-09-26 13:13:03,Southern District,LAA #1 at Soledad Flow,131.6
2026-09-26 13:13:03,Southern District,LAA #2 at Soledad Flow,212.4
2026-09-26 13:13:04,Southern District,Fairmont Reservoir Elevation,3022.3
2026-09-26 13:13:04,Southern District,Bouquet Reservoir Elevation,2977.3
2026-09-26 13:28:03,Mono Basin,Lee Vining Intake Above Flow,36.5
2026-09-26 13:28:03,Mono Basin,Lee Vining Intake Below Flow,29.7
2026-09-26 13:28:03,Mono Basin,Walker Ck. Above Conduit Flow,2.0
2026-09-26 13:28:03,Mono Basin,L.V. Conduit Below Intake Flow,7.8
2026-09-26 13:28:03,Mono Basin,Walker Ck. Under Conduit Flow,2.0
2026-09-26 13:28:03,Mono Basin,Parker Ck. Under Conduit Flow,6.0
2026-09-26 13:28:03,Mono Basin,Parker Ck. Above Conduit Flow,6.0
2026-09-26 13:28:03,Mono Basin,Grant Lk. Spill Flow,0.0
2026-09-26 13:28:03,Mono Basin,Mono Gate 1 Return Ditch Flow,40.8
2026-09-26 13:28:03,Mono Basin,Grant Lk. Outflow,39.3
2026-09-26 13:28:03,Mono Basin,Rush Ck. at Damsite Flow,23.7
2026-09-26 13:28:03,Mono Basin,Flow to West Portal,0.0
2026-09-26 13:28:03,Long Valley,East Portal Flow,12.0
2026-09-26 13:28:03,Long Valley,OR Below EP Flow,57.0
2026-09-26 13:28:03,Long Valley,Hot Ck.at Hwy. Flow,4.0
2026-09-26 13:28:03,Long Valley,McGee Ck. Lower Sta. Flow,8.2
2026-09-26 13:28:03,Long Valley,Long Valley Elevation,6766.1
2026-09-26 13:28:03,Long Valley,Long Valley Current Outflow,0.1
2026-09-26 13:28:03,Long Valley,Rock Ck. Div. Flow,0.0
2026-09-26 13:28:03,Long Valley,Upper Gorge Total Release,34.7
2026-09-26 13:28:03,Long Valley,Release at Middle Gorge,0.0
2026-09-26 13:28:03,Northern Owens Valley,Rock Ck. At Owens River (PV) Flow,26.4
2026-09-26 13:28:03,Northern Owens Valley,Pleasant Valley Elevation,4383.4
2026-09-26 13:28:03,Northern Owens Valley,Pleasant Valley Outflow,454.1
2026-09-26 13:28:03,Northern Owens Valley,Baker Ck. At LA Station Flow,6.2
2026-09-26 13:28:03,Northern Owens Valley,Big Pine Ck. USGS Flow,24.8
2026-09-26 13:28:03,Northern Owens Valley,O.R. Below Big Pine,444.0
2026-09-26 13:28:03,Northern Owens Valley,Fish Springs At RR Flow,36.4
2026-09-26 13:28:03,Northern Owens Valley,Tinemaha Elevation,3860.7
2026-09-26 13:28:03,Northern Owens Valley,Tinemaha Reservoir Outflow,476.6
2026-09-26 13:28:03,Northern Owens Valley,Bishop Creek Through Plant 6,58.3
2026-09-26 13:28:03,Northern Owens Valley,Bishop Creek Around Plant 6,6.2
2026-09-26 13:28:03,Southern Owens Valley,Tinemaha Elevation,3860.7
2026-09-26 13:28:03,Southern Owens Valley,Tinemaha Reservoir Outflow,476.6
2026-09-26 13:28:03,Southern Owens Valley,Indep. Ck. At Junction Flow,2.9
2026-09-26 13:28:03,Southern Owens Valley,LAA at Alabama Flow,387.0
2026-09-26 13:28:03,Southern Owens Valley,LAA at Alabama Level,7.7
2026-09-26 13:28:03,Southern Owens Valley,LAA at Alabama Water Temp,65.4
2026-09-26 13:28:03,Southern Owens Valley,Cottonwood Ck. At LAA Flow,0.0
2026-09-26 13:28:03,Southern Owens Valley,LAA at Cottonwood Flow,353.0
2026-09-26 13:28:03,Southern Owens Valley,LAA at Cottonwood Level,7.8
2026-09-26 13:28:03,Southern Owens Valley,LAA at Cotton. Water Temp,67.2
2026-09-26 13:28:03,Southern Owens Valley,N. Haiwee Elevation,3756.3
2026-09-26 13:28:03,Southern Owens Valley,S. Haiwee Reservoir Elevation,3721.9
2026-09-26 13:28:03,Southern Owens Valley,Haiwee LAA #1 Current Flow,0.0
2026-09-26 13:28:03,Southern Owens Valley,Haiwee LAA #2 Current Flow,221.6
2026-09-26 13:28:03,Southern Owens Valley,Reinhackel Flow,2.9
2026-09-26 13:28:03,Southern Owens Valley,Lubkin Spillgate Outflow,53.4
2026-09-26 13:28:03,Southern Owens Valley,Cartago Spillgate Outflow,89.7
2026-09-26 13:28:03,Southern Owens Valley,Lone Pine Creek Flow,5.4
2026-09-26 13:28:03,Lower Owens River Project,LORP Intake Flow,80.0
2026-09-26 13:28:03,Lower Owens River Project,LORP at Mazourka Canyon Road,0.0
2026-09-26 13:28:03,Lower Owens River Project,LORP at Reinhackle Springs,62.0
2026-09-26 13:28:03,Lower Owens River Project,LORP Above Pumpstation,52.0
2026-09-26 13:28:03,Lower Owens River Project,LORP At Pump Station Discharge Flow,40.0
2026-09-26 13:28:03,Southern District,Haiwee LAA #2 Current Flow,221.6
2026-09-26 13:28:03,Southern District,S. Haiwee Reservoir Elevation,3721.9
2026-09-26 13:28:03,Southern District,Haiwee LAA #1 Current Flow,0.0
2026-09-26 13:28:03,Southern District,LAA #1 Flow at Fairmont Reservoir,181.3
2026-09-26 13:28:03,Southern District,LAA #2 Flow at Fairmont Res.,235.6
2026-09-26 13:28:03,Southern District,Bouquet Reservoir Inflow,55.0
2026-09-26 13:28:03,Southern District,Bouquet Reservoir Outflow,0.7
2026-09-26 13:28:03,Southern District,LAA #1 at Soledad Flow,131.6
2026-09-26 13:28:03,Southern District,LAA #2 at Soledad Flow,212.4
2026-09-26 13:28:04,Mono Basin,Mono Lk. Elevation,6381.7
2026-09-26 13:28:04,Mono Basin,Grant Lk. Elevation,7128.3
2026-09-26 13:28:04,Southern District,Fairmont Reservoir Elevation,3022.3
2026-09-26 13:28:04,Southern District,Bouquet Reservoir Elevation,2977.3
2026-09-26 13:43:03,Mono Basin,Lee Vining Intake Above Flow,34.5
2026-09-26 13:43:03,Mono Basin,Lee Vining Intake Below Flow,29.7
2026-09-26 13:43:03,Mono Basin,Mono Lk. Elevation,6381.7
2026-09-26 13:43:03,Mono Basin,Walker Ck. Above Conduit Flow,2.0
2026-09-26 13:43:03,Mono Basin,L.V. Conduit Below Intake Flow,7.8
2026-09-26 13:43:03,Mono Basin,Walker Ck. Under Conduit Flow,2.0
2026-09-26 13:43:03,Mono Basin,Parker Ck. Under Conduit Flow,6.0
2026-09-26 13:43:03,Mono Basin,Parker Ck. Above Conduit Flow,6.0
2026-09-26 13:43:03,Mono Basin,Grant Lk. Spill Flow,0.0
2026-09-26 13:43:03,Mono Basin,Mono Gate 1 Return Ditch Flow,40.8
2026-09-26 13:43:03,Mono Basin,Grant Lk. Elevation,7128.3
2026-09-26 13:43:03,Mono Basin,Grant Lk. Outflow,39.3
2026-09-26 13:43:03,Mono Basin,Rush Ck. at Damsite Flow,23.7
2026-09-26 13:43:03,Mono Basin,Flow to West Portal,0.0
2026-09-26 13:43:03,Long Valley,East Portal Flow,12.0
2026-09-26 13:43:03,Long Valley,OR Below EP Flow,57.0
2026-09-26 13:43:03,Long Valley,Hot Ck.at Hwy. Flow,4.0
2026-09-26 13:43:03,Long Valley,McGee Ck. Lower Sta. Flow,8.2
2026-09-26 13:43:03,Long Valley,Long Valley Elevation,6766.1
2026-09-26 13:43:03,Long Valley,Long Valley Current Outflow,0.1
2026-09-26 13:43:03,Long Valley,Rock Ck. Div. Flow,0.0
2026-09-26 13:43:03,Long Valley,Upper Gorge Total Release,34.5
2026-09-26 13:43:03,Long Valley,Release at Middle Gorge,0.0
2026-09-26 13:43:03,Northern Owens Valley,Rock Ck. At Owens River (PV) Flow,26.4
2026-09-26 13:43:03,Northern Owens Valley,Pleasant Valley Elevation,4383.3
2026-09-26 13:43:03,Northern Owens Valley,Pleasant Valley Outflow,453.9
2026-09-26 13:43:03,Northern Owens Valley,Baker Ck. At LA Station Flow,6.2
2026-09-26 13:43:03,Northern Owens Valley,Big Pine Ck. USGS Flow,24.8
2026-09-26 13:43:03,Northern Owens Valley,O.R. Below Big Pine,443.5
2026-09-26 13:43:03,Northern Owens Valley,Fish Springs At RR Flow,36.4
2026-09-26 13:43:03,Northern Owens Valley,Tinemaha Reservoir Outflow,476.6
2026-09-26 13:43:03,Northern Owens Valley,Bishop Creek Through Plant 6,58.3
2026-09-26 13:43:03,Northern Owens Valley,Bishop Creek Around Plant 6,6.2
2026-09-26 13:43:03,Southern Owens Valley,Tinemaha Reservoir Outflow,476.6
2026-09-26 13:43:03,Southern Owens Valley,Indep. Ck. At Junction Flow,2.9
2026-09-26 13:43:03,Southern Owens Valley,LAA at Alabama Flow,387.0
2026-09-26 13:43:03,Southern Owens Valley,LAA at Alabama Level,7.7
2026-09-26 13:43:03,Southern Owens Valley,LAA at Alabama Water Temp,65.4
2026-09-26 13:43:03,Southern Owens Valley,Cottonwood Ck. At LAA Flow,0.0
2026-09-26 13:43:03,Southern Owens Valley,LAA at Cottonwood Flow,353.0
2026-09-26 13:43:03,Southern Owens Valley,LAA at Cottonwood Level,7.8
2026-09-26 13:43:03,Southern Owens Valley,LAA at Cotton. Water Temp,67.3
2026-09-26 13:43:03,Southern Owens Valley,N. Haiwee Elevation,3756.3
2026-09-26 13:43:03,Southern Owens Valley,S. Haiwee Reservoir Elevation,3721.9
2026-09-26 13:43:03,Southern Owens Valley,Haiwee LAA #1 Current Flow,0.0
2026-09-26 13:43:03,Southern Owens Valley,Haiwee LAA #2 Current Flow,221.6
2026-09-26 13:43:03,Southern Owens Valley,Reinhackel Flow,2.9
2026-09-26 13:43:03,Southern Owens Valley,Lubkin Spillgate Outflow,47.4
2026-09-26 13:43:03,Southern Owens Valley,Cartago Spillgate Outflow,89.7
2026-09-26 13:43:03,Southern Owens Valley,Lone Pine Creek Flow,5.4
2026-09-26 13:43:03,Lower Owens River Project,LORP Intake Flow,80.0
2026-09-26 13:43:03,Lower Owens River Project,LORP at Mazourka Canyon Road,0.0
2026-09-26 13:43:03,Lower Owens River Project,LORP at Reinhackle Springs,62.0
2026-09-26 13:43:03,Lower Owens River Project,LORP Above Pumpstation,51.0
2026-09-26 13:43:03,Lower Owens River Project,LORP At Pump Station Discharge Flow,39.0
2026-09-26 13:43:03,Southern District,Haiwee LAA #2 Current Flow,221.6
2026-09-26 13:43:03,Southern District,S. Haiwee Reservoir Elevation,3721.9
2026-09-26 13:43:03,Southern District,Haiwee LAA #1 Current Flow,0.0
2026-09-26 13:43:03,Southern District,Fairmont Reservoir Elevation,3022.3
2026-09-26 13:43:03,Southern District,LAA #1 Flow at Fairmont Reservoir,182.3
2026-09-26 13:43:03,Southern District,LAA #2 Flow at Fairmont Res.,235.7
2026-09-26 13:43:03,Southern District,Bouquet Reservoir Inflow,55.2
2026-09-26 13:43:03,Southern District,Bouquet Reservoir Outflow,0.7
2026-09-26 13:43:03,Southern District,LAA #1 at Soledad Flow,131.6
2026-09-26 13:43:03,Southern District,LAA #2 at Soledad Flow,212.4
2026-09-26 13:43:04,Southern District,Bouquet Reservoir Elevation,2977.3
2026-09-26 13:58:03,Mono Basin,Lee Vining Intake Above Flow,34.5
2026-09-26 13:58:03,Mono Basin,Lee Vining Intake Below Flow,29.7
2026-09-26 13:58:03,Mono Basin,Mono Lk. Elevation,6381.7
2026-09-26 13:58:03,Mono Basin,Walker Ck. Above Conduit Flow,2.0
2026-09-26 13:58:03,Mono Basin,L.V. Conduit Below Intake Flow,7.8
2026-09-26 13:58:03,Mono Basin,Walker Ck. Under Conduit Flow,2.0
2026-09-26 13:58:03,Mono Basin,Parker Ck. Under Conduit Flow,6.0
2026-09-26 13:58:03,Mono Basin,Parker Ck. Above Conduit Flow,6.0
2026-09-26 13:58:03,Mono Basin,Grant Lk. Spill Flow,0.0
2026-09-26 13:58:03,Mono Basin,Mono Gate 1 Return Ditch Flow,40.8
2026-09-26 13:58:03,Mono Basin,Grant Lk. Elevation,7128.3
2026-09-26 13:58:03,Mono Basin,Grant Lk. Outflow,39.3
2026-09-26 13:58:03,Mono Basin,Rush Ck. at Damsite Flow,23.7
2026-09-26 13:58:03,Mono Basin,Flow to West Portal,0.0
2026-09-26 13:58:03,Long Valley,East Portal Flow,12.0
2026-09-26 13:58:03,Long Valley,OR Below EP Flow,58.0
2026-09-26 13:58:03,Long Valley,Hot Ck.at Hwy. Flow,4.0
2026-09-26 13:58:03,Long Valley,McGee Ck. Lower Sta. Flow,8.2
2026-09-26 13:58:03,Long Valley,Long Valley Elevation,6766.1
2026-09-26 13:58:03,Long Valley,Long Valley Current Outflow,0.1
2026-09-26 13:58:03,Long Valley,Rock Ck. Div. Flow,0.0
2026-09-26 13:58:03,Long Valley,Upper Gorge Total Release,37.1
2026-09-26 13:58:03,Long Valley,Release at Middle Gorge,0.0
2026-09-26 13:58:03,Northern Owens Valley,Rock Ck. At Owens River (PV) Flow,26.4
2026-09-26 13:58:03,Northern Owens Valley,Pleasant Valley Elevation,4383.3
2026-09-26 13:58:03,Northern Owens Valley,Pleasant Valley Outflow,453.0
2026-09-26 13:58:03,Northern Owens Valley,Baker Ck. At LA Station Flow,6.2
2026-09-26 13:58:03,Northern Owens Valley,Big Pine Ck. USGS Flow,24.8
2026-09-26 13:58:03,Northern Owens Valley,O.R. Below Big Pine,444.1
2026-09-26 13:58:03,Northern Owens Valley,Fish Springs At RR Flow,36.4
2026-09-26 13:58:03,Northern Owens Valley,Tinemaha Elevation,3860.7
2026-09-26 13:58:03,Northern Owens Valley,Tinemaha Reservoir Outflow,476.6
2026-09-26 13:58:03,Northern Owens Valley,Bishop Creek Through Plant 6,58.3
2026-09-26 13:58:03,Northern Owens Valley,Bishop Creek Around Plant 6,6.2
2026-09-26 13:58:03,Southern Owens Valley,Tinemaha Elevation,3860.7
2026-09-26 13:58:03,Southern Owens Valley,Tinemaha Reservoir Outflow,476.6
2026-09-26 13:58:03,Southern Owens Valley,Indep. Ck. At Junction Flow,2.9
2026-09-26 13:58:03,Southern Owens Valley,LAA at Alabama Flow,387.0
2026-09-26 13:58:03,Southern Owens Valley,LAA at Alabama Level,7.7
2026-09-26 13:58:03,Southern Owens Valley,LAA at Alabama Water Temp,65.4
2026-09-26 13:58:03,Southern Owens Valley,Cottonwood Ck. At LAA Flow,0.0
2026-09-26 13:58:03,Southern Owens Valley,LAA at Cottonwood Flow,353.0
2026-09-26 13:58:03,Southern Owens Valley,LAA at Cottonwood Level,7.8
2026-09-26 13:58:03,Southern Owens Valley,LAA at Cotton. Water Temp,67.3
2026-09-26 13:58:03,Southern Owens Valley,N. Haiwee Elevation,3756.3
2026-09-26 13:58:03,Southern Owens Valley,S. Haiwee Reservoir Elevation,3721.9
2026-09-26 13:58:03,Southern Owens Valley,Haiwee LAA #1 Current Flow,0.0
2026-09-26 13:58:03,Southern Owens Valley,Haiwee LAA #2 Current Flow,221.6
2026-09-26 13:58:03,Southern Owens Valley,Reinhackel Flow,2.9
2026-09-26 13:58:03,Southern Owens Valley,Lubkin Spillgate Outflow,40.8
2026-09-26 13:58:03,Southern Owens Valley,Cartago Spillgate Outflow,96.2
2026-09-26 13:58:03,Southern Owens Valley,Lone Pine Creek Flow,5.4
2026-09-26 13:58:03,Lower Owens River Project,LORP Intake Flow,80.0
2026-09-26 13:58:03,Lower Owens River Project,LORP at Mazourka Canyon Road,0.0
2026-09-26 13:58:03,Lower Owens River Project,LORP at Reinhackle Springs,62.0
2026-09-26 13:58:03,Lower Owens River Project,LORP Above Pumpstation,59.0
2026-09-26 13:58:03,Lower Owens River Project,LORP At Pump Station Discharge Flow,48.0
2026-09-26 13:58:03,Southern District,Haiwee LAA #2 Current Flow,221.6
2026-09-26 13:58:03,Southern District,S. Haiwee Reservoir Elevation,3721.9
2026-09-26 13:58:03,Southern District,Haiwee LAA #1 Current Flow,0.0
2026-09-26 13:58:03,Southern District,Fairmont Reservoir Elevation,3022.3
2026-09-26 13:58:03,Southern District,LAA #1 Flow at Fairmont Reservoir,181.6
2026-09-26 13:58:03,Southern District,LAA #2 Flow at Fairmont Res.,235.7
2026-09-26 13:58:03,Southern District,Bouquet Reservoir Elevation,2977.3
2026-09-26 13:58:03,Southern District,Bouquet Reservoir Inflow,49.5
2026-09-26 13:58:03,Southern District,Bouquet Reservoir Outflow,0.7
2026-09-26 13:58:03,Southern District,LAA #1 at Soledad Flow,131.6
2026-09-26 13:58:03,Southern District,LAA #2 at Soledad Flow,212.4
2026-09-26 14:13:03,Mono Basin,Lee Vining Intake Above Flow,36.6
2026-09-26 14:13:03,Mono Basin,Lee Vining Intake Below Flow,29.9
2026-09-26 14:13:03,Mono Basin,Mono Lk. Elevation,6381.7
2026-09-26 14:13:03,Mono Basin,Walker Ck. Above Conduit Flow,2.0
2026-09-26 14:13:03,Mono Basin,L.V. Conduit Below Intake Flow,7.9
2026-09-26 14:13:03,Mono Basin,Walker Ck. Under Conduit Flow,2.0
2026-09-26 14:13:03,Mono Basin,Parker Ck. Under Conduit Flow,6.0
2026-09-26 14:13:03,Mono Basin,Parker Ck. Above Conduit Flow,6.0
2026-09-26 14:13:03,Mono Basin,Grant Lk. Spill Flow,0.0
2026-09-26 14:13:03,Mono Basin,Mono Gate 1 Return Ditch Flow,40.8
2026-09-26 14:13:03,Mono Basin,Grant Lk. Elevation,7128.3
2026-09-26 14:13:03,Mono Basin,Grant Lk. Outflow,39.3
2026-09-26 14:13:03,Mono Basin,Rush Ck. at Damsite Flow,23.7
2026-09-26 14:13:03,Mono Basin,Flow to West Portal,0.0
2026-09-26 14:13:03,Long Valley,East Portal Flow,12.0
2026-09-26 14:13:03,Long Valley,OR Below EP Flow,57.0
2026-09-26 14:13:03,Long Valley,Hot Ck.at Hwy. Flow,4.0
2026-09-26 14:13:03,Long Valley,McGee Ck. Lower Sta. Flow,8.2
2026-09-26 14:13:03,Long Valley,Long Valley Elevation,6766.1
2026-09-26 14:13:03,Long Valley,Long Valley Current Outflow,0.1
2026-09-26 14:13:03,Long Valley,Rock Ck. Div. Flow,0.0
2026-09-26 14:13:03,Long Valley,Upper Gorge Total Release,35.9
2026-09-26 14:13:03,Long Valley,Release at Middle Gorge,0.0
2026-09-26 14:13:03,Northern Owens Valley,Rock Ck. At Owens River (PV) Flow,26.4
2026-09-26 14:13:03,Northern Owens Valley,Pleasant Valley Elevation,4383.2
2026-09-26 14:13:03,Northern Owens Valley,Pleasant Valley Outflow,452.8
2026-09-26 14:13:03,Northern Owens Valley,Baker Ck. At LA Station Flow,6.2
2026-09-26 14:13:03,Northern Owens Valley,Big Pine Ck. USGS Flow,24.8
2026-09-26 14:13:03,Northern Owens Valley,O.R. Below Big Pine,443.9
2026-09-26 14:13:03,Northern Owens Valley,Fish Springs At RR Flow,36.4
2026-09-26 14:13:03,Northern Owens Valley,Tinemaha Reservoir Outflow,476.6
2026-09-26 14:13:03,Northern Owens Valley,Bishop Creek Through Plant 6,58.3
2026-09-26 14:13:03,Northern Owens Valley,Bishop Creek Around Plant 6,6.2
2026-09-26 14:13:03,Southern Owens Valley,Tinemaha Reservoir Outflow,476.6
2026-09-26 14:13:03,Southern Owens Valley,Indep. Ck. At Junction Flow,2.9
2026-09-26 14:13:03,Southern Owens Valley,LAA at Alabama Flow,387.0
2026-09-26 14:13:03,Southern Owens Valley,LAA at Alabama Level,7.7
2026-09-26 14:13:03,Southern Owens Valley,LAA at Alabama Water Temp,66.0
2026-09-26 14:13:03,Southern Owens Valley,Cottonwood Ck. At LAA Flow,0.0
2026-09-26 14:13:03,Southern Owens Valley,LAA at Cottonwood Flow,353.0
2026-09-26 14:13:03,Southern Owens Valley,LAA at Cottonwood Level,7.8
2026-09-26 14:13:03,Southern Owens Valley,LAA at Cotton. Water Temp,67.3
2026-09-26 14:13:03,Southern Owens Valley,N. Haiwee Elevation,3756.3
2026-09-26 14:13:03,Southern Owens Valley,S. Haiwee Reservoir Elevation,3721.9
2026-09-26 14:13:03,Southern Owens Valley,Haiwee LAA #1 Current Flow,0.0
2026-09-26 14:13:03,Southern Owens Valley,Haiwee LAA #2 Current Flow,221.6
2026-09-26 14:13:03,Southern Owens Valley,Reinhackel Flow,2.9
2026-09-26 14:13:03,Southern Owens Valley,Lubkin Spillgate Outflow,40.8
2026-09-26 14:13:03,Southern Owens Valley,Cartago Spillgate Outflow,88.4
2026-09-26 14:13:03,Southern Owens Valley,Lone Pine Creek Flow,5.4
2026-09-26 14:13:03,Lower Owens River Project,LORP Intake Flow,80.0
2026-09-26 14:13:03,Lower Owens River Project,LORP at Mazourka Canyon Road,0.0
2026-09-26 14:13:03,Lower Owens River Project,LORP at Reinhackle Springs,62.0
2026-09-26 14:13:03,Lower Owens River Project,LORP Above Pumpstation,59.0
2026-09-26 14:13:03,Lower Owens River Project,LORP At Pump Station Discharge Flow,48.0
2026-09-26 14:13:03,Southern District,Haiwee LAA #2 Current Flow,221.6
2026-09-26 14:13:03,Southern District,S. Haiwee Reservoir Elevation,3721.9
2026-09-26 14:13:03,Southern District,Haiwee LAA #1 Current Flow,0.0
2026-09-26 14:13:03,Southern District,LAA #1 Flow at Fairmont Reservoir,182.4
2026-09-26 14:13:03,Southern District,LAA #2 Flow at Fairmont Res.,235.7
2026-09-26 14:13:03,Southern District,Bouquet Reservoir Inflow,55.3
2026-09-26 14:13:03,Southern District,Bouquet Reservoir Outflow,0.7
2026-09-26 14:13:03,Southern District,LAA #1 at Soledad Flow,131.6
2026-09-26 14:13:03,Southern District,LAA #2 at Soledad Flow,212.4
2026-09-26 14:13:04,Southern District,Fairmont Reservoir Elevation,3022.3
2026-09-26 14:13:04,Southern District,Bouquet Reservoir Elevation,2977.3
2026-09-26 14:28:03,Mono Basin,Lee Vining Intake Above Flow,36.6
2026-09-26 14:28:03,Mono Basin,Lee Vining Intake Below Flow,29.9
2026-09-26 14:28:03,Mono Basin,Mono Lk. Elevation,6381.7
2026-09-26 14:28:03,Mono Basin,Walker Ck. Above Conduit Flow,2.0
2026-09-26 14:28:03,Mono Basin,L.V. Conduit Below Intake Flow,7.9
2026-09-26 14:28:03,Mono Basin,Walker Ck. Under Conduit Flow,2.0
2026-09-26 14:28:03,Mono Basin,Parker Ck. Under Conduit Flow,6.0
2026-09-26 14:28:03,Mono Basin,Parker Ck. Above Conduit Flow,6.0
2026-09-26 14:28:03,Mono Basin,Grant Lk. Spill Flow,0.0
2026-09-26 14:28:03,Mono Basin,Mono Gate 1 Return Ditch Flow,40.7
2026-09-26 14:28:03,Mono Basin,Grant Lk. Elevation,7128.3
2026-09-26 14:28:03,Mono Basin,Grant Lk. Outflow,39.2
2026-09-26 14:28:03,Mono Basin,Rush Ck. at Damsite Flow,23.7
2026-09-26 14:28:03,Mono Basin,Flow to West Portal,0.0
2026-09-26 14:28:03,Long Valley,East Portal Flow,12.0
2026-09-26 14:28:03,Long Valley,OR Below EP Flow,57.0
2026-09-26 14:28:03,Long Valley,Hot Ck.at Hwy. Flow,4.0
2026-09-26 14:28:03,Long Valley,McGee Ck. Lower Sta. Flow,8.2
2026-09-26 14:28:03,Long Valley,Long Valley Elevation,6766.1
2026-09-26 14:28:03,Long Valley,Long Valley Current Outflow,0.1
2026-09-26 14:28:03,Long Valley,Rock Ck. Div. Flow,0.0
2026-09-26 14:28:03,Long Valley,Upper Gorge Total Release,37.1
2026-09-26 14:28:03,Long Valley,Release at Middle Gorge,0.0
2026-09-26 14:28:03,Northern Owens Valley,Rock Ck. At Owens River (PV) Flow,26.4
2026-09-26 14:28:03,Northern Owens Valley,Pleasant Valley Elevation,4383.1
2026-09-26 14:28:03,Northern Owens Valley,Pleasant Valley Outflow,452.7
2026-09-26 14:28:03,Northern Owens Valley,Baker Ck. At LA Station Flow,6.2
2026-09-26 14:28:03,Northern Owens Valley,Big Pine Ck. USGS Flow,24.8
2026-09-26 14:28:03,Northern Owens Valley,O.R. Below Big Pine,444.1
2026-09-26 14:28:03,Northern Owens Valley,Fish Springs At RR Flow,36.4
2026-09-26 14:28:03,Northern Owens Valley,Tinemaha Elevation,3860.7
2026-09-26 14:28:03,Northern Owens Valley,Tinemaha Reservoir Outflow,476.6
2026-09-26 14:28:03,Northern Owens Valley,Bishop Creek Through Plant 6,58.3
2026-09-26 14:28:03,Northern Owens Valley,Bishop Creek Around Plant 6,6.2
2026-09-26 14:28:03,Southern Owens Valley,Tinemaha Elevation,3860.7
2026-09-26 14:28:03,Southern Owens Valley,Tinemaha Reservoir Outflow,476.6
2026-09-26 14:28:03,Southern Owens Valley,Indep. Ck. At Junction Flow,2.9
2026-09-26 14:28:03,Southern Owens Valley,LAA at Alabama Flow,387.0
2026-09-26 14:28:03,Southern Owens Valley,LAA at Alabama Level,7.7
2026-09-26 14:28:03,Southern Owens Valley,LAA at Alabama Water Temp,66.0
2026-09-26 14:28:03,Southern Owens Valley,Cottonwood Ck. At LAA Flow,0.0
2026-09-26 14:28:03,Southern Owens Valley,LAA at Cottonwood Flow,353.0
2026-09-26 14:28:03,Southern Owens Valley,LAA at Cottonwood Level,7.8
2026-09-26 14:28:03,Southern Owens Valley,LAA at Cotton. Water Temp,67.3
2026-09-26 14:28:03,Southern Owens Valley,N. Haiwee Elevation,3756.3
2026-09-26 14:28:03,Southern Owens Valley,S. Haiwee Reservoir Elevation,3721.9
2026-09-26 14:28:03,Southern Owens Valley,Haiwee LAA #1 Current Flow,0.0
2026-09-26 14:28:03,Southern Owens Valley,Haiwee LAA #2 Current Flow,221.6
2026-09-26 14:28:03,Southern Owens Valley,Reinhackel Flow,2.9
2026-09-26 14:28:03,Southern Owens Valley,Lubkin Spillgate Outflow,40.8
2026-09-26 14:28:03,Southern Owens Valley,Cartago Spillgate Outflow,92.6
2026-09-26 14:28:03,Southern Owens Valley,Lone Pine Creek Flow,5.4
2026-09-26 14:28:03,Lower Owens River Project,LORP Intake Flow,80.0
2026-09-26 14:28:03,Lower Owens River Project,LORP at Mazourka Canyon Road,0.0
2026-09-26 14:28:03,Lower Owens River Project,LORP at Reinhackle Springs,64.0
2026-09-26 14:28:03,Lower Owens River Project,LORP Above Pumpstation,59.0
2026-09-26 14:28:03,Lower Owens River Project,LORP At Pump Station Discharge Flow,48.0
2026-09-26 14:28:03,Southern District,Haiwee LAA #2 Current Flow,221.6
2026-09-26 14:28:03,Southern District,S. Haiwee Reservoir Elevation,3721.9
2026-09-26 14:28:03,Southern District,Haiwee LAA #1 Current Flow,0.0
2026-09-26 14:28:03,Southern District,Fairmont Reservoir Elevation,3022.3
2026-09-26 14:28:03,Southern District,LAA #1 Flow at Fairmont Reservoir,181.0
2026-09-26 14:28:03,Southern District,LAA #2 Flow at Fairmont Res.,235.6
2026-09-26 14:28:03,Southern District,Bouquet Reservoir Elevation,2977.3
2026-09-26 14:28:03,Southern District,Bouquet Reservoir Inflow,49.8
2026-09-26 14:28:03,Southern District,Bouquet Reservoir Outflow,0.7
2026-09-26 14:28:03,Southern District,LAA #1 at Soledad Flow,131.6
2026-09-26 14:28:03,Southern District,LAA #2 at Soledad Flow,212.4
2026-09-26 14:43:03,Mono Basin,Lee Vining Intake Above Flow,36.5
2026-09-26 14:43:03,Mono Basin,Lee Vining Intake Below Flow,29.9
2026-09-26 14:43:03,Mono Basin,Mono Lk. Elevation,6381.7
2026-09-26 14:43:03,Mono Basin,Walker Ck. Above Conduit Flow,2.0
2026-09-26 14:43:03,Mono Basin,L.V. Conduit Below Intake Flow,7.8
2026-09-26 14:43:03,Mono Basin,Walker Ck. Under Conduit Flow,2.0
2026-09-26 14:43:03,Mono Basin,Parker Ck. Under Conduit Flow,6.0
2026-09-26 14:43:03,Mono Basin,Parker Ck. Above Conduit Flow,6.0
2026-09-26 14:43:03,Mono Basin,Grant Lk. Spill Flow,0.0
2026-09-26 14:43:03,Mono Basin,Mono Gate 1 Return Ditch Flow,40.7
2026-09-26 14:43:03,Mono Basin,Grant Lk. Elevation,7128.3
2026-09-26 14:43:03,Mono Basin,Grant Lk. Outflow,39.2
2026-09-26 14:43:03,Mono Basin,Rush Ck. at Damsite Flow,23.7
2026-09-26 14:43:03,Mono Basin,Flow to West Portal,0.0
2026-09-26 14:43:03,Long Valley,East Portal Flow,12.0
2026-09-26 14:43:03,Long Valley,OR Below EP Flow,57.0
2026-09-26 14:43:03,Long Valley,Hot Ck.at Hwy. Flow,4.0
2026-09-26 14:43:03,Long Valley,McGee Ck. Lower Sta. Flow,8.2
2026-09-26 14:43:03,Long Valley,Long Valley Elevation,6766.1
2026-09-26 14:43:03,Long Valley,Long Valley Current Outflow,0.1
2026-09-26 14:43:03,Long Valley,Rock Ck. Div. Flow,0.0
2026-09-26 14:43:03,Long Valley,Upper Gorge Total Release,37.0
2026-09-26 14:43:03,Long Valley,Release at Middle Gorge,0.0
2026-09-26 14:43:03,Northern Owens Valley,Rock Ck. At Owens River (PV) Flow,26.4
2026-09-26 14:43:03,Northern Owens Valley,Pleasant Valley Elevation,4383.0
2026-09-26 14:43:03,Northern Owens Valley,Pleasant Valley Outflow,474.0
2026-09-26 14:43:03,Northern Owens Valley,Baker Ck. At LA Station Flow,6.2
2026-09-26 14:43:03,Northern Owens Valley,Big Pine Ck. USGS Flow,24.8
2026-09-26 14:43:03,Northern Owens Valley,O.R. Below Big Pine,443.6
2026-09-26 14:43:03,Northern Owens Valley,Fish Springs At RR Flow,36.4
2026-09-26 14:43:03,Northern Owens Valley,Tinemaha Reservoir Outflow,476.6
2026-09-26 14:43:03,Northern Owens Valley,Bishop Creek Through Plant 6,58.3
2026-09-26 14:43:03,Northern Owens Valley,Bishop Creek Around Plant 6,6.2
2026-09-26 14:43:03,Southern Owens Valley,Tinemaha Reservoir Outflow,476.6
2026-09-26 14:43:03,Southern Owens Valley,Indep. Ck. At Junction Flow,2.9
2026-09-26 14:43:03,Southern Owens Valley,LAA at Alabama Flow,387.0
2026-09-26 14:43:03,Southern Owens Valley,LAA at Alabama Level,7.7
2026-09-26 14:43:03,Southern Owens Valley,LAA at Alabama Water Temp,66.0
2026-09-26 14:43:03,Southern Owens Valley,Cottonwood Ck. At LAA Flow,0.0
2026-09-26 14:43:03,Southern Owens Valley,LAA at Cottonwood Flow,355.0
2026-09-26 14:43:03,Southern Owens Valley,LAA at Cottonwood Level,7.8
2026-09-26 14:43:03,Southern Owens Valley,LAA at Cotton. Water Temp,67.4
2026-09-26 14:43:03,Southern Owens Valley,N. Haiwee Elevation,3756.2
2026-09-26 14:43:03,Southern Owens Valley,S. Haiwee Reservoir Elevation,3721.9
2026-09-26 14:43:03,Southern Owens Valley,Haiwee LAA #1 Current Flow,0.0
2026-09-26 14:43:03,Southern Owens Valley,Haiwee LAA #2 Current Flow,221.6
2026-09-26 14:43:03,Southern Owens Valley,Reinhackel Flow,2.9
2026-09-26 14:43:03,Southern Owens Valley,Lubkin Spillgate Outflow,42.6
2026-09-26 14:43:03,Southern Owens Valley,Cartago Spillgate Outflow,93.6
2026-09-26 14:43:03,Southern Owens Valley,Lone Pine Creek Flow,5.4
2026-09-26 14:43:03,Lower Owens River Project,LORP Intake Flow,81.0
2026-09-26 14:43:03,Lower Owens River Project,LORP at Mazourka Canyon Road,0.0
2026-09-26 14:43:03,Lower Owens River Project,LORP at Reinhackle Springs,64.0
2026-09-26 14:43:03,Lower Owens River Project,LORP Above Pumpstation,58.0
2026-09-26 14:43:03,Lower Owens River Project,LORP At Pump Station Discharge Flow,48.0
2026-09-26 14:43:03,Southern District,Haiwee LAA #2 Current Flow,221.6
2026-09-26 14:43:03,Southern District,S. Haiwee Reservoir Elevation,3721.9
2026-09-26 14:43:03,Southern District,Haiwee LAA #1 Current Flow,0.0
2026-09-26 14:43:03,Southern District,Fairmont Reservoir Elevation,3022.3
2026-09-26 14:43:03,Southern District,LAA #1 Flow at Fairmont Reservoir,182.6
2026-09-26 14:43:03,Southern District,LAA #2 Flow at Fairmont Res.,235.6
2026-09-26 14:43:03,Southern District,Bouquet Reservoir Elevation,2977.3
2026-09-26 14:43:03,Southern District,Bouquet Reservoir Inflow,54.1
2026-09-26 14:43:03,Southern District,Bouquet Reservoir Outflow,0.6
2026-09-26 14:43:03,Southern District,LAA #1 at Soledad Flow,131.6
2026-09-26 14:43:03,Southern District,LAA #2 at Soledad Flow,212.4
2026-09-26 14:58:03,Mono Basin,Lee Vining Intake Above Flow,36.5
2026-09-26 14:58:03,Mono Basin,Lee Vining Intake Below Flow,29.9
2026-09-26 14:58:03,Mono Basin,Mono Lk. Elevation,6381.7
2026-09-26 14:58:03,Mono Basin,Walker Ck. Above Conduit Flow,2.0
2026-09-26 14:58:03,Mono Basin,L.V. Conduit Below Intake Flow,7.8
2026-09-26 14:58:03,Mono Basin,Walker Ck. Under Conduit Flow,2.0
2026-09-26 14:58:03,Mono Basin,Parker Ck. Under Conduit Flow,6.0
2026-09-26 14:58:03,Mono Basin,Parker Ck. Above Conduit Flow,6.0
2026-09-26 14:58:03,Mono Basin,Grant Lk. Spill Flow,0.0
2026-09-26 14:58:03,Mono Basin,Mono Gate 1 Return Ditch Flow,40.7
2026-09-26 14:58:03,Mono Basin,Grant Lk. Elevation,7128.3
2026-09-26 14:58:03,Mono Basin,Grant Lk. Outflow,39.2
2026-09-26 14:58:03,Mono Basin,Rush Ck. at Damsite Flow,23.7
2026-09-26 14:58:03,Mono Basin,Flow to West Portal,0.0
2026-09-26 14:58:03,Long Valley,East Portal Flow,12.0
2026-09-26 14:58:03,Long Valley,OR Below EP Flow,57.0
2026-09-26 14:58:03,Long Valley,Hot Ck.at Hwy. Flow,4.0
2026-09-26 14:58:03,Long Valley,McGee Ck. Lower Sta. Flow,8.2
2026-09-26 14:58:03,Long Valley,Long Valley Elevation,6766.1
2026-09-26 14:58:03,Long Valley,Long Valley Current Outflow,0.1
2026-09-26 14:58:03,Long Valley,Rock Ck. Div. Flow,0.0
2026-09-26 14:58:03,Long Valley,Upper Gorge Total Release,35.2
2026-09-26 14:58:03,Long Valley,Release at Middle Gorge,0.0
2026-09-26 14:58:03,Northern Owens Valley,Rock Ck. At Owens River (PV) Flow,26.4
2026-09-26 14:58:03,Northern Owens Valley,Pleasant Valley Elevation,4382.9
2026-09-26 14:58:03,Northern Owens Valley,Pleasant Valley Outflow,473.2
2026-09-26 14:58:03,Northern Owens Valley,Baker Ck. At LA Station Flow,6.2
2026-09-26 14:58:03,Northern Owens Valley,Big Pine Ck. USGS Flow,24.8
2026-09-26 14:58:03,Northern Owens Valley,O.R. Below Big Pine,443.8
2026-09-26 14:58:03,Northern Owens Valley,Fish Springs At RR Flow,36.4
2026-09-26 14:58:03,Northern Owens Valley,Tinemaha Elevation,3860.7
2026-09-26 14:58:03,Northern Owens Valley,Tinemaha Reservoir Outflow,476.6
2026-09-26 14:58:03,Northern Owens Valley,Bishop Creek Through Plant 6,58.3
2026-09-26 14:58:03,Northern Owens Valley,Bishop Creek Around Plant 6,6.2
2026-09-26 14:58:03,Southern Owens Valley,Tinemaha Elevation,3860.7
2026-09-26 14:58:03,Southern Owens Valley,Tinemaha Reservoir Outflow,476.6
2026-09-26 14:58:03,Southern Owens Valley,Indep. Ck. At Junction Flow,2.9
2026-09-26 14:58:03,Southern Owens Valley,LAA at Alabama Flow,387.0
2026-09-26 14:58:03,Southern Owens Valley,LAA at Alabama Level,7.7
2026-09-26 14:58:03,Southern Owens Valley,LAA at Alabama Water Temp,66.0
2026-09-26 14:58:03,Southern Owens Valley,Cottonwood Ck. At LAA Flow,0.0
2026-09-26 14:58:03,Southern Owens Valley,LAA at Cottonwood Flow,355.0
2026-09-26 14:58:03,Southern Owens Valley,LAA at Cottonwood Level,7.8
2026-09-26 14:58:03,Southern Owens Valley,LAA at Cotton. Water Temp,67.4
2026-09-26 14:58:03,Southern Owens Valley,N. Haiwee Elevation,3756.2
2026-09-26 14:58:03,Southern Owens Valley,S. Haiwee Reservoir Elevation,3721.9
2026-09-26 14:58:03,Southern Owens Valley,Haiwee LAA #1 Current Flow,0.0
2026-09-26 14:58:03,Southern Owens Valley,Haiwee LAA #2 Current Flow,221.6
2026-09-26 14:58:03,Southern Owens Valley,Reinhackel Flow,2.9
2026-09-26 14:58:03,Southern Owens Valley,Lubkin Spillgate Outflow,42.6
2026-09-26 14:58:03,Southern Owens Valley,Cartago Spillgate Outflow,90.9
2026-09-26 14:58:03,Southern Owens Valley,Lone Pine Creek Flow,5.4
2026-09-26 14:58:03,Lower Owens River Project,LORP Intake Flow,81.0
2026-09-26 14:58:03,Lower Owens River Project,LORP at Mazourka Canyon Road,0.0
2026-09-26 14:58:03,Lower Owens River Project,LORP at Reinhackle Springs,64.0
2026-09-26 14:58:03,Lower Owens River Project,LORP Above Pumpstation,59.0
2026-09-26 14:58:03,Lower Owens River Project,LORP At Pump Station Discharge Flow,49.0
2026-09-26 14:58:03,Southern District,Haiwee LAA #2 Current Flow,221.6
2026-09-26 14:58:03,Southern District,S. Haiwee Reservoir Elevation,3721.9
2026-09-26 14:58:03,Southern District,Haiwee LAA #1 Current Flow,0.0
2026-09-26 14:58:03,Southern District,Fairmont Reservoir Elevation,3022.3
2026-09-26 14:58:03,Southern District,LAA #1 Flow at Fairmont Reservoir,182.4
2026-09-26 14:58:03,Southern District,LAA #2 Flow at Fairmont Res.,235.7
2026-09-26 14:58:03,Southern District,Bouquet Reservoir Elevation,2977.4
2026-09-26 14:58:03,Southern District,Bouquet Reservoir Inflow,53.5
2026-09-26 14:58:03,Southern District,Bouquet Reservoir Outflow,0.5
2026-09-26 14:58:03,Southern District,LAA #1 at Soledad Flow,131.6
2026-09-26 14:58:03,Southern District,LAA #2 at Soledad Flow,212.4
2026-09-26 15:13:03,Mono Basin,Lee Vining Intake Above Flow,35.2
2026-09-26 15:13:03,Mono Basin,Lee Vining Intake Below Flow,29.8
2026-09-26 15:13:03,Mono Basin,Mono Lk. Elevation,6381.7
2026-09-26 15:13:03,Mono Basin,Walker Ck. Above Conduit Flow,2.0
2026-09-26 15:13:03,Mono Basin,L.V. Conduit Below Intake Flow,7.7
2026-09-26 15:13:03,Mono Basin,Walker Ck. Under Conduit Flow,2.0
2026-09-26 15:13:03,Mono Basin,Parker Ck. Under Conduit Flow,5.0
2026-09-26 15:13:03,Mono Basin,Parker Ck. Above Conduit Flow,6.0
2026-09-26 15:13:03,Mono Basin,Grant Lk. Spill Flow,0.0
2026-09-26 15:13:03,Mono Basin,Mono Gate 1 Return Ditch Flow,40.7
2026-09-26 15:13:03,Mono Basin,Grant Lk. Elevation,7128.3
2026-09-26 15:13:03,Mono Basin,Grant Lk. Outflow,39.2
2026-09-26 15:13:03,Mono Basin,Rush Ck. at Damsite Flow,23.7
2026-09-26 15:13:03,Mono Basin,Flow to West Portal,0.0
2026-09-26 15:13:03,Long Valley,East Portal Flow,12.0
2026-09-26 15:13:03,Long Valley,OR Below EP Flow,57.0
2026-09-26 15:13:03,Long Valley,Hot Ck.at Hwy. Flow,4.0
2026-09-26 15:13:03,Long Valley,McGee Ck. Lower Sta. Flow,8.0
2026-09-26 15:13:03,Long Valley,Long Valley Elevation,6766.1
2026-09-26 15:13:03,Long Valley,Long Valley Current Outflow,0.1
2026-09-26 15:13:03,Long Valley,Rock Ck. Div. Flow,0.0
2026-09-26 15:13:03,Long Valley,Upper Gorge Total Release,36.6
2026-09-26 15:13:03,Long Valley,Release at Middle Gorge,0.0
2026-09-26 15:13:03,Northern Owens Valley,Rock Ck. At Owens River (PV) Flow,26.4
2026-09-26 15:13:03,Northern Owens Valley,Pleasant Valley Elevation,4382.8
2026-09-26 15:13:03,Northern Owens Valley,Pleasant Valley Outflow,473.0
2026-09-26 15:13:03,Northern Owens Valley,Baker Ck. At LA Station Flow,6.2
2026-09-26 15:13:03,Northern Owens Valley,Big Pine Ck. USGS Flow,24.8
2026-09-26 15:13:03,Northern Owens Valley,O.R. Below Big Pine,443.5
2026-09-26 15:13:03,Northern Owens Valley,Fish Springs At RR Flow,36.4
2026-09-26 15:13:03,Northern Owens Valley,Tinemaha Reservoir Outflow,476.6
2026-09-26 15:13:03,Northern Owens Valley,Bishop Creek Through Plant 6,58.3
2026-09-26 15:13:03,Northern Owens Valley,Bishop Creek Around Plant 6,6.2
2026-09-26 15:13:03,Southern Owens Valley,Tinemaha Reservoir Outflow,476.6
2026-09-26 15:13:03,Southern Owens Valley,Indep. Ck. At Junction Flow,2.9
2026-09-26 15:13:03,Southern Owens Valley,LAA at Alabama Flow,386.0
2026-09-26 15:13:03,Southern Owens Valley,LAA at Alabama Level,7.7
2026-09-26 15:13:03,Southern Owens Valley,LAA at Alabama Water Temp,66.6
2026-09-26 15:13:03,Southern Owens Valley,Cottonwood Ck. At LAA Flow,0.0
2026-09-26 15:13:03,Southern Owens Valley,LAA at Cottonwood Flow,354.0
2026-09-26 15:13:03,Southern Owens Valley,LAA at Cottonwood Level,7.8
2026-09-26 15:13:03,Southern Owens Valley,LAA at Cotton. Water Temp,67.5
2026-09-26 15:13:03,Southern Owens Valley,N. Haiwee Elevation,3756.2
2026-09-26 15:13:03,Southern Owens Valley,S. Haiwee Reservoir Elevation,3721.9
2026-09-26 15:13:03,Southern Owens Valley,Haiwee LAA #1 Current Flow,0.0
2026-09-26 15:13:03,Southern Owens Valley,Haiwee LAA #2 Current Flow,221.6
2026-09-26 15:13:03,Southern Owens Valley,Reinhackel Flow,2.9
2026-09-26 15:13:03,Southern Owens Valley,Lubkin Spillgate Outflow,42.6
2026-09-26 15:13:03,Southern Owens Valley,Cartago Spillgate Outflow,82.5
2026-09-26 15:13:03,Southern Owens Valley,Lone Pine Creek Flow,5.3
2026-09-26 15:13:03,Lower Owens River Project,LORP Intake Flow,81.0
2026-09-26 15:13:03,Lower Owens River Project,LORP at Mazourka Canyon Road,0.0
2026-09-26 15:13:03,Lower Owens River Project,LORP at Reinhackle Springs,64.0
2026-09-26 15:13:03,Lower Owens River Project,LORP Above Pumpstation,59.0
2026-09-26 15:13:03,Lower Owens River Project,LORP At Pump Station Discharge Flow,49.0
2026-09-26 15:13:03,Southern District,Haiwee LAA #2 Current Flow,221.6
2026-09-26 15:13:03,Southern District,S. Haiwee Reservoir Elevation,3721.9
2026-09-26 15:13:03,Southern District,Haiwee LAA #1 Current Flow,0.0
2026-09-26 15:13:03,Southern District,Fairmont Reservoir Elevation,3022.3
2026-09-26 15:13:03,Southern District,LAA #1 Flow at Fairmont Reservoir,181.0
2026-09-26 15:13:03,Southern District,LAA #2 Flow at Fairmont Res.,235.7
2026-09-26 15:13:03,Southern District,Bouquet Reservoir Elevation,2977.4
2026-09-26 15:13:03,Southern District,Bouquet Reservoir Inflow,53.0
2026-09-26 15:13:03,Southern District,Bouquet Reservoir Outflow,0.6
2026-09-26 15:13:03,Southern District,LAA #1 at Soledad Flow,131.6
2026-09-26 15:13:03,Southern District,LAA #2 at Soledad Flow,212.4
2026-09-26 15:28:03,Mono Basin,Lee Vining Intake Above Flow,34.4
2026-09-26 15:28:03,Mono Basin,Lee Vining Intake Below Flow,29.9
2026-09-26 15:28:03,Mono Basin,Mono Lk. Elevation,6381.7
2026-09-26 15:28:03,Mono Basin,Walker Ck. Above Conduit Flow,2.0
2026-09-26 15:28:03,Mono Basin,L.V. Conduit Below Intake Flow,7.5
2026-09-26 15:28:03,Mono Basin,Walker Ck. Under Conduit Flow,2.0
2026-09-26 15:28:03,Mono Basin,Parker Ck. Under Conduit Flow,5.0
2026-09-26 15:28:03,Mono Basin,Parker Ck. Above Conduit Flow,6.0
2026-09-26 15:28:03,Mono Basin,Grant Lk. Spill Flow,0.0
2026-09-26 15:28:03,Mono Basin,Mono Gate 1 Return Ditch Flow,40.7
2026-09-26 15:28:03,Mono Basin,Grant Lk. Elevation,7128.3
2026-09-26 15:28:03,Mono Basin,Grant Lk. Outflow,39.5
2026-09-26 15:28:03,Mono Basin,Rush Ck. at Damsite Flow,20.4
2026-09-26 15:28:03,Mono Basin,Flow to West Portal,0.0
2026-09-26 15:28:03,Long Valley,East Portal Flow,12.0
2026-09-26 15:28:03,Long Valley,OR Below EP Flow,57.0
2026-09-26 15:28:03,Long Valley,Hot Ck.at Hwy. Flow,4.0
2026-09-26 15:28:03,Long Valley,McGee Ck. Lower Sta. Flow,8.0
2026-09-26 15:28:03,Long Valley,Long Valley Elevation,6766.1
2026-09-26 15:28:03,Long Valley,Long Valley Current Outflow,0.1
2026-09-26 15:28:03,Long Valley,Rock Ck. Div. Flow,0.0
2026-09-26 15:28:03,Long Valley,Upper Gorge Total Release,35.6
2026-09-26 15:28:03,Long Valley,Release at Middle Gorge,0.0
2026-09-26 15:28:03,Northern Owens Valley,Rock Ck. At Owens River (PV) Flow,26.4
2026-09-26 15:28:03,Northern Owens Valley,Pleasant Valley Elevation,4382.7
2026-09-26 15:28:03,Northern Owens Valley,Pleasant Valley Outflow,472.8
2026-09-26 15:28:03,Northern Owens Valley,Baker Ck. At LA Station Flow,6.2
2026-09-26 15:28:03,Northern Owens Valley,Big Pine Ck. USGS Flow,24.8
2026-09-26 15:28:03,Northern Owens Valley,O.R. Below Big Pine,443.3
2026-09-26 15:28:03,Northern Owens Valley,Fish Springs At RR Flow,36.4
2026-09-26 15:28:03,Northern Owens Valley,Tinemaha Elevation,3860.7
2026-09-26 15:28:03,Northern Owens Valley,Tinemaha Reservoir Outflow,475.8
2026-09-26 15:28:03,Northern Owens Valley,Bishop Creek Through Plant 6,58.3
2026-09-26 15:28:03,Northern Owens Valley,Bishop Creek Around Plant 6,6.2
2026-09-26 15:28:03,Southern Owens Valley,Tinemaha Elevation,3860.7
2026-09-26 15:28:03,Southern Owens Valley,Tinemaha Reservoir Outflow,475.8
2026-09-26 15:28:03,Southern Owens Valley,Indep. Ck. At Junction Flow,2.9
2026-09-26 15:28:03,Southern Owens Valley,LAA at Alabama Flow,388.0
2026-09-26 15:28:03,Southern Owens Valley,LAA at Alabama Level,7.7
2026-09-26 15:28:03,Southern Owens Valley,LAA at Alabama Water Temp,66.8
2026-09-26 15:28:03,Southern Owens Valley,Cottonwood Ck. At LAA Flow,0.0
2026-09-26 15:28:03,Southern Owens Valley,LAA at Cottonwood Flow,354.0
2026-09-26 15:28:03,Southern Owens Valley,LAA at Cottonwood Level,7.8
2026-09-26 15:28:03,Southern Owens Valley,LAA at Cotton. Water Temp,67.5
2026-09-26 15:28:03,Southern Owens Valley,N. Haiwee Elevation,3756.2
2026-09-26 15:28:03,Southern Owens Valley,S. Haiwee Reservoir Elevation,3721.9
2026-09-26 15:28:03,Southern Owens Valley,Haiwee LAA #1 Current Flow,0.0
2026-09-26 15:28:03,Southern Owens Valley,Haiwee LAA #2 Current Flow,221.6
2026-09-26 15:28:03,Southern Owens Valley,Reinhackel Flow,2.9
2026-09-26 15:28:03,Southern Owens Valley,Lubkin Spillgate Outflow,42.6
2026-09-26 15:28:03,Southern Owens Valley,Cartago Spillgate Outflow,103.8
2026-09-26 15:28:03,Southern Owens Valley,Lone Pine Creek Flow,5.3
2026-09-26 15:28:03,Lower Owens River Project,LORP Intake Flow,81.0
2026-09-26 15:28:03,Lower Owens River Project,LORP at Mazourka Canyon Road,0.0
2026-09-26 15:28:03,Lower Owens River Project,LORP at Reinhackle Springs,64.0
2026-09-26 15:28:03,Lower Owens River Project,LORP Above Pumpstation,58.0
2026-09-26 15:28:03,Lower Owens River Project,LORP At Pump Station Discharge Flow,48.0
2026-09-26 15:28:03,Southern District,Haiwee LAA #2 Current Flow,221.6
2026-09-26 15:28:03,Southern District,S. Haiwee Reservoir Elevation,3721.9
2026-09-26 15:28:03,Southern District,Haiwee LAA #1 Current Flow,0.0
2026-09-26 15:28:03,Southern District,Fairmont Reservoir Elevation,3022.3
2026-09-26 15:28:03,Southern District,LAA #1 Flow at Fairmont Reservoir,181.1
2026-09-26 15:28:03,Southern District,LAA #2 Flow at Fairmont Res.,235.7
2026-09-26 15:28:03,Southern District,Bouquet Reservoir Elevation,2977.4
2026-09-26 15:28:03,Southern District,Bouquet Reservoir Inflow,51.2
2026-09-26 15:28:03,Southern District,Bouquet Reservoir Outflow,0.5
2026-09-26 15:28:03,Southern District,LAA #1 at Soledad Flow,131.6
2026-09-26 15:28:03,Southern District,LAA #2 at Soledad Flow,212.4
2026-09-26 15:43:03,Mono Basin,Lee Vining Intake Above Flow,33.2
2026-09-26 15:43:03,Mono Basin,Lee Vining Intake Below Flow,29.7
2026-09-26 15:43:03,Mono Basin,Mono Lk. Elevation,6381.7
2026-09-26 15:43:03,Mono Basin,Walker Ck. Above Conduit Flow,2.0
2026-09-26 15:43:03,Mono Basin,L.V. Conduit Below Intake Flow,7.3
2026-09-26 15:43:03,Mono Basin,Walker Ck. Under Conduit Flow,2.0
2026-09-26 15:43:03,Mono Basin,Parker Ck. Under Conduit Flow,5.0
2026-09-26 15:43:03,Mono Basin,Parker Ck. Above Conduit Flow,6.0
2026-09-26 15:43:03,Mono Basin,Grant Lk. Spill Flow,0.0
2026-09-26 15:43:03,Mono Basin,Mono Gate 1 Return Ditch Flow,40.7
2026-09-26 15:43:03,Mono Basin,Grant Lk. Elevation,7128.3
2026-09-26 15:43:03,Mono Basin,Grant Lk. Outflow,39.5
2026-09-26 15:43:03,Mono Basin,Rush Ck. at Damsite Flow,20.4
2026-09-26 15:43:03,Mono Basin,Flow to West Portal,0.0
2026-09-26 15:43:03,Long Valley,East Portal Flow,12.0
2026-09-26 15:43:03,Long Valley,OR Below EP Flow,57.0
2026-09-26 15:43:03,Long Valley,Hot Ck.at Hwy. Flow,4.0
2026-09-26 15:43:03,Long Valley,McGee Ck. Lower Sta. Flow,8.0
2026-09-26 15:43:03,Long Valley,Long Valley Elevation,6766.1
2026-09-26 15:43:03,Long Valley,Long Valley Current Outflow,0.1
2026-09-26 15:43:03,Long Valley,Rock Ck. Div. Flow,0.0
2026-09-26 15:43:03,Long Valley,Upper Gorge Total Release,36.2
2026-09-26 15:43:03,Long Valley,Release at Middle Gorge,0.0
2026-09-26 15:43:03,Northern Owens Valley,Rock Ck. At Owens River (PV) Flow,26.4
2026-09-26 15:43:03,Northern Owens Valley,Pleasant Valley Elevation,4382.6
2026-09-26 15:43:03,Northern Owens Valley,Pleasant Valley Outflow,472.5
2026-09-26 15:43:03,Northern Owens Valley,Baker Ck. At LA Station Flow,6.2
2026-09-26 15:43:03,Northern Owens Valley,Big Pine Ck. USGS Flow,24.2
2026-09-26 15:43:03,Northern Owens Valley,O.R. Below Big Pine,444.2
2026-09-26 15:43:03,Northern Owens Valley,Fish Springs At RR Flow,36.4
2026-09-26 15:43:03,Northern Owens Valley,Tinemaha Reservoir Outflow,475.8
2026-09-26 15:43:03,Northern Owens Valley,Bishop Creek Through Plant 6,57.9
2026-09-26 15:43:03,Northern Owens Valley,Bishop Creek Around Plant 6,6.4
2026-09-26 15:43:03,Southern Owens Valley,Tinemaha Reservoir Outflow,475.8
2026-09-26 15:43:03,Southern Owens Valley,Indep. Ck. At Junction Flow,2.9
2026-09-26 15:43:03,Southern Owens Valley,LAA at Alabama Flow,388.0
2026-09-26 15:43:03,Southern Owens Valley,LAA at Alabama Level,7.7
2026-09-26 15:43:03,Southern Owens Valley,LAA at Alabama Water Temp,66.8
2026-09-26 15:43:03,Southern Owens Valley,Cottonwood Ck. At LAA Flow,0.0
2026-09-26 15:43:03,Southern Owens Valley,LAA at Cottonwood Flow,354.0
2026-09-26 15:43:03,Southern Owens Valley,LAA at Cottonwood Level,7.8
2026-09-26 15:43:03,Southern Owens Valley,LAA at Cotton. Water Temp,67.4
2026-09-26 15:43:03,Southern Owens Valley,N. Haiwee Elevation,3756.2
2026-09-26 15:43:03,Southern Owens Valley,S. Haiwee Reservoir Elevation,3721.8
2026-09-26 15:43:03,Southern Owens Valley,Haiwee LAA #1 Current Flow,0.0
2026-09-26 15:43:03,Southern Owens Valley,Haiwee LAA #2 Current Flow,221.6
2026-09-26 15:43:03,Southern Owens Valley,Reinhackel Flow,2.9
2026-09-26 15:43:03,Southern Owens Valley,Lubkin Spillgate Outflow,42.6
2026-09-26 15:43:03,Southern Owens Valley,Cartago Spillgate Outflow,88.7
2026-09-26 15:43:03,Southern Owens Valley,Lone Pine Creek Flow,5.3
2026-09-26 15:43:03,Lower Owens River Project,LORP Intake Flow,81.0
2026-09-26 15:43:03,Lower Owens River Project,LORP at Mazourka Canyon Road,0.0
2026-09-26 15:43:03,Lower Owens River Project,LORP at Reinhackle Springs,64.0
2026-09-26 15:43:03,Lower Owens River Project,LORP Above Pumpstation,58.0
2026-09-26 15:43:03,Lower Owens River Project,LORP At Pump Station Discharge Flow,47.0
2026-09-26 15:43:03,Southern District,Haiwee LAA #2 Current Flow,221.6
2026-09-26 15:43:03,Southern District,S. Haiwee Reservoir Elevation,3721.8
2026-09-26 15:43:03,Southern District,Haiwee LAA #1 Current Flow,0.0
2026-09-26 15:43:03,Southern District,Fairmont Reservoir Elevation,3022.3
2026-09-26 15:43:03,Southern District,LAA #1 Flow at Fairmont Reservoir,181.1
2026-09-26 15:43:03,Southern District,LAA #2 Flow at Fairmont Res.,235.7
2026-09-26 15:43:03,Southern District,Bouquet Reservoir Elevation,2977.4
2026-09-26 15:43:03,Southern District,Bouquet Reservoir Inflow,53.2
2026-09-26 15:43:03,Southern District,Bouquet Reservoir Outflow,0.7
2026-09-26 15:43:03,Southern District,LAA #1 at Soledad Flow,131.6
2026-09-26 15:43:03,Southern District,LAA #2 at Soledad Flow,212.4
2026-09-26 15:58:03,Mono Basin,Lee Vining Intake Above Flow,33.2
2026-09-26 15:58:03,Mono Basin,Lee Vining Intake Below Flow,29.7
2026-09-26 15:58:03,Mono Basin,Mono Lk. Elevation,6381.7
2026-09-26 15:58:03,Mono Basin,Walker Ck. Above Conduit Flow,2.0
2026-09-26 15:58:03,Mono Basin,L.V. Conduit Below Intake Flow,7.3
2026-09-26 15:58:03,Mono Basin,Walker Ck. Under Conduit Flow,2.0
2026-09-26 15:58:03,Mono Basin,Parker Ck. Under Conduit Flow,5.0
2026-09-26 15:58:03,Mono Basin,Parker Ck. Above Conduit Flow,6.0
2026-09-26 15:58:03,Mono Basin,Grant Lk. Spill Flow,0.0
2026-09-26 15:58:03,Mono Basin,Mono Gate 1 Return Ditch Flow,40.7
2026-09-26 15:58:03,Mono Basin,Grant Lk. Elevation,7128.3
2026-09-26 15:58:03,Mono Basin,Grant Lk. Outflow,39.5
2026-09-26 15:58:03,Mono Basin,Rush Ck. at Damsite Flow,20.4
2026-09-26 15:58:03,Mono Basin,Flow to West Portal,0.0
2026-09-26 15:58:03,Long Valley,East Portal Flow,12.0
2026-09-26 15:58:03,Long Valley,OR Below EP Flow,57.0
2026-09-26 15:58:03,Long Valley,Hot Ck.at Hwy. Flow,5.0
2026-09-26 15:58:03,Long Valley,McGee Ck. Lower Sta. Flow,8.0
2026-09-26 15:58:03,Long Valley,Long Valley Elevation,6766.1
2026-09-26 15:58:03,Long Valley,Long Valley Current Outflow,0.1
2026-09-26 15:58:03,Long Valley,Rock Ck. Div. Flow,0.0
2026-09-26 15:58:03,Long Valley,Upper Gorge Total Release,37.7
2026-09-26 15:58:03,Long Valley,Release at Middle Gorge,0.0
2026-09-26 15:58:03,Northern Owens Valley,Rock Ck. At Owens River (PV) Flow,26.4
2026-09-26 15:58:03,Northern Owens Valley,Pleasant Valley Elevation,4382.5
2026-09-26 15:58:03,Northern Owens Valley,Pleasant Valley Outflow,471.4
2026-09-26 15:58:03,Northern Owens Valley,Baker Ck. At LA Station Flow,6.2
2026-09-26 15:58:03,Northern Owens Valley,Big Pine Ck. USGS Flow,24.2
2026-09-26 15:58:03,Northern Owens Valley,O.R. Below Big Pine,444.1
2026-09-26 15:58:03,Northern Owens Valley,Fish Springs At RR Flow,36.4
2026-09-26 15:58:03,Northern Owens Valley,Tinemaha Elevation,3860.7
2026-09-26 15:58:03,Northern Owens Valley,Tinemaha Reservoir Outflow,475.8
2026-09-26 15:58:03,Northern Owens Valley,Bishop Creek Through Plant 6,57.9
2026-09-26 15:58:03,Northern Owens Valley,Bishop Creek Around Plant 6,6.4
2026-09-26 15:58:03,Southern Owens Valley,Tinemaha Elevation,3860.7
2026-09-26 15:58:03,Southern Owens Valley,Tinemaha Reservoir Outflow,475.8
2026-09-26 15:58:03,Southern Owens Valley,Indep. Ck. At Junction Flow,2.9
2026-09-26 15:58:03,Southern Owens Valley,LAA at Alabama Flow,388.0
2026-09-26 15:58:03,Southern Owens Valley,LAA at Alabama Level,7.7
2026-09-26 15:58:03,Southern Owens Valley,LAA at Alabama Water Temp,66.8
2026-09-26 15:58:03,Southern Owens Valley,Cottonwood Ck. At LAA Flow,0.0
2026-09-26 15:58:03,Southern Owens Valley,LAA at Cottonwood Flow,354.0
2026-09-26 15:58:03,Southern Owens Valley,LAA at Cottonwood Level,7.8
2026-09-26 15:58:03,Southern Owens Valley,LAA at Cotton. Water Temp,67.4
2026-09-26 15:58:03,Southern Owens Valley,N. Haiwee Elevation,3756.2
2026-09-26 15:58:03,Southern Owens Valley,S. Haiwee Reservoir Elevation,3721.8
2026-09-26 15:58:03,Southern Owens Valley,Haiwee LAA #1 Current Flow,0.0
2026-09-26 15:58:03,Southern Owens Valley,Haiwee LAA #2 Current Flow,221.6
2026-09-26 15:58:03,Southern Owens Valley,Reinhackel Flow,2.9
2026-09-26 15:58:03,Southern Owens Valley,Lubkin Spillgate Outflow,42.6
2026-09-26 15:58:03,Southern Owens Valley,Cartago Spillgate Outflow,93.9
2026-09-26 15:58:03,Southern Owens Valley,Lone Pine Creek Flow,5.3
2026-09-26 15:58:03,Lower Owens River Project,LORP Intake Flow,81.0
2026-09-26 15:58:03,Lower Owens River Project,LORP at Mazourka Canyon Road,0.0
2026-09-26 15:58:03,Lower Owens River Project,LORP at Reinhackle Springs,64.0
2026-09-26 15:58:03,Lower Owens River Project,LORP Above Pumpstation,58.0
2026-09-26 15:58:03,Lower Owens River Project,LORP At Pump Station Discharge Flow,47.0
2026-09-26 15:58:03,Southern District,Haiwee LAA #2 Current Flow,221.6
2026-09-26 15:58:03,Southern District,S. Haiwee Reservoir Elevation,3721.8
2026-09-26 15:58:03,Southern District,Haiwee LAA #1 Current Flow,0.0
2026-09-26 15:58:03,Southern District,Fairmont Reservoir Elevation,3022.3
2026-09-26 15:58:03,Southern District,LAA #1 Flow at Fairmont Reservoir,181.7
2026-09-26 15:58:03,Southern District,LAA #2 Flow at Fairmont Res.,235.7
2026-09-26 15:58:03,Southern District,Bouquet Reservoir Elevation,2977.4
2026-09-26 15:58:03,Southern District,Bouquet Reservoir Inflow,42.7
2026-09-26 15:58:03,Southern District,Bouquet Reservoir Outflow,0.7
2026-09-26 15:58:03,Southern District,LAA #1 at Soledad Flow,131.6
2026-09-26 15:58:03,Southern District,LAA #2 at Soledad Flow,212.4
