date,district,source,value
2026-08-31 00:43:45,Mono Basin,Lee Vining Intake Above Flow,26.0
2026-08-31 00:43:45,Mono Basin,Lee Vining Intake Below Flow,29.3
2026-08-31 00:43:45,Mono Basin,Mono Lk. Elevation,6382.2
2026-08-31 00:43:45,Mono Basin,Walker Ck. Above Conduit Flow,4.0
2026-08-31 00:43:45,Mono Basin,L.V. Conduit Below Intake Flow,0.6
2026-08-31 00:43:45,Mono Basin,Walker Ck. Under Conduit Flow,4.0
2026-08-31 00:43:45,Mono Basin,Parker Ck. Under Conduit Flow,13.0
2026-08-31 00:43:45,Mono Basin,Parker Ck. Above Conduit Flow,14.0
2026-08-31 00:43:45,Mono Basin,Grant Lk. Spill Flow,0.0
2026-08-31 00:43:45,Mono Basin,Mono Gate 1 Return Ditch Flow,40.9
2026-08-31 00:43:45,Mono Basin,Grant Lk. Elevation,7129.1
2026-08-31 00:43:45,Mono Basin,Grant Lk. Outflow,40.0
2026-08-31 00:43:45,Mono Basin,Rush Ck. at Damsite Flow,11.6
2026-08-31 00:43:45,Mono Basin,Flow to West Portal,0.0
2026-08-31 00:43:45,Long Valley,East Portal Flow,12.0
2026-08-31 00:43:45,Long Valley,OR Below EP Flow,56.0
2026-08-31 00:43:45,Long Valley,Hot Ck.at Hwy. Flow,6.0
2026-08-31 00:43:45,Long Valley,McGee Ck. Lower Sta. Flow,10.5
2026-08-31 00:43:45,Long Valley,Long Valley Elevation,6770.3
2026-08-31 00:43:45,Long Valley,Long Valley Current Outflow,585.3
2026-08-31 00:43:45,Long Valley,Rock Ck. Div. Flow,0.0
2026-08-31 00:43:45,Long Valley,Upper Gorge Total Release,40.3
2026-08-31 00:43:45,Long Valley,Release at Middle Gorge,0.0
2026-08-31 00:43:45,Northern Owens Valley,Rock Ck. At Owens River (PV) Flow,27.0
2026-08-31 00:43:45,Northern Owens Valley,Pleasant Valley Elevation,4388.4
2026-08-31 00:43:45,Northern Owens Valley,Pleasant Valley Outflow,503.0
2026-08-31 00:43:45,Northern Owens Valley,Baker Ck. At LA Station Flow,6.4
2026-08-31 00:43:45,Northern Owens Valley,Big Pine Ck. USGS Flow,46.5
2026-08-31 00:43:45,Northern Owens Valley,O.R. Below Big Pine,494.9
2026-08-31 00:43:45,Northern Owens Valley,Fish Springs At RR Flow,35.9
2026-08-31 00:43:45,Northern Owens Valley,Tinemaha Reservoir Outflow,477.5
2026-08-31 00:43:45,Northern Owens Valley,Bishop Creek Through Plant 6,103.5
2026-08-31 00:43:45,Northern Owens Valley,Bishop Creek Around Plant 6,7.9
2026-08-31 00:43:45,Southern Owens Valley,Tinemaha Reservoir Outflow,477.5
2026-08-31 00:43:45,Southern Owens Valley,Indep. Ck. At Junction Flow,4.4
2026-08-31 00:43:45,Southern Owens Valley,LAA at Alabama Flow,411.0
2026-08-31 00:43:45,Southern Owens Valley,LAA at Alabama Level,7.9
2026-08-31 00:43:45,Southern Owens Valley,LAA at Alabama Water Temp,70.1
2026-08-31 00:43:45,Southern Owens Valley,Cottonwood Ck. At LAA Flow,0.0
2026-08-31 00:43:45,Southern Owens Valley,LAA at Cottonwood Flow,467.0
2026-08-31 00:43:45,Southern Owens Valley,LAA at Cottonwood Level,9.0
2026-08-31 00:43:45,Southern Owens Valley,LAA at Cotton. Water Temp,70.8
2026-08-31 00:43:45,Southern Owens Valley,N. Haiwee Elevation,3757.1
2026-08-31 00:43:45,Southern Owens Valley,S. Haiwee Reservoir Elevation,3728.3
2026-08-31 00:43:45,Southern Owens Valley,Haiwee LAA #1 Current Flow,0.0
2026-08-31 00:43:45,Southern Owens Valley,Haiwee LAA #2 Current Flow,52.3
2026-08-31 00:43:45,Southern Owens Valley,Reinhackel Flow,2.9
2026-08-31 00:43:45,Southern Owens Valley,Lubkin Spillgate Outflow,0.0
2026-08-31 00:43:45,Southern Owens Valley,Cartago Spillgate Outflow,0.0
2026-08-31 00:43:45,Southern Owens Valley,Lone Pine Creek Flow,9.6
2026-08-31 00:43:45,Lower Owens River Project,LORP Intake Flow,80.0
2026-08-31 00:43:45,Lower Owens River Project,LORP at Mazourka Canyon Road,0.0
2026-08-31 00:43:45,Lower Owens River Project,LORP at Reinhackle Springs,62.0
2026-08-31 00:43:45,Lower Owens River Project,LORP Above Pumpstation,51.0
2026-08-31 00:43:45,Lower Owens River Project,LORP At Pump Station Discharge Flow,48.0
2026-08-31 00:43:45,Southern District,Haiwee LAA #2 Current Flow,52.3
2026-08-31 00:43:45,Southern District,S. Haiwee Reservoir Elevation,3728.3
2026-08-31 00:43:45,Southern District,Haiwee LAA #1 Current Flow,0.0
2026-08-31 00:43:45,Southern District,Fairmont Reservoir Elevation,3023.6
2026-08-31 00:43:45,Southern District,LAA #1 Flow at Fairmont Reservoir,315.0
2026-08-31 00:43:45,Southern District,LAA #2 Flow at Fairmont Res.,47.8
2026-08-31 00:43:45,Southern District,Bouquet Reservoir Elevation,2973.4
2026-08-31 00:43:45,Southern District,Bouquet Reservoir Inflow,0.0
2026-08-31 00:43:45,Southern District,Bouquet Reservoir Outflow,125.0
2026-08-31 00:43:45,Southern District,LAA #1 at Soledad Flow,232.0
2026-08-31 00:43:45,Southern District,LAA #2 at Soledad Flow,244.8
2026-08-31 01:43:45,Mono Basin,Lee Vining Intake Above Flow,26.3
2026-08-31 01:43:45,Mono Basin,Lee Vining Intake Below Flow,29.3
2026-08-31 01:43:45,Mono Basin,Mono Lk. Elevation,6382.2
2026-08-31 01:43:45,Mono Basin,Walker Ck. Above Conduit Flow,4.0
2026-08-31 01:43:45,Mono Basin,L.V. Conduit Below Intake Flow,0.6
2026-08-31 01:43:45,Mono Basin,Walker Ck. Under Conduit Flow,4.0
2026-08-31 01:43:45,Mono Basin,Parker Ck. Under Conduit Flow,13.0
2026-08-31 01:43:45,Mono Basin,Parker Ck. Above Conduit Flow,14.0
2026-08-31 01:43:45,Mono Basin,Grant Lk. Spill Flow,0.0
2026-08-31 01:43:45,Mono Basin,Mono Gate 1 Return Ditch Flow,40.9
2026-08-31 01:43:45,Mono Basin,Grant Lk. Elevation,7129.1
2026-08-31 01:43:45,Mono Basin,Grant Lk. Outflow,39.9
2026-08-31 01:43:45,Mono Basin,Rush Ck. at Damsite Flow,11.6
2026-08-31 01:43:45,Mono Basin,Flow to West Portal,0.0
2026-08-31 01:43:45,Long Valley,East Portal Flow,12.0
2026-08-31 01:43:45,Long Valley,OR Below EP Flow,56.0
2026-08-31 01:43:45,Long Valley,Hot Ck.at Hwy. Flow,6.0
2026-08-31 01:43:45,Long Valley,McGee Ck. Lower Sta. Flow,10.5
2026-08-31 01:43:45,Long Valley,Long Valley Elevation,6770.3
2026-08-31 01:43:45,Long Valley,Long Valley Current Outflow,584.6
2026-08-31 01:43:45,Long Valley,Rock Ck. Div. Flow,0.0
2026-08-31 01:43:45,Long Valley,Upper Gorge Total Release,40.6
2026-08-31 01:43:45,Long Valley,Release at Middle Gorge,0.0
2026-08-31 01:43:45,Northern Owens Valley,Rock Ck. At Owens River (PV) Flow,27.1
2026-08-31 01:43:45,Northern Owens Valley,Pleasant Valley Elevation,4388.5
2026-08-31 01:43:45,Northern Owens Valley,Pleasant Valley Outflow,503.7
2026-08-31 01:43:45,Northern Owens Valley,Baker Ck. At LA Station Flow,6.4
2026-08-31 01:43:45,Northern Owens Valley,Big Pine Ck. USGS Flow,46.5
2026-08-31 01:43:45,Northern Owens Valley,O.R. Below Big Pine,493.6
2026-08-31 01:43:45,Northern Owens Valley,Fish Springs At RR Flow,35.9
2026-08-31 01:43:45,Northern Owens Valley,Tinemaha Reservoir Outflow,477.5
2026-08-31 01:43:45,Northern Owens Valley,Bishop Creek Through Plant 6,102.6
2026-08-31 01:43:45,Northern Owens Valley,Bishop Creek Around Plant 6,7.9
2026-08-31 01:43:45,Southern Owens Valley,Tinemaha Reservoir Outflow,477.5
2026-08-31 01:43:45,Southern Owens Valley,Indep. Ck. At Junction Flow,4.4
2026-08-31 01:43:45,Southern Owens Valley,LAA at Alabama Flow,411.0
2026-08-31 01:43:45,Southern Owens Valley,LAA at Alabama Level,7.9
2026-08-31 01:43:45,Southern Owens Valley,LAA at Alabama Water Temp,70.1
2026-08-31 01:43:45,Southern Owens Valley,Cottonwood Ck. At LAA Flow,0.0
2026-08-31 01:43:45,Southern Owens Valley,LAA at Cottonwood Flow,467.0
2026-08-31 01:43:45,Southern Owens Valley,LAA at Cottonwood Level,9.0
2026-08-31 01:43:45,Southern Owens Valley,LAA at Cotton. Water Temp,70.5
2026-08-31 01:43:45,Southern Owens Valley,N. Haiwee Elevation,3757.1
2026-08-31 01:43:45,Southern Owens Valley,S. Haiwee Reservoir Elevation,3728.3
2026-08-31 01:43:45,Southern Owens Valley,Haiwee LAA #1 Current Flow,0.0
2026-08-31 01:43:45,Southern Owens Valley,Haiwee LAA #2 Current Flow,52.4
2026-08-31 01:43:45,Southern Owens Valley,Reinhackel Flow,2.9
2026-08-31 01:43:45,Southern Owens Valley,Lubkin Spillgate Outflow,0.0
2026-08-31 01:43:45,Southern Owens Valley,Cartago Spillgate Outflow,0.0
2026-08-31 01:43:45,Southern Owens Valley,Lone Pine Creek Flow,9.8
2026-08-31 01:43:45,Lower Owens River Project,LORP Intake Flow,80.0
2026-08-31 01:43:45,Lower Owens River Project,LORP at Mazourka Canyon Road,0.0
2026-08-31 01:43:45,Lower Owens River Project,LORP at Reinhackle Springs,63.0
2026-08-31 01:43:45,Lower Owens River Project,LORP Above Pumpstation,51.0
2026-08-31 01:43:45,Lower Owens River Project,LORP At Pump Station Discharge Flow,48.0
2026-08-31 01:43:45,Southern District,Haiwee LAA #2 Current Flow,52.4
2026-08-31 01:43:45,Southern District,S. Haiwee Reservoir Elevation,3728.3
2026-08-31 01:43:45,Southern District,Haiwee LAA #1 Current Flow,0.0
2026-08-31 01:43:45,Southern District,Fairmont Reservoir Elevation,3023.6
2026-08-31 01:43:45,Southern District,LAA #1 Flow at Fairmont Reservoir,313.9
2026-08-31 01:43:45,Southern District,LAA #2 Flow at Fairmont Res.,48.2
2026-08-31 01:43:45,Southern District,Bouquet Reservoir Elevation,2973.3
2026-08-31 01:43:45,Southern District,Bouquet Reservoir Inflow,0.0
2026-08-31 01:43:45,Southern District,Bouquet Reservoir Outflow,124.9
2026-08-31 01:43:45,Southern District,LAA #1 at Soledad Flow,232.0
2026-08-31 01:43:45,Southern District,LAA #2 at Soledad Flow,244.8
2026-08-31 02:43:45,Mono Basin,Lee Vining Intake Above Flow,26.8
2026-08-31 02:43:45,Mono Basin,Lee Vining Intake Below Flow,29.7
2026-08-31 02:43:45,Mono Basin,Mono Lk. Elevation,6382.2
2026-08-31 02:43:45,Mono Basin,Walker Ck. Above Conduit Flow,4.0
2026-08-31 02:43:45,Mono Basin,L.V. Conduit Below Intake Flow,0.6
2026-08-31 02:43:45,Mono Basin,Walker Ck. Under Conduit Flow,4.0
2026-08-31 02:43:45,Mono Basin,Parker Ck. Under Conduit Flow,13.0
2026-08-31 02:43:45,Mono Basin,Parker Ck. Above Conduit Flow,14.0
2026-08-31 02:43:45,Mono Basin,Grant Lk. Spill Flow,0.0
2026-08-31 02:43:45,Mono Basin,Mono Gate 1 Return Ditch Flow,40.9
2026-08-31 02:43:45,Mono Basin,Grant Lk. Elevation,7129.1
2026-08-31 02:43:45,Mono Basin,Grant Lk. Outflow,39.7
2026-08-31 02:43:45,Mono Basin,Rush Ck. at Damsite Flow,11.6
2026-08-31 02:43:45,Mono Basin,Flow to West Portal,0.0
2026-08-31 02:43:45,Long Valley,East Portal Flow,12.0
2026-08-31 02:43:45,Long Valley,OR Below EP Flow,56.0
2026-08-31 02:43:45,Long Valley,Hot Ck.at Hwy. Flow,6.0
2026-08-31 02:43:45,Long Valley,McGee Ck. Lower Sta. Flow,10.5
2026-08-31 02:43:45,Long Valley,Long Valley Elevation,6770.3
2026-08-31 02:43:45,Long Valley,Long Valley Current Outflow,588.1
2026-08-31 02:43:45,Long Valley,Rock Ck. Div. Flow,0.0
2026-08-31 02:43:45,Long Valley,Upper Gorge Total Release,40.6
2026-08-31 02:43:45,Long Valley,Release at Middle Gorge,0.0
2026-08-31 02:43:45,Northern Owens Valley,Rock Ck. At Owens River (PV) Flow,27.1
2026-08-31 02:43:45,Northern Owens Valley,Pleasant Valley Elevation,4388.6
2026-08-31 02:43:45,Northern Owens Valley,Pleasant Valley Outflow,504.3
2026-08-31 02:43:45,Northern Owens Valley,Baker Ck. At LA Station Flow,6.4
2026-08-31 02:43:45,Northern Owens Valley,Big Pine Ck. USGS Flow,46.5
2026-08-31 02:43:45,Northern Owens Valley,O.R. Below Big Pine,494.2
2026-08-31 02:43:45,Northern Owens Valley,Fish Springs At RR Flow,35.9
2026-08-31 02:43:45,Northern Owens Valley,Tinemaha Reservoir Outflow,479.1
2026-08-31 02:43:45,Northern Owens Valley,Bishop Creek Through Plant 6,102.9
2026-08-31 02:43:45,Northern Owens Valley,Bishop Creek Around Plant 6,7.9
2026-08-31 02:43:45,Southern Owens Valley,Tinemaha Reservoir Outflow,479.1
2026-08-31 02:43:45,Southern Owens Valley,Indep. Ck. At Junction Flow,4.4
2026-08-31 02:43:45,Southern Owens Valley,LAA at Alabama Flow,411.0
2026-08-31 02:43:45,Southern Owens Valley,LAA at Alabama Level,7.9
2026-08-31 02:43:45,Southern Owens Valley,LAA at Alabama Water Temp,70.0
2026-08-31 02:43:45,Southern Owens Valley,Cottonwood Ck. At LAA Flow,0.0
2026-08-31 02:43:45,Southern Owens Valley,LAA at Cottonwood Flow,466.0
2026-08-31 02:43:45,Southern Owens Valley,LAA at Cottonwood Level,9.0
2026-08-31 02:43:45,Southern Owens Valley,LAA at Cotton. Water Temp,70.4
2026-08-31 02:43:45,Southern Owens Valley,N. Haiwee Elevation,3757.1
2026-08-31 02:43:45,Southern Owens Valley,S. Haiwee Reservoir Elevation,3728.3
2026-08-31 02:43:45,Southern Owens Valley,Haiwee LAA #1 Current Flow,0.0
2026-08-31 02:43:45,Southern Owens Valley,Haiwee LAA #2 Current Flow,52.4
2026-08-31 02:43:45,Southern Owens Valley,Reinhackel Flow,2.9
2026-08-31 02:43:45,Southern Owens Valley,Lubkin Spillgate Outflow,0.0
2026-08-31 02:43:45,Southern Owens Valley,Cartago Spillgate Outflow,0.0
2026-08-31 02:43:45,Southern Owens Valley,Lone Pine Creek Flow,9.8
2026-08-31 02:43:45,Lower Owens River Project,LORP Intake Flow,80.0
2026-08-31 02:43:45,Lower Owens River Project,LORP at Mazourka Canyon Road,0.0
2026-08-31 02:43:45,Lower Owens River Project,LORP at Reinhackle Springs,63.0
2026-08-31 02:43:45,Lower Owens River Project,LORP Above Pumpstation,51.0
2026-08-31 02:43:45,Lower Owens River Project,LORP At Pump Station Discharge Flow,48.0
2026-08-31 02:43:45,Southern District,Haiwee LAA #2 Current Flow,52.4
2026-08-31 02:43:45,Southern District,S. Haiwee Reservoir Elevation,3728.3
2026-08-31 02:43:45,Southern District,Haiwee LAA #1 Current Flow,0.0
2026-08-31 02:43:45,Southern District,Fairmont Reservoir Elevation,3023.6
2026-08-31 02:43:45,Southern District,LAA #1 Flow at Fairmont Reservoir,313.2
2026-08-31 02:43:45,Southern District,LAA #2 Flow at Fairmont Res.,49.4
2026-08-31 02:43:45,Southern District,Bouquet Reservoir Elevation,2973.3
2026-08-31 02:43:45,Southern District,Bouquet Reservoir Inflow,0.0
2026-08-31 02:43:45,Southern District,Bouquet Reservoir Outflow,124.9
2026-08-31 02:43:45,Southern District,LAA #1 at Soledad Flow,232.0
2026-08-31 02:43:45,Southern District,LAA #2 at Soledad Flow,244.8
2026-08-31 03:43:45,Mono Basin,Lee Vining Intake Above Flow,26.3
2026-08-31 03:43:45,Mono Basin,Lee Vining Intake Below Flow,29.2
2026-08-31 03:43:45,Mono Basin,Mono Lk. Elevation,6382.2
2026-08-31 03:43:45,Mono Basin,Walker Ck. Above Conduit Flow,4.0
2026-08-31 03:43:45,Mono Basin,L.V. Conduit Below Intake Flow,0.6
2026-08-31 03:43:45,Mono Basin,Walker Ck. Under Conduit Flow,4.0
2026-08-31 03:43:45,Mono Basin,Parker Ck. Under Conduit Flow,13.0
2026-08-31 03:43:45,Mono Basin,Parker Ck. Above Conduit Flow,14.0
2026-08-31 03:43:45,Mono Basin,Grant Lk. Spill Flow,0.0
2026-08-31 03:43:45,Mono Basin,Mono Gate 1 Return Ditch Flow,40.9
2026-08-31 03:43:45,Mono Basin,Grant Lk. Elevation,7129.1
2026-08-31 03:43:45,Mono Basin,Grant Lk. Outflow,39.5
2026-08-31 03:43:45,Mono Basin,Rush Ck. at Damsite Flow,11.6
2026-08-31 03:43:45,Mono Basin,Flow to West Portal,0.0
2026-08-31 03:43:45,Long Valley,East Portal Flow,12.0
2026-08-31 03:43:45,Long Valley,OR Below EP Flow,56.0
2026-08-31 03:43:45,Long Valley,Hot Ck.at Hwy. Flow,6.0
2026-08-31 03:43:45,Long Valley,McGee Ck. Lower Sta. Flow,10.5
2026-08-31 03:43:45,Long Valley,Long Valley Elevation,6770.3
2026-08-31 03:43:45,Long Valley,Long Valley Current Outflow,584.3
2026-08-31 03:43:45,Long Valley,Rock Ck. Div. Flow,0.0
2026-08-31 03:43:45,Long Valley,Upper Gorge Total Release,40.4
2026-08-31 03:43:45,Long Valley,Release at Middle Gorge,0.0
2026-08-31 03:43:45,Northern Owens Valley,Rock Ck. At Owens River (PV) Flow,27.5
2026-08-31 03:43:45,Northern Owens Valley,Pleasant Valley Elevation,4388.7
2026-08-31 03:43:45,Northern Owens Valley,Pleasant Valley Outflow,504.5
2026-08-31 03:43:45,Northern Owens Valley,Baker Ck. At LA Station Flow,6.6
2026-08-31 03:43:45,Northern Owens Valley,Big Pine Ck. USGS Flow,46.5
2026-08-31 03:43:45,Northern Owens Valley,O.R. Below Big Pine,493.1
2026-08-31 03:43:45,Northern Owens Valley,Fish Springs At RR Flow,35.9
2026-08-31 03:43:45,Northern Owens Valley,Tinemaha Reservoir Outflow,479.1
2026-08-31 03:43:45,Northern Owens Valley,Bishop Creek Through Plant 6,101.1
2026-08-31 03:43:45,Northern Owens Valley,Bishop Creek Around Plant 6,7.8
2026-08-31 03:43:45,Southern Owens Valley,Tinemaha Reservoir Outflow,479.1
2026-08-31 03:43:45,Southern Owens Valley,Indep. Ck. At Junction Flow,4.4
2026-08-31 03:43:45,Southern Owens Valley,LAA at Alabama Flow,410.0
2026-08-31 03:43:45,Southern Owens Valley,LAA at Alabama Level,7.9
2026-08-31 03:43:45,Southern Owens Valley,LAA at Alabama Water Temp,69.8
2026-08-31 03:43:45,Southern Owens Valley,Cottonwood Ck. At LAA Flow,0.0
2026-08-31 03:43:45,Southern Owens Valley,LAA at Cottonwood Flow,466.0
2026-08-31 03:43:45,Southern Owens Valley,LAA at Cottonwood Level,9.0
2026-08-31 03:43:45,Southern Owens Valley,LAA at Cotton. Water Temp,70.3
2026-08-31 03:43:45,Southern Owens Valley,N. Haiwee Elevation,3757.1
2026-08-31 03:43:45,Southern Owens Valley,S. Haiwee Reservoir Elevation,3728.3
2026-08-31 03:43:45,Southern Owens Valley,Haiwee LAA #1 Current Flow,0.0
2026-08-31 03:43:45,Southern Owens Valley,Haiwee LAA #2 Current Flow,52.4
2026-08-31 03:43:45,Southern Owens Valley,Reinhackel Flow,2.9
2026-08-31 03:43:45,Southern Owens Valley,Lubkin Spillgate Outflow,0.0
2026-08-31 03:43:45,Southern Owens Valley,Cartago Spillgate Outflow,0.0
2026-08-31 03:43:45,Southern Owens Valley,Lone Pine Creek Flow,10.0
2026-08-31 03:43:45,Lower Owens River Project,LORP Intake Flow,80.0
2026-08-31 03:43:45,Lower Owens River Project,LORP at Mazourka Canyon Road,0.0
2026-08-31 03:43:45,Lower Owens River Project,LORP at Reinhackle Springs,61.0
2026-08-31 03:43:45,Lower Owens River Project,LORP Above Pumpstation,51.0
2026-08-31 03:43:45,Lower Owens River Project,LORP At Pump Station Discharge Flow,48.0
2026-08-31 03:43:45,Southern District,Haiwee LAA #2 Current Flow,52.4
2026-08-31 03:43:45,Southern District,S. Haiwee Reservoir Elevation,3728.3
2026-08-31 03:43:45,Southern District,Haiwee LAA #1 Current Flow,0.0
2026-08-31 03:43:45,Southern District,Fairmont Reservoir Elevation,3023.5
2026-08-31 03:43:45,Southern District,LAA #1 Flow at Fairmont Reservoir,313.9
2026-08-31 03:43:45,Southern District,LAA #2 Flow at Fairmont Res.,49.9
2026-08-31 03:43:45,Southern District,Bouquet Reservoir Elevation,2973.3
2026-08-31 03:43:45,Southern District,Bouquet Reservoir Inflow,0.0
2026-08-31 03:43:45,Southern District,Bouquet Reservoir Outflow,125.0
2026-08-31 03:43:45,Southern District,LAA #1 at Soledad Flow,226.1
2026-08-31 03:43:45,Southern District,LAA #2 at Soledad Flow,243.2
2026-08-31 04:43:44,Mono Basin,Lee Vining Intake Above Flow,26.6
2026-08-31 04:43:44,Mono Basin,Lee Vining Intake Below Flow,29.6
2026-08-31 04:43:44,Mono Basin,L.V. Conduit Below Intake Flow,0.6
2026-08-31 04:43:44,Mono Basin,Walker Ck. Under Conduit Flow,4.0
2026-08-31 04:43:44,Mono Basin,Parker Ck. Under Conduit Flow,13.0
2026-08-31 04:43:44,Mono Basin,Rush Ck. at Damsite Flow,11.6
2026-08-31 04:43:44,Long Valley,Hot Ck.at Hwy. Flow,6.0
2026-08-31 04:43:44,Long Valley,McGee Ck. Lower Sta. Flow,10.5
2026-08-31 04:43:44,Long Valley,Long Valley Current Outflow,585.2
2026-08-31 04:43:44,Long Valley,Rock Ck. Div. Flow,0.0
2026-08-31 04:43:44,Long Valley,Upper Gorge Total Release,41.5
2026-08-31 04:43:44,Long Valley,Release at Middle Gorge,0.0
2026-08-31 04:43:44,Northern Owens Valley,Rock Ck. At Owens River (PV) Flow,27.5
2026-08-31 04:43:44,Northern Owens Valley,Pleasant Valley Outflow,505.0
2026-08-31 04:43:44,Northern Owens Valley,Baker Ck. At LA Station Flow,6.6
2026-08-31 04:43:44,Northern Owens Valley,Big Pine Ck. USGS Flow,46.5
2026-08-31 04:43:44,Northern Owens Valley,O.R. Below Big Pine,492.3
2026-08-31 04:43:44,Northern Owens Valley,Fish Springs At RR Flow,35.9
2026-08-31 04:43:44,Northern Owens Valley,Tinemaha Reservoir Outflow,478.3
2026-08-31 04:43:44,Northern Owens Valley,Bishop Creek Through Plant 6,101.1
2026-08-31 04:43:44,Northern Owens Valley,Bishop Creek Around Plant 6,7.8
2026-08-31 04:43:44,Southern Owens Valley,Tinemaha Reservoir Outflow,478.3
2026-08-31 04:43:44,Southern Owens Valley,Indep. Ck. At Junction Flow,4.4
2026-08-31 04:43:44,Southern Owens Valley,LAA at Alabama Flow,411.0
2026-08-31 04:43:44,Southern Owens Valley,Cottonwood Ck. At LAA Flow,0.0
2026-08-31 04:43:44,Southern Owens Valley,LAA at Cottonwood Flow,466.0
2026-08-31 04:43:44,Southern Owens Valley,Haiwee LAA #1 Current Flow,0.0
2026-08-31 04:43:44,Southern Owens Valley,Haiwee LAA #2 Current Flow,52.4
2026-08-31 04:43:44,Southern Owens Valley,Reinhackel Flow,2.9
2026-08-31 04:43:44,Southern Owens Valley,Lubkin Spillgate Outflow,0.0
2026-08-31 04:43:44,Southern Owens Valley,Cartago Spillgate Outflow,0.0
2026-08-31 04:43:44,Southern Owens Valley,Lone Pine Creek Flow,10.0
2026-08-31 04:43:44,Lower Owens River Project,LORP Intake Flow,80.0
2026-08-31 04:43:44,Lower Owens River Project,LORP at Mazourka Canyon Road,0.0
2026-08-31 04:43:44,Lower Owens River Project,LORP at Reinhackle Springs,62.0
2026-08-31 04:43:44,Lower Owens River Project,LORP Above Pumpstation,51.0
2026-08-31 04:43:44,Lower Owens River Project,LORP At Pump Station Discharge Flow,48.0
2026-08-31 04:43:44,Southern District,Haiwee LAA #2 Current Flow,52.4
2026-08-31 04:43:44,Southern District,Haiwee LAA #1 Current Flow,0.0
2026-08-31 04:43:45,Mono Basin,Mono Lk. Elevation,6382.2
2026-08-31 04:43:45,Mono Basin,Walker Ck. Above Conduit Flow,4.0
2026-08-31 04:43:45,Mono Basin,Parker Ck. Above Conduit Flow,14.0
2026-08-31 04:43:45,Mono Basin,Grant Lk. Spill Flow,0.0
2026-08-31 04:43:45,Mono Basin,Mono Gate 1 Return Ditch Flow,41.0
2026-08-31 04:43:45,Mono Basin,Grant Lk. Elevation,7129.1
2026-08-31 04:43:45,Mono Basin,Grant Lk. Outflow,39.6
2026-08-31 04:43:45,Mono Basin,Flow to West Portal,0.0
2026-08-31 04:43:45,Long Valley,East Portal Flow,12.0
2026-08-31 04:43:45,Long Valley,OR Below EP Flow,56.0
2026-08-31 04:43:45,Long Valley,Long Valley Elevation,6770.3
2026-08-31 04:43:45,Northern Owens Valley,Pleasant Valley Elevation,4388.8
2026-08-31 04:43:45,Southern Owens Valley,LAA at Alabama Level,7.9
2026-08-31 04:43:45,Southern Owens Valley,LAA at Alabama Water Temp,69.7
2026-08-31 04:43:45,Southern Owens Valley,LAA at Cottonwood Level,9.0
2026-08-31 04:43:45,Southern Owens Valley,LAA at Cotton. Water Temp,70.2
2026-08-31 04:43:45,Southern Owens Valley,N. Haiwee Elevation,3757.1
2026-08-31 04:43:45,Southern Owens Valley,S. Haiwee Reservoir Elevation,3728.3
2026-08-31 04:43:45,Southern District,S. Haiwee Reservoir Elevation,3728.3
2026-08-31 04:43:45,Southern District,Fairmont Reservoir Elevation,3023.5
2026-08-31 04:43:45,Southern District,LAA #1 Flow at Fairmont Reservoir,314.7
2026-08-31 04:43:45,Southern District,LAA #2 Flow at Fairmont Res.,50.6
2026-08-31 04:43:45,Southern District,Bouquet Reservoir Elevation,2973.3
2026-08-31 04:43:45,Southern District,Bouquet Reservoir Inflow,0.0
2026-08-31 04:43:45,Southern District,Bouquet Reservoir Outflow,125.0
2026-08-31 04:43:45,Southern District,LAA #1 at Soledad Flow,226.1
2026-08-31 04:43:45,Southern District,LAA #2 at Soledad Flow,243.2
2026-08-31 05:28:44,Northern Owens Valley,Tinemaha Elevation,3861.9
2026-08-31 05:28:44,Southern Owens Valley,Tinemaha Elevation,3861.9
2026-08-31 05:43:44,Mono Basin,Lee Vining Intake Above Flow,25.6
2026-08-31 05:43:44,Mono Basin,Lee Vining Intake Below Flow,29.7
2026-08-31 05:43:44,Mono Basin,Walker Ck. Above Conduit Flow,4.0
2026-08-31 05:43:44,Mono Basin,L.V. Conduit Below Intake Flow,0.5
2026-08-31 05:43:44,Mono Basin,Walker Ck. Under Conduit Flow,4.0
2026-08-31 05:43:44,Mono Basin,Parker Ck. Under Conduit Flow,13.0
2026-08-31 05:43:44,Mono Basin,Parker Ck. Above Conduit Flow,14.0
2026-08-31 05:43:44,Mono Basin,Grant Lk. Spill Flow,0.0
2026-08-31 05:43:44,Mono Basin,Mono Gate 1 Return Ditch Flow,41.0
2026-08-31 05:43:44,Mono Basin,Grant Lk. Outflow,39.4
2026-08-31 05:43:44,Mono Basin,Rush Ck. at Damsite Flow,11.6
2026-08-31 05:43:44,Mono Basin,Flow to West Portal,0.0
2026-08-31 05:43:44,Long Valley,East Portal Flow,12.0
2026-08-31 05:43:44,Long Valley,OR Below EP Flow,57.0
2026-08-31 05:43:44,Long Valley,Hot Ck.at Hwy. Flow,6.0
2026-08-31 05:43:44,Long Valley,McGee Ck. Lower Sta. Flow,10.5
2026-08-31 05:43:44,Long Valley,Long Valley Current Outflow,580.4
2026-08-31 05:43:44,Long Valley,Rock Ck. Div. Flow,0.0
2026-08-31 05:43:44,Long Valley,Upper Gorge Total Release,41.2
2026-08-31 05:43:44,Long Valley,Release at Middle Gorge,0.0
2026-08-31 05:43:44,Northern Owens Valley,Rock Ck. At Owens River (PV) Flow,27.7
2026-08-31 05:43:44,Northern Owens Valley,Pleasant Valley Outflow,505.1
2026-08-31 05:43:44,Northern Owens Valley,Baker Ck. At LA Station Flow,6.6
2026-08-31 05:43:44,Northern Owens Valley,Big Pine Ck. USGS Flow,46.5
2026-08-31 05:43:44,Northern Owens Valley,O.R. Below Big Pine,492.5
2026-08-31 05:43:44,Northern Owens Valley,Fish Springs At RR Flow,35.9
2026-08-31 05:43:44,Northern Owens Valley,Tinemaha Reservoir Outflow,478.3
2026-08-31 05:43:44,Northern Owens Valley,Bishop Creek Through Plant 6,99.2
2026-08-31 05:43:44,Northern Owens Valley,Bishop Creek Around Plant 6,7.9
2026-08-31 05:43:44,Southern Owens Valley,Tinemaha Reservoir Outflow,478.3
2026-08-31 05:43:44,Southern Owens Valley,Indep. Ck. At Junction Flow,4.7
2026-08-31 05:43:44,Southern Owens Valley,LAA at Alabama Flow,411.0
2026-08-31 05:43:44,Southern Owens Valley,Cottonwood Ck. At LAA Flow,0.0
2026-08-31 05:43:44,Southern Owens Valley,LAA at Cottonwood Flow,465.0
2026-08-31 05:43:44,Southern Owens Valley,Haiwee LAA #1 Current Flow,0.0
2026-08-31 05:43:44,Southern Owens Valley,Haiwee LAA #2 Current Flow,52.4
2026-08-31 05:43:44,Southern Owens Valley,Reinhackel Flow,2.9
2026-08-31 05:43:44,Southern Owens Valley,Lubkin Spillgate Outflow,0.0
2026-08-31 05:43:44,Southern Owens Valley,Cartago Spillgate Outflow,0.0
2026-08-31 05:43:44,Southern Owens Valley,Lone Pine Creek Flow,10.1
2026-08-31 05:43:44,Lower Owens River Project,LORP Intake Flow,79.0
2026-08-31 05:43:44,Lower Owens River Project,LORP at Mazourka Canyon Road,0.0
2026-08-31 05:43:44,Lower Owens River Project,LORP at Reinhackle Springs,62.0
2026-08-31 05:43:44,Lower Owens River Project,LORP Above Pumpstation,51.0
2026-08-31 05:43:44,Lower Owens River Project,LORP At Pump Station Discharge Flow,48.0
2026-08-31 05:43:44,Southern District,Haiwee LAA #2 Current Flow,52.4
2026-08-31 05:43:44,Southern District,Haiwee LAA #1 Current Flow,0.0
2026-08-31 05:43:44,Southern District,LAA #1 Flow at Fairmont Reservoir,315.5
2026-08-31 05:43:45,Mono Basin,Mono Lk. Elevation,6382.2
2026-08-31 05:43:45,Mono Basin,Grant Lk. Elevation,7129.1
2026-08-31 05:43:45,Long Valley,Long Valley Elevation,6770.3
2026-08-31 05:43:45,Northern Owens Valley,Pleasant Valley Elevation,4388.9
2026-08-31 05:43:45,Southern Owens Valley,LAA at Alabama Level,7.9
2026-08-31 05:43:45,Southern Owens Valley,LAA at Alabama Water Temp,69.4
2026-08-31 05:43:45,Southern Owens Valley,LAA at Cottonwood Level,9.0
2026-08-31 05:43:45,Southern Owens Valley,LAA at Cotton. Water Temp,69.9
2026-08-31 05:43:45,Southern Owens Valley,N. Haiwee Elevation,3757.1
2026-08-31 05:43:45,Southern Owens Valley,S. Haiwee Reservoir Elevation,3728.3
2026-08-31 05:43:45,Southern District,S. Haiwee Reservoir Elevation,3728.3
2026-08-31 05:43:45,Southern District,Fairmont Reservoir Elevation,3023.5
2026-08-31 05:43:45,Southern District,LAA #2 Flow at Fairmont Res.,51.8
2026-08-31 05:43:45,Southern District,Bouquet Reservoir Elevation,2973.3
2026-08-31 05:43:45,Southern District,Bouquet Reservoir Inflow,0.0
2026-08-31 05:43:45,Southern District,Bouquet Reservoir Outflow,125.0
2026-08-31 05:43:45,Southern District,LAA #1 at Soledad Flow,226.1
2026-08-31 05:43:45,Southern District,LAA #2 at Soledad Flow,243.2
2026-08-31 05:58:44,Northern Owens Valley,Tinemaha Elevation,3861.9
2026-08-31 05:58:44,Southern Owens Valley,Tinemaha Elevation,3861.9
2026-08-31 06:28:44,Northern Owens Valley,Tinemaha Elevation,3861.9
2026-08-31 06:28:44,Southern Owens Valley,Tinemaha Elevation,3861.9
2026-08-31 06:43:44,Mono Basin,Lee Vining Intake Above Flow,25.1
2026-08-31 06:43:44,Mono Basin,Lee Vining Intake Below Flow,29.5
2026-08-31 06:43:44,Mono Basin,Walker Ck. Above Conduit Flow,4.0
2026-08-31 06:43:44,Mono Basin,L.V. Conduit Below Intake Flow,0.5
2026-08-31 06:43:44,Mono Basin,Walker Ck. Under Conduit Flow,4.0
2026-08-31 06:43:44,Mono Basin,Parker Ck. Under Conduit Flow,13.0
2026-08-31 06:43:44,Mono Basin,Parker Ck. Above Conduit Flow,14.0
2026-08-31 06:43:44,Mono Basin,Grant Lk. Spill Flow,0.0
2026-08-31 06:43:44,Mono Basin,Mono Gate 1 Return Ditch Flow,40.8
2026-08-31 06:43:44,Mono Basin,Grant Lk. Outflow,39.5
2026-08-31 06:43:44,Mono Basin,Rush Ck. at Damsite Flow,11.0
2026-08-31 06:43:44,Mono Basin,Flow to West Portal,0.0
2026-08-31 06:43:44,Long Valley,East Portal Flow,12.0
2026-08-31 06:43:44,Long Valley,OR Below EP Flow,57.0
2026-08-31 06:43:44,Long Valley,Hot Ck.at Hwy. Flow,6.0
2026-08-31 06:43:44,Long Valley,McGee Ck. Lower Sta. Flow,10.6
2026-08-31 06:43:44,Long Valley,Long Valley Current Outflow,572.7
2026-08-31 06:43:44,Long Valley,Rock Ck. Div. Flow,0.0
2026-08-31 06:43:44,Long Valley,Upper Gorge Total Release,41.0
2026-08-31 06:43:44,Long Valley,Release at Middle Gorge,0.0
2026-08-31 06:43:44,Northern Owens Valley,Rock Ck. At Owens River (PV) Flow,27.9
2026-08-31 06:43:44,Northern Owens Valley,Pleasant Valley Outflow,506.1
2026-08-31 06:43:44,Northern Owens Valley,Baker Ck. At LA Station Flow,6.7
2026-08-31 06:43:44,Northern Owens Valley,Big Pine Ck. USGS Flow,46.0
2026-08-31 06:43:44,Northern Owens Valley,O.R. Below Big Pine,492.6
2026-08-31 06:43:44,Northern Owens Valley,Fish Springs At RR Flow,35.5
2026-08-31 06:43:44,Northern Owens Valley,Tinemaha Reservoir Outflow,478.3
2026-08-31 06:43:44,Northern Owens Valley,Bishop Creek Through Plant 6,97.6
2026-08-31 06:43:44,Northern Owens Valley,Bishop Creek Around Plant 6,7.9
2026-08-31 06:43:44,Southern Owens Valley,Tinemaha Reservoir Outflow,478.3
2026-08-31 06:43:44,Southern Owens Valley,Indep. Ck. At Junction Flow,4.8
2026-08-31 06:43:44,Southern Owens Valley,LAA at Alabama Flow,410.0
2026-08-31 06:43:44,Southern Owens Valley,Cottonwood Ck. At LAA Flow,0.0
2026-08-31 06:43:44,Southern Owens Valley,LAA at Cottonwood Flow,465.0
2026-08-31 06:43:44,Southern Owens Valley,Haiwee LAA #1 Current Flow,0.0
2026-08-31 06:43:44,Southern Owens Valley,Haiwee LAA #2 Current Flow,52.6
2026-08-31 06:43:44,Southern Owens Valley,Reinhackel Flow,2.9
2026-08-31 06:43:44,Southern Owens Valley,Lubkin Spillgate Outflow,0.0
2026-08-31 06:43:44,Southern Owens Valley,Cartago Spillgate Outflow,0.0
2026-08-31 06:43:44,Southern Owens Valley,Lone Pine Creek Flow,10.1
2026-08-31 06:43:44,Lower Owens River Project,LORP Intake Flow,79.0
2026-08-31 06:43:44,Lower Owens River Project,LORP at Mazourka Canyon Road,0.0
2026-08-31 06:43:44,Lower Owens River Project,LORP at Reinhackle Springs,62.0
2026-08-31 06:43:44,Lower Owens River Project,LORP Above Pumpstation,40.0
2026-08-31 06:43:44,Lower Owens River Project,LORP At Pump Station Discharge Flow,37.0
2026-08-31 06:43:44,Southern District,Haiwee LAA #2 Current Flow,52.6
2026-08-31 06:43:44,Southern District,Haiwee LAA #1 Current Flow,0.0
2026-08-31 06:43:44,Southern District,LAA #1 Flow at Fairmont Reservoir,313.4
2026-08-31 06:43:44,Southern District,LAA #2 Flow at Fairmont Res.,52.8
2026-08-31 06:43:44,Southern District,Bouquet Reservoir Inflow,0.0
2026-08-31 06:43:44,Southern District,Bouquet Reservoir Outflow,127.1
2026-08-31 06:43:44,Southern District,LAA #1 at Soledad Flow,225.0
2026-08-31 06:43:44,Southern District,LAA #2 at Soledad Flow,241.6
2026-08-31 06:43:45,Mono Basin,Mono Lk. Elevation,6382.2
2026-08-31 06:43:45,Mono Basin,Grant Lk. Elevation,7129.1
2026-08-31 06:43:45,Long Valley,Long Valley Elevation,6770.3
2026-08-31 06:43:45,Northern Owens Valley,Pleasant Valley Elevation,4389.0
2026-08-31 06:43:45,Southern Owens Valley,LAA at Alabama Level,7.9
2026-08-31 06:43:45,Southern Owens Valley,LAA at Alabama Water Temp,69.2
2026-08-31 06:43:45,Southern Owens Valley,LAA at Cottonwood Level,9.0
2026-08-31 06:43:45,Southern Owens Valley,LAA at Cotton. Water Temp,69.6
2026-08-31 06:43:45,Southern Owens Valley,N. Haiwee Elevation,3757.1
2026-08-31 06:43:45,Southern Owens Valley,S. Haiwee Reservoir Elevation,3728.3
2026-08-31 06:43:45,Southern District,S. Haiwee Reservoir Elevation,3728.3
2026-08-31 06:43:45,Southern District,Fairmont Reservoir Elevation,3023.5
2026-08-31 06:43:45,Southern District,Bouquet Reservoir Elevation,2973.2
2026-08-31 06:58:44,Northern Owens Valley,Tinemaha Elevation,3861.9
2026-08-31 06:58:44,Southern Owens Valley,Tinemaha Elevation,3861.9
2026-08-31 07:28:43,Northern Owens Valley,Tinemaha Elevation,3861.9
2026-08-31 07:28:43,Southern Owens Valley,Tinemaha Elevation,3861.9
2026-08-31 07:43:44,Mono Basin,Lee Vining Intake Above Flow,26.3
2026-08-31 07:43:44,Mono Basin,Lee Vining Intake Below Flow,29.1
2026-08-31 07:43:44,Mono Basin,Walker Ck. Above Conduit Flow,4.0
2026-08-31 07:43:44,Mono Basin,L.V. Conduit Below Intake Flow,0.5
2026-08-31 07:43:44,Mono Basin,Walker Ck. Under Conduit Flow,4.0
2026-08-31 07:43:44,Mono Basin,Parker Ck. Under Conduit Flow,13.0
2026-08-31 07:43:44,Mono Basin,Parker Ck. Above Conduit Flow,14.0
2026-08-31 07:43:44,Mono Basin,Grant Lk. Spill Flow,0.0
2026-08-31 07:43:44,Mono Basin,Mono Gate 1 Return Ditch Flow,41.0
2026-08-31 07:43:44,Mono Basin,Grant Lk. Outflow,39.5
2026-08-31 07:43:44,Mono Basin,Rush Ck. at Damsite Flow,11.0
2026-08-31 07:43:44,Mono Basin,Flow to West Portal,0.0
2026-08-31 07:43:44,Long Valley,East Portal Flow,12.0
2026-08-31 07:43:44,Long Valley,OR Below EP Flow,57.0
2026-08-31 07:43:44,Long Valley,Hot Ck.at Hwy. Flow,6.0
2026-08-31 07:43:44,Long Valley,McGee Ck. Lower Sta. Flow,10.6
2026-08-31 07:43:44,Long Valley,Long Valley Current Outflow,586.2
2026-08-31 07:43:44,Long Valley,Rock Ck. Div. Flow,0.0
2026-08-31 07:43:44,Long Valley,Upper Gorge Total Release,41.0
2026-08-31 07:43:44,Long Valley,Release at Middle Gorge,0.0
2026-08-31 07:43:44,Northern Owens Valley,Rock Ck. At Owens River (PV) Flow,27.9
2026-08-31 07:43:44,Northern Owens Valley,Pleasant Valley Outflow,506.1
2026-08-31 07:43:44,Northern Owens Valley,Baker Ck. At LA Station Flow,7.5
2026-08-31 07:43:44,Northern Owens Valley,Big Pine Ck. USGS Flow,46.0
2026-08-31 07:43:44,Northern Owens Valley,O.R. Below Big Pine,491.6
2026-08-31 07:43:44,Northern Owens Valley,Fish Springs At RR Flow,35.5
2026-08-31 07:43:44,Northern Owens Valley,Tinemaha Reservoir Outflow,478.3
2026-08-31 07:43:44,Northern Owens Valley,Bishop Creek Through Plant 6,103.2
2026-08-31 07:43:44,Northern Owens Valley,Bishop Creek Around Plant 6,7.8
2026-08-31 07:43:44,Southern Owens Valley,Tinemaha Reservoir Outflow,478.3
2026-08-31 07:43:44,Southern Owens Valley,Indep. Ck. At Junction Flow,4.8
2026-08-31 07:43:44,Southern Owens Valley,LAA at Alabama Flow,411.0
2026-08-31 07:43:44,Southern Owens Valley,Cottonwood Ck. At LAA Flow,0.0
2026-08-31 07:43:44,Southern Owens Valley,LAA at Cottonwood Flow,464.0
2026-08-31 07:43:44,Southern Owens Valley,Haiwee LAA #1 Current Flow,0.0
2026-08-31 07:43:44,Southern Owens Valley,Haiwee LAA #2 Current Flow,52.6
2026-08-31 07:43:44,Southern Owens Valley,Reinhackel Flow,2.9
2026-08-31 07:43:44,Southern Owens Valley,Lubkin Spillgate Outflow,0.0
2026-08-31 07:43:44,Southern Owens Valley,Cartago Spillgate Outflow,0.0
2026-08-31 07:43:44,Southern Owens Valley,Lone Pine Creek Flow,10.1
2026-08-31 07:43:44,Lower Owens River Project,LORP Intake Flow,80.0
2026-08-31 07:43:44,Lower Owens River Project,LORP at Mazourka Canyon Road,0.0
2026-08-31 07:43:44,Lower Owens River Project,LORP at Reinhackle Springs,64.0
2026-08-31 07:43:44,Lower Owens River Project,LORP Above Pumpstation,51.0
2026-08-31 07:43:44,Lower Owens River Project,LORP At Pump Station Discharge Flow,48.0
2026-08-31 07:43:44,Southern District,Haiwee LAA #2 Current Flow,52.6
2026-08-31 07:43:44,Southern District,Haiwee LAA #1 Current Flow,0.0
2026-08-31 07:43:44,Southern District,LAA #1 Flow at Fairmont Reservoir,314.7
2026-08-31 07:43:44,Southern District,LAA #2 Flow at Fairmont Res.,51.6
2026-08-31 07:43:44,Southern District,Bouquet Reservoir Inflow,0.0
2026-08-31 07:43:44,Southern District,Bouquet Reservoir Outflow,84.2
2026-08-31 07:43:44,Southern District,LAA #1 at Soledad Flow,203.3
2026-08-31 07:43:44,Southern District,LAA #2 at Soledad Flow,244.3
2026-08-31 07:43:45,Mono Basin,Mono Lk. Elevation,6382.2
2026-08-31 07:43:45,Mono Basin,Grant Lk. Elevation,7129.1
2026-08-31 07:43:45,Long Valley,Long Valley Elevation,6770.3
2026-08-31 07:43:45,Northern Owens Valley,Pleasant Valley Elevation,4389.1
2026-08-31 07:43:45,Southern Owens Valley,LAA at Alabama Level,7.9
2026-08-31 07:43:45,Southern Owens Valley,LAA at Alabama Water Temp,68.8
2026-08-31 07:43:45,Southern Owens Valley,LAA at Cottonwood Level,9.0
2026-08-31 07:43:45,Southern Owens Valley,LAA at Cotton. Water Temp,69.4
2026-08-31 07:43:45,Southern Owens Valley,N. Haiwee Elevation,3757.1
2026-08-31 07:43:45,Southern Owens Valley,S. Haiwee Reservoir Elevation,3728.3
2026-08-31 07:43:45,Southern District,S. Haiwee Reservoir Elevation,3728.3
2026-08-31 07:43:45,Southern District,Fairmont Reservoir Elevation,3023.4
2026-08-31 07:43:45,Southern District,Bouquet Reservoir Elevation,2973.2
2026-08-31 07:58:43,Northern Owens Valley,Tinemaha Elevation,3861.9
2026-08-31 07:58:43,Southern Owens Valley,Tinemaha Elevation,3861.9
2026-08-31 08:28:44,Northern Owens Valley,Tinemaha Elevation,3861.9
2026-08-31 08:28:44,Southern Owens Valley,Tinemaha Elevation,3861.9
2026-08-31 08:43:45,Mono Basin,Lee Vining Intake Above Flow,25.6
2026-08-31 08:43:45,Mono Basin,Lee Vining Intake Below Flow,27.1
2026-08-31 08:43:45,Mono Basin,Walker Ck. Above Conduit Flow,4.0
2026-08-31 08:43:45,Mono Basin,L.V. Conduit Below Intake Flow,0.5
2026-08-31 08:43:45,Mono Basin,Walker Ck. Under Conduit Flow,4.0
2026-08-31 08:43:45,Mono Basin,Parker Ck. Under Conduit Flow,13.0
2026-08-31 08:43:45,Mono Basin,Parker Ck. Above Conduit Flow,14.0
2026-08-31 08:43:45,Mono Basin,Grant Lk. Spill Flow,0.0
2026-08-31 08:43:45,Mono Basin,Mono Gate 1 Return Ditch Flow,41.0
2026-08-31 08:43:45,Mono Basin,Grant Lk. Outflow,40.1
2026-08-31 08:43:45,Mono Basin,Rush Ck. at Damsite Flow,11.0
2026-08-31 08:43:45,Mono Basin,Flow to West Portal,0.0
2026-08-31 08:43:45,Long Valley,East Portal Flow,12.0
2026-08-31 08:43:45,Long Valley,OR Below EP Flow,57.0
2026-08-31 08:43:45,Long Valley,Hot Ck.at Hwy. Flow,6.0
2026-08-31 08:43:45,Long Valley,McGee Ck. Lower Sta. Flow,10.7
2026-08-31 08:43:45,Long Valley,Long Valley Current Outflow,0.1
2026-08-31 08:43:45,Long Valley,Rock Ck. Div. Flow,0.0
2026-08-31 08:43:45,Long Valley,Upper Gorge Total Release,40.6
2026-08-31 08:43:45,Long Valley,Release at Middle Gorge,0.0
2026-08-31 08:43:45,Northern Owens Valley,Rock Ck. At Owens River (PV) Flow,28.1
2026-08-31 08:43:45,Northern Owens Valley,Pleasant Valley Outflow,504.6
2026-08-31 08:43:45,Northern Owens Valley,Baker Ck. At LA Station Flow,7.5
2026-08-31 08:43:45,Northern Owens Valley,Big Pine Ck. USGS Flow,47.1
2026-08-31 08:43:45,Northern Owens Valley,O.R. Below Big Pine,491.5
2026-08-31 08:43:45,Northern Owens Valley,Fish Springs At RR Flow,35.5
2026-08-31 08:43:45,Northern Owens Valley,Tinemaha Reservoir Outflow,477.5
2026-08-31 08:43:45,Northern Owens Valley,Bishop Creek Through Plant 6,102.2
2026-08-31 08:43:45,Northern Owens Valley,Bishop Creek Around Plant 6,7.2
2026-08-31 08:43:45,Southern Owens Valley,Tinemaha Reservoir Outflow,477.5
2026-08-31 08:43:45,Southern Owens Valley,Indep. Ck. At Junction Flow,4.8
2026-08-31 08:43:45,Southern Owens Valley,LAA at Alabama Flow,412.0
2026-08-31 08:43:45,Southern Owens Valley,Cottonwood Ck. At LAA Flow,0.0
2026-08-31 08:43:45,Southern Owens Valley,LAA at Cottonwood Flow,463.0
2026-08-31 08:43:45,Southern Owens Valley,Haiwee LAA #1 Current Flow,0.0
2026-08-31 08:43:45,Southern Owens Valley,Haiwee LAA #2 Current Flow,52.4
2026-08-31 08:43:45,Southern Owens Valley,Reinhackel Flow,2.9
2026-08-31 08:43:45,Southern Owens Valley,Lubkin Spillgate Outflow,0.0
2026-08-31 08:43:45,Southern Owens Valley,Cartago Spillgate Outflow,0.0
2026-08-31 08:43:45,Southern Owens Valley,Lone Pine Creek Flow,10.1
2026-08-31 08:43:45,Lower Owens River Project,LORP Intake Flow,80.0
2026-08-31 08:43:45,Lower Owens River Project,LORP at Mazourka Canyon Road,0.0
2026-08-31 08:43:45,Lower Owens River Project,LORP at Reinhackle Springs,59.0
2026-08-31 08:43:45,Lower Owens River Project,LORP Above Pumpstation,51.0
2026-08-31 08:43:45,Lower Owens River Project,LORP At Pump Station Discharge Flow,48.0
2026-08-31 08:43:45,Southern District,Haiwee LAA #2 Current Flow,52.4
2026-08-31 08:43:45,Southern District,Haiwee LAA #1 Current Flow,0.0
2026-08-31 08:43:45,Southern District,LAA #1 Flow at Fairmont Reservoir,314.5
2026-08-31 08:43:45,Southern District,LAA #2 Flow at Fairmont Res.,54.4
2026-08-31 08:43:45,Southern District,Bouquet Reservoir Inflow,0.0
2026-08-31 08:43:45,Southern District,Bouquet Reservoir Outflow,68.9
2026-08-31 08:43:45,Southern District,LAA #1 at Soledad Flow,173.5
2026-08-31 08:43:45,Southern District,LAA #2 at Soledad Flow,244.3
2026-08-31 08:43:46,Mono Basin,Mono Lk. Elevation,6382.2
2026-08-31 08:43:46,Mono Basin,Grant Lk. Elevation,7129.1
2026-08-31 08:43:46,Long Valley,Long Valley Elevation,6770.2
2026-08-31 08:43:46,Northern Owens Valley,Pleasant Valley Elevation,4388.9
2026-08-31 08:43:46,Southern Owens Valley,LAA at Alabama Level,7.9
2026-08-31 08:43:46,Southern Owens Valley,LAA at Alabama Water Temp,68.7
2026-08-31 08:43:46,Southern Owens Valley,LAA at Cottonwood Level,9.0
2026-08-31 08:43:46,Southern Owens Valley,LAA at Cotton. Water Temp,69.4
2026-08-31 08:43:46,Southern Owens Valley,N. Haiwee Elevation,3757.1
2026-08-31 08:43:46,Southern Owens Valley,S. Haiwee Reservoir Elevation,3728.4
2026-08-31 08:43:46,Southern District,S. Haiwee Reservoir Elevation,3728.4
2026-08-31 08:43:46,Southern District,Fairmont Reservoir Elevation,3023.4
2026-08-31 08:43:46,Southern District,Bouquet Reservoir Elevation,2973.2
2026-08-31 08:58:44,Northern Owens Valley,Tinemaha Elevation,3861.9
2026-08-31 08:58:44,Southern Owens Valley,Tinemaha Elevation,3861.9
2026-08-31 09:28:44,Northern Owens Valley,Tinemaha Elevation,3861.9
2026-08-31 09:28:44,Southern Owens Valley,Tinemaha Elevation,3861.9
2026-08-31 09:43:45,Mono Basin,Lee Vining Intake Above Flow,25.9
2026-08-31 09:43:45,Mono Basin,Lee Vining Intake Below Flow,27.0
2026-08-31 09:43:45,Mono Basin,Mono Lk. Elevation,6382.2
2026-08-31 09:43:45,Mono Basin,Walker Ck. Above Conduit Flow,4.0
2026-08-31 09:43:45,Mono Basin,L.V. Conduit Below Intake Flow,0.5
2026-08-31 09:43:45,Mono Basin,Walker Ck. Under Conduit Flow,4.0
2026-08-31 09:43:45,Mono Basin,Parker Ck. Under Conduit Flow,13.0
2026-08-31 09:43:45,Mono Basin,Parker Ck. Above Conduit Flow,13.0
2026-08-31 09:43:45,Mono Basin,Grant Lk. Spill Flow,0.0
2026-08-31 09:43:45,Mono Basin,Mono Gate 1 Return Ditch Flow,41.0
2026-08-31 09:43:45,Mono Basin,Grant Lk. Elevation,7129.1
2026-08-31 09:43:45,Mono Basin,Grant Lk. Outflow,39.5
2026-08-31 09:43:45,Mono Basin,Rush Ck. at Damsite Flow,11.0
2026-08-31 09:43:45,Mono Basin,Flow to West Portal,0.0
2026-08-31 09:43:45,Long Valley,East Portal Flow,12.0
2026-08-31 09:43:45,Long Valley,OR Below EP Flow,57.0
2026-08-31 09:43:45,Long Valley,Hot Ck.at Hwy. Flow,6.0
2026-08-31 09:43:45,Long Valley,McGee Ck. Lower Sta. Flow,10.7
2026-08-31 09:43:45,Long Valley,Long Valley Elevation,6770.2
2026-08-31 09:43:45,Long Valley,Long Valley Current Outflow,0.1
2026-08-31 09:43:45,Long Valley,Rock Ck. Div. Flow,0.0
2026-08-31 09:43:45,Long Valley,Upper Gorge Total Release,41.3
2026-08-31 09:43:45,Long Valley,Release at Middle Gorge,0.0
2026-08-31 09:43:45,Northern Owens Valley,Rock Ck. At Owens River (PV) Flow,28.1
2026-08-31 09:43:45,Northern Owens Valley,Pleasant Valley Elevation,4388.6
2026-08-31 09:43:45,Northern Owens Valley,Pleasant Valley Outflow,503.8
2026-08-31 09:43:45,Northern Owens Valley,Baker Ck. At LA Station Flow,7.5
2026-08-31 09:43:45,Northern Owens Valley,Big Pine Ck. USGS Flow,47.1
2026-08-31 09:43:45,Northern Owens Valley,O.R. Below Big Pine,491.9
2026-08-31 09:43:45,Northern Owens Valley,Fish Springs At RR Flow,35.5
2026-08-31 09:43:45,Northern Owens Valley,Tinemaha Reservoir Outflow,478.3
2026-08-31 09:43:45,Northern Owens Valley,Bishop Creek Through Plant 6,102.2
2026-08-31 09:43:45,Northern Owens Valley,Bishop Creek Around Plant 6,7.2
2026-08-31 09:43:45,Southern Owens Valley,Tinemaha Reservoir Outflow,478.3
2026-08-31 09:43:45,Southern Owens Valley,Indep. Ck. At Junction Flow,4.8
2026-08-31 09:43:45,Southern Owens Valley,LAA at Alabama Flow,412.0
2026-08-31 09:43:45,Southern Owens Valley,LAA at Alabama Level,7.9
2026-08-31 09:43:45,Southern Owens Valley,LAA at Alabama Water Temp,68.6
2026-08-31 09:43:45,Southern Owens Valley,Cottonwood Ck. At LAA Flow,0.0
2026-08-31 09:43:45,Southern Owens Valley,LAA at Cottonwood Flow,462.0
2026-08-31 09:43:45,Southern Owens Valley,LAA at Cottonwood Level,9.0
2026-08-31 09:43:45,Southern Owens Valley,LAA at Cotton. Water Temp,69.6
2026-08-31 09:43:45,Southern Owens Valley,N. Haiwee Elevation,3757.1
2026-08-31 09:43:45,Southern Owens Valley,S. Haiwee Reservoir Elevation,3728.4
2026-08-31 09:43:45,Southern Owens Valley,Haiwee LAA #1 Current Flow,0.0
2026-08-31 09:43:45,Southern Owens Valley,Haiwee LAA #2 Current Flow,52.4
2026-08-31 09:43:45,Southern Owens Valley,Reinhackel Flow,2.9
2026-08-31 09:43:45,Southern Owens Valley,Lubkin Spillgate Outflow,0.0
2026-08-31 09:43:45,Southern Owens Valley,Cartago Spillgate Outflow,0.0
2026-08-31 09:43:45,Southern Owens Valley,Lone Pine Creek Flow,10.1
2026-08-31 09:43:45,Lower Owens River Project,LORP Intake Flow,80.0
2026-08-31 09:43:45,Lower Owens River Project,LORP at Mazourka Canyon Road,0.0
2026-08-31 09:43:45,Lower Owens River Project,LORP at Reinhackle Springs,62.0
2026-08-31 09:43:45,Lower Owens River Project,LORP Above Pumpstation,50.0
2026-08-31 09:43:45,Lower Owens River Project,LORP At Pump Station Discharge Flow,47.0
2026-08-31 09:43:45,Southern District,Haiwee LAA #2 Current Flow,52.4
2026-08-31 09:43:45,Southern District,S. Haiwee Reservoir Elevation,3728.4
2026-08-31 09:43:45,Southern District,Haiwee LAA #1 Current Flow,0.0
2026-08-31 09:43:45,Southern District,Fairmont Reservoir Elevation,3023.4
2026-08-31 09:43:45,Southern District,LAA #1 Flow at Fairmont Reservoir,314.9
2026-08-31 09:43:45,Southern District,LAA #2 Flow at Fairmont Res.,55.2
2026-08-31 09:43:45,Southern District,Bouquet Reservoir Elevation,2973.2
2026-08-31 09:43:45,Southern District,Bouquet Reservoir Inflow,0.0
2026-08-31 09:43:45,Southern District,Bouquet Reservoir Outflow,46.7
2026-08-31 09:43:45,Southern District,LAA #1 at Soledad Flow,173.5
2026-08-31 09:43:45,Southern District,LAA #2 at Soledad Flow,244.3
2026-08-31 09:58:44,Northern Owens Valley,Tinemaha Elevation,3861.9
2026-08-31 09:58:44,Southern Owens Valley,Tinemaha Elevation,3861.9
2026-08-31 10:28:44,Northern Owens Valley,Tinemaha Elevation,3861.9
2026-08-31 10:28:44,Southern Owens Valley,Tinemaha Elevation,3861.9
2026-08-31 10:43:44,Northern Owens Valley,Rock Ck. At Owens River (PV) Flow,28.1
2026-08-31 10:43:44,Northern Owens Valley,Pleasant Valley Outflow,502.3
2026-08-31 10:43:44,Northern Owens Valley,Baker Ck. At LA Station Flow,7.5
2026-08-31 10:43:44,Northern Owens Valley,Big Pine Ck. USGS Flow,44.9
2026-08-31 10:43:44,Northern Owens Valley,O.R. Below Big Pine,491.3
2026-08-31 10:43:44,Northern Owens Valley,Fish Springs At RR Flow,35.5
2026-08-31 10:43:44,Northern Owens Valley,Tinemaha Reservoir Outflow,479.1
2026-08-31 10:43:44,Northern Owens Valley,Bishop Creek Around Plant 6,6.9
2026-08-31 10:43:44,Southern Owens Valley,Tinemaha Reservoir Outflow,479.1
2026-08-31 10:43:44,Southern Owens Valley,Indep. Ck. At Junction Flow,4.8
2026-08-31 10:43:44,Southern Owens Valley,LAA at Alabama Flow,411.0
2026-08-31 10:43:44,Southern Owens Valley,Cottonwood Ck. At LAA Flow,0.0
2026-08-31 10:43:44,Southern Owens Valley,LAA at Cottonwood Flow,462.0
2026-08-31 10:43:44,Southern Owens Valley,Haiwee LAA #1 Current Flow,0.0
2026-08-31 10:43:44,Southern Owens Valley,Haiwee LAA #2 Current Flow,52.1
2026-08-31 10:43:44,Southern Owens Valley,Reinhackel Flow,2.9
2026-08-31 10:43:44,Southern Owens Valley,Lubkin Spillgate Outflow,0.0
2026-08-31 10:43:44,Southern Owens Valley,Cartago Spillgate Outflow,0.0
2026-08-31 10:43:44,Southern Owens Valley,Lone Pine Creek Flow,10.2
2026-08-31 10:43:44,Lower Owens River Project,LORP Intake Flow,80.0
2026-08-31 10:43:44,Lower Owens River Project,LORP at Mazourka Canyon Road,0.0
2026-08-31 10:43:44,Lower Owens River Project,LORP at Reinhackle Springs,60.0
2026-08-31 10:43:44,Lower Owens River Project,LORP Above Pumpstation,51.0
2026-08-31 10:43:44,Lower Owens River Project,LORP At Pump Station Discharge Flow,48.0
2026-08-31 10:43:44,Southern District,Haiwee LAA #2 Current Flow,52.1
2026-08-31 10:43:44,Southern District,Haiwee LAA #1 Current Flow,0.0
2026-08-31 10:43:45,Mono Basin,Lee Vining Intake Above Flow,26.1
2026-08-31 10:43:45,Mono Basin,Lee Vining Intake Below Flow,27.6
2026-08-31 10:43:45,Mono Basin,Mono Lk. Elevation,6382.2
2026-08-31 10:43:45,Mono Basin,Walker Ck. Above Conduit Flow,4.0
2026-08-31 10:43:45,Mono Basin,L.V. Conduit Below Intake Flow,0.6
2026-08-31 10:43:45,Mono Basin,Walker Ck. Under Conduit Flow,4.0
2026-08-31 10:43:45,Mono Basin,Parker Ck. Under Conduit Flow,13.0
2026-08-31 10:43:45,Mono Basin,Parker Ck. Above Conduit Flow,13.0
2026-08-31 10:43:45,Mono Basin,Grant Lk. Spill Flow,0.0
2026-08-31 10:43:45,Mono Basin,Mono Gate 1 Return Ditch Flow,40.7
2026-08-31 10:43:45,Mono Basin,Grant Lk. Elevation,7129.1
2026-08-31 10:43:45,Mono Basin,Grant Lk. Outflow,39.8
2026-08-31 10:43:45,Mono Basin,Rush Ck. at Damsite Flow,11.0
2026-08-31 10:43:45,Mono Basin,Flow to West Portal,0.0
2026-08-31 10:43:45,Long Valley,East Portal Flow,12.0
2026-08-31 10:43:45,Long Valley,OR Below EP Flow,57.0
2026-08-31 10:43:45,Long Valley,Hot Ck.at Hwy. Flow,6.0
2026-08-31 10:43:45,Long Valley,McGee Ck. Lower Sta. Flow,10.7
2026-08-31 10:43:45,Long Valley,Long Valley Elevation,6770.2
2026-08-31 10:43:45,Long Valley,Long Valley Current Outflow,0.1
2026-08-31 10:43:45,Long Valley,Rock Ck. Div. Flow,0.0
2026-08-31 10:43:45,Long Valley,Upper Gorge Total Release,41.1
2026-08-31 10:43:45,Long Valley,Release at Middle Gorge,0.0
2026-08-31 10:43:45,Northern Owens Valley,Pleasant Valley Elevation,4388.2
2026-08-31 10:43:45,Northern Owens Valley,Bishop Creek Through Plant 6,104.7
2026-08-31 10:43:45,Southern Owens Valley,LAA at Alabama Level,7.9
2026-08-31 10:43:45,Southern Owens Valley,LAA at Alabama Water Temp,68.9
2026-08-31 10:43:45,Southern Owens Valley,LAA at Cottonwood Level,9.0
2026-08-31 10:43:45,Southern Owens Valley,LAA at Cotton. Water Temp,70.1
2026-08-31 10:43:45,Southern Owens Valley,N. Haiwee Elevation,3757.1
2026-08-31 10:43:45,Southern Owens Valley,S. Haiwee Reservoir Elevation,3728.4
2026-08-31 10:43:45,Southern District,S. Haiwee Reservoir Elevation,3728.4
2026-08-31 10:43:45,Southern District,Fairmont Reservoir Elevation,3023.4
2026-08-31 10:43:45,Southern District,LAA #1 Flow at Fairmont Reservoir,314.0
2026-08-31 10:43:45,Southern District,LAA #2 Flow at Fairmont Res.,54.0
2026-08-31 10:43:45,Southern District,Bouquet Reservoir Elevation,2973.2
2026-08-31 10:43:45,Southern District,Bouquet Reservoir Inflow,0.0
2026-08-31 10:43:45,Southern District,Bouquet Reservoir Outflow,0.7
2026-08-31 10:43:45,Southern District,LAA #1 at Soledad Flow,158.0
2026-08-31 10:43:45,Southern District,LAA #2 at Soledad Flow,248.5
2026-08-31 10:58:44,Northern Owens Valley,Tinemaha Elevation,3861.9
2026-08-31 10:58:44,Southern Owens Valley,Tinemaha Elevation,3861.9
2026-08-31 11:13:43,Mono Basin,Lee Vining Intake Above Flow,25.9
2026-08-31 11:13:43,Mono Basin,Lee Vining Intake Below Flow,27.4
2026-08-31 11:13:43,Mono Basin,L.V. Conduit Below Intake Flow,0.6
2026-08-31 11:13:43,Mono Basin,Walker Ck. Under Conduit Flow,4.0
2026-08-31 11:13:43,Mono Basin,Parker Ck. Under Conduit Flow,13.0
2026-08-31 11:13:43,Mono Basin,Rush Ck. at Damsite Flow,11.0
2026-08-31 11:13:43,Long Valley,Hot Ck.at Hwy. Flow,6.0
2026-08-31 11:13:43,Long Valley,McGee Ck. Lower Sta. Flow,10.7
2026-08-31 11:13:43,Long Valley,Long Valley Current Outflow,0.1
2026-08-31 11:13:43,Long Valley,Rock Ck. Div. Flow,0.0
2026-08-31 11:13:43,Long Valley,Upper Gorge Total Release,40.7
2026-08-31 11:13:43,Long Valley,Release at Middle Gorge,0.0
2026-08-31 11:13:43,Northern Owens Valley,Rock Ck. At Owens River (PV) Flow,28.1
2026-08-31 11:13:43,Northern Owens Valley,Pleasant Valley Outflow,501.7
2026-08-31 11:13:43,Northern Owens Valley,Baker Ck. At LA Station Flow,7.5
2026-08-31 11:13:43,Northern Owens Valley,Big Pine Ck. USGS Flow,44.9
2026-08-31 11:13:43,Northern Owens Valley,O.R. Below Big Pine,488.8
2026-08-31 11:13:43,Northern Owens Valley,Fish Springs At RR Flow,35.5
2026-08-31 11:13:43,Northern Owens Valley,Tinemaha Reservoir Outflow,479.1
2026-08-31 11:13:43,Northern Owens Valley,Bishop Creek Through Plant 6,104.7
2026-08-31 11:13:43,Northern Owens Valley,Bishop Creek Around Plant 6,6.9
2026-08-31 11:13:43,Southern Owens Valley,Tinemaha Reservoir Outflow,479.1
2026-08-31 11:13:43,Southern Owens Valley,Indep. Ck. At Junction Flow,4.8
2026-08-31 11:13:43,Southern Owens Valley,LAA at Alabama Flow,410.0
2026-08-31 11:13:43,Southern Owens Valley,Cottonwood Ck. At LAA Flow,0.0
2026-08-31 11:13:43,Southern Owens Valley,LAA at Cottonwood Flow,463.0
2026-08-31 11:13:43,Southern Owens Valley,Haiwee LAA #1 Current Flow,0.0
2026-08-31 11:13:43,Southern Owens Valley,Haiwee LAA #2 Current Flow,52.1
2026-08-31 11:13:43,Southern Owens Valley,Reinhackel Flow,2.9
2026-08-31 11:13:43,Southern Owens Valley,Lubkin Spillgate Outflow,0.0
2026-08-31 11:13:43,Southern Owens Valley,Cartago Spillgate Outflow,0.0
2026-08-31 11:13:43,Southern Owens Valley,Lone Pine Creek Flow,10.1
2026-08-31 11:13:43,Lower Owens River Project,LORP Intake Flow,80.0
2026-08-31 11:13:43,Lower Owens River Project,LORP at Mazourka Canyon Road,0.0
2026-08-31 11:13:43,Lower Owens River Project,LORP at Reinhackle Springs,60.0
2026-08-31 11:13:43,Lower Owens River Project,LORP Above Pumpstation,52.0
2026-08-31 11:13:43,Lower Owens River Project,LORP At Pump Station Discharge Flow,49.0
2026-08-31 11:13:43,Southern District,Haiwee LAA #2 Current Flow,52.1
2026-08-31 11:13:43,Southern District,Haiwee LAA #1 Current Flow,0.0
2026-08-31 11:13:44,Mono Basin,Mono Lk. Elevation,6382.2
2026-08-31 11:13:44,Mono Basin,Walker Ck. Above Conduit Flow,4.0
2026-08-31 11:13:44,Mono Basin,Parker Ck. Above Conduit Flow,13.0
2026-08-31 11:13:44,Mono Basin,Grant Lk. Spill Flow,0.0
2026-08-31 11:13:44,Mono Basin,Mono Gate 1 Return Ditch Flow,40.7
2026-08-31 11:13:44,Mono Basin,Grant Lk. Elevation,7129.1
2026-08-31 11:13:44,Mono Basin,Grant Lk. Outflow,39.8
2026-08-31 11:13:44,Mono Basin,Flow to West Portal,0.0
2026-08-31 11:13:44,Long Valley,East Portal Flow,12.0
2026-08-31 11:13:44,Long Valley,OR Below EP Flow,57.0
2026-08-31 11:13:44,Long Valley,Long Valley Elevation,6770.2
2026-08-31 11:13:44,Northern Owens Valley,Pleasant Valley Elevation,4388.1
2026-08-31 11:13:44,Southern Owens Valley,LAA at Alabama Level,7.9
2026-08-31 11:13:44,Southern Owens Valley,LAA at Alabama Water Temp,69.1
2026-08-31 11:13:44,Southern Owens Valley,LAA at Cottonwood Level,9.0
2026-08-31 11:13:44,Southern Owens Valley,LAA at Cotton. Water Temp,70.3
2026-08-31 11:13:44,Southern Owens Valley,N. Haiwee Elevation,3757.1
2026-08-31 11:13:44,Southern Owens Valley,S. Haiwee Reservoir Elevation,3728.4
2026-08-31 11:13:44,Southern District,S. Haiwee Reservoir Elevation,3728.4
2026-08-31 11:13:44,Southern District,Fairmont Reservoir Elevation,3023.4
2026-08-31 11:13:44,Southern District,LAA #1 Flow at Fairmont Reservoir,314.0
2026-08-31 11:13:44,Southern District,LAA #2 Flow at Fairmont Res.,56.2
2026-08-31 11:13:44,Southern District,Bouquet Reservoir Elevation,2973.2
2026-08-31 11:13:44,Southern District,Bouquet Reservoir Inflow,0.0
2026-08-31 11:13:44,Southern District,Bouquet Reservoir Outflow,0.7
2026-08-31 11:13:44,Southern District,LAA #1 at Soledad Flow,133.2
2026-08-31 11:13:44,Southern District,LAA #2 at Soledad Flow,248.5
2026-08-31 11:28:44,Mono Basin,Lee Vining Intake Above Flow,25.9
2026-08-31 11:28:44,Mono Basin,Lee Vining Intake Below Flow,27.4
2026-08-31 11:28:44,Mono Basin,Mono Lk. Elevation,6382.2
2026-08-31 11:28:44,Mono Basin,Walker Ck. Above Conduit Flow,4.0
2026-08-31 11:28:44,Mono Basin,L.V. Conduit Below Intake Flow,0.6
2026-08-31 11:28:44,Mono Basin,Walker Ck. Under Conduit Flow,4.0
2026-08-31 11:28:44,Mono Basin,Parker Ck. Under Conduit Flow,13.0
2026-08-31 11:28:44,Mono Basin,Parker Ck. Above Conduit Flow,13.0
2026-08-31 11:28:44,Mono Basin,Grant Lk. Spill Flow,0.0
2026-08-31 11:28:44,Mono Basin,Mono Gate 1 Return Ditch Flow,40.5
2026-08-31 11:28:44,Mono Basin,Grant Lk. Elevation,7129.1
2026-08-31 11:28:44,Mono Basin,Grant Lk. Outflow,39.7
2026-08-31 11:28:44,Mono Basin,Rush Ck. at Damsite Flow,11.0
2026-08-31 11:28:44,Mono Basin,Flow to West Portal,0.0
2026-08-31 11:28:44,Long Valley,East Portal Flow,12.0
2026-08-31 11:28:44,Long Valley,OR Below EP Flow,57.0
2026-08-31 11:28:44,Long Valley,Hot Ck.at Hwy. Flow,6.0
2026-08-31 11:28:44,Long Valley,McGee Ck. Lower Sta. Flow,10.7
2026-08-31 11:28:44,Long Valley,Long Valley Elevation,6770.2
2026-08-31 11:28:44,Long Valley,Long Valley Current Outflow,0.1
2026-08-31 11:28:44,Long Valley,Rock Ck. Div. Flow,0.0
2026-08-31 11:28:44,Long Valley,Upper Gorge Total Release,41.0
2026-08-31 11:28:44,Long Valley,Release at Middle Gorge,0.0
2026-08-31 11:28:44,Northern Owens Valley,Rock Ck. At Owens River (PV) Flow,28.1
2026-08-31 11:28:44,Northern Owens Valley,Pleasant Valley Elevation,4388.0
2026-08-31 11:28:44,Northern Owens Valley,Pleasant Valley Outflow,501.1
2026-08-31 11:28:44,Northern Owens Valley,Baker Ck. At LA Station Flow,7.5
2026-08-31 11:28:44,Northern Owens Valley,Big Pine Ck. USGS Flow,44.9
2026-08-31 11:28:44,Northern Owens Valley,O.R. Below Big Pine,490.3
2026-08-31 11:28:44,Northern Owens Valley,Fish Springs At RR Flow,35.5
2026-08-31 11:28:44,Northern Owens Valley,Tinemaha Elevation,3861.9
2026-08-31 11:28:44,Northern Owens Valley,Tinemaha Reservoir Outflow,479.9
2026-08-31 11:28:44,Northern Owens Valley,Bishop Creek Through Plant 6,104.7
2026-08-31 11:28:44,Northern Owens Valley,Bishop Creek Around Plant 6,6.9
2026-08-31 11:28:44,Southern Owens Valley,Tinemaha Elevation,3861.9
2026-08-31 11:28:44,Southern Owens Valley,Tinemaha Reservoir Outflow,479.9
2026-08-31 11:28:44,Southern Owens Valley,Indep. Ck. At Junction Flow,4.8
2026-08-31 11:28:44,Southern Owens Valley,LAA at Alabama Flow,410.0
2026-08-31 11:28:44,Southern Owens Valley,LAA at Alabama Level,7.9
2026-08-31 11:28:44,Southern Owens Valley,LAA at Alabama Water Temp,69.1
2026-08-31 11:28:44,Southern Owens Valley,Cottonwood Ck. At LAA Flow,0.0
2026-08-31 11:28:44,Southern Owens Valley,LAA at Cottonwood Flow,463.0
2026-08-31 11:28:44,Southern Owens Valley,LAA at Cottonwood Level,9.0
2026-08-31 11:28:44,Southern Owens Valley,LAA at Cotton. Water Temp,70.3
2026-08-31 11:28:44,Southern Owens Valley,N. Haiwee Elevation,3757.1
2026-08-31 11:28:44,Southern Owens Valley,S. Haiwee Reservoir Elevation,3728.4
2026-08-31 11:28:44,Southern Owens Valley,Haiwee LAA #1 Current Flow,0.0
2026-08-31 11:28:44,Southern Owens Valley,Haiwee LAA #2 Current Flow,52.1
2026-08-31 11:28:44,Southern Owens Valley,Reinhackel Flow,2.9
2026-08-31 11:28:44,Southern Owens Valley,Lubkin Spillgate Outflow,0.0
2026-08-31 11:28:44,Southern Owens Valley,Cartago Spillgate Outflow,0.0
2026-08-31 11:28:44,Southern Owens Valley,Lone Pine Creek Flow,10.1
2026-08-31 11:28:44,Lower Owens River Project,LORP Intake Flow,80.0
2026-08-31 11:28:44,Lower Owens River Project,LORP at Mazourka Canyon Road,0.0
2026-08-31 11:28:44,Lower Owens River Project,LORP at Reinhackle Springs,60.0
2026-08-31 11:28:44,Lower Owens River Project,LORP Above Pumpstation,51.0
2026-08-31 11:28:44,Lower Owens River Project,LORP At Pump Station Discharge Flow,48.0
2026-08-31 11:28:44,Southern District,Haiwee LAA #2 Current Flow,52.1
2026-08-31 11:28:44,Southern District,S. Haiwee Reservoir Elevation,3728.4
2026-08-31 11:28:44,Southern District,Haiwee LAA #1 Current Flow,0.0
2026-08-31 11:28:44,Southern District,Fairmont Reservoir Elevation,3023.4
2026-08-31 11:28:44,Southern District,LAA #1 Flow at Fairmont Reservoir,314.9
2026-08-31 11:28:44,Southern District,LAA #2 Flow at Fairmont Res.,55.1
2026-08-31 11:28:44,Southern District,Bouquet Reservoir Elevation,2973.2
2026-08-31 11:28:44,Southern District,Bouquet Reservoir Inflow,0.0
2026-08-31 11:28:44,Southern District,Bouquet Reservoir Outflow,0.5
2026-08-31 11:28:44,Southern District,LAA #1 at Soledad Flow,133.2
2026-08-31 11:28:44,Southern District,LAA #2 at Soledad Flow,248.5
2026-08-31 11:43:44,Mono Basin,Lee Vining Intake Above Flow,25.8
2026-08-31 11:43:44,Mono Basin,Lee Vining Intake Below Flow,27.3
2026-08-31 11:43:44,Mono Basin,Walker Ck. Above Conduit Flow,4.0
2026-08-31 11:43:44,Mono Basin,L.V. Conduit Below Intake Flow,0.5
2026-08-31 11:43:44,Mono Basin,Walker Ck. Under Conduit Flow,4.0
2026-08-31 11:43:44,Mono Basin,Parker Ck. Under Conduit Flow,13.0
2026-08-31 11:43:44,Mono Basin,Parker Ck. Above Conduit Flow,13.0
2026-08-31 11:43:44,Mono Basin,Grant Lk. Spill Flow,0.0
2026-08-31 11:43:44,Mono Basin,Mono Gate 1 Return Ditch Flow,40.5
2026-08-31 11:43:44,Mono Basin,Grant Lk. Outflow,39.7
2026-08-31 11:43:44,Mono Basin,Rush Ck. at Damsite Flow,11.0
2026-08-31 11:43:44,Mono Basin,Flow to West Portal,0.0
2026-08-31 11:43:44,Long Valley,East Portal Flow,12.0
2026-08-31 11:43:44,Long Valley,OR Below EP Flow,56.0
2026-08-31 11:43:44,Long Valley,Hot Ck.at Hwy. Flow,6.0
2026-08-31 11:43:44,Long Valley,McGee Ck. Lower Sta. Flow,10.7
2026-08-31 11:43:44,Long Valley,Long Valley Current Outflow,0.1
2026-08-31 11:43:44,Long Valley,Rock Ck. Div. Flow,0.0
2026-08-31 11:43:44,Long Valley,Upper Gorge Total Release,41.5
2026-08-31 11:43:44,Long Valley,Release at Middle Gorge,0.0
2026-08-31 11:43:44,Northern Owens Valley,Rock Ck. At Owens River (PV) Flow,28.1
2026-08-31 11:43:44,Northern Owens Valley,Pleasant Valley Outflow,500.8
2026-08-31 11:43:44,Northern Owens Valley,Baker Ck. At LA Station Flow,7.5
2026-08-31 11:43:44,Northern Owens Valley,Big Pine Ck. USGS Flow,44.9
2026-08-31 11:43:44,Northern Owens Valley,O.R. Below Big Pine,488.3
2026-08-31 11:43:44,Northern Owens Valley,Fish Springs At RR Flow,35.5
2026-08-31 11:43:44,Northern Owens Valley,Tinemaha Reservoir Outflow,479.9
2026-08-31 11:43:44,Northern Owens Valley,Bishop Creek Through Plant 6,104.7
2026-08-31 11:43:44,Northern Owens Valley,Bishop Creek Around Plant 6,6.9
2026-08-31 11:43:44,Southern Owens Valley,Tinemaha Reservoir Outflow,479.9
2026-08-31 11:43:44,Southern Owens Valley,Indep. Ck. At Junction Flow,4.8
2026-08-31 11:43:44,Southern Owens Valley,LAA at Alabama Flow,410.0
2026-08-31 11:43:44,Southern Owens Valley,Cottonwood Ck. At LAA Flow,0.0
2026-08-31 11:43:44,Southern Owens Valley,LAA at Cottonwood Flow,463.0
2026-08-31 11:43:44,Southern Owens Valley,Haiwee LAA #1 Current Flow,0.0
2026-08-31 11:43:44,Southern Owens Valley,Haiwee LAA #2 Current Flow,52.1
2026-08-31 11:43:44,Southern Owens Valley,Reinhackel Flow,2.9
2026-08-31 11:43:44,Southern Owens Valley,Lubkin Spillgate Outflow,0.0
2026-08-31 11:43:44,Southern Owens Valley,Cartago Spillgate Outflow,0.0
2026-08-31 11:43:44,Southern Owens Valley,Lone Pine Creek Flow,10.1
2026-08-31 11:43:44,Lower Owens River Project,LORP Intake Flow,79.0
2026-08-31 11:43:44,Lower Owens River Project,LORP at Mazourka Canyon Road,0.0
2026-08-31 11:43:44,Lower Owens River Project,LORP at Reinhackle Springs,60.0
2026-08-31 11:43:44,Lower Owens River Project,LORP Above Pumpstation,52.0
2026-08-31 11:43:44,Lower Owens River Project,LORP At Pump Station Discharge Flow,49.0
2026-08-31 11:43:44,Southern District,Haiwee LAA #2 Current Flow,52.1
2026-08-31 11:43:44,Southern District,Haiwee LAA #1 Current Flow,0.0
2026-08-31 11:43:44,Southern District,LAA #1 Flow at Fairmont Reservoir,316.5
2026-08-31 11:43:44,Southern District,LAA #2 Flow at Fairmont Res.,56.5
2026-08-31 11:43:44,Southern District,Bouquet Reservoir Inflow,0.0
2026-08-31 11:43:44,Southern District,Bouquet Reservoir Outflow,0.5
2026-08-31 11:43:44,Southern District,LAA #1 at Soledad Flow,123.4
2026-08-31 11:43:44,Southern District,LAA #2 at Soledad Flow,248.5
2026-08-31 11:43:45,Mono Basin,Mono Lk. Elevation,6382.2
2026-08-31 11:43:45,Mono Basin,Grant Lk. Elevation,7129.1
2026-08-31 11:43:45,Long Valley,Long Valley Elevation,6770.2
2026-08-31 11:43:45,Northern Owens Valley,Pleasant Valley Elevation,4387.9
2026-08-31 11:43:45,Southern Owens Valley,LAA at Alabama Level,7.9
2026-08-31 11:43:45,Southern Owens Valley,LAA at Alabama Water Temp,69.1
2026-08-31 11:43:45,Southern Owens Valley,LAA at Cottonwood Level,9.0
2026-08-31 11:43:45,Southern Owens Valley,LAA at Cotton. Water Temp,70.6
2026-08-31 11:43:45,Southern Owens Valley,N. Haiwee Elevation,3757.1
2026-08-31 11:43:45,Southern Owens Valley,S. Haiwee Reservoir Elevation,3728.4
2026-08-31 11:43:45,Southern District,S. Haiwee Reservoir Elevation,3728.4
2026-08-31 11:43:45,Southern District,Fairmont Reservoir Elevation,3023.4
2026-08-31 11:43:45,Southern District,Bouquet Reservoir Elevation,2973.2
2026-08-31 11:58:44,Mono Basin,Lee Vining Intake Above Flow,25.8
2026-08-31 11:58:44,Mono Basin,Lee Vining Intake Below Flow,27.3
2026-08-31 11:58:44,Mono Basin,Mono Lk. Elevation,6382.2
2026-08-31 11:58:44,Mono Basin,Walker Ck. Above Conduit Flow,4.0
2026-08-31 11:58:44,Mono Basin,L.V. Conduit Below Intake Flow,0.5
2026-08-31 11:58:44,Mono Basin,Walker Ck. Under Conduit Flow,4.0
2026-08-31 11:58:44,Mono Basin,Parker Ck. Under Conduit Flow,13.0
2026-08-31 11:58:44,Mono Basin,Parker Ck. Above Conduit Flow,13.0
2026-08-31 11:58:44,Mono Basin,Grant Lk. Spill Flow,0.0
2026-08-31 11:58:44,Mono Basin,Mono Gate 1 Return Ditch Flow,40.5
2026-08-31 11:58:44,Mono Basin,Grant Lk. Elevation,7129.1
2026-08-31 11:58:44,Mono Basin,Grant Lk. Outflow,39.4
2026-08-31 11:58:44,Mono Basin,Rush Ck. at Damsite Flow,11.0
2026-08-31 11:58:44,Mono Basin,Flow to West Portal,0.0
2026-08-31 11:58:44,Long Valley,East Portal Flow,12.0
2026-08-31 11:58:44,Long Valley,OR Below EP Flow,56.0
2026-08-31 11:58:44,Long Valley,Hot Ck.at Hwy. Flow,6.0
2026-08-31 11:58:44,Long Valley,McGee Ck. Lower Sta. Flow,10.7
2026-08-31 11:58:44,Long Valley,Long Valley Elevation,6770.2
2026-08-31 11:58:44,Long Valley,Long Valley Current Outflow,0.1
2026-08-31 11:58:44,Long Valley,Rock Ck. Div. Flow,0.0
2026-08-31 11:58:44,Long Valley,Upper Gorge Total Release,40.9
2026-08-31 11:58:44,Long Valley,Release at Middle Gorge,0.0
2026-08-31 11:58:44,Northern Owens Valley,Rock Ck. At Owens River (PV) Flow,28.1
2026-08-31 11:58:44,Northern Owens Valley,Pleasant Valley Elevation,4387.8
2026-08-31 11:58:44,Northern Owens Valley,Pleasant Valley Outflow,501.3
2026-08-31 11:58:44,Northern Owens Valley,Baker Ck. At LA Station Flow,7.5
2026-08-31 11:58:44,Northern Owens Valley,Big Pine Ck. USGS Flow,44.9
2026-08-31 11:58:44,Northern Owens Valley,O.R. Below Big Pine,489.7
2026-08-31 11:58:44,Northern Owens Valley,Fish Springs At RR Flow,35.5
2026-08-31 11:58:44,Northern Owens Valley,Tinemaha Elevation,3861.9
2026-08-31 11:58:44,Northern Owens Valley,Tinemaha Reservoir Outflow,479.9
2026-08-31 11:58:44,Northern Owens Valley,Bishop Creek Through Plant 6,104.7
2026-08-31 11:58:44,Northern Owens Valley,Bishop Creek Around Plant 6,6.9
2026-08-31 11:58:44,Southern Owens Valley,Tinemaha Elevation,3861.9
2026-08-31 11:58:44,Southern Owens Valley,Tinemaha Reservoir Outflow,479.9
2026-08-31 11:58:44,Southern Owens Valley,Indep. Ck. At Junction Flow,4.8
2026-08-31 11:58:44,Southern Owens Valley,LAA at Alabama Flow,410.0
2026-08-31 11:58:44,Southern Owens Valley,LAA at Alabama Level,7.9
2026-08-31 11:58:44,Southern Owens Valley,LAA at Alabama Water Temp,69.1
2026-08-31 11:58:44,Southern Owens Valley,Cottonwood Ck. At LAA Flow,0.0
2026-08-31 11:58:44,Southern Owens Valley,LAA at Cottonwood Flow,463.0
2026-08-31 11:58:44,Southern Owens Valley,LAA at Cottonwood Level,9.0
2026-08-31 11:58:44,Southern Owens Valley,LAA at Cotton. Water Temp,70.6
2026-08-31 11:58:44,Southern Owens Valley,N. Haiwee Elevation,3757.1
2026-08-31 11:58:44,Southern Owens Valley,S. Haiwee Reservoir Elevation,3728.4
2026-08-31 11:58:44,Southern Owens Valley,Haiwee LAA #1 Current Flow,0.0
2026-08-31 11:58:44,Southern Owens Valley,Haiwee LAA #2 Current Flow,52.1
2026-08-31 11:58:44,Southern Owens Valley,Reinhackel Flow,2.9
2026-08-31 11:58:44,Southern Owens Valley,Lubkin Spillgate Outflow,0.0
2026-08-31 11:58:44,Southern Owens Valley,Cartago Spillgate Outflow,0.0
2026-08-31 11:58:44,Southern Owens Valley,Lone Pine Creek Flow,10.1
2026-08-31 11:58:44,Lower Owens River Project,LORP Intake Flow,79.0
2026-08-31 11:58:44,Lower Owens River Project,LORP at Mazourka Canyon Road,0.0
2026-08-31 11:58:44,Lower Owens River Project,LORP at Reinhackle Springs,60.0
2026-08-31 11:58:44,Lower Owens River Project,LORP Above Pumpstation,51.0
2026-08-31 11:58:44,Lower Owens River Project,LORP At Pump Station Discharge Flow,48.0
2026-08-31 11:58:44,Southern District,Haiwee LAA #2 Current Flow,52.1
2026-08-31 11:58:44,Southern District,S. Haiwee Reservoir Elevation,3728.4
2026-08-31 11:58:44,Southern District,Haiwee LAA #1 Current Flow,0.0
2026-08-31 11:58:44,Southern District,Fairmont Reservoir Elevation,3023.4
2026-08-31 11:58:44,Southern District,LAA #1 Flow at Fairmont Reservoir,316.1
2026-08-31 11:58:44,Southern District,LAA #2 Flow at Fairmont Res.,56.9
2026-08-31 11:58:44,Southern District,Bouquet Reservoir Elevation,2973.2
2026-08-31 11:58:44,Southern District,Bouquet Reservoir Inflow,0.0
2026-08-31 11:58:44,Southern District,Bouquet Reservoir Outflow,0.5
2026-08-31 11:58:44,Southern District,LAA #1 at Soledad Flow,113.1
2026-08-31 11:58:44,Southern District,LAA #2 at Soledad Flow,248.5
2026-08-31 12:13:43,Mono Basin,Lee Vining Intake Above Flow,25.6
2026-08-31 12:13:43,Mono Basin,Lee Vining Intake Below Flow,27.4
2026-08-31 12:13:43,Mono Basin,Walker Ck. Above Conduit Flow,4.0
2026-08-31 12:13:43,Mono Basin,L.V. Conduit Below Intake Flow,0.6
2026-08-31 12:13:43,Mono Basin,Walker Ck. Under Conduit Flow,4.0
2026-08-31 12:13:43,Mono Basin,Parker Ck. Under Conduit Flow,12.0
2026-08-31 12:13:43,Mono Basin,Parker Ck. Above Conduit Flow,13.0
2026-08-31 12:13:43,Mono Basin,Grant Lk. Spill Flow,0.0
2026-08-31 12:13:43,Mono Basin,Mono Gate 1 Return Ditch Flow,40.5
2026-08-31 12:13:43,Mono Basin,Grant Lk. Outflow,39.4
2026-08-31 12:13:43,Mono Basin,Rush Ck. at Damsite Flow,11.0
2026-08-31 12:13:43,Mono Basin,Flow to West Portal,0.0
2026-08-31 12:13:43,Long Valley,East Portal Flow,12.0
2026-08-31 12:13:43,Long Valley,OR Below EP Flow,56.0
2026-08-31 12:13:43,Long Valley,Hot Ck.at Hwy. Flow,6.0
2026-08-31 12:13:43,Long Valley,McGee Ck. Lower Sta. Flow,10.5
2026-08-31 12:13:43,Long Valley,Long Valley Current Outflow,0.1
2026-08-31 12:13:43,Long Valley,Rock Ck. Div. Flow,0.0
2026-08-31 12:13:43,Long Valley,Upper Gorge Total Release,41.0
2026-08-31 12:13:43,Long Valley,Release at Middle Gorge,0.0
2026-08-31 12:13:43,Northern Owens Valley,Rock Ck. At Owens River (PV) Flow,28.0
2026-08-31 12:13:43,Northern Owens Valley,Pleasant Valley Outflow,500.8
2026-08-31 12:13:43,Northern Owens Valley,Baker Ck. At LA Station Flow,6.8
2026-08-31 12:13:43,Northern Owens Valley,Big Pine Ck. USGS Flow,44.9
2026-08-31 12:13:43,Northern Owens Valley,O.R. Below Big Pine,490.4
2026-08-31 12:13:43,Northern Owens Valley,Fish Springs At RR Flow,35.5
2026-08-31 12:13:43,Northern Owens Valley,Tinemaha Reservoir Outflow,479.9
2026-08-31 12:13:43,Northern Owens Valley,Bishop Creek Through Plant 6,104.7
2026-08-31 12:13:43,Northern Owens Valley,Bishop Creek Around Plant 6,6.9
2026-08-31 12:13:43,Southern Owens Valley,Tinemaha Reservoir Outflow,479.9
2026-08-31 12:13:43,Southern Owens Valley,Indep. Ck. At Junction Flow,4.8
2026-08-31 12:13:43,Southern Owens Valley,LAA at Alabama Flow,411.0
2026-08-31 12:13:43,Southern Owens Valley,Cottonwood Ck. At LAA Flow,0.0
2026-08-31 12:13:43,Southern Owens Valley,LAA at Cottonwood Flow,463.0
2026-08-31 12:13:43,Southern Owens Valley,Haiwee LAA #1 Current Flow,0.0
2026-08-31 12:13:43,Southern Owens Valley,Haiwee LAA #2 Current Flow,52.1
2026-08-31 12:13:43,Southern Owens Valley,Reinhackel Flow,2.9
2026-08-31 12:13:43,Southern Owens Valley,Lubkin Spillgate Outflow,0.0
2026-08-31 12:13:43,Southern Owens Valley,Cartago Spillgate Outflow,0.0
2026-08-31 12:13:43,Southern Owens Valley,Lone Pine Creek Flow,10.0
2026-08-31 12:13:43,Lower Owens River Project,LORP Intake Flow,79.0
2026-08-31 12:13:43,Lower Owens River Project,LORP at Mazourka Canyon Road,0.0
2026-08-31 12:13:43,Lower Owens River Project,LORP at Reinhackle Springs,60.0
2026-08-31 12:13:43,Lower Owens River Project,LORP Above Pumpstation,50.0
2026-08-31 12:13:43,Lower Owens River Project,LORP At Pump Station Discharge Flow,47.0
2026-08-31 12:13:43,Southern District,Haiwee LAA #2 Current Flow,52.1
2026-08-31 12:13:43,Southern District,Haiwee LAA #1 Current Flow,0.0
2026-08-31 12:13:43,Southern District,LAA #1 Flow at Fairmont Reservoir,314.6
2026-08-31 12:13:43,Southern District,LAA #2 Flow at Fairmont Res.,56.5
2026-08-31 12:13:43,Southern District,Bouquet Reservoir Inflow,0.0
2026-08-31 12:13:43,Southern District,Bouquet Reservoir Outflow,0.5
2026-08-31 12:13:43,Southern District,LAA #1 at Soledad Flow,113.1
2026-08-31 12:13:43,Southern District,LAA #2 at Soledad Flow,248.5
2026-08-31 12:13:44,Mono Basin,Mono Lk. Elevation,6382.2
2026-08-31 12:13:44,Mono Basin,Grant Lk. Elevation,7129.1
2026-08-31 12:13:44,Long Valley,Long Valley Elevation,6770.2
2026-08-31 12:13:44,Northern Owens Valley,Pleasant Valley Elevation,4387.7
2026-08-31 12:13:44,Southern Owens Valley,LAA at Alabama Level,7.9
2026-08-31 12:13:44,Southern Owens Valley,LAA at Alabama Water Temp,69.5
2026-08-31 12:13:44,Southern Owens Valley,LAA at Cottonwood Level,9.0
2026-08-31 12:13:44,Southern Owens Valley,LAA at Cotton. Water Temp,70.9
2026-08-31 12:13:44,Southern Owens Valley,N. Haiwee Elevation,3757.1
2026-08-31 12:13:44,Southern Owens Valley,S. Haiwee Reservoir Elevation,3728.4
2026-08-31 12:13:44,Southern District,S. Haiwee Reservoir Elevation,3728.4
2026-08-31 12:13:44,Southern District,Fairmont Reservoir Elevation,3023.4
2026-08-31 12:13:44,Southern District,Bouquet Reservoir Elevation,2973.2
2026-08-31 12:28:43,Northern Owens Valley,Tinemaha Elevation,3861.9
2026-08-31 12:28:43,Southern Owens Valley,Tinemaha Elevation,3861.9
2026-08-31 12:28:43,Mono Basin,Lee Vining Intake Above Flow,25.6
2026-08-31 12:28:43,Mono Basin,Lee Vining Intake Below Flow,27.4
2026-08-31 12:28:43,Mono Basin,Mono Lk. Elevation,6382.2
2026-08-31 12:28:43,Mono Basin,Walker Ck. Above Conduit Flow,4.0
2026-08-31 12:28:43,Mono Basin,L.V. Conduit Below Intake Flow,0.6
2026-08-31 12:28:43,Mono Basin,Walker Ck. Under Conduit Flow,4.0
2026-08-31 12:28:43,Mono Basin,Parker Ck. Under Conduit Flow,12.0
2026-08-31 12:28:43,Mono Basin,Parker Ck. Above Conduit Flow,13.0
2026-08-31 12:28:43,Mono Basin,Grant Lk. Spill Flow,0.0
2026-08-31 12:28:43,Mono Basin,Mono Gate 1 Return Ditch Flow,40.8
2026-08-31 12:28:43,Mono Basin,Grant Lk. Elevation,7129.1
2026-08-31 12:28:43,Mono Basin,Grant Lk. Outflow,39.5
2026-08-31 12:28:43,Mono Basin,Rush Ck. at Damsite Flow,11.0
2026-08-31 12:28:43,Mono Basin,Flow to West Portal,0.0
2026-08-31 12:28:43,Long Valley,East Portal Flow,12.0
2026-08-31 12:28:43,Long Valley,OR Below EP Flow,56.0
2026-08-31 12:28:43,Long Valley,Hot Ck.at Hwy. Flow,7.0
2026-08-31 12:28:43,Long Valley,McGee Ck. Lower Sta. Flow,10.5
2026-08-31 12:28:43,Long Valley,Long Valley Elevation,6770.2
2026-08-31 12:28:43,Long Valley,Long Valley Current Outflow,0.1
2026-08-31 12:28:43,Long Valley,Rock Ck. Div. Flow,0.0
2026-08-31 12:28:43,Long Valley,Upper Gorge Total Release,41.4
2026-08-31 12:28:43,Long Valley,Release at Middle Gorge,0.0
2026-08-31 12:28:43,Northern Owens Valley,Rock Ck. At Owens River (PV) Flow,27.7
2026-08-31 12:28:43,Northern Owens Valley,Pleasant Valley Elevation,4387.6
2026-08-31 12:28:43,Northern Owens Valley,Pleasant Valley Outflow,500.5
2026-08-31 12:28:43,Northern Owens Valley,Baker Ck. At LA Station Flow,6.8
2026-08-31 12:28:43,Northern Owens Valley,Big Pine Ck. USGS Flow,43.3
2026-08-31 12:28:43,Northern Owens Valley,O.R. Below Big Pine,490.1
2026-08-31 12:28:43,Northern Owens Valley,Fish Springs At RR Flow,37.2
2026-08-31 12:28:43,Northern Owens Valley,Tinemaha Reservoir Outflow,479.1
2026-08-31 12:28:43,Northern Owens Valley,Bishop Creek Through Plant 6,104.7
2026-08-31 12:28:43,Northern Owens Valley,Bishop Creek Around Plant 6,6.9
2026-08-31 12:28:43,Southern Owens Valley,Tinemaha Reservoir Outflow,479.1
2026-08-31 12:28:43,Southern Owens Valley,Indep. Ck. At Junction Flow,4.8
2026-08-31 12:28:43,Southern Owens Valley,LAA at Alabama Flow,411.0
2026-08-31 12:28:43,Southern Owens Valley,LAA at Alabama Level,7.9
2026-08-31 12:28:43,Southern Owens Valley,LAA at Alabama Water Temp,69.7
2026-08-31 12:28:43,Southern Owens Valley,Cottonwood Ck. At LAA Flow,0.0
2026-08-31 12:28:43,Southern Owens Valley,LAA at Cottonwood Flow,463.0
2026-08-31 12:28:43,Southern Owens Valley,LAA at Cottonwood Level,9.0
2026-08-31 12:28:43,Southern Owens Valley,LAA at Cotton. Water Temp,70.9
2026-08-31 12:28:43,Southern Owens Valley,N. Haiwee Elevation,3757.1
2026-08-31 12:28:43,Southern Owens Valley,S. Haiwee Reservoir Elevation,3728.4
2026-08-31 12:28:43,Southern Owens Valley,Haiwee LAA #1 Current Flow,0.0
2026-08-31 12:28:43,Southern Owens Valley,Haiwee LAA #2 Current Flow,52.1
2026-08-31 12:28:43,Southern Owens Valley,Reinhackel Flow,2.9
2026-08-31 12:28:43,Southern Owens Valley,Lubkin Spillgate Outflow,0.0
2026-08-31 12:28:43,Southern Owens Valley,Cartago Spillgate Outflow,0.0
2026-08-31 12:28:43,Southern Owens Valley,Lone Pine Creek Flow,10.0
2026-08-31 12:28:43,Lower Owens River Project,LORP Intake Flow,79.0
2026-08-31 12:28:43,Lower Owens River Project,LORP at Mazourka Canyon Road,0.0
2026-08-31 12:28:43,Lower Owens River Project,LORP at Reinhackle Springs,58.0
2026-08-31 12:28:43,Lower Owens River Project,LORP Above Pumpstation,51.0
2026-08-31 12:28:43,Lower Owens River Project,LORP At Pump Station Discharge Flow,48.0
2026-08-31 12:28:43,Southern District,Haiwee LAA #2 Current Flow,52.1
2026-08-31 12:28:43,Southern District,S. Haiwee Reservoir Elevation,3728.4
2026-08-31 12:28:43,Southern District,Haiwee LAA #1 Current Flow,0.0
2026-08-31 12:28:43,Southern District,Fairmont Reservoir Elevation,3023.4
2026-08-31 12:28:43,Southern District,LAA #1 Flow at Fairmont Reservoir,315.7
2026-08-31 12:28:43,Southern District,LAA #2 Flow at Fairmont Res.,56.3
2026-08-31 12:28:43,Southern District,Bouquet Reservoir Elevation,2973.2
2026-08-31 12:28:43,Southern District,Bouquet Reservoir Inflow,0.0
2026-08-31 12:28:43,Southern District,Bouquet Reservoir Outflow,0.5
2026-08-31 12:28:43,Southern District,LAA #1 at Soledad Flow,113.1
2026-08-31 12:28:43,Southern District,LAA #2 at Soledad Flow,248.5
2026-08-31 12:43:44,Mono Basin,Lee Vining Intake Above Flow,25.8
2026-08-31 12:43:44,Mono Basin,Lee Vining Intake Below Flow,27.4
2026-08-31 12:43:44,Mono Basin,Walker Ck. Above Conduit Flow,4.0
2026-08-31 12:43:44,Mono Basin,L.V. Conduit Below Intake Flow,0.6
2026-08-31 12:43:44,Mono Basin,Walker Ck. Under Conduit Flow,4.0
2026-08-31 12:43:44,Mono Basin,Parker Ck. Under Conduit Flow,12.0
2026-08-31 12:43:44,Mono Basin,Parker Ck. Above Conduit Flow,13.0
2026-08-31 12:43:44,Mono Basin,Grant Lk. Spill Flow,0.0
2026-08-31 12:43:44,Mono Basin,Mono Gate 1 Return Ditch Flow,40.8
2026-08-31 12:43:44,Mono Basin,Grant Lk. Outflow,39.5
2026-08-31 12:43:44,Mono Basin,Rush Ck. at Damsite Flow,11.0
2026-08-31 12:43:44,Mono Basin,Flow to West Portal,0.0
2026-08-31 12:43:44,Long Valley,East Portal Flow,12.0
2026-08-31 12:43:44,Long Valley,OR Below EP Flow,56.0
2026-08-31 12:43:44,Long Valley,Hot Ck.at Hwy. Flow,7.0
2026-08-31 12:43:44,Long Valley,McGee Ck. Lower Sta. Flow,10.5
2026-08-31 12:43:44,Long Valley,Long Valley Current Outflow,0.1
2026-08-31 12:43:44,Long Valley,Rock Ck. Div. Flow,0.0
2026-08-31 12:43:44,Long Valley,Upper Gorge Total Release,41.0
2026-08-31 12:43:44,Long Valley,Release at Middle Gorge,0.0
2026-08-31 12:43:44,Northern Owens Valley,Rock Ck. At Owens River (PV) Flow,27.7
2026-08-31 12:43:44,Northern Owens Valley,Pleasant Valley Outflow,500.2
2026-08-31 12:43:44,Northern Owens Valley,Baker Ck. At LA Station Flow,6.8
2026-08-31 12:43:44,Northern Owens Valley,Big Pine Ck. USGS Flow,43.3
2026-08-31 12:43:44,Northern Owens Valley,O.R. Below Big Pine,490.5
2026-08-31 12:43:44,Northern Owens Valley,Fish Springs At RR Flow,37.2
2026-08-31 12:43:44,Northern Owens Valley,Tinemaha Reservoir Outflow,479.1
2026-08-31 12:43:44,Northern Owens Valley,Bishop Creek Through Plant 6,104.4
2026-08-31 12:43:44,Northern Owens Valley,Bishop Creek Around Plant 6,6.7
2026-08-31 12:43:44,Southern Owens Valley,Tinemaha Reservoir Outflow,479.1
2026-08-31 12:43:44,Southern Owens Valley,Indep. Ck. At Junction Flow,4.5
2026-08-31 12:43:44,Southern Owens Valley,LAA at Alabama Flow,411.0
2026-08-31 12:43:44,Southern Owens Valley,Cottonwood Ck. At LAA Flow,0.0
2026-08-31 12:43:44,Southern Owens Valley,LAA at Cottonwood Flow,463.0
2026-08-31 12:43:44,Southern Owens Valley,Haiwee LAA #1 Current Flow,0.0
2026-08-31 12:43:44,Southern Owens Valley,Haiwee LAA #2 Current Flow,52.1
2026-08-31 12:43:44,Southern Owens Valley,Reinhackel Flow,2.9
2026-08-31 12:43:44,Southern Owens Valley,Lubkin Spillgate Outflow,0.0
2026-08-31 12:43:44,Southern Owens Valley,Cartago Spillgate Outflow,0.0
2026-08-31 12:43:44,Southern Owens Valley,Lone Pine Creek Flow,9.9
2026-08-31 12:43:44,Lower Owens River Project,LORP Intake Flow,79.0
2026-08-31 12:43:44,Lower Owens River Project,LORP at Mazourka Canyon Road,0.0
2026-08-31 12:43:44,Lower Owens River Project,LORP at Reinhackle Springs,58.0
2026-08-31 12:43:44,Lower Owens River Project,LORP Above Pumpstation,52.0
2026-08-31 12:43:44,Lower Owens River Project,LORP At Pump Station Discharge Flow,49.0
2026-08-31 12:43:44,Southern District,Haiwee LAA #2 Current Flow,52.1
2026-08-31 12:43:44,Southern District,Haiwee LAA #1 Current Flow,0.0
2026-08-31 12:43:44,Southern District,LAA #1 Flow at Fairmont Reservoir,314.3
2026-08-31 12:43:44,Southern District,LAA #2 Flow at Fairmont Res.,57.6
2026-08-31 12:43:44,Southern District,Bouquet Reservoir Inflow,0.0
2026-08-31 12:43:44,Southern District,Bouquet Reservoir Outflow,0.5
2026-08-31 12:43:44,Southern District,LAA #1 at Soledad Flow,103.2
2026-08-31 12:43:44,Southern District,LAA #2 at Soledad Flow,248.5
2026-08-31 12:43:45,Mono Basin,Mono Lk. Elevation,6382.2
2026-08-31 12:43:45,Mono Basin,Grant Lk. Elevation,7129.1
2026-08-31 12:43:45,Long Valley,Long Valley Elevation,6770.2
2026-08-31 12:43:45,Northern Owens Valley,Pleasant Valley Elevation,4387.5
2026-08-31 12:43:45,Southern Owens Valley,LAA at Alabama Level,7.9
2026-08-31 12:43:45,Southern Owens Valley,LAA at Alabama Water Temp,69.7
2026-08-31 12:43:45,Southern Owens Valley,LAA at Cottonwood Level,9.0
2026-08-31 12:43:45,Southern Owens Valley,LAA at Cotton. Water Temp,71.2
2026-08-31 12:43:45,Southern Owens Valley,N. Haiwee Elevation,3757.1
2026-08-31 12:43:45,Southern Owens Valley,S. Haiwee Reservoir Elevation,3728.4
2026-08-31 12:43:45,Southern District,S. Haiwee Reservoir Elevation,3728.4
2026-08-31 12:43:45,Southern District,Fairmont Reservoir Elevation,3023.4
2026-08-31 12:43:45,Southern District,Bouquet Reservoir Elevation,2973.2
2026-08-31 12:58:43,Northern Owens Valley,Tinemaha Elevation,3861.9
2026-08-31 12:58:43,Southern Owens Valley,Tinemaha Elevation,3861.9
2026-08-31 12:58:43,Mono Basin,Lee Vining Intake Above Flow,25.8
2026-08-31 12:58:43,Mono Basin,Lee Vining Intake Below Flow,27.4
2026-08-31 12:58:43,Mono Basin,Mono Lk. Elevation,6382.2
2026-08-31 12:58:43,Mono Basin,Walker Ck. Above Conduit Flow,4.0
2026-08-31 12:58:43,Mono Basin,L.V. Conduit Below Intake Flow,0.6
2026-08-31 12:58:43,Mono Basin,Walker Ck. Under Conduit Flow,4.0
2026-08-31 12:58:43,Mono Basin,Parker Ck. Under Conduit Flow,12.0
2026-08-31 12:58:43,Mono Basin,Parker Ck. Above Conduit Flow,13.0
2026-08-31 12:58:43,Mono Basin,Grant Lk. Spill Flow,0.0
2026-08-31 12:58:43,Mono Basin,Mono Gate 1 Return Ditch Flow,40.8
2026-08-31 12:58:43,Mono Basin,Grant Lk. Elevation,7129.1
2026-08-31 12:58:43,Mono Basin,Grant Lk. Outflow,39.5
2026-08-31 12:58:43,Mono Basin,Rush Ck. at Damsite Flow,11.0
2026-08-31 12:58:43,Mono Basin,Flow to West Portal,0.0
2026-08-31 12:58:43,Long Valley,East Portal Flow,12.0
2026-08-31 12:58:43,Long Valley,OR Below EP Flow,56.0
2026-08-31 12:58:43,Long Valley,Hot Ck.at Hwy. Flow,7.0
2026-08-31 12:58:43,Long Valley,McGee Ck. Lower Sta. Flow,10.5
2026-08-31 12:58:43,Long Valley,Long Valley Elevation,6770.2
2026-08-31 12:58:43,Long Valley,Long Valley Current Outflow,0.1
2026-08-31 12:58:43,Long Valley,Rock Ck. Div. Flow,0.0
2026-08-31 12:58:43,Long Valley,Upper Gorge Total Release,41.3
2026-08-31 12:58:43,Long Valley,Release at Middle Gorge,0.0
2026-08-31 12:58:43,Northern Owens Valley,Rock Ck. At Owens River (PV) Flow,27.7
2026-08-31 12:58:43,Northern Owens Valley,Pleasant Valley Elevation,4387.4
2026-08-31 12:58:43,Northern Owens Valley,Pleasant Valley Outflow,499.9
2026-08-31 12:58:43,Northern Owens Valley,Baker Ck. At LA Station Flow,6.8
2026-08-31 12:58:43,Northern Owens Valley,Big Pine Ck. USGS Flow,43.3
2026-08-31 12:58:43,Northern Owens Valley,O.R. Below Big Pine,490.5
2026-08-31 12:58:43,Northern Owens Valley,Fish Springs At RR Flow,37.2
2026-08-31 12:58:43,Northern Owens Valley,Tinemaha Reservoir Outflow,479.1
2026-08-31 12:58:43,Northern Owens Valley,Bishop Creek Through Plant 6,104.4
2026-08-31 12:58:43,Northern Owens Valley,Bishop Creek Around Plant 6,6.7
2026-08-31 12:58:43,Southern Owens Valley,Tinemaha Reservoir Outflow,479.1
2026-08-31 12:58:43,Southern Owens Valley,Indep. Ck. At Junction Flow,4.5
2026-08-31 12:58:43,Southern Owens Valley,LAA at Alabama Flow,411.0
2026-08-31 12:58:43,Southern Owens Valley,LAA at Alabama Level,7.9
2026-08-31 12:58:43,Southern Owens Valley,LAA at Alabama Water Temp,69.7
2026-08-31 12:58:43,Southern Owens Valley,Cottonwood Ck. At LAA Flow,0.0
2026-08-31 12:58:43,Southern Owens Valley,LAA at Cottonwood Flow,463.0
2026-08-31 12:58:43,Southern Owens Valley,LAA at Cottonwood Level,9.0
2026-08-31 12:58:43,Southern Owens Valley,LAA at Cotton. Water Temp,71.4
2026-08-31 12:58:43,Southern Owens Valley,N. Haiwee Elevation,3757.1
2026-08-31 12:58:43,Southern Owens Valley,S. Haiwee Reservoir Elevation,3728.4
2026-08-31 12:58:43,Southern Owens Valley,Haiwee LAA #1 Current Flow,0.0
2026-08-31 12:58:43,Southern Owens Valley,Haiwee LAA #2 Current Flow,52.1
2026-08-31 12:58:43,Southern Owens Valley,Reinhackel Flow,2.9
2026-08-31 12:58:43,Southern Owens Valley,Lubkin Spillgate Outflow,0.0
2026-08-31 12:58:43,Southern Owens Valley,Cartago Spillgate Outflow,0.0
2026-08-31 12:58:43,Southern Owens Valley,Lone Pine Creek Flow,9.9
2026-08-31 12:58:43,Lower Owens River Project,LORP Intake Flow,79.0
2026-08-31 12:58:43,Lower Owens River Project,LORP at Mazourka Canyon Road,0.0
2026-08-31 12:58:43,Lower Owens River Project,LORP at Reinhackle Springs,58.0
2026-08-31 12:58:43,Lower Owens River Project,LORP Above Pumpstation,50.0
2026-08-31 12:58:43,Lower Owens River Project,LORP At Pump Station Discharge Flow,47.0
2026-08-31 12:58:43,Southern District,Haiwee LAA #2 Current Flow,52.1
2026-08-31 12:58:43,Southern District,S. Haiwee Reservoir Elevation,3728.4
2026-08-31 12:58:43,Southern District,Haiwee LAA #1 Current Flow,0.0
2026-08-31 12:58:43,Southern District,Fairmont Reservoir Elevation,3023.4
2026-08-31 12:58:43,Southern District,LAA #1 Flow at Fairmont Reservoir,314.7
2026-08-31 12:58:43,Southern District,LAA #2 Flow at Fairmont Res.,56.2
2026-08-31 12:58:43,Southern District,Bouquet Reservoir Elevation,2973.2
2026-08-31 12:58:43,Southern District,Bouquet Reservoir Inflow,0.0
2026-08-31 12:58:43,Southern District,Bouquet Reservoir Outflow,0.7
2026-08-31 12:58:43,Southern District,LAA #1 at Soledad Flow,103.2
2026-08-31 12:58:43,Southern District,LAA #2 at Soledad Flow,248.5
2026-08-31 13:13:43,Mono Basin,Lee Vining Intake Above Flow,25.6
2026-08-31 13:13:43,Mono Basin,Lee Vining Intake Below Flow,27.3
2026-08-31 13:13:43,Mono Basin,Walker Ck. Above Conduit Flow,4.0
2026-08-31 13:13:43,Mono Basin,L.V. Conduit Below Intake Flow,0.6
2026-08-31 13:13:43,Mono Basin,Walker Ck. Under Conduit Flow,4.0
2026-08-31 13:13:43,Mono Basin,Parker Ck. Under Conduit Flow,12.0
2026-08-31 13:13:43,Mono Basin,Parker Ck. Above Conduit Flow,13.0
2026-08-31 13:13:43,Mono Basin,Grant Lk. Spill Flow,0.0
2026-08-31 13:13:43,Mono Basin,Mono Gate 1 Return Ditch Flow,40.8
2026-08-31 13:13:43,Mono Basin,Grant Lk. Outflow,39.5
2026-08-31 13:13:43,Mono Basin,Rush Ck. at Damsite Flow,11.0
2026-08-31 13:13:43,Mono Basin,Flow to West Portal,0.0
2026-08-31 13:13:43,Long Valley,East Portal Flow,12.0
2026-08-31 13:13:43,Long Valley,OR Below EP Flow,56.0
2026-08-31 13:13:43,Long Valley,Hot Ck.at Hwy. Flow,7.0
2026-08-31 13:13:43,Long Valley,McGee Ck. Lower Sta. Flow,10.5
2026-08-31 13:13:43,Long Valley,Long Valley Current Outflow,0.1
2026-08-31 13:13:43,Long Valley,Rock Ck. Div. Flow,0.0
2026-08-31 13:13:43,Long Valley,Upper Gorge Total Release,41.0
2026-08-31 13:13:43,Long Valley,Release at Middle Gorge,0.0
2026-08-31 13:13:43,Northern Owens Valley,Rock Ck. At Owens River (PV) Flow,27.7
2026-08-31 13:13:43,Northern Owens Valley,Pleasant Valley Outflow,499.1
2026-08-31 13:13:43,Northern Owens Valley,Baker Ck. At LA Station Flow,6.8
2026-08-31 13:13:43,Northern Owens Valley,Big Pine Ck. USGS Flow,43.3
2026-08-31 13:13:43,Northern Owens Valley,O.R. Below Big Pine,489.2
2026-08-31 13:13:43,Northern Owens Valley,Fish Springs At RR Flow,37.2
2026-08-31 13:13:43,Northern Owens Valley,Tinemaha Reservoir Outflow,479.1
2026-08-31 13:13:43,Northern Owens Valley,Bishop Creek Through Plant 6,104.4
2026-08-31 13:13:43,Northern Owens Valley,Bishop Creek Around Plant 6,6.7
2026-08-31 13:13:43,Southern Owens Valley,Tinemaha Reservoir Outflow,479.1
2026-08-31 13:13:43,Southern Owens Valley,Indep. Ck. At Junction Flow,4.5
2026-08-31 13:13:43,Southern Owens Valley,LAA at Alabama Flow,411.0
2026-08-31 13:13:43,Southern Owens Valley,Cottonwood Ck. At LAA Flow,0.0
2026-08-31 13:13:43,Southern Owens Valley,LAA at Cottonwood Flow,463.0
2026-08-31 13:13:43,Southern Owens Valley,Haiwee LAA #1 Current Flow,0.0
2026-08-31 13:13:43,Southern Owens Valley,Haiwee LAA #2 Current Flow,52.1
2026-08-31 13:13:43,Southern Owens Valley,Reinhackel Flow,2.9
2026-08-31 13:13:43,Southern Owens Valley,Lubkin Spillgate Outflow,0.0
2026-08-31 13:13:43,Southern Owens Valley,Cartago Spillgate Outflow,0.0
2026-08-31 13:13:43,Southern Owens Valley,Lone Pine Creek Flow,9.8
2026-08-31 13:13:43,Lower Owens River Project,LORP Intake Flow,79.0
2026-08-31 13:13:43,Lower Owens River Project,LORP at Mazourka Canyon Road,0.0
2026-08-31 13:13:43,Lower Owens River Project,LORP at Reinhackle Springs,58.0
2026-08-31 13:13:43,Lower Owens River Project,LORP Above Pumpstation,50.0
2026-08-31 13:13:43,Lower Owens River Project,LORP At Pump Station Discharge Flow,47.0
2026-08-31 13:13:43,Southern District,Haiwee LAA #2 Current Flow,52.1
2026-08-31 13:13:43,Southern District,Haiwee LAA #1 Current Flow,0.0
2026-08-31 13:13:43,Southern District,LAA #1 Flow at Fairmont Reservoir,314.8
2026-08-31 13:13:43,Southern District,LAA #2 Flow at Fairmont Res.,56.2
2026-08-31 13:13:43,Southern District,Bouquet Reservoir Inflow,0.0
2026-08-31 13:13:43,Southern District,Bouquet Reservoir Outflow,0.7
2026-08-31 13:13:43,Southern District,LAA #1 at Soledad Flow,103.2
2026-08-31 13:13:43,Southern District,LAA #2 at Soledad Flow,248.5
2026-08-31 13:13:44,Mono Basin,Mono Lk. Elevation,6382.2
2026-08-31 13:13:44,Mono Basin,Grant Lk. Elevation,7129.1
2026-08-31 13:13:44,Long Valley,Long Valley Elevation,6770.2
2026-08-31 13:13:44,Northern Owens Valley,Pleasant Valley Elevation,4387.4
2026-08-31 13:13:44,Southern Owens Valley,LAA at Alabama Level,7.9
2026-08-31 13:13:44,Southern Owens Valley,LAA at Alabama Water Temp,70.0
2026-08-31 13:13:44,Southern Owens Valley,LAA at Cottonwood Level,9.0
2026-08-31 13:13:44,Southern Owens Valley,LAA at Cotton. Water Temp,71.5
2026-08-31 13:13:44,Southern Owens Valley,N. Haiwee Elevation,3757.1
2026-08-31 13:13:44,Southern Owens Valley,S. Haiwee Reservoir Elevation,3728.4
2026-08-31 13:13:44,Southern District,S. Haiwee Reservoir Elevation,3728.4
2026-08-31 13:13:44,Southern District,Fairmont Reservoir Elevation,3023.4
2026-08-31 13:13:44,Southern District,Bouquet Reservoir Elevation,2973.2
2026-08-31 13:28:43,Mono Basin,Lee Vining Intake Above Flow,25.6
2026-08-31 13:28:43,Mono Basin,Lee Vining Intake Below Flow,27.3
2026-08-31 13:28:43,Mono Basin,Walker Ck. Above Conduit Flow,4.0
2026-08-31 13:28:43,Mono Basin,L.V. Conduit Below Intake Flow,0.6
2026-08-31 13:28:43,Mono Basin,Walker Ck. Under Conduit Flow,4.0
2026-08-31 13:28:43,Mono Basin,Parker Ck. Under Conduit Flow,12.0
2026-08-31 13:28:43,Mono Basin,Parker Ck. Above Conduit Flow,13.0
2026-08-31 13:28:43,Mono Basin,Grant Lk. Spill Flow,0.0
2026-08-31 13:28:43,Mono Basin,Mono Gate 1 Return Ditch Flow,40.4
2026-08-31 13:28:43,Mono Basin,Grant Lk. Outflow,39.7
2026-08-31 13:28:43,Mono Basin,Rush Ck. at Damsite Flow,11.0
2026-08-31 13:28:43,Mono Basin,Flow to West Portal,0.0
2026-08-31 13:28:43,Long Valley,East Portal Flow,12.0
2026-08-31 13:28:43,Long Valley,OR Below EP Flow,56.0
2026-08-31 13:28:43,Long Valley,Hot Ck.at Hwy. Flow,7.0
2026-08-31 13:28:43,Long Valley,McGee Ck. Lower Sta. Flow,10.5
2026-08-31 13:28:43,Long Valley,Long Valley Current Outflow,0.1
2026-08-31 13:28:43,Long Valley,Rock Ck. Div. Flow,0.0
2026-08-31 13:28:43,Long Valley,Upper Gorge Total Release,41.2
2026-08-31 13:28:43,Long Valley,Release at Middle Gorge,0.0
2026-08-31 13:28:43,Northern Owens Valley,Rock Ck. At Owens River (PV) Flow,27.7
2026-08-31 13:28:43,Northern Owens Valley,Pleasant Valley Outflow,499.3
2026-08-31 13:28:43,Northern Owens Valley,Baker Ck. At LA Station Flow,6.8
2026-08-31 13:28:43,Northern Owens Valley,Big Pine Ck. USGS Flow,43.3
2026-08-31 13:28:43,Northern Owens Valley,O.R. Below Big Pine,489.9
2026-08-31 13:28:43,Northern Owens Valley,Fish Springs At RR Flow,37.2
2026-08-31 13:28:43,Northern Owens Valley,Tinemaha Reservoir Outflow,478.3
2026-08-31 13:28:43,Northern Owens Valley,Bishop Creek Through Plant 6,104.4
2026-08-31 13:28:43,Northern Owens Valley,Bishop Creek Around Plant 6,6.7
2026-08-31 13:28:43,Southern Owens Valley,Tinemaha Reservoir Outflow,478.3
2026-08-31 13:28:43,Southern Owens Valley,Indep. Ck. At Junction Flow,4.5
2026-08-31 13:28:43,Southern Owens Valley,LAA at Alabama Flow,410.0
2026-08-31 13:28:43,Southern Owens Valley,Cottonwood Ck. At LAA Flow,0.0
2026-08-31 13:28:43,Southern Owens Valley,LAA at Cottonwood Flow,463.0
2026-08-31 13:28:43,Southern Owens Valley,Haiwee LAA #1 Current Flow,0.0
2026-08-31 13:28:43,Southern Owens Valley,Haiwee LAA #2 Current Flow,52.1
2026-08-31 13:28:43,Southern Owens Valley,Reinhackel Flow,2.9
2026-08-31 13:28:43,Southern Owens Valley,Lubkin Spillgate Outflow,0.0
2026-08-31 13:28:43,Southern Owens Valley,Cartago Spillgate Outflow,0.0
2026-08-31 13:28:43,Southern Owens Valley,Lone Pine Creek Flow,9.8
2026-08-31 13:28:43,Lower Owens River Project,LORP Intake Flow,79.0
2026-08-31 13:28:43,Lower Owens River Project,LORP at Mazourka Canyon Road,0.0
2026-08-31 13:28:43,Lower Owens River Project,LORP at Reinhackle Springs,60.0
2026-08-31 13:28:43,Lower Owens River Project,LORP Above Pumpstation,50.0
2026-08-31 13:28:43,Lower Owens River Project,LORP At Pump Station Discharge Flow,47.0
2026-08-31 13:28:43,Southern District,Haiwee LAA #2 Current Flow,52.1
2026-08-31 13:28:43,Southern District,Haiwee LAA #1 Current Flow,0.0
2026-08-31 13:28:43,Southern District,LAA #1 Flow at Fairmont Reservoir,315.8
2026-08-31 13:28:43,Southern District,LAA #2 Flow at Fairmont Res.,54.8
2026-08-31 13:28:43,Southern District,Bouquet Reservoir Inflow,0.0
2026-08-31 13:28:43,Southern District,Bouquet Reservoir Outflow,0.7
2026-08-31 13:28:43,Southern District,LAA #1 at Soledad Flow,103.2
2026-08-31 13:28:43,Southern District,LAA #2 at Soledad Flow,248.5
2026-08-31 13:28:44,Northern Owens Valley,Tinemaha Elevation,3861.9
2026-08-31 13:28:44,Southern Owens Valley,Tinemaha Elevation,3861.9
2026-08-31 13:28:44,Mono Basin,Mono Lk. Elevation,6382.2
2026-08-31 13:28:44,Mono Basin,Grant Lk. Elevation,7129.1
2026-08-31 13:28:44,Long Valley,Long Valley Elevation,6770.3
2026-08-31 13:28:44,Northern Owens Valley,Pleasant Valley Elevation,4387.3
2026-08-31 13:28:44,Southern Owens Valley,LAA at Alabama Level,7.9
2026-08-31 13:28:44,Southern Owens Valley,LAA at Alabama Water Temp,70.1
2026-08-31 13:28:44,Southern Owens Valley,LAA at Cottonwood Level,9.0
2026-08-31 13:28:44,Southern Owens Valley,LAA at Cotton. Water Temp,71.5
2026-08-31 13:28:44,Southern Owens Valley,N. Haiwee Elevation,3757.1
2026-08-31 13:28:44,Southern Owens Valley,S. Haiwee Reservoir Elevation,3728.4
2026-08-31 13:28:44,Southern District,S. Haiwee Reservoir Elevation,3728.4
2026-08-31 13:28:44,Southern District,Fairmont Reservoir Elevation,3023.4
2026-08-31 13:28:44,Southern District,Bouquet Reservoir Elevation,2973.2
2026-08-31 13:43:45,Mono Basin,Lee Vining Intake Above Flow,25.1
2026-08-31 13:43:45,Mono Basin,Lee Vining Intake Below Flow,27.0
2026-08-31 13:43:45,Mono Basin,Mono Lk. Elevation,6382.2
2026-08-31 13:43:45,Mono Basin,Walker Ck. Above Conduit Flow,4.0
2026-08-31 13:43:45,Mono Basin,L.V. Conduit Below Intake Flow,0.6
2026-08-31 13:43:45,Mono Basin,Walker Ck. Under Conduit Flow,4.0
2026-08-31 13:43:45,Mono Basin,Parker Ck. Under Conduit Flow,12.0
2026-08-31 13:43:45,Mono Basin,Parker Ck. Above Conduit Flow,13.0
2026-08-31 13:43:45,Mono Basin,Grant Lk. Spill Flow,0.0
2026-08-31 13:43:45,Mono Basin,Mono Gate 1 Return Ditch Flow,40.4
2026-08-31 13:43:45,Mono Basin,Grant Lk. Elevation,7129.1
2026-08-31 13:43:45,Mono Basin,Grant Lk. Outflow,39.7
2026-08-31 13:43:45,Mono Basin,Rush Ck. at Damsite Flow,11.0
2026-08-31 13:43:45,Mono Basin,Flow to West Portal,0.0
2026-08-31 13:43:45,Long Valley,East Portal Flow,12.0
2026-08-31 13:43:45,Long Valley,OR Below EP Flow,56.0
2026-08-31 13:43:45,Long Valley,Hot Ck.at Hwy. Flow,7.0
2026-08-31 13:43:45,Long Valley,McGee Ck. Lower Sta. Flow,10.5
2026-08-31 13:43:45,Long Valley,Long Valley Elevation,6770.3
2026-08-31 13:43:45,Long Valley,Long Valley Current Outflow,0.1
2026-08-31 13:43:45,Long Valley,Rock Ck. Div. Flow,0.0
2026-08-31 13:43:45,Long Valley,Upper Gorge Total Release,41.0
2026-08-31 13:43:45,Long Valley,Release at Middle Gorge,0.0
2026-08-31 13:43:45,Northern Owens Valley,Rock Ck. At Owens River (PV) Flow,27.7
2026-08-31 13:43:45,Northern Owens Valley,Pleasant Valley Elevation,4387.2
2026-08-31 13:43:45,Northern Owens Valley,Pleasant Valley Outflow,498.9
2026-08-31 13:43:45,Northern Owens Valley,Baker Ck. At LA Station Flow,6.8
2026-08-31 13:43:45,Northern Owens Valley,Big Pine Ck. USGS Flow,43.3
2026-08-31 13:43:45,Northern Owens Valley,O.R. Below Big Pine,490.3
2026-08-31 13:43:45,Northern Owens Valley,Fish Springs At RR Flow,37.2
2026-08-31 13:43:45,Northern Owens Valley,Tinemaha Reservoir Outflow,478.3
2026-08-31 13:43:45,Northern Owens Valley,Bishop Creek Through Plant 6,104.4
2026-08-31 13:43:45,Northern Owens Valley,Bishop Creek Around Plant 6,6.7
2026-08-31 13:43:45,Southern Owens Valley,Tinemaha Reservoir Outflow,478.3
2026-08-31 13:43:45,Southern Owens Valley,Indep. Ck. At Junction Flow,4.5
2026-08-31 13:43:45,Southern Owens Valley,LAA at Alabama Flow,410.0
2026-08-31 13:43:45,Southern Owens Valley,LAA at Alabama Level,7.9
2026-08-31 13:43:45,Southern Owens Valley,LAA at Alabama Water Temp,70.1
2026-08-31 13:43:45,Southern Owens Valley,Cottonwood Ck. At LAA Flow,0.0
2026-08-31 13:43:45,Southern Owens Valley,LAA at Cottonwood Flow,463.0
2026-08-31 13:43:45,Southern Owens Valley,LAA at Cottonwood Level,9.0
2026-08-31 13:43:45,Southern Owens Valley,LAA at Cotton. Water Temp,71.8
2026-08-31 13:43:45,Southern Owens Valley,N. Haiwee Elevation,3757.1
2026-08-31 13:43:45,Southern Owens Valley,S. Haiwee Reservoir Elevation,3728.4
2026-08-31 13:43:45,Southern Owens Valley,Haiwee LAA #1 Current Flow,0.0
2026-08-31 13:43:45,Southern Owens Valley,Haiwee LAA #2 Current Flow,52.1
2026-08-31 13:43:45,Southern Owens Valley,Reinhackel Flow,2.9
2026-08-31 13:43:45,Southern Owens Valley,Lubkin Spillgate Outflow,0.0
2026-08-31 13:43:45,Southern Owens Valley,Cartago Spillgate Outflow,0.0
2026-08-31 13:43:45,Southern Owens Valley,Lone Pine Creek Flow,9.8
2026-08-31 13:43:45,Lower Owens River Project,LORP Intake Flow,79.0
2026-08-31 13:43:45,Lower Owens River Project,LORP at Mazourka Canyon Road,0.0
2026-08-31 13:43:45,Lower Owens River Project,LORP at Reinhackle Springs,60.0
2026-08-31 13:43:45,Lower Owens River Project,LORP Above Pumpstation,51.0
2026-08-31 13:43:45,Lower Owens River Project,LORP At Pump Station Discharge Flow,48.0
2026-08-31 13:43:45,Southern District,Haiwee LAA #2 Current Flow,52.1
2026-08-31 13:43:45,Southern District,S. Haiwee Reservoir Elevation,3728.4
2026-08-31 13:43:45,Southern District,Haiwee LAA #1 Current Flow,0.0
2026-08-31 13:43:45,Southern District,Fairmont Reservoir Elevation,3023.4
2026-08-31 13:43:45,Southern District,LAA #1 Flow at Fairmont Reservoir,314.7
2026-08-31 13:43:45,Southern District,LAA #2 Flow at Fairmont Res.,56.9
2026-08-31 13:43:45,Southern District,Bouquet Reservoir Elevation,2973.2
2026-08-31 13:43:45,Southern District,Bouquet Reservoir Inflow,0.0
2026-08-31 13:43:45,Southern District,Bouquet Reservoir Outflow,0.7
2026-08-31 13:43:45,Southern District,LAA #1 at Soledad Flow,103.2
2026-08-31 13:43:45,Southern District,LAA #2 at Soledad Flow,248.5
2026-08-31 13:58:43,Mono Basin,Lee Vining Intake Above Flow,25.1
2026-08-31 13:58:43,Mono Basin,Lee Vining Intake Below Flow,27.0
2026-08-31 13:58:43,Mono Basin,Walker Ck. Above Conduit Flow,4.0
2026-08-31 13:58:43,Mono Basin,L.V. Conduit Below Intake Flow,0.6
2026-08-31 13:58:43,Mono Basin,Walker Ck. Under Conduit Flow,4.0
2026-08-31 13:58:43,Mono Basin,Parker Ck. Under Conduit Flow,12.0
2026-08-31 13:58:43,Mono Basin,Parker Ck. Above Conduit Flow,13.0
2026-08-31 13:58:43,Mono Basin,Grant Lk. Spill Flow,0.0
2026-08-31 13:58:43,Mono Basin,Mono Gate 1 Return Ditch Flow,40.4
2026-08-31 13:58:43,Mono Basin,Grant Lk. Outflow,39.7
2026-08-31 13:58:43,Mono Basin,Rush Ck. at Damsite Flow,11.0
2026-08-31 13:58:43,Mono Basin,Flow to West Portal,0.0
2026-08-31 13:58:43,Long Valley,East Portal Flow,12.0
2026-08-31 13:58:43,Long Valley,OR Below EP Flow,56.0
2026-08-31 13:58:43,Long Valley,Hot Ck.at Hwy. Flow,7.0
2026-08-31 13:58:43,Long Valley,McGee Ck. Lower Sta. Flow,10.5
2026-08-31 13:58:43,Long Valley,Long Valley Current Outflow,0.1
2026-08-31 13:58:43,Long Valley,Rock Ck. Div. Flow,0.0
2026-08-31 13:58:43,Long Valley,Upper Gorge Total Release,41.9
2026-08-31 13:58:43,Long Valley,Release at Middle Gorge,0.0
2026-08-31 13:58:43,Northern Owens Valley,Rock Ck. At Owens River (PV) Flow,27.5
2026-08-31 13:58:43,Northern Owens Valley,Pleasant Valley Outflow,498.7
2026-08-31 13:58:43,Northern Owens Valley,Baker Ck. At LA Station Flow,6.6
2026-08-31 13:58:43,Northern Owens Valley,Big Pine Ck. USGS Flow,43.3
2026-08-31 13:58:43,Northern Owens Valley,O.R. Below Big Pine,491.9
2026-08-31 13:58:43,Northern Owens Valley,Fish Springs At RR Flow,37.2
2026-08-31 13:58:43,Northern Owens Valley,Tinemaha Reservoir Outflow,478.3
2026-08-31 13:58:43,Northern Owens Valley,Bishop Creek Through Plant 6,104.4
2026-08-31 13:58:43,Northern Owens Valley,Bishop Creek Around Plant 6,6.7
2026-08-31 13:58:43,Southern Owens Valley,Tinemaha Reservoir Outflow,478.3
2026-08-31 13:58:43,Southern Owens Valley,Indep. Ck. At Junction Flow,4.5
2026-08-31 13:58:43,Southern Owens Valley,LAA at Alabama Flow,410.0
2026-08-31 13:58:43,Southern Owens Valley,Cottonwood Ck. At LAA Flow,0.0
2026-08-31 13:58:43,Southern Owens Valley,LAA at Cottonwood Flow,464.0
2026-08-31 13:58:43,Southern Owens Valley,Haiwee LAA #1 Current Flow,0.0
2026-08-31 13:58:43,Southern Owens Valley,Haiwee LAA #2 Current Flow,52.1
2026-08-31 13:58:43,Southern Owens Valley,Reinhackel Flow,2.9
2026-08-31 13:58:43,Southern Owens Valley,Lubkin Spillgate Outflow,0.0
2026-08-31 13:58:43,Southern Owens Valley,Cartago Spillgate Outflow,0.0
2026-08-31 13:58:43,Southern Owens Valley,Lone Pine Creek Flow,9.8
2026-08-31 13:58:43,Lower Owens River Project,LORP Intake Flow,79.0
2026-08-31 13:58:43,Lower Owens River Project,LORP at Mazourka Canyon Road,0.0
2026-08-31 13:58:43,Lower Owens River Project,LORP at Reinhackle Springs,60.0
2026-08-31 13:58:43,Lower Owens River Project,LORP Above Pumpstation,51.0
2026-08-31 13:58:43,Lower Owens River Project,LORP At Pump Station Discharge Flow,48.0
2026-08-31 13:58:43,Southern District,Haiwee LAA #2 Current Flow,52.1
2026-08-31 13:58:43,Southern District,Haiwee LAA #1 Current Flow,0.0
2026-08-31 13:58:43,Southern District,LAA #1 Flow at Fairmont Reservoir,315.2
2026-08-31 13:58:43,Southern District,LAA #2 Flow at Fairmont Res.,56.5
2026-08-31 13:58:43,Southern District,Bouquet Reservoir Inflow,0.0
2026-08-31 13:58:43,Southern District,Bouquet Reservoir Outflow,0.7
2026-08-31 13:58:43,Southern District,LAA #1 at Soledad Flow,103.2
2026-08-31 13:58:43,Southern District,LAA #2 at Soledad Flow,248.5
2026-08-31 13:58:44,Northern Owens Valley,Tinemaha Elevation,3861.9
2026-08-31 13:58:44,Southern Owens Valley,Tinemaha Elevation,3861.9
2026-08-31 13:58:44,Mono Basin,Mono Lk. Elevation,6382.2
2026-08-31 13:58:44,Mono Basin,Grant Lk. Elevation,7129.1
2026-08-31 13:58:44,Long Valley,Long Valley Elevation,6770.2
2026-08-31 13:58:44,Northern Owens Valley,Pleasant Valley Elevation,4387.1
2026-08-31 13:58:44,Southern Owens Valley,LAA at Alabama Level,7.9
2026-08-31 13:58:44,Southern Owens Valley,LAA at Alabama Water Temp,70.1
2026-08-31 13:58:44,Southern Owens Valley,LAA at Cottonwood Level,9.0
2026-08-31 13:58:44,Southern Owens Valley,LAA at Cotton. Water Temp,72.0
2026-08-31 13:58:44,Southern Owens Valley,N. Haiwee Elevation,3757.1
2026-08-31 13:58:44,Southern Owens Valley,S. Haiwee Reservoir Elevation,3728.4
2026-08-31 13:58:44,Southern District,S. Haiwee Reservoir Elevation,3728.4
2026-08-31 13:58:44,Southern District,Fairmont Reservoir Elevation,3023.4
2026-08-31 13:58:44,Southern District,Bouquet Reservoir Elevation,2973.2
2026-08-31 14:13:43,Mono Basin,Lee Vining Intake Above Flow,25.2
2026-08-31 14:13:43,Mono Basin,Lee Vining Intake Below Flow,27.1
2026-08-31 14:13:43,Mono Basin,Walker Ck. Above Conduit Flow,4.0
2026-08-31 14:13:43,Mono Basin,L.V. Conduit Below Intake Flow,0.6
2026-08-31 14:13:43,Mono Basin,Walker Ck. Under Conduit Flow,4.0
2026-08-31 14:13:43,Mono Basin,Parker Ck. Under Conduit Flow,12.0
2026-08-31 14:13:43,Mono Basin,Parker Ck. Above Conduit Flow,13.0
2026-08-31 14:13:43,Mono Basin,Grant Lk. Spill Flow,0.0
2026-08-31 14:13:43,Mono Basin,Mono Gate 1 Return Ditch Flow,40.4
2026-08-31 14:13:43,Mono Basin,Grant Lk. Outflow,39.7
2026-08-31 14:13:43,Mono Basin,Rush Ck. at Damsite Flow,11.0
2026-08-31 14:13:43,Mono Basin,Flow to West Portal,0.0
2026-08-31 14:13:43,Long Valley,East Portal Flow,12.0
2026-08-31 14:13:43,Long Valley,OR Below EP Flow,56.0
2026-08-31 14:13:43,Long Valley,Hot Ck.at Hwy. Flow,7.0
2026-08-31 14:13:43,Long Valley,McGee Ck. Lower Sta. Flow,10.5
2026-08-31 14:13:43,Long Valley,Long Valley Current Outflow,0.1
2026-08-31 14:13:43,Long Valley,Rock Ck. Div. Flow,0.0
2026-08-31 14:13:43,Long Valley,Upper Gorge Total Release,41.4
2026-08-31 14:13:43,Long Valley,Release at Middle Gorge,0.0
2026-08-31 14:13:43,Northern Owens Valley,Rock Ck. At Owens River (PV) Flow,27.5
2026-08-31 14:13:43,Northern Owens Valley,Pleasant Valley Outflow,498.0
2026-08-31 14:13:43,Northern Owens Valley,Baker Ck. At LA Station Flow,6.6
2026-08-31 14:13:43,Northern Owens Valley,Big Pine Ck. USGS Flow,43.3
2026-08-31 14:13:43,Northern Owens Valley,O.R. Below Big Pine,490.9
2026-08-31 14:13:43,Northern Owens Valley,Fish Springs At RR Flow,37.2
2026-08-31 14:13:43,Northern Owens Valley,Tinemaha Reservoir Outflow,479.1
2026-08-31 14:13:43,Northern Owens Valley,Bishop Creek Through Plant 6,99.0
2026-08-31 14:13:43,Northern Owens Valley,Bishop Creek Around Plant 6,6.7
2026-08-31 14:13:43,Southern Owens Valley,Tinemaha Reservoir Outflow,479.1
2026-08-31 14:13:43,Southern Owens Valley,Indep. Ck. At Junction Flow,4.5
2026-08-31 14:13:43,Southern Owens Valley,LAA at Alabama Flow,410.0
2026-08-31 14:13:43,Southern Owens Valley,Cottonwood Ck. At LAA Flow,0.0
2026-08-31 14:13:43,Southern Owens Valley,LAA at Cottonwood Flow,464.0
2026-08-31 14:13:43,Southern Owens Valley,Haiwee LAA #1 Current Flow,0.0
2026-08-31 14:13:43,Southern Owens Valley,Haiwee LAA #2 Current Flow,52.1
2026-08-31 14:13:43,Southern Owens Valley,Reinhackel Flow,2.9
2026-08-31 14:13:43,Southern Owens Valley,Lubkin Spillgate Outflow,0.0
2026-08-31 14:13:43,Southern Owens Valley,Cartago Spillgate Outflow,0.0
2026-08-31 14:13:43,Southern Owens Valley,Lone Pine Creek Flow,9.8
2026-08-31 14:13:43,Lower Owens River Project,LORP Intake Flow,79.0
2026-08-31 14:13:43,Lower Owens River Project,LORP at Mazourka Canyon Road,0.0
2026-08-31 14:13:43,Lower Owens River Project,LORP at Reinhackle Springs,60.0
2026-08-31 14:13:43,Lower Owens River Project,LORP Above Pumpstation,51.0
2026-08-31 14:13:43,Lower Owens River Project,LORP At Pump Station Discharge Flow,48.0
2026-08-31 14:13:43,Southern District,Haiwee LAA #2 Current Flow,52.1
2026-08-31 14:13:43,Southern District,Haiwee LAA #1 Current Flow,0.0
2026-08-31 14:13:43,Southern District,LAA #1 Flow at Fairmont Reservoir,314.3
2026-08-31 14:13:43,Southern District,LAA #2 Flow at Fairmont Res.,55.4
2026-08-31 14:13:43,Southern District,Bouquet Reservoir Inflow,0.0
2026-08-31 14:13:43,Southern District,Bouquet Reservoir Outflow,0.7
2026-08-31 14:13:43,Southern District,LAA #1 at Soledad Flow,103.2
2026-08-31 14:13:43,Southern District,LAA #2 at Soledad Flow,248.5
2026-08-31 14:13:44,Mono Basin,Mono Lk. Elevation,6382.2
2026-08-31 14:13:44,Mono Basin,Grant Lk. Elevation,7129.1
2026-08-31 14:13:44,Long Valley,Long Valley Elevation,6770.2
2026-08-31 14:13:44,Northern Owens Valley,Pleasant Valley Elevation,4387.0
2026-08-31 14:13:44,Southern Owens Valley,LAA at Alabama Level,7.9
2026-08-31 14:13:44,Southern Owens Valley,LAA at Alabama Water Temp,70.4
2026-08-31 14:13:44,Southern Owens Valley,LAA at Cottonwood Level,9.0
2026-08-31 14:13:44,Southern Owens Valley,LAA at Cotton. Water Temp,72.0
2026-08-31 14:13:44,Southern Owens Valley,N. Haiwee Elevation,3757.1
2026-08-31 14:13:44,Southern Owens Valley,S. Haiwee Reservoir Elevation,3728.4
2026-08-31 14:13:44,Southern District,S. Haiwee Reservoir Elevation,3728.4
2026-08-31 14:13:44,Southern District,Fairmont Reservoir Elevation,3023.4
2026-08-31 14:13:44,Southern District,Bouquet Reservoir Elevation,2973.2
2026-08-31 14:28:43,Mono Basin,Lee Vining Intake Above Flow,25.2
2026-08-31 14:28:43,Mono Basin,Lee Vining Intake Below Flow,27.1
2026-08-31 14:28:43,Mono Basin,Walker Ck. Above Conduit Flow,4.0
2026-08-31 14:28:43,Mono Basin,L.V. Conduit Below Intake Flow,0.6
2026-08-31 14:28:43,Mono Basin,Walker Ck. Under Conduit Flow,4.0
2026-08-31 14:28:43,Mono Basin,Parker Ck. Under Conduit Flow,12.0
2026-08-31 14:28:43,Mono Basin,Parker Ck. Above Conduit Flow,13.0
2026-08-31 14:28:43,Mono Basin,Grant Lk. Spill Flow,0.0
2026-08-31 14:28:43,Mono Basin,Mono Gate 1 Return Ditch Flow,40.4
2026-08-31 14:28:43,Mono Basin,Grant Lk. Outflow,39.8
2026-08-31 14:28:43,Mono Basin,Rush Ck. at Damsite Flow,11.0
2026-08-31 14:28:43,Mono Basin,Flow to West Portal,0.0
2026-08-31 14:28:43,Long Valley,East Portal Flow,12.0
2026-08-31 14:28:43,Long Valley,OR Below EP Flow,56.0
2026-08-31 14:28:43,Long Valley,Hot Ck.at Hwy. Flow,7.0
2026-08-31 14:28:43,Long Valley,McGee Ck. Lower Sta. Flow,10.5
2026-08-31 14:28:43,Long Valley,Long Valley Current Outflow,0.1
2026-08-31 14:28:43,Long Valley,Rock Ck. Div. Flow,0.0
2026-08-31 14:28:43,Long Valley,Upper Gorge Total Release,41.8
2026-08-31 14:28:43,Long Valley,Release at Middle Gorge,0.0
2026-08-31 14:28:43,Northern Owens Valley,Rock Ck. At Owens River (PV) Flow,27.2
2026-08-31 14:28:43,Northern Owens Valley,Pleasant Valley Outflow,498.0
2026-08-31 14:28:43,Northern Owens Valley,Baker Ck. At LA Station Flow,6.6
2026-08-31 14:28:43,Northern Owens Valley,Big Pine Ck. USGS Flow,43.3
2026-08-31 14:28:43,Northern Owens Valley,O.R. Below Big Pine,489.9
2026-08-31 14:28:43,Northern Owens Valley,Fish Springs At RR Flow,37.2
2026-08-31 14:28:43,Northern Owens Valley,Tinemaha Reservoir Outflow,479.1
2026-08-31 14:28:43,Northern Owens Valley,Bishop Creek Through Plant 6,104.0
2026-08-31 14:28:43,Northern Owens Valley,Bishop Creek Around Plant 6,6.7
2026-08-31 14:28:43,Southern Owens Valley,Tinemaha Reservoir Outflow,479.1
2026-08-31 14:28:43,Southern Owens Valley,Indep. Ck. At Junction Flow,4.5
2026-08-31 14:28:43,Southern Owens Valley,LAA at Alabama Flow,410.0
2026-08-31 14:28:43,Southern Owens Valley,Cottonwood Ck. At LAA Flow,0.0
2026-08-31 14:28:43,Southern Owens Valley,LAA at Cottonwood Flow,464.0
2026-08-31 14:28:43,Southern Owens Valley,Haiwee LAA #1 Current Flow,0.0
2026-08-31 14:28:43,Southern Owens Valley,Haiwee LAA #2 Current Flow,52.1
2026-08-31 14:28:43,Southern Owens Valley,Reinhackel Flow,2.9
2026-08-31 14:28:43,Southern Owens Valley,Lubkin Spillgate Outflow,0.0
2026-08-31 14:28:43,Southern Owens Valley,Cartago Spillgate Outflow,0.0
2026-08-31 14:28:43,Southern Owens Valley,Lone Pine Creek Flow,9.8
2026-08-31 14:28:43,Lower Owens River Project,LORP Intake Flow,79.0
2026-08-31 14:28:43,Lower Owens River Project,LORP at Mazourka Canyon Road,0.0
2026-08-31 14:28:43,Lower Owens River Project,LORP at Reinhackle Springs,56.0
2026-08-31 14:28:43,Lower Owens River Project,LORP Above Pumpstation,51.0
2026-08-31 14:28:43,Lower Owens River Project,LORP At Pump Station Discharge Flow,48.0
2026-08-31 14:28:43,Southern District,Haiwee LAA #2 Current Flow,52.1
2026-08-31 14:28:43,Southern District,Haiwee LAA #1 Current Flow,0.0
2026-08-31 14:28:43,Southern District,LAA #1 Flow at Fairmont Reservoir,315.7
2026-08-31 14:28:43,Southern District,LAA #2 Flow at Fairmont Res.,56.0
2026-08-31 14:28:43,Southern District,Bouquet Reservoir Inflow,0.0
2026-08-31 14:28:43,Southern District,Bouquet Reservoir Outflow,0.7
2026-08-31 14:28:43,Southern District,LAA #1 at Soledad Flow,103.2
2026-08-31 14:28:43,Southern District,LAA #2 at Soledad Flow,248.5
2026-08-31 14:28:44,Northern Owens Valley,Tinemaha Elevation,3861.9
2026-08-31 14:28:44,Southern Owens Valley,Tinemaha Elevation,3861.9
2026-08-31 14:28:44,Mono Basin,Mono Lk. Elevation,6382.2
2026-08-31 14:28:44,Mono Basin,Grant Lk. Elevation,7129.1
2026-08-31 14:28:44,Long Valley,Long Valley Elevation,6770.3
2026-08-31 14:28:44,Northern Owens Valley,Pleasant Valley Elevation,4386.9
2026-08-31 14:28:44,Southern Owens Valley,LAA at Alabama Level,7.9
2026-08-31 14:28:44,Southern Owens Valley,LAA at Alabama Water Temp,70.4
2026-08-31 14:28:44,Southern Owens Valley,LAA at Cottonwood Level,9.0
2026-08-31 14:28:44,Southern Owens Valley,LAA at Cotton. Water Temp,72.0
2026-08-31 14:28:44,Southern Owens Valley,N. Haiwee Elevation,3757.1
2026-08-31 14:28:44,Southern Owens Valley,S. Haiwee Reservoir Elevation,3728.4
2026-08-31 14:28:44,Southern District,S. Haiwee Reservoir Elevation,3728.4
2026-08-31 14:28:44,Southern District,Fairmont Reservoir Elevation,3023.4
2026-08-31 14:28:44,Southern District,Bouquet Reservoir Elevation,2973.2
2026-08-31 14:43:45,Mono Basin,Lee Vining Intake Above Flow,25.2
2026-08-31 14:43:45,Mono Basin,Lee Vining Intake Below Flow,26.9
2026-08-31 14:43:45,Mono Basin,Mono Lk. Elevation,6382.2
2026-08-31 14:43:45,Mono Basin,Walker Ck. Above Conduit Flow,4.0
2026-08-31 14:43:45,Mono Basin,L.V. Conduit Below Intake Flow,0.6
2026-08-31 14:43:45,Mono Basin,Walker Ck. Under Conduit Flow,4.0
2026-08-31 14:43:45,Mono Basin,Parker Ck. Under Conduit Flow,12.0
2026-08-31 14:43:45,Mono Basin,Parker Ck. Above Conduit Flow,13.0
2026-08-31 14:43:45,Mono Basin,Grant Lk. Spill Flow,0.0
2026-08-31 14:43:45,Mono Basin,Mono Gate 1 Return Ditch Flow,40.4
2026-08-31 14:43:45,Mono Basin,Grant Lk. Elevation,7129.1
2026-08-31 14:43:45,Mono Basin,Grant Lk. Outflow,39.8
2026-08-31 14:43:45,Mono Basin,Rush Ck. at Damsite Flow,11.0
2026-08-31 14:43:45,Mono Basin,Flow to West Portal,0.0
2026-08-31 14:43:45,Long Valley,East Portal Flow,12.0
2026-08-31 14:43:45,Long Valley,OR Below EP Flow,56.0
2026-08-31 14:43:45,Long Valley,Hot Ck.at Hwy. Flow,7.0
2026-08-31 14:43:45,Long Valley,McGee Ck. Lower Sta. Flow,10.5
2026-08-31 14:43:45,Long Valley,Long Valley Elevation,6770.3
2026-08-31 14:43:45,Long Valley,Long Valley Current Outflow,0.1
2026-08-31 14:43:45,Long Valley,Rock Ck. Div. Flow,0.0
2026-08-31 14:43:45,Long Valley,Upper Gorge Total Release,41.3
2026-08-31 14:43:45,Long Valley,Release at Middle Gorge,0.0
2026-08-31 14:43:45,Northern Owens Valley,Rock Ck. At Owens River (PV) Flow,27.1
2026-08-31 14:43:45,Northern Owens Valley,Pleasant Valley Elevation,4386.8
2026-08-31 14:43:45,Northern Owens Valley,Pleasant Valley Outflow,497.7
2026-08-31 14:43:45,Northern Owens Valley,Baker Ck. At LA Station Flow,6.6
2026-08-31 14:43:45,Northern Owens Valley,Big Pine Ck. USGS Flow,43.3
2026-08-31 14:43:45,Northern Owens Valley,O.R. Below Big Pine,491.6
2026-08-31 14:43:45,Northern Owens Valley,Fish Springs At RR Flow,37.2
2026-08-31 14:43:45,Northern Owens Valley,Tinemaha Reservoir Outflow,479.1
2026-08-31 14:43:45,Northern Owens Valley,Bishop Creek Through Plant 6,104.0
2026-08-31 14:43:45,Northern Owens Valley,Bishop Creek Around Plant 6,6.7
2026-08-31 14:43:45,Southern Owens Valley,Tinemaha Reservoir Outflow,479.1
2026-08-31 14:43:45,Southern Owens Valley,Indep. Ck. At Junction Flow,4.5
2026-08-31 14:43:45,Southern Owens Valley,LAA at Alabama Flow,411.0
2026-08-31 14:43:45,Southern Owens Valley,LAA at Alabama Level,7.9
2026-08-31 14:43:45,Southern Owens Valley,LAA at Alabama Water Temp,70.6
2026-08-31 14:43:45,Southern Owens Valley,Cottonwood Ck. At LAA Flow,0.0
2026-08-31 14:43:45,Southern Owens Valley,LAA at Cottonwood Flow,464.0
2026-08-31 14:43:45,Southern Owens Valley,LAA at Cottonwood Level,9.0
2026-08-31 14:43:45,Southern Owens Valley,LAA at Cotton. Water Temp,72.2
2026-08-31 14:43:45,Southern Owens Valley,N. Haiwee Elevation,3757.1
2026-08-31 14:43:45,Southern Owens Valley,S. Haiwee Reservoir Elevation,3728.4
2026-08-31 14:43:45,Southern Owens Valley,Haiwee LAA #1 Current Flow,0.0
2026-08-31 14:43:45,Southern Owens Valley,Haiwee LAA #2 Current Flow,52.1
2026-08-31 14:43:45,Southern Owens Valley,Reinhackel Flow,2.9
2026-08-31 14:43:45,Southern Owens Valley,Lubkin Spillgate Outflow,0.0
2026-08-31 14:43:45,Southern Owens Valley,Cartago Spillgate Outflow,0.0
2026-08-31 14:43:45,Southern Owens Valley,Lone Pine Creek Flow,9.7
2026-08-31 14:43:45,Lower Owens River Project,LORP Intake Flow,79.0
2026-08-31 14:43:45,Lower Owens River Project,LORP at Mazourka Canyon Road,0.0
2026-08-31 14:43:45,Lower Owens River Project,LORP at Reinhackle Springs,56.0
2026-08-31 14:43:45,Lower Owens River Project,LORP Above Pumpstation,51.0
2026-08-31 14:43:45,Lower Owens River Project,LORP At Pump Station Discharge Flow,48.0
2026-08-31 14:43:45,Southern District,Haiwee LAA #2 Current Flow,52.1
2026-08-31 14:43:45,Southern District,S. Haiwee Reservoir Elevation,3728.4
2026-08-31 14:43:45,Southern District,Haiwee LAA #1 Current Flow,0.0
2026-08-31 14:43:45,Southern District,Fairmont Reservoir Elevation,3023.4
2026-08-31 14:43:45,Southern District,LAA #1 Flow at Fairmont Reservoir,314.8
2026-08-31 14:43:45,Southern District,LAA #2 Flow at Fairmont Res.,54.7
2026-08-31 14:43:45,Southern District,Bouquet Reservoir Elevation,2973.2
2026-08-31 14:43:45,Southern District,Bouquet Reservoir Inflow,0.0
2026-08-31 14:43:45,Southern District,Bouquet Reservoir Outflow,0.7
2026-08-31 14:43:45,Southern District,LAA #1 at Soledad Flow,103.2
2026-08-31 14:43:45,Southern District,LAA #2 at Soledad Flow,248.5
2026-08-31 14:58:43,Northern Owens Valley,Tinemaha Elevation,3861.9
2026-08-31 14:58:43,Southern Owens Valley,Tinemaha Elevation,3861.9
2026-08-31 14:58:43,Mono Basin,Lee Vining Intake Above Flow,25.2
2026-08-31 14:58:43,Mono Basin,Lee Vining Intake Below Flow,26.9
2026-08-31 14:58:43,Mono Basin,Mono Lk. Elevation,6382.2
2026-08-31 14:58:43,Mono Basin,Walker Ck. Above Conduit Flow,4.0
2026-08-31 14:58:43,Mono Basin,L.V. Conduit Below Intake Flow,0.6
2026-08-31 14:58:43,Mono Basin,Walker Ck. Under Conduit Flow,4.0
2026-08-31 14:58:43,Mono Basin,Parker Ck. Under Conduit Flow,12.0
2026-08-31 14:58:43,Mono Basin,Parker Ck. Above Conduit Flow,13.0
2026-08-31 14:58:43,Mono Basin,Grant Lk. Spill Flow,0.0
2026-08-31 14:58:43,Mono Basin,Mono Gate 1 Return Ditch Flow,40.4
2026-08-31 14:58:43,Mono Basin,Grant Lk. Elevation,7129.1
2026-08-31 14:58:43,Mono Basin,Grant Lk. Outflow,39.8
2026-08-31 14:58:43,Mono Basin,Rush Ck. at Damsite Flow,11.0
2026-08-31 14:58:43,Mono Basin,Flow to West Portal,0.0
2026-08-31 14:58:43,Long Valley,East Portal Flow,12.0
2026-08-31 14:58:43,Long Valley,OR Below EP Flow,56.0
2026-08-31 14:58:43,Long Valley,Hot Ck.at Hwy. Flow,7.0
2026-08-31 14:58:43,Long Valley,McGee Ck. Lower Sta. Flow,10.5
2026-08-31 14:58:43,Long Valley,Long Valley Elevation,6770.3
2026-08-31 14:58:43,Long Valley,Long Valley Current Outflow,0.1
2026-08-31 14:58:43,Long Valley,Rock Ck. Div. Flow,0.0
2026-08-31 14:58:43,Long Valley,Upper Gorge Total Release,41.8
2026-08-31 14:58:43,Long Valley,Release at Middle Gorge,0.0
2026-08-31 14:58:43,Northern Owens Valley,Rock Ck. At Owens River (PV) Flow,27.1
2026-08-31 14:58:43,Northern Owens Valley,Pleasant Valley Elevation,4386.7
2026-08-31 14:58:43,Northern Owens Valley,Pleasant Valley Outflow,498.0
2026-08-31 14:58:43,Northern Owens Valley,Baker Ck. At LA Station Flow,6.5
2026-08-31 14:58:43,Northern Owens Valley,Big Pine Ck. USGS Flow,43.3
2026-08-31 14:58:43,Northern Owens Valley,O.R. Below Big Pine,491.6
2026-08-31 14:58:43,Northern Owens Valley,Fish Springs At RR Flow,37.2
2026-08-31 14:58:43,Northern Owens Valley,Tinemaha Reservoir Outflow,479.1
2026-08-31 14:58:43,Northern Owens Valley,Bishop Creek Through Plant 6,104.0
2026-08-31 14:58:43,Northern Owens Valley,Bishop Creek Around Plant 6,6.7
2026-08-31 14:58:43,Southern Owens Valley,Tinemaha Reservoir Outflow,479.1
2026-08-31 14:58:43,Southern Owens Valley,Indep. Ck. At Junction Flow,4.5
2026-08-31 14:58:43,Southern Owens Valley,LAA at Alabama Flow,410.0
2026-08-31 14:58:43,Southern Owens Valley,LAA at Alabama Level,7.9
2026-08-31 14:58:43,Southern Owens Valley,LAA at Alabama Water Temp,70.7
2026-08-31 14:58:43,Southern Owens Valley,Cottonwood Ck. At LAA Flow,0.0
2026-08-31 14:58:43,Southern Owens Valley,LAA at Cottonwood Flow,464.0
2026-08-31 14:58:43,Southern Owens Valley,LAA at Cottonwood Level,9.0
2026-08-31 14:58:43,Southern Owens Valley,LAA at Cotton. Water Temp,72.3
2026-08-31 14:58:43,Southern Owens Valley,N. Haiwee Elevation,3757.1
2026-08-31 14:58:43,Southern Owens Valley,S. Haiwee Reservoir Elevation,3728.4
2026-08-31 14:58:43,Southern Owens Valley,Haiwee LAA #1 Current Flow,0.0
2026-08-31 14:58:43,Southern Owens Valley,Haiwee LAA #2 Current Flow,52.1
2026-08-31 14:58:43,Southern Owens Valley,Reinhackel Flow,2.9
2026-08-31 14:58:43,Southern Owens Valley,Lubkin Spillgate Outflow,0.0
2026-08-31 14:58:43,Southern Owens Valley,Cartago Spillgate Outflow,0.0
2026-08-31 14:58:43,Southern Owens Valley,Lone Pine Creek Flow,9.7
2026-08-31 14:58:43,Lower Owens River Project,LORP Intake Flow,79.0
2026-08-31 14:58:43,Lower Owens River Project,LORP at Mazourka Canyon Road,0.0
2026-08-31 14:58:43,Lower Owens River Project,LORP at Reinhackle Springs,56.0
2026-08-31 14:58:43,Lower Owens River Project,LORP Above Pumpstation,51.0
2026-08-31 14:58:43,Lower Owens River Project,LORP At Pump Station Discharge Flow,48.0
2026-08-31 14:58:43,Southern District,Haiwee LAA #2 Current Flow,52.1
2026-08-31 14:58:43,Southern District,S. Haiwee Reservoir Elevation,3728.4
2026-08-31 14:58:43,Southern District,Haiwee LAA #1 Current Flow,0.0
2026-08-31 14:58:43,Southern District,Fairmont Reservoir Elevation,3023.4
2026-08-31 14:58:43,Southern District,LAA #1 Flow at Fairmont Reservoir,314.2
2026-08-31 14:58:43,Southern District,LAA #2 Flow at Fairmont Res.,54.7
2026-08-31 14:58:43,Southern District,Bouquet Reservoir Elevation,2973.2
2026-08-31 14:58:43,Southern District,Bouquet Reservoir Inflow,0.0
2026-08-31 14:58:43,Southern District,Bouquet Reservoir Outflow,0.7
2026-08-31 14:58:43,Southern District,LAA #1 at Soledad Flow,103.2
2026-08-31 14:58:43,Southern District,LAA #2 at Soledad Flow,248.5
2026-08-31 15:13:43,Mono Basin,Lee Vining Intake Above Flow,24.9
2026-08-31 15:13:43,Mono Basin,Lee Vining Intake Below Flow,27.0
2026-08-31 15:13:43,Mono Basin,Walker Ck. Above Conduit Flow,4.0
2026-08-31 15:13:43,Mono Basin,L.V. Conduit Below Intake Flow,0.6
2026-08-31 15:13:43,Mono Basin,Walker Ck. Under Conduit Flow,4.0
2026-08-31 15:13:43,Mono Basin,Parker Ck. Under Conduit Flow,12.0
2026-08-31 15:13:43,Mono Basin,Parker Ck. Above Conduit Flow,13.0
2026-08-31 15:13:43,Mono Basin,Grant Lk. Spill Flow,0.0
2026-08-31 15:13:43,Mono Basin,Mono Gate 1 Return Ditch Flow,40.4
2026-08-31 15:13:43,Mono Basin,Grant Lk. Outflow,39.8
2026-08-31 15:13:43,Mono Basin,Rush Ck. at Damsite Flow,11.0
2026-08-31 15:13:43,Mono Basin,Flow to West Portal,0.0
2026-08-31 15:13:43,Long Valley,East Portal Flow,12.0
2026-08-31 15:13:43,Long Valley,OR Below EP Flow,56.0
2026-08-31 15:13:43,Long Valley,Hot Ck.at Hwy. Flow,7.0
2026-08-31 15:13:43,Long Valley,McGee Ck. Lower Sta. Flow,10.1
2026-08-31 15:13:43,Long Valley,Long Valley Current Outflow,0.1
2026-08-31 15:13:43,Long Valley,Rock Ck. Div. Flow,0.0
2026-08-31 15:13:43,Long Valley,Upper Gorge Total Release,41.5
2026-08-31 15:13:43,Long Valley,Release at Middle Gorge,0.0
2026-08-31 15:13:43,Northern Owens Valley,Rock Ck. At Owens River (PV) Flow,27.1
2026-08-31 15:13:43,Northern Owens Valley,Pleasant Valley Outflow,497.0
2026-08-31 15:13:43,Northern Owens Valley,Baker Ck. At LA Station Flow,6.5
2026-08-31 15:13:43,Northern Owens Valley,Big Pine Ck. USGS Flow,43.3
2026-08-31 15:13:43,Northern Owens Valley,O.R. Below Big Pine,491.3
2026-08-31 15:13:43,Northern Owens Valley,Fish Springs At RR Flow,37.2
2026-08-31 15:13:43,Northern Owens Valley,Tinemaha Reservoir Outflow,479.1
2026-08-31 15:13:43,Northern Owens Valley,Bishop Creek Through Plant 6,104.0
2026-08-31 15:13:43,Northern Owens Valley,Bishop Creek Around Plant 6,6.7
2026-08-31 15:13:43,Southern Owens Valley,Tinemaha Reservoir Outflow,479.1
2026-08-31 15:13:43,Southern Owens Valley,Indep. Ck. At Junction Flow,4.5
2026-08-31 15:13:43,Southern Owens Valley,LAA at Alabama Flow,410.0
2026-08-31 15:13:43,Southern Owens Valley,Cottonwood Ck. At LAA Flow,0.0
2026-08-31 15:13:43,Southern Owens Valley,LAA at Cottonwood Flow,464.0
2026-08-31 15:13:43,Southern Owens Valley,Haiwee LAA #1 Current Flow,0.0
2026-08-31 15:13:43,Southern Owens Valley,Haiwee LAA #2 Current Flow,52.1
2026-08-31 15:13:43,Southern Owens Valley,Reinhackel Flow,2.9
2026-08-31 15:13:43,Southern Owens Valley,Lubkin Spillgate Outflow,0.0
2026-08-31 15:13:43,Southern Owens Valley,Cartago Spillgate Outflow,0.0
2026-08-31 15:13:43,Southern Owens Valley,Lone Pine Creek Flow,9.5
2026-08-31 15:13:43,Lower Owens River Project,LORP Intake Flow,79.0
2026-08-31 15:13:43,Lower Owens River Project,LORP at Mazourka Canyon Road,0.0
2026-08-31 15:13:43,Lower Owens River Project,LORP at Reinhackle Springs,56.0
2026-08-31 15:13:43,Lower Owens River Project,LORP Above Pumpstation,52.0
2026-08-31 15:13:43,Lower Owens River Project,LORP At Pump Station Discharge Flow,49.0
2026-08-31 15:13:43,Southern District,Haiwee LAA #2 Current Flow,52.1
2026-08-31 15:13:43,Southern District,Haiwee LAA #1 Current Flow,0.0
2026-08-31 15:13:43,Southern District,LAA #1 Flow at Fairmont Reservoir,315.1
2026-08-31 15:13:43,Southern District,LAA #2 Flow at Fairmont Res.,54.2
2026-08-31 15:13:43,Southern District,Bouquet Reservoir Inflow,0.0
2026-08-31 15:13:43,Southern District,Bouquet Reservoir Outflow,1.6
2026-08-31 15:13:43,Southern District,LAA #1 at Soledad Flow,103.2
2026-08-31 15:13:43,Southern District,LAA #2 at Soledad Flow,248.5
2026-08-31 15:13:44,Mono Basin,Mono Lk. Elevation,6382.2
2026-08-31 15:13:44,Mono Basin,Grant Lk. Elevation,7129.1
2026-08-31 15:13:44,Long Valley,Long Valley Elevation,6770.3
2026-08-31 15:13:44,Northern Owens Valley,Pleasant Valley Elevation,4386.7
2026-08-31 15:13:44,Southern Owens Valley,LAA at Alabama Level,7.9
2026-08-31 15:13:44,Southern Owens Valley,LAA at Alabama Water Temp,70.8
2026-08-31 15:13:44,Southern Owens Valley,LAA at Cottonwood Level,9.0
2026-08-31 15:13:44,Southern Owens Valley,LAA at Cotton. Water Temp,72.3
2026-08-31 15:13:44,Southern Owens Valley,N. Haiwee Elevation,3757.1
2026-08-31 15:13:44,Southern Owens Valley,S. Haiwee Reservoir Elevation,3728.4
2026-08-31 15:13:44,Southern District,S. Haiwee Reservoir Elevation,3728.4
2026-08-31 15:13:44,Southern District,Fairmont Reservoir Elevation,3023.4
2026-08-31 15:13:44,Southern District,Bouquet Reservoir Elevation,2973.1
2026-08-31 15:28:44,Northern Owens Valley,Tinemaha Elevation,3861.9
2026-08-31 15:28:44,Southern Owens Valley,Tinemaha Elevation,3861.9
2026-08-31 15:28:44,Mono Basin,Lee Vining Intake Above Flow,24.9
2026-08-31 15:28:44,Mono Basin,Lee Vining Intake Below Flow,27.0
2026-08-31 15:28:44,Mono Basin,Mono Lk. Elevation,6382.2
2026-08-31 15:28:44,Mono Basin,Walker Ck. Above Conduit Flow,4.0
2026-08-31 15:28:44,Mono Basin,L.V. Conduit Below Intake Flow,0.6
2026-08-31 15:28:44,Mono Basin,Walker Ck. Under Conduit Flow,4.0
2026-08-31 15:28:44,Mono Basin,Parker Ck. Under Conduit Flow,12.0
2026-08-31 15:28:44,Mono Basin,Parker Ck. Above Conduit Flow,13.0
2026-08-31 15:28:44,Mono Basin,Grant Lk. Spill Flow,0.0
2026-08-31 15:28:44,Mono Basin,Mono Gate 1 Return Ditch Flow,40.5
2026-08-31 15:28:44,Mono Basin,Grant Lk. Elevation,7129.1
2026-08-31 15:28:44,Mono Basin,Grant Lk. Outflow,39.7
2026-08-31 15:28:44,Mono Basin,Rush Ck. at Damsite Flow,10.6
2026-08-31 15:28:44,Mono Basin,Flow to West Portal,0.0
2026-08-31 15:28:44,Long Valley,East Portal Flow,12.0
2026-08-31 15:28:44,Long Valley,OR Below EP Flow,56.0
2026-08-31 15:28:44,Long Valley,Hot Ck.at Hwy. Flow,7.0
2026-08-31 15:28:44,Long Valley,McGee Ck. Lower Sta. Flow,10.1
2026-08-31 15:28:44,Long Valley,Long Valley Elevation,6770.3
2026-08-31 15:28:44,Long Valley,Long Valley Current Outflow,0.1
2026-08-31 15:28:44,Long Valley,Rock Ck. Div. Flow,0.0
2026-08-31 15:28:44,Long Valley,Upper Gorge Total Release,41.5
2026-08-31 15:28:44,Long Valley,Release at Middle Gorge,0.0
2026-08-31 15:28:44,Northern Owens Valley,Rock Ck. At Owens River (PV) Flow,27.1
2026-08-31 15:28:44,Northern Owens Valley,Pleasant Valley Elevation,4386.6
2026-08-31 15:28:44,Northern Owens Valley,Pleasant Valley Outflow,497.0
2026-08-31 15:28:44,Northern Owens Valley,Baker Ck. At LA Station Flow,6.5
2026-08-31 15:28:44,Northern Owens Valley,Big Pine Ck. USGS Flow,43.3
2026-08-31 15:28:44,Northern Owens Valley,O.R. Below Big Pine,491.8
2026-08-31 15:28:44,Northern Owens Valley,Fish Springs At RR Flow,37.2
2026-08-31 15:28:44,Northern Owens Valley,Tinemaha Reservoir Outflow,478.3
2026-08-31 15:28:44,Northern Owens Valley,Bishop Creek Through Plant 6,104.0
2026-08-31 15:28:44,Northern Owens Valley,Bishop Creek Around Plant 6,6.7
2026-08-31 15:28:44,Southern Owens Valley,Tinemaha Reservoir Outflow,478.3
2026-08-31 15:28:44,Southern Owens Valley,Indep. Ck. At Junction Flow,4.5
2026-08-31 15:28:44,Southern Owens Valley,LAA at Alabama Flow,410.0
2026-08-31 15:28:44,Southern Owens Valley,LAA at Alabama Level,7.9
2026-08-31 15:28:44,Southern Owens Valley,LAA at Alabama Water Temp,70.8
2026-08-31 15:28:44,Southern Owens Valley,Cottonwood Ck. At LAA Flow,0.0
2026-08-31 15:28:44,Southern Owens Valley,LAA at Cottonwood Flow,464.0
2026-08-31 15:28:44,Southern Owens Valley,LAA at Cottonwood Level,9.0
2026-08-31 15:28:44,Southern Owens Valley,LAA at Cotton. Water Temp,72.3
2026-08-31 15:28:44,Southern Owens Valley,N. Haiwee Elevation,3757.1
2026-08-31 15:28:44,Southern Owens Valley,S. Haiwee Reservoir Elevation,3728.4
2026-08-31 15:28:44,Southern Owens Valley,Haiwee LAA #1 Current Flow,0.0
2026-08-31 15:28:44,Southern Owens Valley,Haiwee LAA #2 Current Flow,52.1
2026-08-31 15:28:44,Southern Owens Valley,Reinhackel Flow,2.9
2026-08-31 15:28:44,Southern Owens Valley,Lubkin Spillgate Outflow,0.0
2026-08-31 15:28:44,Southern Owens Valley,Cartago Spillgate Outflow,0.0
2026-08-31 15:28:44,Southern Owens Valley,Lone Pine Creek Flow,9.5
2026-08-31 15:28:44,Lower Owens River Project,LORP Intake Flow,79.0
2026-08-31 15:28:44,Lower Owens River Project,LORP at Mazourka Canyon Road,0.0
2026-08-31 15:28:44,Lower Owens River Project,LORP at Reinhackle Springs,58.0
2026-08-31 15:28:44,Lower Owens River Project,LORP Above Pumpstation,51.0
2026-08-31 15:28:44,Lower Owens River Project,LORP At Pump Station Discharge Flow,48.0
2026-08-31 15:28:44,Southern District,Haiwee LAA #2 Current Flow,52.1
2026-08-31 15:28:44,Southern District,S. Haiwee Reservoir Elevation,3728.4
2026-08-31 15:28:44,Southern District,Haiwee LAA #1 Current Flow,0.0
2026-08-31 15:28:44,Southern District,Fairmont Reservoir Elevation,3023.4
2026-08-31 15:28:44,Southern District,LAA #1 Flow at Fairmont Reservoir,314.4
2026-08-31 15:28:44,Southern District,LAA #2 Flow at Fairmont Res.,54.6
2026-08-31 15:28:44,Southern District,Bouquet Reservoir Elevation,2973.1
2026-08-31 15:28:44,Southern District,Bouquet Reservoir Inflow,0.0
2026-08-31 15:28:44,Southern District,Bouquet Reservoir Outflow,1.6
2026-08-31 15:28:44,Southern District,LAA #1 at Soledad Flow,103.2
2026-08-31 15:28:44,Southern District,LAA #2 at Soledad Flow,248.5
2026-08-31 15:43:44,Northern Owens Valley,Tinemaha Reservoir Outflow,478.3
2026-08-31 15:43:44,Southern Owens Valley,Tinemaha Reservoir Outflow,478.3
2026-08-31 15:43:44,Southern Owens Valley,Indep. Ck. At Junction Flow,4.5
2026-08-31 15:43:44,Southern Owens Valley,LAA at Alabama Flow,410.0
2026-08-31 15:43:44,Southern Owens Valley,Cottonwood Ck. At LAA Flow,0.0
2026-08-31 15:43:44,Southern Owens Valley,LAA at Cottonwood Flow,464.0
2026-08-31 15:43:44,Southern Owens Valley,Reinhackel Flow,2.9
2026-08-31 15:43:44,Southern Owens Valley,Lone Pine Creek Flow,9.4
2026-08-31 15:43:44,Lower Owens River Project,LORP Intake Flow,79.0
2026-08-31 15:43:45,Mono Basin,Lee Vining Intake Above Flow,24.8
2026-08-31 15:43:45,Mono Basin,Lee Vining Intake Below Flow,26.7
2026-08-31 15:43:45,Mono Basin,Mono Lk. Elevation,6382.2
2026-08-31 15:43:45,Mono Basin,Walker Ck. Above Conduit Flow,4.0
2026-08-31 15:43:45,Mono Basin,L.V. Conduit Below Intake Flow,0.6
2026-08-31 15:43:45,Mono Basin,Walker Ck. Under Conduit Flow,4.0
2026-08-31 15:43:45,Mono Basin,Parker Ck. Under Conduit Flow,12.0
2026-08-31 15:43:45,Mono Basin,Parker Ck. Above Conduit Flow,13.0
2026-08-31 15:43:45,Mono Basin,Grant Lk. Spill Flow,0.0
2026-08-31 15:43:45,Mono Basin,Mono Gate 1 Return Ditch Flow,40.5
2026-08-31 15:43:45,Mono Basin,Grant Lk. Elevation,7129.1
2026-08-31 15:43:45,Mono Basin,Grant Lk. Outflow,39.7
2026-08-31 15:43:45,Mono Basin,Rush Ck. at Damsite Flow,10.6
2026-08-31 15:43:45,Mono Basin,Flow to West Portal,0.0
2026-08-31 15:43:45,Long Valley,East Portal Flow,12.0
2026-08-31 15:43:45,Long Valley,OR Below EP Flow,56.0
2026-08-31 15:43:45,Long Valley,Hot Ck.at Hwy. Flow,7.0
2026-08-31 15:43:45,Long Valley,McGee Ck. Lower Sta. Flow,10.1
2026-08-31 15:43:45,Long Valley,Long Valley Elevation,6770.3
2026-08-31 15:43:45,Long Valley,Long Valley Current Outflow,0.1
2026-08-31 15:43:45,Long Valley,Rock Ck. Div. Flow,0.0
2026-08-31 15:43:45,Long Valley,Upper Gorge Total Release,41.4
2026-08-31 15:43:45,Long Valley,Release at Middle Gorge,0.0
2026-08-31 15:43:45,Northern Owens Valley,Rock Ck. At Owens River (PV) Flow,27.1
2026-08-31 15:43:45,Northern Owens Valley,Pleasant Valley Elevation,4386.5
2026-08-31 15:43:45,Northern Owens Valley,Pleasant Valley Outflow,496.4
2026-08-31 15:43:45,Northern Owens Valley,Baker Ck. At LA Station Flow,6.5
2026-08-31 15:43:45,Northern Owens Valley,Big Pine Ck. USGS Flow,41.1
2026-08-31 15:43:45,Northern Owens Valley,O.R. Below Big Pine,490.6
2026-08-31 15:43:45,Northern Owens Valley,Fish Springs At RR Flow,37.2
2026-08-31 15:43:45,Northern Owens Valley,Bishop Creek Through Plant 6,102.7
2026-08-31 15:43:45,Northern Owens Valley,Bishop Creek Around Plant 6,6.7
2026-08-31 15:43:45,Southern Owens Valley,LAA at Alabama Level,7.9
2026-08-31 15:43:45,Southern Owens Valley,LAA at Alabama Water Temp,70.8
2026-08-31 15:43:45,Southern Owens Valley,LAA at Cottonwood Level,9.0
2026-08-31 15:43:45,Southern Owens Valley,LAA at Cotton. Water Temp,72.3
2026-08-31 15:43:45,Southern Owens Valley,N. Haiwee Elevation,3757.1
2026-08-31 15:43:45,Southern Owens Valley,S. Haiwee Reservoir Elevation,3728.4
2026-08-31 15:43:45,Southern Owens Valley,Haiwee LAA #1 Current Flow,0.0
2026-08-31 15:43:45,Southern Owens Valley,Haiwee LAA #2 Current Flow,52.1
2026-08-31 15:43:45,Southern Owens Valley,Lubkin Spillgate Outflow,0.0
2026-08-31 15:43:45,Southern Owens Valley,Cartago Spillgate Outflow,0.0
2026-08-31 15:43:45,Lower Owens River Project,LORP at Mazourka Canyon Road,0.0
2026-08-31 15:43:45,Lower Owens River Project,LORP at Reinhackle Springs,58.0
2026-08-31 15:43:45,Lower Owens River Project,LORP Above Pumpstation,51.0
2026-08-31 15:43:45,Lower Owens River Project,LORP At Pump Station Discharge Flow,48.0
2026-08-31 15:43:45,Southern District,Haiwee LAA #2 Current Flow,52.1
2026-08-31 15:43:45,Southern District,S. Haiwee Reservoir Elevation,3728.4
2026-08-31 15:43:45,Southern District,Haiwee LAA #1 Current Flow,0.0
2026-08-31 15:43:45,Southern District,Fairmont Reservoir Elevation,3023.4
2026-08-31 15:43:45,Southern District,LAA #1 Flow at Fairmont Reservoir,313.8
2026-08-31 15:43:45,Southern District,LAA #2 Flow at Fairmont Res.,54.7
2026-08-31 15:43:45,Southern District,Bouquet Reservoir Elevation,2973.1
2026-08-31 15:43:45,Southern District,Bouquet Reservoir Inflow,0.0
2026-08-31 15:43:45,Southern District,Bouquet Reservoir Outflow,1.6
2026-08-31 15:43:45,Southern District,LAA #1 at Soledad Flow,103.2
2026-08-31 15:43:45,Southern District,LAA #2 at Soledad Flow,248.5
2026-08-31 15:58:43,Mono Basin,Lee Vining Intake Above Flow,24.8
2026-08-31 15:58:43,Mono Basin,Lee Vining Intake Below Flow,26.7
2026-08-31 15:58:43,Mono Basin,Walker Ck. Above Conduit Flow,4.0
2026-08-31 15:58:43,Mono Basin,L.V. Conduit Below Intake Flow,0.6
2026-08-31 15:58:43,Mono Basin,Walker Ck. Under Conduit Flow,4.0
2026-08-31 15:58:43,Mono Basin,Parker Ck. Under Conduit Flow,12.0
2026-08-31 15:58:43,Mono Basin,Parker Ck. Above Conduit Flow,13.0
2026-08-31 15:58:43,Mono Basin,Grant Lk. Spill Flow,0.0
2026-08-31 15:58:43,Mono Basin,Mono Gate 1 Return Ditch Flow,40.5
2026-08-31 15:58:43,Mono Basin,Grant Lk. Outflow,39.7
2026-08-31 15:58:43,Mono Basin,Rush Ck. at Damsite Flow,10.6
2026-08-31 15:58:43,Mono Basin,Flow to West Portal,0.0
2026-08-31 15:58:43,Long Valley,East Portal Flow,12.0
2026-08-31 15:58:43,Long Valley,OR Below EP Flow,56.0
2026-08-31 15:58:43,Long Valley,Hot Ck.at Hwy. Flow,6.0
2026-08-31 15:58:43,Long Valley,McGee Ck. Lower Sta. Flow,10.1
2026-08-31 15:58:43,Long Valley,Long Valley Current Outflow,0.1
2026-08-31 15:58:43,Long Valley,Rock Ck. Div. Flow,0.0
2026-08-31 15:58:43,Long Valley,Upper Gorge Total Release,41.4
2026-08-31 15:58:43,Long Valley,Release at Middle Gorge,0.0
2026-08-31 15:58:43,Northern Owens Valley,Rock Ck. At Owens River (PV) Flow,27.0
2026-08-31 15:58:43,Northern Owens Valley,Pleasant Valley Outflow,495.8
2026-08-31 15:58:43,Northern Owens Valley,Baker Ck. At LA Station Flow,6.5
2026-08-31 15:58:43,Northern Owens Valley,Big Pine Ck. USGS Flow,41.1
2026-08-31 15:58:43,Northern Owens Valley,O.R. Below Big Pine,490.0
2026-08-31 15:58:43,Northern Owens Valley,Fish Springs At RR Flow,37.2
2026-08-31 15:58:43,Northern Owens Valley,Tinemaha Reservoir Outflow,478.3
2026-08-31 15:58:43,Northern Owens Valley,Bishop Creek Through Plant 6,102.7
2026-08-31 15:58:43,Northern Owens Valley,Bishop Creek Around Plant 6,6.7
2026-08-31 15:58:43,Southern Owens Valley,Tinemaha Reservoir Outflow,478.3
2026-08-31 15:58:43,Southern Owens Valley,Indep. Ck. At Junction Flow,4.5
2026-08-31 15:58:43,Southern Owens Valley,LAA at Alabama Flow,410.0
2026-08-31 15:58:43,Southern Owens Valley,Cottonwood Ck. At LAA Flow,0.0
2026-08-31 15:58:43,Southern Owens Valley,LAA at Cottonwood Flow,464.0
2026-08-31 15:58:43,Southern Owens Valley,Haiwee LAA #1 Current Flow,0.0
2026-08-31 15:58:43,Southern Owens Valley,Haiwee LAA #2 Current Flow,52.1
2026-08-31 15:58:43,Southern Owens Valley,Reinhackel Flow,2.9
2026-08-31 15:58:43,Southern Owens Valley,Lubkin Spillgate Outflow,0.0
2026-08-31 15:58:43,Southern Owens Valley,Cartago Spillgate Outflow,0.0
2026-08-31 15:58:43,Southern Owens Valley,Lone Pine Creek Flow,9.4
2026-08-31 15:58:43,Lower Owens River Project,LORP Intake Flow,79.0
2026-08-31 15:58:43,Lower Owens River Project,LORP at Mazourka Canyon Road,0.0
2026-08-31 15:58:43,Lower Owens River Project,LORP at Reinhackle Springs,58.0
2026-08-31 15:58:43,Lower Owens River Project,LORP Above Pumpstation,51.0
2026-08-31 15:58:43,Lower Owens River Project,LORP At Pump Station Discharge Flow,48.0
2026-08-31 15:58:43,Southern District,Haiwee LAA #2 Current Flow,52.1
2026-08-31 15:58:43,Southern District,Haiwee LAA #1 Current Flow,0.0
2026-08-31 15:58:43,Southern District,LAA #1 Flow at Fairmont Reservoir,314.8
2026-08-31 15:58:43,Southern District,LAA #2 Flow at Fairmont Res.,55.5
2026-08-31 15:58:43,Southern District,Bouquet Reservoir Inflow,0.0
2026-08-31 15:58:43,Southern District,Bouquet Reservoir Outflow,1.6
2026-08-31 15:58:43,Southern District,LAA #1 at Soledad Flow,103.2
2026-08-31 15:58:43,Southern District,LAA #2 at Soledad Flow,248.5
2026-08-31 15:58:44,Northern Owens Valley,Tinemaha Elevation,3861.9
2026-08-31 15:58:44,Southern Owens Valley,Tinemaha Elevation,3861.9
2026-08-31 15:58:44,Mono Basin,Mono Lk. Elevation,6382.2
2026-08-31 15:58:44,Mono Basin,Grant Lk. Elevation,7129.1
2026-08-31 15:58:44,Long Valley,Long Valley Elevation,6770.3
2026-08-31 15:58:44,Northern Owens Valley,Pleasant Valley Elevation,4386.4
2026-08-31 15:58:44,Southern Owens Valley,LAA at Alabama Level,7.9
2026-08-31 15:58:44,Southern Owens Valley,LAA at Alabama Water Temp,70.8
2026-08-31 15:58:44,Southern Owens Valley,LAA at Cottonwood Level,9.0
2026-08-31 15:58:44,Southern Owens Valley,LAA at Cotton. Water Temp,72.3
2026-08-31 15:58:44,Southern Owens Valley,N. Haiwee Elevation,3757.1
2026-08-31 15:58:44,Southern Owens Valley,S. Haiwee Reservoir Elevation,3728.4
2026-08-31 15:58:44,Southern District,S. Haiwee Reservoir Elevation,3728.4
2026-08-31 15:58:44,Southern District,Fairmont Reservoir Elevation,3023.4
2026-08-31 15:58:44,Southern District,Bouquet Reservoir Elevation,2973.1
2026-08-31 16:13:44,Mono Basin,Lee Vining Intake Above Flow,24.5
2026-08-31 16:13:44,Mono Basin,Lee Vining Intake Below Flow,26.6
2026-08-31 16:13:44,Mono Basin,Walker Ck. Above Conduit Flow,4.0
2026-08-31 16:13:44,Mono Basin,L.V. Conduit Below Intake Flow,0.6
2026-08-31 16:13:44,Mono Basin,Walker Ck. Under Conduit Flow,4.0
2026-08-31 16:13:44,Mono Basin,Parker Ck. Under Conduit Flow,12.0
2026-08-31 16:13:44,Mono Basin,Parker Ck. Above Conduit Flow,13.0
2026-08-31 16:13:44,Mono Basin,Grant Lk. Spill Flow,0.0
2026-08-31 16:13:44,Mono Basin,Mono Gate 1 Return Ditch Flow,40.5
2026-08-31 16:13:44,Mono Basin,Grant Lk. Outflow,39.7
2026-08-31 16:13:44,Mono Basin,Rush Ck. at Damsite Flow,10.6
2026-08-31 16:13:44,Mono Basin,Flow to West Portal,0.0
2026-08-31 16:13:44,Long Valley,East Portal Flow,12.0
2026-08-31 16:13:44,Long Valley,OR Below EP Flow,56.0
2026-08-31 16:13:44,Long Valley,Hot Ck.at Hwy. Flow,6.0
2026-08-31 16:13:44,Long Valley,McGee Ck. Lower Sta. Flow,10.1
2026-08-31 16:13:44,Long Valley,Long Valley Current Outflow,0.1
2026-08-31 16:13:44,Long Valley,Rock Ck. Div. Flow,0.0
2026-08-31 16:13:44,Long Valley,Upper Gorge Total Release,41.0
2026-08-31 16:13:44,Long Valley,Release at Middle Gorge,0.0
2026-08-31 16:13:44,Northern Owens Valley,Rock Ck. At Owens River (PV) Flow,27.0
2026-08-31 16:13:44,Northern Owens Valley,Pleasant Valley Outflow,495.5
2026-08-31 16:13:44,Northern Owens Valley,Baker Ck. At LA Station Flow,6.5
2026-08-31 16:13:44,Northern Owens Valley,Big Pine Ck. USGS Flow,41.1
2026-08-31 16:13:44,Northern Owens Valley,O.R. Below Big Pine,490.1
2026-08-31 16:13:44,Northern Owens Valley,Fish Springs At RR Flow,37.2
2026-08-31 16:13:44,Northern Owens Valley,Tinemaha Reservoir Outflow,478.3
2026-08-31 16:13:44,Northern Owens Valley,Bishop Creek Through Plant 6,103.5
2026-08-31 16:13:44,Northern Owens Valley,Bishop Creek Around Plant 6,6.7
2026-08-31 16:13:44,Southern Owens Valley,Tinemaha Reservoir Outflow,478.3
2026-08-31 16:13:44,Southern Owens Valley,Indep. Ck. At Junction Flow,4.5
2026-08-31 16:13:44,Southern Owens Valley,LAA at Alabama Flow,411.0
2026-08-31 16:13:44,Southern Owens Valley,Cottonwood Ck. At LAA Flow,0.0
2026-08-31 16:13:44,Southern Owens Valley,LAA at Cottonwood Flow,464.0
2026-08-31 16:13:44,Southern Owens Valley,Haiwee LAA #1 Current Flow,0.0
2026-08-31 16:13:44,Southern Owens Valley,Haiwee LAA #2 Current Flow,52.1
2026-08-31 16:13:44,Southern Owens Valley,Reinhackel Flow,2.9
2026-08-31 16:13:44,Southern Owens Valley,Lubkin Spillgate Outflow,0.0
2026-08-31 16:13:44,Southern Owens Valley,Cartago Spillgate Outflow,0.0
2026-08-31 16:13:44,Southern Owens Valley,Lone Pine Creek Flow,9.3
2026-08-31 16:13:44,Lower Owens River Project,LORP Intake Flow,79.0
2026-08-31 16:13:44,Lower Owens River Project,LORP at Mazourka Canyon Road,0.0
2026-08-31 16:13:44,Lower Owens River Project,LORP at Reinhackle Springs,58.0
2026-08-31 16:13:44,Lower Owens River Project,LORP Above Pumpstation,51.0
2026-08-31 16:13:44,Lower Owens River Project,LORP At Pump Station Discharge Flow,48.0
2026-08-31 16:13:44,Southern District,Haiwee LAA #2 Current Flow,52.1
2026-08-31 16:13:44,Southern District,Haiwee LAA #1 Current Flow,0.0
2026-08-31 16:13:44,Southern District,LAA #1 Flow at Fairmont Reservoir,315.2
2026-08-31 16:13:44,Southern District,LAA #2 Flow at Fairmont Res.,53.0
2026-08-31 16:13:44,Southern District,Bouquet Reservoir Inflow,0.0
2026-08-31 16:13:44,Southern District,Bouquet Reservoir Outflow,1.6
2026-08-31 16:13:44,Southern District,LAA #1 at Soledad Flow,103.2
2026-08-31 16:13:44,Southern District,LAA #2 at Soledad Flow,248.5
2026-08-31 16:13:45,Mono Basin,Mono Lk. Elevation,6382.2
2026-08-31 16:13:45,Mono Basin,Grant Lk. Elevation,7129.1
2026-08-31 16:13:45,Long Valley,Long Valley Elevation,6770.3
2026-08-31 16:13:45,Northern Owens Valley,Pleasant Valley Elevation,4386.3
2026-08-31 16:13:45,Southern Owens Valley,LAA at Alabama Level,7.9
2026-08-31 16:13:45,Southern Owens Valley,LAA at Alabama Water Temp,71.1
2026-08-31 16:13:45,Southern Owens Valley,LAA at Cottonwood Level,9.0
2026-08-31 16:13:45,Southern Owens Valley,LAA at Cotton. Water Temp,72.4
2026-08-31 16:13:45,Southern Owens Valley,N. Haiwee Elevation,3757.1
2026-08-31 16:13:45,Southern Owens Valley,S. Haiwee Reservoir Elevation,3728.4
2026-08-31 16:13:45,Southern District,S. Haiwee Reservoir Elevation,3728.4
2026-08-31 16:13:45,Southern District,Fairmont Reservoir Elevation,3023.4
2026-08-31 16:13:45,Southern District,Bouquet Reservoir Elevation,2973.1
2026-08-31 16:28:43,Southern Owens Valley,LAA at Alabama Flow,411.0
2026-08-31 16:28:43,Southern Owens Valley,Cottonwood Ck. At LAA Flow,0.0
2026-08-31 16:28:43,Southern Owens Valley,LAA at Cottonwood Flow,464.0
2026-08-31 16:28:43,Southern Owens Valley,Lone Pine Creek Flow,9.3
2026-08-31 16:28:44,Northern Owens Valley,Tinemaha Elevation,3861.9
2026-08-31 16:28:44,Southern Owens Valley,Tinemaha Elevation,3861.9
2026-08-31 16:28:44,Mono Basin,Lee Vining Intake Above Flow,24.5
2026-08-31 16:28:44,Mono Basin,Lee Vining Intake Below Flow,26.6
2026-08-31 16:28:44,Mono Basin,Mono Lk. Elevation,6382.2
2026-08-31 16:28:44,Mono Basin,Walker Ck. Above Conduit Flow,4.0
2026-08-31 16:28:44,Mono Basin,L.V. Conduit Below Intake Flow,0.6
2026-08-31 16:28:44,Mono Basin,Walker Ck. Under Conduit Flow,4.0
2026-08-31 16:28:44,Mono Basin,Parker Ck. Under Conduit Flow,12.0
2026-08-31 16:28:44,Mono Basin,Parker Ck. Above Conduit Flow,13.0
2026-08-31 16:28:44,Mono Basin,Grant Lk. Spill Flow,0.0
2026-08-31 16:28:44,Mono Basin,Mono Gate 1 Return Ditch Flow,40.6
2026-08-31 16:28:44,Mono Basin,Grant Lk. Elevation,7129.1
2026-08-31 16:28:44,Mono Basin,Grant Lk. Outflow,39.7
2026-08-31 16:28:44,Mono Basin,Rush Ck. at Damsite Flow,10.6
2026-08-31 16:28:44,Mono Basin,Flow to West Portal,0.0
2026-08-31 16:28:44,Long Valley,East Portal Flow,12.0
2026-08-31 16:28:44,Long Valley,OR Below EP Flow,56.0
2026-08-31 16:28:44,Long Valley,Hot Ck.at Hwy. Flow,6.0
2026-08-31 16:28:44,Long Valley,McGee Ck. Lower Sta. Flow,10.1
2026-08-31 16:28:44,Long Valley,Long Valley Elevation,6770.2
2026-08-31 16:28:44,Long Valley,Long Valley Current Outflow,0.1
2026-08-31 16:28:44,Long Valley,Rock Ck. Div. Flow,0.0
2026-08-31 16:28:44,Long Valley,Upper Gorge Total Release,41.9
2026-08-31 16:28:44,Long Valley,Release at Middle Gorge,0.0
2026-08-31 16:28:44,Northern Owens Valley,Rock Ck. At Owens River (PV) Flow,26.9
2026-08-31 16:28:44,Northern Owens Valley,Pleasant Valley Elevation,4386.2
2026-08-31 16:28:44,Northern Owens Valley,Pleasant Valley Outflow,495.2
2026-08-31 16:28:44,Northern Owens Valley,Baker Ck. At LA Station Flow,6.5
2026-08-31 16:28:44,Northern Owens Valley,Big Pine Ck. USGS Flow,41.1
2026-08-31 16:28:44,Northern Owens Valley,O.R. Below Big Pine,489.5
2026-08-31 16:28:44,Northern Owens Valley,Fish Springs At RR Flow,37.2
2026-08-31 16:28:44,Northern Owens Valley,Tinemaha Reservoir Outflow,479.1
2026-08-31 16:28:44,Northern Owens Valley,Bishop Creek Through Plant 6,103.5
2026-08-31 16:28:44,Northern Owens Valley,Bishop Creek Around Plant 6,6.7
2026-08-31 16:28:44,Southern Owens Valley,Tinemaha Reservoir Outflow,479.1
2026-08-31 16:28:44,Southern Owens Valley,Indep. Ck. At Junction Flow,4.5
2026-08-31 16:28:44,Southern Owens Valley,LAA at Alabama Level,7.9
2026-08-31 16:28:44,Southern Owens Valley,LAA at Alabama Water Temp,71.1
2026-08-31 16:28:44,Southern Owens Valley,LAA at Cottonwood Level,9.0
2026-08-31 16:28:44,Southern Owens Valley,LAA at Cotton. Water Temp,72.4
2026-08-31 16:28:44,Southern Owens Valley,N. Haiwee Elevation,3757.1
2026-08-31 16:28:44,Southern Owens Valley,S. Haiwee Reservoir Elevation,3728.4
2026-08-31 16:28:44,Southern Owens Valley,Haiwee LAA #1 Current Flow,0.0
2026-08-31 16:28:44,Southern Owens Valley,Haiwee LAA #2 Current Flow,52.1
2026-08-31 16:28:44,Southern Owens Valley,Reinhackel Flow,2.9
2026-08-31 16:28:44,Southern Owens Valley,Lubkin Spillgate Outflow,0.0
2026-08-31 16:28:44,Southern Owens Valley,Cartago Spillgate Outflow,0.0
2026-08-31 16:28:44,Lower Owens River Project,LORP Intake Flow,79.0
2026-08-31 16:28:44,Lower Owens River Project,LORP at Mazourka Canyon Road,0.0
2026-08-31 16:28:44,Lower Owens River Project,LORP at Reinhackle Springs,60.0
2026-08-31 16:28:44,Lower Owens River Project,LORP Above Pumpstation,51.0
2026-08-31 16:28:44,Lower Owens River Project,LORP At Pump Station Discharge Flow,48.0
2026-08-31 16:28:44,Southern District,Haiwee LAA #2 Current Flow,52.1
2026-08-31 16:28:44,Southern District,S. Haiwee Reservoir Elevation,3728.4
2026-08-31 16:28:44,Southern District,Haiwee LAA #1 Current Flow,0.0
2026-08-31 16:28:44,Southern District,Fairmont Reservoir Elevation,3023.4
2026-08-31 16:28:44,Southern District,LAA #1 Flow at Fairmont Reservoir,310.2
2026-08-31 16:28:44,Southern District,LAA #2 Flow at Fairmont Res.,52.9
2026-08-31 16:28:44,Southern District,Bouquet Reservoir Elevation,2973.1
2026-08-31 16:28:44,Southern District,Bouquet Reservoir Inflow,0.0
2026-08-31 16:28:44,Southern District,Bouquet Reservoir Outflow,1.6
2026-08-31 16:28:44,Southern District,LAA #1 at Soledad Flow,103.2
2026-08-31 16:28:44,Southern District,LAA #2 at Soledad Flow,248.5
2026-08-31 16:43:44,Mono Basin,Lee Vining Intake Above Flow,24.8
2026-08-31 16:43:44,Mono Basin,Lee Vining Intake Below Flow,26.7
2026-08-31 16:43:44,Mono Basin,Walker Ck. Above Conduit Flow,4.0
2026-08-31 16:43:44,Mono Basin,L.V. Conduit Below Intake Flow,0.6
2026-08-31 16:43:44,Mono Basin,Walker Ck. Under Conduit Flow,4.0
2026-08-31 16:43:44,Mono Basin,Parker Ck. Under Conduit Flow,12.0
2026-08-31 16:43:44,Mono Basin,Parker Ck. Above Conduit Flow,13.0
2026-08-31 16:43:44,Mono Basin,Grant Lk. Spill Flow,0.0
2026-08-31 16:43:44,Mono Basin,Mono Gate 1 Return Ditch Flow,40.6
2026-08-31 16:43:44,Mono Basin,Grant Lk. Outflow,39.7
2026-08-31 16:43:44,Mono Basin,Rush Ck. at Damsite Flow,10.6
2026-08-31 16:43:44,Mono Basin,Flow to West Portal,0.0
2026-08-31 16:43:44,Long Valley,East Portal Flow,12.0
2026-08-31 16:43:44,Long Valley,OR Below EP Flow,56.0
2026-08-31 16:43:44,Long Valley,Hot Ck.at Hwy. Flow,6.0
2026-08-31 16:43:44,Long Valley,McGee Ck. Lower Sta. Flow,10.1
2026-08-31 16:43:44,Long Valley,Long Valley Current Outflow,0.1
2026-08-31 16:43:44,Long Valley,Rock Ck. Div. Flow,0.0
2026-08-31 16:43:44,Long Valley,Upper Gorge Total Release,41.2
2026-08-31 16:43:44,Long Valley,Release at Middle Gorge,0.0
2026-08-31 16:43:44,Northern Owens Valley,Rock Ck. At Owens River (PV) Flow,26.8
2026-08-31 16:43:44,Northern Owens Valley,Pleasant Valley Outflow,494.9
2026-08-31 16:43:44,Northern Owens Valley,Baker Ck. At LA Station Flow,6.5
2026-08-31 16:43:44,Northern Owens Valley,Big Pine Ck. USGS Flow,41.1
2026-08-31 16:43:44,Northern Owens Valley,O.R. Below Big Pine,489.2
2026-08-31 16:43:44,Northern Owens Valley,Fish Springs At RR Flow,37.2
2026-08-31 16:43:44,Northern Owens Valley,Tinemaha Reservoir Outflow,479.1
2026-08-31 16:43:44,Northern Owens Valley,Bishop Creek Through Plant 6,98.9
2026-08-31 16:43:44,Northern Owens Valley,Bishop Creek Around Plant 6,6.9
2026-08-31 16:43:44,Southern Owens Valley,Tinemaha Reservoir Outflow,479.1
2026-08-31 16:43:44,Southern Owens Valley,Indep. Ck. At Junction Flow,4.5
2026-08-31 16:43:44,Southern Owens Valley,LAA at Alabama Flow,411.0
2026-08-31 16:43:44,Southern Owens Valley,LAA at Alabama Level,7.9
2026-08-31 16:43:44,Southern Owens Valley,LAA at Alabama Water Temp,71.1
2026-08-31 16:43:44,Southern Owens Valley,Cottonwood Ck. At LAA Flow,0.0
2026-08-31 16:43:44,Southern Owens Valley,LAA at Cottonwood Flow,463.0
2026-08-31 16:43:44,Southern Owens Valley,LAA at Cottonwood Level,9.0
2026-08-31 16:43:44,Southern Owens Valley,LAA at Cotton. Water Temp,72.4
2026-08-31 16:43:44,Southern Owens Valley,N. Haiwee Elevation,3757.1
2026-08-31 16:43:44,Southern Owens Valley,Haiwee LAA #1 Current Flow,0.0
2026-08-31 16:43:44,Southern Owens Valley,Haiwee LAA #2 Current Flow,52.1
2026-08-31 16:43:44,Southern Owens Valley,Reinhackel Flow,2.9
2026-08-31 16:43:44,Southern Owens Valley,Lubkin Spillgate Outflow,0.0
2026-08-31 16:43:44,Southern Owens Valley,Cartago Spillgate Outflow,0.0
2026-08-31 16:43:44,Southern Owens Valley,Lone Pine Creek Flow,9.3
2026-08-31 16:43:44,Lower Owens River Project,LORP Intake Flow,79.0
2026-08-31 16:43:44,Lower Owens River Project,LORP at Mazourka Canyon Road,0.0
2026-08-31 16:43:44,Lower Owens River Project,LORP at Reinhackle Springs,60.0
2026-08-31 16:43:44,Lower Owens River Project,LORP Above Pumpstation,49.0
2026-08-31 16:43:44,Lower Owens River Project,LORP At Pump Station Discharge Flow,46.0
2026-08-31 16:43:44,Southern District,Haiwee LAA #2 Current Flow,52.1
2026-08-31 16:43:44,Southern District,Haiwee LAA #1 Current Flow,0.0
2026-08-31 16:43:44,Southern District,LAA #1 Flow at Fairmont Reservoir,316.2
2026-08-31 16:43:44,Southern District,LAA #2 Flow at Fairmont Res.,52.5
2026-08-31 16:43:44,Southern District,Bouquet Reservoir Inflow,0.0
2026-08-31 16:43:44,Southern District,Bouquet Reservoir Outflow,1.6
2026-08-31 16:43:44,Southern District,LAA #1 at Soledad Flow,103.2
2026-08-31 16:43:44,Southern District,LAA #2 at Soledad Flow,248.5
2026-08-31 16:43:45,Mono Basin,Mono Lk. Elevation,6382.2
2026-08-31 16:43:45,Mono Basin,Grant Lk. Elevation,7129.1
2026-08-31 16:43:45,Long Valley,Long Valley Elevation,6770.2
2026-08-31 16:43:45,Northern Owens Valley,Pleasant Valley Elevation,4386.1
2026-08-31 16:43:45,Southern Owens Valley,S. Haiwee Reservoir Elevation,3728.4
2026-08-31 16:43:45,Southern District,S. Haiwee Reservoir Elevation,3728.4
2026-08-31 16:43:45,Southern District,Fairmont Reservoir Elevation,3023.4
2026-08-31 16:43:45,Southern District,Bouquet Reservoir Elevation,2973.1
2026-08-31 16:58:43,Mono Basin,Lee Vining Intake Above Flow,24.8
2026-08-31 16:58:43,Mono Basin,Lee Vining Intake Below Flow,26.7
2026-08-31 16:58:43,Mono Basin,Walker Ck. Above Conduit Flow,4.0
2026-08-31 16:58:43,Mono Basin,L.V. Conduit Below Intake Flow,0.6
2026-08-31 16:58:43,Mono Basin,Walker Ck. Under Conduit Flow,4.0
2026-08-31 16:58:43,Mono Basin,Parker Ck. Under Conduit Flow,12.0
2026-08-31 16:58:43,Mono Basin,Parker Ck. Above Conduit Flow,13.0
2026-08-31 16:58:43,Mono Basin,Grant Lk. Spill Flow,0.0
2026-08-31 16:58:43,Mono Basin,Mono Gate 1 Return Ditch Flow,40.6
2026-08-31 16:58:43,Mono Basin,Grant Lk. Outflow,39.7
2026-08-31 16:58:43,Mono Basin,Rush Ck. at Damsite Flow,10.6
2026-08-31 16:58:43,Mono Basin,Flow to West Portal,0.0
2026-08-31 16:58:43,Long Valley,East Portal Flow,12.0
2026-08-31 16:58:43,Long Valley,OR Below EP Flow,56.0
2026-08-31 16:58:43,Long Valley,Hot Ck.at Hwy. Flow,6.0
2026-08-31 16:58:43,Long Valley,McGee Ck. Lower Sta. Flow,10.1
2026-08-31 16:58:43,Long Valley,Long Valley Current Outflow,0.1
2026-08-31 16:58:43,Long Valley,Rock Ck. Div. Flow,0.0
2026-08-31 16:58:43,Long Valley,Upper Gorge Total Release,40.8
2026-08-31 16:58:43,Long Valley,Release at Middle Gorge,0.0
2026-08-31 16:58:43,Northern Owens Valley,Rock Ck. At Owens River (PV) Flow,26.6
2026-08-31 16:58:43,Northern Owens Valley,Pleasant Valley Outflow,495.1
2026-08-31 16:58:43,Northern Owens Valley,Baker Ck. At LA Station Flow,6.5
2026-08-31 16:58:43,Northern Owens Valley,Big Pine Ck. USGS Flow,41.1
2026-08-31 16:58:43,Northern Owens Valley,O.R. Below Big Pine,489.3
2026-08-31 16:58:43,Northern Owens Valley,Fish Springs At RR Flow,37.2
2026-08-31 16:58:43,Northern Owens Valley,Tinemaha Reservoir Outflow,479.1
2026-08-31 16:58:43,Northern Owens Valley,Bishop Creek Through Plant 6,104.1
2026-08-31 16:58:43,Northern Owens Valley,Bishop Creek Around Plant 6,6.9
2026-08-31 16:58:43,Southern Owens Valley,Tinemaha Reservoir Outflow,479.1
2026-08-31 16:58:43,Southern Owens Valley,Indep. Ck. At Junction Flow,4.5
2026-08-31 16:58:43,Southern Owens Valley,LAA at Alabama Flow,411.0
2026-08-31 16:58:43,Southern Owens Valley,Cottonwood Ck. At LAA Flow,0.0
2026-08-31 16:58:43,Southern Owens Valley,LAA at Cottonwood Flow,463.0
2026-08-31 16:58:43,Southern Owens Valley,Haiwee LAA #1 Current Flow,0.0
2026-08-31 16:58:43,Southern Owens Valley,Haiwee LAA #2 Current Flow,52.1
2026-08-31 16:58:43,Southern Owens Valley,Reinhackel Flow,2.9
2026-08-31 16:58:43,Southern Owens Valley,Lubkin Spillgate Outflow,0.0
2026-08-31 16:58:43,Southern Owens Valley,Cartago Spillgate Outflow,0.0
2026-08-31 16:58:43,Southern Owens Valley,Lone Pine Creek Flow,9.3
2026-08-31 16:58:43,Lower Owens River Project,LORP Intake Flow,79.0
2026-08-31 16:58:43,Lower Owens River Project,LORP at Mazourka Canyon Road,0.0
2026-08-31 16:58:43,Lower Owens River Project,LORP at Reinhackle Springs,60.0
2026-08-31 16:58:43,Lower Owens River Project,LORP Above Pumpstation,40.0
2026-08-31 16:58:43,Lower Owens River Project,LORP At Pump Station Discharge Flow,37.0
2026-08-31 16:58:43,Southern District,Haiwee LAA #2 Current Flow,52.1
2026-08-31 16:58:43,Southern District,Haiwee LAA #1 Current Flow,0.0
2026-08-31 16:58:44,Northern Owens Valley,Tinemaha Elevation,3861.9
2026-08-31 16:58:44,Southern Owens Valley,Tinemaha Elevation,3861.9
2026-08-31 16:58:44,Mono Basin,Mono Lk. Elevation,6382.2
2026-08-31 16:58:44,Mono Basin,Grant Lk. Elevation,7129.1
2026-08-31 16:58:44,Long Valley,Long Valley Elevation,6770.2
2026-08-31 16:58:44,Northern Owens Valley,Pleasant Valley Elevation,4386.0
2026-08-31 16:58:44,Southern Owens Valley,LAA at Alabama Level,7.9
2026-08-31 16:58:44,Southern Owens Valley,LAA at Alabama Water Temp,71.1
2026-08-31 16:58:44,Southern Owens Valley,LAA at Cottonwood Level,9.0
2026-08-31 16:58:44,Southern Owens Valley,LAA at Cotton. Water Temp,72.4
2026-08-31 16:58:44,Southern Owens Valley,N. Haiwee Elevation,3757.1
2026-08-31 16:58:44,Southern Owens Valley,S. Haiwee Reservoir Elevation,3728.4
2026-08-31 16:58:44,Southern District,S. Haiwee Reservoir Elevation,3728.4
2026-08-31 16:58:44,Southern District,Fairmont Reservoir Elevation,3023.4
2026-08-31 16:58:44,Southern District,LAA #1 Flow at Fairmont Reservoir,315.7
2026-08-31 16:58:44,Southern District,LAA #2 Flow at Fairmont Res.,53.1
2026-08-31 16:58:44,Southern District,Bouquet Reservoir Elevation,2973.1
2026-08-31 16:58:44,Southern District,Bouquet Reservoir Inflow,0.0
2026-08-31 16:58:44,Southern District,Bouquet Reservoir Outflow,0.7
2026-08-31 16:58:44,Southern District,LAA #1 at Soledad Flow,103.2
2026-08-31 16:58:44,Southern District,LAA #2 at Soledad Flow,248.5
2026-08-31 17:28:43,Northern Owens Valley,Tinemaha Elevation,3861.9
2026-08-31 17:28:43,Southern Owens Valley,Tinemaha Elevation,3861.9
2026-08-31 17:43:44,Mono Basin,Lee Vining Intake Above Flow,24.5
2026-08-31 17:43:44,Mono Basin,Lee Vining Intake Below Flow,26.3
2026-08-31 17:43:44,Mono Basin,Walker Ck. Above Conduit Flow,4.0
2026-08-31 17:43:44,Mono Basin,L.V. Conduit Below Intake Flow,0.6
2026-08-31 17:43:44,Mono Basin,Walker Ck. Under Conduit Flow,4.0
2026-08-31 17:43:44,Mono Basin,Parker Ck. Under Conduit Flow,12.0
2026-08-31 17:43:44,Mono Basin,Parker Ck. Above Conduit Flow,13.0
2026-08-31 17:43:44,Mono Basin,Grant Lk. Spill Flow,0.0
2026-08-31 17:43:44,Mono Basin,Mono Gate 1 Return Ditch Flow,40.6
2026-08-31 17:43:44,Mono Basin,Grant Lk. Outflow,39.8
2026-08-31 17:43:44,Mono Basin,Rush Ck. at Damsite Flow,10.6
2026-08-31 17:43:44,Mono Basin,Flow to West Portal,0.0
2026-08-31 17:43:44,Long Valley,East Portal Flow,12.0
2026-08-31 17:43:44,Long Valley,OR Below EP Flow,56.0
2026-08-31 17:43:44,Long Valley,Hot Ck.at Hwy. Flow,6.0
2026-08-31 17:43:44,Long Valley,McGee Ck. Lower Sta. Flow,10.1
2026-08-31 17:43:44,Long Valley,Long Valley Current Outflow,0.1
2026-08-31 17:43:44,Long Valley,Rock Ck. Div. Flow,0.0
2026-08-31 17:43:44,Long Valley,Upper Gorge Total Release,41.1
2026-08-31 17:43:44,Long Valley,Release at Middle Gorge,0.0
2026-08-31 17:43:44,Northern Owens Valley,Rock Ck. At Owens River (PV) Flow,26.6
2026-08-31 17:43:44,Northern Owens Valley,Pleasant Valley Outflow,493.7
2026-08-31 17:43:44,Northern Owens Valley,Baker Ck. At LA Station Flow,6.5
2026-08-31 17:43:44,Northern Owens Valley,Big Pine Ck. USGS Flow,41.1
2026-08-31 17:43:44,Northern Owens Valley,O.R. Below Big Pine,488.7
2026-08-31 17:43:44,Northern Owens Valley,Fish Springs At RR Flow,37.2
2026-08-31 17:43:44,Northern Owens Valley,Tinemaha Reservoir Outflow,478.3
2026-08-31 17:43:44,Northern Owens Valley,Bishop Creek Through Plant 6,101.1
2026-08-31 17:43:44,Northern Owens Valley,Bishop Creek Around Plant 6,6.9
2026-08-31 17:43:44,Southern Owens Valley,Tinemaha Reservoir Outflow,478.3
2026-08-31 17:43:44,Southern Owens Valley,Indep. Ck. At Junction Flow,4.5
2026-08-31 17:43:44,Southern Owens Valley,LAA at Alabama Flow,410.0
2026-08-31 17:43:44,Southern Owens Valley,Cottonwood Ck. At LAA Flow,0.0
2026-08-31 17:43:44,Southern Owens Valley,LAA at Cottonwood Flow,461.0
2026-08-31 17:43:44,Southern Owens Valley,Haiwee LAA #1 Current Flow,0.0
2026-08-31 17:43:44,Southern Owens Valley,Haiwee LAA #2 Current Flow,52.1
2026-08-31 17:43:44,Southern Owens Valley,Reinhackel Flow,2.9
2026-08-31 17:43:44,Southern Owens Valley,Lubkin Spillgate Outflow,0.0
2026-08-31 17:43:44,Southern Owens Valley,Cartago Spillgate Outflow,0.0
2026-08-31 17:43:44,Southern Owens Valley,Lone Pine Creek Flow,9.1
2026-08-31 17:43:44,Lower Owens River Project,LORP Intake Flow,79.0
2026-08-31 17:43:44,Lower Owens River Project,LORP at Mazourka Canyon Road,0.0
2026-08-31 17:43:44,Lower Owens River Project,LORP at Reinhackle Springs,61.0
2026-08-31 17:43:44,Lower Owens River Project,LORP Above Pumpstation,40.0
2026-08-31 17:43:44,Lower Owens River Project,LORP At Pump Station Discharge Flow,37.0
2026-08-31 17:43:44,Southern District,Haiwee LAA #2 Current Flow,52.1
2026-08-31 17:43:44,Southern District,Haiwee LAA #1 Current Flow,0.0
2026-08-31 17:43:44,Southern District,LAA #1 Flow at Fairmont Reservoir,314.4
2026-08-31 17:43:44,Southern District,LAA #2 Flow at Fairmont Res.,51.5
2026-08-31 17:43:44,Southern District,Bouquet Reservoir Inflow,0.0
2026-08-31 17:43:44,Southern District,Bouquet Reservoir Outflow,0.7
2026-08-31 17:43:44,Southern District,LAA #1 at Soledad Flow,103.2
2026-08-31 17:43:44,Southern District,LAA #2 at Soledad Flow,248.5
2026-08-31 17:43:45,Mono Basin,Mono Lk. Elevation,6382.2
2026-08-31 17:43:45,Mono Basin,Grant Lk. Elevation,7129.1
2026-08-31 17:43:45,Long Valley,Long Valley Elevation,6770.3
2026-08-31 17:43:45,Northern Owens Valley,Pleasant Valley Elevation,4385.8
2026-08-31 17:43:45,Southern Owens Valley,LAA at Alabama Level,7.9
2026-08-31 17:43:45,Southern Owens Valley,LAA at Alabama Water Temp,71.0
2026-08-31 17:43:45,Southern Owens Valley,LAA at Cottonwood Level,8.9
2026-08-31 17:43:45,Southern Owens Valley,LAA at Cotton. Water Temp,72.2
2026-08-31 17:43:45,Southern Owens Valley,N. Haiwee Elevation,3757.1
2026-08-31 17:43:45,Southern Owens Valley,S. Haiwee Reservoir Elevation,3728.4
2026-08-31 17:43:45,Southern District,S. Haiwee Reservoir Elevation,3728.4
2026-08-31 17:43:45,Southern District,Fairmont Reservoir Elevation,3023.5
2026-08-31 17:43:45,Southern District,Bouquet Reservoir Elevation,2973.1
2026-08-31 17:58:44,Northern Owens Valley,Tinemaha Elevation,3861.9
2026-08-31 17:58:44,Southern Owens Valley,Tinemaha Elevation,3861.9
2026-08-31 18:28:44,Northern Owens Valley,Tinemaha Elevation,3861.9
2026-08-31 18:28:44,Southern Owens Valley,Tinemaha Elevation,3861.9
2026-08-31 18:43:45,Mono Basin,Lee Vining Intake Above Flow,24.2
2026-08-31 18:43:45,Mono Basin,Lee Vining Intake Below Flow,26.2
2026-08-31 18:43:45,Mono Basin,Mono Lk. Elevation,6382.2
2026-08-31 18:43:45,Mono Basin,Walker Ck. Above Conduit Flow,4.0
2026-08-31 18:43:45,Mono Basin,L.V. Conduit Below Intake Flow,0.6
2026-08-31 18:43:45,Mono Basin,Walker Ck. Under Conduit Flow,4.0
2026-08-31 18:43:45,Mono Basin,Parker Ck. Under Conduit Flow,12.0
2026-08-31 18:43:45,Mono Basin,Parker Ck. Above Conduit Flow,13.0
2026-08-31 18:43:45,Mono Basin,Grant Lk. Spill Flow,0.0
2026-08-31 18:43:45,Mono Basin,Mono Gate 1 Return Ditch Flow,40.6
2026-08-31 18:43:45,Mono Basin,Grant Lk. Elevation,7129.1
2026-08-31 18:43:45,Mono Basin,Grant Lk. Outflow,39.7
2026-08-31 18:43:45,Mono Basin,Rush Ck. at Damsite Flow,10.6
2026-08-31 18:43:45,Mono Basin,Flow to West Portal,0.0
2026-08-31 18:43:45,Long Valley,East Portal Flow,12.0
2026-08-31 18:43:45,Long Valley,OR Below EP Flow,56.0
2026-08-31 18:43:45,Long Valley,Hot Ck.at Hwy. Flow,6.0
2026-08-31 18:43:45,Long Valley,McGee Ck. Lower Sta. Flow,10.1
2026-08-31 18:43:45,Long Valley,Long Valley Elevation,6770.3
2026-08-31 18:43:45,Long Valley,Long Valley Current Outflow,567.1
2026-08-31 18:43:45,Long Valley,Rock Ck. Div. Flow,0.0
2026-08-31 18:43:45,Long Valley,Upper Gorge Total Release,41.0
2026-08-31 18:43:45,Long Valley,Release at Middle Gorge,0.0
2026-08-31 18:43:45,Northern Owens Valley,Rock Ck. At Owens River (PV) Flow,26.4
2026-08-31 18:43:45,Northern Owens Valley,Pleasant Valley Elevation,4385.6
2026-08-31 18:43:45,Northern Owens Valley,Pleasant Valley Outflow,493.3
2026-08-31 18:43:45,Northern Owens Valley,Baker Ck. At LA Station Flow,6.1
2026-08-31 18:43:45,Northern Owens Valley,Big Pine Ck. USGS Flow,40.2
2026-08-31 18:43:45,Northern Owens Valley,O.R. Below Big Pine,488.7
2026-08-31 18:43:45,Northern Owens Valley,Fish Springs At RR Flow,44.0
2026-08-31 18:43:45,Northern Owens Valley,Tinemaha Reservoir Outflow,478.3
2026-08-31 18:43:45,Northern Owens Valley,Bishop Creek Through Plant 6,101.7
2026-08-31 18:43:45,Northern Owens Valley,Bishop Creek Around Plant 6,7.3
2026-08-31 18:43:45,Southern Owens Valley,Tinemaha Reservoir Outflow,478.3
2026-08-31 18:43:45,Southern Owens Valley,Indep. Ck. At Junction Flow,4.5
2026-08-31 18:43:45,Southern Owens Valley,LAA at Alabama Flow,410.0
2026-08-31 18:43:45,Southern Owens Valley,LAA at Alabama Level,7.9
2026-08-31 18:43:45,Southern Owens Valley,LAA at Alabama Water Temp,70.5
2026-08-31 18:43:45,Southern Owens Valley,Cottonwood Ck. At LAA Flow,0.0
2026-08-31 18:43:45,Southern Owens Valley,LAA at Cottonwood Flow,459.0
2026-08-31 18:43:45,Southern Owens Valley,LAA at Cottonwood Level,8.9
2026-08-31 18:43:45,Southern Owens Valley,LAA at Cotton. Water Temp,71.8
2026-08-31 18:43:45,Southern Owens Valley,N. Haiwee Elevation,3757.1
2026-08-31 18:43:45,Southern Owens Valley,S. Haiwee Reservoir Elevation,3728.4
2026-08-31 18:43:45,Southern Owens Valley,Haiwee LAA #1 Current Flow,0.0
2026-08-31 18:43:45,Southern Owens Valley,Haiwee LAA #2 Current Flow,52.2
2026-08-31 18:43:45,Southern Owens Valley,Reinhackel Flow,2.9
2026-08-31 18:43:45,Southern Owens Valley,Lubkin Spillgate Outflow,0.0
2026-08-31 18:43:45,Southern Owens Valley,Cartago Spillgate Outflow,0.0
2026-08-31 18:43:45,Southern Owens Valley,Lone Pine Creek Flow,9.0
2026-08-31 18:43:45,Lower Owens River Project,LORP Intake Flow,79.0
2026-08-31 18:43:45,Lower Owens River Project,LORP at Mazourka Canyon Road,0.0
2026-08-31 18:43:45,Lower Owens River Project,LORP at Reinhackle Springs,57.0
2026-08-31 18:43:45,Lower Owens River Project,LORP Above Pumpstation,51.0
2026-08-31 18:43:45,Lower Owens River Project,LORP At Pump Station Discharge Flow,48.0
2026-08-31 18:43:45,Southern District,Haiwee LAA #2 Current Flow,52.2
2026-08-31 18:43:45,Southern District,S. Haiwee Reservoir Elevation,3728.4
2026-08-31 18:43:45,Southern District,Haiwee LAA #1 Current Flow,0.0
2026-08-31 18:43:45,Southern District,Fairmont Reservoir Elevation,3023.5
2026-08-31 18:43:45,Southern District,LAA #1 Flow at Fairmont Reservoir,316.1
2026-08-31 18:43:45,Southern District,LAA #2 Flow at Fairmont Res.,52.2
2026-08-31 18:43:45,Southern District,Bouquet Reservoir Elevation,2973.1
2026-08-31 18:43:45,Southern District,Bouquet Reservoir Inflow,0.0
2026-08-31 18:43:45,Southern District,Bouquet Reservoir Outflow,0.5
2026-08-31 18:43:45,Southern District,LAA #1 at Soledad Flow,103.2
2026-08-31 18:43:45,Southern District,LAA #2 at Soledad Flow,248.5
2026-08-31 18:58:44,Northern Owens Valley,Tinemaha Elevation,3861.9
2026-08-31 18:58:44,Southern Owens Valley,Tinemaha Elevation,3861.9
2026-08-31 19:28:43,Northern Owens Valley,Tinemaha Elevation,3861.9
2026-08-31 19:28:43,Southern Owens Valley,Tinemaha Elevation,3861.9
2026-08-31 19:43:44,Mono Basin,Lee Vining Intake Above Flow,25.0
2026-08-31 19:43:44,Mono Basin,Lee Vining Intake Below Flow,26.4
2026-08-31 19:43:44,Mono Basin,Walker Ck. Above Conduit Flow,4.0
2026-08-31 19:43:44,Mono Basin,L.V. Conduit Below Intake Flow,0.6
2026-08-31 19:43:44,Mono Basin,Walker Ck. Under Conduit Flow,4.0
2026-08-31 19:43:44,Mono Basin,Parker Ck. Under Conduit Flow,12.0
2026-08-31 19:43:44,Mono Basin,Parker Ck. Above Conduit Flow,13.0
2026-08-31 19:43:44,Mono Basin,Grant Lk. Spill Flow,0.0
2026-08-31 19:43:44,Mono Basin,Mono Gate 1 Return Ditch Flow,40.7
2026-08-31 19:43:44,Mono Basin,Grant Lk. Outflow,39.8
2026-08-31 19:43:44,Mono Basin,Rush Ck. at Damsite Flow,10.6
2026-08-31 19:43:44,Mono Basin,Flow to West Portal,0.0
2026-08-31 19:43:44,Long Valley,East Portal Flow,12.0
2026-08-31 19:43:44,Long Valley,OR Below EP Flow,56.0
2026-08-31 19:43:44,Long Valley,Hot Ck.at Hwy. Flow,6.0
2026-08-31 19:43:44,Long Valley,McGee Ck. Lower Sta. Flow,10.1
2026-08-31 19:43:44,Long Valley,Long Valley Current Outflow,582.6
2026-08-31 19:43:44,Long Valley,Rock Ck. Div. Flow,0.0
2026-08-31 19:43:44,Long Valley,Upper Gorge Total Release,41.5
2026-08-31 19:43:44,Long Valley,Release at Middle Gorge,0.0
2026-08-31 19:43:44,Northern Owens Valley,Rock Ck. At Owens River (PV) Flow,26.4
2026-08-31 19:43:44,Northern Owens Valley,Pleasant Valley Outflow,493.7
2026-08-31 19:43:44,Northern Owens Valley,Baker Ck. At LA Station Flow,6.1
2026-08-31 19:43:44,Northern Owens Valley,Big Pine Ck. USGS Flow,40.2
2026-08-31 19:43:44,Northern Owens Valley,O.R. Below Big Pine,489.7
2026-08-31 19:43:44,Northern Owens Valley,Fish Springs At RR Flow,44.0
2026-08-31 19:43:44,Northern Owens Valley,Tinemaha Reservoir Outflow,478.3
2026-08-31 19:43:44,Northern Owens Valley,Bishop Creek Through Plant 6,101.7
2026-08-31 19:43:44,Northern Owens Valley,Bishop Creek Around Plant 6,7.3
2026-08-31 19:43:44,Southern Owens Valley,Tinemaha Reservoir Outflow,478.3
2026-08-31 19:43:44,Southern Owens Valley,Indep. Ck. At Junction Flow,4.3
2026-08-31 19:43:44,Southern Owens Valley,LAA at Alabama Flow,411.0
2026-08-31 19:43:44,Southern Owens Valley,Cottonwood Ck. At LAA Flow,0.0
2026-08-31 19:43:44,Southern Owens Valley,LAA at Cottonwood Flow,458.0
2026-08-31 19:43:44,Southern Owens Valley,Haiwee LAA #1 Current Flow,0.0
2026-08-31 19:43:44,Southern Owens Valley,Haiwee LAA #2 Current Flow,52.2
2026-08-31 19:43:44,Southern Owens Valley,Reinhackel Flow,2.9
2026-08-31 19:43:44,Southern Owens Valley,Lubkin Spillgate Outflow,0.0
2026-08-31 19:43:44,Southern Owens Valley,Cartago Spillgate Outflow,0.0
2026-08-31 19:43:44,Southern Owens Valley,Lone Pine Creek Flow,9.0
2026-08-31 19:43:44,Lower Owens River Project,LORP Intake Flow,79.0
2026-08-31 19:43:44,Lower Owens River Project,LORP at Mazourka Canyon Road,0.0
2026-08-31 19:43:44,Lower Owens River Project,LORP at Reinhackle Springs,59.0
2026-08-31 19:43:44,Lower Owens River Project,LORP Above Pumpstation,51.0
2026-08-31 19:43:44,Lower Owens River Project,LORP At Pump Station Discharge Flow,48.0
2026-08-31 19:43:44,Southern District,Haiwee LAA #2 Current Flow,52.2
2026-08-31 19:43:44,Southern District,Haiwee LAA #1 Current Flow,0.0
2026-08-31 19:43:44,Southern District,LAA #1 Flow at Fairmont Reservoir,315.0
2026-08-31 19:43:44,Southern District,LAA #2 Flow at Fairmont Res.,51.3
2026-08-31 19:43:44,Southern District,Bouquet Reservoir Inflow,0.0
2026-08-31 19:43:44,Southern District,Bouquet Reservoir Outflow,1.6
2026-08-31 19:43:44,Southern District,LAA #1 at Soledad Flow,104.9
2026-08-31 19:43:44,Southern District,LAA #2 at Soledad Flow,246.4
2026-08-31 19:43:45,Mono Basin,Mono Lk. Elevation,6382.2
2026-08-31 19:43:45,Mono Basin,Grant Lk. Elevation,7129.1
2026-08-31 19:43:45,Long Valley,Long Valley Elevation,6770.3
2026-08-31 19:43:45,Northern Owens Valley,Pleasant Valley Elevation,4385.7
2026-08-31 19:43:45,Southern Owens Valley,LAA at Alabama Level,7.9
2026-08-31 19:43:45,Southern Owens Valley,LAA at Alabama Water Temp,70.2
2026-08-31 19:43:45,Southern Owens Valley,LAA at Cottonwood Level,8.9
2026-08-31 19:43:45,Southern Owens Valley,LAA at Cotton. Water Temp,71.3
2026-08-31 19:43:45,Southern Owens Valley,N. Haiwee Elevation,3757.1
2026-08-31 19:43:45,Southern Owens Valley,S. Haiwee Reservoir Elevation,3728.4
2026-08-31 19:43:45,Southern District,S. Haiwee Reservoir Elevation,3728.4
2026-08-31 19:43:45,Southern District,Fairmont Reservoir Elevation,3023.5
2026-08-31 19:43:45,Southern District,Bouquet Reservoir Elevation,2973.1
2026-08-31 19:58:43,Northern Owens Valley,Tinemaha Elevation,3861.9
2026-08-31 19:58:43,Southern Owens Valley,Tinemaha Elevation,3861.9
2026-08-31 20:28:43,Northern Owens Valley,Tinemaha Elevation,3861.9
2026-08-31 20:28:43,Southern Owens Valley,Tinemaha Elevation,3861.9
2026-08-31 20:43:45,Northern Owens Valley,Tinemaha Reservoir Outflow,478.3
2026-08-31 20:43:45,Southern Owens Valley,Tinemaha Reservoir Outflow,478.3
2026-08-31 20:43:45,Southern Owens Valley,Indep. Ck. At Junction Flow,4.3
2026-08-31 20:43:45,Southern Owens Valley,LAA at Alabama Flow,409.0
2026-08-31 20:43:45,Southern Owens Valley,Cottonwood Ck. At LAA Flow,0.0
2026-08-31 20:43:45,Southern Owens Valley,LAA at Cottonwood Flow,461.0
2026-08-31 20:43:45,Southern Owens Valley,Lone Pine Creek Flow,9.0
2026-08-31 20:43:46,Mono Basin,Lee Vining Intake Above Flow,56.7
2026-08-31 20:43:46,Mono Basin,Lee Vining Intake Below Flow,35.0
2026-08-31 20:43:46,Mono Basin,Mono Lk. Elevation,6382.2
2026-08-31 20:43:46,Mono Basin,Walker Ck. Above Conduit Flow,4.0
2026-08-31 20:43:46,Mono Basin,L.V. Conduit Below Intake Flow,0.6
2026-08-31 20:43:46,Mono Basin,Walker Ck. Under Conduit Flow,4.0
2026-08-31 20:43:46,Mono Basin,Parker Ck. Under Conduit Flow,12.0
2026-08-31 20:43:46,Mono Basin,Parker Ck. Above Conduit Flow,13.0
2026-08-31 20:43:46,Mono Basin,Grant Lk. Spill Flow,0.0
2026-08-31 20:43:46,Mono Basin,Mono Gate 1 Return Ditch Flow,40.8
2026-08-31 20:43:46,Mono Basin,Grant Lk. Elevation,7129.1
2026-08-31 20:43:46,Mono Basin,Grant Lk. Outflow,39.5
2026-08-31 20:43:46,Mono Basin,Rush Ck. at Damsite Flow,10.6
2026-08-31 20:43:46,Mono Basin,Flow to West Portal,0.0
2026-08-31 20:43:46,Long Valley,East Portal Flow,12.0
2026-08-31 20:43:46,Long Valley,OR Below EP Flow,56.0
2026-08-31 20:43:46,Long Valley,Hot Ck.at Hwy. Flow,6.0
2026-08-31 20:43:46,Long Valley,McGee Ck. Lower Sta. Flow,10.1
2026-08-31 20:43:46,Long Valley,Long Valley Elevation,6770.2
2026-08-31 20:43:46,Long Valley,Long Valley Current Outflow,582.3
2026-08-31 20:43:46,Long Valley,Rock Ck. Div. Flow,0.0
2026-08-31 20:43:46,Long Valley,Upper Gorge Total Release,42.0
2026-08-31 20:43:46,Long Valley,Release at Middle Gorge,0.0
2026-08-31 20:43:46,Northern Owens Valley,Rock Ck. At Owens River (PV) Flow,26.4
2026-08-31 20:43:46,Northern Owens Valley,Pleasant Valley Elevation,4385.8
2026-08-31 20:43:46,Northern Owens Valley,Pleasant Valley Outflow,494.3
2026-08-31 20:43:46,Northern Owens Valley,Baker Ck. At LA Station Flow,6.1
2026-08-31 20:43:46,Northern Owens Valley,Big Pine Ck. USGS Flow,40.2
2026-08-31 20:43:46,Northern Owens Valley,O.R. Below Big Pine,490.1
2026-08-31 20:43:46,Northern Owens Valley,Fish Springs At RR Flow,44.0
2026-08-31 20:43:46,Northern Owens Valley,Bishop Creek Through Plant 6,100.6
2026-08-31 20:43:46,Northern Owens Valley,Bishop Creek Around Plant 6,7.6
2026-08-31 20:43:46,Southern Owens Valley,LAA at Alabama Level,7.9
2026-08-31 20:43:46,Southern Owens Valley,LAA at Alabama Water Temp,70.0
2026-08-31 20:43:46,Southern Owens Valley,LAA at Cottonwood Level,8.9
2026-08-31 20:43:46,Southern Owens Valley,LAA at Cotton. Water Temp,70.8
2026-08-31 20:43:46,Southern Owens Valley,N. Haiwee Elevation,3757.1
2026-08-31 20:43:46,Southern Owens Valley,S. Haiwee Reservoir Elevation,3728.4
2026-08-31 20:43:46,Southern Owens Valley,Haiwee LAA #1 Current Flow,0.0
2026-08-31 20:43:46,Southern Owens Valley,Haiwee LAA #2 Current Flow,52.2
2026-08-31 20:43:46,Southern Owens Valley,Reinhackel Flow,2.9
2026-08-31 20:43:46,Southern Owens Valley,Lubkin Spillgate Outflow,0.0
2026-08-31 20:43:46,Southern Owens Valley,Cartago Spillgate Outflow,0.0
2026-08-31 20:43:46,Lower Owens River Project,LORP Intake Flow,79.0
2026-08-31 20:43:46,Lower Owens River Project,LORP at Mazourka Canyon Road,0.0
2026-08-31 20:43:46,Lower Owens River Project,LORP at Reinhackle Springs,57.0
2026-08-31 20:43:46,Lower Owens River Project,LORP Above Pumpstation,51.0
2026-08-31 20:43:46,Lower Owens River Project,LORP At Pump Station Discharge Flow,48.0
2026-08-31 20:43:46,Southern District,Haiwee LAA #2 Current Flow,52.2
2026-08-31 20:43:46,Southern District,S. Haiwee Reservoir Elevation,3728.4
2026-08-31 20:43:46,Southern District,Haiwee LAA #1 Current Flow,0.0
2026-08-31 20:43:46,Southern District,Fairmont Reservoir Elevation,3023.5
2026-08-31 20:43:46,Southern District,LAA #1 Flow at Fairmont Reservoir,315.1
2026-08-31 20:43:46,Southern District,LAA #2 Flow at Fairmont Res.,49.1
2026-08-31 20:43:46,Southern District,Bouquet Reservoir Elevation,2973.1
2026-08-31 20:43:46,Southern District,Bouquet Reservoir Inflow,0.0
2026-08-31 20:43:46,Southern District,Bouquet Reservoir Outflow,4.1
2026-08-31 20:43:46,Southern District,LAA #1 at Soledad Flow,104.9
2026-08-31 20:43:46,Southern District,LAA #2 at Soledad Flow,246.4
2026-08-31 20:58:43,Northern Owens Valley,Tinemaha Elevation,3861.9
2026-08-31 20:58:43,Southern Owens Valley,Tinemaha Elevation,3861.9
2026-08-31 21:28:45,Northern Owens Valley,Tinemaha Elevation,3861.9
2026-08-31 21:28:45,Southern Owens Valley,Tinemaha Elevation,3861.9
2026-08-31 21:43:44,Mono Basin,Lee Vining Intake Above Flow,60.3
2026-08-31 21:43:44,Mono Basin,Lee Vining Intake Below Flow,33.1
2026-08-31 21:43:44,Mono Basin,Walker Ck. Above Conduit Flow,4.0
2026-08-31 21:43:44,Mono Basin,L.V. Conduit Below Intake Flow,23.1
2026-08-31 21:43:44,Mono Basin,Walker Ck. Under Conduit Flow,4.0
2026-08-31 21:43:44,Mono Basin,Parker Ck. Under Conduit Flow,12.0
2026-08-31 21:43:44,Mono Basin,Parker Ck. Above Conduit Flow,13.0
2026-08-31 21:43:44,Mono Basin,Grant Lk. Spill Flow,0.0
2026-08-31 21:43:44,Mono Basin,Mono Gate 1 Return Ditch Flow,40.6
2026-08-31 21:43:44,Mono Basin,Grant Lk. Outflow,39.6
2026-08-31 21:43:44,Mono Basin,Rush Ck. at Damsite Flow,10.6
2026-08-31 21:43:44,Mono Basin,Flow to West Portal,0.0
2026-08-31 21:43:44,Long Valley,East Portal Flow,12.0
2026-08-31 21:43:44,Long Valley,OR Below EP Flow,56.0
2026-08-31 21:43:44,Long Valley,Hot Ck.at Hwy. Flow,6.0
2026-08-31 21:43:44,Long Valley,McGee Ck. Lower Sta. Flow,10.1
2026-08-31 21:43:44,Long Valley,Long Valley Current Outflow,584.8
2026-08-31 21:43:44,Long Valley,Rock Ck. Div. Flow,0.0
2026-08-31 21:43:44,Long Valley,Upper Gorge Total Release,41.4
2026-08-31 21:43:44,Long Valley,Release at Middle Gorge,0.0
2026-08-31 21:43:44,Northern Owens Valley,Rock Ck. At Owens River (PV) Flow,26.4
2026-08-31 21:43:44,Northern Owens Valley,Pleasant Valley Outflow,494.3
2026-08-31 21:43:44,Northern Owens Valley,Baker Ck. At LA Station Flow,6.2
2026-08-31 21:43:44,Northern Owens Valley,Big Pine Ck. USGS Flow,40.2
2026-08-31 21:43:44,Northern Owens Valley,O.R. Below Big Pine,489.8
2026-08-31 21:43:44,Northern Owens Valley,Fish Springs At RR Flow,44.0
2026-08-31 21:43:44,Northern Owens Valley,Tinemaha Reservoir Outflow,479.1
2026-08-31 21:43:44,Northern Owens Valley,Bishop Creek Through Plant 6,100.6
2026-08-31 21:43:44,Northern Owens Valley,Bishop Creek Around Plant 6,7.6
2026-08-31 21:43:44,Southern Owens Valley,Tinemaha Reservoir Outflow,479.1
2026-08-31 21:43:44,Southern Owens Valley,Indep. Ck. At Junction Flow,4.3
2026-08-31 21:43:44,Southern Owens Valley,LAA at Alabama Flow,409.0
2026-08-31 21:43:44,Southern Owens Valley,Cottonwood Ck. At LAA Flow,0.0
2026-08-31 21:43:44,Southern Owens Valley,LAA at Cottonwood Flow,461.0
2026-08-31 21:43:44,Southern Owens Valley,Haiwee LAA #1 Current Flow,0.0
2026-08-31 21:43:44,Southern Owens Valley,Haiwee LAA #2 Current Flow,52.2
2026-08-31 21:43:44,Southern Owens Valley,Reinhackel Flow,2.9
2026-08-31 21:43:44,Southern Owens Valley,Lubkin Spillgate Outflow,0.0
2026-08-31 21:43:44,Southern Owens Valley,Cartago Spillgate Outflow,0.0
2026-08-31 21:43:44,Southern Owens Valley,Lone Pine Creek Flow,9.2
2026-08-31 21:43:44,Lower Owens River Project,LORP Intake Flow,79.0
2026-08-31 21:43:44,Lower Owens River Project,LORP at Mazourka Canyon Road,0.0
2026-08-31 21:43:44,Lower Owens River Project,LORP at Reinhackle Springs,61.0
2026-08-31 21:43:44,Lower Owens River Project,LORP Above Pumpstation,50.0
2026-08-31 21:43:44,Lower Owens River Project,LORP At Pump Station Discharge Flow,48.0
2026-08-31 21:43:44,Southern District,Haiwee LAA #2 Current Flow,52.2
2026-08-31 21:43:44,Southern District,Haiwee LAA #1 Current Flow,0.0
2026-08-31 21:43:44,Southern District,LAA #1 Flow at Fairmont Reservoir,315.4
2026-08-31 21:43:44,Southern District,LAA #2 Flow at Fairmont Res.,50.1
2026-08-31 21:43:44,Southern District,Bouquet Reservoir Inflow,0.0
2026-08-31 21:43:44,Southern District,Bouquet Reservoir Outflow,2.3
2026-08-31 21:43:44,Southern District,LAA #1 at Soledad Flow,104.9
2026-08-31 21:43:44,Southern District,LAA #2 at Soledad Flow,246.4
2026-08-31 21:43:45,Mono Basin,Mono Lk. Elevation,6382.2
2026-08-31 21:43:45,Mono Basin,Grant Lk. Elevation,7129.1
2026-08-31 21:43:45,Long Valley,Long Valley Elevation,6770.2
2026-08-31 21:43:45,Northern Owens Valley,Pleasant Valley Elevation,4385.9
2026-08-31 21:43:45,Southern Owens Valley,LAA at Alabama Level,7.9
2026-08-31 21:43:45,Southern Owens Valley,LAA at Alabama Water Temp,69.7
2026-08-31 21:43:45,Southern Owens Valley,LAA at Cottonwood Level,8.9
2026-08-31 21:43:45,Southern Owens Valley,LAA at Cotton. Water Temp,70.3
2026-08-31 21:43:45,Southern Owens Valley,N. Haiwee Elevation,3757.1
2026-08-31 21:43:45,Southern Owens Valley,S. Haiwee Reservoir Elevation,3728.4
2026-08-31 21:43:45,Southern District,S. Haiwee Reservoir Elevation,3728.4
2026-08-31 21:43:45,Southern District,Fairmont Reservoir Elevation,3023.5
2026-08-31 21:43:45,Southern District,Bouquet Reservoir Elevation,2973.1
2026-08-31 21:58:44,Northern Owens Valley,Tinemaha Elevation,3861.9
2026-08-31 21:58:44,Southern Owens Valley,Tinemaha Elevation,3861.9
2026-08-31 22:28:43,Northern Owens Valley,Tinemaha Elevation,3861.9
2026-08-31 22:28:43,Southern Owens Valley,Tinemaha Elevation,3861.9
2026-08-31 22:43:44,Mono Basin,Lee Vining Intake Above Flow,61.1
2026-08-31 22:43:44,Mono Basin,Lee Vining Intake Below Flow,33.1
2026-08-31 22:43:44,Mono Basin,Mono Lk. Elevation,6382.2
2026-08-31 22:43:44,Mono Basin,Walker Ck. Above Conduit Flow,4.0
2026-08-31 22:43:44,Mono Basin,L.V. Conduit Below Intake Flow,27.0
2026-08-31 22:43:44,Mono Basin,Walker Ck. Under Conduit Flow,4.0
2026-08-31 22:43:44,Mono Basin,Parker Ck. Under Conduit Flow,12.0
2026-08-31 22:43:44,Mono Basin,Parker Ck. Above Conduit Flow,13.0
2026-08-31 22:43:44,Mono Basin,Grant Lk. Spill Flow,0.0
2026-08-31 22:43:44,Mono Basin,Mono Gate 1 Return Ditch Flow,40.8
2026-08-31 22:43:44,Mono Basin,Grant Lk. Elevation,7129.1
2026-08-31 22:43:44,Mono Basin,Grant Lk. Outflow,39.7
2026-08-31 22:43:44,Mono Basin,Rush Ck. at Damsite Flow,10.6
2026-08-31 22:43:44,Mono Basin,Flow to West Portal,0.0
2026-08-31 22:43:44,Long Valley,East Portal Flow,12.0
2026-08-31 22:43:44,Long Valley,OR Below EP Flow,56.0
2026-08-31 22:43:44,Long Valley,Hot Ck.at Hwy. Flow,6.0
2026-08-31 22:43:44,Long Valley,McGee Ck. Lower Sta. Flow,10.1
2026-08-31 22:43:44,Long Valley,Long Valley Elevation,6770.2
2026-08-31 22:43:44,Long Valley,Long Valley Current Outflow,586.0
2026-08-31 22:43:44,Long Valley,Rock Ck. Div. Flow,0.0
2026-08-31 22:43:44,Long Valley,Upper Gorge Total Release,42.1
2026-08-31 22:43:44,Long Valley,Release at Middle Gorge,0.0
2026-08-31 22:43:44,Northern Owens Valley,Rock Ck. At Owens River (PV) Flow,26.4
2026-08-31 22:43:44,Northern Owens Valley,Pleasant Valley Elevation,4386.0
2026-08-31 22:43:44,Northern Owens Valley,Pleasant Valley Outflow,494.9
2026-08-31 22:43:44,Northern Owens Valley,Baker Ck. At LA Station Flow,6.2
2026-08-31 22:43:44,Northern Owens Valley,Big Pine Ck. USGS Flow,40.2
2026-08-31 22:43:44,Northern Owens Valley,O.R. Below Big Pine,489.7
2026-08-31 22:43:44,Northern Owens Valley,Fish Springs At RR Flow,44.0
2026-08-31 22:43:44,Northern Owens Valley,Tinemaha Reservoir Outflow,479.9
2026-08-31 22:43:44,Northern Owens Valley,Bishop Creek Through Plant 6,100.6
2026-08-31 22:43:44,Northern Owens Valley,Bishop Creek Around Plant 6,7.6
2026-08-31 22:43:44,Southern Owens Valley,Tinemaha Reservoir Outflow,479.9
2026-08-31 22:43:44,Southern Owens Valley,Indep. Ck. At Junction Flow,4.3
2026-08-31 22:43:44,Southern Owens Valley,LAA at Alabama Flow,409.0
2026-08-31 22:43:44,Southern Owens Valley,LAA at Alabama Level,7.9
2026-08-31 22:43:44,Southern Owens Valley,LAA at Alabama Water Temp,69.5
2026-08-31 22:43:44,Southern Owens Valley,Cottonwood Ck. At LAA Flow,0.0
2026-08-31 22:43:44,Southern Owens Valley,LAA at Cottonwood Flow,463.0
2026-08-31 22:43:44,Southern Owens Valley,LAA at Cottonwood Level,9.0
2026-08-31 22:43:44,Southern Owens Valley,LAA at Cotton. Water Temp,69.9
2026-08-31 22:43:44,Southern Owens Valley,N. Haiwee Elevation,3757.1
2026-08-31 22:43:44,Southern Owens Valley,S. Haiwee Reservoir Elevation,3728.4
2026-08-31 22:43:44,Southern Owens Valley,Haiwee LAA #1 Current Flow,0.0
2026-08-31 22:43:44,Southern Owens Valley,Haiwee LAA #2 Current Flow,52.2
2026-08-31 22:43:44,Southern Owens Valley,Reinhackel Flow,2.9
2026-08-31 22:43:44,Southern Owens Valley,Lubkin Spillgate Outflow,0.0
2026-08-31 22:43:44,Southern Owens Valley,Cartago Spillgate Outflow,0.0
2026-08-31 22:43:44,Southern Owens Valley,Lone Pine Creek Flow,9.0
2026-08-31 22:43:44,Lower Owens River Project,LORP Intake Flow,79.0
2026-08-31 22:43:44,Lower Owens River Project,LORP at Mazourka Canyon Road,0.0
2026-08-31 22:43:44,Lower Owens River Project,LORP at Reinhackle Springs,57.0
2026-08-31 22:43:44,Lower Owens River Project,LORP Above Pumpstation,51.0
2026-08-31 22:43:44,Lower Owens River Project,LORP At Pump Station Discharge Flow,48.0
2026-08-31 22:43:44,Southern District,Haiwee LAA #2 Current Flow,52.2
2026-08-31 22:43:44,Southern District,S. Haiwee Reservoir Elevation,3728.4
2026-08-31 22:43:44,Southern District,Haiwee LAA #1 Current Flow,0.0
2026-08-31 22:43:44,Southern District,Fairmont Reservoir Elevation,3023.5
2026-08-31 22:43:44,Southern District,LAA #1 Flow at Fairmont Reservoir,315.7
2026-08-31 22:43:44,Southern District,LAA #2 Flow at Fairmont Res.,48.9
2026-08-31 22:43:44,Southern District,Bouquet Reservoir Elevation,2973.1
2026-08-31 22:43:44,Southern District,Bouquet Reservoir Inflow,0.0
2026-08-31 22:43:44,Southern District,Bouquet Reservoir Outflow,45.7
2026-08-31 22:43:44,Southern District,LAA #1 at Soledad Flow,104.9
2026-08-31 22:43:44,Southern District,LAA #2 at Soledad Flow,246.4
2026-08-31 22:58:43,Northern Owens Valley,Tinemaha Elevation,3861.9
2026-08-31 22:58:43,Southern Owens Valley,Tinemaha Elevation,3861.9
2026-08-31 23:28:43,Northern Owens Valley,Tinemaha Elevation,3861.9
2026-08-31 23:28:43,Southern Owens Valley,Tinemaha Elevation,3861.9
2026-08-31 23:43:44,Northern Owens Valley,Rock Ck. At Owens River (PV) Flow,26.6
2026-08-31 23:43:44,Northern Owens Valley,Pleasant Valley Outflow,495.2
2026-08-31 23:43:44,Northern Owens Valley,Baker Ck. At LA Station Flow,6.2
2026-08-31 23:43:44,Northern Owens Valley,Big Pine Ck. USGS Flow,40.2
2026-08-31 23:43:44,Northern Owens Valley,O.R. Below Big Pine,488.7
2026-08-31 23:43:44,Northern Owens Valley,Fish Springs At RR Flow,44.0
2026-08-31 23:43:44,Northern Owens Valley,Tinemaha Reservoir Outflow,479.9
2026-08-31 23:43:44,Northern Owens Valley,Bishop Creek Through Plant 6,102.8
2026-08-31 23:43:44,Northern Owens Valley,Bishop Creek Around Plant 6,7.5
2026-08-31 23:43:44,Southern Owens Valley,Tinemaha Reservoir Outflow,479.9
2026-08-31 23:43:44,Southern Owens Valley,Indep. Ck. At Junction Flow,4.3
2026-08-31 23:43:44,Southern Owens Valley,LAA at Alabama Flow,412.0
2026-08-31 23:43:44,Southern Owens Valley,Cottonwood Ck. At LAA Flow,0.0
2026-08-31 23:43:44,Southern Owens Valley,LAA at Cottonwood Flow,461.0
2026-08-31 23:43:44,Southern Owens Valley,Haiwee LAA #1 Current Flow,0.0
2026-08-31 23:43:44,Southern Owens Valley,Haiwee LAA #2 Current Flow,52.2
2026-08-31 23:43:44,Southern Owens Valley,Reinhackel Flow,2.9
2026-08-31 23:43:44,Southern Owens Valley,Lubkin Spillgate Outflow,0.0
2026-08-31 23:43:44,Southern Owens Valley,Cartago Spillgate Outflow,0.0
2026-08-31 23:43:44,Southern Owens Valley,Lone Pine Creek Flow,9.2
2026-08-31 23:43:44,Lower Owens River Project,LORP Intake Flow,80.0
2026-08-31 23:43:44,Lower Owens River Project,LORP at Mazourka Canyon Road,0.0
2026-08-31 23:43:44,Lower Owens River Project,LORP at Reinhackle Springs,59.0
2026-08-31 23:43:44,Lower Owens River Project,LORP Above Pumpstation,50.0
2026-08-31 23:43:44,Lower Owens River Project,LORP At Pump Station Discharge Flow,47.0
2026-08-31 23:43:44,Southern District,Haiwee LAA #2 Current Flow,52.2
2026-08-31 23:43:44,Southern District,Haiwee LAA #1 Current Flow,0.0
2026-08-31 23:43:45,Mono Basin,Lee Vining Intake Above Flow,60.8
2026-08-31 23:43:45,Mono Basin,Lee Vining Intake Below Flow,33.8
2026-08-31 23:43:45,Mono Basin,Mono Lk. Elevation,6382.2
2026-08-31 23:43:45,Mono Basin,Walker Ck. Above Conduit Flow,4.0
2026-08-31 23:43:45,Mono Basin,L.V. Conduit Below Intake Flow,28.0
2026-08-31 23:43:45,Mono Basin,Walker Ck. Under Conduit Flow,4.0
2026-08-31 23:43:45,Mono Basin,Parker Ck. Under Conduit Flow,12.0
2026-08-31 23:43:45,Mono Basin,Parker Ck. Above Conduit Flow,13.0
2026-08-31 23:43:45,Mono Basin,Grant Lk. Spill Flow,0.0
2026-08-31 23:43:45,Mono Basin,Mono Gate 1 Return Ditch Flow,40.8
2026-08-31 23:43:45,Mono Basin,Grant Lk. Elevation,7129.1
2026-08-31 23:43:45,Mono Basin,Grant Lk. Outflow,39.3
2026-08-31 23:43:45,Mono Basin,Rush Ck. at Damsite Flow,10.6
2026-08-31 23:43:45,Mono Basin,Flow to West Portal,0.0
2026-08-31 23:43:45,Long Valley,East Portal Flow,12.0
2026-08-31 23:43:45,Long Valley,OR Below EP Flow,57.0
2026-08-31 23:43:45,Long Valley,Hot Ck.at Hwy. Flow,6.0
2026-08-31 23:43:45,Long Valley,McGee Ck. Lower Sta. Flow,10.1
2026-08-31 23:43:45,Long Valley,Long Valley Elevation,6770.2
2026-08-31 23:43:45,Long Valley,Long Valley Current Outflow,581.3
2026-08-31 23:43:45,Long Valley,Rock Ck. Div. Flow,0.0
2026-08-31 23:43:45,Long Valley,Upper Gorge Total Release,41.6
2026-08-31 23:43:45,Long Valley,Release at Middle Gorge,0.0
2026-08-31 23:43:45,Northern Owens Valley,Pleasant Valley Elevation,4386.2
2026-08-31 23:43:45,Southern Owens Valley,LAA at Alabama Level,7.9
2026-08-31 23:43:45,Southern Owens Valley,LAA at Alabama Water Temp,69.2
2026-08-31 23:43:45,Southern Owens Valley,LAA at Cottonwood Level,8.9
2026-08-31 23:43:45,Southern Owens Valley,LAA at Cotton. Water Temp,69.8
2026-08-31 23:43:45,Southern Owens Valley,N. Haiwee Elevation,3757.1
2026-08-31 23:43:45,Southern Owens Valley,S. Haiwee Reservoir Elevation,3728.4
2026-08-31 23:43:45,Southern District,S. Haiwee Reservoir Elevation,3728.4
2026-08-31 23:43:45,Southern District,Fairmont Reservoir Elevation,3023.6
2026-08-31 23:43:45,Southern District,LAA #1 Flow at Fairmont Reservoir,313.7
2026-08-31 23:43:45,Southern District,LAA #2 Flow at Fairmont Res.,48.7
2026-08-31 23:43:45,Southern District,Bouquet Reservoir Elevation,2973.1
2026-08-31 23:43:45,Southern District,Bouquet Reservoir Inflow,0.0
2026-08-31 23:43:45,Southern District,Bouquet Reservoir Outflow,45.7
2026-08-31 23:43:45,Southern District,LAA #1 at Soledad Flow,104.9
2026-08-31 23:43:45,Southern District,LAA #2 at Soledad Flow,246.4
2026-08-31 23:58:43,Northern Owens Valley,Tinemaha Elevation,3861.9
2026-08-31 23:58:43,Southern Owens Valley,Tinemaha Elevation,3861.9
