date,district,source,value
2026-09-30 05:28:06,Northern Owens Valley,Tinemaha Elevation,3860.3
2026-09-30 05:28:06,Southern Owens Valley,Tinemaha Elevation,3860.3
2026-09-30 05:58:06,Northern Owens Valley,Tinemaha Elevation,3860.3
2026-09-30 05:58:06,Southern Owens Valley,Tinemaha Elevation,3860.3
2026-09-30 06:28:08,Northern Owens Valley,Tinemaha Elevation,3860.3
2026-09-30 06:28:08,Southern Owens Valley,Tinemaha Elevation,3860.3
2026-09-30 06:58:06,Northern Owens Valley,Tinemaha Elevation,3860.4
2026-09-30 06:58:06,Southern Owens Valley,Tinemaha Elevation,3860.4
2026-09-30 07:28:06,Northern Owens Valley,Tinemaha Elevation,3860.4
2026-09-30 07:28:06,Southern Owens Valley,Tinemaha Elevation,3860.4
2026-09-30 07:58:06,Northern Owens Valley,Tinemaha Elevation,3860.4
2026-09-30 07:58:06,Southern Owens Valley,Tinemaha Elevation,3860.4
2026-09-30 08:28:08,Northern Owens Valley,Tinemaha Elevation,3860.4
2026-09-30 08:28:08,Southern Owens Valley,Tinemaha Elevation,3860.4
2026-09-30 08:58:08,Northern Owens Valley,Tinemaha Elevation,3860.4
2026-09-30 08:58:08,Southern Owens Valley,Tinemaha Elevation,3860.4
2026-09-30 09:28:08,Northern Owens Valley,Tinemaha Elevation,3860.4
2026-09-30 09:28:08,Southern Owens Valley,Tinemaha Elevation,3860.4
2026-09-30 09:58:08,Northern Owens Valley,Tinemaha Elevation,3860.4
2026-09-30 09:58:08,Southern Owens Valley,Tinemaha Elevation,3860.4
2026-09-30 10:28:08,Northern Owens Valley,Tinemaha Elevation,3860.4
2026-09-30 10:28:08,Southern Owens Valley,Tinemaha Elevation,3860.4
2026-09-30 10:58:08,Northern Owens Valley,Tinemaha Elevation,3860.4
2026-09-30 10:58:08,Southern Owens Valley,Tinemaha Elevation,3860.4
2026-09-30 11:13:07,Mono Basin,Lee Vining Intake Above Flow,24.1
2026-09-30 11:13:07,Mono Basin,Lee Vining Intake Below Flow,22.8
2026-09-30 11:13:07,Mono Basin,Walker Ck. Above Conduit Flow,2.0
2026-09-30 11:13:07,Mono Basin,L.V. Conduit Below Intake Flow,0.3
2026-09-30 11:13:07,Mono Basin,Walker Ck. Under Conduit Flow,2.0
2026-09-30 11:13:07,Mono Basin,Parker Ck. Under Conduit Flow,6.0
2026-09-30 11:13:07,Mono Basin,Parker Ck. Above Conduit Flow,6.0
2026-09-30 11:13:07,Mono Basin,Grant Lk. Spill Flow,0.0
2026-09-30 11:13:07,Mono Basin,Mono Gate 1 Return Ditch Flow,41.3
2026-09-30 11:13:07,Mono Basin,Grant Lk. Outflow,39.1
2026-09-30 11:13:07,Mono Basin,Rush Ck. at Damsite Flow,25.8
2026-09-30 11:13:07,Mono Basin,Flow to West Portal,0.0
2026-09-30 11:13:07,Long Valley,East Portal Flow,12.0
2026-09-30 11:13:07,Long Valley,OR Below EP Flow,59.0
2026-09-30 11:13:07,Long Valley,Hot Ck.at Hwy. Flow,6.0
2026-09-30 11:13:07,Long Valley,McGee Ck. Lower Sta. Flow,8.1
2026-09-30 11:13:07,Long Valley,Long Valley Current Outflow,226.9
2026-09-30 11:13:07,Long Valley,Rock Ck. Div. Flow,0.0
2026-09-30 11:13:07,Long Valley,Upper Gorge Total Release,38.8
2026-09-30 11:13:07,Long Valley,Release at Middle Gorge,0.0
2026-09-30 11:13:07,Northern Owens Valley,Rock Ck. At Owens River (PV) Flow,28.7
2026-09-30 11:13:07,Northern Owens Valley,Pleasant Valley Outflow,380.2
2026-09-30 11:13:07,Northern Owens Valley,Baker Ck. At LA Station Flow,6.2
2026-09-30 11:13:07,Northern Owens Valley,Big Pine Ck. USGS Flow,23.4
2026-09-30 11:13:07,Northern Owens Valley,O.R. Below Big Pine,460.8
2026-09-30 11:13:07,Northern Owens Valley,Fish Springs At RR Flow,34.9
2026-09-30 11:13:07,Northern Owens Valley,Tinemaha Reservoir Outflow,377.6
2026-09-30 11:13:07,Northern Owens Valley,Bishop Creek Through Plant 6,58.3
2026-09-30 11:13:07,Northern Owens Valley,Bishop Creek Around Plant 6,6.7
2026-09-30 11:13:07,Southern Owens Valley,Tinemaha Reservoir Outflow,377.6
2026-09-30 11:13:07,Southern Owens Valley,Indep. Ck. At Junction Flow,3.1
2026-09-30 11:13:07,Southern Owens Valley,LAA at Alabama Flow,358.0
2026-09-30 11:13:07,Southern Owens Valley,Cottonwood Ck. At LAA Flow,0.0
2026-09-30 11:13:07,Southern Owens Valley,LAA at Cottonwood Flow,325.0
2026-09-30 11:13:07,Southern Owens Valley,Haiwee LAA #1 Current Flow,0.0
2026-09-30 11:13:07,Southern Owens Valley,Haiwee LAA #2 Current Flow,61.9
2026-09-30 11:13:07,Southern Owens Valley,Reinhackel Flow,2.9
2026-09-30 11:13:07,Southern Owens Valley,Lubkin Spillgate Outflow,48.9
2026-09-30 11:13:07,Southern Owens Valley,Cartago Spillgate Outflow,109.0
2026-09-30 11:13:07,Southern Owens Valley,Lone Pine Creek Flow,5.3
2026-09-30 11:13:07,Lower Owens River Project,LORP Intake Flow,80.0
2026-09-30 11:13:07,Lower Owens River Project,LORP at Mazourka Canyon Road,0.0
2026-09-30 11:13:07,Lower Owens River Project,LORP at Reinhackle Springs,61.0
2026-09-30 11:13:07,Lower Owens River Project,LORP Above Pumpstation,59.0
2026-09-30 11:13:07,Lower Owens River Project,LORP At Pump Station Discharge Flow,48.0
2026-09-30 11:13:07,Southern District,Haiwee LAA #2 Current Flow,61.9
2026-09-30 11:13:07,Southern District,Haiwee LAA #1 Current Flow,0.0
2026-09-30 11:13:07,Southern District,LAA #1 Flow at Fairmont Reservoir,123.3
2026-09-30 11:13:07,Southern District,LAA #2 Flow at Fairmont Res.,148.6
2026-09-30 11:13:07,Southern District,Bouquet Reservoir Inflow,0.0
2026-09-30 11:13:07,Southern District,Bouquet Reservoir Outflow,121.3
2026-09-30 11:13:07,Southern District,LAA #1 at Soledad Flow,128.0
2026-09-30 11:13:07,Southern District,LAA #2 at Soledad Flow,204.6
2026-09-30 11:13:08,Mono Basin,Mono Lk. Elevation,6381.7
2026-09-30 11:13:08,Mono Basin,Grant Lk. Elevation,7128.2
2026-09-30 11:13:08,Long Valley,Long Valley Elevation,6765.5
2026-09-30 11:13:08,Northern Owens Valley,Pleasant Valley Elevation,4385.7
2026-09-30 11:13:08,Southern Owens Valley,LAA at Alabama Level,7.4
2026-09-30 11:13:08,Southern Owens Valley,LAA at Alabama Water Temp,60.1
2026-09-30 11:13:08,Southern Owens Valley,LAA at Cottonwood Level,7.5
2026-09-30 11:13:08,Southern Owens Valley,LAA at Cotton. Water Temp,61.4
2026-09-30 11:13:08,Southern Owens Valley,N. Haiwee Elevation,3756.9
2026-09-30 11:13:08,Southern Owens Valley,S. Haiwee Reservoir Elevation,3720.2
2026-09-30 11:13:08,Southern District,S. Haiwee Reservoir Elevation,3720.2
2026-09-30 11:13:08,Southern District,Fairmont Reservoir Elevation,3021.8
2026-09-30 11:13:08,Southern District,Bouquet Reservoir Elevation,2977.6
2026-09-30 11:28:07,Mono Basin,Lee Vining Intake Above Flow,24.1
2026-09-30 11:28:07,Mono Basin,Lee Vining Intake Below Flow,22.8
2026-09-30 11:28:07,Mono Basin,Walker Ck. Above Conduit Flow,2.0
2026-09-30 11:28:07,Mono Basin,L.V. Conduit Below Intake Flow,0.3
2026-09-30 11:28:07,Mono Basin,Walker Ck. Under Conduit Flow,2.0
2026-09-30 11:28:07,Mono Basin,Parker Ck. Under Conduit Flow,6.0
2026-09-30 11:28:07,Mono Basin,Parker Ck. Above Conduit Flow,6.0
2026-09-30 11:28:07,Mono Basin,Grant Lk. Spill Flow,0.0
2026-09-30 11:28:07,Mono Basin,Mono Gate 1 Return Ditch Flow,41.3
2026-09-30 11:28:07,Mono Basin,Grant Lk. Outflow,39.1
2026-09-30 11:28:07,Mono Basin,Rush Ck. at Damsite Flow,25.8
2026-09-30 11:28:07,Mono Basin,Flow to West Portal,0.0
2026-09-30 11:28:07,Long Valley,East Portal Flow,12.0
2026-09-30 11:28:07,Long Valley,OR Below EP Flow,59.0
2026-09-30 11:28:07,Long Valley,Hot Ck.at Hwy. Flow,6.0
2026-09-30 11:28:07,Long Valley,McGee Ck. Lower Sta. Flow,8.1
2026-09-30 11:28:07,Long Valley,Long Valley Current Outflow,226.9
2026-09-30 11:28:07,Long Valley,Rock Ck. Div. Flow,0.0
2026-09-30 11:28:07,Long Valley,Upper Gorge Total Release,37.6
2026-09-30 11:28:07,Long Valley,Release at Middle Gorge,0.0
2026-09-30 11:28:07,Northern Owens Valley,Rock Ck. At Owens River (PV) Flow,28.7
2026-09-30 11:28:07,Northern Owens Valley,Pleasant Valley Outflow,379.2
2026-09-30 11:28:07,Northern Owens Valley,Baker Ck. At LA Station Flow,6.2
2026-09-30 11:28:07,Northern Owens Valley,Big Pine Ck. USGS Flow,23.4
2026-09-30 11:28:07,Northern Owens Valley,O.R. Below Big Pine,459.0
2026-09-30 11:28:07,Northern Owens Valley,Fish Springs At RR Flow,34.9
2026-09-30 11:28:07,Northern Owens Valley,Tinemaha Reservoir Outflow,377.6
2026-09-30 11:28:07,Northern Owens Valley,Bishop Creek Through Plant 6,58.3
2026-09-30 11:28:07,Northern Owens Valley,Bishop Creek Around Plant 6,6.7
2026-09-30 11:28:07,Southern Owens Valley,Tinemaha Reservoir Outflow,377.6
2026-09-30 11:28:07,Southern Owens Valley,Indep. Ck. At Junction Flow,3.1
2026-09-30 11:28:07,Southern Owens Valley,LAA at Alabama Flow,358.0
2026-09-30 11:28:07,Southern Owens Valley,Cottonwood Ck. At LAA Flow,0.0
2026-09-30 11:28:07,Southern Owens Valley,LAA at Cottonwood Flow,325.0
2026-09-30 11:28:07,Southern Owens Valley,Haiwee LAA #1 Current Flow,0.0
2026-09-30 11:28:07,Southern Owens Valley,Haiwee LAA #2 Current Flow,61.9
2026-09-30 11:28:07,Southern Owens Valley,Reinhackel Flow,2.9
2026-09-30 11:28:07,Southern Owens Valley,Lubkin Spillgate Outflow,57.5
2026-09-30 11:28:07,Southern Owens Valley,Cartago Spillgate Outflow,92.3
2026-09-30 11:28:07,Southern Owens Valley,Lone Pine Creek Flow,5.3
2026-09-30 11:28:07,Lower Owens River Project,LORP Intake Flow,80.0
2026-09-30 11:28:07,Lower Owens River Project,LORP at Mazourka Canyon Road,0.0
2026-09-30 11:28:07,Lower Owens River Project,LORP at Reinhackle Springs,60.0
2026-09-30 11:28:07,Lower Owens River Project,LORP Above Pumpstation,58.0
2026-09-30 11:28:07,Lower Owens River Project,LORP At Pump Station Discharge Flow,48.0
2026-09-30 11:28:07,Southern District,Haiwee LAA #2 Current Flow,61.9
2026-09-30 11:28:07,Southern District,Haiwee LAA #1 Current Flow,0.0
2026-09-30 11:28:07,Southern District,LAA #1 Flow at Fairmont Reservoir,122.5
2026-09-30 11:28:07,Southern District,LAA #2 Flow at Fairmont Res.,148.6
2026-09-30 11:28:07,Southern District,Bouquet Reservoir Inflow,0.0
2026-09-30 11:28:07,Southern District,Bouquet Reservoir Outflow,121.3
2026-09-30 11:28:07,Southern District,LAA #1 at Soledad Flow,128.0
2026-09-30 11:28:07,Southern District,LAA #2 at Soledad Flow,204.6
2026-09-30 11:28:08,Mono Basin,Mono Lk. Elevation,6381.7
2026-09-30 11:28:08,Mono Basin,Grant Lk. Elevation,7128.2
2026-09-30 11:28:08,Long Valley,Long Valley Elevation,6765.5
2026-09-30 11:28:08,Northern Owens Valley,Pleasant Valley Elevation,4385.6
2026-09-30 11:28:08,Northern Owens Valley,Tinemaha Elevation,3860.4
2026-09-30 11:28:08,Southern Owens Valley,Tinemaha Elevation,3860.4
2026-09-30 11:28:08,Southern Owens Valley,LAA at Alabama Level,7.4
2026-09-30 11:28:08,Southern Owens Valley,LAA at Alabama Water Temp,60.3
2026-09-30 11:28:08,Southern Owens Valley,LAA at Cottonwood Level,7.5
2026-09-30 11:28:08,Southern Owens Valley,LAA at Cotton. Water Temp,61.4
2026-09-30 11:28:08,Southern Owens Valley,N. Haiwee Elevation,3756.9
2026-09-30 11:28:08,Southern Owens Valley,S. Haiwee Reservoir Elevation,3720.2
2026-09-30 11:28:08,Southern District,S. Haiwee Reservoir Elevation,3720.2
2026-09-30 11:28:08,Southern District,Fairmont Reservoir Elevation,3021.8
2026-09-30 11:28:08,Southern District,Bouquet Reservoir Elevation,2977.6
2026-09-30 11:43:07,Mono Basin,Lee Vining Intake Above Flow,23.1
2026-09-30 11:43:07,Mono Basin,Lee Vining Intake Below Flow,22.8
2026-09-30 11:43:07,Mono Basin,Walker Ck. Above Conduit Flow,2.0
2026-09-30 11:43:07,Mono Basin,L.V. Conduit Below Intake Flow,0.3
2026-09-30 11:43:07,Mono Basin,Walker Ck. Under Conduit Flow,2.0
2026-09-30 11:43:07,Mono Basin,Parker Ck. Under Conduit Flow,6.0
2026-09-30 11:43:07,Mono Basin,Parker Ck. Above Conduit Flow,6.0
2026-09-30 11:43:07,Mono Basin,Grant Lk. Spill Flow,0.0
2026-09-30 11:43:07,Mono Basin,Mono Gate 1 Return Ditch Flow,41.3
2026-09-30 11:43:07,Mono Basin,Grant Lk. Outflow,39.1
2026-09-30 11:43:07,Mono Basin,Rush Ck. at Damsite Flow,25.8
2026-09-30 11:43:07,Mono Basin,Flow to West Portal,0.0
2026-09-30 11:43:07,Long Valley,East Portal Flow,12.0
2026-09-30 11:43:07,Long Valley,OR Below EP Flow,59.0
2026-09-30 11:43:07,Long Valley,Hot Ck.at Hwy. Flow,6.0
2026-09-30 11:43:07,Long Valley,McGee Ck. Lower Sta. Flow,8.1
2026-09-30 11:43:07,Long Valley,Long Valley Current Outflow,226.9
2026-09-30 11:43:07,Long Valley,Rock Ck. Div. Flow,0.0
2026-09-30 11:43:07,Long Valley,Upper Gorge Total Release,36.6
2026-09-30 11:43:07,Long Valley,Release at Middle Gorge,0.0
2026-09-30 11:43:07,Northern Owens Valley,Rock Ck. At Owens River (PV) Flow,28.7
2026-09-30 11:43:07,Northern Owens Valley,Pleasant Valley Outflow,380.0
2026-09-30 11:43:07,Northern Owens Valley,Baker Ck. At LA Station Flow,6.2
2026-09-30 11:43:07,Northern Owens Valley,Big Pine Ck. USGS Flow,23.4
2026-09-30 11:43:07,Northern Owens Valley,O.R. Below Big Pine,458.1
2026-09-30 11:43:07,Northern Owens Valley,Fish Springs At RR Flow,34.9
2026-09-30 11:43:07,Northern Owens Valley,Tinemaha Reservoir Outflow,377.6
2026-09-30 11:43:07,Northern Owens Valley,Bishop Creek Through Plant 6,58.3
2026-09-30 11:43:07,Northern Owens Valley,Bishop Creek Around Plant 6,6.7
2026-09-30 11:43:07,Southern Owens Valley,Tinemaha Reservoir Outflow,377.6
2026-09-30 11:43:07,Southern Owens Valley,Indep. Ck. At Junction Flow,3.1
2026-09-30 11:43:07,Southern Owens Valley,LAA at Alabama Flow,358.0
2026-09-30 11:43:07,Southern Owens Valley,Cottonwood Ck. At LAA Flow,0.0
2026-09-30 11:43:07,Southern Owens Valley,LAA at Cottonwood Flow,325.0
2026-09-30 11:43:07,Southern Owens Valley,Haiwee LAA #1 Current Flow,0.0
2026-09-30 11:43:07,Southern Owens Valley,Haiwee LAA #2 Current Flow,61.9
2026-09-30 11:43:07,Southern Owens Valley,Reinhackel Flow,2.9
2026-09-30 11:43:07,Southern Owens Valley,Lubkin Spillgate Outflow,46.5
2026-09-30 11:43:07,Southern Owens Valley,Cartago Spillgate Outflow,90.0
2026-09-30 11:43:07,Southern Owens Valley,Lone Pine Creek Flow,5.3
2026-09-30 11:43:07,Lower Owens River Project,LORP Intake Flow,80.0
2026-09-30 11:43:07,Lower Owens River Project,LORP at Mazourka Canyon Road,0.0
2026-09-30 11:43:07,Lower Owens River Project,LORP at Reinhackle Springs,60.0
2026-09-30 11:43:07,Lower Owens River Project,LORP Above Pumpstation,58.0
2026-09-30 11:43:07,Lower Owens River Project,LORP At Pump Station Discharge Flow,48.0
2026-09-30 11:43:07,Southern District,Haiwee LAA #2 Current Flow,61.9
2026-09-30 11:43:07,Southern District,Haiwee LAA #1 Current Flow,0.0
2026-09-30 11:43:07,Southern District,LAA #1 Flow at Fairmont Reservoir,123.9
2026-09-30 11:43:07,Southern District,LAA #2 Flow at Fairmont Res.,148.6
2026-09-30 11:43:07,Southern District,Bouquet Reservoir Inflow,0.0
2026-09-30 11:43:07,Southern District,Bouquet Reservoir Outflow,121.3
2026-09-30 11:43:07,Southern District,LAA #1 at Soledad Flow,128.0
2026-09-30 11:43:07,Southern District,LAA #2 at Soledad Flow,204.6
2026-09-30 11:43:08,Mono Basin,Mono Lk. Elevation,6381.7
2026-09-30 11:43:08,Mono Basin,Grant Lk. Elevation,7128.2
2026-09-30 11:43:08,Long Valley,Long Valley Elevation,6765.5
2026-09-30 11:43:08,Northern Owens Valley,Pleasant Valley Elevation,4385.6
2026-09-30 11:43:08,Southern Owens Valley,LAA at Alabama Level,7.4
2026-09-30 11:43:08,Southern Owens Valley,LAA at Alabama Water Temp,60.3
2026-09-30 11:43:08,Southern Owens Valley,LAA at Cottonwood Level,7.5
2026-09-30 11:43:08,Southern Owens Valley,LAA at Cotton. Water Temp,61.7
2026-09-30 11:43:08,Southern Owens Valley,N. Haiwee Elevation,3756.9
2026-09-30 11:43:08,Southern Owens Valley,S. Haiwee Reservoir Elevation,3720.2
2026-09-30 11:43:08,Southern District,S. Haiwee Reservoir Elevation,3720.2
2026-09-30 11:43:08,Southern District,Fairmont Reservoir Elevation,3021.9
2026-09-30 11:43:08,Southern District,Bouquet Reservoir Elevation,2977.6
2026-09-30 11:58:07,Mono Basin,Lee Vining Intake Above Flow,23.1
2026-09-30 11:58:07,Mono Basin,Lee Vining Intake Below Flow,22.8
2026-09-30 11:58:07,Mono Basin,Walker Ck. Above Conduit Flow,2.0
2026-09-30 11:58:07,Mono Basin,L.V. Conduit Below Intake Flow,0.3
2026-09-30 11:58:07,Mono Basin,Walker Ck. Under Conduit Flow,2.0
2026-09-30 11:58:07,Mono Basin,Parker Ck. Under Conduit Flow,6.0
2026-09-30 11:58:07,Mono Basin,Parker Ck. Above Conduit Flow,6.0
2026-09-30 11:58:07,Mono Basin,Grant Lk. Spill Flow,0.0
2026-09-30 11:58:07,Mono Basin,Mono Gate 1 Return Ditch Flow,41.3
2026-09-30 11:58:07,Mono Basin,Grant Lk. Outflow,39.1
2026-09-30 11:58:07,Mono Basin,Rush Ck. at Damsite Flow,25.8
2026-09-30 11:58:07,Mono Basin,Flow to West Portal,0.0
2026-09-30 11:58:07,Long Valley,East Portal Flow,13.0
2026-09-30 11:58:07,Long Valley,OR Below EP Flow,58.0
2026-09-30 11:58:07,Long Valley,Hot Ck.at Hwy. Flow,6.0
2026-09-30 11:58:07,Long Valley,McGee Ck. Lower Sta. Flow,8.1
2026-09-30 11:58:07,Long Valley,Long Valley Current Outflow,226.9
2026-09-30 11:58:07,Long Valley,Rock Ck. Div. Flow,0.0
2026-09-30 11:58:07,Long Valley,Upper Gorge Total Release,38.4
2026-09-30 11:58:07,Long Valley,Release at Middle Gorge,0.0
2026-09-30 11:58:07,Northern Owens Valley,Rock Ck. At Owens River (PV) Flow,28.7
2026-09-30 11:58:07,Northern Owens Valley,Pleasant Valley Outflow,379.6
2026-09-30 11:58:07,Northern Owens Valley,Baker Ck. At LA Station Flow,6.2
2026-09-30 11:58:07,Northern Owens Valley,Big Pine Ck. USGS Flow,23.4
2026-09-30 11:58:07,Northern Owens Valley,O.R. Below Big Pine,457.4
2026-09-30 11:58:07,Northern Owens Valley,Fish Springs At RR Flow,34.9
2026-09-30 11:58:07,Northern Owens Valley,Tinemaha Reservoir Outflow,377.6
2026-09-30 11:58:07,Northern Owens Valley,Bishop Creek Through Plant 6,58.3
2026-09-30 11:58:07,Northern Owens Valley,Bishop Creek Around Plant 6,6.7
2026-09-30 11:58:07,Southern Owens Valley,Tinemaha Reservoir Outflow,377.6
2026-09-30 11:58:07,Southern Owens Valley,Indep. Ck. At Junction Flow,3.1
2026-09-30 11:58:07,Southern Owens Valley,LAA at Alabama Flow,358.0
2026-09-30 11:58:07,Southern Owens Valley,Cottonwood Ck. At LAA Flow,0.0
2026-09-30 11:58:07,Southern Owens Valley,LAA at Cottonwood Flow,325.0
2026-09-30 11:58:07,Southern Owens Valley,Haiwee LAA #1 Current Flow,0.0
2026-09-30 11:58:07,Southern Owens Valley,Haiwee LAA #2 Current Flow,61.9
2026-09-30 11:58:07,Southern Owens Valley,Reinhackel Flow,2.9
2026-09-30 11:58:07,Southern Owens Valley,Lubkin Spillgate Outflow,54.5
2026-09-30 11:58:07,Southern Owens Valley,Cartago Spillgate Outflow,95.4
2026-09-30 11:58:07,Southern Owens Valley,Lone Pine Creek Flow,5.3
2026-09-30 11:58:07,Lower Owens River Project,LORP Intake Flow,80.0
2026-09-30 11:58:07,Lower Owens River Project,LORP at Mazourka Canyon Road,0.0
2026-09-30 11:58:07,Lower Owens River Project,LORP at Reinhackle Springs,60.0
2026-09-30 11:58:07,Lower Owens River Project,LORP Above Pumpstation,60.0
2026-09-30 11:58:07,Lower Owens River Project,LORP At Pump Station Discharge Flow,49.0
2026-09-30 11:58:07,Southern District,Haiwee LAA #2 Current Flow,61.9
2026-09-30 11:58:07,Southern District,Haiwee LAA #1 Current Flow,0.0
2026-09-30 11:58:07,Southern District,LAA #1 Flow at Fairmont Reservoir,122.9
2026-09-30 11:58:07,Southern District,LAA #2 Flow at Fairmont Res.,148.6
2026-09-30 11:58:07,Southern District,Bouquet Reservoir Inflow,0.0
2026-09-30 11:58:07,Southern District,Bouquet Reservoir Outflow,121.3
2026-09-30 11:58:07,Southern District,LAA #1 at Soledad Flow,128.0
2026-09-30 11:58:07,Southern District,LAA #2 at Soledad Flow,204.6
2026-09-30 11:58:08,Mono Basin,Mono Lk. Elevation,6381.7
2026-09-30 11:58:08,Mono Basin,Grant Lk. Elevation,7128.2
2026-09-30 11:58:08,Long Valley,Long Valley Elevation,6765.5
2026-09-30 11:58:08,Northern Owens Valley,Pleasant Valley Elevation,4385.6
2026-09-30 11:58:08,Northern Owens Valley,Tinemaha Elevation,3860.4
2026-09-30 11:58:08,Southern Owens Valley,Tinemaha Elevation,3860.4
2026-09-30 11:58:08,Southern Owens Valley,LAA at Alabama Level,7.4
2026-09-30 11:58:08,Southern Owens Valley,LAA at Alabama Water Temp,60.3
2026-09-30 11:58:08,Southern Owens Valley,LAA at Cottonwood Level,7.5
2026-09-30 11:58:08,Southern Owens Valley,LAA at Cotton. Water Temp,61.7
2026-09-30 11:58:08,Southern Owens Valley,N. Haiwee Elevation,3756.9
2026-09-30 11:58:08,Southern Owens Valley,S. Haiwee Reservoir Elevation,3720.2
2026-09-30 11:58:08,Southern District,S. Haiwee Reservoir Elevation,3720.2
2026-09-30 11:58:08,Southern District,Fairmont Reservoir Elevation,3021.9
2026-09-30 11:58:08,Southern District,Bouquet Reservoir Elevation,2977.6
2026-09-30 12:13:07,Mono Basin,Lee Vining Intake Above Flow,22.7
2026-09-30 12:13:07,Mono Basin,Lee Vining Intake Below Flow,22.7
2026-09-30 12:13:07,Mono Basin,Walker Ck. Above Conduit Flow,2.0
2026-09-30 12:13:07,Mono Basin,L.V. Conduit Below Intake Flow,0.3
2026-09-30 12:13:07,Mono Basin,Walker Ck. Under Conduit Flow,3.0
2026-09-30 12:13:07,Mono Basin,Parker Ck. Under Conduit Flow,6.0
2026-09-30 12:13:07,Mono Basin,Parker Ck. Above Conduit Flow,6.0
2026-09-30 12:13:07,Mono Basin,Grant Lk. Spill Flow,0.0
2026-09-30 12:13:07,Mono Basin,Mono Gate 1 Return Ditch Flow,41.3
2026-09-30 12:13:07,Mono Basin,Grant Lk. Outflow,39.1
2026-09-30 12:13:07,Mono Basin,Rush Ck. at Damsite Flow,25.8
2026-09-30 12:13:07,Mono Basin,Flow to West Portal,0.0
2026-09-30 12:13:07,Long Valley,East Portal Flow,13.0
2026-09-30 12:13:07,Long Valley,OR Below EP Flow,59.0
2026-09-30 12:13:07,Long Valley,Hot Ck.at Hwy. Flow,6.0
2026-09-30 12:13:07,Long Valley,McGee Ck. Lower Sta. Flow,8.0
2026-09-30 12:13:07,Long Valley,Long Valley Current Outflow,226.9
2026-09-30 12:13:07,Long Valley,Rock Ck. Div. Flow,0.0
2026-09-30 12:13:07,Long Valley,Upper Gorge Total Release,40.1
2026-09-30 12:13:07,Long Valley,Release at Middle Gorge,0.0
2026-09-30 12:13:07,Northern Owens Valley,Rock Ck. At Owens River (PV) Flow,28.7
2026-09-30 12:13:07,Northern Owens Valley,Pleasant Valley Outflow,379.5
2026-09-30 12:13:07,Northern Owens Valley,Baker Ck. At LA Station Flow,6.2
2026-09-30 12:13:07,Northern Owens Valley,Big Pine Ck. USGS Flow,23.4
2026-09-30 12:13:07,Northern Owens Valley,O.R. Below Big Pine,456.9
2026-09-30 12:13:07,Northern Owens Valley,Fish Springs At RR Flow,34.9
2026-09-30 12:13:07,Northern Owens Valley,Tinemaha Reservoir Outflow,377.6
2026-09-30 12:13:07,Northern Owens Valley,Bishop Creek Through Plant 6,58.3
2026-09-30 12:13:07,Northern Owens Valley,Bishop Creek Around Plant 6,6.7
2026-09-30 12:13:07,Southern Owens Valley,Tinemaha Reservoir Outflow,377.6
2026-09-30 12:13:07,Southern Owens Valley,Indep. Ck. At Junction Flow,3.1
2026-09-30 12:13:07,Southern Owens Valley,LAA at Alabama Flow,357.0
2026-09-30 12:13:07,Southern Owens Valley,Cottonwood Ck. At LAA Flow,0.0
2026-09-30 12:13:07,Southern Owens Valley,LAA at Cottonwood Flow,325.0
2026-09-30 12:13:07,Southern Owens Valley,Haiwee LAA #1 Current Flow,0.0
2026-09-30 12:13:07,Southern Owens Valley,Haiwee LAA #2 Current Flow,61.9
2026-09-30 12:13:07,Southern Owens Valley,Reinhackel Flow,2.9
2026-09-30 12:13:07,Southern Owens Valley,Lubkin Spillgate Outflow,57.8
2026-09-30 12:13:07,Southern Owens Valley,Cartago Spillgate Outflow,96.0
2026-09-30 12:13:07,Southern Owens Valley,Lone Pine Creek Flow,5.2
2026-09-30 12:13:07,Lower Owens River Project,LORP Intake Flow,80.0
2026-09-30 12:13:07,Lower Owens River Project,LORP at Mazourka Canyon Road,0.0
2026-09-30 12:13:07,Lower Owens River Project,LORP at Reinhackle Springs,60.0
2026-09-30 12:13:07,Lower Owens River Project,LORP Above Pumpstation,51.0
2026-09-30 12:13:07,Lower Owens River Project,LORP At Pump Station Discharge Flow,39.0
2026-09-30 12:13:07,Southern District,Haiwee LAA #2 Current Flow,61.9
2026-09-30 12:13:07,Southern District,Haiwee LAA #1 Current Flow,0.0
2026-09-30 12:13:07,Southern District,LAA #1 Flow at Fairmont Reservoir,123.2
2026-09-30 12:13:07,Southern District,LAA #2 Flow at Fairmont Res.,148.6
2026-09-30 12:13:07,Southern District,Bouquet Reservoir Inflow,0.0
2026-09-30 12:13:07,Southern District,Bouquet Reservoir Outflow,59.8
2026-09-30 12:13:07,Southern District,LAA #1 at Soledad Flow,128.0
2026-09-30 12:13:07,Southern District,LAA #2 at Soledad Flow,204.6
2026-09-30 12:13:08,Mono Basin,Mono Lk. Elevation,6381.7
2026-09-30 12:13:08,Mono Basin,Grant Lk. Elevation,7128.2
2026-09-30 12:13:08,Long Valley,Long Valley Elevation,6765.5
2026-09-30 12:13:08,Northern Owens Valley,Pleasant Valley Elevation,4385.6
2026-09-30 12:13:08,Southern Owens Valley,LAA at Alabama Level,7.3
2026-09-30 12:13:08,Southern Owens Valley,LAA at Alabama Water Temp,60.7
2026-09-30 12:13:08,Southern Owens Valley,LAA at Cottonwood Level,7.5
2026-09-30 12:13:08,Southern Owens Valley,LAA at Cotton. Water Temp,62.0
2026-09-30 12:13:08,Southern Owens Valley,N. Haiwee Elevation,3756.9
2026-09-30 12:13:08,Southern Owens Valley,S. Haiwee Reservoir Elevation,3720.2
2026-09-30 12:13:08,Southern District,S. Haiwee Reservoir Elevation,3720.2
2026-09-30 12:13:08,Southern District,Fairmont Reservoir Elevation,3021.9
2026-09-30 12:13:08,Southern District,Bouquet Reservoir Elevation,2977.5
2026-09-30 12:28:07,Mono Basin,Lee Vining Intake Above Flow,22.7
2026-09-30 12:28:07,Mono Basin,Lee Vining Intake Below Flow,22.7
2026-09-30 12:28:07,Mono Basin,Walker Ck. Above Conduit Flow,2.0
2026-09-30 12:28:07,Mono Basin,L.V. Conduit Below Intake Flow,0.3
2026-09-30 12:28:07,Mono Basin,Walker Ck. Under Conduit Flow,3.0
2026-09-30 12:28:07,Mono Basin,Parker Ck. Under Conduit Flow,6.0
2026-09-30 12:28:07,Mono Basin,Parker Ck. Above Conduit Flow,6.0
2026-09-30 12:28:07,Mono Basin,Grant Lk. Spill Flow,0.0
2026-09-30 12:28:07,Mono Basin,Mono Gate 1 Return Ditch Flow,41.3
2026-09-30 12:28:07,Mono Basin,Grant Lk. Outflow,39.1
2026-09-30 12:28:07,Mono Basin,Rush Ck. at Damsite Flow,25.8
2026-09-30 12:28:07,Mono Basin,Flow to West Portal,0.0
2026-09-30 12:28:07,Long Valley,East Portal Flow,13.0
2026-09-30 12:28:07,Long Valley,OR Below EP Flow,59.0
2026-09-30 12:28:07,Long Valley,Hot Ck.at Hwy. Flow,6.0
2026-09-30 12:28:07,Long Valley,McGee Ck. Lower Sta. Flow,8.0
2026-09-30 12:28:07,Long Valley,Long Valley Current Outflow,226.9
2026-09-30 12:28:07,Long Valley,Rock Ck. Div. Flow,0.0
2026-09-30 12:28:07,Long Valley,Upper Gorge Total Release,40.1
2026-09-30 12:28:07,Long Valley,Release at Middle Gorge,0.0
2026-09-30 12:28:07,Northern Owens Valley,Rock Ck. At Owens River (PV) Flow,28.7
2026-09-30 12:28:07,Northern Owens Valley,Pleasant Valley Outflow,380.1
2026-09-30 12:28:07,Northern Owens Valley,Baker Ck. At LA Station Flow,6.2
2026-09-30 12:28:07,Northern Owens Valley,Big Pine Ck. USGS Flow,23.2
2026-09-30 12:28:07,Northern Owens Valley,O.R. Below Big Pine,455.5
2026-09-30 12:28:07,Northern Owens Valley,Fish Springs At RR Flow,34.9
2026-09-30 12:28:07,Northern Owens Valley,Tinemaha Reservoir Outflow,377.6
2026-09-30 12:28:07,Northern Owens Valley,Bishop Creek Through Plant 6,58.3
2026-09-30 12:28:07,Northern Owens Valley,Bishop Creek Around Plant 6,6.7
2026-09-30 12:28:07,Southern Owens Valley,Tinemaha Reservoir Outflow,377.6
2026-09-30 12:28:07,Southern Owens Valley,Indep. Ck. At Junction Flow,3.1
2026-09-30 12:28:07,Southern Owens Valley,LAA at Alabama Flow,358.0
2026-09-30 12:28:07,Southern Owens Valley,Cottonwood Ck. At LAA Flow,0.0
2026-09-30 12:28:07,Southern Owens Valley,LAA at Cottonwood Flow,325.0
2026-09-30 12:28:07,Southern Owens Valley,Haiwee LAA #1 Current Flow,0.0
2026-09-30 12:28:07,Southern Owens Valley,Haiwee LAA #2 Current Flow,61.9
2026-09-30 12:28:07,Southern Owens Valley,Reinhackel Flow,2.8
2026-09-30 12:28:07,Southern Owens Valley,Lubkin Spillgate Outflow,63.2
2026-09-30 12:28:07,Southern Owens Valley,Cartago Spillgate Outflow,107.5
2026-09-30 12:28:07,Southern Owens Valley,Lone Pine Creek Flow,5.2
2026-09-30 12:28:07,Lower Owens River Project,LORP Intake Flow,80.0
2026-09-30 12:28:07,Lower Owens River Project,LORP at Mazourka Canyon Road,0.0
2026-09-30 12:28:07,Lower Owens River Project,LORP at Reinhackle Springs,61.0
2026-09-30 12:28:07,Lower Owens River Project,LORP Above Pumpstation,52.0
2026-09-30 12:28:07,Lower Owens River Project,LORP At Pump Station Discharge Flow,40.0
2026-09-30 12:28:07,Southern District,Haiwee LAA #2 Current Flow,61.9
2026-09-30 12:28:07,Southern District,Haiwee LAA #1 Current Flow,0.0
2026-09-30 12:28:07,Southern District,LAA #1 Flow at Fairmont Reservoir,123.1
2026-09-30 12:28:07,Southern District,LAA #2 Flow at Fairmont Res.,148.2
2026-09-30 12:28:07,Southern District,Bouquet Reservoir Inflow,0.0
2026-09-30 12:28:07,Southern District,Bouquet Reservoir Outflow,59.8
2026-09-30 12:28:07,Southern District,LAA #1 at Soledad Flow,128.0
2026-09-30 12:28:07,Southern District,LAA #2 at Soledad Flow,204.6
2026-09-30 12:28:08,Mono Basin,Mono Lk. Elevation,6381.7
2026-09-30 12:28:08,Mono Basin,Grant Lk. Elevation,7128.2
2026-09-30 12:28:08,Long Valley,Long Valley Elevation,6765.5
2026-09-30 12:28:08,Northern Owens Valley,Pleasant Valley Elevation,4385.6
2026-09-30 12:28:08,Northern Owens Valley,Tinemaha Elevation,3860.4
2026-09-30 12:28:08,Southern Owens Valley,Tinemaha Elevation,3860.4
2026-09-30 12:28:08,Southern Owens Valley,LAA at Alabama Level,7.4
2026-09-30 12:28:08,Southern Owens Valley,LAA at Alabama Water Temp,60.9
2026-09-30 12:28:08,Southern Owens Valley,LAA at Cottonwood Level,7.5
2026-09-30 12:28:08,Southern Owens Valley,LAA at Cotton. Water Temp,62.0
2026-09-30 12:28:08,Southern Owens Valley,N. Haiwee Elevation,3756.9
2026-09-30 12:28:08,Southern Owens Valley,S. Haiwee Reservoir Elevation,3720.2
2026-09-30 12:28:08,Southern District,S. Haiwee Reservoir Elevation,3720.2
2026-09-30 12:28:08,Southern District,Fairmont Reservoir Elevation,3021.9
2026-09-30 12:28:08,Southern District,Bouquet Reservoir Elevation,2977.5
2026-09-30 12:43:07,Mono Basin,Lee Vining Intake Above Flow,23.2
2026-09-30 12:43:07,Mono Basin,Lee Vining Intake Below Flow,22.6
2026-09-30 12:43:07,Mono Basin,Walker Ck. Above Conduit Flow,2.0
2026-09-30 12:43:07,Mono Basin,L.V. Conduit Below Intake Flow,0.3
2026-09-30 12:43:07,Mono Basin,Walker Ck. Under Conduit Flow,3.0
2026-09-30 12:43:07,Mono Basin,Parker Ck. Under Conduit Flow,6.0
2026-09-30 12:43:07,Mono Basin,Parker Ck. Above Conduit Flow,6.0
2026-09-30 12:43:07,Mono Basin,Grant Lk. Spill Flow,0.0
2026-09-30 12:43:07,Mono Basin,Mono Gate 1 Return Ditch Flow,41.3
2026-09-30 12:43:07,Mono Basin,Grant Lk. Outflow,39.1
2026-09-30 12:43:07,Mono Basin,Rush Ck. at Damsite Flow,25.8
2026-09-30 12:43:07,Mono Basin,Flow to West Portal,0.0
2026-09-30 12:43:07,Long Valley,East Portal Flow,13.0
2026-09-30 12:43:07,Long Valley,OR Below EP Flow,59.0
2026-09-30 12:43:07,Long Valley,Hot Ck.at Hwy. Flow,6.0
2026-09-30 12:43:07,Long Valley,McGee Ck. Lower Sta. Flow,8.0
2026-09-30 12:43:07,Long Valley,Long Valley Current Outflow,226.9
2026-09-30 12:43:07,Long Valley,Rock Ck. Div. Flow,0.0
2026-09-30 12:43:07,Long Valley,Upper Gorge Total Release,37.9
2026-09-30 12:43:07,Long Valley,Release at Middle Gorge,0.0
2026-09-30 12:43:07,Northern Owens Valley,Rock Ck. At Owens River (PV) Flow,28.7
2026-09-30 12:43:07,Northern Owens Valley,Pleasant Valley Outflow,379.8
2026-09-30 12:43:07,Northern Owens Valley,Baker Ck. At LA Station Flow,6.2
2026-09-30 12:43:07,Northern Owens Valley,Big Pine Ck. USGS Flow,23.2
2026-09-30 12:43:07,Northern Owens Valley,O.R. Below Big Pine,454.2
2026-09-30 12:43:07,Northern Owens Valley,Fish Springs At RR Flow,35.3
2026-09-30 12:43:07,Northern Owens Valley,Tinemaha Reservoir Outflow,377.6
2026-09-30 12:43:07,Northern Owens Valley,Bishop Creek Through Plant 6,58.6
2026-09-30 12:43:07,Northern Owens Valley,Bishop Creek Around Plant 6,6.1
2026-09-30 12:43:07,Southern Owens Valley,Tinemaha Reservoir Outflow,377.6
2026-09-30 12:43:07,Southern Owens Valley,Indep. Ck. At Junction Flow,2.9
2026-09-30 12:43:07,Southern Owens Valley,LAA at Alabama Flow,357.0
2026-09-30 12:43:07,Southern Owens Valley,Cottonwood Ck. At LAA Flow,0.0
2026-09-30 12:43:07,Southern Owens Valley,LAA at Cottonwood Flow,326.0
2026-09-30 12:43:07,Southern Owens Valley,Haiwee LAA #1 Current Flow,0.0
2026-09-30 12:43:07,Southern Owens Valley,Haiwee LAA #2 Current Flow,61.9
2026-09-30 12:43:07,Southern Owens Valley,Reinhackel Flow,2.8
2026-09-30 12:43:07,Southern Owens Valley,Lubkin Spillgate Outflow,62.4
2026-09-30 12:43:07,Southern Owens Valley,Cartago Spillgate Outflow,102.5
2026-09-30 12:43:07,Southern Owens Valley,Lone Pine Creek Flow,5.1
2026-09-30 12:43:07,Lower Owens River Project,LORP Intake Flow,80.0
2026-09-30 12:43:07,Lower Owens River Project,LORP at Mazourka Canyon Road,0.0
2026-09-30 12:43:07,Lower Owens River Project,LORP at Reinhackle Springs,61.0
2026-09-30 12:43:07,Lower Owens River Project,LORP Above Pumpstation,51.0
2026-09-30 12:43:07,Lower Owens River Project,LORP At Pump Station Discharge Flow,39.0
2026-09-30 12:43:07,Southern District,Haiwee LAA #2 Current Flow,61.9
2026-09-30 12:43:07,Southern District,Haiwee LAA #1 Current Flow,0.0
2026-09-30 12:43:07,Southern District,LAA #1 Flow at Fairmont Reservoir,123.0
2026-09-30 12:43:07,Southern District,LAA #2 Flow at Fairmont Res.,148.6
2026-09-30 12:43:07,Southern District,Bouquet Reservoir Inflow,0.0
2026-09-30 12:43:07,Southern District,Bouquet Reservoir Outflow,61.3
2026-09-30 12:43:07,Southern District,LAA #1 at Soledad Flow,128.0
2026-09-30 12:43:07,Southern District,LAA #2 at Soledad Flow,204.6
2026-09-30 12:43:08,Mono Basin,Mono Lk. Elevation,6381.7
2026-09-30 12:43:08,Mono Basin,Grant Lk. Elevation,7128.2
2026-09-30 12:43:08,Long Valley,Long Valley Elevation,6765.5
2026-09-30 12:43:08,Northern Owens Valley,Pleasant Valley Elevation,4385.5
2026-09-30 12:43:08,Southern Owens Valley,LAA at Alabama Level,7.4
2026-09-30 12:43:08,Southern Owens Valley,LAA at Alabama Water Temp,61.3
2026-09-30 12:43:08,Southern Owens Valley,LAA at Cottonwood Level,7.5
2026-09-30 12:43:08,Southern Owens Valley,LAA at Cotton. Water Temp,62.4
2026-09-30 12:43:08,Southern Owens Valley,N. Haiwee Elevation,3756.9
2026-09-30 12:43:08,Southern Owens Valley,S. Haiwee Reservoir Elevation,3720.2
2026-09-30 12:43:08,Southern District,S. Haiwee Reservoir Elevation,3720.2
2026-09-30 12:43:08,Southern District,Fairmont Reservoir Elevation,3021.9
2026-09-30 12:43:08,Southern District,Bouquet Reservoir Elevation,2977.5
2026-09-30 12:58:07,Mono Basin,Lee Vining Intake Above Flow,23.2
2026-09-30 12:58:07,Mono Basin,Lee Vining Intake Below Flow,22.6
2026-09-30 12:58:07,Mono Basin,Walker Ck. Above Conduit Flow,2.0
2026-09-30 12:58:07,Mono Basin,L.V. Conduit Below Intake Flow,0.3
2026-09-30 12:58:07,Mono Basin,Walker Ck. Under Conduit Flow,3.0
2026-09-30 12:58:07,Mono Basin,Parker Ck. Under Conduit Flow,6.0
2026-09-30 12:58:07,Mono Basin,Parker Ck. Above Conduit Flow,6.0
2026-09-30 12:58:07,Mono Basin,Grant Lk. Spill Flow,0.0
2026-09-30 12:58:07,Mono Basin,Mono Gate 1 Return Ditch Flow,41.3
2026-09-30 12:58:07,Mono Basin,Grant Lk. Outflow,39.1
2026-09-30 12:58:07,Mono Basin,Rush Ck. at Damsite Flow,25.8
2026-09-30 12:58:07,Mono Basin,Flow to West Portal,0.0
2026-09-30 12:58:07,Long Valley,East Portal Flow,12.0
2026-09-30 12:58:07,Long Valley,OR Below EP Flow,58.0
2026-09-30 12:58:07,Long Valley,Hot Ck.at Hwy. Flow,6.0
2026-09-30 12:58:07,Long Valley,McGee Ck. Lower Sta. Flow,8.0
2026-09-30 12:58:07,Long Valley,Long Valley Current Outflow,226.9
2026-09-30 12:58:07,Long Valley,Rock Ck. Div. Flow,0.0
2026-09-30 12:58:07,Long Valley,Upper Gorge Total Release,38.8
2026-09-30 12:58:07,Long Valley,Release at Middle Gorge,0.0
2026-09-30 12:58:07,Northern Owens Valley,Rock Ck. At Owens River (PV) Flow,28.7
2026-09-30 12:58:07,Northern Owens Valley,Pleasant Valley Outflow,380.1
2026-09-30 12:58:07,Northern Owens Valley,Baker Ck. At LA Station Flow,6.2
2026-09-30 12:58:07,Northern Owens Valley,Big Pine Ck. USGS Flow,23.2
2026-09-30 12:58:07,Northern Owens Valley,O.R. Below Big Pine,452.8
2026-09-30 12:58:07,Northern Owens Valley,Fish Springs At RR Flow,35.3
2026-09-30 12:58:07,Northern Owens Valley,Tinemaha Reservoir Outflow,377.6
2026-09-30 12:58:07,Northern Owens Valley,Bishop Creek Through Plant 6,58.6
2026-09-30 12:58:07,Northern Owens Valley,Bishop Creek Around Plant 6,6.1
2026-09-30 12:58:07,Southern Owens Valley,Tinemaha Reservoir Outflow,377.6
2026-09-30 12:58:07,Southern Owens Valley,Indep. Ck. At Junction Flow,2.9
2026-09-30 12:58:07,Southern Owens Valley,LAA at Alabama Flow,357.0
2026-09-30 12:58:07,Southern Owens Valley,Cottonwood Ck. At LAA Flow,0.0
2026-09-30 12:58:07,Southern Owens Valley,LAA at Cottonwood Flow,326.0
2026-09-30 12:58:07,Southern Owens Valley,Haiwee LAA #1 Current Flow,0.0
2026-09-30 12:58:07,Southern Owens Valley,Haiwee LAA #2 Current Flow,61.9
2026-09-30 12:58:07,Southern Owens Valley,Reinhackel Flow,2.8
2026-09-30 12:58:07,Southern Owens Valley,Lubkin Spillgate Outflow,62.4
2026-09-30 12:58:07,Southern Owens Valley,Cartago Spillgate Outflow,101.7
2026-09-30 12:58:07,Southern Owens Valley,Lone Pine Creek Flow,5.1
2026-09-30 12:58:07,Lower Owens River Project,LORP Intake Flow,80.0
2026-09-30 12:58:07,Lower Owens River Project,LORP at Mazourka Canyon Road,0.0
2026-09-30 12:58:07,Lower Owens River Project,LORP at Reinhackle Springs,61.0
2026-09-30 12:58:07,Lower Owens River Project,LORP Above Pumpstation,50.0
2026-09-30 12:58:07,Lower Owens River Project,LORP At Pump Station Discharge Flow,39.0
2026-09-30 12:58:07,Southern District,Haiwee LAA #2 Current Flow,61.9
2026-09-30 12:58:07,Southern District,Haiwee LAA #1 Current Flow,0.0
2026-09-30 12:58:07,Southern District,LAA #1 Flow at Fairmont Reservoir,123.2
2026-09-30 12:58:07,Southern District,LAA #2 Flow at Fairmont Res.,148.6
2026-09-30 12:58:07,Southern District,Bouquet Reservoir Inflow,0.0
2026-09-30 12:58:07,Southern District,Bouquet Reservoir Outflow,60.0
2026-09-30 12:58:07,Southern District,LAA #1 at Soledad Flow,128.0
2026-09-30 12:58:07,Southern District,LAA #2 at Soledad Flow,204.6
2026-09-30 12:58:08,Mono Basin,Mono Lk. Elevation,6381.7
2026-09-30 12:58:08,Mono Basin,Grant Lk. Elevation,7128.2
2026-09-30 12:58:08,Long Valley,Long Valley Elevation,6765.5
2026-09-30 12:58:08,Northern Owens Valley,Pleasant Valley Elevation,4385.5
2026-09-30 12:58:08,Northern Owens Valley,Tinemaha Elevation,3860.4
2026-09-30 12:58:08,Southern Owens Valley,Tinemaha Elevation,3860.4
2026-09-30 12:58:08,Southern Owens Valley,LAA at Alabama Level,7.4
2026-09-30 12:58:08,Southern Owens Valley,LAA at Alabama Water Temp,61.3
2026-09-30 12:58:08,Southern Owens Valley,LAA at Cottonwood Level,7.5
2026-09-30 12:58:08,Southern Owens Valley,LAA at Cotton. Water Temp,62.6
2026-09-30 12:58:08,Southern Owens Valley,N. Haiwee Elevation,3756.9
2026-09-30 12:58:08,Southern Owens Valley,S. Haiwee Reservoir Elevation,3720.2
2026-09-30 12:58:08,Southern District,S. Haiwee Reservoir Elevation,3720.2
2026-09-30 12:58:08,Southern District,Fairmont Reservoir Elevation,3022.0
2026-09-30 12:58:08,Southern District,Bouquet Reservoir Elevation,2977.5
2026-09-30 13:13:07,Mono Basin,Lee Vining Intake Above Flow,23.3
2026-09-30 13:13:07,Mono Basin,Lee Vining Intake Below Flow,22.6
2026-09-30 13:13:07,Mono Basin,Walker Ck. Above Conduit Flow,2.0
2026-09-30 13:13:07,Mono Basin,L.V. Conduit Below Intake Flow,0.3
2026-09-30 13:13:07,Mono Basin,Walker Ck. Under Conduit Flow,3.0
2026-09-30 13:13:07,Mono Basin,Parker Ck. Under Conduit Flow,6.0
2026-09-30 13:13:07,Mono Basin,Parker Ck. Above Conduit Flow,6.0
2026-09-30 13:13:07,Mono Basin,Grant Lk. Spill Flow,0.0
2026-09-30 13:13:07,Mono Basin,Mono Gate 1 Return Ditch Flow,41.3
2026-09-30 13:13:07,Mono Basin,Grant Lk. Outflow,39.1
2026-09-30 13:13:07,Mono Basin,Rush Ck. at Damsite Flow,25.8
2026-09-30 13:13:07,Mono Basin,Flow to West Portal,0.0
2026-09-30 13:13:07,Long Valley,East Portal Flow,12.0
2026-09-30 13:13:07,Long Valley,OR Below EP Flow,58.0
2026-09-30 13:13:07,Long Valley,Hot Ck.at Hwy. Flow,6.0
2026-09-30 13:13:07,Long Valley,McGee Ck. Lower Sta. Flow,8.0
2026-09-30 13:13:07,Long Valley,Long Valley Current Outflow,226.9
2026-09-30 13:13:07,Long Valley,Rock Ck. Div. Flow,0.0
2026-09-30 13:13:07,Long Valley,Upper Gorge Total Release,36.8
2026-09-30 13:13:07,Long Valley,Release at Middle Gorge,0.0
2026-09-30 13:13:07,Northern Owens Valley,Rock Ck. At Owens River (PV) Flow,28.7
2026-09-30 13:13:07,Northern Owens Valley,Pleasant Valley Outflow,382.9
2026-09-30 13:13:07,Northern Owens Valley,Baker Ck. At LA Station Flow,6.2
2026-09-30 13:13:07,Northern Owens Valley,Big Pine Ck. USGS Flow,23.2
2026-09-30 13:13:07,Northern Owens Valley,O.R. Below Big Pine,450.9
2026-09-30 13:13:07,Northern Owens Valley,Fish Springs At RR Flow,35.3
2026-09-30 13:13:07,Northern Owens Valley,Tinemaha Reservoir Outflow,377.6
2026-09-30 13:13:07,Northern Owens Valley,Bishop Creek Through Plant 6,58.6
2026-09-30 13:13:07,Northern Owens Valley,Bishop Creek Around Plant 6,6.1
2026-09-30 13:13:07,Southern Owens Valley,Tinemaha Reservoir Outflow,377.6
2026-09-30 13:13:07,Southern Owens Valley,Indep. Ck. At Junction Flow,2.9
2026-09-30 13:13:07,Southern Owens Valley,LAA at Alabama Flow,358.0
2026-09-30 13:13:07,Southern Owens Valley,Cottonwood Ck. At LAA Flow,0.0
2026-09-30 13:13:07,Southern Owens Valley,LAA at Cottonwood Flow,326.0
2026-09-30 13:13:07,Southern Owens Valley,Haiwee LAA #1 Current Flow,0.0
2026-09-30 13:13:07,Southern Owens Valley,Haiwee LAA #2 Current Flow,61.9
2026-09-30 13:13:07,Southern Owens Valley,Reinhackel Flow,2.8
2026-09-30 13:13:07,Southern Owens Valley,Lubkin Spillgate Outflow,62.4
2026-09-30 13:13:07,Southern Owens Valley,Cartago Spillgate Outflow,100.7
2026-09-30 13:13:07,Southern Owens Valley,Lone Pine Creek Flow,5.1
2026-09-30 13:13:07,Lower Owens River Project,LORP Intake Flow,80.0
2026-09-30 13:13:07,Lower Owens River Project,LORP at Mazourka Canyon Road,0.0
2026-09-30 13:13:07,Lower Owens River Project,LORP at Reinhackle Springs,61.0
2026-09-30 13:13:07,Lower Owens River Project,LORP Above Pumpstation,59.0
2026-09-30 13:13:07,Lower Owens River Project,LORP At Pump Station Discharge Flow,48.0
2026-09-30 13:13:07,Southern District,Haiwee LAA #2 Current Flow,61.9
2026-09-30 13:13:07,Southern District,Haiwee LAA #1 Current Flow,0.0
2026-09-30 13:13:07,Southern District,LAA #1 Flow at Fairmont Reservoir,122.2
2026-09-30 13:13:07,Southern District,LAA #2 Flow at Fairmont Res.,148.6
2026-09-30 13:13:07,Southern District,Bouquet Reservoir Inflow,0.0
2026-09-30 13:13:07,Southern District,Bouquet Reservoir Outflow,60.0
2026-09-30 13:13:07,Southern District,LAA #1 at Soledad Flow,128.0
2026-09-30 13:13:07,Southern District,LAA #2 at Soledad Flow,204.6
2026-09-30 13:13:08,Mono Basin,Mono Lk. Elevation,6381.7
2026-09-30 13:13:08,Mono Basin,Grant Lk. Elevation,7128.2
2026-09-30 13:13:08,Long Valley,Long Valley Elevation,6765.5
2026-09-30 13:13:08,Northern Owens Valley,Pleasant Valley Elevation,4385.5
2026-09-30 13:13:08,Southern Owens Valley,LAA at Alabama Level,7.4
2026-09-30 13:13:08,Southern Owens Valley,LAA at Alabama Water Temp,61.5
2026-09-30 13:13:08,Southern Owens Valley,LAA at Cottonwood Level,7.5
2026-09-30 13:13:08,Southern Owens Valley,LAA at Cotton. Water Temp,62.8
2026-09-30 13:13:08,Southern Owens Valley,N. Haiwee Elevation,3756.9
2026-09-30 13:13:08,Southern Owens Valley,S. Haiwee Reservoir Elevation,3720.2
2026-09-30 13:13:08,Southern District,S. Haiwee Reservoir Elevation,3720.2
2026-09-30 13:13:08,Southern District,Fairmont Reservoir Elevation,3022.0
2026-09-30 13:13:08,Southern District,Bouquet Reservoir Elevation,2977.5
2026-09-30 13:28:07,Mono Basin,Lee Vining Intake Above Flow,23.3
2026-09-30 13:28:07,Mono Basin,Lee Vining Intake Below Flow,22.6
2026-09-30 13:28:07,Mono Basin,Walker Ck. Above Conduit Flow,2.0
2026-09-30 13:28:07,Mono Basin,L.V. Conduit Below Intake Flow,0.3
2026-09-30 13:28:07,Mono Basin,Walker Ck. Under Conduit Flow,3.0
2026-09-30 13:28:07,Mono Basin,Parker Ck. Under Conduit Flow,6.0
2026-09-30 13:28:07,Mono Basin,Parker Ck. Above Conduit Flow,6.0
2026-09-30 13:28:07,Mono Basin,Grant Lk. Spill Flow,0.0
2026-09-30 13:28:07,Mono Basin,Mono Gate 1 Return Ditch Flow,41.3
2026-09-30 13:28:07,Mono Basin,Grant Lk. Outflow,39.1
2026-09-30 13:28:07,Mono Basin,Rush Ck. at Damsite Flow,25.8
2026-09-30 13:28:07,Mono Basin,Flow to West Portal,0.0
2026-09-30 13:28:07,Long Valley,East Portal Flow,12.0
2026-09-30 13:28:07,Long Valley,OR Below EP Flow,59.0
2026-09-30 13:28:07,Long Valley,Hot Ck.at Hwy. Flow,6.0
2026-09-30 13:28:07,Long Valley,McGee Ck. Lower Sta. Flow,8.0
2026-09-30 13:28:07,Long Valley,Long Valley Current Outflow,226.6
2026-09-30 13:28:07,Long Valley,Rock Ck. Div. Flow,0.0
2026-09-30 13:28:07,Long Valley,Upper Gorge Total Release,36.9
2026-09-30 13:28:07,Long Valley,Release at Middle Gorge,0.0
2026-09-30 13:28:07,Northern Owens Valley,Rock Ck. At Owens River (PV) Flow,28.7
2026-09-30 13:28:07,Northern Owens Valley,Pleasant Valley Outflow,382.6
2026-09-30 13:28:07,Northern Owens Valley,Baker Ck. At LA Station Flow,6.2
2026-09-30 13:28:07,Northern Owens Valley,Big Pine Ck. USGS Flow,23.2
2026-09-30 13:28:07,Northern Owens Valley,O.R. Below Big Pine,451.0
2026-09-30 13:28:07,Northern Owens Valley,Fish Springs At RR Flow,35.3
2026-09-30 13:28:07,Northern Owens Valley,Tinemaha Reservoir Outflow,377.6
2026-09-30 13:28:07,Northern Owens Valley,Bishop Creek Through Plant 6,59.4
2026-09-30 13:28:07,Northern Owens Valley,Bishop Creek Around Plant 6,6.1
2026-09-30 13:28:07,Southern Owens Valley,Tinemaha Reservoir Outflow,377.6
2026-09-30 13:28:07,Southern Owens Valley,Indep. Ck. At Junction Flow,2.9
2026-09-30 13:28:07,Southern Owens Valley,LAA at Alabama Flow,358.0
2026-09-30 13:28:07,Southern Owens Valley,Cottonwood Ck. At LAA Flow,0.0
2026-09-30 13:28:07,Southern Owens Valley,LAA at Cottonwood Flow,326.0
2026-09-30 13:28:07,Southern Owens Valley,Haiwee LAA #1 Current Flow,0.0
2026-09-30 13:28:07,Southern Owens Valley,Haiwee LAA #2 Current Flow,61.9
2026-09-30 13:28:07,Southern Owens Valley,Reinhackel Flow,2.8
2026-09-30 13:28:07,Southern Owens Valley,Lubkin Spillgate Outflow,57.2
2026-09-30 13:28:07,Southern Owens Valley,Cartago Spillgate Outflow,99.8
2026-09-30 13:28:07,Southern Owens Valley,Lone Pine Creek Flow,5.1
2026-09-30 13:28:07,Lower Owens River Project,LORP Intake Flow,80.0
2026-09-30 13:28:07,Lower Owens River Project,LORP at Mazourka Canyon Road,0.0
2026-09-30 13:28:07,Lower Owens River Project,LORP at Reinhackle Springs,56.0
2026-09-30 13:28:07,Lower Owens River Project,LORP Above Pumpstation,58.0
2026-09-30 13:28:07,Lower Owens River Project,LORP At Pump Station Discharge Flow,48.0
2026-09-30 13:28:07,Southern District,Haiwee LAA #2 Current Flow,61.9
2026-09-30 13:28:07,Southern District,Haiwee LAA #1 Current Flow,0.0
2026-09-30 13:28:07,Southern District,LAA #1 Flow at Fairmont Reservoir,123.6
2026-09-30 13:28:07,Southern District,LAA #2 Flow at Fairmont Res.,148.6
2026-09-30 13:28:07,Southern District,Bouquet Reservoir Inflow,0.0
2026-09-30 13:28:07,Southern District,Bouquet Reservoir Outflow,60.0
2026-09-30 13:28:07,Southern District,LAA #1 at Soledad Flow,128.0
2026-09-30 13:28:07,Southern District,LAA #2 at Soledad Flow,204.6
2026-09-30 13:28:08,Mono Basin,Mono Lk. Elevation,6381.7
2026-09-30 13:28:08,Mono Basin,Grant Lk. Elevation,7128.2
2026-09-30 13:28:08,Long Valley,Long Valley Elevation,6765.5
2026-09-30 13:28:08,Northern Owens Valley,Pleasant Valley Elevation,4385.5
2026-09-30 13:28:08,Northern Owens Valley,Tinemaha Elevation,3860.4
2026-09-30 13:28:08,Southern Owens Valley,Tinemaha Elevation,3860.4
2026-09-30 13:28:08,Southern Owens Valley,LAA at Alabama Level,7.4
2026-09-30 13:28:08,Southern Owens Valley,LAA at Alabama Water Temp,61.5
2026-09-30 13:28:08,Southern Owens Valley,LAA at Cottonwood Level,7.5
2026-09-30 13:28:08,Southern Owens Valley,LAA at Cotton. Water Temp,62.8
2026-09-30 13:28:08,Southern Owens Valley,N. Haiwee Elevation,3756.9
2026-09-30 13:28:08,Southern Owens Valley,S. Haiwee Reservoir Elevation,3720.2
2026-09-30 13:28:08,Southern District,S. Haiwee Reservoir Elevation,3720.2
2026-09-30 13:28:08,Southern District,Fairmont Reservoir Elevation,3022.0
2026-09-30 13:28:08,Southern District,Bouquet Reservoir Elevation,2977.5
2026-09-30 13:43:07,Mono Basin,Lee Vining Intake Above Flow,23.5
2026-09-30 13:43:07,Mono Basin,Lee Vining Intake Below Flow,22.5
2026-09-30 13:43:07,Mono Basin,Walker Ck. Above Conduit Flow,0.0
2026-09-30 13:43:07,Mono Basin,L.V. Conduit Below Intake Flow,0.3
2026-09-30 13:43:07,Mono Basin,Walker Ck. Under Conduit Flow,3.0
2026-09-30 13:43:07,Mono Basin,Parker Ck. Under Conduit Flow,6.0
2026-09-30 13:43:07,Mono Basin,Parker Ck. Above Conduit Flow,6.0
2026-09-30 13:43:07,Mono Basin,Grant Lk. Spill Flow,0.0
2026-09-30 13:43:07,Mono Basin,Mono Gate 1 Return Ditch Flow,41.3
2026-09-30 13:43:07,Mono Basin,Grant Lk. Outflow,39.1
2026-09-30 13:43:07,Mono Basin,Rush Ck. at Damsite Flow,25.8
2026-09-30 13:43:07,Mono Basin,Flow to West Portal,0.0
2026-09-30 13:43:07,Long Valley,East Portal Flow,12.0
2026-09-30 13:43:07,Long Valley,OR Below EP Flow,59.0
2026-09-30 13:43:07,Long Valley,Hot Ck.at Hwy. Flow,6.0
2026-09-30 13:43:07,Long Valley,McGee Ck. Lower Sta. Flow,8.0
2026-09-30 13:43:07,Long Valley,Long Valley Current Outflow,226.6
2026-09-30 13:43:07,Long Valley,Rock Ck. Div. Flow,0.0
2026-09-30 13:43:07,Long Valley,Upper Gorge Total Release,37.3
2026-09-30 13:43:07,Long Valley,Release at Middle Gorge,0.0
2026-09-30 13:43:07,Northern Owens Valley,Rock Ck. At Owens River (PV) Flow,28.7
2026-09-30 13:43:07,Northern Owens Valley,Pleasant Valley Outflow,381.3
2026-09-30 13:43:07,Northern Owens Valley,Baker Ck. At LA Station Flow,6.2
2026-09-30 13:43:07,Northern Owens Valley,Big Pine Ck. USGS Flow,23.2
2026-09-30 13:43:07,Northern Owens Valley,O.R. Below Big Pine,449.7
2026-09-30 13:43:07,Northern Owens Valley,Fish Springs At RR Flow,35.3
2026-09-30 13:43:07,Northern Owens Valley,Tinemaha Reservoir Outflow,377.6
2026-09-30 13:43:07,Northern Owens Valley,Bishop Creek Through Plant 6,59.4
2026-09-30 13:43:07,Northern Owens Valley,Bishop Creek Around Plant 6,6.1
2026-09-30 13:43:07,Southern Owens Valley,Tinemaha Reservoir Outflow,377.6
2026-09-30 13:43:07,Southern Owens Valley,Indep. Ck. At Junction Flow,2.9
2026-09-30 13:43:07,Southern Owens Valley,LAA at Alabama Flow,358.0
2026-09-30 13:43:07,Southern Owens Valley,Cottonwood Ck. At LAA Flow,0.0
2026-09-30 13:43:07,Southern Owens Valley,LAA at Cottonwood Flow,325.0
2026-09-30 13:43:07,Southern Owens Valley,Haiwee LAA #1 Current Flow,0.0
2026-09-30 13:43:07,Southern Owens Valley,Haiwee LAA #2 Current Flow,61.9
2026-09-30 13:43:07,Southern Owens Valley,Reinhackel Flow,2.8
2026-09-30 13:43:07,Southern Owens Valley,Lubkin Spillgate Outflow,57.2
2026-09-30 13:43:07,Southern Owens Valley,Cartago Spillgate Outflow,98.6
2026-09-30 13:43:07,Southern Owens Valley,Lone Pine Creek Flow,5.1
2026-09-30 13:43:07,Lower Owens River Project,LORP Intake Flow,80.0
2026-09-30 13:43:07,Lower Owens River Project,LORP at Mazourka Canyon Road,0.0
2026-09-30 13:43:07,Lower Owens River Project,LORP at Reinhackle Springs,56.0
2026-09-30 13:43:07,Lower Owens River Project,LORP Above Pumpstation,58.0
2026-09-30 13:43:07,Lower Owens River Project,LORP At Pump Station Discharge Flow,48.0
2026-09-30 13:43:07,Southern District,Haiwee LAA #2 Current Flow,61.9
2026-09-30 13:43:07,Southern District,Haiwee LAA #1 Current Flow,0.0
2026-09-30 13:43:07,Southern District,LAA #1 Flow at Fairmont Reservoir,122.8
2026-09-30 13:43:07,Southern District,LAA #2 Flow at Fairmont Res.,148.6
2026-09-30 13:43:07,Southern District,Bouquet Reservoir Inflow,0.0
2026-09-30 13:43:07,Southern District,Bouquet Reservoir Outflow,60.0
2026-09-30 13:43:07,Southern District,LAA #1 at Soledad Flow,128.0
2026-09-30 13:43:07,Southern District,LAA #2 at Soledad Flow,204.6
2026-09-30 13:43:08,Mono Basin,Mono Lk. Elevation,6381.7
2026-09-30 13:43:08,Mono Basin,Grant Lk. Elevation,7128.2
2026-09-30 13:43:08,Long Valley,Long Valley Elevation,6765.5
2026-09-30 13:43:08,Northern Owens Valley,Pleasant Valley Elevation,4385.4
2026-09-30 13:43:08,Southern Owens Valley,LAA at Alabama Level,7.4
2026-09-30 13:43:08,Southern Owens Valley,LAA at Alabama Water Temp,61.5
2026-09-30 13:43:08,Southern Owens Valley,LAA at Cottonwood Level,7.5
2026-09-30 13:43:08,Southern Owens Valley,LAA at Cotton. Water Temp,63.1
2026-09-30 13:43:08,Southern Owens Valley,N. Haiwee Elevation,3756.9
2026-09-30 13:43:08,Southern Owens Valley,S. Haiwee Reservoir Elevation,3720.2
2026-09-30 13:43:08,Southern District,S. Haiwee Reservoir Elevation,3720.2
2026-09-30 13:43:08,Southern District,Fairmont Reservoir Elevation,3022.0
2026-09-30 13:43:08,Southern District,Bouquet Reservoir Elevation,2977.5
2026-09-30 13:58:07,Mono Basin,Lee Vining Intake Above Flow,23.5
2026-09-30 13:58:07,Mono Basin,Lee Vining Intake Below Flow,22.5
2026-09-30 13:58:07,Mono Basin,Walker Ck. Above Conduit Flow,0.0
2026-09-30 13:58:07,Mono Basin,L.V. Conduit Below Intake Flow,0.3
2026-09-30 13:58:07,Mono Basin,Walker Ck. Under Conduit Flow,3.0
2026-09-30 13:58:07,Mono Basin,Parker Ck. Under Conduit Flow,6.0
2026-09-30 13:58:07,Mono Basin,Parker Ck. Above Conduit Flow,6.0
2026-09-30 13:58:07,Mono Basin,Grant Lk. Spill Flow,0.0
2026-09-30 13:58:07,Mono Basin,Mono Gate 1 Return Ditch Flow,41.3
2026-09-30 13:58:07,Mono Basin,Grant Lk. Outflow,39.1
2026-09-30 13:58:07,Mono Basin,Rush Ck. at Damsite Flow,25.8
2026-09-30 13:58:07,Mono Basin,Flow to West Portal,0.0
2026-09-30 13:58:07,Long Valley,East Portal Flow,12.0
2026-09-30 13:58:07,Long Valley,OR Below EP Flow,58.0
2026-09-30 13:58:07,Long Valley,Hot Ck.at Hwy. Flow,6.0
2026-09-30 13:58:07,Long Valley,McGee Ck. Lower Sta. Flow,8.0
2026-09-30 13:58:07,Long Valley,Long Valley Current Outflow,226.6
2026-09-30 13:58:07,Long Valley,Rock Ck. Div. Flow,0.0
2026-09-30 13:58:07,Long Valley,Upper Gorge Total Release,38.1
2026-09-30 13:58:07,Long Valley,Release at Middle Gorge,0.0
2026-09-30 13:58:07,Northern Owens Valley,Rock Ck. At Owens River (PV) Flow,28.7
2026-09-30 13:58:07,Northern Owens Valley,Pleasant Valley Outflow,381.3
2026-09-30 13:58:07,Northern Owens Valley,Baker Ck. At LA Station Flow,6.3
2026-09-30 13:58:07,Northern Owens Valley,Big Pine Ck. USGS Flow,23.2
2026-09-30 13:58:07,Northern Owens Valley,O.R. Below Big Pine,447.4
2026-09-30 13:58:07,Northern Owens Valley,Fish Springs At RR Flow,35.3
2026-09-30 13:58:07,Northern Owens Valley,Tinemaha Reservoir Outflow,377.6
2026-09-30 13:58:07,Northern Owens Valley,Bishop Creek Through Plant 6,59.4
2026-09-30 13:58:07,Northern Owens Valley,Bishop Creek Around Plant 6,6.1
2026-09-30 13:58:07,Southern Owens Valley,Tinemaha Reservoir Outflow,377.6
2026-09-30 13:58:07,Southern Owens Valley,Indep. Ck. At Junction Flow,2.9
2026-09-30 13:58:07,Southern Owens Valley,LAA at Alabama Flow,358.0
2026-09-30 13:58:07,Southern Owens Valley,Cottonwood Ck. At LAA Flow,0.0
2026-09-30 13:58:07,Southern Owens Valley,LAA at Cottonwood Flow,325.0
2026-09-30 13:58:07,Southern Owens Valley,Haiwee LAA #1 Current Flow,0.0
2026-09-30 13:58:07,Southern Owens Valley,Haiwee LAA #2 Current Flow,61.9
2026-09-30 13:58:07,Southern Owens Valley,Reinhackel Flow,2.8
2026-09-30 13:58:07,Southern Owens Valley,Lubkin Spillgate Outflow,57.2
2026-09-30 13:58:07,Southern Owens Valley,Cartago Spillgate Outflow,99.2
2026-09-30 13:58:07,Southern Owens Valley,Lone Pine Creek Flow,5.1
2026-09-30 13:58:07,Lower Owens River Project,LORP Intake Flow,80.0
2026-09-30 13:58:07,Lower Owens River Project,LORP at Mazourka Canyon Road,0.0
2026-09-30 13:58:07,Lower Owens River Project,LORP at Reinhackle Springs,56.0
2026-09-30 13:58:07,Lower Owens River Project,LORP Above Pumpstation,60.0
2026-09-30 13:58:07,Lower Owens River Project,LORP At Pump Station Discharge Flow,49.0
2026-09-30 13:58:07,Southern District,Haiwee LAA #2 Current Flow,61.9
2026-09-30 13:58:07,Southern District,Haiwee LAA #1 Current Flow,0.0
2026-09-30 13:58:07,Southern District,LAA #1 Flow at Fairmont Reservoir,122.8
2026-09-30 13:58:07,Southern District,LAA #2 Flow at Fairmont Res.,148.6
2026-09-30 13:58:07,Southern District,Bouquet Reservoir Inflow,0.0
2026-09-30 13:58:07,Southern District,Bouquet Reservoir Outflow,60.0
2026-09-30 13:58:07,Southern District,LAA #1 at Soledad Flow,128.0
2026-09-30 13:58:07,Southern District,LAA #2 at Soledad Flow,204.6
2026-09-30 13:58:08,Mono Basin,Mono Lk. Elevation,6381.7
2026-09-30 13:58:08,Mono Basin,Grant Lk. Elevation,7128.2
2026-09-30 13:58:08,Long Valley,Long Valley Elevation,6765.5
2026-09-30 13:58:08,Northern Owens Valley,Pleasant Valley Elevation,4385.4
2026-09-30 13:58:08,Northern Owens Valley,Tinemaha Elevation,3860.4
2026-09-30 13:58:08,Southern Owens Valley,Tinemaha Elevation,3860.4
2026-09-30 13:58:08,Southern Owens Valley,LAA at Alabama Level,7.4
2026-09-30 13:58:08,Southern Owens Valley,LAA at Alabama Water Temp,61.5
2026-09-30 13:58:08,Southern Owens Valley,LAA at Cottonwood Level,7.5
2026-09-30 13:58:08,Southern Owens Valley,LAA at Cotton. Water Temp,63.2
2026-09-30 13:58:08,Southern Owens Valley,N. Haiwee Elevation,3756.9
2026-09-30 13:58:08,Southern Owens Valley,S. Haiwee Reservoir Elevation,3720.2
2026-09-30 13:58:08,Southern District,S. Haiwee Reservoir Elevation,3720.2
2026-09-30 13:58:08,Southern District,Fairmont Reservoir Elevation,3022.0
2026-09-30 13:58:08,Southern District,Bouquet Reservoir Elevation,2977.5
2026-09-30 14:13:07,Mono Basin,Lee Vining Intake Above Flow,22.5
2026-09-30 14:13:07,Mono Basin,Lee Vining Intake Below Flow,22.4
2026-09-30 14:13:07,Mono Basin,Walker Ck. Above Conduit Flow,0.0
2026-09-30 14:13:07,Mono Basin,L.V. Conduit Below Intake Flow,0.3
2026-09-30 14:13:07,Mono Basin,Walker Ck. Under Conduit Flow,3.0
2026-09-30 14:13:07,Mono Basin,Parker Ck. Under Conduit Flow,6.0
2026-09-30 14:13:07,Mono Basin,Parker Ck. Above Conduit Flow,6.0
2026-09-30 14:13:07,Mono Basin,Grant Lk. Spill Flow,0.0
2026-09-30 14:13:07,Mono Basin,Mono Gate 1 Return Ditch Flow,41.3
2026-09-30 14:13:07,Mono Basin,Grant Lk. Outflow,39.1
2026-09-30 14:13:07,Mono Basin,Rush Ck. at Damsite Flow,25.8
2026-09-30 14:13:07,Mono Basin,Flow to West Portal,0.0
2026-09-30 14:13:07,Long Valley,East Portal Flow,12.0
2026-09-30 14:13:07,Long Valley,OR Below EP Flow,58.0
2026-09-30 14:13:07,Long Valley,Hot Ck.at Hwy. Flow,6.0
2026-09-30 14:13:07,Long Valley,McGee Ck. Lower Sta. Flow,8.0
2026-09-30 14:13:07,Long Valley,Long Valley Current Outflow,226.6
2026-09-30 14:13:07,Long Valley,Rock Ck. Div. Flow,0.0
2026-09-30 14:13:07,Long Valley,Upper Gorge Total Release,38.0
2026-09-30 14:13:07,Long Valley,Release at Middle Gorge,0.0
2026-09-30 14:13:07,Northern Owens Valley,Rock Ck. At Owens River (PV) Flow,28.7
2026-09-30 14:13:07,Northern Owens Valley,Pleasant Valley Outflow,381.0
2026-09-30 14:13:07,Northern Owens Valley,Baker Ck. At LA Station Flow,6.3
2026-09-30 14:13:07,Northern Owens Valley,Big Pine Ck. USGS Flow,23.2
2026-09-30 14:13:07,Northern Owens Valley,O.R. Below Big Pine,446.1
2026-09-30 14:13:07,Northern Owens Valley,Fish Springs At RR Flow,35.3
2026-09-30 14:13:07,Northern Owens Valley,Tinemaha Reservoir Outflow,377.6
2026-09-30 14:13:07,Northern Owens Valley,Bishop Creek Through Plant 6,59.4
2026-09-30 14:13:07,Northern Owens Valley,Bishop Creek Around Plant 6,6.1
2026-09-30 14:13:07,Southern Owens Valley,Tinemaha Reservoir Outflow,377.6
2026-09-30 14:13:07,Southern Owens Valley,Indep. Ck. At Junction Flow,2.9
2026-09-30 14:13:07,Southern Owens Valley,LAA at Alabama Flow,356.0
2026-09-30 14:13:07,Southern Owens Valley,Cottonwood Ck. At LAA Flow,0.0
2026-09-30 14:13:07,Southern Owens Valley,LAA at Cottonwood Flow,325.0
2026-09-30 14:13:07,Southern Owens Valley,Haiwee LAA #1 Current Flow,0.0
2026-09-30 14:13:07,Southern Owens Valley,Haiwee LAA #2 Current Flow,61.9
2026-09-30 14:13:07,Southern Owens Valley,Reinhackel Flow,2.8
2026-09-30 14:13:07,Southern Owens Valley,Lubkin Spillgate Outflow,57.2
2026-09-30 14:13:07,Southern Owens Valley,Cartago Spillgate Outflow,100.9
2026-09-30 14:13:07,Southern Owens Valley,Lone Pine Creek Flow,5.1
2026-09-30 14:13:07,Lower Owens River Project,LORP Intake Flow,80.0
2026-09-30 14:13:07,Lower Owens River Project,LORP at Mazourka Canyon Road,0.0
2026-09-30 14:13:07,Lower Owens River Project,LORP at Reinhackle Springs,56.0
2026-09-30 14:13:07,Lower Owens River Project,LORP Above Pumpstation,58.0
2026-09-30 14:13:07,Lower Owens River Project,LORP At Pump Station Discharge Flow,48.0
2026-09-30 14:13:07,Southern District,Haiwee LAA #2 Current Flow,61.9
2026-09-30 14:13:07,Southern District,Haiwee LAA #1 Current Flow,0.0
2026-09-30 14:13:07,Southern District,LAA #1 Flow at Fairmont Reservoir,122.9
2026-09-30 14:13:07,Southern District,LAA #2 Flow at Fairmont Res.,148.3
2026-09-30 14:13:07,Southern District,Bouquet Reservoir Inflow,0.0
2026-09-30 14:13:07,Southern District,Bouquet Reservoir Outflow,60.0
2026-09-30 14:13:07,Southern District,LAA #1 at Soledad Flow,128.0
2026-09-30 14:13:07,Southern District,LAA #2 at Soledad Flow,204.6
2026-09-30 14:13:08,Mono Basin,Mono Lk. Elevation,6381.7
2026-09-30 14:13:08,Mono Basin,Grant Lk. Elevation,7128.2
2026-09-30 14:13:08,Long Valley,Long Valley Elevation,6765.5
2026-09-30 14:13:08,Northern Owens Valley,Pleasant Valley Elevation,4385.4
2026-09-30 14:13:08,Southern Owens Valley,LAA at Alabama Level,7.3
2026-09-30 14:13:08,Southern Owens Valley,LAA at Alabama Water Temp,62.4
2026-09-30 14:13:08,Southern Owens Valley,LAA at Cottonwood Level,7.5
2026-09-30 14:13:08,Southern Owens Valley,LAA at Cotton. Water Temp,63.4
2026-09-30 14:13:08,Southern Owens Valley,N. Haiwee Elevation,3756.9
2026-09-30 14:13:08,Southern Owens Valley,S. Haiwee Reservoir Elevation,3720.2
2026-09-30 14:13:08,Southern District,S. Haiwee Reservoir Elevation,3720.2
2026-09-30 14:13:08,Southern District,Fairmont Reservoir Elevation,3022.1
2026-09-30 14:13:08,Southern District,Bouquet Reservoir Elevation,2977.5
2026-09-30 14:28:07,Mono Basin,Lee Vining Intake Above Flow,22.5
2026-09-30 14:28:07,Mono Basin,Lee Vining Intake Below Flow,22.4
2026-09-30 14:28:07,Mono Basin,Walker Ck. Above Conduit Flow,0.0
2026-09-30 14:28:07,Mono Basin,L.V. Conduit Below Intake Flow,0.3
2026-09-30 14:28:07,Mono Basin,Walker Ck. Under Conduit Flow,3.0
2026-09-30 14:28:07,Mono Basin,Parker Ck. Under Conduit Flow,6.0
2026-09-30 14:28:07,Mono Basin,Parker Ck. Above Conduit Flow,6.0
2026-09-30 14:28:07,Mono Basin,Grant Lk. Spill Flow,0.0
2026-09-30 14:28:07,Mono Basin,Mono Gate 1 Return Ditch Flow,41.3
2026-09-30 14:28:07,Mono Basin,Grant Lk. Outflow,39.1
2026-09-30 14:28:07,Mono Basin,Rush Ck. at Damsite Flow,25.8
2026-09-30 14:28:07,Mono Basin,Flow to West Portal,0.0
2026-09-30 14:28:07,Long Valley,East Portal Flow,12.0
2026-09-30 14:28:07,Long Valley,OR Below EP Flow,58.0
2026-09-30 14:28:07,Long Valley,Hot Ck.at Hwy. Flow,6.0
2026-09-30 14:28:07,Long Valley,McGee Ck. Lower Sta. Flow,8.0
2026-09-30 14:28:07,Long Valley,Long Valley Current Outflow,226.6
2026-09-30 14:28:07,Long Valley,Rock Ck. Div. Flow,0.0
2026-09-30 14:28:07,Long Valley,Upper Gorge Total Release,37.8
2026-09-30 14:28:07,Long Valley,Release at Middle Gorge,0.0
2026-09-30 14:28:07,Northern Owens Valley,Rock Ck. At Owens River (PV) Flow,28.7
2026-09-30 14:28:07,Northern Owens Valley,Pleasant Valley Outflow,382.9
2026-09-30 14:28:07,Northern Owens Valley,Baker Ck. At LA Station Flow,6.3
2026-09-30 14:28:07,Northern Owens Valley,Big Pine Ck. USGS Flow,23.2
2026-09-30 14:28:07,Northern Owens Valley,O.R. Below Big Pine,444.2
2026-09-30 14:28:07,Northern Owens Valley,Fish Springs At RR Flow,35.3
2026-09-30 14:28:07,Northern Owens Valley,Tinemaha Reservoir Outflow,377.6
2026-09-30 14:28:07,Northern Owens Valley,Bishop Creek Through Plant 6,59.4
2026-09-30 14:28:07,Northern Owens Valley,Bishop Creek Around Plant 6,6.1
2026-09-30 14:28:07,Southern Owens Valley,Tinemaha Reservoir Outflow,377.6
2026-09-30 14:28:07,Southern Owens Valley,Indep. Ck. At Junction Flow,2.9
2026-09-30 14:28:07,Southern Owens Valley,LAA at Alabama Flow,356.0
2026-09-30 14:28:07,Southern Owens Valley,Cottonwood Ck. At LAA Flow,0.0
2026-09-30 14:28:07,Southern Owens Valley,LAA at Cottonwood Flow,325.0
2026-09-30 14:28:07,Southern Owens Valley,Haiwee LAA #1 Current Flow,0.0
2026-09-30 14:28:07,Southern Owens Valley,Haiwee LAA #2 Current Flow,61.9
2026-09-30 14:28:07,Southern Owens Valley,Reinhackel Flow,2.8
2026-09-30 14:28:07,Southern Owens Valley,Lubkin Spillgate Outflow,57.2
2026-09-30 14:28:07,Southern Owens Valley,Cartago Spillgate Outflow,99.8
2026-09-30 14:28:07,Southern Owens Valley,Lone Pine Creek Flow,5.1
2026-09-30 14:28:07,Lower Owens River Project,LORP Intake Flow,80.0
2026-09-30 14:28:07,Lower Owens River Project,LORP at Mazourka Canyon Road,0.0
2026-09-30 14:28:07,Lower Owens River Project,LORP at Reinhackle Springs,61.0
2026-09-30 14:28:07,Lower Owens River Project,LORP Above Pumpstation,57.0
2026-09-30 14:28:07,Lower Owens River Project,LORP At Pump Station Discharge Flow,47.0
2026-09-30 14:28:07,Southern District,Haiwee LAA #2 Current Flow,61.9
2026-09-30 14:28:07,Southern District,Haiwee LAA #1 Current Flow,0.0
2026-09-30 14:28:07,Southern District,LAA #1 Flow at Fairmont Reservoir,123.2
2026-09-30 14:28:07,Southern District,LAA #2 Flow at Fairmont Res.,148.7
2026-09-30 14:28:07,Southern District,Bouquet Reservoir Inflow,0.0
2026-09-30 14:28:07,Southern District,Bouquet Reservoir Outflow,60.0
2026-09-30 14:28:07,Southern District,LAA #1 at Soledad Flow,128.0
2026-09-30 14:28:07,Southern District,LAA #2 at Soledad Flow,204.6
2026-09-30 14:28:08,Mono Basin,Mono Lk. Elevation,6381.7
2026-09-30 14:28:08,Mono Basin,Grant Lk. Elevation,7128.2
2026-09-30 14:28:08,Long Valley,Long Valley Elevation,6765.5
2026-09-30 14:28:08,Northern Owens Valley,Pleasant Valley Elevation,4385.4
2026-09-30 14:28:08,Northern Owens Valley,Tinemaha Elevation,3860.4
2026-09-30 14:28:08,Southern Owens Valley,Tinemaha Elevation,3860.4
2026-09-30 14:28:08,Southern Owens Valley,LAA at Alabama Level,7.3
2026-09-30 14:28:08,Southern Owens Valley,LAA at Alabama Water Temp,62.4
2026-09-30 14:28:08,Southern Owens Valley,LAA at Cottonwood Level,7.5
2026-09-30 14:28:08,Southern Owens Valley,LAA at Cotton. Water Temp,63.4
2026-09-30 14:28:08,Southern Owens Valley,N. Haiwee Elevation,3756.9
2026-09-30 14:28:08,Southern Owens Valley,S. Haiwee Reservoir Elevation,3720.2
2026-09-30 14:28:08,Southern District,S. Haiwee Reservoir Elevation,3720.2
2026-09-30 14:28:08,Southern District,Fairmont Reservoir Elevation,3022.1
2026-09-30 14:28:08,Southern District,Bouquet Reservoir Elevation,2977.5
2026-09-30 14:43:07,Mono Basin,Lee Vining Intake Above Flow,22.9
2026-09-30 14:43:07,Mono Basin,Lee Vining Intake Below Flow,22.4
2026-09-30 14:43:07,Mono Basin,Walker Ck. Above Conduit Flow,0.0
2026-09-30 14:43:07,Mono Basin,L.V. Conduit Below Intake Flow,0.3
2026-09-30 14:43:07,Mono Basin,Walker Ck. Under Conduit Flow,3.0
2026-09-30 14:43:07,Mono Basin,Parker Ck. Under Conduit Flow,6.0
2026-09-30 14:43:07,Mono Basin,Parker Ck. Above Conduit Flow,6.0
2026-09-30 14:43:07,Mono Basin,Grant Lk. Spill Flow,0.0
2026-09-30 14:43:07,Mono Basin,Mono Gate 1 Return Ditch Flow,41.3
2026-09-30 14:43:07,Mono Basin,Grant Lk. Outflow,39.1
2026-09-30 14:43:07,Mono Basin,Rush Ck. at Damsite Flow,25.8
2026-09-30 14:43:07,Mono Basin,Flow to West Portal,0.0
2026-09-30 14:43:07,Long Valley,East Portal Flow,12.0
2026-09-30 14:43:07,Long Valley,OR Below EP Flow,59.0
2026-09-30 14:43:07,Long Valley,Hot Ck.at Hwy. Flow,6.0
2026-09-30 14:43:07,Long Valley,McGee Ck. Lower Sta. Flow,8.0
2026-09-30 14:43:07,Long Valley,Long Valley Current Outflow,226.6
2026-09-30 14:43:07,Long Valley,Rock Ck. Div. Flow,0.0
2026-09-30 14:43:07,Long Valley,Upper Gorge Total Release,36.5
2026-09-30 14:43:07,Long Valley,Release at Middle Gorge,0.0
2026-09-30 14:43:07,Northern Owens Valley,Rock Ck. At Owens River (PV) Flow,28.7
2026-09-30 14:43:07,Northern Owens Valley,Pleasant Valley Outflow,380.7
2026-09-30 14:43:07,Northern Owens Valley,Baker Ck. At LA Station Flow,6.3
2026-09-30 14:43:07,Northern Owens Valley,Big Pine Ck. USGS Flow,23.2
2026-09-30 14:43:07,Northern Owens Valley,O.R. Below Big Pine,444.2
2026-09-30 14:43:07,Northern Owens Valley,Fish Springs At RR Flow,35.3
2026-09-30 14:43:07,Northern Owens Valley,Tinemaha Reservoir Outflow,377.6
2026-09-30 14:43:07,Northern Owens Valley,Bishop Creek Through Plant 6,59.4
2026-09-30 14:43:07,Northern Owens Valley,Bishop Creek Around Plant 6,6.1
2026-09-30 14:43:07,Southern Owens Valley,Tinemaha Reservoir Outflow,377.6
2026-09-30 14:43:07,Southern Owens Valley,Indep. Ck. At Junction Flow,2.9
2026-09-30 14:43:07,Southern Owens Valley,LAA at Alabama Flow,356.0
2026-09-30 14:43:07,Southern Owens Valley,Cottonwood Ck. At LAA Flow,0.0
2026-09-30 14:43:07,Southern Owens Valley,LAA at Cottonwood Flow,324.0
2026-09-30 14:43:07,Southern Owens Valley,Haiwee LAA #1 Current Flow,0.0
2026-09-30 14:43:07,Southern Owens Valley,Haiwee LAA #2 Current Flow,61.9
2026-09-30 14:43:07,Southern Owens Valley,Reinhackel Flow,2.8
2026-09-30 14:43:07,Southern Owens Valley,Lubkin Spillgate Outflow,63.3
2026-09-30 14:43:07,Southern Owens Valley,Cartago Spillgate Outflow,98.6
2026-09-30 14:43:07,Southern Owens Valley,Lone Pine Creek Flow,4.8
2026-09-30 14:43:07,Lower Owens River Project,LORP Intake Flow,80.0
2026-09-30 14:43:07,Lower Owens River Project,LORP at Mazourka Canyon Road,0.0
2026-09-30 14:43:07,Lower Owens River Project,LORP at Reinhackle Springs,61.0
2026-09-30 14:43:07,Lower Owens River Project,LORP Above Pumpstation,59.0
2026-09-30 14:43:07,Lower Owens River Project,LORP At Pump Station Discharge Flow,48.0
2026-09-30 14:43:07,Southern District,Haiwee LAA #2 Current Flow,61.9
2026-09-30 14:43:07,Southern District,Haiwee LAA #1 Current Flow,0.0
2026-09-30 14:43:07,Southern District,LAA #1 Flow at Fairmont Reservoir,123.0
2026-09-30 14:43:07,Southern District,LAA #2 Flow at Fairmont Res.,148.3
2026-09-30 14:43:07,Southern District,Bouquet Reservoir Inflow,0.0
2026-09-30 14:43:07,Southern District,Bouquet Reservoir Outflow,60.3
2026-09-30 14:43:07,Southern District,LAA #1 at Soledad Flow,128.0
2026-09-30 14:43:07,Southern District,LAA #2 at Soledad Flow,204.6
2026-09-30 14:43:08,Mono Basin,Mono Lk. Elevation,6381.7
2026-09-30 14:43:08,Mono Basin,Grant Lk. Elevation,7128.2
2026-09-30 14:43:08,Long Valley,Long Valley Elevation,6765.5
2026-09-30 14:43:08,Northern Owens Valley,Pleasant Valley Elevation,4385.3
2026-09-30 14:43:08,Southern Owens Valley,LAA at Alabama Level,7.3
2026-09-30 14:43:08,Southern Owens Valley,LAA at Alabama Water Temp,62.4
2026-09-30 14:43:08,Southern Owens Valley,LAA at Cottonwood Level,7.5
2026-09-30 14:43:08,Southern Owens Valley,LAA at Cotton. Water Temp,63.7
2026-09-30 14:43:08,Southern Owens Valley,N. Haiwee Elevation,3756.9
2026-09-30 14:43:08,Southern Owens Valley,S. Haiwee Reservoir Elevation,3720.3
2026-09-30 14:43:08,Southern District,S. Haiwee Reservoir Elevation,3720.3
2026-09-30 14:43:08,Southern District,Fairmont Reservoir Elevation,3022.1
2026-09-30 14:43:08,Southern District,Bouquet Reservoir Elevation,2977.5
2026-09-30 14:58:07,Mono Basin,Lee Vining Intake Above Flow,22.9
2026-09-30 14:58:07,Mono Basin,Lee Vining Intake Below Flow,22.4
2026-09-30 14:58:07,Mono Basin,Walker Ck. Above Conduit Flow,0.0
2026-09-30 14:58:07,Mono Basin,L.V. Conduit Below Intake Flow,0.3
2026-09-30 14:58:07,Mono Basin,Walker Ck. Under Conduit Flow,3.0
2026-09-30 14:58:07,Mono Basin,Parker Ck. Under Conduit Flow,6.0
2026-09-30 14:58:07,Mono Basin,Parker Ck. Above Conduit Flow,6.0
2026-09-30 14:58:07,Mono Basin,Grant Lk. Spill Flow,0.0
2026-09-30 14:58:07,Mono Basin,Mono Gate 1 Return Ditch Flow,41.3
2026-09-30 14:58:07,Mono Basin,Grant Lk. Outflow,39.1
2026-09-30 14:58:07,Mono Basin,Rush Ck. at Damsite Flow,25.8
2026-09-30 14:58:07,Mono Basin,Flow to West Portal,0.0
2026-09-30 14:58:07,Long Valley,East Portal Flow,12.0
2026-09-30 14:58:07,Long Valley,OR Below EP Flow,58.0
2026-09-30 14:58:07,Long Valley,Hot Ck.at Hwy. Flow,6.0
2026-09-30 14:58:07,Long Valley,McGee Ck. Lower Sta. Flow,8.0
2026-09-30 14:58:07,Long Valley,Long Valley Current Outflow,226.6
2026-09-30 14:58:07,Long Valley,Rock Ck. Div. Flow,0.0
2026-09-30 14:58:07,Long Valley,Upper Gorge Total Release,36.7
2026-09-30 14:58:07,Long Valley,Release at Middle Gorge,0.0
2026-09-30 14:58:07,Northern Owens Valley,Rock Ck. At Owens River (PV) Flow,28.5
2026-09-30 14:58:07,Northern Owens Valley,Pleasant Valley Outflow,381.9
2026-09-30 14:58:07,Northern Owens Valley,Baker Ck. At LA Station Flow,6.2
2026-09-30 14:58:07,Northern Owens Valley,Big Pine Ck. USGS Flow,23.2
2026-09-30 14:58:07,Northern Owens Valley,O.R. Below Big Pine,442.5
2026-09-30 14:58:07,Northern Owens Valley,Fish Springs At RR Flow,35.3
2026-09-30 14:58:07,Northern Owens Valley,Tinemaha Reservoir Outflow,377.6
2026-09-30 14:58:07,Northern Owens Valley,Bishop Creek Through Plant 6,59.4
2026-09-30 14:58:07,Northern Owens Valley,Bishop Creek Around Plant 6,6.1
2026-09-30 14:58:07,Southern Owens Valley,Tinemaha Reservoir Outflow,377.6
2026-09-30 14:58:07,Southern Owens Valley,Indep. Ck. At Junction Flow,2.9
2026-09-30 14:58:07,Southern Owens Valley,LAA at Alabama Flow,355.0
2026-09-30 14:58:07,Southern Owens Valley,Cottonwood Ck. At LAA Flow,0.0
2026-09-30 14:58:07,Southern Owens Valley,LAA at Cottonwood Flow,324.0
2026-09-30 14:58:07,Southern Owens Valley,Haiwee LAA #1 Current Flow,0.0
2026-09-30 14:58:07,Southern Owens Valley,Haiwee LAA #2 Current Flow,61.9
2026-09-30 14:58:07,Southern Owens Valley,Reinhackel Flow,2.8
2026-09-30 14:58:07,Southern Owens Valley,Lubkin Spillgate Outflow,63.3
2026-09-30 14:58:07,Southern Owens Valley,Cartago Spillgate Outflow,102.4
2026-09-30 14:58:07,Southern Owens Valley,Lone Pine Creek Flow,4.8
2026-09-30 14:58:07,Lower Owens River Project,LORP Intake Flow,80.0
2026-09-30 14:58:07,Lower Owens River Project,LORP at Mazourka Canyon Road,0.0
2026-09-30 14:58:07,Lower Owens River Project,LORP at Reinhackle Springs,61.0
2026-09-30 14:58:07,Lower Owens River Project,LORP Above Pumpstation,58.0
2026-09-30 14:58:07,Lower Owens River Project,LORP At Pump Station Discharge Flow,48.0
2026-09-30 14:58:07,Southern District,Haiwee LAA #2 Current Flow,61.9
2026-09-30 14:58:07,Southern District,Haiwee LAA #1 Current Flow,0.0
2026-09-30 14:58:07,Southern District,LAA #1 Flow at Fairmont Reservoir,122.0
2026-09-30 14:58:07,Southern District,LAA #2 Flow at Fairmont Res.,148.6
2026-09-30 14:58:07,Southern District,Bouquet Reservoir Inflow,0.0
2026-09-30 14:58:07,Southern District,Bouquet Reservoir Outflow,61.3
2026-09-30 14:58:07,Southern District,LAA #1 at Soledad Flow,128.0
2026-09-30 14:58:07,Southern District,LAA #2 at Soledad Flow,198.3
2026-09-30 14:58:08,Mono Basin,Mono Lk. Elevation,6381.7
2026-09-30 14:58:08,Mono Basin,Grant Lk. Elevation,7128.2
2026-09-30 14:58:08,Long Valley,Long Valley Elevation,6765.5
2026-09-30 14:58:08,Northern Owens Valley,Pleasant Valley Elevation,4385.3
2026-09-30 14:58:08,Northern Owens Valley,Tinemaha Elevation,3860.4
2026-09-30 14:58:08,Southern Owens Valley,Tinemaha Elevation,3860.4
2026-09-30 14:58:08,Southern Owens Valley,LAA at Alabama Level,7.3
2026-09-30 14:58:08,Southern Owens Valley,LAA at Alabama Water Temp,62.9
2026-09-30 14:58:08,Southern Owens Valley,LAA at Cottonwood Level,7.5
2026-09-30 14:58:08,Southern Owens Valley,LAA at Cotton. Water Temp,63.7
2026-09-30 14:58:08,Southern Owens Valley,N. Haiwee Elevation,3756.9
2026-09-30 14:58:08,Southern Owens Valley,S. Haiwee Reservoir Elevation,3720.3
2026-09-30 14:58:08,Southern District,S. Haiwee Reservoir Elevation,3720.3
2026-09-30 14:58:08,Southern District,Fairmont Reservoir Elevation,3022.1
2026-09-30 14:58:08,Southern District,Bouquet Reservoir Elevation,2977.5
2026-09-30 15:13:07,Mono Basin,Lee Vining Intake Above Flow,22.4
2026-09-30 15:13:07,Mono Basin,Lee Vining Intake Below Flow,22.3
2026-09-30 15:13:07,Mono Basin,Walker Ck. Above Conduit Flow,2.0
2026-09-30 15:13:07,Mono Basin,L.V. Conduit Below Intake Flow,0.3
2026-09-30 15:13:07,Mono Basin,Walker Ck. Under Conduit Flow,3.0
2026-09-30 15:13:07,Mono Basin,Parker Ck. Under Conduit Flow,6.0
2026-09-30 15:13:07,Mono Basin,Parker Ck. Above Conduit Flow,6.0
2026-09-30 15:13:07,Mono Basin,Grant Lk. Spill Flow,0.0
2026-09-30 15:13:07,Mono Basin,Mono Gate 1 Return Ditch Flow,41.4
2026-09-30 15:13:07,Mono Basin,Grant Lk. Outflow,39.2
2026-09-30 15:13:07,Mono Basin,Rush Ck. at Damsite Flow,25.8
2026-09-30 15:13:07,Mono Basin,Flow to West Portal,0.0
2026-09-30 15:13:07,Long Valley,East Portal Flow,12.0
2026-09-30 15:13:07,Long Valley,OR Below EP Flow,58.0
2026-09-30 15:13:07,Long Valley,Hot Ck.at Hwy. Flow,6.0
2026-09-30 15:13:07,Long Valley,McGee Ck. Lower Sta. Flow,7.9
2026-09-30 15:13:07,Long Valley,Long Valley Current Outflow,226.6
2026-09-30 15:13:07,Long Valley,Rock Ck. Div. Flow,0.0
2026-09-30 15:13:07,Long Valley,Upper Gorge Total Release,36.5
2026-09-30 15:13:07,Long Valley,Release at Middle Gorge,0.0
2026-09-30 15:13:07,Northern Owens Valley,Rock Ck. At Owens River (PV) Flow,28.5
2026-09-30 15:13:07,Northern Owens Valley,Pleasant Valley Outflow,376.6
2026-09-30 15:13:07,Northern Owens Valley,Baker Ck. At LA Station Flow,6.2
2026-09-30 15:13:07,Northern Owens Valley,Big Pine Ck. USGS Flow,23.2
2026-09-30 15:13:07,Northern Owens Valley,O.R. Below Big Pine,441.0
2026-09-30 15:13:07,Northern Owens Valley,Fish Springs At RR Flow,35.3
2026-09-30 15:13:07,Northern Owens Valley,Tinemaha Reservoir Outflow,377.6
2026-09-30 15:13:07,Northern Owens Valley,Bishop Creek Through Plant 6,59.4
2026-09-30 15:13:07,Northern Owens Valley,Bishop Creek Around Plant 6,6.1
2026-09-30 15:13:07,Southern Owens Valley,Tinemaha Reservoir Outflow,377.6
2026-09-30 15:13:07,Southern Owens Valley,Indep. Ck. At Junction Flow,2.9
2026-09-30 15:13:07,Southern Owens Valley,LAA at Alabama Flow,354.0
2026-09-30 15:13:07,Southern Owens Valley,Cottonwood Ck. At LAA Flow,0.0
2026-09-30 15:13:07,Southern Owens Valley,LAA at Cottonwood Flow,324.0
2026-09-30 15:13:07,Southern Owens Valley,Haiwee LAA #1 Current Flow,0.0
2026-09-30 15:13:07,Southern Owens Valley,Haiwee LAA #2 Current Flow,61.9
2026-09-30 15:13:07,Southern Owens Valley,Reinhackel Flow,2.8
2026-09-30 15:13:07,Southern Owens Valley,Lubkin Spillgate Outflow,56.2
2026-09-30 15:13:07,Southern Owens Valley,Cartago Spillgate Outflow,99.0
2026-09-30 15:13:07,Southern Owens Valley,Lone Pine Creek Flow,5.1
2026-09-30 15:13:07,Lower Owens River Project,LORP Intake Flow,80.0
2026-09-30 15:13:07,Lower Owens River Project,LORP at Mazourka Canyon Road,0.0
2026-09-30 15:13:07,Lower Owens River Project,LORP at Reinhackle Springs,61.0
2026-09-30 15:13:07,Lower Owens River Project,LORP Above Pumpstation,57.0
2026-09-30 15:13:07,Lower Owens River Project,LORP At Pump Station Discharge Flow,46.0
2026-09-30 15:13:07,Southern District,Haiwee LAA #2 Current Flow,61.9
2026-09-30 15:13:07,Southern District,Haiwee LAA #1 Current Flow,0.0
2026-09-30 15:13:07,Southern District,LAA #1 Flow at Fairmont Reservoir,122.8
2026-09-30 15:13:07,Southern District,LAA #2 Flow at Fairmont Res.,148.6
2026-09-30 15:13:07,Southern District,Bouquet Reservoir Inflow,0.0
2026-09-30 15:13:07,Southern District,Bouquet Reservoir Outflow,61.3
2026-09-30 15:13:07,Southern District,LAA #1 at Soledad Flow,128.0
2026-09-30 15:13:07,Southern District,LAA #2 at Soledad Flow,198.3
2026-09-30 15:13:08,Mono Basin,Mono Lk. Elevation,6381.7
2026-09-30 15:13:08,Mono Basin,Grant Lk. Elevation,7128.1
2026-09-30 15:13:08,Long Valley,Long Valley Elevation,6765.5
2026-09-30 15:13:08,Northern Owens Valley,Pleasant Valley Elevation,4385.3
2026-09-30 15:13:08,Southern Owens Valley,LAA at Alabama Level,7.3
2026-09-30 15:13:08,Southern Owens Valley,LAA at Alabama Water Temp,62.9
2026-09-30 15:13:08,Southern Owens Valley,LAA at Cottonwood Level,7.5
2026-09-30 15:13:08,Southern Owens Valley,LAA at Cotton. Water Temp,63.8
2026-09-30 15:13:08,Southern Owens Valley,N. Haiwee Elevation,3756.9
2026-09-30 15:13:08,Southern Owens Valley,S. Haiwee Reservoir Elevation,3720.3
2026-09-30 15:13:08,Southern District,S. Haiwee Reservoir Elevation,3720.3
2026-09-30 15:13:08,Southern District,Fairmont Reservoir Elevation,3022.1
2026-09-30 15:13:08,Southern District,Bouquet Reservoir Elevation,2977.5
2026-09-30 15:28:07,Mono Basin,Lee Vining Intake Above Flow,22.4
2026-09-30 15:28:07,Mono Basin,Lee Vining Intake Below Flow,22.3
2026-09-30 15:28:07,Mono Basin,Walker Ck. Above Conduit Flow,2.0
2026-09-30 15:28:07,Mono Basin,L.V. Conduit Below Intake Flow,0.3
2026-09-30 15:28:07,Mono Basin,Walker Ck. Under Conduit Flow,3.0
2026-09-30 15:28:07,Mono Basin,Parker Ck. Under Conduit Flow,6.0
2026-09-30 15:28:07,Mono Basin,Parker Ck. Above Conduit Flow,6.0
2026-09-30 15:28:07,Mono Basin,Grant Lk. Spill Flow,0.0
2026-09-30 15:28:07,Mono Basin,Mono Gate 1 Return Ditch Flow,41.3
2026-09-30 15:28:07,Mono Basin,Grant Lk. Outflow,39.3
2026-09-30 15:28:07,Mono Basin,Rush Ck. at Damsite Flow,19.2
2026-09-30 15:28:07,Mono Basin,Flow to West Portal,0.0
2026-09-30 15:28:07,Long Valley,East Portal Flow,12.0
2026-09-30 15:28:07,Long Valley,OR Below EP Flow,58.0
2026-09-30 15:28:07,Long Valley,Hot Ck.at Hwy. Flow,6.0
2026-09-30 15:28:07,Long Valley,McGee Ck. Lower Sta. Flow,7.9
2026-09-30 15:28:07,Long Valley,Long Valley Current Outflow,226.6
2026-09-30 15:28:07,Long Valley,Rock Ck. Div. Flow,0.0
2026-09-30 15:28:07,Long Valley,Upper Gorge Total Release,37.3
2026-09-30 15:28:07,Long Valley,Release at Middle Gorge,0.0
2026-09-30 15:28:07,Northern Owens Valley,Rock Ck. At Owens River (PV) Flow,28.5
2026-09-30 15:28:07,Northern Owens Valley,Pleasant Valley Outflow,378.5
2026-09-30 15:28:07,Northern Owens Valley,Baker Ck. At LA Station Flow,6.2
2026-09-30 15:28:07,Northern Owens Valley,Big Pine Ck. USGS Flow,23.2
2026-09-30 15:28:07,Northern Owens Valley,O.R. Below Big Pine,439.9
2026-09-30 15:28:07,Northern Owens Valley,Fish Springs At RR Flow,35.3
2026-09-30 15:28:07,Northern Owens Valley,Tinemaha Reservoir Outflow,377.6
2026-09-30 15:28:07,Northern Owens Valley,Bishop Creek Through Plant 6,59.4
2026-09-30 15:28:07,Northern Owens Valley,Bishop Creek Around Plant 6,6.1
2026-09-30 15:28:07,Southern Owens Valley,Tinemaha Reservoir Outflow,377.6
2026-09-30 15:28:07,Southern Owens Valley,Indep. Ck. At Junction Flow,2.9
2026-09-30 15:28:07,Southern Owens Valley,LAA at Alabama Flow,354.0
2026-09-30 15:28:07,Southern Owens Valley,Cottonwood Ck. At LAA Flow,0.0
2026-09-30 15:28:07,Southern Owens Valley,LAA at Cottonwood Flow,324.0
2026-09-30 15:28:07,Southern Owens Valley,Haiwee LAA #1 Current Flow,0.0
2026-09-30 15:28:07,Southern Owens Valley,Haiwee LAA #2 Current Flow,61.9
2026-09-30 15:28:07,Southern Owens Valley,Reinhackel Flow,2.8
2026-09-30 15:28:07,Southern Owens Valley,Lubkin Spillgate Outflow,67.3
2026-09-30 15:28:07,Southern Owens Valley,Cartago Spillgate Outflow,101.4
2026-09-30 15:28:07,Southern Owens Valley,Lone Pine Creek Flow,5.1
2026-09-30 15:28:07,Lower Owens River Project,LORP Intake Flow,80.0
2026-09-30 15:28:07,Lower Owens River Project,LORP at Mazourka Canyon Road,0.0
2026-09-30 15:28:07,Lower Owens River Project,LORP at Reinhackle Springs,66.0
2026-09-30 15:28:07,Lower Owens River Project,LORP Above Pumpstation,50.0
2026-09-30 15:28:07,Lower Owens River Project,LORP At Pump Station Discharge Flow,39.0
2026-09-30 15:28:07,Southern District,Haiwee LAA #2 Current Flow,61.9
2026-09-30 15:28:07,Southern District,Haiwee LAA #1 Current Flow,0.0
2026-09-30 15:28:07,Southern District,LAA #1 Flow at Fairmont Reservoir,122.5
2026-09-30 15:28:07,Southern District,LAA #2 Flow at Fairmont Res.,148.6
2026-09-30 15:28:07,Southern District,Bouquet Reservoir Inflow,0.0
2026-09-30 15:28:07,Southern District,Bouquet Reservoir Outflow,61.3
2026-09-30 15:28:07,Southern District,LAA #1 at Soledad Flow,128.0
2026-09-30 15:28:07,Southern District,LAA #2 at Soledad Flow,198.3
2026-09-30 15:28:08,Mono Basin,Mono Lk. Elevation,6381.7
2026-09-30 15:28:08,Mono Basin,Grant Lk. Elevation,7128.1
2026-09-30 15:28:08,Long Valley,Long Valley Elevation,6765.5
2026-09-30 15:28:08,Northern Owens Valley,Pleasant Valley Elevation,4385.3
2026-09-30 15:28:08,Northern Owens Valley,Tinemaha Elevation,3860.5
2026-09-30 15:28:08,Southern Owens Valley,Tinemaha Elevation,3860.5
2026-09-30 15:28:08,Southern Owens Valley,LAA at Alabama Level,7.3
2026-09-30 15:28:08,Southern Owens Valley,LAA at Alabama Water Temp,62.9
2026-09-30 15:28:08,Southern Owens Valley,LAA at Cottonwood Level,7.5
2026-09-30 15:28:08,Southern Owens Valley,LAA at Cotton. Water Temp,63.8
2026-09-30 15:28:08,Southern Owens Valley,N. Haiwee Elevation,3756.9
2026-09-30 15:28:08,Southern Owens Valley,S. Haiwee Reservoir Elevation,3720.3
2026-09-30 15:28:08,Southern District,S. Haiwee Reservoir Elevation,3720.3
2026-09-30 15:28:08,Southern District,Fairmont Reservoir Elevation,3022.1
2026-09-30 15:28:08,Southern District,Bouquet Reservoir Elevation,2977.5
2026-09-30 15:43:07,Mono Basin,Lee Vining Intake Above Flow,23.4
2026-09-30 15:43:07,Mono Basin,Lee Vining Intake Below Flow,22.2
2026-09-30 15:43:07,Mono Basin,Walker Ck. Above Conduit Flow,2.0
2026-09-30 15:43:07,Mono Basin,L.V. Conduit Below Intake Flow,0.3
2026-09-30 15:43:07,Mono Basin,Walker Ck. Under Conduit Flow,3.0
2026-09-30 15:43:07,Mono Basin,Parker Ck. Under Conduit Flow,6.0
2026-09-30 15:43:07,Mono Basin,Parker Ck. Above Conduit Flow,6.0
2026-09-30 15:43:07,Mono Basin,Grant Lk. Spill Flow,0.0
2026-09-30 15:43:07,Mono Basin,Mono Gate 1 Return Ditch Flow,41.3
2026-09-30 15:43:07,Mono Basin,Grant Lk. Outflow,39.3
2026-09-30 15:43:07,Mono Basin,Rush Ck. at Damsite Flow,19.2
2026-09-30 15:43:07,Mono Basin,Flow to West Portal,0.0
2026-09-30 15:43:07,Long Valley,East Portal Flow,12.0
2026-09-30 15:43:07,Long Valley,OR Below EP Flow,58.0
2026-09-30 15:43:07,Long Valley,Hot Ck.at Hwy. Flow,6.0
2026-09-30 15:43:07,Long Valley,McGee Ck. Lower Sta. Flow,7.9
2026-09-30 15:43:07,Long Valley,Long Valley Current Outflow,226.6
2026-09-30 15:43:07,Long Valley,Rock Ck. Div. Flow,0.0
2026-09-30 15:43:07,Long Valley,Upper Gorge Total Release,37.1
2026-09-30 15:43:07,Long Valley,Release at Middle Gorge,0.0
2026-09-30 15:43:07,Northern Owens Valley,Rock Ck. At Owens River (PV) Flow,28.5
2026-09-30 15:43:07,Northern Owens Valley,Pleasant Valley Outflow,378.8
2026-09-30 15:43:07,Northern Owens Valley,Baker Ck. At LA Station Flow,6.2
2026-09-30 15:43:07,Northern Owens Valley,Big Pine Ck. USGS Flow,22.7
2026-09-30 15:43:07,Northern Owens Valley,O.R. Below Big Pine,438.7
2026-09-30 15:43:07,Northern Owens Valley,Fish Springs At RR Flow,35.3
2026-09-30 15:43:07,Northern Owens Valley,Tinemaha Reservoir Outflow,377.6
2026-09-30 15:43:07,Northern Owens Valley,Bishop Creek Through Plant 6,59.2
2026-09-30 15:43:07,Northern Owens Valley,Bishop Creek Around Plant 6,6.2
2026-09-30 15:43:07,Southern Owens Valley,Tinemaha Reservoir Outflow,377.6
2026-09-30 15:43:07,Southern Owens Valley,Indep. Ck. At Junction Flow,2.9
2026-09-30 15:43:07,Southern Owens Valley,LAA at Alabama Flow,354.0
2026-09-30 15:43:07,Southern Owens Valley,Cottonwood Ck. At LAA Flow,0.0
2026-09-30 15:43:07,Southern Owens Valley,LAA at Cottonwood Flow,323.0
2026-09-30 15:43:07,Southern Owens Valley,Haiwee LAA #1 Current Flow,0.0
2026-09-30 15:43:07,Southern Owens Valley,Haiwee LAA #2 Current Flow,61.9
2026-09-30 15:43:07,Southern Owens Valley,Reinhackel Flow,2.8
2026-09-30 15:43:07,Southern Owens Valley,Lubkin Spillgate Outflow,67.3
2026-09-30 15:43:07,Southern Owens Valley,Cartago Spillgate Outflow,99.1
2026-09-30 15:43:07,Southern Owens Valley,Lone Pine Creek Flow,5.1
2026-09-30 15:43:07,Lower Owens River Project,LORP Intake Flow,80.0
2026-09-30 15:43:07,Lower Owens River Project,LORP at Mazourka Canyon Road,0.0
2026-09-30 15:43:07,Lower Owens River Project,LORP at Reinhackle Springs,66.0
2026-09-30 15:43:07,Lower Owens River Project,LORP Above Pumpstation,52.0
2026-09-30 15:43:07,Lower Owens River Project,LORP At Pump Station Discharge Flow,40.0
2026-09-30 15:43:07,Southern District,Haiwee LAA #2 Current Flow,61.9
2026-09-30 15:43:07,Southern District,Haiwee LAA #1 Current Flow,0.0
2026-09-30 15:43:07,Southern District,LAA #1 Flow at Fairmont Reservoir,122.9
2026-09-30 15:43:07,Southern District,LAA #2 Flow at Fairmont Res.,148.6
2026-09-30 15:43:07,Southern District,Bouquet Reservoir Inflow,0.0
2026-09-30 15:43:07,Southern District,Bouquet Reservoir Outflow,61.3
2026-09-30 15:43:07,Southern District,LAA #1 at Soledad Flow,128.0
2026-09-30 15:43:07,Southern District,LAA #2 at Soledad Flow,198.3
2026-09-30 15:43:08,Mono Basin,Mono Lk. Elevation,6381.7
2026-09-30 15:43:08,Mono Basin,Grant Lk. Elevation,7128.1
2026-09-30 15:43:08,Long Valley,Long Valley Elevation,6765.5
2026-09-30 15:43:08,Northern Owens Valley,Pleasant Valley Elevation,4385.3
2026-09-30 15:43:08,Southern Owens Valley,LAA at Alabama Level,7.3
2026-09-30 15:43:08,Southern Owens Valley,LAA at Alabama Water Temp,62.9
2026-09-30 15:43:08,Southern Owens Valley,LAA at Cottonwood Level,7.4
2026-09-30 15:43:08,Southern Owens Valley,LAA at Cotton. Water Temp,63.9
2026-09-30 15:43:08,Southern Owens Valley,N. Haiwee Elevation,3756.9
2026-09-30 15:43:08,Southern Owens Valley,S. Haiwee Reservoir Elevation,3720.3
2026-09-30 15:43:08,Southern District,S. Haiwee Reservoir Elevation,3720.3
2026-09-30 15:43:08,Southern District,Fairmont Reservoir Elevation,3022.1
2026-09-30 15:43:08,Southern District,Bouquet Reservoir Elevation,2977.5
2026-09-30 15:58:07,Mono Basin,Lee Vining Intake Above Flow,23.4
2026-09-30 15:58:07,Mono Basin,Lee Vining Intake Below Flow,22.2
2026-09-30 15:58:07,Mono Basin,Walker Ck. Above Conduit Flow,2.0
2026-09-30 15:58:07,Mono Basin,L.V. Conduit Below Intake Flow,0.3
2026-09-30 15:58:07,Mono Basin,Walker Ck. Under Conduit Flow,3.0
2026-09-30 15:58:07,Mono Basin,Parker Ck. Under Conduit Flow,6.0
2026-09-30 15:58:07,Mono Basin,Parker Ck. Above Conduit Flow,6.0
2026-09-30 15:58:07,Mono Basin,Grant Lk. Spill Flow,0.0
2026-09-30 15:58:07,Mono Basin,Mono Gate 1 Return Ditch Flow,41.3
2026-09-30 15:58:07,Mono Basin,Grant Lk. Outflow,39.3
2026-09-30 15:58:07,Mono Basin,Rush Ck. at Damsite Flow,19.2
2026-09-30 15:58:07,Mono Basin,Flow to West Portal,0.0
2026-09-30 15:58:07,Long Valley,East Portal Flow,12.0
2026-09-30 15:58:07,Long Valley,OR Below EP Flow,58.0
2026-09-30 15:58:07,Long Valley,Hot Ck.at Hwy. Flow,5.0
2026-09-30 15:58:07,Long Valley,McGee Ck. Lower Sta. Flow,7.9
2026-09-30 15:58:07,Long Valley,Long Valley Current Outflow,226.6
2026-09-30 15:58:07,Long Valley,Rock Ck. Div. Flow,0.0
2026-09-30 15:58:07,Long Valley,Upper Gorge Total Release,37.9
2026-09-30 15:58:07,Long Valley,Release at Middle Gorge,0.0
2026-09-30 15:58:07,Northern Owens Valley,Rock Ck. At Owens River (PV) Flow,28.3
2026-09-30 15:58:07,Northern Owens Valley,Pleasant Valley Outflow,378.7
2026-09-30 15:58:07,Northern Owens Valley,Baker Ck. At LA Station Flow,6.2
2026-09-30 15:58:07,Northern Owens Valley,Big Pine Ck. USGS Flow,22.7
2026-09-30 15:58:07,Northern Owens Valley,O.R. Below Big Pine,436.7
2026-09-30 15:58:07,Northern Owens Valley,Fish Springs At RR Flow,35.3
2026-09-30 15:58:07,Northern Owens Valley,Tinemaha Reservoir Outflow,377.6
2026-09-30 15:58:07,Northern Owens Valley,Bishop Creek Through Plant 6,59.2
2026-09-30 15:58:07,Northern Owens Valley,Bishop Creek Around Plant 6,6.2
2026-09-30 15:58:07,Southern Owens Valley,Tinemaha Reservoir Outflow,377.6
2026-09-30 15:58:07,Southern Owens Valley,Indep. Ck. At Junction Flow,2.9
2026-09-30 15:58:07,Southern Owens Valley,LAA at Alabama Flow,354.0
2026-09-30 15:58:07,Southern Owens Valley,Cottonwood Ck. At LAA Flow,0.0
2026-09-30 15:58:07,Southern Owens Valley,LAA at Cottonwood Flow,323.0
2026-09-30 15:58:07,Southern Owens Valley,Haiwee LAA #1 Current Flow,0.0
2026-09-30 15:58:07,Southern Owens Valley,Haiwee LAA #2 Current Flow,61.9
2026-09-30 15:58:07,Southern Owens Valley,Reinhackel Flow,2.8
2026-09-30 15:58:07,Southern Owens Valley,Lubkin Spillgate Outflow,67.3
2026-09-30 15:58:07,Southern Owens Valley,Cartago Spillgate Outflow,93.4
2026-09-30 15:58:07,Southern Owens Valley,Lone Pine Creek Flow,5.1
2026-09-30 15:58:07,Lower Owens River Project,LORP Intake Flow,80.0
2026-09-30 15:58:07,Lower Owens River Project,LORP at Mazourka Canyon Road,0.0
2026-09-30 15:58:07,Lower Owens River Project,LORP at Reinhackle Springs,66.0
2026-09-30 15:58:07,Lower Owens River Project,LORP Above Pumpstation,51.0
2026-09-30 15:58:07,Lower Owens River Project,LORP At Pump Station Discharge Flow,39.0
2026-09-30 15:58:07,Southern District,Haiwee LAA #2 Current Flow,61.9
2026-09-30 15:58:07,Southern District,Haiwee LAA #1 Current Flow,0.0
2026-09-30 15:58:07,Southern District,LAA #1 Flow at Fairmont Reservoir,123.1
2026-09-30 15:58:07,Southern District,LAA #2 Flow at Fairmont Res.,148.6
2026-09-30 15:58:07,Southern District,Bouquet Reservoir Inflow,0.0
2026-09-30 15:58:07,Southern District,Bouquet Reservoir Outflow,62.8
2026-09-30 15:58:07,Southern District,LAA #1 at Soledad Flow,128.0
2026-09-30 15:58:07,Southern District,LAA #2 at Soledad Flow,198.3
2026-09-30 15:58:08,Mono Basin,Mono Lk. Elevation,6381.7
2026-09-30 15:58:08,Mono Basin,Grant Lk. Elevation,7128.1
2026-09-30 15:58:08,Long Valley,Long Valley Elevation,6765.5
2026-09-30 15:58:08,Northern Owens Valley,Pleasant Valley Elevation,4385.2
2026-09-30 15:58:08,Northern Owens Valley,Tinemaha Elevation,3860.5
2026-09-30 15:58:08,Southern Owens Valley,Tinemaha Elevation,3860.5
2026-09-30 15:58:08,Southern Owens Valley,LAA at Alabama Level,7.3
2026-09-30 15:58:08,Southern Owens Valley,LAA at Alabama Water Temp,62.9
2026-09-30 15:58:08,Southern Owens Valley,LAA at Cottonwood Level,7.4
2026-09-30 15:58:08,Southern Owens Valley,LAA at Cotton. Water Temp,63.9
2026-09-30 15:58:08,Southern Owens Valley,N. Haiwee Elevation,3756.9
2026-09-30 15:58:08,Southern Owens Valley,S. Haiwee Reservoir Elevation,3720.3
2026-09-30 15:58:08,Southern District,S. Haiwee Reservoir Elevation,3720.3
2026-09-30 15:58:08,Southern District,Fairmont Reservoir Elevation,3022.1
2026-09-30 15:58:08,Southern District,Bouquet Reservoir Elevation,2977.5
2026-09-30 16:13:07,Mono Basin,Lee Vining Intake Above Flow,22.7
2026-09-30 16:13:07,Mono Basin,Lee Vining Intake Below Flow,22.0
2026-09-30 16:13:07,Mono Basin,Walker Ck. Above Conduit Flow,2.0
2026-09-30 16:13:07,Mono Basin,L.V. Conduit Below Intake Flow,0.3
2026-09-30 16:13:07,Mono Basin,Walker Ck. Under Conduit Flow,3.0
2026-09-30 16:13:07,Mono Basin,Parker Ck. Under Conduit Flow,6.0
2026-09-30 16:13:07,Mono Basin,Parker Ck. Above Conduit Flow,6.0
2026-09-30 16:13:07,Mono Basin,Grant Lk. Spill Flow,0.0
2026-09-30 16:13:07,Mono Basin,Mono Gate 1 Return Ditch Flow,41.3
2026-09-30 16:13:07,Mono Basin,Grant Lk. Outflow,39.3
2026-09-30 16:13:07,Mono Basin,Rush Ck. at Damsite Flow,19.2
2026-09-30 16:13:07,Mono Basin,Flow to West Portal,0.0
2026-09-30 16:13:07,Long Valley,East Portal Flow,12.0
2026-09-30 16:13:07,Long Valley,OR Below EP Flow,58.0
2026-09-30 16:13:07,Long Valley,Hot Ck.at Hwy. Flow,5.0
2026-09-30 16:13:07,Long Valley,McGee Ck. Lower Sta. Flow,7.9
2026-09-30 16:13:07,Long Valley,Long Valley Current Outflow,226.6
2026-09-30 16:13:07,Long Valley,Rock Ck. Div. Flow,0.0
2026-09-30 16:13:07,Long Valley,Upper Gorge Total Release,37.3
2026-09-30 16:13:07,Long Valley,Release at Middle Gorge,0.0
2026-09-30 16:13:07,Northern Owens Valley,Rock Ck. At Owens River (PV) Flow,28.3
2026-09-30 16:13:07,Northern Owens Valley,Pleasant Valley Outflow,374.9
2026-09-30 16:13:07,Northern Owens Valley,Baker Ck. At LA Station Flow,6.2
2026-09-30 16:13:07,Northern Owens Valley,Big Pine Ck. USGS Flow,22.7
2026-09-30 16:13:07,Northern Owens Valley,O.R. Below Big Pine,435.8
2026-09-30 16:13:07,Northern Owens Valley,Fish Springs At RR Flow,35.3
2026-09-30 16:13:07,Northern Owens Valley,Tinemaha Reservoir Outflow,377.6
2026-09-30 16:13:07,Northern Owens Valley,Bishop Creek Through Plant 6,59.2
2026-09-30 16:13:07,Northern Owens Valley,Bishop Creek Around Plant 6,6.2
2026-09-30 16:13:07,Southern Owens Valley,Tinemaha Reservoir Outflow,377.6
2026-09-30 16:13:07,Southern Owens Valley,Indep. Ck. At Junction Flow,2.9
2026-09-30 16:13:07,Southern Owens Valley,LAA at Alabama Flow,353.0
2026-09-30 16:13:07,Southern Owens Valley,Cottonwood Ck. At LAA Flow,0.0
2026-09-30 16:13:07,Southern Owens Valley,LAA at Cottonwood Flow,322.0
2026-09-30 16:13:07,Southern Owens Valley,Haiwee LAA #1 Current Flow,0.0
2026-09-30 16:13:07,Southern Owens Valley,Haiwee LAA #2 Current Flow,61.9
2026-09-30 16:13:07,Southern Owens Valley,Reinhackel Flow,2.8
2026-09-30 16:13:07,Southern Owens Valley,Lubkin Spillgate Outflow,61.5
2026-09-30 16:13:07,Southern Owens Valley,Cartago Spillgate Outflow,87.7
2026-09-30 16:13:07,Southern Owens Valley,Lone Pine Creek Flow,5.0
2026-09-30 16:13:07,Lower Owens River Project,LORP Intake Flow,80.0
2026-09-30 16:13:07,Lower Owens River Project,LORP at Mazourka Canyon Road,0.0
2026-09-30 16:13:07,Lower Owens River Project,LORP at Reinhackle Springs,66.0
2026-09-30 16:13:07,Lower Owens River Project,LORP Above Pumpstation,52.0
2026-09-30 16:13:07,Lower Owens River Project,LORP At Pump Station Discharge Flow,40.0
2026-09-30 16:13:07,Southern District,Haiwee LAA #2 Current Flow,61.9
2026-09-30 16:13:07,Southern District,Haiwee LAA #1 Current Flow,0.0
2026-09-30 16:13:07,Southern District,LAA #1 Flow at Fairmont Reservoir,123.0
2026-09-30 16:13:07,Southern District,LAA #2 Flow at Fairmont Res.,148.6
2026-09-30 16:13:07,Southern District,Bouquet Reservoir Inflow,0.0
2026-09-30 16:13:07,Southern District,Bouquet Reservoir Outflow,62.8
2026-09-30 16:13:07,Southern District,LAA #1 at Soledad Flow,128.0
2026-09-30 16:13:07,Southern District,LAA #2 at Soledad Flow,198.3
2026-09-30 16:13:08,Mono Basin,Mono Lk. Elevation,6381.7
2026-09-30 16:13:08,Mono Basin,Grant Lk. Elevation,7128.1
2026-09-30 16:13:08,Long Valley,Long Valley Elevation,6765.5
2026-09-30 16:13:08,Northern Owens Valley,Pleasant Valley Elevation,4385.2
2026-09-30 16:13:08,Southern Owens Valley,LAA at Alabama Level,7.3
2026-09-30 16:13:08,Southern Owens Valley,LAA at Alabama Water Temp,63.2
2026-09-30 16:13:08,Southern Owens Valley,LAA at Cottonwood Level,7.4
2026-09-30 16:13:08,Southern Owens Valley,LAA at Cotton. Water Temp,64.0
2026-09-30 16:13:08,Southern Owens Valley,N. Haiwee Elevation,3756.9
2026-09-30 16:13:08,Southern Owens Valley,S. Haiwee Reservoir Elevation,3720.3
2026-09-30 16:13:08,Southern District,S. Haiwee Reservoir Elevation,3720.3
2026-09-30 16:13:08,Southern District,Fairmont Reservoir Elevation,3022.1
2026-09-30 16:13:08,Southern District,Bouquet Reservoir Elevation,2977.5
2026-09-30 16:28:07,Mono Basin,Lee Vining Intake Above Flow,22.7
2026-09-30 16:28:07,Mono Basin,Lee Vining Intake Below Flow,22.0
2026-09-30 16:28:07,Mono Basin,Walker Ck. Above Conduit Flow,2.0
2026-09-30 16:28:07,Mono Basin,L.V. Conduit Below Intake Flow,0.3
2026-09-30 16:28:07,Mono Basin,Walker Ck. Under Conduit Flow,3.0
2026-09-30 16:28:07,Mono Basin,Parker Ck. Under Conduit Flow,6.0
2026-09-30 16:28:07,Mono Basin,Parker Ck. Above Conduit Flow,6.0
2026-09-30 16:28:07,Mono Basin,Grant Lk. Spill Flow,0.0
2026-09-30 16:28:07,Mono Basin,Mono Gate 1 Return Ditch Flow,41.2
2026-09-30 16:28:07,Mono Basin,Grant Lk. Outflow,39.3
2026-09-30 16:28:07,Mono Basin,Rush Ck. at Damsite Flow,19.2
2026-09-30 16:28:07,Mono Basin,Flow to West Portal,0.0
2026-09-30 16:28:07,Long Valley,East Portal Flow,12.0
2026-09-30 16:28:07,Long Valley,OR Below EP Flow,58.0
2026-09-30 16:28:07,Long Valley,Hot Ck.at Hwy. Flow,5.0
2026-09-30 16:28:07,Long Valley,McGee Ck. Lower Sta. Flow,7.9
2026-09-30 16:28:07,Long Valley,Long Valley Current Outflow,226.6
2026-09-30 16:28:07,Long Valley,Rock Ck. Div. Flow,0.0
2026-09-30 16:28:07,Long Valley,Upper Gorge Total Release,37.3
2026-09-30 16:28:07,Long Valley,Release at Middle Gorge,0.0
2026-09-30 16:28:07,Northern Owens Valley,Rock Ck. At Owens River (PV) Flow,28.3
2026-09-30 16:28:07,Northern Owens Valley,Pleasant Valley Outflow,375.2
2026-09-30 16:28:07,Northern Owens Valley,Baker Ck. At LA Station Flow,6.2
2026-09-30 16:28:07,Northern Owens Valley,Big Pine Ck. USGS Flow,22.7
2026-09-30 16:28:07,Northern Owens Valley,O.R. Below Big Pine,435.1
2026-09-30 16:28:07,Northern Owens Valley,Fish Springs At RR Flow,35.3
2026-09-30 16:28:07,Northern Owens Valley,Tinemaha Reservoir Outflow,378.3
2026-09-30 16:28:07,Northern Owens Valley,Bishop Creek Through Plant 6,59.2
2026-09-30 16:28:07,Northern Owens Valley,Bishop Creek Around Plant 6,6.2
2026-09-30 16:28:07,Southern Owens Valley,Tinemaha Reservoir Outflow,378.3
2026-09-30 16:28:07,Southern Owens Valley,Indep. Ck. At Junction Flow,2.9
2026-09-30 16:28:07,Southern Owens Valley,LAA at Alabama Flow,353.0
2026-09-30 16:28:07,Southern Owens Valley,Cottonwood Ck. At LAA Flow,0.0
2026-09-30 16:28:07,Southern Owens Valley,LAA at Cottonwood Flow,322.0
2026-09-30 16:28:07,Southern Owens Valley,Haiwee LAA #1 Current Flow,0.0
2026-09-30 16:28:07,Southern Owens Valley,Haiwee LAA #2 Current Flow,61.9
2026-09-30 16:28:07,Southern Owens Valley,Reinhackel Flow,2.8
2026-09-30 16:28:07,Southern Owens Valley,Lubkin Spillgate Outflow,61.5
2026-09-30 16:28:07,Southern Owens Valley,Cartago Spillgate Outflow,83.6
2026-09-30 16:28:07,Southern Owens Valley,Lone Pine Creek Flow,5.0
2026-09-30 16:28:07,Lower Owens River Project,LORP Intake Flow,80.0
2026-09-30 16:28:07,Lower Owens River Project,LORP at Mazourka Canyon Road,0.0
2026-09-30 16:28:07,Lower Owens River Project,LORP at Reinhackle Springs,65.0
2026-09-30 16:28:07,Lower Owens River Project,LORP Above Pumpstation,52.0
2026-09-30 16:28:07,Lower Owens River Project,LORP At Pump Station Discharge Flow,40.0
2026-09-30 16:28:07,Southern District,Haiwee LAA #2 Current Flow,61.9
2026-09-30 16:28:07,Southern District,Haiwee LAA #1 Current Flow,0.0
2026-09-30 16:28:07,Southern District,LAA #1 Flow at Fairmont Reservoir,123.3
2026-09-30 16:28:07,Southern District,LAA #2 Flow at Fairmont Res.,148.6
2026-09-30 16:28:07,Southern District,Bouquet Reservoir Inflow,0.0
2026-09-30 16:28:07,Southern District,Bouquet Reservoir Outflow,62.8
2026-09-30 16:28:07,Southern District,LAA #1 at Soledad Flow,128.0
2026-09-30 16:28:07,Southern District,LAA #2 at Soledad Flow,198.3
2026-09-30 16:28:08,Mono Basin,Mono Lk. Elevation,6381.7
2026-09-30 16:28:08,Mono Basin,Grant Lk. Elevation,7128.1
2026-09-30 16:28:08,Long Valley,Long Valley Elevation,6765.5
2026-09-30 16:28:08,Northern Owens Valley,Pleasant Valley Elevation,4385.2
2026-09-30 16:28:08,Northern Owens Valley,Tinemaha Elevation,3860.5
2026-09-30 16:28:08,Southern Owens Valley,Tinemaha Elevation,3860.5
2026-09-30 16:28:08,Southern Owens Valley,LAA at Alabama Level,7.3
2026-09-30 16:28:08,Southern Owens Valley,LAA at Alabama Water Temp,63.2
2026-09-30 16:28:08,Southern Owens Valley,LAA at Cottonwood Level,7.4
2026-09-30 16:28:08,Southern Owens Valley,LAA at Cotton. Water Temp,64.0
2026-09-30 16:28:08,Southern Owens Valley,N. Haiwee Elevation,3756.9
2026-09-30 16:28:08,Southern Owens Valley,S. Haiwee Reservoir Elevation,3720.3
2026-09-30 16:28:08,Southern District,S. Haiwee Reservoir Elevation,3720.3
2026-09-30 16:28:08,Southern District,Fairmont Reservoir Elevation,3022.1
2026-09-30 16:28:08,Southern District,Bouquet Reservoir Elevation,2977.5
2026-09-30 16:43:07,Mono Basin,Lee Vining Intake Above Flow,22.7
2026-09-30 16:43:07,Mono Basin,Lee Vining Intake Below Flow,22.1
2026-09-30 16:43:07,Mono Basin,Walker Ck. Above Conduit Flow,2.0
2026-09-30 16:43:07,Mono Basin,L.V. Conduit Below Intake Flow,0.3
2026-09-30 16:43:07,Mono Basin,Walker Ck. Under Conduit Flow,3.0
2026-09-30 16:43:07,Mono Basin,Parker Ck. Under Conduit Flow,6.0
2026-09-30 16:43:07,Mono Basin,Parker Ck. Above Conduit Flow,6.0
2026-09-30 16:43:07,Mono Basin,Grant Lk. Spill Flow,0.0
2026-09-30 16:43:07,Mono Basin,Mono Gate 1 Return Ditch Flow,41.2
2026-09-30 16:43:07,Mono Basin,Grant Lk. Outflow,39.3
2026-09-30 16:43:07,Mono Basin,Rush Ck. at Damsite Flow,19.2
2026-09-30 16:43:07,Mono Basin,Flow to West Portal,0.0
2026-09-30 16:43:07,Long Valley,East Portal Flow,12.0
2026-09-30 16:43:07,Long Valley,OR Below EP Flow,58.0
2026-09-30 16:43:07,Long Valley,Hot Ck.at Hwy. Flow,5.0
2026-09-30 16:43:07,Long Valley,McGee Ck. Lower Sta. Flow,7.9
2026-09-30 16:43:07,Long Valley,Long Valley Current Outflow,226.6
2026-09-30 16:43:07,Long Valley,Rock Ck. Div. Flow,0.0
2026-09-30 16:43:07,Long Valley,Upper Gorge Total Release,37.3
2026-09-30 16:43:07,Long Valley,Release at Middle Gorge,0.0
2026-09-30 16:43:07,Northern Owens Valley,Rock Ck. At Owens River (PV) Flow,28.3
2026-09-30 16:43:07,Northern Owens Valley,Pleasant Valley Outflow,374.7
2026-09-30 16:43:07,Northern Owens Valley,Baker Ck. At LA Station Flow,6.2
2026-09-30 16:43:07,Northern Owens Valley,Big Pine Ck. USGS Flow,22.7
2026-09-30 16:43:07,Northern Owens Valley,O.R. Below Big Pine,433.5
2026-09-30 16:43:07,Northern Owens Valley,Fish Springs At RR Flow,35.3
2026-09-30 16:43:07,Northern Owens Valley,Tinemaha Reservoir Outflow,378.3
2026-09-30 16:43:07,Northern Owens Valley,Bishop Creek Through Plant 6,59.2
2026-09-30 16:43:07,Northern Owens Valley,Bishop Creek Around Plant 6,6.2
2026-09-30 16:43:07,Southern Owens Valley,Tinemaha Reservoir Outflow,378.3
2026-09-30 16:43:07,Southern Owens Valley,Indep. Ck. At Junction Flow,2.9
2026-09-30 16:43:07,Southern Owens Valley,LAA at Alabama Flow,353.0
2026-09-30 16:43:07,Southern Owens Valley,LAA at Alabama Water Temp,63.2
2026-09-30 16:43:07,Southern Owens Valley,Cottonwood Ck. At LAA Flow,0.0
2026-09-30 16:43:07,Southern Owens Valley,LAA at Cottonwood Flow,321.0
2026-09-30 16:43:07,Southern Owens Valley,LAA at Cotton. Water Temp,64.0
2026-09-30 16:43:07,Southern Owens Valley,Haiwee LAA #1 Current Flow,0.0
2026-09-30 16:43:07,Southern Owens Valley,Haiwee LAA #2 Current Flow,61.9
2026-09-30 16:43:07,Southern Owens Valley,Reinhackel Flow,2.8
2026-09-30 16:43:07,Southern Owens Valley,Lubkin Spillgate Outflow,63.1
2026-09-30 16:43:07,Southern Owens Valley,Cartago Spillgate Outflow,98.5
2026-09-30 16:43:07,Southern Owens Valley,Lone Pine Creek Flow,5.0
2026-09-30 16:43:07,Lower Owens River Project,LORP Intake Flow,80.0
2026-09-30 16:43:07,Lower Owens River Project,LORP at Mazourka Canyon Road,0.0
2026-09-30 16:43:07,Lower Owens River Project,LORP at Reinhackle Springs,65.0
2026-09-30 16:43:07,Lower Owens River Project,LORP Above Pumpstation,57.0
2026-09-30 16:43:07,Lower Owens River Project,LORP At Pump Station Discharge Flow,46.0
2026-09-30 16:43:07,Southern District,Haiwee LAA #2 Current Flow,61.9
2026-09-30 16:43:07,Southern District,Haiwee LAA #1 Current Flow,0.0
2026-09-30 16:43:07,Southern District,LAA #1 Flow at Fairmont Reservoir,123.3
2026-09-30 16:43:07,Southern District,LAA #2 Flow at Fairmont Res.,148.7
2026-09-30 16:43:07,Southern District,Bouquet Reservoir Inflow,0.0
2026-09-30 16:43:07,Southern District,Bouquet Reservoir Outflow,62.8
2026-09-30 16:43:07,Southern District,LAA #1 at Soledad Flow,128.0
2026-09-30 16:43:07,Southern District,LAA #2 at Soledad Flow,198.3
2026-09-30 16:43:08,Mono Basin,Mono Lk. Elevation,6381.7
2026-09-30 16:43:08,Mono Basin,Grant Lk. Elevation,7128.1
2026-09-30 16:43:08,Long Valley,Long Valley Elevation,6765.5
2026-09-30 16:43:08,Northern Owens Valley,Pleasant Valley Elevation,4385.2
2026-09-30 16:43:08,Southern Owens Valley,LAA at Alabama Level,7.3
2026-09-30 16:43:08,Southern Owens Valley,LAA at Cottonwood Level,7.4
2026-09-30 16:43:08,Southern Owens Valley,N. Haiwee Elevation,3756.9
2026-09-30 16:43:08,Southern Owens Valley,S. Haiwee Reservoir Elevation,3720.3
2026-09-30 16:43:08,Southern District,S. Haiwee Reservoir Elevation,3720.3
2026-09-30 16:43:08,Southern District,Fairmont Reservoir Elevation,3022.1
2026-09-30 16:43:08,Southern District,Bouquet Reservoir Elevation,2977.5
2026-09-30 16:58:07,Mono Basin,Lee Vining Intake Above Flow,22.7
2026-09-30 16:58:07,Mono Basin,Lee Vining Intake Below Flow,22.1
2026-09-30 16:58:07,Mono Basin,Walker Ck. Above Conduit Flow,2.0
2026-09-30 16:58:07,Mono Basin,L.V. Conduit Below Intake Flow,0.3
2026-09-30 16:58:07,Mono Basin,Walker Ck. Under Conduit Flow,3.0
2026-09-30 16:58:07,Mono Basin,Parker Ck. Under Conduit Flow,6.0
2026-09-30 16:58:07,Mono Basin,Parker Ck. Above Conduit Flow,6.0
2026-09-30 16:58:07,Mono Basin,Grant Lk. Spill Flow,0.0
2026-09-30 16:58:07,Mono Basin,Mono Gate 1 Return Ditch Flow,41.2
2026-09-30 16:58:07,Mono Basin,Grant Lk. Outflow,39.3
2026-09-30 16:58:07,Mono Basin,Rush Ck. at Damsite Flow,19.2
2026-09-30 16:58:07,Mono Basin,Flow to West Portal,0.0
2026-09-30 16:58:07,Long Valley,East Portal Flow,9.0
2026-09-30 16:58:07,Long Valley,OR Below EP Flow,58.0
2026-09-30 16:58:07,Long Valley,Hot Ck.at Hwy. Flow,5.0
2026-09-30 16:58:07,Long Valley,McGee Ck. Lower Sta. Flow,7.9
2026-09-30 16:58:07,Long Valley,Long Valley Current Outflow,226.6
2026-09-30 16:58:07,Long Valley,Rock Ck. Div. Flow,0.0
2026-09-30 16:58:07,Long Valley,Upper Gorge Total Release,37.5
2026-09-30 16:58:07,Long Valley,Release at Middle Gorge,0.0
2026-09-30 16:58:07,Northern Owens Valley,Rock Ck. At Owens River (PV) Flow,28.1
2026-09-30 16:58:07,Northern Owens Valley,Pleasant Valley Outflow,374.2
2026-09-30 16:58:07,Northern Owens Valley,Baker Ck. At LA Station Flow,6.2
2026-09-30 16:58:07,Northern Owens Valley,Big Pine Ck. USGS Flow,22.7
2026-09-30 16:58:07,Northern Owens Valley,O.R. Below Big Pine,431.6
2026-09-30 16:58:07,Northern Owens Valley,Fish Springs At RR Flow,35.3
2026-09-30 16:58:07,Northern Owens Valley,Tinemaha Reservoir Outflow,378.3
2026-09-30 16:58:07,Northern Owens Valley,Bishop Creek Through Plant 6,59.2
2026-09-30 16:58:07,Northern Owens Valley,Bishop Creek Around Plant 6,6.2
2026-09-30 16:58:07,Southern Owens Valley,Tinemaha Reservoir Outflow,378.3
2026-09-30 16:58:07,Southern Owens Valley,Indep. Ck. At Junction Flow,2.9
2026-09-30 16:58:07,Southern Owens Valley,LAA at Alabama Flow,353.0
2026-09-30 16:58:07,Southern Owens Valley,LAA at Alabama Level,7.3
2026-09-30 16:58:07,Southern Owens Valley,LAA at Alabama Water Temp,63.2
2026-09-30 16:58:07,Southern Owens Valley,Cottonwood Ck. At LAA Flow,0.0
2026-09-30 16:58:07,Southern Owens Valley,LAA at Cottonwood Flow,321.0
2026-09-30 16:58:07,Southern Owens Valley,LAA at Cotton. Water Temp,64.0
2026-09-30 16:58:07,Southern Owens Valley,Haiwee LAA #1 Current Flow,0.0
2026-09-30 16:58:07,Southern Owens Valley,Haiwee LAA #2 Current Flow,61.9
2026-09-30 16:58:07,Southern Owens Valley,Reinhackel Flow,2.8
2026-09-30 16:58:07,Southern Owens Valley,Lubkin Spillgate Outflow,56.5
2026-09-30 16:58:07,Southern Owens Valley,Cartago Spillgate Outflow,99.0
2026-09-30 16:58:07,Southern Owens Valley,Lone Pine Creek Flow,5.0
2026-09-30 16:58:07,Lower Owens River Project,LORP Intake Flow,80.0
2026-09-30 16:58:07,Lower Owens River Project,LORP at Mazourka Canyon Road,0.0
2026-09-30 16:58:07,Lower Owens River Project,LORP at Reinhackle Springs,65.0
2026-09-30 16:58:07,Lower Owens River Project,LORP Above Pumpstation,59.0
2026-09-30 16:58:07,Lower Owens River Project,LORP At Pump Station Discharge Flow,48.0
2026-09-30 16:58:07,Southern District,Haiwee LAA #2 Current Flow,61.9
2026-09-30 16:58:07,Southern District,Haiwee LAA #1 Current Flow,0.0
2026-09-30 16:58:07,Southern District,LAA #1 Flow at Fairmont Reservoir,122.8
2026-09-30 16:58:07,Southern District,LAA #2 Flow at Fairmont Res.,148.6
2026-09-30 16:58:07,Southern District,Bouquet Reservoir Inflow,0.0
2026-09-30 16:58:07,Southern District,Bouquet Reservoir Outflow,62.0
2026-09-30 16:58:07,Southern District,LAA #1 at Soledad Flow,128.0
2026-09-30 16:58:07,Southern District,LAA #2 at Soledad Flow,198.3
2026-09-30 16:58:08,Mono Basin,Mono Lk. Elevation,6381.7
2026-09-30 16:58:08,Mono Basin,Grant Lk. Elevation,7128.1
2026-09-30 16:58:08,Long Valley,Long Valley Elevation,6765.5
2026-09-30 16:58:08,Northern Owens Valley,Pleasant Valley Elevation,4385.2
2026-09-30 16:58:08,Northern Owens Valley,Tinemaha Elevation,3860.5
2026-09-30 16:58:08,Southern Owens Valley,Tinemaha Elevation,3860.5
2026-09-30 16:58:08,Southern Owens Valley,LAA at Cottonwood Level,7.4
2026-09-30 16:58:08,Southern Owens Valley,N. Haiwee Elevation,3756.9
2026-09-30 16:58:08,Southern Owens Valley,S. Haiwee Reservoir Elevation,3720.3
2026-09-30 16:58:08,Southern District,S. Haiwee Reservoir Elevation,3720.3
2026-09-30 16:58:08,Southern District,Fairmont Reservoir Elevation,3022.1
2026-09-30 16:58:08,Southern District,Bouquet Reservoir Elevation,2977.5
