date,district,source,value
2026-09-10 04:28:55,Northern Owens Valley,Tinemaha Elevation,3861.5
2026-09-10 04:28:55,Southern Owens Valley,Tinemaha Elevation,3861.5
2026-09-10 04:58:55,Northern Owens Valley,Tinemaha Elevation,3861.5
2026-09-10 04:58:55,Southern Owens Valley,Tinemaha Elevation,3861.5
2026-09-10 05:28:55,Northern Owens Valley,Tinemaha Elevation,3861.5
2026-09-10 05:28:55,Southern Owens Valley,Tinemaha Elevation,3861.5
2026-09-10 05:58:55,Northern Owens Valley,Tinemaha Elevation,3861.5
2026-09-10 05:58:55,Southern Owens Valley,Tinemaha Elevation,3861.5
2026-09-10 06:28:55,Northern Owens Valley,Tinemaha Elevation,3861.5
2026-09-10 06:28:55,Southern Owens Valley,Tinemaha Elevation,3861.5
2026-09-10 06:58:55,Northern Owens Valley,Tinemaha Elevation,3861.5
2026-09-10 06:58:55,Southern Owens Valley,Tinemaha Elevation,3861.5
2026-09-10 07:28:55,Northern Owens Valley,Tinemaha Elevation,3861.5
2026-09-10 07:28:55,Southern Owens Valley,Tinemaha Elevation,3861.5
2026-09-10 07:58:54,Northern Owens Valley,Tinemaha Elevation,3861.5
2026-09-10 07:58:54,Southern Owens Valley,Tinemaha Elevation,3861.5
2026-09-10 08:28:55,Northern Owens Valley,Tinemaha Elevation,3861.5
2026-09-10 08:28:55,Southern Owens Valley,Tinemaha Elevation,3861.5
2026-09-10 08:58:54,Northern Owens Valley,Tinemaha Elevation,3861.5
2026-09-10 08:58:54,Southern Owens Valley,Tinemaha Elevation,3861.5
2026-09-10 09:28:55,Northern Owens Valley,Tinemaha Elevation,3861.5
2026-09-10 09:28:55,Southern Owens Valley,Tinemaha Elevation,3861.5
2026-09-10 09:58:55,Northern Owens Valley,Tinemaha Elevation,3861.5
2026-09-10 09:58:55,Southern Owens Valley,Tinemaha Elevation,3861.5
2026-09-10 10:13:55,Mono Basin,Lee Vining Intake Above Flow,23.4
2026-09-10 10:13:55,Mono Basin,Lee Vining Intake Below Flow,23.1
2026-09-10 10:13:55,Mono Basin,Mono Lk. Elevation,6381.8
2026-09-10 10:13:55,Mono Basin,Walker Ck. Above Conduit Flow,3.0
2026-09-10 10:13:55,Mono Basin,L.V. Conduit Below Intake Flow,0.5
2026-09-10 10:13:55,Mono Basin,Walker Ck. Under Conduit Flow,3.0
2026-09-10 10:13:55,Mono Basin,Parker Ck. Under Conduit Flow,8.0
2026-09-10 10:13:55,Mono Basin,Parker Ck. Above Conduit Flow,9.0
2026-09-10 10:13:55,Mono Basin,Grant Lk. Spill Flow,0.0
2026-09-10 10:13:55,Mono Basin,Mono Gate 1 Return Ditch Flow,31.0
2026-09-10 10:13:55,Mono Basin,Grant Lk. Elevation,7128.6
2026-09-10 10:13:55,Mono Basin,Grant Lk. Outflow,38.3
2026-09-10 10:13:55,Mono Basin,Rush Ck. at Damsite Flow,25.4
2026-09-10 10:13:55,Mono Basin,Flow to West Portal,0.0
2026-09-10 10:13:55,Long Valley,East Portal Flow,12.0
2026-09-10 10:13:55,Long Valley,OR Below EP Flow,57.0
2026-09-10 10:13:55,Long Valley,Hot Ck.at Hwy. Flow,4.0
2026-09-10 10:13:55,Long Valley,McGee Ck. Lower Sta. Flow,8.3
2026-09-10 10:13:55,Long Valley,Long Valley Elevation,6768.8
2026-09-10 10:13:55,Long Valley,Long Valley Current Outflow,574.7
2026-09-10 10:13:55,Long Valley,Rock Ck. Div. Flow,0.0
2026-09-10 10:13:55,Long Valley,Upper Gorge Total Release,36.8
2026-09-10 10:13:55,Long Valley,Release at Middle Gorge,0.0
2026-09-10 10:13:55,Northern Owens Valley,Rock Ck. At Owens River (PV) Flow,26.6
2026-09-10 10:13:55,Northern Owens Valley,Pleasant Valley Elevation,4381.5
2026-09-10 10:13:55,Northern Owens Valley,Pleasant Valley Outflow,480.1
2026-09-10 10:13:55,Northern Owens Valley,Baker Ck. At LA Station Flow,6.3
2026-09-10 10:13:55,Northern Owens Valley,Big Pine Ck. USGS Flow,24.9
2026-09-10 10:13:55,Northern Owens Valley,O.R. Below Big Pine,467.1
2026-09-10 10:13:55,Northern Owens Valley,Fish Springs At RR Flow,29.6
2026-09-10 10:13:55,Northern Owens Valley,Tinemaha Reservoir Outflow,476.6
2026-09-10 10:13:55,Northern Owens Valley,Bishop Creek Through Plant 6,73.4
2026-09-10 10:13:55,Northern Owens Valley,Bishop Creek Around Plant 6,6.9
2026-09-10 10:13:55,Southern Owens Valley,Tinemaha Reservoir Outflow,476.6
2026-09-10 10:13:55,Southern Owens Valley,Indep. Ck. At Junction Flow,4.0
2026-09-10 10:13:55,Southern Owens Valley,LAA at Alabama Flow,409.0
2026-09-10 10:13:55,Southern Owens Valley,LAA at Alabama Level,7.9
2026-09-10 10:13:55,Southern Owens Valley,LAA at Alabama Water Temp,68.6
2026-09-10 10:13:55,Southern Owens Valley,Cottonwood Ck. At LAA Flow,2.0
2026-09-10 10:13:55,Southern Owens Valley,LAA at Cottonwood Flow,442.0
2026-09-10 10:13:55,Southern Owens Valley,LAA at Cottonwood Level,8.8
2026-09-10 10:13:55,Southern Owens Valley,LAA at Cotton. Water Temp,70.1
2026-09-10 10:13:55,Southern Owens Valley,N. Haiwee Elevation,3757.1
2026-09-10 10:13:55,Southern Owens Valley,S. Haiwee Reservoir Elevation,3728.1
2026-09-10 10:13:55,Southern Owens Valley,Haiwee LAA #1 Current Flow,0.0
2026-09-10 10:13:55,Southern Owens Valley,Haiwee LAA #2 Current Flow,146.8
2026-09-10 10:13:55,Southern Owens Valley,Reinhackel Flow,2.9
2026-09-10 10:13:55,Southern Owens Valley,Lubkin Spillgate Outflow,0.0
2026-09-10 10:13:55,Southern Owens Valley,Cartago Spillgate Outflow,18.0
2026-09-10 10:13:55,Southern Owens Valley,Lone Pine Creek Flow,8.5
2026-09-10 10:13:55,Lower Owens River Project,LORP Intake Flow,87.0
2026-09-10 10:13:55,Lower Owens River Project,LORP at Mazourka Canyon Road,0.0
2026-09-10 10:13:55,Lower Owens River Project,LORP at Reinhackle Springs,58.0
2026-09-10 10:13:55,Lower Owens River Project,LORP Above Pumpstation,59.0
2026-09-10 10:13:55,Lower Owens River Project,LORP At Pump Station Discharge Flow,48.0
2026-09-10 10:13:55,Southern District,Haiwee LAA #2 Current Flow,146.8
2026-09-10 10:13:55,Southern District,S. Haiwee Reservoir Elevation,3728.1
2026-09-10 10:13:55,Southern District,Haiwee LAA #1 Current Flow,0.0
2026-09-10 10:13:55,Southern District,Fairmont Reservoir Elevation,3025.2
2026-09-10 10:13:55,Southern District,LAA #1 Flow at Fairmont Reservoir,308.2
2026-09-10 10:13:55,Southern District,LAA #2 Flow at Fairmont Res.,152.1
2026-09-10 10:13:55,Southern District,Bouquet Reservoir Elevation,2974.6
2026-09-10 10:13:55,Southern District,Bouquet Reservoir Inflow,72.7
2026-09-10 10:13:55,Southern District,Bouquet Reservoir Outflow,0.7
2026-09-10 10:13:55,Southern District,LAA #1 at Soledad Flow,126.9
2026-09-10 10:13:55,Southern District,LAA #2 at Soledad Flow,247.1
2026-09-10 10:28:54,Mono Basin,Lee Vining Intake Above Flow,23.4
2026-09-10 10:28:54,Mono Basin,Lee Vining Intake Below Flow,23.1
2026-09-10 10:28:54,Mono Basin,Walker Ck. Above Conduit Flow,3.0
2026-09-10 10:28:54,Mono Basin,L.V. Conduit Below Intake Flow,0.5
2026-09-10 10:28:54,Mono Basin,Walker Ck. Under Conduit Flow,3.0
2026-09-10 10:28:54,Mono Basin,Parker Ck. Under Conduit Flow,8.0
2026-09-10 10:28:54,Mono Basin,Parker Ck. Above Conduit Flow,9.0
2026-09-10 10:28:54,Mono Basin,Grant Lk. Spill Flow,0.0
2026-09-10 10:28:54,Mono Basin,Mono Gate 1 Return Ditch Flow,29.7
2026-09-10 10:28:54,Mono Basin,Grant Lk. Outflow,38.8
2026-09-10 10:28:54,Mono Basin,Rush Ck. at Damsite Flow,25.4
2026-09-10 10:28:54,Mono Basin,Flow to West Portal,0.0
2026-09-10 10:28:54,Long Valley,East Portal Flow,12.0
2026-09-10 10:28:54,Long Valley,OR Below EP Flow,57.0
2026-09-10 10:28:54,Long Valley,Hot Ck.at Hwy. Flow,4.0
2026-09-10 10:28:54,Long Valley,McGee Ck. Lower Sta. Flow,8.3
2026-09-10 10:28:54,Long Valley,Long Valley Current Outflow,575.3
2026-09-10 10:28:54,Long Valley,Rock Ck. Div. Flow,0.0
2026-09-10 10:28:54,Long Valley,Upper Gorge Total Release,35.4
2026-09-10 10:28:54,Long Valley,Release at Middle Gorge,0.0
2026-09-10 10:28:54,Northern Owens Valley,Rock Ck. At Owens River (PV) Flow,26.6
2026-09-10 10:28:54,Northern Owens Valley,Pleasant Valley Outflow,479.8
2026-09-10 10:28:54,Northern Owens Valley,Baker Ck. At LA Station Flow,6.3
2026-09-10 10:28:54,Northern Owens Valley,Big Pine Ck. USGS Flow,24.9
2026-09-10 10:28:54,Northern Owens Valley,O.R. Below Big Pine,466.9
2026-09-10 10:28:54,Northern Owens Valley,Fish Springs At RR Flow,29.6
2026-09-10 10:28:54,Northern Owens Valley,Tinemaha Reservoir Outflow,477.5
2026-09-10 10:28:54,Northern Owens Valley,Bishop Creek Through Plant 6,73.4
2026-09-10 10:28:54,Northern Owens Valley,Bishop Creek Around Plant 6,6.9
2026-09-10 10:28:54,Southern Owens Valley,Tinemaha Reservoir Outflow,477.5
2026-09-10 10:28:54,Southern Owens Valley,Indep. Ck. At Junction Flow,4.0
2026-09-10 10:28:54,Southern Owens Valley,LAA at Alabama Flow,410.0
2026-09-10 10:28:54,Southern Owens Valley,Cottonwood Ck. At LAA Flow,2.0
2026-09-10 10:28:54,Southern Owens Valley,LAA at Cottonwood Flow,442.0
2026-09-10 10:28:54,Southern Owens Valley,Haiwee LAA #1 Current Flow,0.0
2026-09-10 10:28:54,Southern Owens Valley,Haiwee LAA #2 Current Flow,146.8
2026-09-10 10:28:54,Southern Owens Valley,Reinhackel Flow,2.9
2026-09-10 10:28:54,Southern Owens Valley,Lubkin Spillgate Outflow,0.0
2026-09-10 10:28:54,Southern Owens Valley,Cartago Spillgate Outflow,14.0
2026-09-10 10:28:54,Southern Owens Valley,Lone Pine Creek Flow,8.5
2026-09-10 10:28:54,Lower Owens River Project,LORP Intake Flow,87.0
2026-09-10 10:28:54,Lower Owens River Project,LORP at Mazourka Canyon Road,0.0
2026-09-10 10:28:54,Lower Owens River Project,LORP at Reinhackle Springs,58.0
2026-09-10 10:28:54,Lower Owens River Project,LORP Above Pumpstation,58.0
2026-09-10 10:28:54,Lower Owens River Project,LORP At Pump Station Discharge Flow,48.0
2026-09-10 10:28:54,Southern District,Haiwee LAA #2 Current Flow,146.8
2026-09-10 10:28:54,Southern District,Haiwee LAA #1 Current Flow,0.0
2026-09-10 10:28:54,Southern District,LAA #1 Flow at Fairmont Reservoir,306.5
2026-09-10 10:28:54,Southern District,LAA #2 Flow at Fairmont Res.,152.4
2026-09-10 10:28:54,Southern District,Bouquet Reservoir Inflow,68.5
2026-09-10 10:28:54,Southern District,Bouquet Reservoir Outflow,0.7
2026-09-10 10:28:54,Southern District,LAA #1 at Soledad Flow,126.9
2026-09-10 10:28:54,Southern District,LAA #2 at Soledad Flow,246.0
2026-09-10 10:28:55,Mono Basin,Mono Lk. Elevation,6381.8
2026-09-10 10:28:55,Mono Basin,Grant Lk. Elevation,7128.6
2026-09-10 10:28:55,Long Valley,Long Valley Elevation,6768.8
2026-09-10 10:28:55,Northern Owens Valley,Pleasant Valley Elevation,4381.5
2026-09-10 10:28:55,Northern Owens Valley,Tinemaha Elevation,3861.5
2026-09-10 10:28:55,Southern Owens Valley,Tinemaha Elevation,3861.5
2026-09-10 10:28:55,Southern Owens Valley,LAA at Alabama Level,7.9
2026-09-10 10:28:55,Southern Owens Valley,LAA at Alabama Water Temp,68.7
2026-09-10 10:28:55,Southern Owens Valley,LAA at Cottonwood Level,8.8
2026-09-10 10:28:55,Southern Owens Valley,LAA at Cotton. Water Temp,70.1
2026-09-10 10:28:55,Southern Owens Valley,N. Haiwee Elevation,3757.1
2026-09-10 10:28:55,Southern Owens Valley,S. Haiwee Reservoir Elevation,3728.1
2026-09-10 10:28:55,Southern District,S. Haiwee Reservoir Elevation,3728.1
2026-09-10 10:28:55,Southern District,Fairmont Reservoir Elevation,3025.1
2026-09-10 10:28:55,Southern District,Bouquet Reservoir Elevation,2974.6
2026-09-10 10:43:56,Mono Basin,Lee Vining Intake Above Flow,23.2
2026-09-10 10:43:56,Mono Basin,Lee Vining Intake Below Flow,23.2
2026-09-10 10:43:56,Mono Basin,Mono Lk. Elevation,6381.8
2026-09-10 10:43:56,Mono Basin,Walker Ck. Above Conduit Flow,3.0
2026-09-10 10:43:56,Mono Basin,L.V. Conduit Below Intake Flow,0.5
2026-09-10 10:43:56,Mono Basin,Walker Ck. Under Conduit Flow,3.0
2026-09-10 10:43:56,Mono Basin,Parker Ck. Under Conduit Flow,8.0
2026-09-10 10:43:56,Mono Basin,Parker Ck. Above Conduit Flow,9.0
2026-09-10 10:43:56,Mono Basin,Grant Lk. Spill Flow,0.0
2026-09-10 10:43:56,Mono Basin,Mono Gate 1 Return Ditch Flow,29.7
2026-09-10 10:43:56,Mono Basin,Grant Lk. Elevation,7128.6
2026-09-10 10:43:56,Mono Basin,Grant Lk. Outflow,38.8
2026-09-10 10:43:56,Mono Basin,Rush Ck. at Damsite Flow,25.4
2026-09-10 10:43:56,Mono Basin,Flow to West Portal,0.0
2026-09-10 10:43:56,Long Valley,East Portal Flow,12.0
2026-09-10 10:43:56,Long Valley,OR Below EP Flow,57.0
2026-09-10 10:43:56,Long Valley,Hot Ck.at Hwy. Flow,4.0
2026-09-10 10:43:56,Long Valley,McGee Ck. Lower Sta. Flow,8.3
2026-09-10 10:43:56,Long Valley,Long Valley Elevation,6768.8
2026-09-10 10:43:56,Long Valley,Long Valley Current Outflow,575.3
2026-09-10 10:43:56,Long Valley,Rock Ck. Div. Flow,0.0
2026-09-10 10:43:56,Long Valley,Upper Gorge Total Release,35.0
2026-09-10 10:43:56,Long Valley,Release at Middle Gorge,0.0
2026-09-10 10:43:56,Northern Owens Valley,Rock Ck. At Owens River (PV) Flow,26.6
2026-09-10 10:43:56,Northern Owens Valley,Pleasant Valley Elevation,4381.6
2026-09-10 10:43:56,Northern Owens Valley,Pleasant Valley Outflow,480.1
2026-09-10 10:43:56,Northern Owens Valley,Baker Ck. At LA Station Flow,6.3
2026-09-10 10:43:56,Northern Owens Valley,Big Pine Ck. USGS Flow,24.9
2026-09-10 10:43:56,Northern Owens Valley,O.R. Below Big Pine,466.8
2026-09-10 10:43:56,Northern Owens Valley,Fish Springs At RR Flow,29.6
2026-09-10 10:43:56,Northern Owens Valley,Tinemaha Reservoir Outflow,477.5
2026-09-10 10:43:56,Northern Owens Valley,Bishop Creek Through Plant 6,73.4
2026-09-10 10:43:56,Northern Owens Valley,Bishop Creek Around Plant 6,6.9
2026-09-10 10:43:56,Southern Owens Valley,Tinemaha Reservoir Outflow,477.5
2026-09-10 10:43:56,Southern Owens Valley,Indep. Ck. At Junction Flow,4.0
2026-09-10 10:43:56,Southern Owens Valley,LAA at Alabama Flow,410.0
2026-09-10 10:43:56,Southern Owens Valley,LAA at Alabama Level,7.9
2026-09-10 10:43:56,Southern Owens Valley,LAA at Alabama Water Temp,68.9
2026-09-10 10:43:56,Southern Owens Valley,Cottonwood Ck. At LAA Flow,2.0
2026-09-10 10:43:56,Southern Owens Valley,LAA at Cottonwood Flow,442.0
2026-09-10 10:43:56,Southern Owens Valley,LAA at Cottonwood Level,8.8
2026-09-10 10:43:56,Southern Owens Valley,LAA at Cotton. Water Temp,70.3
2026-09-10 10:43:56,Southern Owens Valley,N. Haiwee Elevation,3757.0
2026-09-10 10:43:56,Southern Owens Valley,S. Haiwee Reservoir Elevation,3728.1
2026-09-10 10:43:56,Southern Owens Valley,Haiwee LAA #1 Current Flow,0.0
2026-09-10 10:43:56,Southern Owens Valley,Haiwee LAA #2 Current Flow,146.8
2026-09-10 10:43:56,Southern Owens Valley,Reinhackel Flow,2.9
2026-09-10 10:43:56,Southern Owens Valley,Lubkin Spillgate Outflow,0.0
2026-09-10 10:43:56,Southern Owens Valley,Cartago Spillgate Outflow,22.7
2026-09-10 10:43:56,Southern Owens Valley,Lone Pine Creek Flow,8.4
2026-09-10 10:43:56,Lower Owens River Project,LORP Intake Flow,87.0
2026-09-10 10:43:56,Lower Owens River Project,LORP at Mazourka Canyon Road,0.0
2026-09-10 10:43:56,Lower Owens River Project,LORP at Reinhackle Springs,58.0
2026-09-10 10:43:56,Lower Owens River Project,LORP Above Pumpstation,59.0
2026-09-10 10:43:56,Lower Owens River Project,LORP At Pump Station Discharge Flow,48.0
2026-09-10 10:43:56,Southern District,Haiwee LAA #2 Current Flow,146.8
2026-09-10 10:43:56,Southern District,S. Haiwee Reservoir Elevation,3728.1
2026-09-10 10:43:56,Southern District,Haiwee LAA #1 Current Flow,0.0
2026-09-10 10:43:56,Southern District,Fairmont Reservoir Elevation,3025.1
2026-09-10 10:43:56,Southern District,LAA #1 Flow at Fairmont Reservoir,307.7
2026-09-10 10:43:56,Southern District,LAA #2 Flow at Fairmont Res.,152.6
2026-09-10 10:43:56,Southern District,Bouquet Reservoir Elevation,2974.7
2026-09-10 10:43:56,Southern District,Bouquet Reservoir Inflow,66.4
2026-09-10 10:43:56,Southern District,Bouquet Reservoir Outflow,0.7
2026-09-10 10:43:56,Southern District,LAA #1 at Soledad Flow,129.3
2026-09-10 10:43:56,Southern District,LAA #2 at Soledad Flow,246.0
2026-09-10 10:58:54,Mono Basin,Lee Vining Intake Above Flow,23.2
2026-09-10 10:58:54,Mono Basin,Lee Vining Intake Below Flow,23.2
2026-09-10 10:58:54,Mono Basin,Walker Ck. Above Conduit Flow,3.0
2026-09-10 10:58:54,Mono Basin,L.V. Conduit Below Intake Flow,0.5
2026-09-10 10:58:54,Mono Basin,Walker Ck. Under Conduit Flow,3.0
2026-09-10 10:58:54,Mono Basin,Parker Ck. Under Conduit Flow,8.0
2026-09-10 10:58:54,Mono Basin,Parker Ck. Above Conduit Flow,9.0
2026-09-10 10:58:54,Mono Basin,Grant Lk. Spill Flow,0.0
2026-09-10 10:58:54,Mono Basin,Mono Gate 1 Return Ditch Flow,29.7
2026-09-10 10:58:54,Mono Basin,Grant Lk. Outflow,38.8
2026-09-10 10:58:54,Mono Basin,Rush Ck. at Damsite Flow,25.4
2026-09-10 10:58:54,Mono Basin,Flow to West Portal,0.0
2026-09-10 10:58:54,Long Valley,East Portal Flow,12.0
2026-09-10 10:58:54,Long Valley,OR Below EP Flow,57.0
2026-09-10 10:58:54,Long Valley,Hot Ck.at Hwy. Flow,4.0
2026-09-10 10:58:54,Long Valley,McGee Ck. Lower Sta. Flow,8.3
2026-09-10 10:58:54,Long Valley,Long Valley Current Outflow,575.3
2026-09-10 10:58:54,Long Valley,Rock Ck. Div. Flow,0.0
2026-09-10 10:58:54,Long Valley,Upper Gorge Total Release,35.7
2026-09-10 10:58:54,Long Valley,Release at Middle Gorge,0.0
2026-09-10 10:58:54,Northern Owens Valley,Rock Ck. At Owens River (PV) Flow,26.6
2026-09-10 10:58:54,Northern Owens Valley,Pleasant Valley Outflow,480.5
2026-09-10 10:58:54,Northern Owens Valley,Baker Ck. At LA Station Flow,6.3
2026-09-10 10:58:54,Northern Owens Valley,Big Pine Ck. USGS Flow,24.9
2026-09-10 10:58:54,Northern Owens Valley,O.R. Below Big Pine,467.4
2026-09-10 10:58:54,Northern Owens Valley,Fish Springs At RR Flow,29.6
2026-09-10 10:58:54,Northern Owens Valley,Tinemaha Reservoir Outflow,477.5
2026-09-10 10:58:54,Northern Owens Valley,Bishop Creek Through Plant 6,73.4
2026-09-10 10:58:54,Northern Owens Valley,Bishop Creek Around Plant 6,6.9
2026-09-10 10:58:54,Southern Owens Valley,Tinemaha Reservoir Outflow,477.5
2026-09-10 10:58:54,Southern Owens Valley,Indep. Ck. At Junction Flow,4.0
2026-09-10 10:58:54,Southern Owens Valley,LAA at Alabama Flow,410.0
2026-09-10 10:58:54,Southern Owens Valley,Cottonwood Ck. At LAA Flow,2.0
2026-09-10 10:58:54,Southern Owens Valley,LAA at Cottonwood Flow,442.0
2026-09-10 10:58:54,Southern Owens Valley,Haiwee LAA #1 Current Flow,0.0
2026-09-10 10:58:54,Southern Owens Valley,Haiwee LAA #2 Current Flow,146.8
2026-09-10 10:58:54,Southern Owens Valley,Reinhackel Flow,2.9
2026-09-10 10:58:54,Southern Owens Valley,Lubkin Spillgate Outflow,0.0
2026-09-10 10:58:54,Southern Owens Valley,Cartago Spillgate Outflow,16.2
2026-09-10 10:58:54,Southern Owens Valley,Lone Pine Creek Flow,8.4
2026-09-10 10:58:54,Lower Owens River Project,LORP Intake Flow,87.0
2026-09-10 10:58:54,Lower Owens River Project,LORP at Mazourka Canyon Road,0.0
2026-09-10 10:58:54,Lower Owens River Project,LORP at Reinhackle Springs,58.0
2026-09-10 10:58:54,Lower Owens River Project,LORP Above Pumpstation,59.0
2026-09-10 10:58:54,Lower Owens River Project,LORP At Pump Station Discharge Flow,48.0
2026-09-10 10:58:54,Southern District,Haiwee LAA #2 Current Flow,146.8
2026-09-10 10:58:54,Southern District,Haiwee LAA #1 Current Flow,0.0
2026-09-10 10:58:54,Southern District,LAA #1 Flow at Fairmont Reservoir,308.7
2026-09-10 10:58:54,Southern District,LAA #2 Flow at Fairmont Res.,152.4
2026-09-10 10:58:54,Southern District,Bouquet Reservoir Inflow,68.7
2026-09-10 10:58:54,Southern District,Bouquet Reservoir Outflow,0.7
2026-09-10 10:58:54,Southern District,LAA #1 at Soledad Flow,129.3
2026-09-10 10:58:54,Southern District,LAA #2 at Soledad Flow,246.0
2026-09-10 10:58:55,Mono Basin,Mono Lk. Elevation,6381.8
2026-09-10 10:58:55,Mono Basin,Grant Lk. Elevation,7128.6
2026-09-10 10:58:55,Long Valley,Long Valley Elevation,6768.8
2026-09-10 10:58:55,Northern Owens Valley,Pleasant Valley Elevation,4381.6
2026-09-10 10:58:55,Northern Owens Valley,Tinemaha Elevation,3861.5
2026-09-10 10:58:55,Southern Owens Valley,Tinemaha Elevation,3861.5
2026-09-10 10:58:55,Southern Owens Valley,LAA at Alabama Level,7.9
2026-09-10 10:58:55,Southern Owens Valley,LAA at Alabama Water Temp,68.9
2026-09-10 10:58:55,Southern Owens Valley,LAA at Cottonwood Level,8.8
2026-09-10 10:58:55,Southern Owens Valley,LAA at Cotton. Water Temp,70.5
2026-09-10 10:58:55,Southern Owens Valley,N. Haiwee Elevation,3757.0
2026-09-10 10:58:55,Southern Owens Valley,S. Haiwee Reservoir Elevation,3728.1
2026-09-10 10:58:55,Southern District,S. Haiwee Reservoir Elevation,3728.1
2026-09-10 10:58:55,Southern District,Fairmont Reservoir Elevation,3025.1
2026-09-10 10:58:55,Southern District,Bouquet Reservoir Elevation,2974.7
2026-09-10 11:13:54,Mono Basin,Lee Vining Intake Above Flow,22.6
2026-09-10 11:13:54,Mono Basin,Lee Vining Intake Below Flow,23.1
2026-09-10 11:13:54,Mono Basin,Walker Ck. Above Conduit Flow,3.0
2026-09-10 11:13:54,Mono Basin,L.V. Conduit Below Intake Flow,0.5
2026-09-10 11:13:54,Mono Basin,Walker Ck. Under Conduit Flow,3.0
2026-09-10 11:13:54,Mono Basin,Parker Ck. Under Conduit Flow,8.0
2026-09-10 11:13:54,Mono Basin,Parker Ck. Above Conduit Flow,9.0
2026-09-10 11:13:54,Mono Basin,Grant Lk. Spill Flow,0.0
2026-09-10 11:13:54,Mono Basin,Mono Gate 1 Return Ditch Flow,29.7
2026-09-10 11:13:54,Mono Basin,Grant Lk. Outflow,38.8
2026-09-10 11:13:54,Mono Basin,Rush Ck. at Damsite Flow,25.4
2026-09-10 11:13:54,Mono Basin,Flow to West Portal,0.0
2026-09-10 11:13:54,Long Valley,East Portal Flow,12.0
2026-09-10 11:13:54,Long Valley,OR Below EP Flow,57.0
2026-09-10 11:13:54,Long Valley,Hot Ck.at Hwy. Flow,4.0
2026-09-10 11:13:54,Long Valley,McGee Ck. Lower Sta. Flow,8.3
2026-09-10 11:13:54,Long Valley,Long Valley Current Outflow,575.3
2026-09-10 11:13:54,Long Valley,Rock Ck. Div. Flow,0.0
2026-09-10 11:13:54,Long Valley,Upper Gorge Total Release,36.9
2026-09-10 11:13:54,Long Valley,Release at Middle Gorge,0.0
2026-09-10 11:13:54,Northern Owens Valley,Rock Ck. At Owens River (PV) Flow,26.6
2026-09-10 11:13:54,Northern Owens Valley,Pleasant Valley Outflow,480.4
2026-09-10 11:13:54,Northern Owens Valley,Baker Ck. At LA Station Flow,6.3
2026-09-10 11:13:54,Northern Owens Valley,Big Pine Ck. USGS Flow,24.9
2026-09-10 11:13:54,Northern Owens Valley,O.R. Below Big Pine,467.8
2026-09-10 11:13:54,Northern Owens Valley,Fish Springs At RR Flow,29.6
2026-09-10 11:13:54,Northern Owens Valley,Tinemaha Reservoir Outflow,477.5
2026-09-10 11:13:54,Northern Owens Valley,Bishop Creek Through Plant 6,73.2
2026-09-10 11:13:54,Northern Owens Valley,Bishop Creek Around Plant 6,6.5
2026-09-10 11:13:54,Southern Owens Valley,Tinemaha Reservoir Outflow,477.5
2026-09-10 11:13:54,Southern Owens Valley,Indep. Ck. At Junction Flow,4.0
2026-09-10 11:13:54,Southern Owens Valley,LAA at Alabama Flow,410.0
2026-09-10 11:13:54,Southern Owens Valley,Cottonwood Ck. At LAA Flow,2.0
2026-09-10 11:13:54,Southern Owens Valley,LAA at Cottonwood Flow,442.0
2026-09-10 11:13:54,Southern Owens Valley,Haiwee LAA #1 Current Flow,0.0
2026-09-10 11:13:54,Southern Owens Valley,Haiwee LAA #2 Current Flow,146.8
2026-09-10 11:13:54,Southern Owens Valley,Reinhackel Flow,2.9
2026-09-10 11:13:54,Southern Owens Valley,Lubkin Spillgate Outflow,0.0
2026-09-10 11:13:54,Southern Owens Valley,Cartago Spillgate Outflow,16.2
2026-09-10 11:13:54,Southern Owens Valley,Lone Pine Creek Flow,8.2
2026-09-10 11:13:54,Lower Owens River Project,LORP Intake Flow,87.0
2026-09-10 11:13:54,Lower Owens River Project,LORP at Mazourka Canyon Road,0.0
2026-09-10 11:13:54,Lower Owens River Project,LORP at Reinhackle Springs,58.0
2026-09-10 11:13:54,Lower Owens River Project,LORP Above Pumpstation,50.0
2026-09-10 11:13:54,Lower Owens River Project,LORP At Pump Station Discharge Flow,38.0
2026-09-10 11:13:54,Southern District,Haiwee LAA #2 Current Flow,146.8
2026-09-10 11:13:54,Southern District,Haiwee LAA #1 Current Flow,0.0
2026-09-10 11:13:54,Southern District,LAA #1 Flow at Fairmont Reservoir,309.3
2026-09-10 11:13:54,Southern District,LAA #2 Flow at Fairmont Res.,152.3
2026-09-10 11:13:54,Southern District,Bouquet Reservoir Inflow,69.0
2026-09-10 11:13:54,Southern District,Bouquet Reservoir Outflow,0.7
2026-09-10 11:13:54,Southern District,LAA #1 at Soledad Flow,129.3
2026-09-10 11:13:54,Southern District,LAA #2 at Soledad Flow,246.0
2026-09-10 11:13:55,Mono Basin,Mono Lk. Elevation,6381.8
2026-09-10 11:13:55,Mono Basin,Grant Lk. Elevation,7128.6
2026-09-10 11:13:55,Long Valley,Long Valley Elevation,6768.8
2026-09-10 11:13:55,Northern Owens Valley,Pleasant Valley Elevation,4381.6
2026-09-10 11:13:55,Southern Owens Valley,LAA at Alabama Level,7.9
2026-09-10 11:13:55,Southern Owens Valley,LAA at Alabama Water Temp,69.2
2026-09-10 11:13:55,Southern Owens Valley,LAA at Cottonwood Level,8.8
2026-09-10 11:13:55,Southern Owens Valley,LAA at Cotton. Water Temp,70.6
2026-09-10 11:13:55,Southern Owens Valley,N. Haiwee Elevation,3757.0
2026-09-10 11:13:55,Southern Owens Valley,S. Haiwee Reservoir Elevation,3728.1
2026-09-10 11:13:55,Southern District,S. Haiwee Reservoir Elevation,3728.1
2026-09-10 11:13:55,Southern District,Fairmont Reservoir Elevation,3025.1
2026-09-10 11:13:55,Southern District,Bouquet Reservoir Elevation,2974.7
2026-09-10 11:28:55,Mono Basin,Lee Vining Intake Above Flow,22.6
2026-09-10 11:28:55,Mono Basin,Lee Vining Intake Below Flow,23.1
2026-09-10 11:28:55,Mono Basin,Walker Ck. Above Conduit Flow,3.0
2026-09-10 11:28:55,Mono Basin,L.V. Conduit Below Intake Flow,0.5
2026-09-10 11:28:55,Mono Basin,Walker Ck. Under Conduit Flow,3.0
2026-09-10 11:28:55,Mono Basin,Parker Ck. Under Conduit Flow,8.0
2026-09-10 11:28:55,Mono Basin,Parker Ck. Above Conduit Flow,9.0
2026-09-10 11:28:55,Mono Basin,Grant Lk. Spill Flow,0.0
2026-09-10 11:28:55,Mono Basin,Mono Gate 1 Return Ditch Flow,30.0
2026-09-10 11:28:55,Mono Basin,Grant Lk. Outflow,38.3
2026-09-10 11:28:55,Mono Basin,Rush Ck. at Damsite Flow,25.4
2026-09-10 11:28:55,Mono Basin,Flow to West Portal,0.0
2026-09-10 11:28:55,Long Valley,East Portal Flow,12.0
2026-09-10 11:28:55,Long Valley,OR Below EP Flow,57.0
2026-09-10 11:28:55,Long Valley,Hot Ck.at Hwy. Flow,4.0
2026-09-10 11:28:55,Long Valley,McGee Ck. Lower Sta. Flow,8.3
2026-09-10 11:28:55,Long Valley,Long Valley Current Outflow,572.0
2026-09-10 11:28:55,Long Valley,Rock Ck. Div. Flow,0.0
2026-09-10 11:28:55,Long Valley,Upper Gorge Total Release,35.8
2026-09-10 11:28:55,Long Valley,Release at Middle Gorge,0.0
2026-09-10 11:28:55,Northern Owens Valley,Rock Ck. At Owens River (PV) Flow,26.6
2026-09-10 11:28:55,Northern Owens Valley,Pleasant Valley Outflow,480.9
2026-09-10 11:28:55,Northern Owens Valley,Baker Ck. At LA Station Flow,6.3
2026-09-10 11:28:55,Northern Owens Valley,Big Pine Ck. USGS Flow,24.9
2026-09-10 11:28:55,Northern Owens Valley,O.R. Below Big Pine,466.8
2026-09-10 11:28:55,Northern Owens Valley,Fish Springs At RR Flow,29.6
2026-09-10 11:28:55,Northern Owens Valley,Tinemaha Reservoir Outflow,477.5
2026-09-10 11:28:55,Northern Owens Valley,Bishop Creek Through Plant 6,73.2
2026-09-10 11:28:55,Northern Owens Valley,Bishop Creek Around Plant 6,6.5
2026-09-10 11:28:55,Southern Owens Valley,Tinemaha Reservoir Outflow,477.5
2026-09-10 11:28:55,Southern Owens Valley,Indep. Ck. At Junction Flow,4.0
2026-09-10 11:28:55,Southern Owens Valley,LAA at Alabama Flow,410.0
2026-09-10 11:28:55,Southern Owens Valley,LAA at Alabama Level,7.9
2026-09-10 11:28:55,Southern Owens Valley,LAA at Alabama Water Temp,69.2
2026-09-10 11:28:55,Southern Owens Valley,Cottonwood Ck. At LAA Flow,2.0
2026-09-10 11:28:55,Southern Owens Valley,LAA at Cottonwood Flow,442.0
2026-09-10 11:28:55,Southern Owens Valley,LAA at Cottonwood Level,8.8
2026-09-10 11:28:55,Southern Owens Valley,LAA at Cotton. Water Temp,70.6
2026-09-10 11:28:55,Southern Owens Valley,Haiwee LAA #1 Current Flow,0.0
2026-09-10 11:28:55,Southern Owens Valley,Haiwee LAA #2 Current Flow,146.8
2026-09-10 11:28:55,Southern Owens Valley,Reinhackel Flow,2.9
2026-09-10 11:28:55,Southern Owens Valley,Lubkin Spillgate Outflow,0.0
2026-09-10 11:28:55,Southern Owens Valley,Cartago Spillgate Outflow,14.6
2026-09-10 11:28:55,Southern Owens Valley,Lone Pine Creek Flow,8.2
2026-09-10 11:28:55,Lower Owens River Project,LORP Intake Flow,87.0
2026-09-10 11:28:55,Lower Owens River Project,LORP at Mazourka Canyon Road,0.0
2026-09-10 11:28:55,Lower Owens River Project,LORP at Reinhackle Springs,59.0
2026-09-10 11:28:55,Lower Owens River Project,LORP Above Pumpstation,50.0
2026-09-10 11:28:55,Lower Owens River Project,LORP At Pump Station Discharge Flow,38.0
2026-09-10 11:28:55,Southern District,Haiwee LAA #2 Current Flow,146.8
2026-09-10 11:28:55,Southern District,Haiwee LAA #1 Current Flow,0.0
2026-09-10 11:28:55,Southern District,LAA #1 Flow at Fairmont Reservoir,308.3
2026-09-10 11:28:55,Southern District,LAA #2 Flow at Fairmont Res.,152.4
2026-09-10 11:28:55,Southern District,Bouquet Reservoir Inflow,66.7
2026-09-10 11:28:55,Southern District,Bouquet Reservoir Outflow,0.7
2026-09-10 11:28:55,Southern District,LAA #1 at Soledad Flow,129.3
2026-09-10 11:28:55,Southern District,LAA #2 at Soledad Flow,246.0
2026-09-10 11:28:56,Mono Basin,Mono Lk. Elevation,6381.8
2026-09-10 11:28:56,Mono Basin,Grant Lk. Elevation,7128.6
2026-09-10 11:28:56,Long Valley,Long Valley Elevation,6768.8
2026-09-10 11:28:56,Northern Owens Valley,Pleasant Valley Elevation,4381.7
2026-09-10 11:28:56,Northern Owens Valley,Tinemaha Elevation,3861.5
2026-09-10 11:28:56,Southern Owens Valley,Tinemaha Elevation,3861.5
2026-09-10 11:28:56,Southern Owens Valley,N. Haiwee Elevation,3757.0
2026-09-10 11:28:56,Southern Owens Valley,S. Haiwee Reservoir Elevation,3728.1
2026-09-10 11:28:56,Southern District,S. Haiwee Reservoir Elevation,3728.1
2026-09-10 11:28:56,Southern District,Fairmont Reservoir Elevation,3025.1
2026-09-10 11:28:56,Southern District,Bouquet Reservoir Elevation,2974.7
2026-09-10 11:43:56,Mono Basin,Lee Vining Intake Above Flow,23.3
2026-09-10 11:43:56,Mono Basin,Lee Vining Intake Below Flow,23.0
2026-09-10 11:43:56,Mono Basin,Walker Ck. Above Conduit Flow,3.0
2026-09-10 11:43:56,Mono Basin,L.V. Conduit Below Intake Flow,0.5
2026-09-10 11:43:56,Mono Basin,Walker Ck. Under Conduit Flow,3.0
2026-09-10 11:43:56,Mono Basin,Parker Ck. Under Conduit Flow,8.0
2026-09-10 11:43:56,Mono Basin,Parker Ck. Above Conduit Flow,9.0
2026-09-10 11:43:56,Mono Basin,Grant Lk. Spill Flow,0.0
2026-09-10 11:43:56,Mono Basin,Mono Gate 1 Return Ditch Flow,30.0
2026-09-10 11:43:56,Mono Basin,Grant Lk. Outflow,38.3
2026-09-10 11:43:56,Mono Basin,Rush Ck. at Damsite Flow,21.2
2026-09-10 11:43:56,Mono Basin,Flow to West Portal,0.0
2026-09-10 11:43:56,Long Valley,East Portal Flow,12.0
2026-09-10 11:43:56,Long Valley,OR Below EP Flow,57.0
2026-09-10 11:43:56,Long Valley,Hot Ck.at Hwy. Flow,4.0
2026-09-10 11:43:56,Long Valley,McGee Ck. Lower Sta. Flow,8.3
2026-09-10 11:43:56,Long Valley,Long Valley Current Outflow,572.0
2026-09-10 11:43:56,Long Valley,Rock Ck. Div. Flow,0.0
2026-09-10 11:43:56,Long Valley,Upper Gorge Total Release,36.4
2026-09-10 11:43:56,Long Valley,Release at Middle Gorge,0.0
2026-09-10 11:43:56,Northern Owens Valley,Rock Ck. At Owens River (PV) Flow,26.6
2026-09-10 11:43:56,Northern Owens Valley,Pleasant Valley Outflow,480.5
2026-09-10 11:43:56,Northern Owens Valley,Baker Ck. At LA Station Flow,6.3
2026-09-10 11:43:56,Northern Owens Valley,Big Pine Ck. USGS Flow,24.9
2026-09-10 11:43:56,Northern Owens Valley,O.R. Below Big Pine,467.5
2026-09-10 11:43:56,Northern Owens Valley,Fish Springs At RR Flow,29.6
2026-09-10 11:43:56,Northern Owens Valley,Tinemaha Reservoir Outflow,477.5
2026-09-10 11:43:56,Northern Owens Valley,Bishop Creek Through Plant 6,67.5
2026-09-10 11:43:56,Northern Owens Valley,Bishop Creek Around Plant 6,6.5
2026-09-10 11:43:56,Southern Owens Valley,Tinemaha Reservoir Outflow,477.5
2026-09-10 11:43:56,Southern Owens Valley,Indep. Ck. At Junction Flow,4.0
2026-09-10 11:43:56,Southern Owens Valley,LAA at Alabama Flow,410.0
2026-09-10 11:43:56,Southern Owens Valley,LAA at Alabama Level,7.9
2026-09-10 11:43:56,Southern Owens Valley,LAA at Alabama Water Temp,69.2
2026-09-10 11:43:56,Southern Owens Valley,Cottonwood Ck. At LAA Flow,2.0
2026-09-10 11:43:56,Southern Owens Valley,LAA at Cottonwood Flow,443.0
2026-09-10 11:43:56,Southern Owens Valley,LAA at Cottonwood Level,8.8
2026-09-10 11:43:56,Southern Owens Valley,LAA at Cotton. Water Temp,70.8
2026-09-10 11:43:56,Southern Owens Valley,Haiwee LAA #1 Current Flow,0.0
2026-09-10 11:43:56,Southern Owens Valley,Haiwee LAA #2 Current Flow,146.8
2026-09-10 11:43:56,Southern Owens Valley,Reinhackel Flow,2.9
2026-09-10 11:43:56,Southern Owens Valley,Lubkin Spillgate Outflow,0.0
2026-09-10 11:43:56,Southern Owens Valley,Cartago Spillgate Outflow,14.6
2026-09-10 11:43:56,Southern Owens Valley,Lone Pine Creek Flow,8.2
2026-09-10 11:43:56,Lower Owens River Project,LORP Intake Flow,79.0
2026-09-10 11:43:56,Lower Owens River Project,LORP at Mazourka Canyon Road,0.0
2026-09-10 11:43:56,Lower Owens River Project,LORP at Reinhackle Springs,59.0
2026-09-10 11:43:56,Lower Owens River Project,LORP Above Pumpstation,50.0
2026-09-10 11:43:56,Lower Owens River Project,LORP At Pump Station Discharge Flow,38.0
2026-09-10 11:43:56,Southern District,Haiwee LAA #2 Current Flow,146.8
2026-09-10 11:43:56,Southern District,Haiwee LAA #1 Current Flow,0.0
2026-09-10 11:43:56,Southern District,LAA #1 Flow at Fairmont Reservoir,309.0
2026-09-10 11:43:56,Southern District,LAA #2 Flow at Fairmont Res.,152.8
2026-09-10 11:43:56,Southern District,Bouquet Reservoir Inflow,68.9
2026-09-10 11:43:56,Southern District,Bouquet Reservoir Outflow,0.7
2026-09-10 11:43:56,Southern District,LAA #1 at Soledad Flow,129.3
2026-09-10 11:43:56,Southern District,LAA #2 at Soledad Flow,246.0
2026-09-10 11:43:57,Mono Basin,Mono Lk. Elevation,6381.8
2026-09-10 11:43:57,Mono Basin,Grant Lk. Elevation,7128.6
2026-09-10 11:43:57,Long Valley,Long Valley Elevation,6768.8
2026-09-10 11:43:57,Northern Owens Valley,Pleasant Valley Elevation,4381.7
2026-09-10 11:43:57,Southern Owens Valley,N. Haiwee Elevation,3757.0
2026-09-10 11:43:57,Southern Owens Valley,S. Haiwee Reservoir Elevation,3728.2
2026-09-10 11:43:57,Southern District,S. Haiwee Reservoir Elevation,3728.2
2026-09-10 11:43:57,Southern District,Fairmont Reservoir Elevation,3025.1
2026-09-10 11:43:57,Southern District,Bouquet Reservoir Elevation,2974.7
2026-09-10 11:58:54,Mono Basin,Lee Vining Intake Above Flow,23.3
2026-09-10 11:58:54,Mono Basin,Lee Vining Intake Below Flow,23.0
2026-09-10 11:58:54,Mono Basin,Walker Ck. Above Conduit Flow,3.0
2026-09-10 11:58:54,Mono Basin,L.V. Conduit Below Intake Flow,0.5
2026-09-10 11:58:54,Mono Basin,Walker Ck. Under Conduit Flow,3.0
2026-09-10 11:58:54,Mono Basin,Parker Ck. Under Conduit Flow,8.0
2026-09-10 11:58:54,Mono Basin,Parker Ck. Above Conduit Flow,9.0
2026-09-10 11:58:54,Mono Basin,Grant Lk. Spill Flow,0.0
2026-09-10 11:58:54,Mono Basin,Mono Gate 1 Return Ditch Flow,30.0
2026-09-10 11:58:54,Mono Basin,Grant Lk. Outflow,38.3
2026-09-10 11:58:54,Mono Basin,Rush Ck. at Damsite Flow,21.2
2026-09-10 11:58:54,Mono Basin,Flow to West Portal,0.0
2026-09-10 11:58:54,Long Valley,East Portal Flow,12.0
2026-09-10 11:58:54,Long Valley,OR Below EP Flow,57.0
2026-09-10 11:58:54,Long Valley,Hot Ck.at Hwy. Flow,4.0
2026-09-10 11:58:54,Long Valley,McGee Ck. Lower Sta. Flow,8.3
2026-09-10 11:58:54,Long Valley,Long Valley Current Outflow,572.0
2026-09-10 11:58:54,Long Valley,Rock Ck. Div. Flow,0.0
2026-09-10 11:58:54,Long Valley,Upper Gorge Total Release,37.2
2026-09-10 11:58:54,Long Valley,Release at Middle Gorge,0.0
2026-09-10 11:58:54,Northern Owens Valley,Rock Ck. At Owens River (PV) Flow,26.6
2026-09-10 11:58:54,Northern Owens Valley,Pleasant Valley Outflow,480.9
2026-09-10 11:58:54,Northern Owens Valley,Baker Ck. At LA Station Flow,6.3
2026-09-10 11:58:54,Northern Owens Valley,Big Pine Ck. USGS Flow,24.9
2026-09-10 11:58:54,Northern Owens Valley,O.R. Below Big Pine,466.2
2026-09-10 11:58:54,Northern Owens Valley,Fish Springs At RR Flow,29.6
2026-09-10 11:58:54,Northern Owens Valley,Tinemaha Reservoir Outflow,477.5
2026-09-10 11:58:54,Northern Owens Valley,Bishop Creek Through Plant 6,69.8
2026-09-10 11:58:54,Northern Owens Valley,Bishop Creek Around Plant 6,6.5
2026-09-10 11:58:54,Southern Owens Valley,Tinemaha Reservoir Outflow,477.5
2026-09-10 11:58:54,Southern Owens Valley,Indep. Ck. At Junction Flow,4.0
2026-09-10 11:58:54,Southern Owens Valley,LAA at Alabama Flow,410.0
2026-09-10 11:58:54,Southern Owens Valley,Cottonwood Ck. At LAA Flow,2.0
2026-09-10 11:58:54,Southern Owens Valley,LAA at Cottonwood Flow,443.0
2026-09-10 11:58:54,Southern Owens Valley,Haiwee LAA #1 Current Flow,0.0
2026-09-10 11:58:54,Southern Owens Valley,Haiwee LAA #2 Current Flow,146.8
2026-09-10 11:58:54,Southern Owens Valley,Reinhackel Flow,2.9
2026-09-10 11:58:54,Southern Owens Valley,Lubkin Spillgate Outflow,0.0
2026-09-10 11:58:54,Southern Owens Valley,Cartago Spillgate Outflow,14.9
2026-09-10 11:58:54,Southern Owens Valley,Lone Pine Creek Flow,8.2
2026-09-10 11:58:54,Lower Owens River Project,LORP Intake Flow,79.0
2026-09-10 11:58:54,Lower Owens River Project,LORP at Mazourka Canyon Road,0.0
2026-09-10 11:58:54,Lower Owens River Project,LORP at Reinhackle Springs,59.0
2026-09-10 11:58:54,Lower Owens River Project,LORP Above Pumpstation,49.0
2026-09-10 11:58:54,Lower Owens River Project,LORP At Pump Station Discharge Flow,37.0
2026-09-10 11:58:54,Southern District,Haiwee LAA #2 Current Flow,146.8
2026-09-10 11:58:54,Southern District,Haiwee LAA #1 Current Flow,0.0
2026-09-10 11:58:54,Southern District,LAA #1 Flow at Fairmont Reservoir,309.4
2026-09-10 11:58:54,Southern District,LAA #2 Flow at Fairmont Res.,152.9
2026-09-10 11:58:54,Southern District,Bouquet Reservoir Inflow,69.0
2026-09-10 11:58:54,Southern District,Bouquet Reservoir Outflow,0.7
2026-09-10 11:58:54,Southern District,LAA #1 at Soledad Flow,129.3
2026-09-10 11:58:54,Southern District,LAA #2 at Soledad Flow,246.0
2026-09-10 11:58:55,Mono Basin,Mono Lk. Elevation,6381.8
2026-09-10 11:58:55,Mono Basin,Grant Lk. Elevation,7128.6
2026-09-10 11:58:55,Long Valley,Long Valley Elevation,6768.8
2026-09-10 11:58:55,Northern Owens Valley,Pleasant Valley Elevation,4381.7
2026-09-10 11:58:55,Northern Owens Valley,Tinemaha Elevation,3861.5
2026-09-10 11:58:55,Southern Owens Valley,Tinemaha Elevation,3861.5
2026-09-10 11:58:55,Southern Owens Valley,LAA at Alabama Level,7.9
2026-09-10 11:58:55,Southern Owens Valley,LAA at Alabama Water Temp,69.7
2026-09-10 11:58:55,Southern Owens Valley,LAA at Cottonwood Level,8.8
2026-09-10 11:58:55,Southern Owens Valley,LAA at Cotton. Water Temp,70.8
2026-09-10 11:58:55,Southern Owens Valley,N. Haiwee Elevation,3757.0
2026-09-10 11:58:55,Southern Owens Valley,S. Haiwee Reservoir Elevation,3728.2
2026-09-10 11:58:55,Southern District,S. Haiwee Reservoir Elevation,3728.2
2026-09-10 11:58:55,Southern District,Fairmont Reservoir Elevation,3025.1
2026-09-10 11:58:55,Southern District,Bouquet Reservoir Elevation,2974.7
2026-09-10 12:13:54,Mono Basin,Lee Vining Intake Above Flow,23.0
2026-09-10 12:13:54,Mono Basin,Lee Vining Intake Below Flow,22.8
2026-09-10 12:13:54,Mono Basin,Mono Lk. Elevation,6381.8
2026-09-10 12:13:54,Mono Basin,Walker Ck. Above Conduit Flow,3.0
2026-09-10 12:13:54,Mono Basin,L.V. Conduit Below Intake Flow,0.5
2026-09-10 12:13:54,Mono Basin,Walker Ck. Under Conduit Flow,3.0
2026-09-10 12:13:54,Mono Basin,Parker Ck. Under Conduit Flow,8.0
2026-09-10 12:13:54,Mono Basin,Parker Ck. Above Conduit Flow,9.0
2026-09-10 12:13:54,Mono Basin,Grant Lk. Spill Flow,0.0
2026-09-10 12:13:54,Mono Basin,Mono Gate 1 Return Ditch Flow,30.0
2026-09-10 12:13:54,Mono Basin,Grant Lk. Elevation,7128.6
2026-09-10 12:13:54,Mono Basin,Grant Lk. Outflow,38.3
2026-09-10 12:13:54,Mono Basin,Rush Ck. at Damsite Flow,21.2
2026-09-10 12:13:54,Mono Basin,Flow to West Portal,10.7
2026-09-10 12:13:54,Long Valley,East Portal Flow,12.0
2026-09-10 12:13:54,Long Valley,OR Below EP Flow,57.0
2026-09-10 12:13:54,Long Valley,Hot Ck.at Hwy. Flow,4.0
2026-09-10 12:13:54,Long Valley,McGee Ck. Lower Sta. Flow,8.2
2026-09-10 12:13:54,Long Valley,Long Valley Elevation,6768.8
2026-09-10 12:13:54,Long Valley,Long Valley Current Outflow,574.0
2026-09-10 12:13:54,Long Valley,Rock Ck. Div. Flow,0.0
2026-09-10 12:13:54,Long Valley,Upper Gorge Total Release,37.0
2026-09-10 12:13:54,Long Valley,Release at Middle Gorge,0.0
2026-09-10 12:13:54,Northern Owens Valley,Rock Ck. At Owens River (PV) Flow,26.6
2026-09-10 12:13:54,Northern Owens Valley,Pleasant Valley Elevation,4381.8
2026-09-10 12:13:54,Northern Owens Valley,Pleasant Valley Outflow,480.2
2026-09-10 12:13:54,Northern Owens Valley,Baker Ck. At LA Station Flow,6.5
2026-09-10 12:13:54,Northern Owens Valley,Big Pine Ck. USGS Flow,24.9
2026-09-10 12:13:54,Northern Owens Valley,O.R. Below Big Pine,466.8
2026-09-10 12:13:54,Northern Owens Valley,Fish Springs At RR Flow,29.6
2026-09-10 12:13:54,Northern Owens Valley,Tinemaha Reservoir Outflow,477.5
2026-09-10 12:13:54,Northern Owens Valley,Bishop Creek Through Plant 6,69.8
2026-09-10 12:13:54,Northern Owens Valley,Bishop Creek Around Plant 6,6.5
2026-09-10 12:13:54,Southern Owens Valley,Tinemaha Reservoir Outflow,477.5
2026-09-10 12:13:54,Southern Owens Valley,Indep. Ck. At Junction Flow,4.0
2026-09-10 12:13:54,Southern Owens Valley,LAA at Alabama Flow,410.0
2026-09-10 12:13:54,Southern Owens Valley,LAA at Alabama Level,7.9
2026-09-10 12:13:54,Southern Owens Valley,LAA at Alabama Water Temp,69.9
2026-09-10 12:13:54,Southern Owens Valley,Cottonwood Ck. At LAA Flow,3.0
2026-09-10 12:13:54,Southern Owens Valley,LAA at Cottonwood Flow,444.0
2026-09-10 12:13:54,Southern Owens Valley,LAA at Cottonwood Level,8.8
2026-09-10 12:13:54,Southern Owens Valley,LAA at Cotton. Water Temp,71.1
2026-09-10 12:13:54,Southern Owens Valley,N. Haiwee Elevation,3757.0
2026-09-10 12:13:54,Southern Owens Valley,S. Haiwee Reservoir Elevation,3728.2
2026-09-10 12:13:54,Southern Owens Valley,Haiwee LAA #1 Current Flow,0.0
2026-09-10 12:13:54,Southern Owens Valley,Haiwee LAA #2 Current Flow,146.8
2026-09-10 12:13:54,Southern Owens Valley,Reinhackel Flow,2.9
2026-09-10 12:13:54,Southern Owens Valley,Lubkin Spillgate Outflow,0.0
2026-09-10 12:13:54,Southern Owens Valley,Cartago Spillgate Outflow,14.9
2026-09-10 12:13:54,Southern Owens Valley,Lone Pine Creek Flow,8.1
2026-09-10 12:13:54,Lower Owens River Project,LORP Intake Flow,79.0
2026-09-10 12:13:54,Lower Owens River Project,LORP at Mazourka Canyon Road,0.0
2026-09-10 12:13:54,Lower Owens River Project,LORP at Reinhackle Springs,59.0
2026-09-10 12:13:54,Lower Owens River Project,LORP Above Pumpstation,49.0
2026-09-10 12:13:54,Lower Owens River Project,LORP At Pump Station Discharge Flow,38.0
2026-09-10 12:13:54,Southern District,Haiwee LAA #2 Current Flow,146.8
2026-09-10 12:13:54,Southern District,S. Haiwee Reservoir Elevation,3728.2
2026-09-10 12:13:54,Southern District,Haiwee LAA #1 Current Flow,0.0
2026-09-10 12:13:54,Southern District,Fairmont Reservoir Elevation,3025.1
2026-09-10 12:13:54,Southern District,LAA #1 Flow at Fairmont Reservoir,308.2
2026-09-10 12:13:54,Southern District,LAA #2 Flow at Fairmont Res.,152.9
2026-09-10 12:13:54,Southern District,Bouquet Reservoir Elevation,2974.7
2026-09-10 12:13:54,Southern District,Bouquet Reservoir Inflow,69.0
2026-09-10 12:13:54,Southern District,Bouquet Reservoir Outflow,0.7
2026-09-10 12:13:54,Southern District,LAA #1 at Soledad Flow,129.3
2026-09-10 12:13:54,Southern District,LAA #2 at Soledad Flow,246.0
2026-09-10 12:28:54,Mono Basin,Lee Vining Intake Above Flow,23.0
2026-09-10 12:28:54,Mono Basin,Lee Vining Intake Below Flow,22.8
2026-09-10 12:28:54,Mono Basin,Walker Ck. Above Conduit Flow,3.0
2026-09-10 12:28:54,Mono Basin,L.V. Conduit Below Intake Flow,0.5
2026-09-10 12:28:54,Mono Basin,Walker Ck. Under Conduit Flow,3.0
2026-09-10 12:28:54,Mono Basin,Parker Ck. Under Conduit Flow,8.0
2026-09-10 12:28:54,Mono Basin,Parker Ck. Above Conduit Flow,9.0
2026-09-10 12:28:54,Mono Basin,Grant Lk. Spill Flow,0.0
2026-09-10 12:28:54,Mono Basin,Mono Gate 1 Return Ditch Flow,30.0
2026-09-10 12:28:54,Mono Basin,Grant Lk. Outflow,38.3
2026-09-10 12:28:54,Mono Basin,Rush Ck. at Damsite Flow,21.2
2026-09-10 12:28:54,Mono Basin,Flow to West Portal,10.7
2026-09-10 12:28:54,Long Valley,East Portal Flow,12.0
2026-09-10 12:28:54,Long Valley,OR Below EP Flow,57.0
2026-09-10 12:28:54,Long Valley,Hot Ck.at Hwy. Flow,4.0
2026-09-10 12:28:54,Long Valley,McGee Ck. Lower Sta. Flow,8.2
2026-09-10 12:28:54,Long Valley,Long Valley Current Outflow,576.4
2026-09-10 12:28:54,Long Valley,Rock Ck. Div. Flow,0.0
2026-09-10 12:28:54,Long Valley,Upper Gorge Total Release,35.6
2026-09-10 12:28:54,Long Valley,Release at Middle Gorge,0.0
2026-09-10 12:28:54,Northern Owens Valley,Rock Ck. At Owens River (PV) Flow,26.6
2026-09-10 12:28:54,Northern Owens Valley,Pleasant Valley Outflow,481.6
2026-09-10 12:28:54,Northern Owens Valley,Baker Ck. At LA Station Flow,6.5
2026-09-10 12:28:54,Northern Owens Valley,Big Pine Ck. USGS Flow,24.5
2026-09-10 12:28:54,Northern Owens Valley,O.R. Below Big Pine,466.8
2026-09-10 12:28:54,Northern Owens Valley,Fish Springs At RR Flow,32.9
2026-09-10 12:28:54,Northern Owens Valley,Tinemaha Reservoir Outflow,476.6
2026-09-10 12:28:54,Northern Owens Valley,Bishop Creek Through Plant 6,69.8
2026-09-10 12:28:54,Northern Owens Valley,Bishop Creek Around Plant 6,6.5
2026-09-10 12:28:54,Southern Owens Valley,Tinemaha Reservoir Outflow,476.6
2026-09-10 12:28:54,Southern Owens Valley,Indep. Ck. At Junction Flow,4.0
2026-09-10 12:28:54,Southern Owens Valley,LAA at Alabama Flow,410.0
2026-09-10 12:28:54,Southern Owens Valley,Cottonwood Ck. At LAA Flow,2.0
2026-09-10 12:28:54,Southern Owens Valley,LAA at Cottonwood Flow,444.0
2026-09-10 12:28:54,Southern Owens Valley,Haiwee LAA #1 Current Flow,0.0
2026-09-10 12:28:54,Southern Owens Valley,Haiwee LAA #2 Current Flow,146.8
2026-09-10 12:28:54,Southern Owens Valley,Reinhackel Flow,2.9
2026-09-10 12:28:54,Southern Owens Valley,Lubkin Spillgate Outflow,0.0
2026-09-10 12:28:54,Southern Owens Valley,Cartago Spillgate Outflow,15.0
2026-09-10 12:28:54,Southern Owens Valley,Lone Pine Creek Flow,8.1
2026-09-10 12:28:54,Lower Owens River Project,LORP Intake Flow,79.0
2026-09-10 12:28:54,Lower Owens River Project,LORP at Mazourka Canyon Road,0.0
2026-09-10 12:28:54,Lower Owens River Project,LORP at Reinhackle Springs,59.0
2026-09-10 12:28:54,Lower Owens River Project,LORP Above Pumpstation,50.0
2026-09-10 12:28:54,Lower Owens River Project,LORP At Pump Station Discharge Flow,38.0
2026-09-10 12:28:54,Southern District,Haiwee LAA #2 Current Flow,146.8
2026-09-10 12:28:54,Southern District,Haiwee LAA #1 Current Flow,0.0
2026-09-10 12:28:54,Southern District,LAA #1 Flow at Fairmont Reservoir,308.0
2026-09-10 12:28:54,Southern District,LAA #2 Flow at Fairmont Res.,152.2
2026-09-10 12:28:54,Southern District,Bouquet Reservoir Inflow,69.1
2026-09-10 12:28:54,Southern District,Bouquet Reservoir Outflow,0.7
2026-09-10 12:28:54,Southern District,LAA #1 at Soledad Flow,129.3
2026-09-10 12:28:54,Southern District,LAA #2 at Soledad Flow,246.0
2026-09-10 12:28:55,Mono Basin,Mono Lk. Elevation,6381.8
2026-09-10 12:28:55,Mono Basin,Grant Lk. Elevation,7128.6
2026-09-10 12:28:55,Long Valley,Long Valley Elevation,6768.8
2026-09-10 12:28:55,Northern Owens Valley,Pleasant Valley Elevation,4381.8
2026-09-10 12:28:55,Northern Owens Valley,Tinemaha Elevation,3861.5
2026-09-10 12:28:55,Southern Owens Valley,Tinemaha Elevation,3861.5
2026-09-10 12:28:55,Southern Owens Valley,LAA at Alabama Level,7.9
2026-09-10 12:28:55,Southern Owens Valley,LAA at Alabama Water Temp,70.1
2026-09-10 12:28:55,Southern Owens Valley,LAA at Cottonwood Level,8.8
2026-09-10 12:28:55,Southern Owens Valley,LAA at Cotton. Water Temp,71.2
2026-09-10 12:28:55,Southern Owens Valley,N. Haiwee Elevation,3757.0
2026-09-10 12:28:55,Southern Owens Valley,S. Haiwee Reservoir Elevation,3728.2
2026-09-10 12:28:55,Southern District,S. Haiwee Reservoir Elevation,3728.2
2026-09-10 12:28:55,Southern District,Fairmont Reservoir Elevation,3025.1
2026-09-10 12:28:55,Southern District,Bouquet Reservoir Elevation,2974.7
2026-09-10 12:43:55,Mono Basin,Lee Vining Intake Above Flow,22.6
2026-09-10 12:43:55,Mono Basin,Lee Vining Intake Below Flow,23.0
2026-09-10 12:43:55,Mono Basin,Walker Ck. Above Conduit Flow,3.0
2026-09-10 12:43:55,Mono Basin,L.V. Conduit Below Intake Flow,0.5
2026-09-10 12:43:55,Mono Basin,Walker Ck. Under Conduit Flow,3.0
2026-09-10 12:43:55,Mono Basin,Parker Ck. Under Conduit Flow,8.0
2026-09-10 12:43:55,Mono Basin,Parker Ck. Above Conduit Flow,9.0
2026-09-10 12:43:55,Mono Basin,Grant Lk. Spill Flow,0.0
2026-09-10 12:43:55,Mono Basin,Mono Gate 1 Return Ditch Flow,30.0
2026-09-10 12:43:55,Mono Basin,Grant Lk. Outflow,38.3
2026-09-10 12:43:55,Mono Basin,Rush Ck. at Damsite Flow,21.2
2026-09-10 12:43:55,Mono Basin,Flow to West Portal,10.7
2026-09-10 12:43:55,Long Valley,East Portal Flow,12.0
2026-09-10 12:43:55,Long Valley,OR Below EP Flow,57.0
2026-09-10 12:43:55,Long Valley,Hot Ck.at Hwy. Flow,4.0
2026-09-10 12:43:55,Long Valley,McGee Ck. Lower Sta. Flow,8.2
2026-09-10 12:43:55,Long Valley,Long Valley Current Outflow,576.4
2026-09-10 12:43:55,Long Valley,Rock Ck. Div. Flow,0.0
2026-09-10 12:43:55,Long Valley,Upper Gorge Total Release,36.8
2026-09-10 12:43:55,Long Valley,Release at Middle Gorge,0.0
2026-09-10 12:43:55,Northern Owens Valley,Rock Ck. At Owens River (PV) Flow,26.5
2026-09-10 12:43:55,Northern Owens Valley,Pleasant Valley Outflow,481.3
2026-09-10 12:43:55,Northern Owens Valley,Baker Ck. At LA Station Flow,6.5
2026-09-10 12:43:55,Northern Owens Valley,Big Pine Ck. USGS Flow,24.5
2026-09-10 12:43:55,Northern Owens Valley,O.R. Below Big Pine,466.8
2026-09-10 12:43:55,Northern Owens Valley,Fish Springs At RR Flow,32.9
2026-09-10 12:43:55,Northern Owens Valley,Tinemaha Reservoir Outflow,476.6
2026-09-10 12:43:55,Northern Owens Valley,Bishop Creek Through Plant 6,70.4
2026-09-10 12:43:55,Northern Owens Valley,Bishop Creek Around Plant 6,6.5
2026-09-10 12:43:55,Southern Owens Valley,Tinemaha Reservoir Outflow,476.6
2026-09-10 12:43:55,Southern Owens Valley,Indep. Ck. At Junction Flow,3.6
2026-09-10 12:43:55,Southern Owens Valley,LAA at Alabama Flow,410.0
2026-09-10 12:43:55,Southern Owens Valley,Cottonwood Ck. At LAA Flow,2.0
2026-09-10 12:43:55,Southern Owens Valley,LAA at Cottonwood Flow,446.0
2026-09-10 12:43:55,Southern Owens Valley,Haiwee LAA #1 Current Flow,0.0
2026-09-10 12:43:55,Southern Owens Valley,Haiwee LAA #2 Current Flow,146.8
2026-09-10 12:43:55,Southern Owens Valley,Reinhackel Flow,2.9
2026-09-10 12:43:55,Southern Owens Valley,Lubkin Spillgate Outflow,0.0
2026-09-10 12:43:55,Southern Owens Valley,Cartago Spillgate Outflow,15.3
2026-09-10 12:43:55,Southern Owens Valley,Lone Pine Creek Flow,7.9
2026-09-10 12:43:55,Lower Owens River Project,LORP Intake Flow,79.0
2026-09-10 12:43:55,Lower Owens River Project,LORP at Mazourka Canyon Road,0.0
2026-09-10 12:43:55,Lower Owens River Project,LORP at Reinhackle Springs,59.0
2026-09-10 12:43:55,Lower Owens River Project,LORP Above Pumpstation,50.0
2026-09-10 12:43:55,Lower Owens River Project,LORP At Pump Station Discharge Flow,38.0
2026-09-10 12:43:55,Southern District,Haiwee LAA #2 Current Flow,146.8
2026-09-10 12:43:55,Southern District,Haiwee LAA #1 Current Flow,0.0
2026-09-10 12:43:55,Southern District,LAA #1 Flow at Fairmont Reservoir,308.7
2026-09-10 12:43:55,Southern District,LAA #2 Flow at Fairmont Res.,152.3
2026-09-10 12:43:55,Southern District,Bouquet Reservoir Inflow,69.1
2026-09-10 12:43:55,Southern District,Bouquet Reservoir Outflow,0.7
2026-09-10 12:43:55,Southern District,LAA #1 at Soledad Flow,129.3
2026-09-10 12:43:55,Southern District,LAA #2 at Soledad Flow,246.0
2026-09-10 12:43:56,Mono Basin,Mono Lk. Elevation,6381.8
2026-09-10 12:43:56,Mono Basin,Grant Lk. Elevation,7128.6
2026-09-10 12:43:56,Long Valley,Long Valley Elevation,6768.8
2026-09-10 12:43:56,Northern Owens Valley,Pleasant Valley Elevation,4381.8
2026-09-10 12:43:56,Southern Owens Valley,LAA at Alabama Level,7.9
2026-09-10 12:43:56,Southern Owens Valley,LAA at Alabama Water Temp,70.1
2026-09-10 12:43:56,Southern Owens Valley,LAA at Cottonwood Level,8.8
2026-09-10 12:43:56,Southern Owens Valley,LAA at Cotton. Water Temp,71.5
2026-09-10 12:43:56,Southern Owens Valley,N. Haiwee Elevation,3757.0
2026-09-10 12:43:56,Southern Owens Valley,S. Haiwee Reservoir Elevation,3728.2
2026-09-10 12:43:56,Southern District,S. Haiwee Reservoir Elevation,3728.2
2026-09-10 12:43:56,Southern District,Fairmont Reservoir Elevation,3025.1
2026-09-10 12:43:56,Southern District,Bouquet Reservoir Elevation,2974.7
2026-09-10 12:58:54,Mono Basin,Lee Vining Intake Above Flow,22.6
2026-09-10 12:58:54,Mono Basin,Lee Vining Intake Below Flow,23.0
2026-09-10 12:58:54,Mono Basin,Walker Ck. Above Conduit Flow,3.0
2026-09-10 12:58:54,Mono Basin,L.V. Conduit Below Intake Flow,0.5
2026-09-10 12:58:54,Mono Basin,Walker Ck. Under Conduit Flow,3.0
2026-09-10 12:58:54,Mono Basin,Parker Ck. Under Conduit Flow,8.0
2026-09-10 12:58:54,Mono Basin,Parker Ck. Above Conduit Flow,9.0
2026-09-10 12:58:54,Mono Basin,Grant Lk. Spill Flow,0.0
2026-09-10 12:58:54,Mono Basin,Mono Gate 1 Return Ditch Flow,30.0
2026-09-10 12:58:54,Mono Basin,Grant Lk. Outflow,38.3
2026-09-10 12:58:54,Mono Basin,Rush Ck. at Damsite Flow,21.2
2026-09-10 12:58:54,Mono Basin,Flow to West Portal,10.7
2026-09-10 12:58:54,Long Valley,East Portal Flow,12.0
2026-09-10 12:58:54,Long Valley,OR Below EP Flow,57.0
2026-09-10 12:58:54,Long Valley,Hot Ck.at Hwy. Flow,4.0
2026-09-10 12:58:54,Long Valley,McGee Ck. Lower Sta. Flow,8.2
2026-09-10 12:58:54,Long Valley,Long Valley Current Outflow,576.4
2026-09-10 12:58:54,Long Valley,Rock Ck. Div. Flow,0.0
2026-09-10 12:58:54,Long Valley,Upper Gorge Total Release,35.1
2026-09-10 12:58:54,Long Valley,Release at Middle Gorge,0.0
2026-09-10 12:58:54,Northern Owens Valley,Rock Ck. At Owens River (PV) Flow,26.4
2026-09-10 12:58:54,Northern Owens Valley,Pleasant Valley Outflow,481.7
2026-09-10 12:58:54,Northern Owens Valley,Baker Ck. At LA Station Flow,6.5
2026-09-10 12:58:54,Northern Owens Valley,Big Pine Ck. USGS Flow,24.5
2026-09-10 12:58:54,Northern Owens Valley,O.R. Below Big Pine,466.0
2026-09-10 12:58:54,Northern Owens Valley,Fish Springs At RR Flow,32.9
2026-09-10 12:58:54,Northern Owens Valley,Tinemaha Reservoir Outflow,476.6
2026-09-10 12:58:54,Northern Owens Valley,Bishop Creek Through Plant 6,68.6
2026-09-10 12:58:54,Northern Owens Valley,Bishop Creek Around Plant 6,6.5
2026-09-10 12:58:54,Southern Owens Valley,Tinemaha Reservoir Outflow,476.6
2026-09-10 12:58:54,Southern Owens Valley,Indep. Ck. At Junction Flow,3.6
2026-09-10 12:58:54,Southern Owens Valley,LAA at Alabama Flow,410.0
2026-09-10 12:58:54,Southern Owens Valley,LAA at Alabama Level,7.9
2026-09-10 12:58:54,Southern Owens Valley,LAA at Alabama Water Temp,70.1
2026-09-10 12:58:54,Southern Owens Valley,Cottonwood Ck. At LAA Flow,2.0
2026-09-10 12:58:54,Southern Owens Valley,LAA at Cottonwood Flow,446.0
2026-09-10 12:58:54,Southern Owens Valley,LAA at Cottonwood Level,8.8
2026-09-10 12:58:54,Southern Owens Valley,LAA at Cotton. Water Temp,71.6
2026-09-10 12:58:54,Southern Owens Valley,Haiwee LAA #1 Current Flow,0.0
2026-09-10 12:58:54,Southern Owens Valley,Haiwee LAA #2 Current Flow,146.8
2026-09-10 12:58:54,Southern Owens Valley,Reinhackel Flow,2.9
2026-09-10 12:58:54,Southern Owens Valley,Lubkin Spillgate Outflow,0.0
2026-09-10 12:58:54,Southern Owens Valley,Cartago Spillgate Outflow,22.9
2026-09-10 12:58:54,Southern Owens Valley,Lone Pine Creek Flow,7.9
2026-09-10 12:58:54,Lower Owens River Project,LORP Intake Flow,79.0
2026-09-10 12:58:54,Lower Owens River Project,LORP at Mazourka Canyon Road,0.0
2026-09-10 12:58:54,Lower Owens River Project,LORP at Reinhackle Springs,59.0
2026-09-10 12:58:54,Lower Owens River Project,LORP Above Pumpstation,59.0
2026-09-10 12:58:54,Lower Owens River Project,LORP At Pump Station Discharge Flow,48.0
2026-09-10 12:58:54,Southern District,Haiwee LAA #2 Current Flow,146.8
2026-09-10 12:58:54,Southern District,Haiwee LAA #1 Current Flow,0.0
2026-09-10 12:58:54,Southern District,LAA #1 Flow at Fairmont Reservoir,307.9
2026-09-10 12:58:54,Southern District,LAA #2 Flow at Fairmont Res.,152.9
2026-09-10 12:58:54,Southern District,Bouquet Reservoir Inflow,69.6
2026-09-10 12:58:54,Southern District,Bouquet Reservoir Outflow,0.7
2026-09-10 12:58:54,Southern District,LAA #1 at Soledad Flow,129.3
2026-09-10 12:58:54,Southern District,LAA #2 at Soledad Flow,246.0
2026-09-10 12:58:55,Mono Basin,Mono Lk. Elevation,6381.8
2026-09-10 12:58:55,Mono Basin,Grant Lk. Elevation,7128.6
2026-09-10 12:58:55,Long Valley,Long Valley Elevation,6768.8
2026-09-10 12:58:55,Northern Owens Valley,Pleasant Valley Elevation,4381.9
2026-09-10 12:58:55,Northern Owens Valley,Tinemaha Elevation,3861.5
2026-09-10 12:58:55,Southern Owens Valley,Tinemaha Elevation,3861.5
2026-09-10 12:58:55,Southern Owens Valley,N. Haiwee Elevation,3757.0
2026-09-10 12:58:55,Southern Owens Valley,S. Haiwee Reservoir Elevation,3728.2
2026-09-10 12:58:55,Southern District,S. Haiwee Reservoir Elevation,3728.2
2026-09-10 12:58:55,Southern District,Fairmont Reservoir Elevation,3025.0
2026-09-10 12:58:55,Southern District,Bouquet Reservoir Elevation,2974.7
2026-09-10 13:13:54,Northern Owens Valley,Tinemaha Reservoir Outflow,476.6
2026-09-10 13:13:54,Southern Owens Valley,Tinemaha Reservoir Outflow,476.6
2026-09-10 13:13:54,Southern Owens Valley,Indep. Ck. At Junction Flow,3.6
2026-09-10 13:13:54,Southern Owens Valley,LAA at Alabama Flow,410.0
2026-09-10 13:13:54,Southern Owens Valley,Cottonwood Ck. At LAA Flow,2.0
2026-09-10 13:13:54,Southern Owens Valley,LAA at Cottonwood Flow,446.0
2026-09-10 13:13:54,Southern Owens Valley,Haiwee LAA #1 Current Flow,0.0
2026-09-10 13:13:54,Southern Owens Valley,Haiwee LAA #2 Current Flow,146.8
2026-09-10 13:13:54,Southern Owens Valley,Reinhackel Flow,2.9
2026-09-10 13:13:54,Southern Owens Valley,Lubkin Spillgate Outflow,0.0
2026-09-10 13:13:54,Southern Owens Valley,Cartago Spillgate Outflow,20.5
2026-09-10 13:13:54,Southern Owens Valley,Lone Pine Creek Flow,8.0
2026-09-10 13:13:54,Lower Owens River Project,LORP Intake Flow,79.0
2026-09-10 13:13:54,Lower Owens River Project,LORP at Mazourka Canyon Road,0.0
2026-09-10 13:13:54,Southern District,Haiwee LAA #2 Current Flow,146.8
2026-09-10 13:13:54,Southern District,Haiwee LAA #1 Current Flow,0.0
2026-09-10 13:13:55,Mono Basin,Lee Vining Intake Above Flow,23.0
2026-09-10 13:13:55,Mono Basin,Lee Vining Intake Below Flow,22.8
2026-09-10 13:13:55,Mono Basin,Mono Lk. Elevation,6381.8
2026-09-10 13:13:55,Mono Basin,Walker Ck. Above Conduit Flow,3.0
2026-09-10 13:13:55,Mono Basin,L.V. Conduit Below Intake Flow,0.5
2026-09-10 13:13:55,Mono Basin,Walker Ck. Under Conduit Flow,3.0
2026-09-10 13:13:55,Mono Basin,Parker Ck. Under Conduit Flow,8.0
2026-09-10 13:13:55,Mono Basin,Parker Ck. Above Conduit Flow,9.0
2026-09-10 13:13:55,Mono Basin,Grant Lk. Spill Flow,0.0
2026-09-10 13:13:55,Mono Basin,Mono Gate 1 Return Ditch Flow,30.0
2026-09-10 13:13:55,Mono Basin,Grant Lk. Elevation,7128.6
2026-09-10 13:13:55,Mono Basin,Grant Lk. Outflow,38.3
2026-09-10 13:13:55,Mono Basin,Rush Ck. at Damsite Flow,21.2
2026-09-10 13:13:55,Mono Basin,Flow to West Portal,10.7
2026-09-10 13:13:55,Long Valley,East Portal Flow,12.0
2026-09-10 13:13:55,Long Valley,OR Below EP Flow,57.0
2026-09-10 13:13:55,Long Valley,Hot Ck.at Hwy. Flow,4.0
2026-09-10 13:13:55,Long Valley,McGee Ck. Lower Sta. Flow,8.2
2026-09-10 13:13:55,Long Valley,Long Valley Elevation,6768.8
2026-09-10 13:13:55,Long Valley,Long Valley Current Outflow,576.4
2026-09-10 13:13:55,Long Valley,Rock Ck. Div. Flow,0.0
2026-09-10 13:13:55,Long Valley,Upper Gorge Total Release,34.9
2026-09-10 13:13:55,Long Valley,Release at Middle Gorge,0.0
2026-09-10 13:13:55,Northern Owens Valley,Rock Ck. At Owens River (PV) Flow,26.4
2026-09-10 13:13:55,Northern Owens Valley,Pleasant Valley Elevation,4381.9
2026-09-10 13:13:55,Northern Owens Valley,Pleasant Valley Outflow,482.0
2026-09-10 13:13:55,Northern Owens Valley,Baker Ck. At LA Station Flow,6.5
2026-09-10 13:13:55,Northern Owens Valley,Big Pine Ck. USGS Flow,24.5
2026-09-10 13:13:55,Northern Owens Valley,O.R. Below Big Pine,466.7
2026-09-10 13:13:55,Northern Owens Valley,Fish Springs At RR Flow,32.9
2026-09-10 13:13:55,Northern Owens Valley,Bishop Creek Through Plant 6,76.2
2026-09-10 13:13:55,Northern Owens Valley,Bishop Creek Around Plant 6,6.5
2026-09-10 13:13:55,Southern Owens Valley,LAA at Alabama Level,7.9
2026-09-10 13:13:55,Southern Owens Valley,LAA at Alabama Water Temp,70.7
2026-09-10 13:13:55,Southern Owens Valley,LAA at Cottonwood Level,8.8
2026-09-10 13:13:55,Southern Owens Valley,LAA at Cotton. Water Temp,71.8
2026-09-10 13:13:55,Southern Owens Valley,N. Haiwee Elevation,3757.0
2026-09-10 13:13:55,Southern Owens Valley,S. Haiwee Reservoir Elevation,3728.2
2026-09-10 13:13:55,Lower Owens River Project,LORP at Reinhackle Springs,59.0
2026-09-10 13:13:55,Lower Owens River Project,LORP Above Pumpstation,60.0
2026-09-10 13:13:55,Lower Owens River Project,LORP At Pump Station Discharge Flow,49.0
2026-09-10 13:13:55,Southern District,S. Haiwee Reservoir Elevation,3728.2
2026-09-10 13:13:55,Southern District,Fairmont Reservoir Elevation,3025.0
2026-09-10 13:13:55,Southern District,LAA #1 Flow at Fairmont Reservoir,308.0
2026-09-10 13:13:55,Southern District,LAA #2 Flow at Fairmont Res.,152.9
2026-09-10 13:13:55,Southern District,Bouquet Reservoir Elevation,2974.7
2026-09-10 13:13:55,Southern District,Bouquet Reservoir Inflow,69.3
2026-09-10 13:13:55,Southern District,Bouquet Reservoir Outflow,0.7
2026-09-10 13:13:55,Southern District,LAA #1 at Soledad Flow,129.3
2026-09-10 13:13:55,Southern District,LAA #2 at Soledad Flow,246.0
2026-09-10 13:28:54,Mono Basin,Lee Vining Intake Above Flow,23.0
2026-09-10 13:28:54,Mono Basin,Lee Vining Intake Below Flow,22.8
2026-09-10 13:28:54,Mono Basin,Mono Lk. Elevation,6381.8
2026-09-10 13:28:54,Mono Basin,Walker Ck. Above Conduit Flow,3.0
2026-09-10 13:28:54,Mono Basin,L.V. Conduit Below Intake Flow,0.5
2026-09-10 13:28:54,Mono Basin,Walker Ck. Under Conduit Flow,3.0
2026-09-10 13:28:54,Mono Basin,Parker Ck. Under Conduit Flow,8.0
2026-09-10 13:28:54,Mono Basin,Parker Ck. Above Conduit Flow,9.0
2026-09-10 13:28:54,Mono Basin,Grant Lk. Spill Flow,0.0
2026-09-10 13:28:54,Mono Basin,Mono Gate 1 Return Ditch Flow,30.0
2026-09-10 13:28:54,Mono Basin,Grant Lk. Elevation,7128.6
2026-09-10 13:28:54,Mono Basin,Grant Lk. Outflow,38.3
2026-09-10 13:28:54,Mono Basin,Rush Ck. at Damsite Flow,21.2
2026-09-10 13:28:54,Mono Basin,Flow to West Portal,10.7
2026-09-10 13:28:54,Long Valley,East Portal Flow,12.0
2026-09-10 13:28:54,Long Valley,OR Below EP Flow,57.0
2026-09-10 13:28:54,Long Valley,Hot Ck.at Hwy. Flow,4.0
2026-09-10 13:28:54,Long Valley,McGee Ck. Lower Sta. Flow,8.2
2026-09-10 13:28:54,Long Valley,Long Valley Elevation,6768.8
2026-09-10 13:28:54,Long Valley,Long Valley Current Outflow,564.9
2026-09-10 13:28:54,Long Valley,Rock Ck. Div. Flow,0.0
2026-09-10 13:28:54,Long Valley,Upper Gorge Total Release,34.4
2026-09-10 13:28:54,Long Valley,Release at Middle Gorge,0.0
2026-09-10 13:28:54,Northern Owens Valley,Rock Ck. At Owens River (PV) Flow,26.4
2026-09-10 13:28:54,Northern Owens Valley,Pleasant Valley Elevation,4381.9
2026-09-10 13:28:54,Northern Owens Valley,Pleasant Valley Outflow,481.3
2026-09-10 13:28:54,Northern Owens Valley,Baker Ck. At LA Station Flow,6.5
2026-09-10 13:28:54,Northern Owens Valley,Big Pine Ck. USGS Flow,24.5
2026-09-10 13:28:54,Northern Owens Valley,O.R. Below Big Pine,466.2
2026-09-10 13:28:54,Northern Owens Valley,Fish Springs At RR Flow,32.9
2026-09-10 13:28:54,Northern Owens Valley,Tinemaha Elevation,3861.4
2026-09-10 13:28:54,Northern Owens Valley,Tinemaha Reservoir Outflow,475.8
2026-09-10 13:28:54,Northern Owens Valley,Bishop Creek Through Plant 6,71.0
2026-09-10 13:28:54,Northern Owens Valley,Bishop Creek Around Plant 6,6.5
2026-09-10 13:28:54,Southern Owens Valley,Tinemaha Elevation,3861.4
2026-09-10 13:28:54,Southern Owens Valley,Tinemaha Reservoir Outflow,475.8
2026-09-10 13:28:54,Southern Owens Valley,Indep. Ck. At Junction Flow,3.6
2026-09-10 13:28:54,Southern Owens Valley,LAA at Alabama Flow,410.0
2026-09-10 13:28:54,Southern Owens Valley,LAA at Alabama Level,7.9
2026-09-10 13:28:54,Southern Owens Valley,LAA at Alabama Water Temp,70.7
2026-09-10 13:28:54,Southern Owens Valley,Cottonwood Ck. At LAA Flow,2.0
2026-09-10 13:28:54,Southern Owens Valley,LAA at Cottonwood Flow,446.0
2026-09-10 13:28:54,Southern Owens Valley,LAA at Cottonwood Level,8.8
2026-09-10 13:28:54,Southern Owens Valley,LAA at Cotton. Water Temp,71.8
2026-09-10 13:28:54,Southern Owens Valley,N. Haiwee Elevation,3757.0
2026-09-10 13:28:54,Southern Owens Valley,S. Haiwee Reservoir Elevation,3728.2
2026-09-10 13:28:54,Southern Owens Valley,Haiwee LAA #1 Current Flow,0.0
2026-09-10 13:28:54,Southern Owens Valley,Haiwee LAA #2 Current Flow,146.8
2026-09-10 13:28:54,Southern Owens Valley,Reinhackel Flow,2.9
2026-09-10 13:28:54,Southern Owens Valley,Lubkin Spillgate Outflow,0.0
2026-09-10 13:28:54,Southern Owens Valley,Cartago Spillgate Outflow,22.0
2026-09-10 13:28:54,Southern Owens Valley,Lone Pine Creek Flow,8.0
2026-09-10 13:28:54,Lower Owens River Project,LORP Intake Flow,79.0
2026-09-10 13:28:54,Lower Owens River Project,LORP at Mazourka Canyon Road,0.0
2026-09-10 13:28:54,Lower Owens River Project,LORP at Reinhackle Springs,54.0
2026-09-10 13:28:54,Lower Owens River Project,LORP Above Pumpstation,59.0
2026-09-10 13:28:54,Lower Owens River Project,LORP At Pump Station Discharge Flow,49.0
2026-09-10 13:28:54,Southern District,Haiwee LAA #2 Current Flow,146.8
2026-09-10 13:28:54,Southern District,S. Haiwee Reservoir Elevation,3728.2
2026-09-10 13:28:54,Southern District,Haiwee LAA #1 Current Flow,0.0
2026-09-10 13:28:54,Southern District,Fairmont Reservoir Elevation,3025.0
2026-09-10 13:28:54,Southern District,LAA #1 Flow at Fairmont Reservoir,308.0
2026-09-10 13:28:54,Southern District,LAA #2 Flow at Fairmont Res.,152.9
2026-09-10 13:28:54,Southern District,Bouquet Reservoir Elevation,2974.7
2026-09-10 13:28:54,Southern District,Bouquet Reservoir Inflow,69.3
2026-09-10 13:28:54,Southern District,Bouquet Reservoir Outflow,0.7
2026-09-10 13:28:54,Southern District,LAA #1 at Soledad Flow,129.3
2026-09-10 13:28:54,Southern District,LAA #2 at Soledad Flow,246.0
2026-09-10 13:43:56,Mono Basin,Lee Vining Intake Above Flow,22.7
2026-09-10 13:43:56,Mono Basin,Lee Vining Intake Below Flow,23.0
2026-09-10 13:43:56,Mono Basin,Mono Lk. Elevation,6381.8
2026-09-10 13:43:56,Mono Basin,Walker Ck. Above Conduit Flow,3.0
2026-09-10 13:43:56,Mono Basin,L.V. Conduit Below Intake Flow,0.5
2026-09-10 13:43:56,Mono Basin,Walker Ck. Under Conduit Flow,3.0
2026-09-10 13:43:56,Mono Basin,Parker Ck. Under Conduit Flow,8.0
2026-09-10 13:43:56,Mono Basin,Parker Ck. Above Conduit Flow,9.0
2026-09-10 13:43:56,Mono Basin,Grant Lk. Spill Flow,0.0
2026-09-10 13:43:56,Mono Basin,Mono Gate 1 Return Ditch Flow,30.0
2026-09-10 13:43:56,Mono Basin,Grant Lk. Elevation,7128.6
2026-09-10 13:43:56,Mono Basin,Grant Lk. Outflow,38.3
2026-09-10 13:43:56,Mono Basin,Rush Ck. at Damsite Flow,21.2
2026-09-10 13:43:56,Mono Basin,Flow to West Portal,10.7
2026-09-10 13:43:56,Long Valley,East Portal Flow,12.0
2026-09-10 13:43:56,Long Valley,OR Below EP Flow,57.0
2026-09-10 13:43:56,Long Valley,Hot Ck.at Hwy. Flow,4.0
2026-09-10 13:43:56,Long Valley,McGee Ck. Lower Sta. Flow,8.2
2026-09-10 13:43:56,Long Valley,Long Valley Elevation,6768.8
2026-09-10 13:43:56,Long Valley,Long Valley Current Outflow,564.9
2026-09-10 13:43:56,Long Valley,Rock Ck. Div. Flow,0.0
2026-09-10 13:43:56,Long Valley,Upper Gorge Total Release,36.1
2026-09-10 13:43:56,Long Valley,Release at Middle Gorge,0.0
2026-09-10 13:43:56,Northern Owens Valley,Rock Ck. At Owens River (PV) Flow,26.4
2026-09-10 13:43:56,Northern Owens Valley,Pleasant Valley Elevation,4382.0
2026-09-10 13:43:56,Northern Owens Valley,Pleasant Valley Outflow,481.7
2026-09-10 13:43:56,Northern Owens Valley,Baker Ck. At LA Station Flow,6.5
2026-09-10 13:43:56,Northern Owens Valley,Big Pine Ck. USGS Flow,24.5
2026-09-10 13:43:56,Northern Owens Valley,O.R. Below Big Pine,466.7
2026-09-10 13:43:56,Northern Owens Valley,Fish Springs At RR Flow,32.9
2026-09-10 13:43:56,Northern Owens Valley,Tinemaha Reservoir Outflow,475.8
2026-09-10 13:43:56,Northern Owens Valley,Bishop Creek Through Plant 6,71.0
2026-09-10 13:43:56,Northern Owens Valley,Bishop Creek Around Plant 6,6.5
2026-09-10 13:43:56,Southern Owens Valley,Tinemaha Reservoir Outflow,475.8
2026-09-10 13:43:56,Southern Owens Valley,Indep. Ck. At Junction Flow,3.6
2026-09-10 13:43:56,Southern Owens Valley,LAA at Alabama Flow,410.0
2026-09-10 13:43:56,Southern Owens Valley,LAA at Alabama Level,7.9
2026-09-10 13:43:56,Southern Owens Valley,LAA at Alabama Water Temp,70.7
2026-09-10 13:43:56,Southern Owens Valley,Cottonwood Ck. At LAA Flow,2.0
2026-09-10 13:43:56,Southern Owens Valley,LAA at Cottonwood Flow,447.0
2026-09-10 13:43:56,Southern Owens Valley,LAA at Cottonwood Level,8.8
2026-09-10 13:43:56,Southern Owens Valley,LAA at Cotton. Water Temp,72.2
2026-09-10 13:43:56,Southern Owens Valley,N. Haiwee Elevation,3757.0
2026-09-10 13:43:56,Southern Owens Valley,S. Haiwee Reservoir Elevation,3728.2
2026-09-10 13:43:56,Southern Owens Valley,Haiwee LAA #1 Current Flow,0.0
2026-09-10 13:43:56,Southern Owens Valley,Haiwee LAA #2 Current Flow,146.8
2026-09-10 13:43:56,Southern Owens Valley,Reinhackel Flow,2.9
2026-09-10 13:43:56,Southern Owens Valley,Lubkin Spillgate Outflow,0.0
2026-09-10 13:43:56,Southern Owens Valley,Cartago Spillgate Outflow,15.6
2026-09-10 13:43:56,Southern Owens Valley,Lone Pine Creek Flow,7.9
2026-09-10 13:43:56,Lower Owens River Project,LORP Intake Flow,79.0
2026-09-10 13:43:56,Lower Owens River Project,LORP at Mazourka Canyon Road,0.0
2026-09-10 13:43:56,Lower Owens River Project,LORP at Reinhackle Springs,54.0
2026-09-10 13:43:56,Lower Owens River Project,LORP Above Pumpstation,59.0
2026-09-10 13:43:56,Lower Owens River Project,LORP At Pump Station Discharge Flow,49.0
2026-09-10 13:43:56,Southern District,Haiwee LAA #2 Current Flow,146.8
2026-09-10 13:43:56,Southern District,S. Haiwee Reservoir Elevation,3728.2
2026-09-10 13:43:56,Southern District,Haiwee LAA #1 Current Flow,0.0
2026-09-10 13:43:56,Southern District,Fairmont Reservoir Elevation,3025.0
2026-09-10 13:43:56,Southern District,LAA #1 Flow at Fairmont Reservoir,308.8
2026-09-10 13:43:56,Southern District,LAA #2 Flow at Fairmont Res.,153.0
2026-09-10 13:43:56,Southern District,Bouquet Reservoir Elevation,2974.7
2026-09-10 13:43:56,Southern District,Bouquet Reservoir Inflow,68.8
2026-09-10 13:43:56,Southern District,Bouquet Reservoir Outflow,0.5
2026-09-10 13:43:56,Southern District,LAA #1 at Soledad Flow,129.3
2026-09-10 13:43:56,Southern District,LAA #2 at Soledad Flow,246.0
2026-09-10 13:58:54,Mono Basin,Lee Vining Intake Above Flow,22.7
2026-09-10 13:58:54,Mono Basin,Lee Vining Intake Below Flow,23.0
2026-09-10 13:58:54,Mono Basin,Walker Ck. Above Conduit Flow,3.0
2026-09-10 13:58:54,Mono Basin,L.V. Conduit Below Intake Flow,0.5
2026-09-10 13:58:54,Mono Basin,Walker Ck. Under Conduit Flow,3.0
2026-09-10 13:58:54,Mono Basin,Parker Ck. Under Conduit Flow,8.0
2026-09-10 13:58:54,Mono Basin,Parker Ck. Above Conduit Flow,9.0
2026-09-10 13:58:54,Mono Basin,Grant Lk. Spill Flow,0.0
2026-09-10 13:58:54,Mono Basin,Mono Gate 1 Return Ditch Flow,30.0
2026-09-10 13:58:54,Mono Basin,Grant Lk. Outflow,38.3
2026-09-10 13:58:54,Mono Basin,Rush Ck. at Damsite Flow,21.2
2026-09-10 13:58:54,Mono Basin,Flow to West Portal,10.7
2026-09-10 13:58:54,Long Valley,East Portal Flow,12.0
2026-09-10 13:58:54,Long Valley,OR Below EP Flow,57.0
2026-09-10 13:58:54,Long Valley,Hot Ck.at Hwy. Flow,4.0
2026-09-10 13:58:54,Long Valley,McGee Ck. Lower Sta. Flow,8.2
2026-09-10 13:58:54,Long Valley,Long Valley Current Outflow,564.4
2026-09-10 13:58:54,Long Valley,Rock Ck. Div. Flow,0.0
2026-09-10 13:58:54,Long Valley,Upper Gorge Total Release,34.7
2026-09-10 13:58:54,Long Valley,Release at Middle Gorge,0.0
2026-09-10 13:58:54,Northern Owens Valley,Rock Ck. At Owens River (PV) Flow,26.2
2026-09-10 13:58:54,Northern Owens Valley,Pleasant Valley Outflow,482.2
2026-09-10 13:58:54,Northern Owens Valley,Baker Ck. At LA Station Flow,6.5
2026-09-10 13:58:54,Northern Owens Valley,Big Pine Ck. USGS Flow,24.5
2026-09-10 13:58:54,Northern Owens Valley,O.R. Below Big Pine,467.2
2026-09-10 13:58:54,Northern Owens Valley,Fish Springs At RR Flow,32.9
2026-09-10 13:58:54,Northern Owens Valley,Tinemaha Reservoir Outflow,475.8
2026-09-10 13:58:54,Northern Owens Valley,Bishop Creek Through Plant 6,71.0
2026-09-10 13:58:54,Northern Owens Valley,Bishop Creek Around Plant 6,6.5
2026-09-10 13:58:54,Southern Owens Valley,Tinemaha Reservoir Outflow,475.8
2026-09-10 13:58:54,Southern Owens Valley,Indep. Ck. At Junction Flow,3.6
2026-09-10 13:58:54,Southern Owens Valley,LAA at Alabama Flow,410.0
2026-09-10 13:58:54,Southern Owens Valley,Cottonwood Ck. At LAA Flow,2.0
2026-09-10 13:58:54,Southern Owens Valley,LAA at Cottonwood Flow,447.0
2026-09-10 13:58:54,Southern Owens Valley,Haiwee LAA #1 Current Flow,0.0
2026-09-10 13:58:54,Southern Owens Valley,Haiwee LAA #2 Current Flow,146.8
2026-09-10 13:58:54,Southern Owens Valley,Reinhackel Flow,2.9
2026-09-10 13:58:54,Southern Owens Valley,Lubkin Spillgate Outflow,0.0
2026-09-10 13:58:54,Southern Owens Valley,Cartago Spillgate Outflow,15.7
2026-09-10 13:58:54,Southern Owens Valley,Lone Pine Creek Flow,7.9
2026-09-10 13:58:54,Lower Owens River Project,LORP Intake Flow,79.0
2026-09-10 13:58:54,Lower Owens River Project,LORP at Mazourka Canyon Road,0.0
2026-09-10 13:58:54,Lower Owens River Project,LORP at Reinhackle Springs,54.0
2026-09-10 13:58:54,Lower Owens River Project,LORP Above Pumpstation,48.0
2026-09-10 13:58:54,Lower Owens River Project,LORP At Pump Station Discharge Flow,37.0
2026-09-10 13:58:54,Southern District,Haiwee LAA #2 Current Flow,146.8
2026-09-10 13:58:54,Southern District,Haiwee LAA #1 Current Flow,0.0
2026-09-10 13:58:54,Southern District,LAA #1 Flow at Fairmont Reservoir,309.0
2026-09-10 13:58:54,Southern District,LAA #2 Flow at Fairmont Res.,153.1
2026-09-10 13:58:54,Southern District,Bouquet Reservoir Inflow,68.6
2026-09-10 13:58:54,Southern District,Bouquet Reservoir Outflow,0.5
2026-09-10 13:58:54,Southern District,LAA #1 at Soledad Flow,129.3
2026-09-10 13:58:54,Southern District,LAA #2 at Soledad Flow,246.0
2026-09-10 13:58:55,Mono Basin,Mono Lk. Elevation,6381.8
2026-09-10 13:58:55,Mono Basin,Grant Lk. Elevation,7128.6
2026-09-10 13:58:55,Long Valley,Long Valley Elevation,6768.7
2026-09-10 13:58:55,Northern Owens Valley,Pleasant Valley Elevation,4382.0
2026-09-10 13:58:55,Northern Owens Valley,Tinemaha Elevation,3861.4
2026-09-10 13:58:55,Southern Owens Valley,Tinemaha Elevation,3861.4
2026-09-10 13:58:55,Southern Owens Valley,LAA at Alabama Level,7.9
2026-09-10 13:58:55,Southern Owens Valley,LAA at Alabama Water Temp,70.7
2026-09-10 13:58:55,Southern Owens Valley,LAA at Cottonwood Level,8.8
2026-09-10 13:58:55,Southern Owens Valley,LAA at Cotton. Water Temp,72.2
2026-09-10 13:58:55,Southern Owens Valley,N. Haiwee Elevation,3757.0
2026-09-10 13:58:55,Southern Owens Valley,S. Haiwee Reservoir Elevation,3728.2
2026-09-10 13:58:55,Southern District,S. Haiwee Reservoir Elevation,3728.2
2026-09-10 13:58:55,Southern District,Fairmont Reservoir Elevation,3025.0
2026-09-10 13:58:55,Southern District,Bouquet Reservoir Elevation,2974.7
2026-09-10 14:13:54,Northern Owens Valley,Baker Ck. At LA Station Flow,6.5
2026-09-10 14:13:54,Northern Owens Valley,Big Pine Ck. USGS Flow,24.5
2026-09-10 14:13:54,Northern Owens Valley,Fish Springs At RR Flow,32.9
2026-09-10 14:13:54,Northern Owens Valley,Tinemaha Reservoir Outflow,477.5
2026-09-10 14:13:54,Southern Owens Valley,Tinemaha Reservoir Outflow,477.5
2026-09-10 14:13:54,Southern Owens Valley,Indep. Ck. At Junction Flow,3.6
2026-09-10 14:13:54,Southern Owens Valley,LAA at Alabama Flow,410.0
2026-09-10 14:13:54,Southern Owens Valley,Cottonwood Ck. At LAA Flow,2.0
2026-09-10 14:13:54,Southern Owens Valley,LAA at Cottonwood Flow,447.0
2026-09-10 14:13:54,Southern Owens Valley,Haiwee LAA #1 Current Flow,0.0
2026-09-10 14:13:54,Southern Owens Valley,Haiwee LAA #2 Current Flow,146.8
2026-09-10 14:13:54,Southern Owens Valley,Reinhackel Flow,2.9
2026-09-10 14:13:54,Southern Owens Valley,Lubkin Spillgate Outflow,0.0
2026-09-10 14:13:54,Southern Owens Valley,Cartago Spillgate Outflow,15.7
2026-09-10 14:13:54,Southern Owens Valley,Lone Pine Creek Flow,7.7
2026-09-10 14:13:54,Lower Owens River Project,LORP Intake Flow,79.0
2026-09-10 14:13:54,Lower Owens River Project,LORP at Mazourka Canyon Road,0.0
2026-09-10 14:13:54,Lower Owens River Project,LORP at Reinhackle Springs,54.0
2026-09-10 14:13:54,Lower Owens River Project,LORP Above Pumpstation,48.0
2026-09-10 14:13:54,Lower Owens River Project,LORP At Pump Station Discharge Flow,37.0
2026-09-10 14:13:54,Southern District,Haiwee LAA #2 Current Flow,146.8
2026-09-10 14:13:54,Southern District,Haiwee LAA #1 Current Flow,0.0
2026-09-10 14:13:55,Mono Basin,Lee Vining Intake Above Flow,22.5
2026-09-10 14:13:55,Mono Basin,Lee Vining Intake Below Flow,22.8
2026-09-10 14:13:55,Mono Basin,Mono Lk. Elevation,6381.8
2026-09-10 14:13:55,Mono Basin,Walker Ck. Above Conduit Flow,3.0
2026-09-10 14:13:55,Mono Basin,L.V. Conduit Below Intake Flow,0.5
2026-09-10 14:13:55,Mono Basin,Walker Ck. Under Conduit Flow,3.0
2026-09-10 14:13:55,Mono Basin,Parker Ck. Under Conduit Flow,8.0
2026-09-10 14:13:55,Mono Basin,Parker Ck. Above Conduit Flow,9.0
2026-09-10 14:13:55,Mono Basin,Grant Lk. Spill Flow,0.0
2026-09-10 14:13:55,Mono Basin,Mono Gate 1 Return Ditch Flow,30.0
2026-09-10 14:13:55,Mono Basin,Grant Lk. Elevation,7128.6
2026-09-10 14:13:55,Mono Basin,Grant Lk. Outflow,38.3
2026-09-10 14:13:55,Mono Basin,Rush Ck. at Damsite Flow,21.2
2026-09-10 14:13:55,Mono Basin,Flow to West Portal,10.7
2026-09-10 14:13:55,Long Valley,East Portal Flow,12.0
2026-09-10 14:13:55,Long Valley,OR Below EP Flow,57.0
2026-09-10 14:13:55,Long Valley,Hot Ck.at Hwy. Flow,4.0
2026-09-10 14:13:55,Long Valley,McGee Ck. Lower Sta. Flow,8.2
2026-09-10 14:13:55,Long Valley,Long Valley Elevation,6768.7
2026-09-10 14:13:55,Long Valley,Long Valley Current Outflow,564.4
2026-09-10 14:13:55,Long Valley,Rock Ck. Div. Flow,0.0
2026-09-10 14:13:55,Long Valley,Upper Gorge Total Release,35.0
2026-09-10 14:13:55,Long Valley,Release at Middle Gorge,0.0
2026-09-10 14:13:55,Northern Owens Valley,Rock Ck. At Owens River (PV) Flow,26.2
2026-09-10 14:13:55,Northern Owens Valley,Pleasant Valley Elevation,4382.0
2026-09-10 14:13:55,Northern Owens Valley,Pleasant Valley Outflow,482.9
2026-09-10 14:13:55,Northern Owens Valley,O.R. Below Big Pine,467.0
2026-09-10 14:13:55,Northern Owens Valley,Bishop Creek Through Plant 6,71.0
2026-09-10 14:13:55,Northern Owens Valley,Bishop Creek Around Plant 6,6.5
2026-09-10 14:13:55,Southern Owens Valley,LAA at Alabama Level,7.9
2026-09-10 14:13:55,Southern Owens Valley,LAA at Alabama Water Temp,71.2
2026-09-10 14:13:55,Southern Owens Valley,LAA at Cottonwood Level,8.8
2026-09-10 14:13:55,Southern Owens Valley,LAA at Cotton. Water Temp,72.5
2026-09-10 14:13:55,Southern Owens Valley,N. Haiwee Elevation,3757.0
2026-09-10 14:13:55,Southern Owens Valley,S. Haiwee Reservoir Elevation,3728.2
2026-09-10 14:13:55,Southern District,S. Haiwee Reservoir Elevation,3728.2
2026-09-10 14:13:55,Southern District,Fairmont Reservoir Elevation,3025.0
2026-09-10 14:13:55,Southern District,LAA #1 Flow at Fairmont Reservoir,308.9
2026-09-10 14:13:55,Southern District,LAA #2 Flow at Fairmont Res.,153.2
2026-09-10 14:13:55,Southern District,Bouquet Reservoir Elevation,2974.7
2026-09-10 14:13:55,Southern District,Bouquet Reservoir Inflow,68.4
2026-09-10 14:13:55,Southern District,Bouquet Reservoir Outflow,0.5
2026-09-10 14:13:55,Southern District,LAA #1 at Soledad Flow,129.3
2026-09-10 14:13:55,Southern District,LAA #2 at Soledad Flow,246.0
2026-09-10 14:28:55,Mono Basin,Lee Vining Intake Above Flow,22.5
2026-09-10 14:28:55,Mono Basin,Lee Vining Intake Below Flow,22.8
2026-09-10 14:28:55,Mono Basin,Walker Ck. Above Conduit Flow,3.0
2026-09-10 14:28:55,Mono Basin,L.V. Conduit Below Intake Flow,0.5
2026-09-10 14:28:55,Mono Basin,Walker Ck. Under Conduit Flow,3.0
2026-09-10 14:28:55,Mono Basin,Parker Ck. Under Conduit Flow,8.0
2026-09-10 14:28:55,Mono Basin,Parker Ck. Above Conduit Flow,9.0
2026-09-10 14:28:55,Mono Basin,Grant Lk. Spill Flow,0.0
2026-09-10 14:28:55,Mono Basin,Mono Gate 1 Return Ditch Flow,31.0
2026-09-10 14:28:55,Mono Basin,Grant Lk. Outflow,39.0
2026-09-10 14:28:55,Mono Basin,Rush Ck. at Damsite Flow,21.2
2026-09-10 14:28:55,Mono Basin,Flow to West Portal,10.7
2026-09-10 14:28:55,Long Valley,East Portal Flow,12.0
2026-09-10 14:28:55,Long Valley,OR Below EP Flow,57.0
2026-09-10 14:28:55,Long Valley,Hot Ck.at Hwy. Flow,4.0
2026-09-10 14:28:55,Long Valley,McGee Ck. Lower Sta. Flow,8.2
2026-09-10 14:28:55,Long Valley,Long Valley Current Outflow,571.4
2026-09-10 14:28:55,Long Valley,Rock Ck. Div. Flow,0.0
2026-09-10 14:28:55,Long Valley,Upper Gorge Total Release,35.9
2026-09-10 14:28:55,Long Valley,Release at Middle Gorge,0.0
2026-09-10 14:28:55,Northern Owens Valley,Rock Ck. At Owens River (PV) Flow,26.1
2026-09-10 14:28:55,Northern Owens Valley,Pleasant Valley Outflow,482.2
2026-09-10 14:28:55,Northern Owens Valley,Baker Ck. At LA Station Flow,6.5
2026-09-10 14:28:55,Northern Owens Valley,Big Pine Ck. USGS Flow,24.5
2026-09-10 14:28:55,Northern Owens Valley,O.R. Below Big Pine,466.9
2026-09-10 14:28:55,Northern Owens Valley,Fish Springs At RR Flow,32.9
2026-09-10 14:28:55,Northern Owens Valley,Tinemaha Reservoir Outflow,477.5
2026-09-10 14:28:55,Northern Owens Valley,Bishop Creek Through Plant 6,71.0
2026-09-10 14:28:55,Northern Owens Valley,Bishop Creek Around Plant 6,6.5
2026-09-10 14:28:55,Southern Owens Valley,Tinemaha Reservoir Outflow,477.5
2026-09-10 14:28:55,Southern Owens Valley,Indep. Ck. At Junction Flow,3.6
2026-09-10 14:28:55,Southern Owens Valley,LAA at Alabama Flow,410.0
2026-09-10 14:28:55,Southern Owens Valley,Cottonwood Ck. At LAA Flow,2.0
2026-09-10 14:28:55,Southern Owens Valley,LAA at Cottonwood Flow,447.0
2026-09-10 14:28:55,Southern Owens Valley,Haiwee LAA #1 Current Flow,0.0
2026-09-10 14:28:55,Southern Owens Valley,Haiwee LAA #2 Current Flow,146.8
2026-09-10 14:28:55,Southern Owens Valley,Reinhackel Flow,2.9
2026-09-10 14:28:55,Southern Owens Valley,Lubkin Spillgate Outflow,0.0
2026-09-10 14:28:55,Southern Owens Valley,Cartago Spillgate Outflow,14.7
2026-09-10 14:28:55,Southern Owens Valley,Lone Pine Creek Flow,7.7
2026-09-10 14:28:55,Lower Owens River Project,LORP Intake Flow,79.0
2026-09-10 14:28:55,Lower Owens River Project,LORP at Mazourka Canyon Road,0.0
2026-09-10 14:28:55,Lower Owens River Project,LORP at Reinhackle Springs,55.0
2026-09-10 14:28:55,Lower Owens River Project,LORP Above Pumpstation,49.0
2026-09-10 14:28:55,Lower Owens River Project,LORP At Pump Station Discharge Flow,38.0
2026-09-10 14:28:55,Southern District,Haiwee LAA #2 Current Flow,146.8
2026-09-10 14:28:55,Southern District,Haiwee LAA #1 Current Flow,0.0
2026-09-10 14:28:55,Southern District,LAA #1 Flow at Fairmont Reservoir,309.1
2026-09-10 14:28:55,Southern District,LAA #2 Flow at Fairmont Res.,153.1
2026-09-10 14:28:55,Southern District,Bouquet Reservoir Inflow,63.0
2026-09-10 14:28:55,Southern District,Bouquet Reservoir Outflow,0.7
2026-09-10 14:28:55,Southern District,LAA #1 at Soledad Flow,129.3
2026-09-10 14:28:55,Southern District,LAA #2 at Soledad Flow,246.0
2026-09-10 14:28:56,Mono Basin,Mono Lk. Elevation,6381.8
2026-09-10 14:28:56,Mono Basin,Grant Lk. Elevation,7128.7
2026-09-10 14:28:56,Long Valley,Long Valley Elevation,6768.7
2026-09-10 14:28:56,Northern Owens Valley,Pleasant Valley Elevation,4382.1
2026-09-10 14:28:56,Northern Owens Valley,Tinemaha Elevation,3861.5
2026-09-10 14:28:56,Southern Owens Valley,Tinemaha Elevation,3861.5
2026-09-10 14:28:56,Southern Owens Valley,LAA at Alabama Level,7.9
2026-09-10 14:28:56,Southern Owens Valley,LAA at Alabama Water Temp,71.2
2026-09-10 14:28:56,Southern Owens Valley,LAA at Cottonwood Level,8.8
2026-09-10 14:28:56,Southern Owens Valley,LAA at Cotton. Water Temp,72.5
2026-09-10 14:28:56,Southern Owens Valley,N. Haiwee Elevation,3757.0
2026-09-10 14:28:56,Southern Owens Valley,S. Haiwee Reservoir Elevation,3728.2
2026-09-10 14:28:56,Southern District,S. Haiwee Reservoir Elevation,3728.2
2026-09-10 14:28:56,Southern District,Fairmont Reservoir Elevation,3025.0
2026-09-10 14:28:56,Southern District,Bouquet Reservoir Elevation,2974.7
2026-09-10 14:43:56,Mono Basin,Lee Vining Intake Above Flow,21.9
2026-09-10 14:43:56,Mono Basin,Lee Vining Intake Below Flow,22.8
2026-09-10 14:43:56,Mono Basin,Mono Lk. Elevation,6381.8
2026-09-10 14:43:56,Mono Basin,Walker Ck. Above Conduit Flow,3.0
2026-09-10 14:43:56,Mono Basin,L.V. Conduit Below Intake Flow,0.5
2026-09-10 14:43:56,Mono Basin,Walker Ck. Under Conduit Flow,3.0
2026-09-10 14:43:56,Mono Basin,Parker Ck. Under Conduit Flow,8.0
2026-09-10 14:43:56,Mono Basin,Parker Ck. Above Conduit Flow,9.0
2026-09-10 14:43:56,Mono Basin,Grant Lk. Spill Flow,0.0
2026-09-10 14:43:56,Mono Basin,Mono Gate 1 Return Ditch Flow,31.0
2026-09-10 14:43:56,Mono Basin,Grant Lk. Elevation,7128.7
2026-09-10 14:43:56,Mono Basin,Grant Lk. Outflow,39.0
2026-09-10 14:43:56,Mono Basin,Rush Ck. at Damsite Flow,21.2
2026-09-10 14:43:56,Mono Basin,Flow to West Portal,10.7
2026-09-10 14:43:56,Long Valley,East Portal Flow,12.0
2026-09-10 14:43:56,Long Valley,OR Below EP Flow,56.0
2026-09-10 14:43:56,Long Valley,Hot Ck.at Hwy. Flow,4.0
2026-09-10 14:43:56,Long Valley,McGee Ck. Lower Sta. Flow,8.2
2026-09-10 14:43:56,Long Valley,Long Valley Elevation,6768.7
2026-09-10 14:43:56,Long Valley,Long Valley Current Outflow,571.4
2026-09-10 14:43:56,Long Valley,Rock Ck. Div. Flow,0.0
2026-09-10 14:43:56,Long Valley,Upper Gorge Total Release,34.9
2026-09-10 14:43:56,Long Valley,Release at Middle Gorge,0.0
2026-09-10 14:43:56,Northern Owens Valley,Rock Ck. At Owens River (PV) Flow,26.0
2026-09-10 14:43:56,Northern Owens Valley,Pleasant Valley Elevation,4382.1
2026-09-10 14:43:56,Northern Owens Valley,Pleasant Valley Outflow,483.4
2026-09-10 14:43:56,Northern Owens Valley,Baker Ck. At LA Station Flow,6.5
2026-09-10 14:43:56,Northern Owens Valley,Big Pine Ck. USGS Flow,24.5
2026-09-10 14:43:56,Northern Owens Valley,O.R. Below Big Pine,466.8
2026-09-10 14:43:56,Northern Owens Valley,Fish Springs At RR Flow,32.9
2026-09-10 14:43:56,Northern Owens Valley,Tinemaha Reservoir Outflow,477.5
2026-09-10 14:43:56,Northern Owens Valley,Bishop Creek Through Plant 6,65.6
2026-09-10 14:43:56,Northern Owens Valley,Bishop Creek Around Plant 6,6.6
2026-09-10 14:43:56,Southern Owens Valley,Tinemaha Reservoir Outflow,477.5
2026-09-10 14:43:56,Southern Owens Valley,Indep. Ck. At Junction Flow,3.6
2026-09-10 14:43:56,Southern Owens Valley,LAA at Alabama Flow,410.0
2026-09-10 14:43:56,Southern Owens Valley,LAA at Alabama Level,7.9
2026-09-10 14:43:56,Southern Owens Valley,LAA at Alabama Water Temp,71.2
2026-09-10 14:43:56,Southern Owens Valley,Cottonwood Ck. At LAA Flow,2.0
2026-09-10 14:43:56,Southern Owens Valley,LAA at Cottonwood Flow,448.0
2026-09-10 14:43:56,Southern Owens Valley,LAA at Cottonwood Level,8.8
2026-09-10 14:43:56,Southern Owens Valley,LAA at Cotton. Water Temp,72.7
2026-09-10 14:43:56,Southern Owens Valley,N. Haiwee Elevation,3757.0
2026-09-10 14:43:56,Southern Owens Valley,S. Haiwee Reservoir Elevation,3728.2
2026-09-10 14:43:56,Southern Owens Valley,Haiwee LAA #1 Current Flow,0.0
2026-09-10 14:43:56,Southern Owens Valley,Haiwee LAA #2 Current Flow,146.8
2026-09-10 14:43:56,Southern Owens Valley,Reinhackel Flow,2.9
2026-09-10 14:43:56,Southern Owens Valley,Lubkin Spillgate Outflow,0.3
2026-09-10 14:43:56,Southern Owens Valley,Cartago Spillgate Outflow,14.7
2026-09-10 14:43:56,Southern Owens Valley,Lone Pine Creek Flow,7.8
2026-09-10 14:43:56,Lower Owens River Project,LORP Intake Flow,80.0
2026-09-10 14:43:56,Lower Owens River Project,LORP at Mazourka Canyon Road,0.0
2026-09-10 14:43:56,Lower Owens River Project,LORP at Reinhackle Springs,55.0
2026-09-10 14:43:56,Lower Owens River Project,LORP Above Pumpstation,49.0
2026-09-10 14:43:56,Lower Owens River Project,LORP At Pump Station Discharge Flow,37.0
2026-09-10 14:43:56,Southern District,Haiwee LAA #2 Current Flow,146.8
2026-09-10 14:43:56,Southern District,S. Haiwee Reservoir Elevation,3728.2
2026-09-10 14:43:56,Southern District,Haiwee LAA #1 Current Flow,0.0
2026-09-10 14:43:56,Southern District,Fairmont Reservoir Elevation,3024.9
2026-09-10 14:43:56,Southern District,LAA #1 Flow at Fairmont Reservoir,309.0
2026-09-10 14:43:56,Southern District,LAA #2 Flow at Fairmont Res.,153.1
2026-09-10 14:43:56,Southern District,Bouquet Reservoir Elevation,2974.7
2026-09-10 14:43:56,Southern District,Bouquet Reservoir Inflow,63.0
2026-09-10 14:43:56,Southern District,Bouquet Reservoir Outflow,0.7
2026-09-10 14:43:56,Southern District,LAA #1 at Soledad Flow,129.3
2026-09-10 14:43:56,Southern District,LAA #2 at Soledad Flow,246.0
2026-09-10 14:58:54,Mono Basin,Lee Vining Intake Above Flow,21.9
2026-09-10 14:58:54,Mono Basin,Lee Vining Intake Below Flow,22.8
2026-09-10 14:58:54,Mono Basin,Walker Ck. Above Conduit Flow,3.0
2026-09-10 14:58:54,Mono Basin,L.V. Conduit Below Intake Flow,0.5
2026-09-10 14:58:54,Mono Basin,Walker Ck. Under Conduit Flow,3.0
2026-09-10 14:58:54,Mono Basin,Parker Ck. Under Conduit Flow,8.0
2026-09-10 14:58:54,Mono Basin,Parker Ck. Above Conduit Flow,9.0
2026-09-10 14:58:54,Mono Basin,Grant Lk. Spill Flow,0.0
2026-09-10 14:58:54,Mono Basin,Mono Gate 1 Return Ditch Flow,29.6
2026-09-10 14:58:54,Mono Basin,Grant Lk. Outflow,39.0
2026-09-10 14:58:54,Mono Basin,Rush Ck. at Damsite Flow,21.2
2026-09-10 14:58:54,Mono Basin,Flow to West Portal,10.7
2026-09-10 14:58:54,Long Valley,East Portal Flow,12.0
2026-09-10 14:58:54,Long Valley,OR Below EP Flow,56.0
2026-09-10 14:58:54,Long Valley,Hot Ck.at Hwy. Flow,4.0
2026-09-10 14:58:54,Long Valley,McGee Ck. Lower Sta. Flow,8.2
2026-09-10 14:58:54,Long Valley,Long Valley Current Outflow,571.4
2026-09-10 14:58:54,Long Valley,Rock Ck. Div. Flow,0.0
2026-09-10 14:58:54,Long Valley,Upper Gorge Total Release,33.9
2026-09-10 14:58:54,Long Valley,Release at Middle Gorge,0.0
2026-09-10 14:58:54,Northern Owens Valley,Rock Ck. At Owens River (PV) Flow,25.8
2026-09-10 14:58:54,Northern Owens Valley,Pleasant Valley Outflow,482.9
2026-09-10 14:58:54,Northern Owens Valley,Baker Ck. At LA Station Flow,6.4
2026-09-10 14:58:54,Northern Owens Valley,Big Pine Ck. USGS Flow,24.5
2026-09-10 14:58:54,Northern Owens Valley,O.R. Below Big Pine,467.3
2026-09-10 14:58:54,Northern Owens Valley,Fish Springs At RR Flow,32.9
2026-09-10 14:58:54,Northern Owens Valley,Tinemaha Reservoir Outflow,477.5
2026-09-10 14:58:54,Northern Owens Valley,Bishop Creek Through Plant 6,71.6
2026-09-10 14:58:54,Northern Owens Valley,Bishop Creek Around Plant 6,6.5
2026-09-10 14:58:54,Southern Owens Valley,Tinemaha Reservoir Outflow,477.5
2026-09-10 14:58:54,Southern Owens Valley,Indep. Ck. At Junction Flow,3.6
2026-09-10 14:58:54,Southern Owens Valley,LAA at Alabama Flow,410.0
2026-09-10 14:58:54,Southern Owens Valley,Cottonwood Ck. At LAA Flow,2.0
2026-09-10 14:58:54,Southern Owens Valley,LAA at Cottonwood Flow,448.0
2026-09-10 14:58:54,Southern Owens Valley,Haiwee LAA #1 Current Flow,0.0
2026-09-10 14:58:54,Southern Owens Valley,Haiwee LAA #2 Current Flow,146.8
2026-09-10 14:58:54,Southern Owens Valley,Reinhackel Flow,2.9
2026-09-10 14:58:54,Southern Owens Valley,Lubkin Spillgate Outflow,0.3
2026-09-10 14:58:54,Southern Owens Valley,Cartago Spillgate Outflow,14.9
2026-09-10 14:58:54,Southern Owens Valley,Lone Pine Creek Flow,7.8
2026-09-10 14:58:54,Lower Owens River Project,LORP Intake Flow,80.0
2026-09-10 14:58:54,Lower Owens River Project,LORP at Mazourka Canyon Road,0.0
2026-09-10 14:58:54,Lower Owens River Project,LORP at Reinhackle Springs,55.0
2026-09-10 14:58:54,Lower Owens River Project,LORP Above Pumpstation,48.0
2026-09-10 14:58:54,Lower Owens River Project,LORP At Pump Station Discharge Flow,37.0
2026-09-10 14:58:54,Southern District,Haiwee LAA #2 Current Flow,146.8
2026-09-10 14:58:54,Southern District,Haiwee LAA #1 Current Flow,0.0
2026-09-10 14:58:54,Southern District,LAA #1 Flow at Fairmont Reservoir,308.7
2026-09-10 14:58:54,Southern District,LAA #2 Flow at Fairmont Res.,153.2
2026-09-10 14:58:54,Southern District,Bouquet Reservoir Inflow,70.0
2026-09-10 14:58:54,Southern District,Bouquet Reservoir Outflow,0.7
2026-09-10 14:58:54,Southern District,LAA #1 at Soledad Flow,129.3
2026-09-10 14:58:54,Southern District,LAA #2 at Soledad Flow,246.0
2026-09-10 14:58:55,Mono Basin,Mono Lk. Elevation,6381.8
2026-09-10 14:58:55,Mono Basin,Grant Lk. Elevation,7128.6
2026-09-10 14:58:55,Long Valley,Long Valley Elevation,6768.7
2026-09-10 14:58:55,Northern Owens Valley,Pleasant Valley Elevation,4382.1
2026-09-10 14:58:55,Northern Owens Valley,Tinemaha Elevation,3861.5
2026-09-10 14:58:55,Southern Owens Valley,Tinemaha Elevation,3861.5
2026-09-10 14:58:55,Southern Owens Valley,LAA at Alabama Level,7.9
2026-09-10 14:58:55,Southern Owens Valley,LAA at Alabama Water Temp,71.2
2026-09-10 14:58:55,Southern Owens Valley,LAA at Cottonwood Level,8.8
2026-09-10 14:58:55,Southern Owens Valley,LAA at Cotton. Water Temp,72.7
2026-09-10 14:58:55,Southern Owens Valley,N. Haiwee Elevation,3757.0
2026-09-10 14:58:55,Southern Owens Valley,S. Haiwee Reservoir Elevation,3728.2
2026-09-10 14:58:55,Southern District,S. Haiwee Reservoir Elevation,3728.2
2026-09-10 14:58:55,Southern District,Fairmont Reservoir Elevation,3024.9
2026-09-10 14:58:55,Southern District,Bouquet Reservoir Elevation,2974.7
2026-09-10 15:13:55,Mono Basin,Lee Vining Intake Above Flow,22.1
2026-09-10 15:13:55,Mono Basin,Lee Vining Intake Below Flow,22.8
2026-09-10 15:13:55,Mono Basin,Mono Lk. Elevation,6381.8
2026-09-10 15:13:55,Mono Basin,Walker Ck. Above Conduit Flow,3.0
2026-09-10 15:13:55,Mono Basin,L.V. Conduit Below Intake Flow,0.5
2026-09-10 15:13:55,Mono Basin,Walker Ck. Under Conduit Flow,3.0
2026-09-10 15:13:55,Mono Basin,Parker Ck. Under Conduit Flow,8.0
2026-09-10 15:13:55,Mono Basin,Parker Ck. Above Conduit Flow,9.0
2026-09-10 15:13:55,Mono Basin,Grant Lk. Spill Flow,0.0
2026-09-10 15:13:55,Mono Basin,Mono Gate 1 Return Ditch Flow,29.6
2026-09-10 15:13:55,Mono Basin,Grant Lk. Elevation,7128.6
2026-09-10 15:13:55,Mono Basin,Grant Lk. Outflow,39.0
2026-09-10 15:13:55,Mono Basin,Rush Ck. at Damsite Flow,21.2
2026-09-10 15:13:55,Mono Basin,Flow to West Portal,10.5
2026-09-10 15:13:55,Long Valley,East Portal Flow,12.0
2026-09-10 15:13:55,Long Valley,OR Below EP Flow,56.0
2026-09-10 15:13:55,Long Valley,Hot Ck.at Hwy. Flow,4.0
2026-09-10 15:13:55,Long Valley,McGee Ck. Lower Sta. Flow,8.0
2026-09-10 15:13:55,Long Valley,Long Valley Elevation,6768.7
2026-09-10 15:13:55,Long Valley,Long Valley Current Outflow,571.4
2026-09-10 15:13:55,Long Valley,Rock Ck. Div. Flow,0.0
2026-09-10 15:13:55,Long Valley,Upper Gorge Total Release,35.2
2026-09-10 15:13:55,Long Valley,Release at Middle Gorge,0.0
2026-09-10 15:13:55,Northern Owens Valley,Rock Ck. At Owens River (PV) Flow,25.8
2026-09-10 15:13:55,Northern Owens Valley,Pleasant Valley Elevation,4382.2
2026-09-10 15:13:55,Northern Owens Valley,Pleasant Valley Outflow,482.9
2026-09-10 15:13:55,Northern Owens Valley,Baker Ck. At LA Station Flow,6.4
2026-09-10 15:13:55,Northern Owens Valley,Big Pine Ck. USGS Flow,24.5
2026-09-10 15:13:55,Northern Owens Valley,O.R. Below Big Pine,466.8
2026-09-10 15:13:55,Northern Owens Valley,Fish Springs At RR Flow,32.9
2026-09-10 15:13:55,Northern Owens Valley,Tinemaha Reservoir Outflow,477.5
2026-09-10 15:13:55,Northern Owens Valley,Bishop Creek Through Plant 6,65.5
2026-09-10 15:13:55,Northern Owens Valley,Bishop Creek Around Plant 6,6.6
2026-09-10 15:13:55,Southern Owens Valley,Tinemaha Reservoir Outflow,477.5
2026-09-10 15:13:55,Southern Owens Valley,Indep. Ck. At Junction Flow,3.4
2026-09-10 15:13:55,Southern Owens Valley,LAA at Alabama Flow,409.0
2026-09-10 15:13:55,Southern Owens Valley,LAA at Alabama Level,7.9
2026-09-10 15:13:55,Southern Owens Valley,LAA at Alabama Water Temp,71.6
2026-09-10 15:13:55,Southern Owens Valley,Cottonwood Ck. At LAA Flow,2.0
2026-09-10 15:13:55,Southern Owens Valley,LAA at Cottonwood Flow,450.0
2026-09-10 15:13:55,Southern Owens Valley,LAA at Cottonwood Level,8.8
2026-09-10 15:13:55,Southern Owens Valley,LAA at Cotton. Water Temp,72.5
2026-09-10 15:13:55,Southern Owens Valley,N. Haiwee Elevation,3757.0
2026-09-10 15:13:55,Southern Owens Valley,S. Haiwee Reservoir Elevation,3728.2
2026-09-10 15:13:55,Southern Owens Valley,Haiwee LAA #1 Current Flow,0.0
2026-09-10 15:13:55,Southern Owens Valley,Haiwee LAA #2 Current Flow,146.8
2026-09-10 15:13:55,Southern Owens Valley,Reinhackel Flow,2.9
2026-09-10 15:13:55,Southern Owens Valley,Lubkin Spillgate Outflow,0.3
2026-09-10 15:13:55,Southern Owens Valley,Cartago Spillgate Outflow,14.9
2026-09-10 15:13:55,Southern Owens Valley,Lone Pine Creek Flow,7.7
2026-09-10 15:13:55,Lower Owens River Project,LORP Intake Flow,80.0
2026-09-10 15:13:55,Lower Owens River Project,LORP at Mazourka Canyon Road,0.0
2026-09-10 15:13:55,Lower Owens River Project,LORP at Reinhackle Springs,55.0
2026-09-10 15:13:55,Lower Owens River Project,LORP Above Pumpstation,49.0
2026-09-10 15:13:55,Lower Owens River Project,LORP At Pump Station Discharge Flow,37.0
2026-09-10 15:13:55,Southern District,Haiwee LAA #2 Current Flow,146.8
2026-09-10 15:13:55,Southern District,S. Haiwee Reservoir Elevation,3728.2
2026-09-10 15:13:55,Southern District,Haiwee LAA #1 Current Flow,0.0
2026-09-10 15:13:55,Southern District,Fairmont Reservoir Elevation,3024.9
2026-09-10 15:13:55,Southern District,LAA #1 Flow at Fairmont Reservoir,308.9
2026-09-10 15:13:55,Southern District,LAA #2 Flow at Fairmont Res.,153.1
2026-09-10 15:13:55,Southern District,Bouquet Reservoir Elevation,2974.7
2026-09-10 15:13:55,Southern District,Bouquet Reservoir Inflow,68.6
2026-09-10 15:13:55,Southern District,Bouquet Reservoir Outflow,0.7
2026-09-10 15:13:55,Southern District,LAA #1 at Soledad Flow,129.3
2026-09-10 15:13:55,Southern District,LAA #2 at Soledad Flow,246.0
2026-09-10 15:28:54,Mono Basin,Lee Vining Intake Above Flow,22.1
2026-09-10 15:28:54,Mono Basin,Lee Vining Intake Below Flow,22.8
2026-09-10 15:28:54,Mono Basin,Walker Ck. Above Conduit Flow,3.0
2026-09-10 15:28:54,Mono Basin,L.V. Conduit Below Intake Flow,0.5
2026-09-10 15:28:54,Mono Basin,Walker Ck. Under Conduit Flow,3.0
2026-09-10 15:28:54,Mono Basin,Parker Ck. Under Conduit Flow,8.0
2026-09-10 15:28:54,Mono Basin,Parker Ck. Above Conduit Flow,9.0
2026-09-10 15:28:54,Mono Basin,Grant Lk. Spill Flow,0.0
2026-09-10 15:28:54,Mono Basin,Mono Gate 1 Return Ditch Flow,29.7
2026-09-10 15:28:54,Mono Basin,Grant Lk. Outflow,39.0
2026-09-10 15:28:54,Mono Basin,Rush Ck. at Damsite Flow,19.1
2026-09-10 15:28:54,Mono Basin,Flow to West Portal,10.5
2026-09-10 15:28:54,Long Valley,East Portal Flow,12.0
2026-09-10 15:28:54,Long Valley,OR Below EP Flow,56.0
2026-09-10 15:28:54,Long Valley,Hot Ck.at Hwy. Flow,4.0
2026-09-10 15:28:54,Long Valley,McGee Ck. Lower Sta. Flow,8.0
2026-09-10 15:28:54,Long Valley,Long Valley Current Outflow,574.6
2026-09-10 15:28:54,Long Valley,Rock Ck. Div. Flow,0.0
2026-09-10 15:28:54,Long Valley,Upper Gorge Total Release,34.6
2026-09-10 15:28:54,Long Valley,Release at Middle Gorge,0.0
2026-09-10 15:28:54,Northern Owens Valley,Rock Ck. At Owens River (PV) Flow,25.7
2026-09-10 15:28:54,Northern Owens Valley,Pleasant Valley Outflow,482.5
2026-09-10 15:28:54,Northern Owens Valley,Baker Ck. At LA Station Flow,6.4
2026-09-10 15:28:54,Northern Owens Valley,Big Pine Ck. USGS Flow,24.5
2026-09-10 15:28:54,Northern Owens Valley,O.R. Below Big Pine,466.8
2026-09-10 15:28:54,Northern Owens Valley,Fish Springs At RR Flow,32.9
2026-09-10 15:28:54,Northern Owens Valley,Tinemaha Reservoir Outflow,477.5
2026-09-10 15:28:54,Northern Owens Valley,Bishop Creek Through Plant 6,65.5
2026-09-10 15:28:54,Northern Owens Valley,Bishop Creek Around Plant 6,6.6
2026-09-10 15:28:54,Southern Owens Valley,Tinemaha Reservoir Outflow,477.5
2026-09-10 15:28:54,Southern Owens Valley,Indep. Ck. At Junction Flow,3.4
2026-09-10 15:28:54,Southern Owens Valley,LAA at Alabama Flow,410.0
2026-09-10 15:28:54,Southern Owens Valley,Cottonwood Ck. At LAA Flow,2.0
2026-09-10 15:28:54,Southern Owens Valley,LAA at Cottonwood Flow,450.0
2026-09-10 15:28:54,Southern Owens Valley,Haiwee LAA #1 Current Flow,0.0
2026-09-10 15:28:54,Southern Owens Valley,Haiwee LAA #2 Current Flow,146.8
2026-09-10 15:28:54,Southern Owens Valley,Reinhackel Flow,2.9
2026-09-10 15:28:54,Southern Owens Valley,Lubkin Spillgate Outflow,0.3
2026-09-10 15:28:54,Southern Owens Valley,Cartago Spillgate Outflow,14.2
2026-09-10 15:28:54,Southern Owens Valley,Lone Pine Creek Flow,7.7
2026-09-10 15:28:54,Lower Owens River Project,LORP Intake Flow,80.0
2026-09-10 15:28:54,Lower Owens River Project,LORP at Mazourka Canyon Road,0.0
2026-09-10 15:28:54,Lower Owens River Project,LORP at Reinhackle Springs,58.0
2026-09-10 15:28:54,Lower Owens River Project,LORP Above Pumpstation,50.0
2026-09-10 15:28:54,Lower Owens River Project,LORP At Pump Station Discharge Flow,38.0
2026-09-10 15:28:54,Southern District,Haiwee LAA #2 Current Flow,146.8
2026-09-10 15:28:54,Southern District,Haiwee LAA #1 Current Flow,0.0
2026-09-10 15:28:54,Southern District,LAA #1 Flow at Fairmont Reservoir,309.3
2026-09-10 15:28:54,Southern District,LAA #2 Flow at Fairmont Res.,153.2
2026-09-10 15:28:54,Southern District,Bouquet Reservoir Inflow,68.8
2026-09-10 15:28:54,Southern District,Bouquet Reservoir Outflow,0.6
2026-09-10 15:28:54,Southern District,LAA #1 at Soledad Flow,129.3
2026-09-10 15:28:54,Southern District,LAA #2 at Soledad Flow,246.0
2026-09-10 15:28:55,Mono Basin,Mono Lk. Elevation,6381.8
2026-09-10 15:28:55,Mono Basin,Grant Lk. Elevation,7128.6
2026-09-10 15:28:55,Long Valley,Long Valley Elevation,6768.7
2026-09-10 15:28:55,Northern Owens Valley,Pleasant Valley Elevation,4382.2
2026-09-10 15:28:55,Northern Owens Valley,Tinemaha Elevation,3861.5
2026-09-10 15:28:55,Southern Owens Valley,Tinemaha Elevation,3861.5
2026-09-10 15:28:55,Southern Owens Valley,LAA at Alabama Level,7.9
2026-09-10 15:28:55,Southern Owens Valley,LAA at Alabama Water Temp,71.8
2026-09-10 15:28:55,Southern Owens Valley,LAA at Cottonwood Level,8.8
2026-09-10 15:28:55,Southern Owens Valley,LAA at Cotton. Water Temp,72.5
2026-09-10 15:28:55,Southern Owens Valley,N. Haiwee Elevation,3757.0
2026-09-10 15:28:55,Southern Owens Valley,S. Haiwee Reservoir Elevation,3728.2
2026-09-10 15:28:55,Southern District,S. Haiwee Reservoir Elevation,3728.2
2026-09-10 15:28:55,Southern District,Fairmont Reservoir Elevation,3024.9
2026-09-10 15:28:55,Southern District,Bouquet Reservoir Elevation,2974.7
2026-09-10 15:43:55,Mono Basin,Lee Vining Intake Above Flow,22.0
2026-09-10 15:43:55,Mono Basin,Lee Vining Intake Below Flow,22.7
2026-09-10 15:43:55,Mono Basin,Walker Ck. Above Conduit Flow,3.0
2026-09-10 15:43:55,Mono Basin,L.V. Conduit Below Intake Flow,0.5
2026-09-10 15:43:55,Mono Basin,Walker Ck. Under Conduit Flow,3.0
2026-09-10 15:43:55,Mono Basin,Parker Ck. Under Conduit Flow,8.0
2026-09-10 15:43:55,Mono Basin,Parker Ck. Above Conduit Flow,9.0
2026-09-10 15:43:55,Mono Basin,Grant Lk. Spill Flow,0.0
2026-09-10 15:43:55,Mono Basin,Mono Gate 1 Return Ditch Flow,29.7
2026-09-10 15:43:55,Mono Basin,Grant Lk. Outflow,39.0
2026-09-10 15:43:55,Mono Basin,Rush Ck. at Damsite Flow,19.1
2026-09-10 15:43:55,Mono Basin,Flow to West Portal,10.5
2026-09-10 15:43:55,Long Valley,East Portal Flow,12.0
2026-09-10 15:43:55,Long Valley,OR Below EP Flow,56.0
2026-09-10 15:43:55,Long Valley,Hot Ck.at Hwy. Flow,4.0
2026-09-10 15:43:55,Long Valley,McGee Ck. Lower Sta. Flow,8.0
2026-09-10 15:43:55,Long Valley,Long Valley Current Outflow,574.6
2026-09-10 15:43:55,Long Valley,Rock Ck. Div. Flow,0.0
2026-09-10 15:43:55,Long Valley,Upper Gorge Total Release,35.1
2026-09-10 15:43:55,Long Valley,Release at Middle Gorge,0.0
2026-09-10 15:43:55,Northern Owens Valley,Rock Ck. At Owens River (PV) Flow,25.7
2026-09-10 15:43:55,Northern Owens Valley,Pleasant Valley Outflow,483.4
2026-09-10 15:43:55,Northern Owens Valley,Baker Ck. At LA Station Flow,6.4
2026-09-10 15:43:55,Northern Owens Valley,Big Pine Ck. USGS Flow,23.1
2026-09-10 15:43:55,Northern Owens Valley,O.R. Below Big Pine,467.2
2026-09-10 15:43:55,Northern Owens Valley,Fish Springs At RR Flow,32.9
2026-09-10 15:43:55,Northern Owens Valley,Tinemaha Reservoir Outflow,477.5
2026-09-10 15:43:55,Northern Owens Valley,Bishop Creek Through Plant 6,69.3
2026-09-10 15:43:55,Northern Owens Valley,Bishop Creek Around Plant 6,6.6
2026-09-10 15:43:55,Southern Owens Valley,Tinemaha Reservoir Outflow,477.5
2026-09-10 15:43:55,Southern Owens Valley,Indep. Ck. At Junction Flow,3.4
2026-09-10 15:43:55,Southern Owens Valley,LAA at Alabama Flow,410.0
2026-09-10 15:43:55,Southern Owens Valley,Cottonwood Ck. At LAA Flow,2.0
2026-09-10 15:43:55,Southern Owens Valley,LAA at Cottonwood Flow,451.0
2026-09-10 15:43:55,Southern Owens Valley,Haiwee LAA #1 Current Flow,0.0
2026-09-10 15:43:55,Southern Owens Valley,Haiwee LAA #2 Current Flow,146.8
2026-09-10 15:43:55,Southern Owens Valley,Reinhackel Flow,2.9
2026-09-10 15:43:55,Southern Owens Valley,Lubkin Spillgate Outflow,0.3
2026-09-10 15:43:55,Southern Owens Valley,Cartago Spillgate Outflow,14.2
2026-09-10 15:43:55,Southern Owens Valley,Lone Pine Creek Flow,7.6
2026-09-10 15:43:55,Lower Owens River Project,LORP Intake Flow,80.0
2026-09-10 15:43:55,Lower Owens River Project,LORP at Mazourka Canyon Road,0.0
2026-09-10 15:43:55,Lower Owens River Project,LORP at Reinhackle Springs,58.0
2026-09-10 15:43:55,Lower Owens River Project,LORP Above Pumpstation,54.0
2026-09-10 15:43:55,Lower Owens River Project,LORP At Pump Station Discharge Flow,42.0
2026-09-10 15:43:55,Southern District,Haiwee LAA #2 Current Flow,146.8
2026-09-10 15:43:55,Southern District,Haiwee LAA #1 Current Flow,0.0
2026-09-10 15:43:55,Southern District,LAA #1 Flow at Fairmont Reservoir,308.6
2026-09-10 15:43:55,Southern District,LAA #2 Flow at Fairmont Res.,153.1
2026-09-10 15:43:55,Southern District,Bouquet Reservoir Inflow,69.0
2026-09-10 15:43:55,Southern District,Bouquet Reservoir Outflow,0.5
2026-09-10 15:43:55,Southern District,LAA #1 at Soledad Flow,129.3
2026-09-10 15:43:55,Southern District,LAA #2 at Soledad Flow,246.0
2026-09-10 15:43:56,Mono Basin,Mono Lk. Elevation,6381.8
2026-09-10 15:43:56,Mono Basin,Grant Lk. Elevation,7128.6
2026-09-10 15:43:56,Long Valley,Long Valley Elevation,6768.7
2026-09-10 15:43:56,Northern Owens Valley,Pleasant Valley Elevation,4382.2
2026-09-10 15:43:56,Southern Owens Valley,LAA at Alabama Level,7.9
2026-09-10 15:43:56,Southern Owens Valley,LAA at Alabama Water Temp,71.8
2026-09-10 15:43:56,Southern Owens Valley,LAA at Cottonwood Level,8.8
2026-09-10 15:43:56,Southern Owens Valley,LAA at Cotton. Water Temp,72.4
2026-09-10 15:43:56,Southern Owens Valley,N. Haiwee Elevation,3757.0
2026-09-10 15:43:56,Southern Owens Valley,S. Haiwee Reservoir Elevation,3728.2
2026-09-10 15:43:56,Southern District,S. Haiwee Reservoir Elevation,3728.2
2026-09-10 15:43:56,Southern District,Fairmont Reservoir Elevation,3024.9
2026-09-10 15:43:56,Southern District,Bouquet Reservoir Elevation,2974.7
2026-09-10 15:58:54,Mono Basin,Lee Vining Intake Above Flow,22.0
2026-09-10 15:58:54,Mono Basin,Lee Vining Intake Below Flow,22.7
2026-09-10 15:58:54,Mono Basin,Walker Ck. Above Conduit Flow,3.0
2026-09-10 15:58:54,Mono Basin,L.V. Conduit Below Intake Flow,0.5
2026-09-10 15:58:54,Mono Basin,Walker Ck. Under Conduit Flow,3.0
2026-09-10 15:58:54,Mono Basin,Parker Ck. Under Conduit Flow,8.0
2026-09-10 15:58:54,Mono Basin,Parker Ck. Above Conduit Flow,9.0
2026-09-10 15:58:54,Mono Basin,Grant Lk. Spill Flow,0.0
2026-09-10 15:58:54,Mono Basin,Mono Gate 1 Return Ditch Flow,29.7
2026-09-10 15:58:54,Mono Basin,Grant Lk. Outflow,39.0
2026-09-10 15:58:54,Mono Basin,Rush Ck. at Damsite Flow,19.1
2026-09-10 15:58:54,Mono Basin,Flow to West Portal,10.5
2026-09-10 15:58:54,Long Valley,East Portal Flow,12.0
2026-09-10 15:58:54,Long Valley,OR Below EP Flow,56.0
2026-09-10 15:58:54,Long Valley,Hot Ck.at Hwy. Flow,4.0
2026-09-10 15:58:54,Long Valley,McGee Ck. Lower Sta. Flow,8.0
2026-09-10 15:58:54,Long Valley,Long Valley Current Outflow,574.6
2026-09-10 15:58:54,Long Valley,Rock Ck. Div. Flow,0.0
2026-09-10 15:58:54,Long Valley,Upper Gorge Total Release,34.4
2026-09-10 15:58:54,Long Valley,Release at Middle Gorge,0.0
2026-09-10 15:58:54,Northern Owens Valley,Rock Ck. At Owens River (PV) Flow,25.6
2026-09-10 15:58:54,Northern Owens Valley,Pleasant Valley Outflow,483.2
2026-09-10 15:58:54,Northern Owens Valley,Baker Ck. At LA Station Flow,6.7
2026-09-10 15:58:54,Northern Owens Valley,Big Pine Ck. USGS Flow,23.1
2026-09-10 15:58:54,Northern Owens Valley,O.R. Below Big Pine,467.0
2026-09-10 15:58:54,Northern Owens Valley,Fish Springs At RR Flow,32.9
2026-09-10 15:58:54,Northern Owens Valley,Tinemaha Reservoir Outflow,477.5
2026-09-10 15:58:54,Northern Owens Valley,Bishop Creek Through Plant 6,69.3
2026-09-10 15:58:54,Northern Owens Valley,Bishop Creek Around Plant 6,6.6
2026-09-10 15:58:54,Southern Owens Valley,Tinemaha Reservoir Outflow,477.5
2026-09-10 15:58:54,Southern Owens Valley,Indep. Ck. At Junction Flow,3.4
2026-09-10 15:58:54,Southern Owens Valley,LAA at Alabama Flow,410.0
2026-09-10 15:58:54,Southern Owens Valley,Cottonwood Ck. At LAA Flow,2.0
2026-09-10 15:58:54,Southern Owens Valley,LAA at Cottonwood Flow,452.0
2026-09-10 15:58:54,Southern Owens Valley,Haiwee LAA #1 Current Flow,0.0
2026-09-10 15:58:54,Southern Owens Valley,Haiwee LAA #2 Current Flow,146.8
2026-09-10 15:58:54,Southern Owens Valley,Reinhackel Flow,2.9
2026-09-10 15:58:54,Southern Owens Valley,Lubkin Spillgate Outflow,0.3
2026-09-10 15:58:54,Southern Owens Valley,Cartago Spillgate Outflow,14.0
2026-09-10 15:58:54,Southern Owens Valley,Lone Pine Creek Flow,7.6
2026-09-10 15:58:54,Lower Owens River Project,LORP Intake Flow,80.0
2026-09-10 15:58:54,Lower Owens River Project,LORP at Mazourka Canyon Road,0.0
2026-09-10 15:58:54,Lower Owens River Project,LORP at Reinhackle Springs,58.0
2026-09-10 15:58:54,Lower Owens River Project,LORP Above Pumpstation,58.0
2026-09-10 15:58:54,Lower Owens River Project,LORP At Pump Station Discharge Flow,48.0
2026-09-10 15:58:54,Southern District,Haiwee LAA #2 Current Flow,146.8
2026-09-10 15:58:54,Southern District,Haiwee LAA #1 Current Flow,0.0
2026-09-10 15:58:54,Southern District,LAA #1 Flow at Fairmont Reservoir,308.8
2026-09-10 15:58:54,Southern District,LAA #2 Flow at Fairmont Res.,153.2
2026-09-10 15:58:54,Southern District,Bouquet Reservoir Inflow,69.0
2026-09-10 15:58:54,Southern District,Bouquet Reservoir Outflow,0.5
2026-09-10 15:58:54,Southern District,LAA #1 at Soledad Flow,129.3
2026-09-10 15:58:54,Southern District,LAA #2 at Soledad Flow,246.0
2026-09-10 15:58:55,Mono Basin,Mono Lk. Elevation,6381.8
2026-09-10 15:58:55,Mono Basin,Grant Lk. Elevation,7128.6
2026-09-10 15:58:55,Long Valley,Long Valley Elevation,6768.7
2026-09-10 15:58:55,Northern Owens Valley,Pleasant Valley Elevation,4382.3
2026-09-10 15:58:55,Northern Owens Valley,Tinemaha Elevation,3861.5
2026-09-10 15:58:55,Southern Owens Valley,Tinemaha Elevation,3861.5
2026-09-10 15:58:55,Southern Owens Valley,LAA at Alabama Level,7.9
2026-09-10 15:58:55,Southern Owens Valley,LAA at Alabama Water Temp,71.8
2026-09-10 15:58:55,Southern Owens Valley,LAA at Cottonwood Level,8.9
2026-09-10 15:58:55,Southern Owens Valley,LAA at Cotton. Water Temp,72.4
2026-09-10 15:58:55,Southern Owens Valley,N. Haiwee Elevation,3757.0
2026-09-10 15:58:55,Southern Owens Valley,S. Haiwee Reservoir Elevation,3728.2
2026-09-10 15:58:55,Southern District,S. Haiwee Reservoir Elevation,3728.2
2026-09-10 15:58:55,Southern District,Fairmont Reservoir Elevation,3024.9
2026-09-10 15:58:55,Southern District,Bouquet Reservoir Elevation,2974.7
