date,district,source,value
2026-08-02 00:43:36,Mono Basin,Lee Vining Intake Above Flow,34.5
2026-08-02 00:43:36,Mono Basin,Lee Vining Intake Below Flow,30.3
2026-08-02 00:43:36,Mono Basin,Walker Ck. Above Conduit Flow,5.0
2026-08-02 00:43:36,Mono Basin,L.V. Conduit Below Intake Flow,3.3
2026-08-02 00:43:36,Mono Basin,Walker Ck. Under Conduit Flow,5.0
2026-08-02 00:43:36,Mono Basin,Parker Ck. Under Conduit Flow,15.0
2026-08-02 00:43:36,Mono Basin,Parker Ck. Above Conduit Flow,16.0
2026-08-02 00:43:36,Mono Basin,Grant Lk. Spill Flow,3.5
2026-08-02 00:43:36,Mono Basin,Mono Gate 1 Return Ditch Flow,40.4
2026-08-02 00:43:36,Mono Basin,Grant Lk. Outflow,41.1
2026-08-02 00:43:36,Mono Basin,Rush Ck. at Damsite Flow,53.8
2026-08-02 00:43:36,Mono Basin,Flow to West Portal,0.0
2026-08-02 00:43:36,Long Valley,East Portal Flow,12.0
2026-08-02 00:43:36,Long Valley,OR Below EP Flow,57.0
2026-08-02 00:43:36,Long Valley,Hot Ck.at Hwy. Flow,10.0
2026-08-02 00:43:36,Long Valley,McGee Ck. Lower Sta. Flow,7.2
2026-08-02 00:43:36,Long Valley,Long Valley Current Outflow,581.8
2026-08-02 00:43:36,Long Valley,Rock Ck. Div. Flow,0.4
2026-08-02 00:43:36,Long Valley,Upper Gorge Total Release,39.9
2026-08-02 00:43:36,Long Valley,Release at Middle Gorge,0.0
2026-08-02 00:43:36,Northern Owens Valley,Rock Ck. At Owens River (PV) Flow,25.3
2026-08-02 00:43:36,Northern Owens Valley,Pleasant Valley Outflow,413.0
2026-08-02 00:43:36,Northern Owens Valley,Baker Ck. At LA Station Flow,6.0
2026-08-02 00:43:36,Northern Owens Valley,Big Pine Ck. USGS Flow,48.7
2026-08-02 00:43:36,Northern Owens Valley,O.R. Below Big Pine,417.7
2026-08-02 00:43:36,Northern Owens Valley,Fish Springs At RR Flow,34.3
2026-08-02 00:43:36,Northern Owens Valley,Tinemaha Reservoir Outflow,475.8
2026-08-02 00:43:36,Northern Owens Valley,Bishop Creek Through Plant 6,99.5
2026-08-02 00:43:36,Northern Owens Valley,Bishop Creek Around Plant 6,8.2
2026-08-02 00:43:36,Southern Owens Valley,Tinemaha Reservoir Outflow,475.8
2026-08-02 00:43:36,Southern Owens Valley,Indep. Ck. At Junction Flow,8.7
2026-08-02 00:43:36,Southern Owens Valley,LAA at Alabama Flow,396.0
2026-08-02 00:43:36,Southern Owens Valley,Cottonwood Ck. At LAA Flow,0.0
2026-08-02 00:43:36,Southern Owens Valley,LAA at Cottonwood Flow,490.0
2026-08-02 00:43:36,Southern Owens Valley,Haiwee LAA #1 Current Flow,0.0
2026-08-02 00:43:36,Southern Owens Valley,Haiwee LAA #2 Current Flow,241.7
2026-08-02 00:43:36,Southern Owens Valley,Reinhackel Flow,3.0
2026-08-02 00:43:36,Southern Owens Valley,Lubkin Spillgate Outflow,0.0
2026-08-02 00:43:36,Southern Owens Valley,Cartago Spillgate Outflow,0.0
2026-08-02 00:43:36,Southern Owens Valley,Lone Pine Creek Flow,14.9
2026-08-02 00:43:36,Lower Owens River Project,LORP Intake Flow,80.0
2026-08-02 00:43:36,Lower Owens River Project,LORP at Mazourka Canyon Road,0.0
2026-08-02 00:43:36,Lower Owens River Project,LORP at Reinhackle Springs,74.0
2026-08-02 00:43:36,Lower Owens River Project,LORP Above Pumpstation,51.0
2026-08-02 00:43:36,Lower Owens River Project,LORP At Pump Station Discharge Flow,48.0
2026-08-02 00:43:36,Southern District,Haiwee LAA #2 Current Flow,241.7
2026-08-02 00:43:36,Southern District,Haiwee LAA #1 Current Flow,0.0
2026-08-02 00:43:36,Southern District,LAA #1 Flow at Fairmont Reservoir,414.6
2026-08-02 00:43:36,Southern District,LAA #2 Flow at Fairmont Res.,254.7
2026-08-02 00:43:36,Southern District,Bouquet Reservoir Inflow,90.2
2026-08-02 00:43:36,Southern District,Bouquet Reservoir Outflow,0.5
2026-08-02 00:43:36,Southern District,LAA #1 at Soledad Flow,271.0
2026-08-02 00:43:36,Southern District,LAA #2 at Soledad Flow,296.1
2026-08-02 00:43:37,Mono Basin,Mono Lk. Elevation,6382.4
2026-08-02 00:43:37,Mono Basin,Grant Lk. Elevation,7130.1
2026-08-02 00:43:37,Long Valley,Long Valley Elevation,6774.6
2026-08-02 00:43:37,Northern Owens Valley,Pleasant Valley Elevation,4384.6
2026-08-02 00:43:37,Southern Owens Valley,LAA at Alabama Level,7.8
2026-08-02 00:43:37,Southern Owens Valley,LAA at Alabama Water Temp,71.9
2026-08-02 00:43:37,Southern Owens Valley,LAA at Cottonwood Level,9.2
2026-08-02 00:43:37,Southern Owens Valley,LAA at Cotton. Water Temp,73.7
2026-08-02 00:43:37,Southern Owens Valley,N. Haiwee Elevation,3757.0
2026-08-02 00:43:37,Southern Owens Valley,S. Haiwee Reservoir Elevation,3727.7
2026-08-02 00:43:37,Southern District,S. Haiwee Reservoir Elevation,3727.7
2026-08-02 00:43:37,Southern District,Fairmont Reservoir Elevation,3027.6
2026-08-02 00:43:37,Southern District,Bouquet Reservoir Elevation,2982.5
2026-08-02 01:43:36,Northern Owens Valley,Rock Ck. At Owens River (PV) Flow,25.6
2026-08-02 01:43:36,Northern Owens Valley,Pleasant Valley Outflow,414.8
2026-08-02 01:43:36,Northern Owens Valley,Baker Ck. At LA Station Flow,6.0
2026-08-02 01:43:36,Northern Owens Valley,Big Pine Ck. USGS Flow,48.7
2026-08-02 01:43:36,Northern Owens Valley,O.R. Below Big Pine,417.7
2026-08-02 01:43:36,Northern Owens Valley,Fish Springs At RR Flow,34.3
2026-08-02 01:43:36,Northern Owens Valley,Tinemaha Reservoir Outflow,475.8
2026-08-02 01:43:36,Northern Owens Valley,Bishop Creek Through Plant 6,99.5
2026-08-02 01:43:36,Northern Owens Valley,Bishop Creek Around Plant 6,8.2
2026-08-02 01:43:36,Southern Owens Valley,Tinemaha Reservoir Outflow,475.8
2026-08-02 01:43:36,Southern Owens Valley,Indep. Ck. At Junction Flow,8.7
2026-08-02 01:43:36,Southern Owens Valley,LAA at Alabama Flow,396.0
2026-08-02 01:43:36,Southern Owens Valley,Cottonwood Ck. At LAA Flow,0.0
2026-08-02 01:43:36,Southern Owens Valley,LAA at Cottonwood Flow,488.0
2026-08-02 01:43:36,Southern Owens Valley,Haiwee LAA #1 Current Flow,0.0
2026-08-02 01:43:36,Southern Owens Valley,Haiwee LAA #2 Current Flow,241.1
2026-08-02 01:43:36,Southern Owens Valley,Reinhackel Flow,3.0
2026-08-02 01:43:36,Southern Owens Valley,Lubkin Spillgate Outflow,0.0
2026-08-02 01:43:36,Southern Owens Valley,Cartago Spillgate Outflow,0.0
2026-08-02 01:43:36,Southern Owens Valley,Lone Pine Creek Flow,15.0
2026-08-02 01:43:36,Lower Owens River Project,LORP Intake Flow,80.0
2026-08-02 01:43:36,Lower Owens River Project,LORP at Mazourka Canyon Road,0.0
2026-08-02 01:43:36,Lower Owens River Project,LORP at Reinhackle Springs,74.0
2026-08-02 01:43:36,Lower Owens River Project,LORP Above Pumpstation,51.0
2026-08-02 01:43:36,Lower Owens River Project,LORP At Pump Station Discharge Flow,48.0
2026-08-02 01:43:36,Southern District,Haiwee LAA #2 Current Flow,241.1
2026-08-02 01:43:36,Southern District,Haiwee LAA #1 Current Flow,0.0
2026-08-02 01:43:37,Mono Basin,Lee Vining Intake Above Flow,35.5
2026-08-02 01:43:37,Mono Basin,Lee Vining Intake Below Flow,30.4
2026-08-02 01:43:37,Mono Basin,Mono Lk. Elevation,6382.4
2026-08-02 01:43:37,Mono Basin,Walker Ck. Above Conduit Flow,5.0
2026-08-02 01:43:37,Mono Basin,L.V. Conduit Below Intake Flow,3.4
2026-08-02 01:43:37,Mono Basin,Walker Ck. Under Conduit Flow,5.0
2026-08-02 01:43:37,Mono Basin,Parker Ck. Under Conduit Flow,15.0
2026-08-02 01:43:37,Mono Basin,Parker Ck. Above Conduit Flow,16.0
2026-08-02 01:43:37,Mono Basin,Grant Lk. Spill Flow,3.5
2026-08-02 01:43:37,Mono Basin,Mono Gate 1 Return Ditch Flow,40.6
2026-08-02 01:43:37,Mono Basin,Grant Lk. Elevation,7130.1
2026-08-02 01:43:37,Mono Basin,Grant Lk. Outflow,41.1
2026-08-02 01:43:37,Mono Basin,Rush Ck. at Damsite Flow,53.8
2026-08-02 01:43:37,Mono Basin,Flow to West Portal,0.0
2026-08-02 01:43:37,Long Valley,East Portal Flow,12.0
2026-08-02 01:43:37,Long Valley,OR Below EP Flow,57.0
2026-08-02 01:43:37,Long Valley,Hot Ck.at Hwy. Flow,10.0
2026-08-02 01:43:37,Long Valley,McGee Ck. Lower Sta. Flow,7.2
2026-08-02 01:43:37,Long Valley,Long Valley Elevation,6774.5
2026-08-02 01:43:37,Long Valley,Long Valley Current Outflow,582.8
2026-08-02 01:43:37,Long Valley,Rock Ck. Div. Flow,0.4
2026-08-02 01:43:37,Long Valley,Upper Gorge Total Release,40.1
2026-08-02 01:43:37,Long Valley,Release at Middle Gorge,0.0
2026-08-02 01:43:37,Northern Owens Valley,Pleasant Valley Elevation,4384.8
2026-08-02 01:43:37,Southern Owens Valley,LAA at Alabama Level,7.8
2026-08-02 01:43:37,Southern Owens Valley,LAA at Alabama Water Temp,71.9
2026-08-02 01:43:37,Southern Owens Valley,LAA at Cottonwood Level,9.2
2026-08-02 01:43:37,Southern Owens Valley,LAA at Cotton. Water Temp,73.6
2026-08-02 01:43:37,Southern Owens Valley,N. Haiwee Elevation,3757.0
2026-08-02 01:43:37,Southern Owens Valley,S. Haiwee Reservoir Elevation,3727.7
2026-08-02 01:43:37,Southern District,S. Haiwee Reservoir Elevation,3727.7
2026-08-02 01:43:37,Southern District,Fairmont Reservoir Elevation,3027.5
2026-08-02 01:43:37,Southern District,LAA #1 Flow at Fairmont Reservoir,414.8
2026-08-02 01:43:37,Southern District,LAA #2 Flow at Fairmont Res.,254.8
2026-08-02 01:43:37,Southern District,Bouquet Reservoir Elevation,2982.5
2026-08-02 01:43:37,Southern District,Bouquet Reservoir Inflow,90.1
2026-08-02 01:43:37,Southern District,Bouquet Reservoir Outflow,0.5
2026-08-02 01:43:37,Southern District,LAA #1 at Soledad Flow,271.0
2026-08-02 01:43:37,Southern District,LAA #2 at Soledad Flow,296.1
2026-08-02 02:43:36,Mono Basin,Lee Vining Intake Above Flow,34.9
2026-08-02 02:43:36,Mono Basin,Lee Vining Intake Below Flow,30.6
2026-08-02 02:43:36,Mono Basin,Walker Ck. Above Conduit Flow,5.0
2026-08-02 02:43:36,Mono Basin,L.V. Conduit Below Intake Flow,3.5
2026-08-02 02:43:36,Mono Basin,Walker Ck. Under Conduit Flow,5.0
2026-08-02 02:43:36,Mono Basin,Parker Ck. Under Conduit Flow,15.0
2026-08-02 02:43:36,Mono Basin,Parker Ck. Above Conduit Flow,16.0
2026-08-02 02:43:36,Mono Basin,Grant Lk. Spill Flow,3.5
2026-08-02 02:43:36,Mono Basin,Mono Gate 1 Return Ditch Flow,40.8
2026-08-02 02:43:36,Mono Basin,Grant Lk. Outflow,41.1
2026-08-02 02:43:36,Mono Basin,Rush Ck. at Damsite Flow,53.8
2026-08-02 02:43:36,Mono Basin,Flow to West Portal,0.0
2026-08-02 02:43:36,Long Valley,East Portal Flow,12.0
2026-08-02 02:43:36,Long Valley,OR Below EP Flow,57.0
2026-08-02 02:43:36,Long Valley,Hot Ck.at Hwy. Flow,10.0
2026-08-02 02:43:36,Long Valley,McGee Ck. Lower Sta. Flow,7.2
2026-08-02 02:43:36,Long Valley,Long Valley Current Outflow,582.6
2026-08-02 02:43:36,Long Valley,Rock Ck. Div. Flow,0.4
2026-08-02 02:43:36,Long Valley,Upper Gorge Total Release,40.0
2026-08-02 02:43:36,Long Valley,Release at Middle Gorge,0.0
2026-08-02 02:43:36,Northern Owens Valley,Rock Ck. At Owens River (PV) Flow,26.0
2026-08-02 02:43:36,Northern Owens Valley,Pleasant Valley Outflow,417.3
2026-08-02 02:43:36,Northern Owens Valley,Baker Ck. At LA Station Flow,6.0
2026-08-02 02:43:36,Northern Owens Valley,Big Pine Ck. USGS Flow,48.7
2026-08-02 02:43:36,Northern Owens Valley,O.R. Below Big Pine,417.8
2026-08-02 02:43:36,Northern Owens Valley,Fish Springs At RR Flow,34.3
2026-08-02 02:43:36,Northern Owens Valley,Tinemaha Reservoir Outflow,475.8
2026-08-02 02:43:36,Northern Owens Valley,Bishop Creek Through Plant 6,98.8
2026-08-02 02:43:36,Northern Owens Valley,Bishop Creek Around Plant 6,8.1
2026-08-02 02:43:36,Southern Owens Valley,Tinemaha Reservoir Outflow,475.8
2026-08-02 02:43:36,Southern Owens Valley,Indep. Ck. At Junction Flow,8.7
2026-08-02 02:43:36,Southern Owens Valley,LAA at Alabama Flow,396.0
2026-08-02 02:43:36,Southern Owens Valley,Cottonwood Ck. At LAA Flow,0.0
2026-08-02 02:43:36,Southern Owens Valley,LAA at Cottonwood Flow,488.0
2026-08-02 02:43:36,Southern Owens Valley,Haiwee LAA #1 Current Flow,0.0
2026-08-02 02:43:36,Southern Owens Valley,Haiwee LAA #2 Current Flow,241.1
2026-08-02 02:43:36,Southern Owens Valley,Reinhackel Flow,3.0
2026-08-02 02:43:36,Southern Owens Valley,Lubkin Spillgate Outflow,0.0
2026-08-02 02:43:36,Southern Owens Valley,Cartago Spillgate Outflow,0.0
2026-08-02 02:43:36,Southern Owens Valley,Lone Pine Creek Flow,15.2
2026-08-02 02:43:36,Lower Owens River Project,LORP Intake Flow,80.0
2026-08-02 02:43:36,Lower Owens River Project,LORP at Mazourka Canyon Road,0.0
2026-08-02 02:43:36,Lower Owens River Project,LORP at Reinhackle Springs,73.0
2026-08-02 02:43:36,Lower Owens River Project,LORP Above Pumpstation,51.0
2026-08-02 02:43:36,Lower Owens River Project,LORP At Pump Station Discharge Flow,48.0
2026-08-02 02:43:36,Southern District,Haiwee LAA #2 Current Flow,241.1
2026-08-02 02:43:36,Southern District,Haiwee LAA #1 Current Flow,0.0
2026-08-02 02:43:36,Southern District,LAA #1 Flow at Fairmont Reservoir,414.5
2026-08-02 02:43:36,Southern District,LAA #2 Flow at Fairmont Res.,255.1
2026-08-02 02:43:36,Southern District,Bouquet Reservoir Inflow,95.2
2026-08-02 02:43:36,Southern District,Bouquet Reservoir Outflow,0.5
2026-08-02 02:43:36,Southern District,LAA #1 at Soledad Flow,271.0
2026-08-02 02:43:36,Southern District,LAA #2 at Soledad Flow,296.1
2026-08-02 02:43:37,Mono Basin,Mono Lk. Elevation,6382.4
2026-08-02 02:43:37,Mono Basin,Grant Lk. Elevation,7130.1
2026-08-02 02:43:37,Long Valley,Long Valley Elevation,6774.5
2026-08-02 02:43:37,Northern Owens Valley,Pleasant Valley Elevation,4385.0
2026-08-02 02:43:37,Southern Owens Valley,LAA at Alabama Level,7.8
2026-08-02 02:43:37,Southern Owens Valley,LAA at Alabama Water Temp,71.9
2026-08-02 02:43:37,Southern Owens Valley,LAA at Cottonwood Level,9.2
2026-08-02 02:43:37,Southern Owens Valley,LAA at Cotton. Water Temp,73.5
2026-08-02 02:43:37,Southern Owens Valley,N. Haiwee Elevation,3757.1
2026-08-02 02:43:37,Southern Owens Valley,S. Haiwee Reservoir Elevation,3727.7
2026-08-02 02:43:37,Southern District,S. Haiwee Reservoir Elevation,3727.7
2026-08-02 02:43:37,Southern District,Fairmont Reservoir Elevation,3027.4
2026-08-02 02:43:37,Southern District,Bouquet Reservoir Elevation,2982.5
2026-08-02 03:28:37,Northern Owens Valley,Tinemaha Elevation,3860.9
2026-08-02 03:28:37,Southern Owens Valley,Tinemaha Elevation,3860.9
2026-08-02 03:43:36,Mono Basin,Lee Vining Intake Above Flow,35.4
2026-08-02 03:43:36,Mono Basin,Lee Vining Intake Below Flow,30.6
2026-08-02 03:43:36,Mono Basin,Walker Ck. Above Conduit Flow,5.0
2026-08-02 03:43:36,Mono Basin,L.V. Conduit Below Intake Flow,3.5
2026-08-02 03:43:36,Mono Basin,Walker Ck. Under Conduit Flow,5.0
2026-08-02 03:43:36,Mono Basin,Parker Ck. Under Conduit Flow,15.0
2026-08-02 03:43:36,Mono Basin,Parker Ck. Above Conduit Flow,16.0
2026-08-02 03:43:36,Mono Basin,Grant Lk. Spill Flow,3.5
2026-08-02 03:43:36,Mono Basin,Mono Gate 1 Return Ditch Flow,40.5
2026-08-02 03:43:36,Mono Basin,Grant Lk. Outflow,41.1
2026-08-02 03:43:36,Mono Basin,Rush Ck. at Damsite Flow,53.8
2026-08-02 03:43:36,Mono Basin,Flow to West Portal,0.0
2026-08-02 03:43:36,Long Valley,East Portal Flow,12.0
2026-08-02 03:43:36,Long Valley,OR Below EP Flow,57.0
2026-08-02 03:43:36,Long Valley,Hot Ck.at Hwy. Flow,10.0
2026-08-02 03:43:36,Long Valley,McGee Ck. Lower Sta. Flow,7.2
2026-08-02 03:43:36,Long Valley,Long Valley Current Outflow,585.6
2026-08-02 03:43:36,Long Valley,Rock Ck. Div. Flow,0.4
2026-08-02 03:43:36,Long Valley,Upper Gorge Total Release,40.2
2026-08-02 03:43:36,Long Valley,Release at Middle Gorge,0.0
2026-08-02 03:43:36,Northern Owens Valley,Rock Ck. At Owens River (PV) Flow,26.3
2026-08-02 03:43:36,Northern Owens Valley,Pleasant Valley Outflow,419.0
2026-08-02 03:43:36,Northern Owens Valley,Baker Ck. At LA Station Flow,6.3
2026-08-02 03:43:36,Northern Owens Valley,Big Pine Ck. USGS Flow,48.7
2026-08-02 03:43:36,Northern Owens Valley,O.R. Below Big Pine,419.2
2026-08-02 03:43:36,Northern Owens Valley,Fish Springs At RR Flow,34.3
2026-08-02 03:43:36,Northern Owens Valley,Tinemaha Reservoir Outflow,475.0
2026-08-02 03:43:36,Northern Owens Valley,Bishop Creek Through Plant 6,100.3
2026-08-02 03:43:36,Northern Owens Valley,Bishop Creek Around Plant 6,8.2
2026-08-02 03:43:36,Southern Owens Valley,Tinemaha Reservoir Outflow,475.0
2026-08-02 03:43:36,Southern Owens Valley,Indep. Ck. At Junction Flow,8.7
2026-08-02 03:43:36,Southern Owens Valley,LAA at Alabama Flow,396.0
2026-08-02 03:43:36,Southern Owens Valley,Cottonwood Ck. At LAA Flow,0.0
2026-08-02 03:43:36,Southern Owens Valley,LAA at Cottonwood Flow,487.0
2026-08-02 03:43:36,Southern Owens Valley,Haiwee LAA #1 Current Flow,0.0
2026-08-02 03:43:36,Southern Owens Valley,Haiwee LAA #2 Current Flow,241.1
2026-08-02 03:43:36,Southern Owens Valley,Reinhackel Flow,3.0
2026-08-02 03:43:36,Southern Owens Valley,Lubkin Spillgate Outflow,0.0
2026-08-02 03:43:36,Southern Owens Valley,Cartago Spillgate Outflow,11.2
2026-08-02 03:43:36,Southern Owens Valley,Lone Pine Creek Flow,15.4
2026-08-02 03:43:36,Lower Owens River Project,LORP Intake Flow,80.0
2026-08-02 03:43:36,Lower Owens River Project,LORP at Mazourka Canyon Road,0.0
2026-08-02 03:43:36,Lower Owens River Project,LORP at Reinhackle Springs,72.0
2026-08-02 03:43:36,Lower Owens River Project,LORP Above Pumpstation,50.0
2026-08-02 03:43:36,Lower Owens River Project,LORP At Pump Station Discharge Flow,48.0
2026-08-02 03:43:36,Southern District,Haiwee LAA #2 Current Flow,241.1
2026-08-02 03:43:36,Southern District,Haiwee LAA #1 Current Flow,0.0
2026-08-02 03:43:36,Southern District,LAA #1 Flow at Fairmont Reservoir,415.0
2026-08-02 03:43:36,Southern District,LAA #2 Flow at Fairmont Res.,255.0
2026-08-02 03:43:36,Southern District,Bouquet Reservoir Inflow,89.8
2026-08-02 03:43:36,Southern District,Bouquet Reservoir Outflow,0.5
2026-08-02 03:43:36,Southern District,LAA #1 at Soledad Flow,268.9
2026-08-02 03:43:36,Southern District,LAA #2 at Soledad Flow,296.8
2026-08-02 03:43:37,Mono Basin,Mono Lk. Elevation,6382.4
2026-08-02 03:43:37,Mono Basin,Grant Lk. Elevation,7130.1
2026-08-02 03:43:37,Long Valley,Long Valley Elevation,6774.5
2026-08-02 03:43:37,Northern Owens Valley,Pleasant Valley Elevation,4385.2
2026-08-02 03:43:37,Southern Owens Valley,LAA at Alabama Level,7.8
2026-08-02 03:43:37,Southern Owens Valley,LAA at Alabama Water Temp,71.9
2026-08-02 03:43:37,Southern Owens Valley,LAA at Cottonwood Level,9.2
2026-08-02 03:43:37,Southern Owens Valley,LAA at Cotton. Water Temp,73.4
2026-08-02 03:43:37,Southern Owens Valley,N. Haiwee Elevation,3757.1
2026-08-02 03:43:37,Southern Owens Valley,S. Haiwee Reservoir Elevation,3727.7
2026-08-02 03:43:37,Southern District,S. Haiwee Reservoir Elevation,3727.7
2026-08-02 03:43:37,Southern District,Fairmont Reservoir Elevation,3027.2
2026-08-02 03:43:37,Southern District,Bouquet Reservoir Elevation,2982.5
2026-08-02 03:58:37,Northern Owens Valley,Tinemaha Elevation,3860.9
2026-08-02 03:58:37,Southern Owens Valley,Tinemaha Elevation,3860.9
2026-08-02 04:28:37,Northern Owens Valley,Tinemaha Elevation,3860.9
2026-08-02 04:28:37,Southern Owens Valley,Tinemaha Elevation,3860.9
2026-08-02 04:43:36,Mono Basin,Lee Vining Intake Above Flow,34.8
2026-08-02 04:43:36,Mono Basin,Lee Vining Intake Below Flow,30.2
2026-08-02 04:43:36,Mono Basin,Walker Ck. Above Conduit Flow,5.0
2026-08-02 04:43:36,Mono Basin,L.V. Conduit Below Intake Flow,3.6
2026-08-02 04:43:36,Mono Basin,Walker Ck. Under Conduit Flow,5.0
2026-08-02 04:43:36,Mono Basin,Parker Ck. Under Conduit Flow,15.0
2026-08-02 04:43:36,Mono Basin,Parker Ck. Above Conduit Flow,16.0
2026-08-02 04:43:36,Mono Basin,Grant Lk. Spill Flow,3.5
2026-08-02 04:43:36,Mono Basin,Mono Gate 1 Return Ditch Flow,40.8
2026-08-02 04:43:36,Mono Basin,Grant Lk. Outflow,40.9
2026-08-02 04:43:36,Mono Basin,Rush Ck. at Damsite Flow,53.8
2026-08-02 04:43:36,Mono Basin,Flow to West Portal,0.0
2026-08-02 04:43:36,Long Valley,East Portal Flow,12.0
2026-08-02 04:43:36,Long Valley,OR Below EP Flow,57.0
2026-08-02 04:43:36,Long Valley,Hot Ck.at Hwy. Flow,10.0
2026-08-02 04:43:36,Long Valley,McGee Ck. Lower Sta. Flow,7.2
2026-08-02 04:43:36,Long Valley,Long Valley Current Outflow,585.6
2026-08-02 04:43:36,Long Valley,Rock Ck. Div. Flow,0.4
2026-08-02 04:43:36,Long Valley,Upper Gorge Total Release,39.9
2026-08-02 04:43:36,Long Valley,Release at Middle Gorge,0.0
2026-08-02 04:43:36,Northern Owens Valley,Rock Ck. At Owens River (PV) Flow,26.6
2026-08-02 04:43:36,Northern Owens Valley,Pleasant Valley Outflow,422.4
2026-08-02 04:43:36,Northern Owens Valley,Baker Ck. At LA Station Flow,6.3
2026-08-02 04:43:36,Northern Owens Valley,Big Pine Ck. USGS Flow,48.7
2026-08-02 04:43:36,Northern Owens Valley,O.R. Below Big Pine,420.5
2026-08-02 04:43:36,Northern Owens Valley,Fish Springs At RR Flow,34.3
2026-08-02 04:43:36,Northern Owens Valley,Tinemaha Reservoir Outflow,475.8
2026-08-02 04:43:36,Northern Owens Valley,Bishop Creek Through Plant 6,99.0
2026-08-02 04:43:36,Northern Owens Valley,Bishop Creek Around Plant 6,8.4
2026-08-02 04:43:36,Southern Owens Valley,Tinemaha Reservoir Outflow,475.8
2026-08-02 04:43:36,Southern Owens Valley,Indep. Ck. At Junction Flow,8.7
2026-08-02 04:43:36,Southern Owens Valley,LAA at Alabama Flow,396.0
2026-08-02 04:43:36,Southern Owens Valley,Cottonwood Ck. At LAA Flow,0.0
2026-08-02 04:43:36,Southern Owens Valley,LAA at Cottonwood Flow,486.0
2026-08-02 04:43:36,Southern Owens Valley,Haiwee LAA #1 Current Flow,0.0
2026-08-02 04:43:36,Southern Owens Valley,Haiwee LAA #2 Current Flow,241.1
2026-08-02 04:43:36,Southern Owens Valley,Reinhackel Flow,3.0
2026-08-02 04:43:36,Southern Owens Valley,Lubkin Spillgate Outflow,0.0
2026-08-02 04:43:36,Southern Owens Valley,Cartago Spillgate Outflow,10.6
2026-08-02 04:43:36,Southern Owens Valley,Lone Pine Creek Flow,15.3
2026-08-02 04:43:36,Lower Owens River Project,LORP Intake Flow,80.0
2026-08-02 04:43:36,Lower Owens River Project,LORP at Mazourka Canyon Road,0.0
2026-08-02 04:43:36,Lower Owens River Project,LORP at Reinhackle Springs,74.0
2026-08-02 04:43:36,Lower Owens River Project,LORP Above Pumpstation,51.0
2026-08-02 04:43:36,Lower Owens River Project,LORP At Pump Station Discharge Flow,48.0
2026-08-02 04:43:36,Southern District,Haiwee LAA #2 Current Flow,241.1
2026-08-02 04:43:36,Southern District,Haiwee LAA #1 Current Flow,0.0
2026-08-02 04:43:36,Southern District,LAA #1 Flow at Fairmont Reservoir,413.9
2026-08-02 04:43:36,Southern District,LAA #2 Flow at Fairmont Res.,254.8
2026-08-02 04:43:36,Southern District,Bouquet Reservoir Inflow,84.9
2026-08-02 04:43:36,Southern District,Bouquet Reservoir Outflow,0.5
2026-08-02 04:43:36,Southern District,LAA #1 at Soledad Flow,268.9
2026-08-02 04:43:36,Southern District,LAA #2 at Soledad Flow,296.8
2026-08-02 04:43:37,Mono Basin,Mono Lk. Elevation,6382.4
2026-08-02 04:43:37,Mono Basin,Grant Lk. Elevation,7130.1
2026-08-02 04:43:37,Long Valley,Long Valley Elevation,6774.5
2026-08-02 04:43:37,Northern Owens Valley,Pleasant Valley Elevation,4385.3
2026-08-02 04:43:37,Southern Owens Valley,LAA at Alabama Level,7.8
2026-08-02 04:43:37,Southern Owens Valley,LAA at Alabama Water Temp,71.9
2026-08-02 04:43:37,Southern Owens Valley,LAA at Cottonwood Level,9.2
2026-08-02 04:43:37,Southern Owens Valley,LAA at Cotton. Water Temp,73.2
2026-08-02 04:43:37,Southern Owens Valley,N. Haiwee Elevation,3757.1
2026-08-02 04:43:37,Southern Owens Valley,S. Haiwee Reservoir Elevation,3727.6
2026-08-02 04:43:37,Southern District,S. Haiwee Reservoir Elevation,3727.6
2026-08-02 04:43:37,Southern District,Fairmont Reservoir Elevation,3027.1
2026-08-02 04:43:37,Southern District,Bouquet Reservoir Elevation,2982.5
2026-08-02 04:58:37,Northern Owens Valley,Tinemaha Elevation,3860.9
2026-08-02 04:58:37,Southern Owens Valley,Tinemaha Elevation,3860.9
2026-08-02 05:28:37,Northern Owens Valley,Tinemaha Elevation,3860.9
2026-08-02 05:28:37,Southern Owens Valley,Tinemaha Elevation,3860.9
2026-08-02 05:43:36,Mono Basin,Lee Vining Intake Above Flow,36.0
2026-08-02 05:43:36,Mono Basin,Lee Vining Intake Below Flow,30.4
2026-08-02 05:43:36,Mono Basin,Walker Ck. Above Conduit Flow,5.0
2026-08-02 05:43:36,Mono Basin,L.V. Conduit Below Intake Flow,3.7
2026-08-02 05:43:36,Mono Basin,Walker Ck. Under Conduit Flow,5.0
2026-08-02 05:43:36,Mono Basin,Parker Ck. Under Conduit Flow,15.0
2026-08-02 05:43:36,Mono Basin,Parker Ck. Above Conduit Flow,16.0
2026-08-02 05:43:36,Mono Basin,Grant Lk. Spill Flow,3.5
2026-08-02 05:43:36,Mono Basin,Mono Gate 1 Return Ditch Flow,40.7
2026-08-02 05:43:36,Mono Basin,Grant Lk. Outflow,41.2
2026-08-02 05:43:36,Mono Basin,Rush Ck. at Damsite Flow,53.8
2026-08-02 05:43:36,Mono Basin,Flow to West Portal,0.0
2026-08-02 05:43:36,Long Valley,East Portal Flow,12.0
2026-08-02 05:43:36,Long Valley,OR Below EP Flow,57.0
2026-08-02 05:43:36,Long Valley,Hot Ck.at Hwy. Flow,10.0
2026-08-02 05:43:36,Long Valley,McGee Ck. Lower Sta. Flow,7.2
2026-08-02 05:43:36,Long Valley,Long Valley Current Outflow,585.9
2026-08-02 05:43:36,Long Valley,Rock Ck. Div. Flow,0.4
2026-08-02 05:43:36,Long Valley,Upper Gorge Total Release,39.5
2026-08-02 05:43:36,Long Valley,Release at Middle Gorge,0.0
2026-08-02 05:43:36,Northern Owens Valley,Rock Ck. At Owens River (PV) Flow,26.8
2026-08-02 05:43:36,Northern Owens Valley,Pleasant Valley Outflow,424.0
2026-08-02 05:43:36,Northern Owens Valley,Baker Ck. At LA Station Flow,6.3
2026-08-02 05:43:36,Northern Owens Valley,Big Pine Ck. USGS Flow,48.7
2026-08-02 05:43:36,Northern Owens Valley,O.R. Below Big Pine,421.9
2026-08-02 05:43:36,Northern Owens Valley,Fish Springs At RR Flow,34.3
2026-08-02 05:43:36,Northern Owens Valley,Tinemaha Reservoir Outflow,475.0
2026-08-02 05:43:36,Northern Owens Valley,Bishop Creek Through Plant 6,99.4
2026-08-02 05:43:36,Northern Owens Valley,Bishop Creek Around Plant 6,8.4
2026-08-02 05:43:36,Southern Owens Valley,Tinemaha Reservoir Outflow,475.0
2026-08-02 05:43:36,Southern Owens Valley,Indep. Ck. At Junction Flow,8.7
2026-08-02 05:43:36,Southern Owens Valley,LAA at Alabama Flow,396.0
2026-08-02 05:43:36,Southern Owens Valley,Cottonwood Ck. At LAA Flow,0.0
2026-08-02 05:43:36,Southern Owens Valley,LAA at Cottonwood Flow,485.0
2026-08-02 05:43:36,Southern Owens Valley,Haiwee LAA #1 Current Flow,0.0
2026-08-02 05:43:36,Southern Owens Valley,Haiwee LAA #2 Current Flow,241.1
2026-08-02 05:43:36,Southern Owens Valley,Reinhackel Flow,3.0
2026-08-02 05:43:36,Southern Owens Valley,Lubkin Spillgate Outflow,0.0
2026-08-02 05:43:36,Southern Owens Valley,Cartago Spillgate Outflow,10.8
2026-08-02 05:43:36,Southern Owens Valley,Lone Pine Creek Flow,15.4
2026-08-02 05:43:36,Lower Owens River Project,LORP Intake Flow,81.0
2026-08-02 05:43:36,Lower Owens River Project,LORP at Mazourka Canyon Road,0.0
2026-08-02 05:43:36,Lower Owens River Project,LORP at Reinhackle Springs,72.0
2026-08-02 05:43:36,Lower Owens River Project,LORP Above Pumpstation,50.0
2026-08-02 05:43:36,Lower Owens River Project,LORP At Pump Station Discharge Flow,48.0
2026-08-02 05:43:36,Southern District,Haiwee LAA #2 Current Flow,241.1
2026-08-02 05:43:36,Southern District,Haiwee LAA #1 Current Flow,0.0
2026-08-02 05:43:36,Southern District,LAA #1 Flow at Fairmont Reservoir,413.0
2026-08-02 05:43:36,Southern District,LAA #2 Flow at Fairmont Res.,254.7
2026-08-02 05:43:36,Southern District,Bouquet Reservoir Inflow,89.6
2026-08-02 05:43:36,Southern District,Bouquet Reservoir Outflow,0.6
2026-08-02 05:43:36,Southern District,LAA #1 at Soledad Flow,268.9
2026-08-02 05:43:36,Southern District,LAA #2 at Soledad Flow,296.8
2026-08-02 05:43:37,Mono Basin,Mono Lk. Elevation,6382.4
2026-08-02 05:43:37,Mono Basin,Grant Lk. Elevation,7130.1
2026-08-02 05:43:37,Long Valley,Long Valley Elevation,6774.5
2026-08-02 05:43:37,Northern Owens Valley,Pleasant Valley Elevation,4385.5
2026-08-02 05:43:37,Southern Owens Valley,LAA at Alabama Level,7.8
2026-08-02 05:43:37,Southern Owens Valley,LAA at Alabama Water Temp,71.9
2026-08-02 05:43:37,Southern Owens Valley,LAA at Cottonwood Level,9.2
2026-08-02 05:43:37,Southern Owens Valley,LAA at Cotton. Water Temp,72.8
2026-08-02 05:43:37,Southern Owens Valley,N. Haiwee Elevation,3757.1
2026-08-02 05:43:37,Southern Owens Valley,S. Haiwee Reservoir Elevation,3727.6
2026-08-02 05:43:37,Southern District,S. Haiwee Reservoir Elevation,3727.6
2026-08-02 05:43:37,Southern District,Fairmont Reservoir Elevation,3027.0
2026-08-02 05:43:37,Southern District,Bouquet Reservoir Elevation,2982.6
2026-08-02 05:58:37,Northern Owens Valley,Tinemaha Elevation,3860.9
2026-08-02 05:58:37,Southern Owens Valley,Tinemaha Elevation,3860.9
2026-08-02 06:28:38,Northern Owens Valley,Tinemaha Elevation,3860.9
2026-08-02 06:28:38,Southern Owens Valley,Tinemaha Elevation,3860.9
2026-08-02 06:43:36,Mono Basin,Lee Vining Intake Above Flow,34.9
2026-08-02 06:43:36,Mono Basin,Lee Vining Intake Below Flow,30.5
2026-08-02 06:43:36,Mono Basin,Walker Ck. Above Conduit Flow,5.0
2026-08-02 06:43:36,Mono Basin,L.V. Conduit Below Intake Flow,3.8
2026-08-02 06:43:36,Mono Basin,Walker Ck. Under Conduit Flow,5.0
2026-08-02 06:43:36,Mono Basin,Parker Ck. Under Conduit Flow,15.0
2026-08-02 06:43:36,Mono Basin,Parker Ck. Above Conduit Flow,16.0
2026-08-02 06:43:36,Mono Basin,Grant Lk. Spill Flow,3.5
2026-08-02 06:43:36,Mono Basin,Mono Gate 1 Return Ditch Flow,40.8
2026-08-02 06:43:36,Mono Basin,Grant Lk. Outflow,41.0
2026-08-02 06:43:36,Mono Basin,Rush Ck. at Damsite Flow,52.2
2026-08-02 06:43:36,Mono Basin,Flow to West Portal,0.0
2026-08-02 06:43:36,Long Valley,East Portal Flow,12.0
2026-08-02 06:43:36,Long Valley,OR Below EP Flow,57.0
2026-08-02 06:43:36,Long Valley,Hot Ck.at Hwy. Flow,11.0
2026-08-02 06:43:36,Long Valley,McGee Ck. Lower Sta. Flow,7.5
2026-08-02 06:43:36,Long Valley,Long Valley Current Outflow,585.2
2026-08-02 06:43:36,Long Valley,Rock Ck. Div. Flow,0.4
2026-08-02 06:43:36,Long Valley,Upper Gorge Total Release,38.9
2026-08-02 06:43:36,Long Valley,Release at Middle Gorge,0.0
2026-08-02 06:43:36,Northern Owens Valley,Rock Ck. At Owens River (PV) Flow,27.1
2026-08-02 06:43:36,Northern Owens Valley,Pleasant Valley Outflow,424.1
2026-08-02 06:43:36,Northern Owens Valley,Baker Ck. At LA Station Flow,6.5
2026-08-02 06:43:36,Northern Owens Valley,Big Pine Ck. USGS Flow,51.0
2026-08-02 06:43:36,Northern Owens Valley,O.R. Below Big Pine,424.9
2026-08-02 06:43:36,Northern Owens Valley,Fish Springs At RR Flow,36.1
2026-08-02 06:43:36,Northern Owens Valley,Tinemaha Reservoir Outflow,475.0
2026-08-02 06:43:36,Northern Owens Valley,Bishop Creek Through Plant 6,99.6
2026-08-02 06:43:36,Northern Owens Valley,Bishop Creek Around Plant 6,8.6
2026-08-02 06:43:36,Southern Owens Valley,Tinemaha Reservoir Outflow,475.0
2026-08-02 06:43:36,Southern Owens Valley,Indep. Ck. At Junction Flow,9.3
2026-08-02 06:43:36,Southern Owens Valley,LAA at Alabama Flow,396.0
2026-08-02 06:43:36,Southern Owens Valley,Cottonwood Ck. At LAA Flow,0.0
2026-08-02 06:43:36,Southern Owens Valley,LAA at Cottonwood Flow,483.0
2026-08-02 06:43:36,Southern Owens Valley,Haiwee LAA #1 Current Flow,0.0
2026-08-02 06:43:36,Southern Owens Valley,Haiwee LAA #2 Current Flow,240.8
2026-08-02 06:43:36,Southern Owens Valley,Reinhackel Flow,3.0
2026-08-02 06:43:36,Southern Owens Valley,Lubkin Spillgate Outflow,0.0
2026-08-02 06:43:36,Southern Owens Valley,Cartago Spillgate Outflow,10.8
2026-08-02 06:43:36,Southern Owens Valley,Lone Pine Creek Flow,15.4
2026-08-02 06:43:36,Lower Owens River Project,LORP Intake Flow,81.0
2026-08-02 06:43:36,Lower Owens River Project,LORP at Mazourka Canyon Road,0.0
2026-08-02 06:43:36,Lower Owens River Project,LORP at Reinhackle Springs,73.0
2026-08-02 06:43:36,Lower Owens River Project,LORP Above Pumpstation,51.0
2026-08-02 06:43:36,Lower Owens River Project,LORP At Pump Station Discharge Flow,49.0
2026-08-02 06:43:36,Southern District,Haiwee LAA #2 Current Flow,240.8
2026-08-02 06:43:36,Southern District,Haiwee LAA #1 Current Flow,0.0
2026-08-02 06:43:36,Southern District,LAA #1 Flow at Fairmont Reservoir,414.3
2026-08-02 06:43:36,Southern District,LAA #2 Flow at Fairmont Res.,254.4
2026-08-02 06:43:36,Southern District,Bouquet Reservoir Inflow,95.4
2026-08-02 06:43:36,Southern District,Bouquet Reservoir Outflow,0.5
2026-08-02 06:43:36,Southern District,LAA #1 at Soledad Flow,267.7
2026-08-02 06:43:36,Southern District,LAA #2 at Soledad Flow,296.7
2026-08-02 06:43:37,Mono Basin,Mono Lk. Elevation,6382.4
2026-08-02 06:43:37,Mono Basin,Grant Lk. Elevation,7130.1
2026-08-02 06:43:37,Long Valley,Long Valley Elevation,6774.5
2026-08-02 06:43:37,Northern Owens Valley,Pleasant Valley Elevation,4385.7
2026-08-02 06:43:37,Southern Owens Valley,LAA at Alabama Level,7.8
2026-08-02 06:43:37,Southern Owens Valley,LAA at Alabama Water Temp,71.9
2026-08-02 06:43:37,Southern Owens Valley,LAA at Cottonwood Level,9.2
2026-08-02 06:43:37,Southern Owens Valley,LAA at Cotton. Water Temp,72.5
2026-08-02 06:43:37,Southern Owens Valley,N. Haiwee Elevation,3757.1
2026-08-02 06:43:37,Southern Owens Valley,S. Haiwee Reservoir Elevation,3727.6
2026-08-02 06:43:37,Southern District,S. Haiwee Reservoir Elevation,3727.6
2026-08-02 06:43:37,Southern District,Fairmont Reservoir Elevation,3026.9
2026-08-02 06:43:37,Southern District,Bouquet Reservoir Elevation,2982.6
2026-08-02 06:58:37,Northern Owens Valley,Tinemaha Elevation,3860.9
2026-08-02 06:58:37,Southern Owens Valley,Tinemaha Elevation,3860.9
2026-08-02 07:28:36,Northern Owens Valley,Tinemaha Elevation,3860.9
2026-08-02 07:28:36,Southern Owens Valley,Tinemaha Elevation,3860.9
2026-08-02 07:43:36,Mono Basin,Lee Vining Intake Above Flow,35.7
2026-08-02 07:43:36,Mono Basin,Lee Vining Intake Below Flow,30.5
2026-08-02 07:43:36,Mono Basin,Walker Ck. Above Conduit Flow,5.0
2026-08-02 07:43:36,Mono Basin,L.V. Conduit Below Intake Flow,3.8
2026-08-02 07:43:36,Mono Basin,Walker Ck. Under Conduit Flow,5.0
2026-08-02 07:43:36,Mono Basin,Parker Ck. Under Conduit Flow,15.0
2026-08-02 07:43:36,Mono Basin,Parker Ck. Above Conduit Flow,16.0
2026-08-02 07:43:36,Mono Basin,Grant Lk. Spill Flow,3.5
2026-08-02 07:43:36,Mono Basin,Mono Gate 1 Return Ditch Flow,40.7
2026-08-02 07:43:36,Mono Basin,Grant Lk. Outflow,41.0
2026-08-02 07:43:36,Mono Basin,Rush Ck. at Damsite Flow,52.2
2026-08-02 07:43:36,Mono Basin,Flow to West Portal,0.0
2026-08-02 07:43:36,Long Valley,East Portal Flow,12.0
2026-08-02 07:43:36,Long Valley,OR Below EP Flow,57.0
2026-08-02 07:43:36,Long Valley,Hot Ck.at Hwy. Flow,11.0
2026-08-02 07:43:36,Long Valley,McGee Ck. Lower Sta. Flow,7.5
2026-08-02 07:43:36,Long Valley,Long Valley Current Outflow,587.7
2026-08-02 07:43:36,Long Valley,Rock Ck. Div. Flow,0.4
2026-08-02 07:43:36,Long Valley,Upper Gorge Total Release,40.1
2026-08-02 07:43:36,Long Valley,Release at Middle Gorge,0.0
2026-08-02 07:43:36,Northern Owens Valley,Rock Ck. At Owens River (PV) Flow,27.3
2026-08-02 07:43:36,Northern Owens Valley,Pleasant Valley Outflow,426.3
2026-08-02 07:43:36,Northern Owens Valley,Baker Ck. At LA Station Flow,6.5
2026-08-02 07:43:36,Northern Owens Valley,Big Pine Ck. USGS Flow,51.0
2026-08-02 07:43:36,Northern Owens Valley,O.R. Below Big Pine,426.4
2026-08-02 07:43:36,Northern Owens Valley,Fish Springs At RR Flow,36.1
2026-08-02 07:43:36,Northern Owens Valley,Tinemaha Reservoir Outflow,475.0
2026-08-02 07:43:36,Northern Owens Valley,Bishop Creek Through Plant 6,103.0
2026-08-02 07:43:36,Northern Owens Valley,Bishop Creek Around Plant 6,8.4
2026-08-02 07:43:36,Southern Owens Valley,Tinemaha Reservoir Outflow,475.0
2026-08-02 07:43:36,Southern Owens Valley,Indep. Ck. At Junction Flow,9.3
2026-08-02 07:43:36,Southern Owens Valley,LAA at Alabama Flow,396.0
2026-08-02 07:43:36,Southern Owens Valley,Cottonwood Ck. At LAA Flow,0.0
2026-08-02 07:43:36,Southern Owens Valley,LAA at Cottonwood Flow,482.0
2026-08-02 07:43:36,Southern Owens Valley,Haiwee LAA #1 Current Flow,0.0
2026-08-02 07:43:36,Southern Owens Valley,Haiwee LAA #2 Current Flow,240.8
2026-08-02 07:43:36,Southern Owens Valley,Reinhackel Flow,3.0
2026-08-02 07:43:36,Southern Owens Valley,Lubkin Spillgate Outflow,0.0
2026-08-02 07:43:36,Southern Owens Valley,Cartago Spillgate Outflow,11.2
2026-08-02 07:43:36,Southern Owens Valley,Lone Pine Creek Flow,15.5
2026-08-02 07:43:36,Lower Owens River Project,LORP Intake Flow,80.0
2026-08-02 07:43:36,Lower Owens River Project,LORP at Mazourka Canyon Road,0.0
2026-08-02 07:43:36,Lower Owens River Project,LORP at Reinhackle Springs,72.0
2026-08-02 07:43:36,Lower Owens River Project,LORP Above Pumpstation,40.0
2026-08-02 07:43:36,Lower Owens River Project,LORP At Pump Station Discharge Flow,37.0
2026-08-02 07:43:36,Southern District,Haiwee LAA #2 Current Flow,240.8
2026-08-02 07:43:36,Southern District,Haiwee LAA #1 Current Flow,0.0
2026-08-02 07:43:36,Southern District,LAA #1 Flow at Fairmont Reservoir,412.5
2026-08-02 07:43:36,Southern District,LAA #2 Flow at Fairmont Res.,254.5
2026-08-02 07:43:36,Southern District,Bouquet Reservoir Inflow,85.1
2026-08-02 07:43:36,Southern District,Bouquet Reservoir Outflow,0.5
2026-08-02 07:43:36,Southern District,LAA #1 at Soledad Flow,268.0
2026-08-02 07:43:36,Southern District,LAA #2 at Soledad Flow,296.7
2026-08-02 07:43:37,Mono Basin,Mono Lk. Elevation,6382.4
2026-08-02 07:43:37,Mono Basin,Grant Lk. Elevation,7130.1
2026-08-02 07:43:37,Long Valley,Long Valley Elevation,6774.5
2026-08-02 07:43:37,Northern Owens Valley,Pleasant Valley Elevation,4385.9
2026-08-02 07:43:37,Southern Owens Valley,LAA at Alabama Level,7.8
2026-08-02 07:43:37,Southern Owens Valley,LAA at Alabama Water Temp,71.9
2026-08-02 07:43:37,Southern Owens Valley,LAA at Cottonwood Level,9.2
2026-08-02 07:43:37,Southern Owens Valley,LAA at Cotton. Water Temp,72.3
2026-08-02 07:43:37,Southern Owens Valley,N. Haiwee Elevation,3757.1
2026-08-02 07:43:37,Southern Owens Valley,S. Haiwee Reservoir Elevation,3727.6
2026-08-02 07:43:37,Southern District,S. Haiwee Reservoir Elevation,3727.6
2026-08-02 07:43:37,Southern District,Fairmont Reservoir Elevation,3026.8
2026-08-02 07:43:37,Southern District,Bouquet Reservoir Elevation,2982.6
2026-08-02 07:58:37,Northern Owens Valley,Tinemaha Elevation,3860.9
2026-08-02 07:58:37,Southern Owens Valley,Tinemaha Elevation,3860.9
2026-08-02 08:28:36,Northern Owens Valley,Tinemaha Elevation,3860.9
2026-08-02 08:28:36,Southern Owens Valley,Tinemaha Elevation,3860.9
2026-08-02 08:43:36,Mono Basin,Lee Vining Intake Above Flow,35.9
2026-08-02 08:43:36,Mono Basin,Lee Vining Intake Below Flow,30.8
2026-08-02 08:43:36,Mono Basin,Walker Ck. Above Conduit Flow,5.0
2026-08-02 08:43:36,Mono Basin,L.V. Conduit Below Intake Flow,3.9
2026-08-02 08:43:36,Mono Basin,Walker Ck. Under Conduit Flow,5.0
2026-08-02 08:43:36,Mono Basin,Parker Ck. Under Conduit Flow,15.0
2026-08-02 08:43:36,Mono Basin,Parker Ck. Above Conduit Flow,16.0
2026-08-02 08:43:36,Mono Basin,Grant Lk. Spill Flow,3.5
2026-08-02 08:43:36,Mono Basin,Mono Gate 1 Return Ditch Flow,40.5
2026-08-02 08:43:36,Mono Basin,Grant Lk. Outflow,40.9
2026-08-02 08:43:36,Mono Basin,Rush Ck. at Damsite Flow,52.2
2026-08-02 08:43:36,Mono Basin,Flow to West Portal,0.0
2026-08-02 08:43:36,Long Valley,East Portal Flow,12.0
2026-08-02 08:43:36,Long Valley,OR Below EP Flow,57.0
2026-08-02 08:43:36,Long Valley,Hot Ck.at Hwy. Flow,11.0
2026-08-02 08:43:36,Long Valley,McGee Ck. Lower Sta. Flow,7.5
2026-08-02 08:43:36,Long Valley,Long Valley Current Outflow,0.7
2026-08-02 08:43:36,Long Valley,Rock Ck. Div. Flow,0.4
2026-08-02 08:43:36,Long Valley,Upper Gorge Total Release,39.0
2026-08-02 08:43:36,Long Valley,Release at Middle Gorge,0.0
2026-08-02 08:43:36,Northern Owens Valley,Rock Ck. At Owens River (PV) Flow,27.3
2026-08-02 08:43:36,Northern Owens Valley,Pleasant Valley Outflow,425.8
2026-08-02 08:43:36,Northern Owens Valley,Baker Ck. At LA Station Flow,6.5
2026-08-02 08:43:36,Northern Owens Valley,Big Pine Ck. USGS Flow,51.3
2026-08-02 08:43:36,Northern Owens Valley,O.R. Below Big Pine,428.1
2026-08-02 08:43:36,Northern Owens Valley,Fish Springs At RR Flow,36.1
2026-08-02 08:43:36,Northern Owens Valley,Tinemaha Reservoir Outflow,475.0
2026-08-02 08:43:36,Northern Owens Valley,Bishop Creek Through Plant 6,101.5
2026-08-02 08:43:36,Northern Owens Valley,Bishop Creek Around Plant 6,8.1
2026-08-02 08:43:36,Southern Owens Valley,Tinemaha Reservoir Outflow,475.0
2026-08-02 08:43:36,Southern Owens Valley,Indep. Ck. At Junction Flow,9.3
2026-08-02 08:43:36,Southern Owens Valley,LAA at Alabama Flow,396.0
2026-08-02 08:43:36,Southern Owens Valley,Cottonwood Ck. At LAA Flow,0.0
2026-08-02 08:43:36,Southern Owens Valley,LAA at Cottonwood Flow,481.0
2026-08-02 08:43:36,Southern Owens Valley,Haiwee LAA #1 Current Flow,0.0
2026-08-02 08:43:36,Southern Owens Valley,Haiwee LAA #2 Current Flow,240.6
2026-08-02 08:43:36,Southern Owens Valley,Reinhackel Flow,3.0
2026-08-02 08:43:36,Southern Owens Valley,Lubkin Spillgate Outflow,0.0
2026-08-02 08:43:36,Southern Owens Valley,Cartago Spillgate Outflow,11.0
2026-08-02 08:43:36,Southern Owens Valley,Lone Pine Creek Flow,15.7
2026-08-02 08:43:36,Lower Owens River Project,LORP Intake Flow,80.0
2026-08-02 08:43:36,Lower Owens River Project,LORP at Mazourka Canyon Road,0.0
2026-08-02 08:43:36,Lower Owens River Project,LORP at Reinhackle Springs,77.0
2026-08-02 08:43:36,Lower Owens River Project,LORP Above Pumpstation,51.0
2026-08-02 08:43:36,Lower Owens River Project,LORP At Pump Station Discharge Flow,48.0
2026-08-02 08:43:36,Southern District,Haiwee LAA #2 Current Flow,240.6
2026-08-02 08:43:36,Southern District,Haiwee LAA #1 Current Flow,0.0
2026-08-02 08:43:36,Southern District,LAA #1 Flow at Fairmont Reservoir,409.2
2026-08-02 08:43:36,Southern District,LAA #2 Flow at Fairmont Res.,254.4
2026-08-02 08:43:36,Southern District,Bouquet Reservoir Inflow,46.1
2026-08-02 08:43:36,Southern District,Bouquet Reservoir Outflow,0.5
2026-08-02 08:43:36,Southern District,LAA #1 at Soledad Flow,268.0
2026-08-02 08:43:36,Southern District,LAA #2 at Soledad Flow,296.7
2026-08-02 08:43:37,Mono Basin,Mono Lk. Elevation,6382.4
2026-08-02 08:43:37,Mono Basin,Grant Lk. Elevation,7130.1
2026-08-02 08:43:37,Long Valley,Long Valley Elevation,6774.5
2026-08-02 08:43:37,Northern Owens Valley,Pleasant Valley Elevation,4385.9
2026-08-02 08:43:37,Southern Owens Valley,LAA at Alabama Level,7.8
2026-08-02 08:43:37,Southern Owens Valley,LAA at Alabama Water Temp,71.9
2026-08-02 08:43:37,Southern Owens Valley,LAA at Cottonwood Level,9.1
2026-08-02 08:43:37,Southern Owens Valley,LAA at Cotton. Water Temp,72.3
2026-08-02 08:43:37,Southern Owens Valley,N. Haiwee Elevation,3757.1
2026-08-02 08:43:37,Southern Owens Valley,S. Haiwee Reservoir Elevation,3727.6
2026-08-02 08:43:37,Southern District,S. Haiwee Reservoir Elevation,3727.6
2026-08-02 08:43:37,Southern District,Fairmont Reservoir Elevation,3026.6
2026-08-02 08:43:37,Southern District,Bouquet Reservoir Elevation,2982.6
2026-08-02 08:58:36,Northern Owens Valley,Tinemaha Elevation,3860.9
2026-08-02 08:58:36,Southern Owens Valley,Tinemaha Elevation,3860.9
2026-08-02 09:13:36,Mono Basin,Lee Vining Intake Above Flow,35.8
2026-08-02 09:13:36,Mono Basin,Lee Vining Intake Below Flow,30.3
2026-08-02 09:13:36,Mono Basin,Walker Ck. Above Conduit Flow,5.0
2026-08-02 09:13:36,Mono Basin,L.V. Conduit Below Intake Flow,3.9
2026-08-02 09:13:36,Mono Basin,Walker Ck. Under Conduit Flow,5.0
2026-08-02 09:13:36,Mono Basin,Parker Ck. Under Conduit Flow,15.0
2026-08-02 09:13:36,Mono Basin,Parker Ck. Above Conduit Flow,17.0
2026-08-02 09:13:36,Mono Basin,Grant Lk. Spill Flow,3.5
2026-08-02 09:13:36,Mono Basin,Mono Gate 1 Return Ditch Flow,40.5
2026-08-02 09:13:36,Mono Basin,Grant Lk. Outflow,40.9
2026-08-02 09:13:36,Mono Basin,Rush Ck. at Damsite Flow,52.2
2026-08-02 09:13:36,Mono Basin,Flow to West Portal,0.0
2026-08-02 09:13:36,Long Valley,East Portal Flow,12.0
2026-08-02 09:13:36,Long Valley,OR Below EP Flow,57.0
2026-08-02 09:13:36,Long Valley,Hot Ck.at Hwy. Flow,11.0
2026-08-02 09:13:36,Long Valley,McGee Ck. Lower Sta. Flow,7.5
2026-08-02 09:13:36,Long Valley,Long Valley Current Outflow,0.0
2026-08-02 09:13:36,Long Valley,Rock Ck. Div. Flow,0.4
2026-08-02 09:13:36,Long Valley,Upper Gorge Total Release,39.0
2026-08-02 09:13:36,Long Valley,Release at Middle Gorge,0.0
2026-08-02 09:13:36,Northern Owens Valley,Rock Ck. At Owens River (PV) Flow,27.3
2026-08-02 09:13:36,Northern Owens Valley,Pleasant Valley Outflow,424.4
2026-08-02 09:13:36,Northern Owens Valley,Baker Ck. At LA Station Flow,6.5
2026-08-02 09:13:36,Northern Owens Valley,Big Pine Ck. USGS Flow,51.3
2026-08-02 09:13:36,Northern Owens Valley,O.R. Below Big Pine,428.6
2026-08-02 09:13:36,Northern Owens Valley,Fish Springs At RR Flow,36.1
2026-08-02 09:13:36,Northern Owens Valley,Tinemaha Reservoir Outflow,474.2
2026-08-02 09:13:36,Northern Owens Valley,Bishop Creek Through Plant 6,101.6
2026-08-02 09:13:36,Northern Owens Valley,Bishop Creek Around Plant 6,8.1
2026-08-02 09:13:36,Southern Owens Valley,Tinemaha Reservoir Outflow,474.2
2026-08-02 09:13:36,Southern Owens Valley,Indep. Ck. At Junction Flow,9.3
2026-08-02 09:13:36,Southern Owens Valley,LAA at Alabama Flow,396.0
2026-08-02 09:13:36,Southern Owens Valley,Cottonwood Ck. At LAA Flow,0.0
2026-08-02 09:13:36,Southern Owens Valley,LAA at Cottonwood Flow,480.0
2026-08-02 09:13:36,Southern Owens Valley,Haiwee LAA #1 Current Flow,0.0
2026-08-02 09:13:36,Southern Owens Valley,Haiwee LAA #2 Current Flow,240.6
2026-08-02 09:13:36,Southern Owens Valley,Reinhackel Flow,3.0
2026-08-02 09:13:36,Southern Owens Valley,Lubkin Spillgate Outflow,0.0
2026-08-02 09:13:36,Southern Owens Valley,Cartago Spillgate Outflow,11.6
2026-08-02 09:13:36,Southern Owens Valley,Lone Pine Creek Flow,15.7
2026-08-02 09:13:36,Lower Owens River Project,LORP Intake Flow,80.0
2026-08-02 09:13:36,Lower Owens River Project,LORP at Mazourka Canyon Road,0.0
2026-08-02 09:13:36,Lower Owens River Project,LORP at Reinhackle Springs,77.0
2026-08-02 09:13:36,Lower Owens River Project,LORP Above Pumpstation,51.0
2026-08-02 09:13:36,Lower Owens River Project,LORP At Pump Station Discharge Flow,48.0
2026-08-02 09:13:36,Southern District,Haiwee LAA #2 Current Flow,240.6
2026-08-02 09:13:36,Southern District,Haiwee LAA #1 Current Flow,0.0
2026-08-02 09:13:36,Southern District,LAA #1 Flow at Fairmont Reservoir,414.6
2026-08-02 09:13:36,Southern District,LAA #2 Flow at Fairmont Res.,254.6
2026-08-02 09:13:36,Southern District,Bouquet Reservoir Inflow,92.7
2026-08-02 09:13:36,Southern District,Bouquet Reservoir Outflow,0.5
2026-08-02 09:13:36,Southern District,LAA #1 at Soledad Flow,268.0
2026-08-02 09:13:36,Southern District,LAA #2 at Soledad Flow,296.7
2026-08-02 09:13:37,Mono Basin,Mono Lk. Elevation,6382.4
2026-08-02 09:13:37,Mono Basin,Grant Lk. Elevation,7130.1
2026-08-02 09:13:37,Long Valley,Long Valley Elevation,6774.5
2026-08-02 09:13:37,Northern Owens Valley,Pleasant Valley Elevation,4385.7
2026-08-02 09:13:37,Southern Owens Valley,LAA at Alabama Level,7.8
2026-08-02 09:13:37,Southern Owens Valley,LAA at Alabama Water Temp,71.9
2026-08-02 09:13:37,Southern Owens Valley,LAA at Cottonwood Level,9.1
2026-08-02 09:13:37,Southern Owens Valley,LAA at Cotton. Water Temp,72.5
2026-08-02 09:13:37,Southern Owens Valley,N. Haiwee Elevation,3757.1
2026-08-02 09:13:37,Southern Owens Valley,S. Haiwee Reservoir Elevation,3727.6
2026-08-02 09:13:37,Southern District,S. Haiwee Reservoir Elevation,3727.6
2026-08-02 09:13:37,Southern District,Fairmont Reservoir Elevation,3026.6
2026-08-02 09:13:37,Southern District,Bouquet Reservoir Elevation,2982.6
2026-08-02 09:28:36,Mono Basin,Lee Vining Intake Above Flow,35.8
2026-08-02 09:28:36,Mono Basin,Lee Vining Intake Below Flow,30.3
2026-08-02 09:28:36,Mono Basin,Walker Ck. Above Conduit Flow,5.0
2026-08-02 09:28:36,Mono Basin,L.V. Conduit Below Intake Flow,3.9
2026-08-02 09:28:36,Mono Basin,Walker Ck. Under Conduit Flow,5.0
2026-08-02 09:28:36,Mono Basin,Parker Ck. Under Conduit Flow,15.0
2026-08-02 09:28:36,Mono Basin,Parker Ck. Above Conduit Flow,17.0
2026-08-02 09:28:36,Mono Basin,Grant Lk. Spill Flow,3.5
2026-08-02 09:28:36,Mono Basin,Mono Gate 1 Return Ditch Flow,40.5
2026-08-02 09:28:36,Mono Basin,Grant Lk. Outflow,41.4
2026-08-02 09:28:36,Mono Basin,Rush Ck. at Damsite Flow,52.2
2026-08-02 09:28:36,Mono Basin,Flow to West Portal,0.0
2026-08-02 09:28:36,Long Valley,East Portal Flow,12.0
2026-08-02 09:28:36,Long Valley,OR Below EP Flow,57.0
2026-08-02 09:28:36,Long Valley,Hot Ck.at Hwy. Flow,11.0
2026-08-02 09:28:36,Long Valley,McGee Ck. Lower Sta. Flow,7.5
2026-08-02 09:28:36,Long Valley,Long Valley Current Outflow,0.0
2026-08-02 09:28:36,Long Valley,Rock Ck. Div. Flow,0.4
2026-08-02 09:28:36,Long Valley,Upper Gorge Total Release,39.6
2026-08-02 09:28:36,Long Valley,Release at Middle Gorge,0.0
2026-08-02 09:28:36,Northern Owens Valley,Rock Ck. At Owens River (PV) Flow,27.3
2026-08-02 09:28:36,Northern Owens Valley,Pleasant Valley Outflow,424.5
2026-08-02 09:28:36,Northern Owens Valley,Baker Ck. At LA Station Flow,6.5
2026-08-02 09:28:36,Northern Owens Valley,Big Pine Ck. USGS Flow,51.3
2026-08-02 09:28:36,Northern Owens Valley,O.R. Below Big Pine,429.0
2026-08-02 09:28:36,Northern Owens Valley,Fish Springs At RR Flow,36.1
2026-08-02 09:28:36,Northern Owens Valley,Tinemaha Reservoir Outflow,474.2
2026-08-02 09:28:36,Northern Owens Valley,Bishop Creek Through Plant 6,101.6
2026-08-02 09:28:36,Northern Owens Valley,Bishop Creek Around Plant 6,8.1
2026-08-02 09:28:36,Southern Owens Valley,Tinemaha Reservoir Outflow,474.2
2026-08-02 09:28:36,Southern Owens Valley,Indep. Ck. At Junction Flow,9.3
2026-08-02 09:28:36,Southern Owens Valley,LAA at Alabama Flow,396.0
2026-08-02 09:28:36,Southern Owens Valley,Cottonwood Ck. At LAA Flow,0.0
2026-08-02 09:28:36,Southern Owens Valley,LAA at Cottonwood Flow,480.0
2026-08-02 09:28:36,Southern Owens Valley,Haiwee LAA #1 Current Flow,0.0
2026-08-02 09:28:36,Southern Owens Valley,Haiwee LAA #2 Current Flow,240.6
2026-08-02 09:28:36,Southern Owens Valley,Reinhackel Flow,3.0
2026-08-02 09:28:36,Southern Owens Valley,Lubkin Spillgate Outflow,0.0
2026-08-02 09:28:36,Southern Owens Valley,Cartago Spillgate Outflow,12.6
2026-08-02 09:28:36,Southern Owens Valley,Lone Pine Creek Flow,15.7
2026-08-02 09:28:36,Lower Owens River Project,LORP Intake Flow,80.0
2026-08-02 09:28:36,Lower Owens River Project,LORP at Mazourka Canyon Road,0.0
2026-08-02 09:28:36,Lower Owens River Project,LORP at Reinhackle Springs,77.0
2026-08-02 09:28:36,Lower Owens River Project,LORP Above Pumpstation,51.0
2026-08-02 09:28:36,Lower Owens River Project,LORP At Pump Station Discharge Flow,48.0
2026-08-02 09:28:36,Southern District,Haiwee LAA #2 Current Flow,240.6
2026-08-02 09:28:36,Southern District,Haiwee LAA #1 Current Flow,0.0
2026-08-02 09:28:36,Southern District,LAA #1 Flow at Fairmont Reservoir,412.8
2026-08-02 09:28:36,Southern District,LAA #2 Flow at Fairmont Res.,254.7
2026-08-02 09:28:36,Southern District,Bouquet Reservoir Inflow,94.4
2026-08-02 09:28:36,Southern District,Bouquet Reservoir Outflow,0.5
2026-08-02 09:28:36,Southern District,LAA #1 at Soledad Flow,268.0
2026-08-02 09:28:36,Southern District,LAA #2 at Soledad Flow,296.7
2026-08-02 09:28:37,Mono Basin,Mono Lk. Elevation,6382.4
2026-08-02 09:28:37,Mono Basin,Grant Lk. Elevation,7130.1
2026-08-02 09:28:37,Long Valley,Long Valley Elevation,6774.5
2026-08-02 09:28:37,Northern Owens Valley,Pleasant Valley Elevation,4385.7
2026-08-02 09:28:37,Northern Owens Valley,Tinemaha Elevation,3860.9
2026-08-02 09:28:37,Southern Owens Valley,Tinemaha Elevation,3860.9
2026-08-02 09:28:37,Southern Owens Valley,LAA at Alabama Level,7.8
2026-08-02 09:28:37,Southern Owens Valley,LAA at Alabama Water Temp,71.9
2026-08-02 09:28:37,Southern Owens Valley,LAA at Cottonwood Level,9.1
2026-08-02 09:28:37,Southern Owens Valley,LAA at Cotton. Water Temp,72.5
2026-08-02 09:28:37,Southern Owens Valley,N. Haiwee Elevation,3757.1
2026-08-02 09:28:37,Southern Owens Valley,S. Haiwee Reservoir Elevation,3727.6
2026-08-02 09:28:37,Southern District,S. Haiwee Reservoir Elevation,3727.6
2026-08-02 09:28:37,Southern District,Fairmont Reservoir Elevation,3026.5
2026-08-02 09:28:37,Southern District,Bouquet Reservoir Elevation,2982.6
2026-08-02 09:43:36,Long Valley,McGee Ck. Lower Sta. Flow,7.5
2026-08-02 09:43:36,Long Valley,Long Valley Current Outflow,0.0
2026-08-02 09:43:36,Long Valley,Rock Ck. Div. Flow,0.4
2026-08-02 09:43:36,Northern Owens Valley,Rock Ck. At Owens River (PV) Flow,27.3
2026-08-02 09:43:36,Northern Owens Valley,Pleasant Valley Outflow,423.2
2026-08-02 09:43:36,Northern Owens Valley,Baker Ck. At LA Station Flow,6.5
2026-08-02 09:43:36,Northern Owens Valley,Big Pine Ck. USGS Flow,51.3
2026-08-02 09:43:36,Northern Owens Valley,O.R. Below Big Pine,429.3
2026-08-02 09:43:36,Northern Owens Valley,Fish Springs At RR Flow,36.1
2026-08-02 09:43:36,Northern Owens Valley,Tinemaha Reservoir Outflow,474.2
2026-08-02 09:43:36,Northern Owens Valley,Bishop Creek Through Plant 6,101.6
2026-08-02 09:43:36,Northern Owens Valley,Bishop Creek Around Plant 6,8.1
2026-08-02 09:43:36,Southern Owens Valley,Tinemaha Reservoir Outflow,474.2
2026-08-02 09:43:36,Southern Owens Valley,Indep. Ck. At Junction Flow,9.3
2026-08-02 09:43:36,Southern Owens Valley,LAA at Alabama Flow,396.0
2026-08-02 09:43:36,Southern Owens Valley,Cottonwood Ck. At LAA Flow,0.0
2026-08-02 09:43:36,Southern Owens Valley,LAA at Cottonwood Flow,478.0
2026-08-02 09:43:36,Southern Owens Valley,Haiwee LAA #1 Current Flow,0.0
2026-08-02 09:43:36,Southern Owens Valley,Haiwee LAA #2 Current Flow,240.6
2026-08-02 09:43:36,Southern Owens Valley,Reinhackel Flow,3.0
2026-08-02 09:43:36,Southern Owens Valley,Lubkin Spillgate Outflow,0.0
2026-08-02 09:43:36,Southern Owens Valley,Cartago Spillgate Outflow,12.6
2026-08-02 09:43:36,Southern Owens Valley,Lone Pine Creek Flow,15.6
2026-08-02 09:43:36,Lower Owens River Project,LORP Intake Flow,80.0
2026-08-02 09:43:36,Lower Owens River Project,LORP at Mazourka Canyon Road,0.0
2026-08-02 09:43:36,Lower Owens River Project,LORP at Reinhackle Springs,77.0
2026-08-02 09:43:36,Lower Owens River Project,LORP Above Pumpstation,51.0
2026-08-02 09:43:36,Lower Owens River Project,LORP At Pump Station Discharge Flow,48.0
2026-08-02 09:43:36,Southern District,Haiwee LAA #2 Current Flow,240.6
2026-08-02 09:43:36,Southern District,Haiwee LAA #1 Current Flow,0.0
2026-08-02 09:43:37,Mono Basin,Lee Vining Intake Above Flow,36.0
2026-08-02 09:43:37,Mono Basin,Lee Vining Intake Below Flow,30.4
2026-08-02 09:43:37,Mono Basin,Mono Lk. Elevation,6382.4
2026-08-02 09:43:37,Mono Basin,Walker Ck. Above Conduit Flow,5.0
2026-08-02 09:43:37,Mono Basin,L.V. Conduit Below Intake Flow,4.1
2026-08-02 09:43:37,Mono Basin,Walker Ck. Under Conduit Flow,5.0
2026-08-02 09:43:37,Mono Basin,Parker Ck. Under Conduit Flow,15.0
2026-08-02 09:43:37,Mono Basin,Parker Ck. Above Conduit Flow,17.0
2026-08-02 09:43:37,Mono Basin,Grant Lk. Spill Flow,3.5
2026-08-02 09:43:37,Mono Basin,Mono Gate 1 Return Ditch Flow,40.5
2026-08-02 09:43:37,Mono Basin,Grant Lk. Elevation,7130.1
2026-08-02 09:43:37,Mono Basin,Grant Lk. Outflow,41.4
2026-08-02 09:43:37,Mono Basin,Rush Ck. at Damsite Flow,52.2
2026-08-02 09:43:37,Mono Basin,Flow to West Portal,0.0
2026-08-02 09:43:37,Long Valley,East Portal Flow,12.0
2026-08-02 09:43:37,Long Valley,OR Below EP Flow,57.0
2026-08-02 09:43:37,Long Valley,Hot Ck.at Hwy. Flow,11.0
2026-08-02 09:43:37,Long Valley,Long Valley Elevation,6774.5
2026-08-02 09:43:37,Long Valley,Upper Gorge Total Release,39.5
2026-08-02 09:43:37,Long Valley,Release at Middle Gorge,0.0
2026-08-02 09:43:37,Northern Owens Valley,Pleasant Valley Elevation,4385.6
2026-08-02 09:43:37,Southern Owens Valley,LAA at Alabama Level,7.8
2026-08-02 09:43:37,Southern Owens Valley,LAA at Alabama Water Temp,71.9
2026-08-02 09:43:37,Southern Owens Valley,LAA at Cottonwood Level,9.1
2026-08-02 09:43:37,Southern Owens Valley,LAA at Cotton. Water Temp,72.7
2026-08-02 09:43:37,Southern Owens Valley,N. Haiwee Elevation,3757.1
2026-08-02 09:43:37,Southern Owens Valley,S. Haiwee Reservoir Elevation,3727.6
2026-08-02 09:43:37,Southern District,S. Haiwee Reservoir Elevation,3727.6
2026-08-02 09:43:37,Southern District,Fairmont Reservoir Elevation,3026.5
2026-08-02 09:43:37,Southern District,LAA #1 Flow at Fairmont Reservoir,413.0
2026-08-02 09:43:37,Southern District,LAA #2 Flow at Fairmont Res.,254.7
2026-08-02 09:43:37,Southern District,Bouquet Reservoir Elevation,2982.6
2026-08-02 09:43:37,Southern District,Bouquet Reservoir Inflow,88.7
2026-08-02 09:43:37,Southern District,Bouquet Reservoir Outflow,0.5
2026-08-02 09:43:37,Southern District,LAA #1 at Soledad Flow,268.0
2026-08-02 09:43:37,Southern District,LAA #2 at Soledad Flow,296.7
2026-08-02 09:58:37,Mono Basin,Lee Vining Intake Above Flow,36.0
2026-08-02 09:58:37,Mono Basin,Lee Vining Intake Below Flow,30.4
2026-08-02 09:58:37,Mono Basin,Mono Lk. Elevation,6382.4
2026-08-02 09:58:37,Mono Basin,Walker Ck. Above Conduit Flow,5.0
2026-08-02 09:58:37,Mono Basin,L.V. Conduit Below Intake Flow,4.1
2026-08-02 09:58:37,Mono Basin,Walker Ck. Under Conduit Flow,5.0
2026-08-02 09:58:37,Mono Basin,Parker Ck. Under Conduit Flow,15.0
2026-08-02 09:58:37,Mono Basin,Parker Ck. Above Conduit Flow,17.0
2026-08-02 09:58:37,Mono Basin,Grant Lk. Spill Flow,3.5
2026-08-02 09:58:37,Mono Basin,Mono Gate 1 Return Ditch Flow,40.5
2026-08-02 09:58:37,Mono Basin,Grant Lk. Elevation,7130.1
2026-08-02 09:58:37,Mono Basin,Grant Lk. Outflow,41.4
2026-08-02 09:58:37,Mono Basin,Rush Ck. at Damsite Flow,52.2
2026-08-02 09:58:37,Mono Basin,Flow to West Portal,0.0
2026-08-02 09:58:37,Long Valley,East Portal Flow,12.0
2026-08-02 09:58:37,Long Valley,OR Below EP Flow,57.0
2026-08-02 09:58:37,Long Valley,Hot Ck.at Hwy. Flow,11.0
2026-08-02 09:58:37,Long Valley,McGee Ck. Lower Sta. Flow,7.5
2026-08-02 09:58:37,Long Valley,Long Valley Elevation,6774.5
2026-08-02 09:58:37,Long Valley,Long Valley Current Outflow,0.0
2026-08-02 09:58:37,Long Valley,Rock Ck. Div. Flow,0.4
2026-08-02 09:58:37,Long Valley,Upper Gorge Total Release,40.4
2026-08-02 09:58:37,Long Valley,Release at Middle Gorge,0.0
2026-08-02 09:58:37,Northern Owens Valley,Rock Ck. At Owens River (PV) Flow,27.3
2026-08-02 09:58:37,Northern Owens Valley,Pleasant Valley Elevation,4385.5
2026-08-02 09:58:37,Northern Owens Valley,Pleasant Valley Outflow,421.8
2026-08-02 09:58:37,Northern Owens Valley,Baker Ck. At LA Station Flow,6.5
2026-08-02 09:58:37,Northern Owens Valley,Big Pine Ck. USGS Flow,51.3
2026-08-02 09:58:37,Northern Owens Valley,O.R. Below Big Pine,430.0
2026-08-02 09:58:37,Northern Owens Valley,Fish Springs At RR Flow,36.1
2026-08-02 09:58:37,Northern Owens Valley,Tinemaha Elevation,3860.9
2026-08-02 09:58:37,Northern Owens Valley,Tinemaha Reservoir Outflow,474.2
2026-08-02 09:58:37,Northern Owens Valley,Bishop Creek Through Plant 6,99.7
2026-08-02 09:58:37,Northern Owens Valley,Bishop Creek Around Plant 6,8.0
2026-08-02 09:58:37,Southern Owens Valley,Tinemaha Elevation,3860.9
2026-08-02 09:58:37,Southern Owens Valley,Tinemaha Reservoir Outflow,474.2
2026-08-02 09:58:37,Southern Owens Valley,Indep. Ck. At Junction Flow,9.3
2026-08-02 09:58:37,Southern Owens Valley,LAA at Alabama Flow,396.0
2026-08-02 09:58:37,Southern Owens Valley,LAA at Alabama Level,7.8
2026-08-02 09:58:37,Southern Owens Valley,LAA at Alabama Water Temp,71.9
2026-08-02 09:58:37,Southern Owens Valley,Cottonwood Ck. At LAA Flow,0.0
2026-08-02 09:58:37,Southern Owens Valley,LAA at Cottonwood Flow,478.0
2026-08-02 09:58:37,Southern Owens Valley,LAA at Cottonwood Level,9.1
2026-08-02 09:58:37,Southern Owens Valley,LAA at Cotton. Water Temp,72.7
2026-08-02 09:58:37,Southern Owens Valley,N. Haiwee Elevation,3757.1
2026-08-02 09:58:37,Southern Owens Valley,S. Haiwee Reservoir Elevation,3727.6
2026-08-02 09:58:37,Southern Owens Valley,Haiwee LAA #1 Current Flow,0.0
2026-08-02 09:58:37,Southern Owens Valley,Haiwee LAA #2 Current Flow,240.6
2026-08-02 09:58:37,Southern Owens Valley,Reinhackel Flow,3.0
2026-08-02 09:58:37,Southern Owens Valley,Lubkin Spillgate Outflow,0.0
2026-08-02 09:58:37,Southern Owens Valley,Cartago Spillgate Outflow,12.0
2026-08-02 09:58:37,Southern Owens Valley,Lone Pine Creek Flow,15.6
2026-08-02 09:58:37,Lower Owens River Project,LORP Intake Flow,80.0
2026-08-02 09:58:37,Lower Owens River Project,LORP at Mazourka Canyon Road,0.0
2026-08-02 09:58:37,Lower Owens River Project,LORP at Reinhackle Springs,77.0
2026-08-02 09:58:37,Lower Owens River Project,LORP Above Pumpstation,51.0
2026-08-02 09:58:37,Lower Owens River Project,LORP At Pump Station Discharge Flow,48.0
2026-08-02 09:58:37,Southern District,Haiwee LAA #2 Current Flow,240.6
2026-08-02 09:58:37,Southern District,S. Haiwee Reservoir Elevation,3727.6
2026-08-02 09:58:37,Southern District,Haiwee LAA #1 Current Flow,0.0
2026-08-02 09:58:37,Southern District,Fairmont Reservoir Elevation,3026.5
2026-08-02 09:58:37,Southern District,LAA #1 Flow at Fairmont Reservoir,414.0
2026-08-02 09:58:37,Southern District,LAA #2 Flow at Fairmont Res.,254.5
2026-08-02 09:58:37,Southern District,Bouquet Reservoir Elevation,2982.6
2026-08-02 09:58:37,Southern District,Bouquet Reservoir Inflow,93.1
2026-08-02 09:58:37,Southern District,Bouquet Reservoir Outflow,0.5
2026-08-02 09:58:37,Southern District,LAA #1 at Soledad Flow,268.0
2026-08-02 09:58:37,Southern District,LAA #2 at Soledad Flow,296.7
2026-08-02 10:13:37,Mono Basin,Lee Vining Intake Above Flow,36.8
2026-08-02 10:13:37,Mono Basin,Lee Vining Intake Below Flow,30.6
2026-08-02 10:13:37,Mono Basin,Walker Ck. Above Conduit Flow,5.0
2026-08-02 10:13:37,Mono Basin,L.V. Conduit Below Intake Flow,4.1
2026-08-02 10:13:37,Mono Basin,Walker Ck. Under Conduit Flow,5.0
2026-08-02 10:13:37,Mono Basin,Parker Ck. Under Conduit Flow,15.0
2026-08-02 10:13:37,Mono Basin,Parker Ck. Above Conduit Flow,17.0
2026-08-02 10:13:37,Mono Basin,Grant Lk. Spill Flow,3.5
2026-08-02 10:13:37,Mono Basin,Mono Gate 1 Return Ditch Flow,40.5
2026-08-02 10:13:37,Mono Basin,Grant Lk. Outflow,41.4
2026-08-02 10:13:37,Mono Basin,Rush Ck. at Damsite Flow,52.2
2026-08-02 10:13:37,Mono Basin,Flow to West Portal,0.0
2026-08-02 10:13:37,Long Valley,East Portal Flow,12.0
2026-08-02 10:13:37,Long Valley,OR Below EP Flow,57.0
2026-08-02 10:13:37,Long Valley,Hot Ck.at Hwy. Flow,11.0
2026-08-02 10:13:37,Long Valley,McGee Ck. Lower Sta. Flow,7.5
2026-08-02 10:13:37,Long Valley,Long Valley Current Outflow,0.0
2026-08-02 10:13:37,Long Valley,Rock Ck. Div. Flow,0.3
2026-08-02 10:13:37,Long Valley,Upper Gorge Total Release,39.0
2026-08-02 10:13:37,Long Valley,Release at Middle Gorge,0.0
2026-08-02 10:13:37,Northern Owens Valley,Rock Ck. At Owens River (PV) Flow,27.3
2026-08-02 10:13:37,Northern Owens Valley,Pleasant Valley Outflow,421.7
2026-08-02 10:13:37,Northern Owens Valley,Baker Ck. At LA Station Flow,6.5
2026-08-02 10:13:37,Northern Owens Valley,Big Pine Ck. USGS Flow,51.3
2026-08-02 10:13:37,Northern Owens Valley,O.R. Below Big Pine,430.3
2026-08-02 10:13:37,Northern Owens Valley,Fish Springs At RR Flow,36.1
2026-08-02 10:13:37,Northern Owens Valley,Tinemaha Reservoir Outflow,475.0
2026-08-02 10:13:37,Northern Owens Valley,Bishop Creek Through Plant 6,99.6
2026-08-02 10:13:37,Northern Owens Valley,Bishop Creek Around Plant 6,7.9
2026-08-02 10:13:37,Southern Owens Valley,Tinemaha Reservoir Outflow,475.0
2026-08-02 10:13:37,Southern Owens Valley,Indep. Ck. At Junction Flow,9.3
2026-08-02 10:13:37,Southern Owens Valley,LAA at Alabama Flow,396.0
2026-08-02 10:13:37,Southern Owens Valley,Cottonwood Ck. At LAA Flow,0.0
2026-08-02 10:13:37,Southern Owens Valley,LAA at Cottonwood Flow,478.0
2026-08-02 10:13:37,Southern Owens Valley,Haiwee LAA #1 Current Flow,0.0
2026-08-02 10:13:37,Southern Owens Valley,Haiwee LAA #2 Current Flow,241.0
2026-08-02 10:13:37,Southern Owens Valley,Reinhackel Flow,3.0
2026-08-02 10:13:37,Southern Owens Valley,Lubkin Spillgate Outflow,0.0
2026-08-02 10:13:37,Southern Owens Valley,Cartago Spillgate Outflow,0.7
2026-08-02 10:13:37,Southern Owens Valley,Lone Pine Creek Flow,15.6
2026-08-02 10:13:37,Lower Owens River Project,LORP Intake Flow,80.0
2026-08-02 10:13:37,Lower Owens River Project,LORP at Mazourka Canyon Road,0.0
2026-08-02 10:13:37,Lower Owens River Project,LORP at Reinhackle Springs,77.0
2026-08-02 10:13:37,Lower Owens River Project,LORP Above Pumpstation,51.0
2026-08-02 10:13:37,Lower Owens River Project,LORP At Pump Station Discharge Flow,48.0
2026-08-02 10:13:37,Southern District,Haiwee LAA #2 Current Flow,241.0
2026-08-02 10:13:37,Southern District,Haiwee LAA #1 Current Flow,0.0
2026-08-02 10:13:37,Southern District,LAA #1 Flow at Fairmont Reservoir,414.0
2026-08-02 10:13:37,Southern District,LAA #2 Flow at Fairmont Res.,254.6
2026-08-02 10:13:37,Southern District,Bouquet Reservoir Inflow,93.0
2026-08-02 10:13:37,Southern District,Bouquet Reservoir Outflow,0.5
2026-08-02 10:13:37,Southern District,LAA #1 at Soledad Flow,268.0
2026-08-02 10:13:37,Southern District,LAA #2 at Soledad Flow,296.7
2026-08-02 10:13:38,Mono Basin,Mono Lk. Elevation,6382.4
2026-08-02 10:13:38,Mono Basin,Grant Lk. Elevation,7130.1
2026-08-02 10:13:38,Long Valley,Long Valley Elevation,6774.5
2026-08-02 10:13:38,Northern Owens Valley,Pleasant Valley Elevation,4385.4
2026-08-02 10:13:38,Southern Owens Valley,LAA at Alabama Level,7.8
2026-08-02 10:13:38,Southern Owens Valley,LAA at Alabama Water Temp,71.9
2026-08-02 10:13:38,Southern Owens Valley,LAA at Cottonwood Level,9.1
2026-08-02 10:13:38,Southern Owens Valley,LAA at Cotton. Water Temp,72.9
2026-08-02 10:13:38,Southern Owens Valley,N. Haiwee Elevation,3757.1
2026-08-02 10:13:38,Southern Owens Valley,S. Haiwee Reservoir Elevation,3727.6
2026-08-02 10:13:38,Southern District,S. Haiwee Reservoir Elevation,3727.6
2026-08-02 10:13:38,Southern District,Fairmont Reservoir Elevation,3026.4
2026-08-02 10:13:38,Southern District,Bouquet Reservoir Elevation,2982.6
2026-08-02 10:28:37,Mono Basin,Lee Vining Intake Above Flow,36.8
2026-08-02 10:28:37,Mono Basin,Lee Vining Intake Below Flow,30.6
2026-08-02 10:28:37,Mono Basin,Walker Ck. Above Conduit Flow,5.0
2026-08-02 10:28:37,Mono Basin,L.V. Conduit Below Intake Flow,4.1
2026-08-02 10:28:37,Mono Basin,Walker Ck. Under Conduit Flow,5.0
2026-08-02 10:28:37,Mono Basin,Parker Ck. Under Conduit Flow,15.0
2026-08-02 10:28:37,Mono Basin,Parker Ck. Above Conduit Flow,17.0
2026-08-02 10:28:37,Mono Basin,Grant Lk. Spill Flow,3.5
2026-08-02 10:28:37,Mono Basin,Mono Gate 1 Return Ditch Flow,40.6
2026-08-02 10:28:37,Mono Basin,Grant Lk. Outflow,40.7
2026-08-02 10:28:37,Mono Basin,Rush Ck. at Damsite Flow,52.2
2026-08-02 10:28:37,Mono Basin,Flow to West Portal,0.0
2026-08-02 10:28:37,Long Valley,East Portal Flow,12.0
2026-08-02 10:28:37,Long Valley,OR Below EP Flow,57.0
2026-08-02 10:28:37,Long Valley,Hot Ck.at Hwy. Flow,11.0
2026-08-02 10:28:37,Long Valley,McGee Ck. Lower Sta. Flow,7.5
2026-08-02 10:28:37,Long Valley,Long Valley Current Outflow,0.0
2026-08-02 10:28:37,Long Valley,Rock Ck. Div. Flow,0.3
2026-08-02 10:28:37,Long Valley,Upper Gorge Total Release,38.4
2026-08-02 10:28:37,Long Valley,Release at Middle Gorge,0.0
2026-08-02 10:28:37,Northern Owens Valley,Rock Ck. At Owens River (PV) Flow,27.3
2026-08-02 10:28:37,Northern Owens Valley,Pleasant Valley Outflow,419.4
2026-08-02 10:28:37,Northern Owens Valley,Baker Ck. At LA Station Flow,6.5
2026-08-02 10:28:37,Northern Owens Valley,Big Pine Ck. USGS Flow,51.3
2026-08-02 10:28:37,Northern Owens Valley,O.R. Below Big Pine,430.3
2026-08-02 10:28:37,Northern Owens Valley,Fish Springs At RR Flow,36.1
2026-08-02 10:28:37,Northern Owens Valley,Tinemaha Reservoir Outflow,475.0
2026-08-02 10:28:37,Northern Owens Valley,Bishop Creek Through Plant 6,99.6
2026-08-02 10:28:37,Northern Owens Valley,Bishop Creek Around Plant 6,7.9
2026-08-02 10:28:37,Southern Owens Valley,Tinemaha Reservoir Outflow,475.0
2026-08-02 10:28:37,Southern Owens Valley,Indep. Ck. At Junction Flow,9.3
2026-08-02 10:28:37,Southern Owens Valley,LAA at Alabama Flow,396.0
2026-08-02 10:28:37,Southern Owens Valley,Cottonwood Ck. At LAA Flow,0.0
2026-08-02 10:28:37,Southern Owens Valley,LAA at Cottonwood Flow,478.0
2026-08-02 10:28:37,Southern Owens Valley,Haiwee LAA #1 Current Flow,0.0
2026-08-02 10:28:37,Southern Owens Valley,Haiwee LAA #2 Current Flow,241.0
2026-08-02 10:28:37,Southern Owens Valley,Reinhackel Flow,3.0
2026-08-02 10:28:37,Southern Owens Valley,Lubkin Spillgate Outflow,0.0
2026-08-02 10:28:37,Southern Owens Valley,Cartago Spillgate Outflow,1.2
2026-08-02 10:28:37,Southern Owens Valley,Lone Pine Creek Flow,15.6
2026-08-02 10:28:37,Lower Owens River Project,LORP Intake Flow,80.0
2026-08-02 10:28:37,Lower Owens River Project,LORP at Mazourka Canyon Road,0.0
2026-08-02 10:28:37,Lower Owens River Project,LORP at Reinhackle Springs,72.0
2026-08-02 10:28:37,Lower Owens River Project,LORP Above Pumpstation,40.0
2026-08-02 10:28:37,Lower Owens River Project,LORP At Pump Station Discharge Flow,37.0
2026-08-02 10:28:37,Southern District,Haiwee LAA #2 Current Flow,241.0
2026-08-02 10:28:37,Southern District,Haiwee LAA #1 Current Flow,0.0
2026-08-02 10:28:37,Southern District,LAA #1 Flow at Fairmont Reservoir,414.5
2026-08-02 10:28:37,Southern District,LAA #2 Flow at Fairmont Res.,254.7
2026-08-02 10:28:37,Southern District,Bouquet Reservoir Inflow,92.0
2026-08-02 10:28:37,Southern District,Bouquet Reservoir Outflow,0.5
2026-08-02 10:28:37,Southern District,LAA #1 at Soledad Flow,268.0
2026-08-02 10:28:37,Southern District,LAA #2 at Soledad Flow,297.3
2026-08-02 10:28:38,Mono Basin,Mono Lk. Elevation,6382.4
2026-08-02 10:28:38,Mono Basin,Grant Lk. Elevation,7130.1
2026-08-02 10:28:38,Long Valley,Long Valley Elevation,6774.5
2026-08-02 10:28:38,Northern Owens Valley,Pleasant Valley Elevation,4385.4
2026-08-02 10:28:38,Northern Owens Valley,Tinemaha Elevation,3860.9
2026-08-02 10:28:38,Southern Owens Valley,Tinemaha Elevation,3860.9
2026-08-02 10:28:38,Southern Owens Valley,LAA at Alabama Level,7.8
2026-08-02 10:28:38,Southern Owens Valley,LAA at Alabama Water Temp,71.9
2026-08-02 10:28:38,Southern Owens Valley,LAA at Cottonwood Level,9.1
2026-08-02 10:28:38,Southern Owens Valley,LAA at Cotton. Water Temp,72.9
2026-08-02 10:28:38,Southern Owens Valley,N. Haiwee Elevation,3757.1
2026-08-02 10:28:38,Southern Owens Valley,S. Haiwee Reservoir Elevation,3727.6
2026-08-02 10:28:38,Southern District,S. Haiwee Reservoir Elevation,3727.6
2026-08-02 10:28:38,Southern District,Fairmont Reservoir Elevation,3026.4
2026-08-02 10:28:38,Southern District,Bouquet Reservoir Elevation,2982.6
2026-08-02 10:43:37,Mono Basin,Lee Vining Intake Above Flow,35.8
2026-08-02 10:43:37,Mono Basin,Lee Vining Intake Below Flow,30.1
2026-08-02 10:43:37,Mono Basin,L.V. Conduit Below Intake Flow,4.3
2026-08-02 10:43:37,Mono Basin,Walker Ck. Under Conduit Flow,5.0
2026-08-02 10:43:37,Mono Basin,Parker Ck. Under Conduit Flow,15.0
2026-08-02 10:43:37,Mono Basin,Rush Ck. at Damsite Flow,52.2
2026-08-02 10:43:37,Long Valley,Hot Ck.at Hwy. Flow,11.0
2026-08-02 10:43:37,Long Valley,McGee Ck. Lower Sta. Flow,7.5
2026-08-02 10:43:37,Long Valley,Long Valley Current Outflow,0.0
2026-08-02 10:43:37,Long Valley,Rock Ck. Div. Flow,0.3
2026-08-02 10:43:37,Long Valley,Upper Gorge Total Release,39.6
2026-08-02 10:43:37,Long Valley,Release at Middle Gorge,0.0
2026-08-02 10:43:37,Northern Owens Valley,Rock Ck. At Owens River (PV) Flow,27.3
2026-08-02 10:43:37,Northern Owens Valley,Pleasant Valley Outflow,417.0
2026-08-02 10:43:37,Northern Owens Valley,Baker Ck. At LA Station Flow,6.5
2026-08-02 10:43:37,Northern Owens Valley,Big Pine Ck. USGS Flow,51.3
2026-08-02 10:43:37,Northern Owens Valley,O.R. Below Big Pine,430.8
2026-08-02 10:43:37,Northern Owens Valley,Fish Springs At RR Flow,36.1
2026-08-02 10:43:37,Northern Owens Valley,Tinemaha Reservoir Outflow,475.0
2026-08-02 10:43:37,Northern Owens Valley,Bishop Creek Through Plant 6,99.6
2026-08-02 10:43:37,Northern Owens Valley,Bishop Creek Around Plant 6,7.9
2026-08-02 10:43:37,Southern Owens Valley,Tinemaha Reservoir Outflow,475.0
2026-08-02 10:43:37,Southern Owens Valley,Indep. Ck. At Junction Flow,9.3
2026-08-02 10:43:37,Southern Owens Valley,LAA at Alabama Flow,396.0
2026-08-02 10:43:37,Southern Owens Valley,Cottonwood Ck. At LAA Flow,0.0
2026-08-02 10:43:37,Southern Owens Valley,LAA at Cottonwood Flow,478.0
2026-08-02 10:43:37,Southern Owens Valley,Haiwee LAA #1 Current Flow,0.0
2026-08-02 10:43:37,Southern Owens Valley,Haiwee LAA #2 Current Flow,241.0
2026-08-02 10:43:37,Southern Owens Valley,Reinhackel Flow,3.0
2026-08-02 10:43:37,Southern Owens Valley,Lubkin Spillgate Outflow,0.0
2026-08-02 10:43:37,Southern Owens Valley,Cartago Spillgate Outflow,1.2
2026-08-02 10:43:37,Southern Owens Valley,Lone Pine Creek Flow,15.5
2026-08-02 10:43:37,Lower Owens River Project,LORP Intake Flow,80.0
2026-08-02 10:43:37,Lower Owens River Project,LORP at Mazourka Canyon Road,0.0
2026-08-02 10:43:37,Lower Owens River Project,LORP at Reinhackle Springs,72.0
2026-08-02 10:43:37,Lower Owens River Project,LORP Above Pumpstation,40.0
2026-08-02 10:43:37,Lower Owens River Project,LORP At Pump Station Discharge Flow,37.0
2026-08-02 10:43:37,Southern District,Haiwee LAA #2 Current Flow,241.0
2026-08-02 10:43:37,Southern District,Haiwee LAA #1 Current Flow,0.0
2026-08-02 10:43:38,Mono Basin,Mono Lk. Elevation,6382.4
2026-08-02 10:43:38,Mono Basin,Walker Ck. Above Conduit Flow,5.0
2026-08-02 10:43:38,Mono Basin,Parker Ck. Above Conduit Flow,17.0
2026-08-02 10:43:38,Mono Basin,Grant Lk. Spill Flow,3.5
2026-08-02 10:43:38,Mono Basin,Mono Gate 1 Return Ditch Flow,40.6
2026-08-02 10:43:38,Mono Basin,Grant Lk. Elevation,7130.1
2026-08-02 10:43:38,Mono Basin,Grant Lk. Outflow,40.7
2026-08-02 10:43:38,Mono Basin,Flow to West Portal,0.0
2026-08-02 10:43:38,Long Valley,East Portal Flow,12.0
2026-08-02 10:43:38,Long Valley,OR Below EP Flow,57.0
2026-08-02 10:43:38,Long Valley,Long Valley Elevation,6774.5
2026-08-02 10:43:38,Northern Owens Valley,Pleasant Valley Elevation,4385.3
2026-08-02 10:43:38,Southern Owens Valley,LAA at Alabama Level,7.8
2026-08-02 10:43:38,Southern Owens Valley,LAA at Alabama Water Temp,71.9
2026-08-02 10:43:38,Southern Owens Valley,LAA at Cottonwood Level,9.1
2026-08-02 10:43:38,Southern Owens Valley,LAA at Cotton. Water Temp,73.2
2026-08-02 10:43:38,Southern Owens Valley,N. Haiwee Elevation,3757.0
2026-08-02 10:43:38,Southern Owens Valley,S. Haiwee Reservoir Elevation,3727.6
2026-08-02 10:43:38,Southern District,S. Haiwee Reservoir Elevation,3727.6
2026-08-02 10:43:38,Southern District,Fairmont Reservoir Elevation,3026.4
2026-08-02 10:43:38,Southern District,LAA #1 Flow at Fairmont Reservoir,413.0
2026-08-02 10:43:38,Southern District,LAA #2 Flow at Fairmont Res.,254.7
2026-08-02 10:43:38,Southern District,Bouquet Reservoir Elevation,2982.6
2026-08-02 10:43:38,Southern District,Bouquet Reservoir Inflow,92.7
2026-08-02 10:43:38,Southern District,Bouquet Reservoir Outflow,0.5
2026-08-02 10:43:38,Southern District,LAA #1 at Soledad Flow,271.3
2026-08-02 10:43:38,Southern District,LAA #2 at Soledad Flow,297.3
2026-08-02 10:58:37,Mono Basin,Lee Vining Intake Above Flow,35.8
2026-08-02 10:58:37,Mono Basin,Lee Vining Intake Below Flow,30.1
2026-08-02 10:58:37,Mono Basin,Walker Ck. Above Conduit Flow,5.0
2026-08-02 10:58:37,Mono Basin,L.V. Conduit Below Intake Flow,4.3
2026-08-02 10:58:37,Mono Basin,Walker Ck. Under Conduit Flow,5.0
2026-08-02 10:58:37,Mono Basin,Parker Ck. Under Conduit Flow,15.0
2026-08-02 10:58:37,Mono Basin,Parker Ck. Above Conduit Flow,17.0
2026-08-02 10:58:37,Mono Basin,Grant Lk. Spill Flow,3.5
2026-08-02 10:58:37,Mono Basin,Mono Gate 1 Return Ditch Flow,40.4
2026-08-02 10:58:37,Mono Basin,Grant Lk. Outflow,40.8
2026-08-02 10:58:37,Mono Basin,Rush Ck. at Damsite Flow,52.2
2026-08-02 10:58:37,Mono Basin,Flow to West Portal,0.0
2026-08-02 10:58:37,Long Valley,East Portal Flow,12.0
2026-08-02 10:58:37,Long Valley,OR Below EP Flow,57.0
2026-08-02 10:58:37,Long Valley,Hot Ck.at Hwy. Flow,11.0
2026-08-02 10:58:37,Long Valley,McGee Ck. Lower Sta. Flow,7.5
2026-08-02 10:58:37,Long Valley,Long Valley Current Outflow,0.0
2026-08-02 10:58:37,Long Valley,Rock Ck. Div. Flow,0.3
2026-08-02 10:58:37,Long Valley,Upper Gorge Total Release,39.6
2026-08-02 10:58:37,Long Valley,Release at Middle Gorge,0.0
2026-08-02 10:58:37,Northern Owens Valley,Rock Ck. At Owens River (PV) Flow,27.3
2026-08-02 10:58:37,Northern Owens Valley,Pleasant Valley Outflow,413.2
2026-08-02 10:58:37,Northern Owens Valley,Baker Ck. At LA Station Flow,6.5
2026-08-02 10:58:37,Northern Owens Valley,Big Pine Ck. USGS Flow,51.3
2026-08-02 10:58:37,Northern Owens Valley,O.R. Below Big Pine,430.9
2026-08-02 10:58:37,Northern Owens Valley,Fish Springs At RR Flow,36.1
2026-08-02 10:58:37,Northern Owens Valley,Tinemaha Reservoir Outflow,475.0
2026-08-02 10:58:37,Northern Owens Valley,Bishop Creek Through Plant 6,99.6
2026-08-02 10:58:37,Northern Owens Valley,Bishop Creek Around Plant 6,7.9
2026-08-02 10:58:37,Southern Owens Valley,Tinemaha Reservoir Outflow,475.0
2026-08-02 10:58:37,Southern Owens Valley,Indep. Ck. At Junction Flow,9.3
2026-08-02 10:58:37,Southern Owens Valley,LAA at Alabama Flow,396.0
2026-08-02 10:58:37,Southern Owens Valley,Cottonwood Ck. At LAA Flow,0.0
2026-08-02 10:58:37,Southern Owens Valley,LAA at Cottonwood Flow,478.0
2026-08-02 10:58:37,Southern Owens Valley,Haiwee LAA #1 Current Flow,0.0
2026-08-02 10:58:37,Southern Owens Valley,Haiwee LAA #2 Current Flow,241.0
2026-08-02 10:58:37,Southern Owens Valley,Reinhackel Flow,3.0
2026-08-02 10:58:37,Southern Owens Valley,Lubkin Spillgate Outflow,0.0
2026-08-02 10:58:37,Southern Owens Valley,Cartago Spillgate Outflow,1.7
2026-08-02 10:58:37,Southern Owens Valley,Lone Pine Creek Flow,15.5
2026-08-02 10:58:37,Lower Owens River Project,LORP Intake Flow,80.0
2026-08-02 10:58:37,Lower Owens River Project,LORP at Mazourka Canyon Road,0.0
2026-08-02 10:58:37,Lower Owens River Project,LORP at Reinhackle Springs,72.0
2026-08-02 10:58:37,Lower Owens River Project,LORP Above Pumpstation,41.0
2026-08-02 10:58:37,Lower Owens River Project,LORP At Pump Station Discharge Flow,37.0
2026-08-02 10:58:37,Southern District,Haiwee LAA #2 Current Flow,241.0
2026-08-02 10:58:37,Southern District,Haiwee LAA #1 Current Flow,0.0
2026-08-02 10:58:37,Southern District,LAA #1 Flow at Fairmont Reservoir,412.9
2026-08-02 10:58:37,Southern District,LAA #2 Flow at Fairmont Res.,254.5
2026-08-02 10:58:37,Southern District,Bouquet Reservoir Inflow,92.5
2026-08-02 10:58:37,Southern District,Bouquet Reservoir Outflow,0.5
2026-08-02 10:58:37,Southern District,LAA #1 at Soledad Flow,271.3
2026-08-02 10:58:37,Southern District,LAA #2 at Soledad Flow,297.3
2026-08-02 10:58:38,Mono Basin,Mono Lk. Elevation,6382.4
2026-08-02 10:58:38,Mono Basin,Grant Lk. Elevation,7130.1
2026-08-02 10:58:38,Long Valley,Long Valley Elevation,6774.5
2026-08-02 10:58:38,Northern Owens Valley,Pleasant Valley Elevation,4385.2
2026-08-02 10:58:38,Northern Owens Valley,Tinemaha Elevation,3860.9
2026-08-02 10:58:38,Southern Owens Valley,Tinemaha Elevation,3860.9
2026-08-02 10:58:38,Southern Owens Valley,LAA at Alabama Level,7.8
2026-08-02 10:58:38,Southern Owens Valley,LAA at Alabama Water Temp,71.9
2026-08-02 10:58:38,Southern Owens Valley,LAA at Cottonwood Level,9.1
2026-08-02 10:58:38,Southern Owens Valley,LAA at Cotton. Water Temp,73.3
2026-08-02 10:58:38,Southern Owens Valley,N. Haiwee Elevation,3757.0
2026-08-02 10:58:38,Southern Owens Valley,S. Haiwee Reservoir Elevation,3727.6
2026-08-02 10:58:38,Southern District,S. Haiwee Reservoir Elevation,3727.6
2026-08-02 10:58:38,Southern District,Fairmont Reservoir Elevation,3026.3
2026-08-02 10:58:38,Southern District,Bouquet Reservoir Elevation,2982.6
2026-08-02 11:13:38,Mono Basin,Lee Vining Intake Above Flow,36.2
2026-08-02 11:13:38,Mono Basin,Lee Vining Intake Below Flow,30.1
2026-08-02 11:13:38,Mono Basin,Mono Lk. Elevation,6382.4
2026-08-02 11:13:38,Mono Basin,Walker Ck. Above Conduit Flow,5.0
2026-08-02 11:13:38,Mono Basin,L.V. Conduit Below Intake Flow,4.4
2026-08-02 11:13:38,Mono Basin,Walker Ck. Under Conduit Flow,5.0
2026-08-02 11:13:38,Mono Basin,Parker Ck. Under Conduit Flow,15.0
2026-08-02 11:13:38,Mono Basin,Parker Ck. Above Conduit Flow,17.0
2026-08-02 11:13:38,Mono Basin,Grant Lk. Spill Flow,3.5
2026-08-02 11:13:38,Mono Basin,Mono Gate 1 Return Ditch Flow,40.4
2026-08-02 11:13:38,Mono Basin,Grant Lk. Elevation,7130.1
2026-08-02 11:13:38,Mono Basin,Grant Lk. Outflow,40.8
2026-08-02 11:13:38,Mono Basin,Rush Ck. at Damsite Flow,52.2
2026-08-02 11:13:38,Mono Basin,Flow to West Portal,0.0
2026-08-02 11:13:38,Long Valley,East Portal Flow,12.0
2026-08-02 11:13:38,Long Valley,OR Below EP Flow,57.0
2026-08-02 11:13:38,Long Valley,Hot Ck.at Hwy. Flow,11.0
2026-08-02 11:13:38,Long Valley,McGee Ck. Lower Sta. Flow,7.5
2026-08-02 11:13:38,Long Valley,Long Valley Elevation,6774.5
2026-08-02 11:13:38,Long Valley,Long Valley Current Outflow,0.0
2026-08-02 11:13:38,Long Valley,Rock Ck. Div. Flow,0.3
2026-08-02 11:13:38,Long Valley,Upper Gorge Total Release,39.5
2026-08-02 11:13:38,Long Valley,Release at Middle Gorge,0.0
2026-08-02 11:13:38,Northern Owens Valley,Rock Ck. At Owens River (PV) Flow,27.3
2026-08-02 11:13:38,Northern Owens Valley,Pleasant Valley Elevation,4385.2
2026-08-02 11:13:38,Northern Owens Valley,Pleasant Valley Outflow,412.0
2026-08-02 11:13:38,Northern Owens Valley,Baker Ck. At LA Station Flow,6.5
2026-08-02 11:13:38,Northern Owens Valley,Big Pine Ck. USGS Flow,51.3
2026-08-02 11:13:38,Northern Owens Valley,O.R. Below Big Pine,431.0
2026-08-02 11:13:38,Northern Owens Valley,Fish Springs At RR Flow,36.1
2026-08-02 11:13:38,Northern Owens Valley,Tinemaha Reservoir Outflow,474.2
2026-08-02 11:13:38,Northern Owens Valley,Bishop Creek Through Plant 6,99.6
2026-08-02 11:13:38,Northern Owens Valley,Bishop Creek Around Plant 6,7.9
2026-08-02 11:13:38,Southern Owens Valley,Tinemaha Reservoir Outflow,474.2
2026-08-02 11:13:38,Southern Owens Valley,Indep. Ck. At Junction Flow,9.3
2026-08-02 11:13:38,Southern Owens Valley,LAA at Alabama Flow,396.0
2026-08-02 11:13:38,Southern Owens Valley,LAA at Alabama Level,7.8
2026-08-02 11:13:38,Southern Owens Valley,LAA at Alabama Water Temp,71.9
2026-08-02 11:13:38,Southern Owens Valley,Cottonwood Ck. At LAA Flow,0.0
2026-08-02 11:13:38,Southern Owens Valley,LAA at Cottonwood Flow,478.0
2026-08-02 11:13:38,Southern Owens Valley,LAA at Cottonwood Level,9.1
2026-08-02 11:13:38,Southern Owens Valley,LAA at Cotton. Water Temp,73.4
2026-08-02 11:13:38,Southern Owens Valley,N. Haiwee Elevation,3757.0
2026-08-02 11:13:38,Southern Owens Valley,S. Haiwee Reservoir Elevation,3727.6
2026-08-02 11:13:38,Southern Owens Valley,Haiwee LAA #1 Current Flow,0.0
2026-08-02 11:13:38,Southern Owens Valley,Haiwee LAA #2 Current Flow,241.0
2026-08-02 11:13:38,Southern Owens Valley,Reinhackel Flow,3.0
2026-08-02 11:13:38,Southern Owens Valley,Lubkin Spillgate Outflow,0.0
2026-08-02 11:13:38,Southern Owens Valley,Cartago Spillgate Outflow,1.7
2026-08-02 11:13:38,Southern Owens Valley,Lone Pine Creek Flow,15.4
2026-08-02 11:13:38,Lower Owens River Project,LORP Intake Flow,80.0
2026-08-02 11:13:38,Lower Owens River Project,LORP at Mazourka Canyon Road,0.0
2026-08-02 11:13:38,Lower Owens River Project,LORP at Reinhackle Springs,72.0
2026-08-02 11:13:38,Lower Owens River Project,LORP Above Pumpstation,42.0
2026-08-02 11:13:38,Lower Owens River Project,LORP At Pump Station Discharge Flow,38.0
2026-08-02 11:13:38,Southern District,Haiwee LAA #2 Current Flow,241.0
2026-08-02 11:13:38,Southern District,S. Haiwee Reservoir Elevation,3727.6
2026-08-02 11:13:38,Southern District,Haiwee LAA #1 Current Flow,0.0
2026-08-02 11:13:38,Southern District,Fairmont Reservoir Elevation,3026.3
2026-08-02 11:13:38,Southern District,LAA #1 Flow at Fairmont Reservoir,414.2
2026-08-02 11:13:38,Southern District,LAA #2 Flow at Fairmont Res.,254.6
2026-08-02 11:13:38,Southern District,Bouquet Reservoir Elevation,2982.6
2026-08-02 11:13:38,Southern District,Bouquet Reservoir Inflow,92.7
2026-08-02 11:13:38,Southern District,Bouquet Reservoir Outflow,0.5
2026-08-02 11:13:38,Southern District,LAA #1 at Soledad Flow,271.3
2026-08-02 11:13:38,Southern District,LAA #2 at Soledad Flow,297.3
2026-08-02 11:28:37,Mono Basin,Lee Vining Intake Above Flow,36.2
2026-08-02 11:28:37,Mono Basin,Lee Vining Intake Below Flow,30.1
2026-08-02 11:28:37,Mono Basin,Walker Ck. Above Conduit Flow,5.0
2026-08-02 11:28:37,Mono Basin,L.V. Conduit Below Intake Flow,4.4
2026-08-02 11:28:37,Mono Basin,Walker Ck. Under Conduit Flow,5.0
2026-08-02 11:28:37,Mono Basin,Parker Ck. Under Conduit Flow,15.0
2026-08-02 11:28:37,Mono Basin,Parker Ck. Above Conduit Flow,17.0
2026-08-02 11:28:37,Mono Basin,Grant Lk. Spill Flow,3.5
2026-08-02 11:28:37,Mono Basin,Mono Gate 1 Return Ditch Flow,40.6
2026-08-02 11:28:37,Mono Basin,Grant Lk. Outflow,41.1
2026-08-02 11:28:37,Mono Basin,Rush Ck. at Damsite Flow,52.2
2026-08-02 11:28:37,Mono Basin,Flow to West Portal,0.0
2026-08-02 11:28:37,Long Valley,East Portal Flow,12.0
2026-08-02 11:28:37,Long Valley,OR Below EP Flow,57.0
2026-08-02 11:28:37,Long Valley,Hot Ck.at Hwy. Flow,11.0
2026-08-02 11:28:37,Long Valley,McGee Ck. Lower Sta. Flow,7.5
2026-08-02 11:28:37,Long Valley,Long Valley Current Outflow,0.0
2026-08-02 11:28:37,Long Valley,Rock Ck. Div. Flow,0.3
2026-08-02 11:28:37,Long Valley,Upper Gorge Total Release,39.7
2026-08-02 11:28:37,Long Valley,Release at Middle Gorge,0.0
2026-08-02 11:28:37,Northern Owens Valley,Rock Ck. At Owens River (PV) Flow,27.3
2026-08-02 11:28:37,Northern Owens Valley,Pleasant Valley Outflow,410.4
2026-08-02 11:28:37,Northern Owens Valley,Baker Ck. At LA Station Flow,6.5
2026-08-02 11:28:37,Northern Owens Valley,Big Pine Ck. USGS Flow,51.3
2026-08-02 11:28:37,Northern Owens Valley,O.R. Below Big Pine,431.7
2026-08-02 11:28:37,Northern Owens Valley,Fish Springs At RR Flow,36.1
2026-08-02 11:28:37,Northern Owens Valley,Tinemaha Reservoir Outflow,474.2
2026-08-02 11:28:37,Northern Owens Valley,Bishop Creek Through Plant 6,99.6
2026-08-02 11:28:37,Northern Owens Valley,Bishop Creek Around Plant 6,7.9
2026-08-02 11:28:37,Southern Owens Valley,Tinemaha Reservoir Outflow,474.2
2026-08-02 11:28:37,Southern Owens Valley,Indep. Ck. At Junction Flow,9.3
2026-08-02 11:28:37,Southern Owens Valley,LAA at Alabama Flow,396.0
2026-08-02 11:28:37,Southern Owens Valley,Cottonwood Ck. At LAA Flow,0.0
2026-08-02 11:28:37,Southern Owens Valley,LAA at Cottonwood Flow,478.0
2026-08-02 11:28:37,Southern Owens Valley,Haiwee LAA #1 Current Flow,0.0
2026-08-02 11:28:37,Southern Owens Valley,Haiwee LAA #2 Current Flow,241.0
2026-08-02 11:28:37,Southern Owens Valley,Reinhackel Flow,3.0
2026-08-02 11:28:37,Southern Owens Valley,Lubkin Spillgate Outflow,0.0
2026-08-02 11:28:37,Southern Owens Valley,Cartago Spillgate Outflow,2.0
2026-08-02 11:28:37,Southern Owens Valley,Lone Pine Creek Flow,15.4
2026-08-02 11:28:37,Lower Owens River Project,LORP Intake Flow,80.0
2026-08-02 11:28:37,Lower Owens River Project,LORP at Mazourka Canyon Road,0.0
2026-08-02 11:28:37,Lower Owens River Project,LORP at Reinhackle Springs,70.0
2026-08-02 11:28:37,Lower Owens River Project,LORP Above Pumpstation,51.0
2026-08-02 11:28:37,Lower Owens River Project,LORP At Pump Station Discharge Flow,48.0
2026-08-02 11:28:37,Southern District,Haiwee LAA #2 Current Flow,241.0
2026-08-02 11:28:37,Southern District,Haiwee LAA #1 Current Flow,0.0
2026-08-02 11:28:37,Southern District,LAA #1 Flow at Fairmont Reservoir,414.1
2026-08-02 11:28:37,Southern District,LAA #2 Flow at Fairmont Res.,254.5
2026-08-02 11:28:37,Southern District,Bouquet Reservoir Inflow,93.0
2026-08-02 11:28:37,Southern District,Bouquet Reservoir Outflow,0.5
2026-08-02 11:28:37,Southern District,LAA #1 at Soledad Flow,271.3
2026-08-02 11:28:37,Southern District,LAA #2 at Soledad Flow,297.3
2026-08-02 11:28:38,Mono Basin,Mono Lk. Elevation,6382.4
2026-08-02 11:28:38,Mono Basin,Grant Lk. Elevation,7130.1
2026-08-02 11:28:38,Long Valley,Long Valley Elevation,6774.5
2026-08-02 11:28:38,Northern Owens Valley,Pleasant Valley Elevation,4385.1
2026-08-02 11:28:38,Northern Owens Valley,Tinemaha Elevation,3860.8
2026-08-02 11:28:38,Southern Owens Valley,Tinemaha Elevation,3860.8
2026-08-02 11:28:38,Southern Owens Valley,LAA at Alabama Level,7.8
2026-08-02 11:28:38,Southern Owens Valley,LAA at Alabama Water Temp,71.9
2026-08-02 11:28:38,Southern Owens Valley,LAA at Cottonwood Level,9.1
2026-08-02 11:28:38,Southern Owens Valley,LAA at Cotton. Water Temp,73.4
2026-08-02 11:28:38,Southern Owens Valley,N. Haiwee Elevation,3757.0
2026-08-02 11:28:38,Southern Owens Valley,S. Haiwee Reservoir Elevation,3727.6
2026-08-02 11:28:38,Southern District,S. Haiwee Reservoir Elevation,3727.6
2026-08-02 11:28:38,Southern District,Fairmont Reservoir Elevation,3026.2
2026-08-02 11:28:38,Southern District,Bouquet Reservoir Elevation,2982.6
2026-08-02 11:43:37,Mono Basin,Lee Vining Intake Above Flow,36.0
2026-08-02 11:43:37,Mono Basin,Lee Vining Intake Below Flow,30.1
2026-08-02 11:43:37,Mono Basin,Walker Ck. Above Conduit Flow,5.0
2026-08-02 11:43:37,Mono Basin,L.V. Conduit Below Intake Flow,4.4
2026-08-02 11:43:37,Mono Basin,Walker Ck. Under Conduit Flow,5.0
2026-08-02 11:43:37,Mono Basin,Parker Ck. Under Conduit Flow,15.0
2026-08-02 11:43:37,Mono Basin,Parker Ck. Above Conduit Flow,17.0
2026-08-02 11:43:37,Mono Basin,Grant Lk. Spill Flow,3.5
2026-08-02 11:43:37,Mono Basin,Mono Gate 1 Return Ditch Flow,40.6
2026-08-02 11:43:37,Mono Basin,Grant Lk. Outflow,41.1
2026-08-02 11:43:37,Mono Basin,Rush Ck. at Damsite Flow,52.2
2026-08-02 11:43:37,Mono Basin,Flow to West Portal,0.0
2026-08-02 11:43:37,Long Valley,East Portal Flow,12.0
2026-08-02 11:43:37,Long Valley,OR Below EP Flow,57.0
2026-08-02 11:43:37,Long Valley,Hot Ck.at Hwy. Flow,11.0
2026-08-02 11:43:37,Long Valley,McGee Ck. Lower Sta. Flow,7.5
2026-08-02 11:43:37,Long Valley,Long Valley Current Outflow,0.0
2026-08-02 11:43:37,Long Valley,Rock Ck. Div. Flow,0.3
2026-08-02 11:43:37,Long Valley,Upper Gorge Total Release,40.5
2026-08-02 11:43:37,Long Valley,Release at Middle Gorge,0.0
2026-08-02 11:43:37,Northern Owens Valley,Rock Ck. At Owens River (PV) Flow,27.3
2026-08-02 11:43:37,Northern Owens Valley,Pleasant Valley Outflow,409.1
2026-08-02 11:43:37,Northern Owens Valley,Baker Ck. At LA Station Flow,6.5
2026-08-02 11:43:37,Northern Owens Valley,Big Pine Ck. USGS Flow,51.3
2026-08-02 11:43:37,Northern Owens Valley,O.R. Below Big Pine,431.5
2026-08-02 11:43:37,Northern Owens Valley,Fish Springs At RR Flow,36.1
2026-08-02 11:43:37,Northern Owens Valley,Tinemaha Reservoir Outflow,474.2
2026-08-02 11:43:37,Northern Owens Valley,Bishop Creek Through Plant 6,99.6
2026-08-02 11:43:37,Northern Owens Valley,Bishop Creek Around Plant 6,7.9
2026-08-02 11:43:37,Southern Owens Valley,Tinemaha Reservoir Outflow,474.2
2026-08-02 11:43:37,Southern Owens Valley,Indep. Ck. At Junction Flow,9.3
2026-08-02 11:43:37,Southern Owens Valley,LAA at Alabama Flow,396.0
2026-08-02 11:43:37,Southern Owens Valley,Cottonwood Ck. At LAA Flow,0.0
2026-08-02 11:43:37,Southern Owens Valley,LAA at Cottonwood Flow,478.0
2026-08-02 11:43:37,Southern Owens Valley,Haiwee LAA #1 Current Flow,0.0
2026-08-02 11:43:37,Southern Owens Valley,Haiwee LAA #2 Current Flow,241.0
2026-08-02 11:43:37,Southern Owens Valley,Reinhackel Flow,3.0
2026-08-02 11:43:37,Southern Owens Valley,Lubkin Spillgate Outflow,0.0
2026-08-02 11:43:37,Southern Owens Valley,Cartago Spillgate Outflow,2.0
2026-08-02 11:43:37,Southern Owens Valley,Lone Pine Creek Flow,15.4
2026-08-02 11:43:37,Lower Owens River Project,LORP Intake Flow,81.0
2026-08-02 11:43:37,Lower Owens River Project,LORP at Mazourka Canyon Road,0.0
2026-08-02 11:43:37,Lower Owens River Project,LORP at Reinhackle Springs,70.0
2026-08-02 11:43:37,Lower Owens River Project,LORP Above Pumpstation,51.0
2026-08-02 11:43:37,Lower Owens River Project,LORP At Pump Station Discharge Flow,48.0
2026-08-02 11:43:37,Southern District,Haiwee LAA #2 Current Flow,241.0
2026-08-02 11:43:37,Southern District,Haiwee LAA #1 Current Flow,0.0
2026-08-02 11:43:37,Southern District,LAA #1 Flow at Fairmont Reservoir,413.4
2026-08-02 11:43:37,Southern District,LAA #2 Flow at Fairmont Res.,254.5
2026-08-02 11:43:37,Southern District,Bouquet Reservoir Inflow,92.8
2026-08-02 11:43:37,Southern District,Bouquet Reservoir Outflow,0.5
2026-08-02 11:43:37,Southern District,LAA #1 at Soledad Flow,271.3
2026-08-02 11:43:37,Southern District,LAA #2 at Soledad Flow,297.3
2026-08-02 11:43:38,Mono Basin,Mono Lk. Elevation,6382.4
2026-08-02 11:43:38,Mono Basin,Grant Lk. Elevation,7130.1
2026-08-02 11:43:38,Long Valley,Long Valley Elevation,6774.5
2026-08-02 11:43:38,Northern Owens Valley,Pleasant Valley Elevation,4385.0
2026-08-02 11:43:38,Southern Owens Valley,LAA at Alabama Level,7.8
2026-08-02 11:43:38,Southern Owens Valley,LAA at Alabama Water Temp,71.9
2026-08-02 11:43:38,Southern Owens Valley,LAA at Cottonwood Level,9.1
2026-08-02 11:43:38,Southern Owens Valley,LAA at Cotton. Water Temp,73.6
2026-08-02 11:43:38,Southern Owens Valley,N. Haiwee Elevation,3757.0
2026-08-02 11:43:38,Southern Owens Valley,S. Haiwee Reservoir Elevation,3727.6
2026-08-02 11:43:38,Southern District,S. Haiwee Reservoir Elevation,3727.6
2026-08-02 11:43:38,Southern District,Fairmont Reservoir Elevation,3026.2
2026-08-02 11:43:38,Southern District,Bouquet Reservoir Elevation,2982.6
2026-08-02 11:58:38,Mono Basin,Lee Vining Intake Above Flow,36.0
2026-08-02 11:58:38,Mono Basin,Lee Vining Intake Below Flow,30.1
2026-08-02 11:58:38,Mono Basin,Mono Lk. Elevation,6382.4
2026-08-02 11:58:38,Mono Basin,Walker Ck. Above Conduit Flow,5.0
2026-08-02 11:58:38,Mono Basin,L.V. Conduit Below Intake Flow,4.4
2026-08-02 11:58:38,Mono Basin,Walker Ck. Under Conduit Flow,5.0
2026-08-02 11:58:38,Mono Basin,Parker Ck. Under Conduit Flow,15.0
2026-08-02 11:58:38,Mono Basin,Parker Ck. Above Conduit Flow,17.0
2026-08-02 11:58:38,Mono Basin,Grant Lk. Spill Flow,3.5
2026-08-02 11:58:38,Mono Basin,Mono Gate 1 Return Ditch Flow,40.6
2026-08-02 11:58:38,Mono Basin,Grant Lk. Elevation,7130.1
2026-08-02 11:58:38,Mono Basin,Grant Lk. Outflow,41.1
2026-08-02 11:58:38,Mono Basin,Rush Ck. at Damsite Flow,52.2
2026-08-02 11:58:38,Mono Basin,Flow to West Portal,0.0
2026-08-02 11:58:38,Long Valley,East Portal Flow,12.0
2026-08-02 11:58:38,Long Valley,OR Below EP Flow,57.0
2026-08-02 11:58:38,Long Valley,Hot Ck.at Hwy. Flow,11.0
2026-08-02 11:58:38,Long Valley,McGee Ck. Lower Sta. Flow,7.5
2026-08-02 11:58:38,Long Valley,Long Valley Elevation,6774.5
2026-08-02 11:58:38,Long Valley,Long Valley Current Outflow,0.0
2026-08-02 11:58:38,Long Valley,Rock Ck. Div. Flow,0.3
2026-08-02 11:58:38,Long Valley,Upper Gorge Total Release,40.3
2026-08-02 11:58:38,Long Valley,Release at Middle Gorge,0.0
2026-08-02 11:58:38,Northern Owens Valley,Rock Ck. At Owens River (PV) Flow,27.3
2026-08-02 11:58:38,Northern Owens Valley,Pleasant Valley Elevation,4384.9
2026-08-02 11:58:38,Northern Owens Valley,Pleasant Valley Outflow,405.8
2026-08-02 11:58:38,Northern Owens Valley,Baker Ck. At LA Station Flow,6.5
2026-08-02 11:58:38,Northern Owens Valley,Big Pine Ck. USGS Flow,51.3
2026-08-02 11:58:38,Northern Owens Valley,O.R. Below Big Pine,431.0
2026-08-02 11:58:38,Northern Owens Valley,Fish Springs At RR Flow,36.1
2026-08-02 11:58:38,Northern Owens Valley,Tinemaha Elevation,3860.8
2026-08-02 11:58:38,Northern Owens Valley,Tinemaha Reservoir Outflow,474.2
2026-08-02 11:58:38,Northern Owens Valley,Bishop Creek Through Plant 6,99.6
2026-08-02 11:58:38,Northern Owens Valley,Bishop Creek Around Plant 6,7.9
2026-08-02 11:58:38,Southern Owens Valley,Tinemaha Elevation,3860.8
2026-08-02 11:58:38,Southern Owens Valley,Tinemaha Reservoir Outflow,474.2
2026-08-02 11:58:38,Southern Owens Valley,Indep. Ck. At Junction Flow,9.3
2026-08-02 11:58:38,Southern Owens Valley,LAA at Alabama Flow,396.0
2026-08-02 11:58:38,Southern Owens Valley,LAA at Alabama Level,7.8
2026-08-02 11:58:38,Southern Owens Valley,LAA at Alabama Water Temp,71.9
2026-08-02 11:58:38,Southern Owens Valley,Cottonwood Ck. At LAA Flow,0.0
2026-08-02 11:58:38,Southern Owens Valley,LAA at Cottonwood Flow,478.0
2026-08-02 11:58:38,Southern Owens Valley,LAA at Cottonwood Level,9.1
2026-08-02 11:58:38,Southern Owens Valley,LAA at Cotton. Water Temp,73.7
2026-08-02 11:58:38,Southern Owens Valley,N. Haiwee Elevation,3757.0
2026-08-02 11:58:38,Southern Owens Valley,S. Haiwee Reservoir Elevation,3727.6
2026-08-02 11:58:38,Southern Owens Valley,Haiwee LAA #1 Current Flow,0.0
2026-08-02 11:58:38,Southern Owens Valley,Haiwee LAA #2 Current Flow,241.0
2026-08-02 11:58:38,Southern Owens Valley,Reinhackel Flow,3.0
2026-08-02 11:58:38,Southern Owens Valley,Lubkin Spillgate Outflow,0.0
2026-08-02 11:58:38,Southern Owens Valley,Cartago Spillgate Outflow,2.5
2026-08-02 11:58:38,Southern Owens Valley,Lone Pine Creek Flow,15.4
2026-08-02 11:58:38,Lower Owens River Project,LORP Intake Flow,81.0
2026-08-02 11:58:38,Lower Owens River Project,LORP at Mazourka Canyon Road,0.0
2026-08-02 11:58:38,Lower Owens River Project,LORP at Reinhackle Springs,70.0
2026-08-02 11:58:38,Lower Owens River Project,LORP Above Pumpstation,51.0
2026-08-02 11:58:38,Lower Owens River Project,LORP At Pump Station Discharge Flow,48.0
2026-08-02 11:58:38,Southern District,Haiwee LAA #2 Current Flow,241.0
2026-08-02 11:58:38,Southern District,S. Haiwee Reservoir Elevation,3727.6
2026-08-02 11:58:38,Southern District,Haiwee LAA #1 Current Flow,0.0
2026-08-02 11:58:38,Southern District,Fairmont Reservoir Elevation,3026.2
2026-08-02 11:58:38,Southern District,LAA #1 Flow at Fairmont Reservoir,412.4
2026-08-02 11:58:38,Southern District,LAA #2 Flow at Fairmont Res.,254.6
2026-08-02 11:58:38,Southern District,Bouquet Reservoir Elevation,2982.6
2026-08-02 11:58:38,Southern District,Bouquet Reservoir Inflow,90.6
2026-08-02 11:58:38,Southern District,Bouquet Reservoir Outflow,0.5
2026-08-02 11:58:38,Southern District,LAA #1 at Soledad Flow,271.3
2026-08-02 11:58:38,Southern District,LAA #2 at Soledad Flow,297.3
2026-08-02 12:13:37,Northern Owens Valley,Tinemaha Reservoir Outflow,473.3
2026-08-02 12:13:37,Southern Owens Valley,Tinemaha Reservoir Outflow,473.3
2026-08-02 12:13:37,Southern Owens Valley,Indep. Ck. At Junction Flow,9.3
2026-08-02 12:13:37,Southern Owens Valley,LAA at Alabama Flow,396.0
2026-08-02 12:13:37,Southern Owens Valley,Cottonwood Ck. At LAA Flow,0.0
2026-08-02 12:13:37,Southern Owens Valley,LAA at Cottonwood Flow,478.0
2026-08-02 12:13:37,Southern Owens Valley,Reinhackel Flow,3.0
2026-08-02 12:13:37,Southern Owens Valley,Lone Pine Creek Flow,15.4
2026-08-02 12:13:37,Lower Owens River Project,LORP Intake Flow,81.0
2026-08-02 12:13:38,Mono Basin,Lee Vining Intake Above Flow,35.7
2026-08-02 12:13:38,Mono Basin,Lee Vining Intake Below Flow,30.2
2026-08-02 12:13:38,Mono Basin,Mono Lk. Elevation,6382.4
2026-08-02 12:13:38,Mono Basin,Walker Ck. Above Conduit Flow,5.0
2026-08-02 12:13:38,Mono Basin,L.V. Conduit Below Intake Flow,4.4
2026-08-02 12:13:38,Mono Basin,Walker Ck. Under Conduit Flow,5.0
2026-08-02 12:13:38,Mono Basin,Parker Ck. Under Conduit Flow,15.0
2026-08-02 12:13:38,Mono Basin,Parker Ck. Above Conduit Flow,16.0
2026-08-02 12:13:38,Mono Basin,Grant Lk. Spill Flow,3.5
2026-08-02 12:13:38,Mono Basin,Mono Gate 1 Return Ditch Flow,40.6
2026-08-02 12:13:38,Mono Basin,Grant Lk. Elevation,7130.1
2026-08-02 12:13:38,Mono Basin,Grant Lk. Outflow,41.1
2026-08-02 12:13:38,Mono Basin,Rush Ck. at Damsite Flow,52.2
2026-08-02 12:13:38,Mono Basin,Flow to West Portal,0.0
2026-08-02 12:13:38,Long Valley,East Portal Flow,12.0
2026-08-02 12:13:38,Long Valley,OR Below EP Flow,57.0
2026-08-02 12:13:38,Long Valley,Hot Ck.at Hwy. Flow,11.0
2026-08-02 12:13:38,Long Valley,McGee Ck. Lower Sta. Flow,7.3
2026-08-02 12:13:38,Long Valley,Long Valley Elevation,6774.5
2026-08-02 12:13:38,Long Valley,Long Valley Current Outflow,0.0
2026-08-02 12:13:38,Long Valley,Rock Ck. Div. Flow,0.4
2026-08-02 12:13:38,Long Valley,Upper Gorge Total Release,40.2
2026-08-02 12:13:38,Long Valley,Release at Middle Gorge,0.0
2026-08-02 12:13:38,Northern Owens Valley,Rock Ck. At Owens River (PV) Flow,27.3
2026-08-02 12:13:38,Northern Owens Valley,Pleasant Valley Elevation,4384.9
2026-08-02 12:13:38,Northern Owens Valley,Pleasant Valley Outflow,405.6
2026-08-02 12:13:38,Northern Owens Valley,Baker Ck. At LA Station Flow,6.4
2026-08-02 12:13:38,Northern Owens Valley,Big Pine Ck. USGS Flow,51.3
2026-08-02 12:13:38,Northern Owens Valley,O.R. Below Big Pine,431.0
2026-08-02 12:13:38,Northern Owens Valley,Fish Springs At RR Flow,36.1
2026-08-02 12:13:38,Northern Owens Valley,Bishop Creek Through Plant 6,101.3
2026-08-02 12:13:38,Northern Owens Valley,Bishop Creek Around Plant 6,7.7
2026-08-02 12:13:38,Southern Owens Valley,LAA at Alabama Level,7.8
2026-08-02 12:13:38,Southern Owens Valley,LAA at Alabama Water Temp,71.9
2026-08-02 12:13:38,Southern Owens Valley,LAA at Cottonwood Level,9.1
2026-08-02 12:13:38,Southern Owens Valley,LAA at Cotton. Water Temp,73.8
2026-08-02 12:13:38,Southern Owens Valley,N. Haiwee Elevation,3757.0
2026-08-02 12:13:38,Southern Owens Valley,S. Haiwee Reservoir Elevation,3727.6
2026-08-02 12:13:38,Southern Owens Valley,Haiwee LAA #1 Current Flow,0.0
2026-08-02 12:13:38,Southern Owens Valley,Haiwee LAA #2 Current Flow,241.0
2026-08-02 12:13:38,Southern Owens Valley,Lubkin Spillgate Outflow,0.0
2026-08-02 12:13:38,Southern Owens Valley,Cartago Spillgate Outflow,2.5
2026-08-02 12:13:38,Lower Owens River Project,LORP at Mazourka Canyon Road,0.0
2026-08-02 12:13:38,Lower Owens River Project,LORP at Reinhackle Springs,70.0
2026-08-02 12:13:38,Lower Owens River Project,LORP Above Pumpstation,51.0
2026-08-02 12:13:38,Lower Owens River Project,LORP At Pump Station Discharge Flow,48.0
2026-08-02 12:13:38,Southern District,Haiwee LAA #2 Current Flow,241.0
2026-08-02 12:13:38,Southern District,S. Haiwee Reservoir Elevation,3727.6
2026-08-02 12:13:38,Southern District,Haiwee LAA #1 Current Flow,0.0
2026-08-02 12:13:38,Southern District,Fairmont Reservoir Elevation,3026.1
2026-08-02 12:13:38,Southern District,LAA #1 Flow at Fairmont Reservoir,414.0
2026-08-02 12:13:38,Southern District,LAA #2 Flow at Fairmont Res.,254.5
2026-08-02 12:13:38,Southern District,Bouquet Reservoir Elevation,2982.7
2026-08-02 12:13:38,Southern District,Bouquet Reservoir Inflow,87.8
2026-08-02 12:13:38,Southern District,Bouquet Reservoir Outflow,0.5
2026-08-02 12:13:38,Southern District,LAA #1 at Soledad Flow,271.3
2026-08-02 12:13:38,Southern District,LAA #2 at Soledad Flow,297.3
2026-08-02 12:28:37,Mono Basin,Lee Vining Intake Above Flow,35.7
2026-08-02 12:28:37,Mono Basin,Lee Vining Intake Below Flow,30.2
2026-08-02 12:28:37,Mono Basin,Walker Ck. Above Conduit Flow,5.0
2026-08-02 12:28:37,Mono Basin,L.V. Conduit Below Intake Flow,4.4
2026-08-02 12:28:37,Mono Basin,Walker Ck. Under Conduit Flow,5.0
2026-08-02 12:28:37,Mono Basin,Parker Ck. Under Conduit Flow,15.0
2026-08-02 12:28:37,Mono Basin,Parker Ck. Above Conduit Flow,17.0
2026-08-02 12:28:37,Mono Basin,Grant Lk. Spill Flow,3.5
2026-08-02 12:28:37,Mono Basin,Mono Gate 1 Return Ditch Flow,40.3
2026-08-02 12:28:37,Mono Basin,Grant Lk. Outflow,40.9
2026-08-02 12:28:37,Mono Basin,Rush Ck. at Damsite Flow,52.2
2026-08-02 12:28:37,Mono Basin,Flow to West Portal,0.0
2026-08-02 12:28:37,Long Valley,East Portal Flow,12.0
2026-08-02 12:28:37,Long Valley,OR Below EP Flow,57.0
2026-08-02 12:28:37,Long Valley,Hot Ck.at Hwy. Flow,11.0
2026-08-02 12:28:37,Long Valley,McGee Ck. Lower Sta. Flow,7.3
2026-08-02 12:28:37,Long Valley,Long Valley Current Outflow,0.0
2026-08-02 12:28:37,Long Valley,Rock Ck. Div. Flow,0.4
2026-08-02 12:28:37,Long Valley,Upper Gorge Total Release,39.2
2026-08-02 12:28:37,Long Valley,Release at Middle Gorge,0.0
2026-08-02 12:28:37,Northern Owens Valley,Rock Ck. At Owens River (PV) Flow,27.2
2026-08-02 12:28:37,Northern Owens Valley,Pleasant Valley Outflow,405.4
2026-08-02 12:28:37,Northern Owens Valley,Baker Ck. At LA Station Flow,6.4
2026-08-02 12:28:37,Northern Owens Valley,Big Pine Ck. USGS Flow,48.9
2026-08-02 12:28:37,Northern Owens Valley,O.R. Below Big Pine,431.1
2026-08-02 12:28:37,Northern Owens Valley,Fish Springs At RR Flow,36.5
2026-08-02 12:28:37,Northern Owens Valley,Tinemaha Reservoir Outflow,473.3
2026-08-02 12:28:37,Northern Owens Valley,Bishop Creek Through Plant 6,101.3
2026-08-02 12:28:37,Northern Owens Valley,Bishop Creek Around Plant 6,7.7
2026-08-02 12:28:37,Southern Owens Valley,Tinemaha Reservoir Outflow,473.3
2026-08-02 12:28:37,Southern Owens Valley,Indep. Ck. At Junction Flow,9.3
2026-08-02 12:28:37,Southern Owens Valley,LAA at Alabama Flow,396.0
2026-08-02 12:28:37,Southern Owens Valley,Cottonwood Ck. At LAA Flow,0.0
2026-08-02 12:28:37,Southern Owens Valley,LAA at Cottonwood Flow,478.0
2026-08-02 12:28:37,Southern Owens Valley,Haiwee LAA #1 Current Flow,0.0
2026-08-02 12:28:37,Southern Owens Valley,Haiwee LAA #2 Current Flow,241.0
2026-08-02 12:28:37,Southern Owens Valley,Reinhackel Flow,2.9
2026-08-02 12:28:37,Southern Owens Valley,Lubkin Spillgate Outflow,0.0
2026-08-02 12:28:37,Southern Owens Valley,Cartago Spillgate Outflow,3.7
2026-08-02 12:28:37,Southern Owens Valley,Lone Pine Creek Flow,15.4
2026-08-02 12:28:37,Lower Owens River Project,LORP Intake Flow,81.0
2026-08-02 12:28:37,Lower Owens River Project,LORP at Mazourka Canyon Road,0.0
2026-08-02 12:28:37,Lower Owens River Project,LORP at Reinhackle Springs,74.0
2026-08-02 12:28:37,Lower Owens River Project,LORP Above Pumpstation,51.0
2026-08-02 12:28:37,Lower Owens River Project,LORP At Pump Station Discharge Flow,48.0
2026-08-02 12:28:37,Southern District,Haiwee LAA #2 Current Flow,241.0
2026-08-02 12:28:37,Southern District,Haiwee LAA #1 Current Flow,0.0
2026-08-02 12:28:37,Southern District,LAA #1 Flow at Fairmont Reservoir,413.3
2026-08-02 12:28:37,Southern District,LAA #2 Flow at Fairmont Res.,254.7
2026-08-02 12:28:37,Southern District,Bouquet Reservoir Inflow,88.0
2026-08-02 12:28:37,Southern District,Bouquet Reservoir Outflow,0.5
2026-08-02 12:28:37,Southern District,LAA #1 at Soledad Flow,271.3
2026-08-02 12:28:37,Southern District,LAA #2 at Soledad Flow,297.3
2026-08-02 12:28:38,Northern Owens Valley,Tinemaha Elevation,3860.8
2026-08-02 12:28:38,Southern Owens Valley,Tinemaha Elevation,3860.8
2026-08-02 12:28:38,Mono Basin,Mono Lk. Elevation,6382.4
2026-08-02 12:28:38,Mono Basin,Grant Lk. Elevation,7130.1
2026-08-02 12:28:38,Long Valley,Long Valley Elevation,6774.5
2026-08-02 12:28:38,Northern Owens Valley,Pleasant Valley Elevation,4384.8
2026-08-02 12:28:38,Southern Owens Valley,LAA at Alabama Level,7.8
2026-08-02 12:28:38,Southern Owens Valley,LAA at Alabama Water Temp,71.9
2026-08-02 12:28:38,Southern Owens Valley,LAA at Cottonwood Level,9.1
2026-08-02 12:28:38,Southern Owens Valley,LAA at Cotton. Water Temp,73.8
2026-08-02 12:28:38,Southern Owens Valley,N. Haiwee Elevation,3757.0
2026-08-02 12:28:38,Southern Owens Valley,S. Haiwee Reservoir Elevation,3727.6
2026-08-02 12:28:38,Southern District,S. Haiwee Reservoir Elevation,3727.6
2026-08-02 12:28:38,Southern District,Fairmont Reservoir Elevation,3026.1
2026-08-02 12:28:38,Southern District,Bouquet Reservoir Elevation,2982.7
2026-08-02 12:43:37,Mono Basin,Lee Vining Intake Above Flow,35.3
2026-08-02 12:43:37,Mono Basin,Lee Vining Intake Below Flow,30.1
2026-08-02 12:43:37,Mono Basin,Walker Ck. Above Conduit Flow,5.0
2026-08-02 12:43:37,Mono Basin,L.V. Conduit Below Intake Flow,4.3
2026-08-02 12:43:37,Mono Basin,Walker Ck. Under Conduit Flow,5.0
2026-08-02 12:43:37,Mono Basin,Parker Ck. Under Conduit Flow,15.0
2026-08-02 12:43:37,Mono Basin,Parker Ck. Above Conduit Flow,17.0
2026-08-02 12:43:37,Mono Basin,Grant Lk. Spill Flow,3.5
2026-08-02 12:43:37,Mono Basin,Mono Gate 1 Return Ditch Flow,40.3
2026-08-02 12:43:37,Mono Basin,Grant Lk. Outflow,40.9
2026-08-02 12:43:37,Mono Basin,Rush Ck. at Damsite Flow,52.2
2026-08-02 12:43:37,Mono Basin,Flow to West Portal,0.0
2026-08-02 12:43:37,Long Valley,East Portal Flow,12.0
2026-08-02 12:43:37,Long Valley,OR Below EP Flow,57.0
2026-08-02 12:43:37,Long Valley,Hot Ck.at Hwy. Flow,11.0
2026-08-02 12:43:37,Long Valley,McGee Ck. Lower Sta. Flow,7.3
2026-08-02 12:43:37,Long Valley,Long Valley Current Outflow,0.0
2026-08-02 12:43:37,Long Valley,Rock Ck. Div. Flow,0.4
2026-08-02 12:43:37,Long Valley,Upper Gorge Total Release,39.4
2026-08-02 12:43:37,Long Valley,Release at Middle Gorge,0.0
2026-08-02 12:43:37,Northern Owens Valley,Rock Ck. At Owens River (PV) Flow,27.2
2026-08-02 12:43:37,Northern Owens Valley,Pleasant Valley Outflow,404.2
2026-08-02 12:43:37,Northern Owens Valley,Baker Ck. At LA Station Flow,6.4
2026-08-02 12:43:37,Northern Owens Valley,Big Pine Ck. USGS Flow,48.9
2026-08-02 12:43:37,Northern Owens Valley,O.R. Below Big Pine,431.0
2026-08-02 12:43:37,Northern Owens Valley,Fish Springs At RR Flow,36.5
2026-08-02 12:43:37,Northern Owens Valley,Tinemaha Reservoir Outflow,473.3
2026-08-02 12:43:37,Northern Owens Valley,Bishop Creek Through Plant 6,100.7
2026-08-02 12:43:37,Northern Owens Valley,Bishop Creek Around Plant 6,7.8
2026-08-02 12:43:37,Southern Owens Valley,Tinemaha Reservoir Outflow,473.3
2026-08-02 12:43:37,Southern Owens Valley,Indep. Ck. At Junction Flow,8.6
2026-08-02 12:43:37,Southern Owens Valley,LAA at Alabama Flow,396.0
2026-08-02 12:43:37,Southern Owens Valley,Cottonwood Ck. At LAA Flow,0.0
2026-08-02 12:43:37,Southern Owens Valley,LAA at Cottonwood Flow,478.0
2026-08-02 12:43:37,Southern Owens Valley,Haiwee LAA #1 Current Flow,0.0
2026-08-02 12:43:37,Southern Owens Valley,Haiwee LAA #2 Current Flow,241.0
2026-08-02 12:43:37,Southern Owens Valley,Reinhackel Flow,2.9
2026-08-02 12:43:37,Southern Owens Valley,Lubkin Spillgate Outflow,0.0
2026-08-02 12:43:37,Southern Owens Valley,Cartago Spillgate Outflow,3.7
2026-08-02 12:43:37,Southern Owens Valley,Lone Pine Creek Flow,15.2
2026-08-02 12:43:37,Lower Owens River Project,LORP Intake Flow,81.0
2026-08-02 12:43:37,Lower Owens River Project,LORP at Mazourka Canyon Road,0.0
2026-08-02 12:43:37,Lower Owens River Project,LORP at Reinhackle Springs,74.0
2026-08-02 12:43:37,Lower Owens River Project,LORP Above Pumpstation,51.0
2026-08-02 12:43:37,Lower Owens River Project,LORP At Pump Station Discharge Flow,48.0
2026-08-02 12:43:37,Southern District,Haiwee LAA #2 Current Flow,241.0
2026-08-02 12:43:37,Southern District,Haiwee LAA #1 Current Flow,0.0
2026-08-02 12:43:37,Southern District,LAA #1 Flow at Fairmont Reservoir,413.5
2026-08-02 12:43:37,Southern District,LAA #2 Flow at Fairmont Res.,254.6
2026-08-02 12:43:37,Southern District,Bouquet Reservoir Inflow,87.4
2026-08-02 12:43:37,Southern District,Bouquet Reservoir Outflow,0.6
2026-08-02 12:43:37,Southern District,LAA #1 at Soledad Flow,271.3
2026-08-02 12:43:37,Southern District,LAA #2 at Soledad Flow,297.3
2026-08-02 12:43:38,Mono Basin,Mono Lk. Elevation,6382.4
2026-08-02 12:43:38,Mono Basin,Grant Lk. Elevation,7130.1
2026-08-02 12:43:38,Long Valley,Long Valley Elevation,6774.5
2026-08-02 12:43:38,Northern Owens Valley,Pleasant Valley Elevation,4384.7
2026-08-02 12:43:38,Southern Owens Valley,LAA at Alabama Level,7.8
2026-08-02 12:43:38,Southern Owens Valley,LAA at Alabama Water Temp,71.9
2026-08-02 12:43:38,Southern Owens Valley,LAA at Cottonwood Level,9.1
2026-08-02 12:43:38,Southern Owens Valley,LAA at Cotton. Water Temp,74.1
2026-08-02 12:43:38,Southern Owens Valley,N. Haiwee Elevation,3757.0
2026-08-02 12:43:38,Southern Owens Valley,S. Haiwee Reservoir Elevation,3727.6
2026-08-02 12:43:38,Southern District,S. Haiwee Reservoir Elevation,3727.6
2026-08-02 12:43:38,Southern District,Fairmont Reservoir Elevation,3026.1
2026-08-02 12:43:38,Southern District,Bouquet Reservoir Elevation,2982.7
2026-08-02 12:58:37,Mono Basin,Lee Vining Intake Above Flow,35.3
2026-08-02 12:58:37,Mono Basin,Lee Vining Intake Below Flow,30.1
2026-08-02 12:58:37,Mono Basin,Walker Ck. Above Conduit Flow,5.0
2026-08-02 12:58:37,Mono Basin,L.V. Conduit Below Intake Flow,4.3
2026-08-02 12:58:37,Mono Basin,Walker Ck. Under Conduit Flow,5.0
2026-08-02 12:58:37,Mono Basin,Parker Ck. Under Conduit Flow,15.0
2026-08-02 12:58:37,Mono Basin,Parker Ck. Above Conduit Flow,17.0
2026-08-02 12:58:37,Mono Basin,Grant Lk. Spill Flow,3.5
2026-08-02 12:58:37,Mono Basin,Mono Gate 1 Return Ditch Flow,40.3
2026-08-02 12:58:37,Mono Basin,Grant Lk. Outflow,40.9
2026-08-02 12:58:37,Mono Basin,Rush Ck. at Damsite Flow,52.2
2026-08-02 12:58:37,Mono Basin,Flow to West Portal,0.0
2026-08-02 12:58:37,Long Valley,East Portal Flow,12.0
2026-08-02 12:58:37,Long Valley,OR Below EP Flow,57.0
2026-08-02 12:58:37,Long Valley,Hot Ck.at Hwy. Flow,11.0
2026-08-02 12:58:37,Long Valley,McGee Ck. Lower Sta. Flow,7.3
2026-08-02 12:58:37,Long Valley,Long Valley Current Outflow,0.0
2026-08-02 12:58:37,Long Valley,Rock Ck. Div. Flow,0.4
2026-08-02 12:58:37,Long Valley,Upper Gorge Total Release,39.8
2026-08-02 12:58:37,Long Valley,Release at Middle Gorge,0.0
2026-08-02 12:58:37,Northern Owens Valley,Rock Ck. At Owens River (PV) Flow,27.1
2026-08-02 12:58:37,Northern Owens Valley,Pleasant Valley Outflow,402.1
2026-08-02 12:58:37,Northern Owens Valley,Baker Ck. At LA Station Flow,6.4
2026-08-02 12:58:37,Northern Owens Valley,Big Pine Ck. USGS Flow,48.9
2026-08-02 12:58:37,Northern Owens Valley,O.R. Below Big Pine,431.0
2026-08-02 12:58:37,Northern Owens Valley,Fish Springs At RR Flow,36.5
2026-08-02 12:58:37,Northern Owens Valley,Tinemaha Reservoir Outflow,473.3
2026-08-02 12:58:37,Northern Owens Valley,Bishop Creek Through Plant 6,100.5
2026-08-02 12:58:37,Northern Owens Valley,Bishop Creek Around Plant 6,7.8
2026-08-02 12:58:37,Southern Owens Valley,Tinemaha Reservoir Outflow,473.3
2026-08-02 12:58:37,Southern Owens Valley,Indep. Ck. At Junction Flow,8.6
2026-08-02 12:58:37,Southern Owens Valley,LAA at Alabama Flow,396.0
2026-08-02 12:58:37,Southern Owens Valley,Cottonwood Ck. At LAA Flow,0.0
2026-08-02 12:58:37,Southern Owens Valley,LAA at Cottonwood Flow,478.0
2026-08-02 12:58:37,Southern Owens Valley,Haiwee LAA #1 Current Flow,0.0
2026-08-02 12:58:37,Southern Owens Valley,Haiwee LAA #2 Current Flow,241.0
2026-08-02 12:58:37,Southern Owens Valley,Reinhackel Flow,2.9
2026-08-02 12:58:37,Southern Owens Valley,Lubkin Spillgate Outflow,0.0
2026-08-02 12:58:37,Southern Owens Valley,Cartago Spillgate Outflow,4.2
2026-08-02 12:58:37,Southern Owens Valley,Lone Pine Creek Flow,15.2
2026-08-02 12:58:37,Lower Owens River Project,LORP Intake Flow,81.0
2026-08-02 12:58:37,Lower Owens River Project,LORP at Mazourka Canyon Road,0.0
2026-08-02 12:58:37,Lower Owens River Project,LORP at Reinhackle Springs,74.0
2026-08-02 12:58:37,Lower Owens River Project,LORP Above Pumpstation,51.0
2026-08-02 12:58:37,Lower Owens River Project,LORP At Pump Station Discharge Flow,48.0
2026-08-02 12:58:37,Southern District,Haiwee LAA #2 Current Flow,241.0
2026-08-02 12:58:37,Southern District,Haiwee LAA #1 Current Flow,0.0
2026-08-02 12:58:37,Southern District,LAA #1 Flow at Fairmont Reservoir,414.8
2026-08-02 12:58:37,Southern District,LAA #2 Flow at Fairmont Res.,254.6
2026-08-02 12:58:37,Southern District,Bouquet Reservoir Inflow,92.6
2026-08-02 12:58:37,Southern District,Bouquet Reservoir Outflow,0.4
2026-08-02 12:58:37,Southern District,LAA #1 at Soledad Flow,271.3
2026-08-02 12:58:37,Southern District,LAA #2 at Soledad Flow,297.3
2026-08-02 12:58:38,Northern Owens Valley,Tinemaha Elevation,3860.8
2026-08-02 12:58:38,Southern Owens Valley,Tinemaha Elevation,3860.8
2026-08-02 12:58:38,Mono Basin,Mono Lk. Elevation,6382.4
2026-08-02 12:58:38,Mono Basin,Grant Lk. Elevation,7130.1
2026-08-02 12:58:38,Long Valley,Long Valley Elevation,6774.5
2026-08-02 12:58:38,Northern Owens Valley,Pleasant Valley Elevation,4384.7
2026-08-02 12:58:38,Southern Owens Valley,LAA at Alabama Level,7.8
2026-08-02 12:58:38,Southern Owens Valley,LAA at Alabama Water Temp,71.9
2026-08-02 12:58:38,Southern Owens Valley,LAA at Cottonwood Level,9.1
2026-08-02 12:58:38,Southern Owens Valley,LAA at Cotton. Water Temp,74.3
2026-08-02 12:58:38,Southern Owens Valley,N. Haiwee Elevation,3757.0
2026-08-02 12:58:38,Southern Owens Valley,S. Haiwee Reservoir Elevation,3727.6
2026-08-02 12:58:38,Southern District,S. Haiwee Reservoir Elevation,3727.6
2026-08-02 12:58:38,Southern District,Fairmont Reservoir Elevation,3026.0
2026-08-02 12:58:38,Southern District,Bouquet Reservoir Elevation,2982.7
2026-08-02 13:13:37,Mono Basin,Lee Vining Intake Above Flow,35.9
2026-08-02 13:13:37,Mono Basin,Lee Vining Intake Below Flow,30.0
2026-08-02 13:13:37,Mono Basin,Walker Ck. Above Conduit Flow,5.0
2026-08-02 13:13:37,Mono Basin,L.V. Conduit Below Intake Flow,4.3
2026-08-02 13:13:37,Mono Basin,Walker Ck. Under Conduit Flow,5.0
2026-08-02 13:13:37,Mono Basin,Parker Ck. Under Conduit Flow,15.0
2026-08-02 13:13:37,Mono Basin,Parker Ck. Above Conduit Flow,17.0
2026-08-02 13:13:37,Mono Basin,Grant Lk. Spill Flow,3.5
2026-08-02 13:13:37,Mono Basin,Mono Gate 1 Return Ditch Flow,40.3
2026-08-02 13:13:37,Mono Basin,Grant Lk. Outflow,40.9
2026-08-02 13:13:37,Mono Basin,Rush Ck. at Damsite Flow,52.2
2026-08-02 13:13:37,Mono Basin,Flow to West Portal,0.0
2026-08-02 13:13:37,Long Valley,East Portal Flow,12.0
2026-08-02 13:13:37,Long Valley,OR Below EP Flow,57.0
2026-08-02 13:13:37,Long Valley,Hot Ck.at Hwy. Flow,11.0
2026-08-02 13:13:37,Long Valley,McGee Ck. Lower Sta. Flow,7.3
2026-08-02 13:13:37,Long Valley,Long Valley Current Outflow,0.0
2026-08-02 13:13:37,Long Valley,Rock Ck. Div. Flow,0.4
2026-08-02 13:13:37,Long Valley,Upper Gorge Total Release,40.0
2026-08-02 13:13:37,Long Valley,Release at Middle Gorge,0.0
2026-08-02 13:13:37,Northern Owens Valley,Rock Ck. At Owens River (PV) Flow,26.8
2026-08-02 13:13:37,Northern Owens Valley,Pleasant Valley Outflow,402.7
2026-08-02 13:13:37,Northern Owens Valley,Baker Ck. At LA Station Flow,6.4
2026-08-02 13:13:37,Northern Owens Valley,Big Pine Ck. USGS Flow,48.9
2026-08-02 13:13:37,Northern Owens Valley,O.R. Below Big Pine,431.0
2026-08-02 13:13:37,Northern Owens Valley,Fish Springs At RR Flow,36.5
2026-08-02 13:13:37,Northern Owens Valley,Tinemaha Reservoir Outflow,473.3
2026-08-02 13:13:37,Northern Owens Valley,Bishop Creek Through Plant 6,100.5
2026-08-02 13:13:37,Northern Owens Valley,Bishop Creek Around Plant 6,7.8
2026-08-02 13:13:37,Southern Owens Valley,Tinemaha Reservoir Outflow,473.3
2026-08-02 13:13:37,Southern Owens Valley,Indep. Ck. At Junction Flow,8.6
2026-08-02 13:13:37,Southern Owens Valley,LAA at Alabama Flow,396.0
2026-08-02 13:13:37,Southern Owens Valley,Cottonwood Ck. At LAA Flow,0.0
2026-08-02 13:13:37,Southern Owens Valley,LAA at Cottonwood Flow,478.0
2026-08-02 13:13:37,Southern Owens Valley,Haiwee LAA #1 Current Flow,0.0
2026-08-02 13:13:37,Southern Owens Valley,Haiwee LAA #2 Current Flow,241.0
2026-08-02 13:13:37,Southern Owens Valley,Reinhackel Flow,2.9
2026-08-02 13:13:37,Southern Owens Valley,Lubkin Spillgate Outflow,0.0
2026-08-02 13:13:37,Southern Owens Valley,Cartago Spillgate Outflow,4.2
2026-08-02 13:13:37,Southern Owens Valley,Lone Pine Creek Flow,15.0
2026-08-02 13:13:37,Lower Owens River Project,LORP Intake Flow,81.0
2026-08-02 13:13:37,Lower Owens River Project,LORP at Mazourka Canyon Road,0.0
2026-08-02 13:13:37,Lower Owens River Project,LORP at Reinhackle Springs,74.0
2026-08-02 13:13:37,Lower Owens River Project,LORP Above Pumpstation,51.0
2026-08-02 13:13:37,Lower Owens River Project,LORP At Pump Station Discharge Flow,48.0
2026-08-02 13:13:37,Southern District,Haiwee LAA #2 Current Flow,241.0
2026-08-02 13:13:37,Southern District,Haiwee LAA #1 Current Flow,0.0
2026-08-02 13:13:37,Southern District,LAA #1 Flow at Fairmont Reservoir,413.7
2026-08-02 13:13:37,Southern District,LAA #2 Flow at Fairmont Res.,254.5
2026-08-02 13:13:37,Southern District,Bouquet Reservoir Inflow,0.0
2026-08-02 13:13:37,Southern District,Bouquet Reservoir Outflow,49.9
2026-08-02 13:13:37,Southern District,LAA #1 at Soledad Flow,271.3
2026-08-02 13:13:37,Southern District,LAA #2 at Soledad Flow,297.3
2026-08-02 13:13:38,Mono Basin,Mono Lk. Elevation,6382.4
2026-08-02 13:13:38,Mono Basin,Grant Lk. Elevation,7130.1
2026-08-02 13:13:38,Long Valley,Long Valley Elevation,6774.5
2026-08-02 13:13:38,Northern Owens Valley,Pleasant Valley Elevation,4384.6
2026-08-02 13:13:38,Southern Owens Valley,LAA at Alabama Level,7.8
2026-08-02 13:13:38,Southern Owens Valley,LAA at Alabama Water Temp,71.9
2026-08-02 13:13:38,Southern Owens Valley,LAA at Cottonwood Level,9.1
2026-08-02 13:13:38,Southern Owens Valley,LAA at Cotton. Water Temp,74.4
2026-08-02 13:13:38,Southern Owens Valley,N. Haiwee Elevation,3757.0
2026-08-02 13:13:38,Southern Owens Valley,S. Haiwee Reservoir Elevation,3727.6
2026-08-02 13:13:38,Southern District,S. Haiwee Reservoir Elevation,3727.6
2026-08-02 13:13:38,Southern District,Fairmont Reservoir Elevation,3026.0
2026-08-02 13:13:38,Southern District,Bouquet Reservoir Elevation,2982.7
2026-08-02 13:28:37,Mono Basin,Lee Vining Intake Above Flow,35.9
2026-08-02 13:28:37,Mono Basin,Lee Vining Intake Below Flow,30.0
2026-08-02 13:28:37,Mono Basin,Walker Ck. Above Conduit Flow,5.0
2026-08-02 13:28:37,Mono Basin,L.V. Conduit Below Intake Flow,4.3
2026-08-02 13:28:37,Mono Basin,Walker Ck. Under Conduit Flow,5.0
2026-08-02 13:28:37,Mono Basin,Parker Ck. Under Conduit Flow,15.0
2026-08-02 13:28:37,Mono Basin,Parker Ck. Above Conduit Flow,17.0
2026-08-02 13:28:37,Mono Basin,Grant Lk. Spill Flow,3.5
2026-08-02 13:28:37,Mono Basin,Mono Gate 1 Return Ditch Flow,40.2
2026-08-02 13:28:37,Mono Basin,Grant Lk. Outflow,40.9
2026-08-02 13:28:37,Mono Basin,Rush Ck. at Damsite Flow,52.2
2026-08-02 13:28:37,Mono Basin,Flow to West Portal,0.0
2026-08-02 13:28:37,Long Valley,East Portal Flow,12.0
2026-08-02 13:28:37,Long Valley,OR Below EP Flow,57.0
2026-08-02 13:28:37,Long Valley,Hot Ck.at Hwy. Flow,11.0
2026-08-02 13:28:37,Long Valley,McGee Ck. Lower Sta. Flow,7.3
2026-08-02 13:28:37,Long Valley,Long Valley Current Outflow,0.0
2026-08-02 13:28:37,Long Valley,Rock Ck. Div. Flow,0.4
2026-08-02 13:28:37,Long Valley,Upper Gorge Total Release,40.9
2026-08-02 13:28:37,Long Valley,Release at Middle Gorge,0.0
2026-08-02 13:28:37,Northern Owens Valley,Rock Ck. At Owens River (PV) Flow,26.8
2026-08-02 13:28:37,Northern Owens Valley,Pleasant Valley Outflow,402.2
2026-08-02 13:28:37,Northern Owens Valley,Baker Ck. At LA Station Flow,6.4
2026-08-02 13:28:37,Northern Owens Valley,Big Pine Ck. USGS Flow,48.9
2026-08-02 13:28:37,Northern Owens Valley,O.R. Below Big Pine,431.0
2026-08-02 13:28:37,Northern Owens Valley,Fish Springs At RR Flow,36.5
2026-08-02 13:28:37,Northern Owens Valley,Tinemaha Reservoir Outflow,473.3
2026-08-02 13:28:37,Northern Owens Valley,Bishop Creek Through Plant 6,100.5
2026-08-02 13:28:37,Northern Owens Valley,Bishop Creek Around Plant 6,7.8
2026-08-02 13:28:37,Southern Owens Valley,Tinemaha Reservoir Outflow,473.3
2026-08-02 13:28:37,Southern Owens Valley,Indep. Ck. At Junction Flow,8.6
2026-08-02 13:28:37,Southern Owens Valley,LAA at Alabama Flow,396.0
2026-08-02 13:28:37,Southern Owens Valley,Cottonwood Ck. At LAA Flow,0.0
2026-08-02 13:28:37,Southern Owens Valley,LAA at Cottonwood Flow,478.0
2026-08-02 13:28:37,Southern Owens Valley,Haiwee LAA #1 Current Flow,0.0
2026-08-02 13:28:37,Southern Owens Valley,Haiwee LAA #2 Current Flow,241.0
2026-08-02 13:28:37,Southern Owens Valley,Reinhackel Flow,2.9
2026-08-02 13:28:37,Southern Owens Valley,Lubkin Spillgate Outflow,0.0
2026-08-02 13:28:37,Southern Owens Valley,Cartago Spillgate Outflow,3.4
2026-08-02 13:28:37,Southern Owens Valley,Lone Pine Creek Flow,15.0
2026-08-02 13:28:37,Lower Owens River Project,LORP Intake Flow,81.0
2026-08-02 13:28:37,Lower Owens River Project,LORP at Mazourka Canyon Road,0.0
2026-08-02 13:28:37,Lower Owens River Project,LORP at Reinhackle Springs,76.0
2026-08-02 13:28:37,Lower Owens River Project,LORP Above Pumpstation,51.0
2026-08-02 13:28:37,Lower Owens River Project,LORP At Pump Station Discharge Flow,48.0
2026-08-02 13:28:37,Southern District,Haiwee LAA #2 Current Flow,241.0
2026-08-02 13:28:37,Southern District,Haiwee LAA #1 Current Flow,0.0
2026-08-02 13:28:37,Southern District,LAA #1 Flow at Fairmont Reservoir,413.1
2026-08-02 13:28:37,Southern District,LAA #2 Flow at Fairmont Res.,254.5
2026-08-02 13:28:37,Southern District,Bouquet Reservoir Inflow,0.0
2026-08-02 13:28:37,Southern District,Bouquet Reservoir Outflow,0.7
2026-08-02 13:28:37,Southern District,LAA #1 at Soledad Flow,271.3
2026-08-02 13:28:37,Southern District,LAA #2 at Soledad Flow,297.3
2026-08-02 13:28:38,Northern Owens Valley,Tinemaha Elevation,3860.8
2026-08-02 13:28:38,Southern Owens Valley,Tinemaha Elevation,3860.8
2026-08-02 13:28:38,Mono Basin,Mono Lk. Elevation,6382.4
2026-08-02 13:28:38,Mono Basin,Grant Lk. Elevation,7130.1
2026-08-02 13:28:38,Long Valley,Long Valley Elevation,6774.5
2026-08-02 13:28:38,Northern Owens Valley,Pleasant Valley Elevation,4384.5
2026-08-02 13:28:38,Southern Owens Valley,LAA at Alabama Level,7.8
2026-08-02 13:28:38,Southern Owens Valley,LAA at Alabama Water Temp,71.9
2026-08-02 13:28:38,Southern Owens Valley,LAA at Cottonwood Level,9.1
2026-08-02 13:28:38,Southern Owens Valley,LAA at Cotton. Water Temp,74.5
2026-08-02 13:28:38,Southern Owens Valley,N. Haiwee Elevation,3757.0
2026-08-02 13:28:38,Southern Owens Valley,S. Haiwee Reservoir Elevation,3727.6
2026-08-02 13:28:38,Southern District,S. Haiwee Reservoir Elevation,3727.6
2026-08-02 13:28:38,Southern District,Fairmont Reservoir Elevation,3026.0
2026-08-02 13:28:38,Southern District,Bouquet Reservoir Elevation,2982.7
2026-08-02 13:43:37,Mono Basin,Lee Vining Intake Above Flow,35.9
2026-08-02 13:43:37,Mono Basin,Lee Vining Intake Below Flow,30.0
2026-08-02 13:43:37,Mono Basin,Walker Ck. Above Conduit Flow,5.0
2026-08-02 13:43:37,Mono Basin,L.V. Conduit Below Intake Flow,4.3
2026-08-02 13:43:37,Mono Basin,Walker Ck. Under Conduit Flow,5.0
2026-08-02 13:43:37,Mono Basin,Parker Ck. Under Conduit Flow,15.0
2026-08-02 13:43:37,Mono Basin,Parker Ck. Above Conduit Flow,17.0
2026-08-02 13:43:37,Mono Basin,Grant Lk. Outflow,40.9
2026-08-02 13:43:37,Mono Basin,Rush Ck. at Damsite Flow,52.2
2026-08-02 13:43:37,Long Valley,OR Below EP Flow,57.0
2026-08-02 13:43:37,Long Valley,Hot Ck.at Hwy. Flow,11.0
2026-08-02 13:43:37,Long Valley,McGee Ck. Lower Sta. Flow,7.3
2026-08-02 13:43:37,Long Valley,Long Valley Current Outflow,0.0
2026-08-02 13:43:37,Long Valley,Rock Ck. Div. Flow,0.4
2026-08-02 13:43:37,Long Valley,Upper Gorge Total Release,40.8
2026-08-02 13:43:37,Long Valley,Release at Middle Gorge,0.0
2026-08-02 13:43:37,Northern Owens Valley,Rock Ck. At Owens River (PV) Flow,26.8
2026-08-02 13:43:37,Northern Owens Valley,Pleasant Valley Outflow,401.2
2026-08-02 13:43:37,Northern Owens Valley,Baker Ck. At LA Station Flow,6.4
2026-08-02 13:43:37,Northern Owens Valley,Big Pine Ck. USGS Flow,48.9
2026-08-02 13:43:37,Northern Owens Valley,O.R. Below Big Pine,430.5
2026-08-02 13:43:37,Northern Owens Valley,Fish Springs At RR Flow,36.5
2026-08-02 13:43:37,Northern Owens Valley,Tinemaha Reservoir Outflow,473.3
2026-08-02 13:43:37,Northern Owens Valley,Bishop Creek Through Plant 6,100.5
2026-08-02 13:43:37,Northern Owens Valley,Bishop Creek Around Plant 6,7.8
2026-08-02 13:43:37,Southern Owens Valley,Tinemaha Reservoir Outflow,473.3
2026-08-02 13:43:37,Southern Owens Valley,Indep. Ck. At Junction Flow,8.6
2026-08-02 13:43:37,Southern Owens Valley,LAA at Alabama Flow,396.0
2026-08-02 13:43:37,Southern Owens Valley,Cottonwood Ck. At LAA Flow,0.0
2026-08-02 13:43:37,Southern Owens Valley,LAA at Cottonwood Flow,479.0
2026-08-02 13:43:37,Southern Owens Valley,Haiwee LAA #1 Current Flow,0.0
2026-08-02 13:43:37,Southern Owens Valley,Haiwee LAA #2 Current Flow,241.0
2026-08-02 13:43:37,Southern Owens Valley,Reinhackel Flow,2.9
2026-08-02 13:43:37,Southern Owens Valley,Lubkin Spillgate Outflow,0.0
2026-08-02 13:43:37,Southern Owens Valley,Cartago Spillgate Outflow,3.4
2026-08-02 13:43:37,Southern Owens Valley,Lone Pine Creek Flow,14.9
2026-08-02 13:43:37,Lower Owens River Project,LORP Intake Flow,81.0
2026-08-02 13:43:37,Lower Owens River Project,LORP at Mazourka Canyon Road,0.0
2026-08-02 13:43:37,Lower Owens River Project,LORP at Reinhackle Springs,76.0
2026-08-02 13:43:37,Lower Owens River Project,LORP Above Pumpstation,51.0
2026-08-02 13:43:37,Lower Owens River Project,LORP At Pump Station Discharge Flow,48.0
2026-08-02 13:43:37,Southern District,Haiwee LAA #2 Current Flow,241.0
2026-08-02 13:43:37,Southern District,Haiwee LAA #1 Current Flow,0.0
2026-08-02 13:43:38,Mono Basin,Mono Lk. Elevation,6382.4
2026-08-02 13:43:38,Mono Basin,Grant Lk. Spill Flow,3.5
2026-08-02 13:43:38,Mono Basin,Mono Gate 1 Return Ditch Flow,40.2
2026-08-02 13:43:38,Mono Basin,Grant Lk. Elevation,7130.1
2026-08-02 13:43:38,Mono Basin,Flow to West Portal,0.0
2026-08-02 13:43:38,Long Valley,East Portal Flow,12.0
2026-08-02 13:43:38,Long Valley,Long Valley Elevation,6774.5
2026-08-02 13:43:38,Northern Owens Valley,Pleasant Valley Elevation,4384.4
2026-08-02 13:43:38,Southern Owens Valley,LAA at Alabama Level,7.8
2026-08-02 13:43:38,Southern Owens Valley,LAA at Alabama Water Temp,71.9
2026-08-02 13:43:38,Southern Owens Valley,LAA at Cottonwood Level,9.1
2026-08-02 13:43:38,Southern Owens Valley,LAA at Cotton. Water Temp,74.6
2026-08-02 13:43:38,Southern Owens Valley,N. Haiwee Elevation,3757.0
2026-08-02 13:43:38,Southern Owens Valley,S. Haiwee Reservoir Elevation,3727.5
2026-08-02 13:43:38,Southern District,S. Haiwee Reservoir Elevation,3727.5
2026-08-02 13:43:38,Southern District,Fairmont Reservoir Elevation,3026.1
2026-08-02 13:43:38,Southern District,LAA #1 Flow at Fairmont Reservoir,411.8
2026-08-02 13:43:38,Southern District,LAA #2 Flow at Fairmont Res.,254.5
2026-08-02 13:43:38,Southern District,Bouquet Reservoir Elevation,2982.7
2026-08-02 13:43:38,Southern District,Bouquet Reservoir Inflow,3.7
2026-08-02 13:43:38,Southern District,Bouquet Reservoir Outflow,0.5
2026-08-02 13:43:38,Southern District,LAA #1 at Soledad Flow,271.3
2026-08-02 13:43:38,Southern District,LAA #2 at Soledad Flow,297.3
2026-08-02 13:58:37,Mono Basin,Lee Vining Intake Above Flow,35.9
2026-08-02 13:58:37,Mono Basin,Lee Vining Intake Below Flow,30.0
2026-08-02 13:58:37,Mono Basin,Walker Ck. Above Conduit Flow,5.0
2026-08-02 13:58:37,Mono Basin,L.V. Conduit Below Intake Flow,4.3
2026-08-02 13:58:37,Mono Basin,Walker Ck. Under Conduit Flow,5.0
2026-08-02 13:58:37,Mono Basin,Parker Ck. Under Conduit Flow,15.0
2026-08-02 13:58:37,Mono Basin,Parker Ck. Above Conduit Flow,17.0
2026-08-02 13:58:37,Mono Basin,Grant Lk. Spill Flow,3.5
2026-08-02 13:58:37,Mono Basin,Mono Gate 1 Return Ditch Flow,40.2
2026-08-02 13:58:37,Mono Basin,Grant Lk. Outflow,40.9
2026-08-02 13:58:37,Mono Basin,Rush Ck. at Damsite Flow,52.2
2026-08-02 13:58:37,Mono Basin,Flow to West Portal,0.0
2026-08-02 13:58:37,Long Valley,East Portal Flow,12.0
2026-08-02 13:58:37,Long Valley,OR Below EP Flow,57.0
2026-08-02 13:58:37,Long Valley,Hot Ck.at Hwy. Flow,11.0
2026-08-02 13:58:37,Long Valley,McGee Ck. Lower Sta. Flow,7.3
2026-08-02 13:58:37,Long Valley,Long Valley Current Outflow,0.0
2026-08-02 13:58:37,Long Valley,Rock Ck. Div. Flow,0.4
2026-08-02 13:58:37,Long Valley,Upper Gorge Total Release,40.6
2026-08-02 13:58:37,Long Valley,Release at Middle Gorge,0.0
2026-08-02 13:58:37,Northern Owens Valley,Rock Ck. At Owens River (PV) Flow,26.6
2026-08-02 13:58:37,Northern Owens Valley,Pleasant Valley Outflow,396.3
2026-08-02 13:58:37,Northern Owens Valley,Baker Ck. At LA Station Flow,6.4
2026-08-02 13:58:37,Northern Owens Valley,Big Pine Ck. USGS Flow,48.9
2026-08-02 13:58:37,Northern Owens Valley,O.R. Below Big Pine,430.9
2026-08-02 13:58:37,Northern Owens Valley,Fish Springs At RR Flow,36.5
2026-08-02 13:58:37,Northern Owens Valley,Tinemaha Reservoir Outflow,473.3
2026-08-02 13:58:37,Northern Owens Valley,Bishop Creek Through Plant 6,100.5
2026-08-02 13:58:37,Northern Owens Valley,Bishop Creek Around Plant 6,7.8
2026-08-02 13:58:37,Southern Owens Valley,Tinemaha Reservoir Outflow,473.3
2026-08-02 13:58:37,Southern Owens Valley,Indep. Ck. At Junction Flow,8.6
2026-08-02 13:58:37,Southern Owens Valley,LAA at Alabama Flow,396.0
2026-08-02 13:58:37,Southern Owens Valley,Cottonwood Ck. At LAA Flow,0.0
2026-08-02 13:58:37,Southern Owens Valley,LAA at Cottonwood Flow,479.0
2026-08-02 13:58:37,Southern Owens Valley,Haiwee LAA #1 Current Flow,0.0
2026-08-02 13:58:37,Southern Owens Valley,Haiwee LAA #2 Current Flow,241.0
2026-08-02 13:58:37,Southern Owens Valley,Reinhackel Flow,2.9
2026-08-02 13:58:37,Southern Owens Valley,Lubkin Spillgate Outflow,0.0
2026-08-02 13:58:37,Southern Owens Valley,Cartago Spillgate Outflow,2.3
2026-08-02 13:58:37,Southern Owens Valley,Lone Pine Creek Flow,14.9
2026-08-02 13:58:37,Lower Owens River Project,LORP Intake Flow,81.0
2026-08-02 13:58:37,Lower Owens River Project,LORP at Mazourka Canyon Road,0.0
2026-08-02 13:58:37,Lower Owens River Project,LORP at Reinhackle Springs,76.0
2026-08-02 13:58:37,Lower Owens River Project,LORP Above Pumpstation,51.0
2026-08-02 13:58:37,Lower Owens River Project,LORP At Pump Station Discharge Flow,48.0
2026-08-02 13:58:37,Southern District,Haiwee LAA #2 Current Flow,241.0
2026-08-02 13:58:37,Southern District,Haiwee LAA #1 Current Flow,0.0
2026-08-02 13:58:37,Southern District,LAA #1 Flow at Fairmont Reservoir,410.3
2026-08-02 13:58:37,Southern District,LAA #2 Flow at Fairmont Res.,254.5
2026-08-02 13:58:37,Southern District,Bouquet Reservoir Inflow,3.7
2026-08-02 13:58:37,Southern District,Bouquet Reservoir Outflow,0.5
2026-08-02 13:58:37,Southern District,LAA #1 at Soledad Flow,271.3
2026-08-02 13:58:37,Southern District,LAA #2 at Soledad Flow,297.3
2026-08-02 13:58:38,Northern Owens Valley,Tinemaha Elevation,3860.8
2026-08-02 13:58:38,Southern Owens Valley,Tinemaha Elevation,3860.8
2026-08-02 13:58:38,Mono Basin,Mono Lk. Elevation,6382.4
2026-08-02 13:58:38,Mono Basin,Grant Lk. Elevation,7130.1
2026-08-02 13:58:38,Long Valley,Long Valley Elevation,6774.5
2026-08-02 13:58:38,Northern Owens Valley,Pleasant Valley Elevation,4384.4
2026-08-02 13:58:38,Southern Owens Valley,LAA at Alabama Level,7.8
2026-08-02 13:58:38,Southern Owens Valley,LAA at Alabama Water Temp,71.9
2026-08-02 13:58:38,Southern Owens Valley,LAA at Cottonwood Level,9.1
2026-08-02 13:58:38,Southern Owens Valley,LAA at Cotton. Water Temp,74.6
2026-08-02 13:58:38,Southern Owens Valley,N. Haiwee Elevation,3757.0
2026-08-02 13:58:38,Southern Owens Valley,S. Haiwee Reservoir Elevation,3727.5
2026-08-02 13:58:38,Southern District,S. Haiwee Reservoir Elevation,3727.5
2026-08-02 13:58:38,Southern District,Fairmont Reservoir Elevation,3026.1
2026-08-02 13:58:38,Southern District,Bouquet Reservoir Elevation,2982.7
2026-08-02 14:13:37,Mono Basin,Lee Vining Intake Above Flow,35.4
2026-08-02 14:13:37,Mono Basin,Lee Vining Intake Below Flow,30.0
2026-08-02 14:13:37,Mono Basin,Walker Ck. Above Conduit Flow,5.0
2026-08-02 14:13:37,Mono Basin,L.V. Conduit Below Intake Flow,4.3
2026-08-02 14:13:37,Mono Basin,Walker Ck. Under Conduit Flow,5.0
2026-08-02 14:13:37,Mono Basin,Parker Ck. Under Conduit Flow,15.0
2026-08-02 14:13:37,Mono Basin,Parker Ck. Above Conduit Flow,17.0
2026-08-02 14:13:37,Mono Basin,Grant Lk. Spill Flow,3.5
2026-08-02 14:13:37,Mono Basin,Mono Gate 1 Return Ditch Flow,40.2
2026-08-02 14:13:37,Mono Basin,Grant Lk. Outflow,40.9
2026-08-02 14:13:37,Mono Basin,Rush Ck. at Damsite Flow,52.2
2026-08-02 14:13:37,Mono Basin,Flow to West Portal,0.0
2026-08-02 14:13:37,Long Valley,East Portal Flow,12.0
2026-08-02 14:13:37,Long Valley,OR Below EP Flow,57.0
2026-08-02 14:13:37,Long Valley,Hot Ck.at Hwy. Flow,11.0
2026-08-02 14:13:37,Long Valley,McGee Ck. Lower Sta. Flow,7.3
2026-08-02 14:13:37,Long Valley,Long Valley Current Outflow,0.0
2026-08-02 14:13:37,Long Valley,Rock Ck. Div. Flow,0.4
2026-08-02 14:13:37,Long Valley,Upper Gorge Total Release,40.4
2026-08-02 14:13:37,Long Valley,Release at Middle Gorge,0.0
2026-08-02 14:13:37,Northern Owens Valley,Rock Ck. At Owens River (PV) Flow,26.6
2026-08-02 14:13:37,Northern Owens Valley,Pleasant Valley Outflow,397.3
2026-08-02 14:13:37,Northern Owens Valley,Baker Ck. At LA Station Flow,6.4
2026-08-02 14:13:37,Northern Owens Valley,Big Pine Ck. USGS Flow,48.9
2026-08-02 14:13:37,Northern Owens Valley,O.R. Below Big Pine,431.1
2026-08-02 14:13:37,Northern Owens Valley,Fish Springs At RR Flow,36.5
2026-08-02 14:13:37,Northern Owens Valley,Tinemaha Reservoir Outflow,473.3
2026-08-02 14:13:37,Northern Owens Valley,Bishop Creek Through Plant 6,100.5
2026-08-02 14:13:37,Northern Owens Valley,Bishop Creek Around Plant 6,7.8
2026-08-02 14:13:37,Southern Owens Valley,Tinemaha Reservoir Outflow,473.3
2026-08-02 14:13:37,Southern Owens Valley,Indep. Ck. At Junction Flow,8.6
2026-08-02 14:13:37,Southern Owens Valley,LAA at Alabama Flow,396.0
2026-08-02 14:13:37,Southern Owens Valley,Cottonwood Ck. At LAA Flow,0.0
2026-08-02 14:13:37,Southern Owens Valley,LAA at Cottonwood Flow,480.0
2026-08-02 14:13:37,Southern Owens Valley,Haiwee LAA #1 Current Flow,0.0
2026-08-02 14:13:37,Southern Owens Valley,Haiwee LAA #2 Current Flow,241.0
2026-08-02 14:13:37,Southern Owens Valley,Reinhackel Flow,2.9
2026-08-02 14:13:37,Southern Owens Valley,Lubkin Spillgate Outflow,0.0
2026-08-02 14:13:37,Southern Owens Valley,Cartago Spillgate Outflow,2.3
2026-08-02 14:13:37,Southern Owens Valley,Lone Pine Creek Flow,14.8
2026-08-02 14:13:37,Lower Owens River Project,LORP Intake Flow,81.0
2026-08-02 14:13:37,Lower Owens River Project,LORP at Mazourka Canyon Road,0.0
2026-08-02 14:13:37,Lower Owens River Project,LORP at Reinhackle Springs,76.0
2026-08-02 14:13:37,Lower Owens River Project,LORP Above Pumpstation,51.0
2026-08-02 14:13:37,Lower Owens River Project,LORP At Pump Station Discharge Flow,48.0
2026-08-02 14:13:37,Southern District,Haiwee LAA #2 Current Flow,241.0
2026-08-02 14:13:37,Southern District,Haiwee LAA #1 Current Flow,0.0
2026-08-02 14:13:37,Southern District,LAA #1 Flow at Fairmont Reservoir,413.5
2026-08-02 14:13:37,Southern District,LAA #2 Flow at Fairmont Res.,254.5
2026-08-02 14:13:37,Southern District,Bouquet Reservoir Inflow,25.4
2026-08-02 14:13:37,Southern District,Bouquet Reservoir Outflow,0.5
2026-08-02 14:13:37,Southern District,LAA #1 at Soledad Flow,271.3
2026-08-02 14:13:37,Southern District,LAA #2 at Soledad Flow,297.3
2026-08-02 14:13:38,Mono Basin,Mono Lk. Elevation,6382.4
2026-08-02 14:13:38,Mono Basin,Grant Lk. Elevation,7130.1
2026-08-02 14:13:38,Long Valley,Long Valley Elevation,6774.5
2026-08-02 14:13:38,Northern Owens Valley,Pleasant Valley Elevation,4384.3
2026-08-02 14:13:38,Southern Owens Valley,LAA at Alabama Level,7.8
2026-08-02 14:13:38,Southern Owens Valley,LAA at Alabama Water Temp,71.9
2026-08-02 14:13:38,Southern Owens Valley,LAA at Cottonwood Level,9.1
2026-08-02 14:13:38,Southern Owens Valley,LAA at Cotton. Water Temp,74.8
2026-08-02 14:13:38,Southern Owens Valley,N. Haiwee Elevation,3757.0
2026-08-02 14:13:38,Southern Owens Valley,S. Haiwee Reservoir Elevation,3727.5
2026-08-02 14:13:38,Southern District,S. Haiwee Reservoir Elevation,3727.5
2026-08-02 14:13:38,Southern District,Fairmont Reservoir Elevation,3026.1
2026-08-02 14:13:38,Southern District,Bouquet Reservoir Elevation,2982.7
2026-08-02 14:28:37,Mono Basin,Lee Vining Intake Above Flow,35.4
2026-08-02 14:28:37,Mono Basin,Lee Vining Intake Below Flow,30.0
2026-08-02 14:28:37,Mono Basin,Walker Ck. Above Conduit Flow,5.0
2026-08-02 14:28:37,Mono Basin,L.V. Conduit Below Intake Flow,4.3
2026-08-02 14:28:37,Mono Basin,Walker Ck. Under Conduit Flow,5.0
2026-08-02 14:28:37,Mono Basin,Parker Ck. Under Conduit Flow,15.0
2026-08-02 14:28:37,Mono Basin,Parker Ck. Above Conduit Flow,17.0
2026-08-02 14:28:37,Mono Basin,Grant Lk. Spill Flow,3.5
2026-08-02 14:28:37,Mono Basin,Mono Gate 1 Return Ditch Flow,40.3
2026-08-02 14:28:37,Mono Basin,Grant Lk. Outflow,41.0
2026-08-02 14:28:37,Mono Basin,Rush Ck. at Damsite Flow,52.2
2026-08-02 14:28:37,Mono Basin,Flow to West Portal,0.0
2026-08-02 14:28:37,Long Valley,East Portal Flow,12.0
2026-08-02 14:28:37,Long Valley,OR Below EP Flow,57.0
2026-08-02 14:28:37,Long Valley,Hot Ck.at Hwy. Flow,11.0
2026-08-02 14:28:37,Long Valley,McGee Ck. Lower Sta. Flow,7.3
2026-08-02 14:28:37,Long Valley,Long Valley Current Outflow,0.0
2026-08-02 14:28:37,Long Valley,Rock Ck. Div. Flow,0.4
2026-08-02 14:28:37,Long Valley,Upper Gorge Total Release,40.3
2026-08-02 14:28:37,Long Valley,Release at Middle Gorge,0.0
2026-08-02 14:28:37,Northern Owens Valley,Rock Ck. At Owens River (PV) Flow,26.4
2026-08-02 14:28:37,Northern Owens Valley,Pleasant Valley Outflow,395.4
2026-08-02 14:28:37,Northern Owens Valley,Baker Ck. At LA Station Flow,6.4
2026-08-02 14:28:37,Northern Owens Valley,Big Pine Ck. USGS Flow,48.9
2026-08-02 14:28:37,Northern Owens Valley,O.R. Below Big Pine,430.5
2026-08-02 14:28:37,Northern Owens Valley,Fish Springs At RR Flow,36.5
2026-08-02 14:28:37,Northern Owens Valley,Tinemaha Reservoir Outflow,473.3
2026-08-02 14:28:37,Northern Owens Valley,Bishop Creek Through Plant 6,100.5
2026-08-02 14:28:37,Northern Owens Valley,Bishop Creek Around Plant 6,7.8
2026-08-02 14:28:37,Southern Owens Valley,Tinemaha Reservoir Outflow,473.3
2026-08-02 14:28:37,Southern Owens Valley,Indep. Ck. At Junction Flow,8.6
2026-08-02 14:28:37,Southern Owens Valley,LAA at Alabama Flow,396.0
2026-08-02 14:28:37,Southern Owens Valley,Cottonwood Ck. At LAA Flow,0.0
2026-08-02 14:28:37,Southern Owens Valley,LAA at Cottonwood Flow,480.0
2026-08-02 14:28:37,Southern Owens Valley,Haiwee LAA #1 Current Flow,0.0
2026-08-02 14:28:37,Southern Owens Valley,Haiwee LAA #2 Current Flow,241.0
2026-08-02 14:28:37,Southern Owens Valley,Reinhackel Flow,2.9
2026-08-02 14:28:37,Southern Owens Valley,Lubkin Spillgate Outflow,0.0
2026-08-02 14:28:37,Southern Owens Valley,Cartago Spillgate Outflow,2.5
2026-08-02 14:28:37,Southern Owens Valley,Lone Pine Creek Flow,14.8
2026-08-02 14:28:37,Lower Owens River Project,LORP Intake Flow,81.0
2026-08-02 14:28:37,Lower Owens River Project,LORP at Mazourka Canyon Road,0.0
2026-08-02 14:28:37,Lower Owens River Project,LORP at Reinhackle Springs,71.0
2026-08-02 14:28:37,Lower Owens River Project,LORP Above Pumpstation,50.0
2026-08-02 14:28:37,Lower Owens River Project,LORP At Pump Station Discharge Flow,47.0
2026-08-02 14:28:37,Southern District,Haiwee LAA #2 Current Flow,241.0
2026-08-02 14:28:37,Southern District,Haiwee LAA #1 Current Flow,0.0
2026-08-02 14:28:37,Southern District,LAA #1 Flow at Fairmont Reservoir,413.3
2026-08-02 14:28:37,Southern District,LAA #2 Flow at Fairmont Res.,254.7
2026-08-02 14:28:37,Southern District,Bouquet Reservoir Inflow,25.4
2026-08-02 14:28:37,Southern District,Bouquet Reservoir Outflow,0.5
2026-08-02 14:28:37,Southern District,LAA #1 at Soledad Flow,271.3
2026-08-02 14:28:37,Southern District,LAA #2 at Soledad Flow,297.3
2026-08-02 14:28:38,Northern Owens Valley,Tinemaha Elevation,3860.8
2026-08-02 14:28:38,Southern Owens Valley,Tinemaha Elevation,3860.8
2026-08-02 14:28:38,Mono Basin,Mono Lk. Elevation,6382.4
2026-08-02 14:28:38,Mono Basin,Grant Lk. Elevation,7130.1
2026-08-02 14:28:38,Long Valley,Long Valley Elevation,6774.5
2026-08-02 14:28:38,Northern Owens Valley,Pleasant Valley Elevation,4384.2
2026-08-02 14:28:38,Southern Owens Valley,LAA at Alabama Level,7.8
2026-08-02 14:28:38,Southern Owens Valley,LAA at Alabama Water Temp,71.9
2026-08-02 14:28:38,Southern Owens Valley,LAA at Cottonwood Level,9.1
2026-08-02 14:28:38,Southern Owens Valley,LAA at Cotton. Water Temp,74.8
2026-08-02 14:28:38,Southern Owens Valley,N. Haiwee Elevation,3757.0
2026-08-02 14:28:38,Southern Owens Valley,S. Haiwee Reservoir Elevation,3727.5
2026-08-02 14:28:38,Southern District,S. Haiwee Reservoir Elevation,3727.5
2026-08-02 14:28:38,Southern District,Fairmont Reservoir Elevation,3026.2
2026-08-02 14:28:38,Southern District,Bouquet Reservoir Elevation,2982.7
2026-08-02 14:43:37,Mono Basin,Walker Ck. Under Conduit Flow,5.0
2026-08-02 14:43:37,Long Valley,Hot Ck.at Hwy. Flow,11.0
2026-08-02 14:43:37,Long Valley,McGee Ck. Lower Sta. Flow,7.3
2026-08-02 14:43:37,Long Valley,Long Valley Current Outflow,0.0
2026-08-02 14:43:37,Long Valley,Rock Ck. Div. Flow,0.4
2026-08-02 14:43:37,Long Valley,Upper Gorge Total Release,40.4
2026-08-02 14:43:37,Long Valley,Release at Middle Gorge,0.0
2026-08-02 14:43:37,Northern Owens Valley,Rock Ck. At Owens River (PV) Flow,26.4
2026-08-02 14:43:37,Northern Owens Valley,Pleasant Valley Outflow,394.1
2026-08-02 14:43:37,Northern Owens Valley,Baker Ck. At LA Station Flow,6.4
2026-08-02 14:43:37,Northern Owens Valley,Big Pine Ck. USGS Flow,48.9
2026-08-02 14:43:37,Northern Owens Valley,O.R. Below Big Pine,430.9
2026-08-02 14:43:37,Northern Owens Valley,Fish Springs At RR Flow,36.5
2026-08-02 14:43:37,Northern Owens Valley,Tinemaha Reservoir Outflow,473.3
2026-08-02 14:43:37,Northern Owens Valley,Bishop Creek Through Plant 6,100.5
2026-08-02 14:43:37,Northern Owens Valley,Bishop Creek Around Plant 6,7.8
2026-08-02 14:43:37,Southern Owens Valley,Tinemaha Reservoir Outflow,473.3
2026-08-02 14:43:37,Southern Owens Valley,Indep. Ck. At Junction Flow,8.6
2026-08-02 14:43:37,Southern Owens Valley,LAA at Alabama Flow,396.0
2026-08-02 14:43:37,Southern Owens Valley,Cottonwood Ck. At LAA Flow,0.0
2026-08-02 14:43:37,Southern Owens Valley,LAA at Cottonwood Flow,481.0
2026-08-02 14:43:37,Southern Owens Valley,Haiwee LAA #1 Current Flow,0.0
2026-08-02 14:43:37,Southern Owens Valley,Haiwee LAA #2 Current Flow,241.0
2026-08-02 14:43:37,Southern Owens Valley,Reinhackel Flow,2.9
2026-08-02 14:43:37,Southern Owens Valley,Lubkin Spillgate Outflow,0.0
2026-08-02 14:43:37,Southern Owens Valley,Cartago Spillgate Outflow,2.5
2026-08-02 14:43:37,Southern Owens Valley,Lone Pine Creek Flow,14.6
2026-08-02 14:43:37,Lower Owens River Project,LORP Intake Flow,78.0
2026-08-02 14:43:37,Lower Owens River Project,LORP at Mazourka Canyon Road,0.0
2026-08-02 14:43:37,Lower Owens River Project,LORP at Reinhackle Springs,71.0
2026-08-02 14:43:37,Lower Owens River Project,LORP Above Pumpstation,51.0
2026-08-02 14:43:37,Lower Owens River Project,LORP At Pump Station Discharge Flow,48.0
2026-08-02 14:43:37,Southern District,Haiwee LAA #2 Current Flow,241.0
2026-08-02 14:43:37,Southern District,Haiwee LAA #1 Current Flow,0.0
2026-08-02 14:43:38,Mono Basin,Lee Vining Intake Above Flow,35.6
2026-08-02 14:43:38,Mono Basin,Lee Vining Intake Below Flow,29.9
2026-08-02 14:43:38,Mono Basin,Mono Lk. Elevation,6382.4
2026-08-02 14:43:38,Mono Basin,Walker Ck. Above Conduit Flow,5.0
2026-08-02 14:43:38,Mono Basin,L.V. Conduit Below Intake Flow,4.3
2026-08-02 14:43:38,Mono Basin,Parker Ck. Under Conduit Flow,15.0
2026-08-02 14:43:38,Mono Basin,Parker Ck. Above Conduit Flow,17.0
2026-08-02 14:43:38,Mono Basin,Grant Lk. Spill Flow,3.5
2026-08-02 14:43:38,Mono Basin,Mono Gate 1 Return Ditch Flow,40.3
2026-08-02 14:43:38,Mono Basin,Grant Lk. Elevation,7130.1
2026-08-02 14:43:38,Mono Basin,Grant Lk. Outflow,41.0
2026-08-02 14:43:38,Mono Basin,Rush Ck. at Damsite Flow,52.2
2026-08-02 14:43:38,Mono Basin,Flow to West Portal,0.0
2026-08-02 14:43:38,Long Valley,East Portal Flow,12.0
2026-08-02 14:43:38,Long Valley,OR Below EP Flow,57.0
2026-08-02 14:43:38,Long Valley,Long Valley Elevation,6774.5
2026-08-02 14:43:38,Northern Owens Valley,Pleasant Valley Elevation,4384.1
2026-08-02 14:43:38,Southern Owens Valley,LAA at Alabama Level,7.8
2026-08-02 14:43:38,Southern Owens Valley,LAA at Alabama Water Temp,71.9
2026-08-02 14:43:38,Southern Owens Valley,LAA at Cottonwood Level,9.1
2026-08-02 14:43:38,Southern Owens Valley,LAA at Cotton. Water Temp,75.0
2026-08-02 14:43:38,Southern Owens Valley,N. Haiwee Elevation,3757.0
2026-08-02 14:43:38,Southern Owens Valley,S. Haiwee Reservoir Elevation,3727.5
2026-08-02 14:43:38,Southern District,S. Haiwee Reservoir Elevation,3727.5
2026-08-02 14:43:38,Southern District,Fairmont Reservoir Elevation,3026.2
2026-08-02 14:43:38,Southern District,LAA #1 Flow at Fairmont Reservoir,413.9
2026-08-02 14:43:38,Southern District,LAA #2 Flow at Fairmont Res.,254.6
2026-08-02 14:43:38,Southern District,Bouquet Reservoir Elevation,2982.7
2026-08-02 14:43:38,Southern District,Bouquet Reservoir Inflow,25.7
2026-08-02 14:43:38,Southern District,Bouquet Reservoir Outflow,0.5
2026-08-02 14:43:38,Southern District,LAA #1 at Soledad Flow,271.3
2026-08-02 14:43:38,Southern District,LAA #2 at Soledad Flow,297.3
2026-08-02 14:58:37,Mono Basin,Lee Vining Intake Above Flow,35.6
2026-08-02 14:58:37,Mono Basin,Lee Vining Intake Below Flow,29.9
2026-08-02 14:58:37,Mono Basin,Walker Ck. Above Conduit Flow,5.0
2026-08-02 14:58:37,Mono Basin,L.V. Conduit Below Intake Flow,4.3
2026-08-02 14:58:37,Mono Basin,Walker Ck. Under Conduit Flow,5.0
2026-08-02 14:58:37,Mono Basin,Parker Ck. Under Conduit Flow,15.0
2026-08-02 14:58:37,Mono Basin,Parker Ck. Above Conduit Flow,17.0
2026-08-02 14:58:37,Mono Basin,Grant Lk. Spill Flow,3.5
2026-08-02 14:58:37,Mono Basin,Mono Gate 1 Return Ditch Flow,40.3
2026-08-02 14:58:37,Mono Basin,Grant Lk. Outflow,41.0
2026-08-02 14:58:37,Mono Basin,Rush Ck. at Damsite Flow,52.2
2026-08-02 14:58:37,Mono Basin,Flow to West Portal,0.0
2026-08-02 14:58:37,Long Valley,East Portal Flow,12.0
2026-08-02 14:58:37,Long Valley,OR Below EP Flow,56.0
2026-08-02 14:58:37,Long Valley,Hot Ck.at Hwy. Flow,11.0
2026-08-02 14:58:37,Long Valley,McGee Ck. Lower Sta. Flow,7.3
2026-08-02 14:58:37,Long Valley,Long Valley Current Outflow,0.0
2026-08-02 14:58:37,Long Valley,Rock Ck. Div. Flow,0.4
2026-08-02 14:58:37,Long Valley,Upper Gorge Total Release,41.0
2026-08-02 14:58:37,Long Valley,Release at Middle Gorge,0.0
2026-08-02 14:58:37,Northern Owens Valley,Rock Ck. At Owens River (PV) Flow,26.0
2026-08-02 14:58:37,Northern Owens Valley,Pleasant Valley Outflow,392.6
2026-08-02 14:58:37,Northern Owens Valley,Baker Ck. At LA Station Flow,6.0
2026-08-02 14:58:37,Northern Owens Valley,Big Pine Ck. USGS Flow,48.9
2026-08-02 14:58:37,Northern Owens Valley,O.R. Below Big Pine,429.9
2026-08-02 14:58:37,Northern Owens Valley,Fish Springs At RR Flow,36.5
2026-08-02 14:58:37,Northern Owens Valley,Tinemaha Reservoir Outflow,473.3
2026-08-02 14:58:37,Northern Owens Valley,Bishop Creek Through Plant 6,102.3
2026-08-02 14:58:37,Northern Owens Valley,Bishop Creek Around Plant 6,7.7
2026-08-02 14:58:37,Southern Owens Valley,Tinemaha Reservoir Outflow,473.3
2026-08-02 14:58:37,Southern Owens Valley,Indep. Ck. At Junction Flow,8.6
2026-08-02 14:58:37,Southern Owens Valley,LAA at Alabama Flow,396.0
2026-08-02 14:58:37,Southern Owens Valley,Cottonwood Ck. At LAA Flow,0.0
2026-08-02 14:58:37,Southern Owens Valley,LAA at Cottonwood Flow,481.0
2026-08-02 14:58:37,Southern Owens Valley,Haiwee LAA #1 Current Flow,0.0
2026-08-02 14:58:37,Southern Owens Valley,Haiwee LAA #2 Current Flow,241.0
2026-08-02 14:58:37,Southern Owens Valley,Reinhackel Flow,2.9
2026-08-02 14:58:37,Southern Owens Valley,Lubkin Spillgate Outflow,0.0
2026-08-02 14:58:37,Southern Owens Valley,Cartago Spillgate Outflow,1.7
2026-08-02 14:58:37,Southern Owens Valley,Lone Pine Creek Flow,14.6
2026-08-02 14:58:37,Lower Owens River Project,LORP Intake Flow,78.0
2026-08-02 14:58:37,Lower Owens River Project,LORP at Mazourka Canyon Road,0.0
2026-08-02 14:58:37,Lower Owens River Project,LORP at Reinhackle Springs,71.0
2026-08-02 14:58:37,Lower Owens River Project,LORP Above Pumpstation,51.0
2026-08-02 14:58:37,Lower Owens River Project,LORP At Pump Station Discharge Flow,48.0
2026-08-02 14:58:37,Southern District,Haiwee LAA #2 Current Flow,241.0
2026-08-02 14:58:37,Southern District,Haiwee LAA #1 Current Flow,0.0
2026-08-02 14:58:37,Southern District,LAA #1 Flow at Fairmont Reservoir,413.1
2026-08-02 14:58:37,Southern District,LAA #2 Flow at Fairmont Res.,254.6
2026-08-02 14:58:37,Southern District,Bouquet Reservoir Inflow,25.7
2026-08-02 14:58:37,Southern District,Bouquet Reservoir Outflow,0.5
2026-08-02 14:58:37,Southern District,LAA #1 at Soledad Flow,271.3
2026-08-02 14:58:37,Southern District,LAA #2 at Soledad Flow,297.3
2026-08-02 14:58:38,Northern Owens Valley,Tinemaha Elevation,3860.8
2026-08-02 14:58:38,Southern Owens Valley,Tinemaha Elevation,3860.8
2026-08-02 14:58:38,Mono Basin,Mono Lk. Elevation,6382.4
2026-08-02 14:58:38,Mono Basin,Grant Lk. Elevation,7130.1
2026-08-02 14:58:38,Long Valley,Long Valley Elevation,6774.5
2026-08-02 14:58:38,Northern Owens Valley,Pleasant Valley Elevation,4384.1
2026-08-02 14:58:38,Southern Owens Valley,LAA at Alabama Level,7.8
2026-08-02 14:58:38,Southern Owens Valley,LAA at Alabama Water Temp,71.9
2026-08-02 14:58:38,Southern Owens Valley,LAA at Cottonwood Level,9.1
2026-08-02 14:58:38,Southern Owens Valley,LAA at Cotton. Water Temp,75.0
2026-08-02 14:58:38,Southern Owens Valley,N. Haiwee Elevation,3757.0
2026-08-02 14:58:38,Southern Owens Valley,S. Haiwee Reservoir Elevation,3727.5
2026-08-02 14:58:38,Southern District,S. Haiwee Reservoir Elevation,3727.5
2026-08-02 14:58:38,Southern District,Fairmont Reservoir Elevation,3026.3
2026-08-02 14:58:38,Southern District,Bouquet Reservoir Elevation,2982.7
2026-08-02 15:28:38,Northern Owens Valley,Tinemaha Elevation,3860.8
2026-08-02 15:28:38,Southern Owens Valley,Tinemaha Elevation,3860.8
2026-08-02 15:43:37,Mono Basin,Lee Vining Intake Above Flow,35.1
2026-08-02 15:43:37,Mono Basin,Lee Vining Intake Below Flow,29.9
2026-08-02 15:43:37,Mono Basin,Walker Ck. Above Conduit Flow,5.0
2026-08-02 15:43:37,Mono Basin,L.V. Conduit Below Intake Flow,4.2
2026-08-02 15:43:37,Mono Basin,Walker Ck. Under Conduit Flow,5.0
2026-08-02 15:43:37,Mono Basin,Parker Ck. Under Conduit Flow,15.0
2026-08-02 15:43:37,Mono Basin,Parker Ck. Above Conduit Flow,16.0
2026-08-02 15:43:37,Mono Basin,Grant Lk. Spill Flow,3.5
2026-08-02 15:43:37,Mono Basin,Mono Gate 1 Return Ditch Flow,40.3
2026-08-02 15:43:37,Mono Basin,Grant Lk. Outflow,40.9
2026-08-02 15:43:37,Mono Basin,Rush Ck. at Damsite Flow,52.2
2026-08-02 15:43:37,Mono Basin,Flow to West Portal,0.0
2026-08-02 15:43:37,Long Valley,East Portal Flow,12.0
2026-08-02 15:43:37,Long Valley,OR Below EP Flow,56.0
2026-08-02 15:43:37,Long Valley,Hot Ck.at Hwy. Flow,11.0
2026-08-02 15:43:37,Long Valley,McGee Ck. Lower Sta. Flow,7.0
2026-08-02 15:43:37,Long Valley,Long Valley Current Outflow,0.0
2026-08-02 15:43:37,Long Valley,Rock Ck. Div. Flow,0.4
2026-08-02 15:43:37,Long Valley,Upper Gorge Total Release,41.0
2026-08-02 15:43:37,Long Valley,Release at Middle Gorge,0.0
2026-08-02 15:43:37,Northern Owens Valley,Rock Ck. At Owens River (PV) Flow,25.8
2026-08-02 15:43:37,Northern Owens Valley,Pleasant Valley Outflow,390.3
2026-08-02 15:43:37,Northern Owens Valley,Baker Ck. At LA Station Flow,6.0
2026-08-02 15:43:37,Northern Owens Valley,Big Pine Ck. USGS Flow,46.4
2026-08-02 15:43:37,Northern Owens Valley,O.R. Below Big Pine,429.9
2026-08-02 15:43:37,Northern Owens Valley,Fish Springs At RR Flow,36.5
2026-08-02 15:43:37,Northern Owens Valley,Tinemaha Reservoir Outflow,473.3
2026-08-02 15:43:37,Northern Owens Valley,Bishop Creek Through Plant 6,101.2
2026-08-02 15:43:37,Northern Owens Valley,Bishop Creek Around Plant 6,7.3
2026-08-02 15:43:37,Southern Owens Valley,Tinemaha Reservoir Outflow,473.3
2026-08-02 15:43:37,Southern Owens Valley,Indep. Ck. At Junction Flow,8.6
2026-08-02 15:43:37,Southern Owens Valley,LAA at Alabama Flow,396.0
2026-08-02 15:43:37,Southern Owens Valley,Cottonwood Ck. At LAA Flow,0.0
2026-08-02 15:43:37,Southern Owens Valley,LAA at Cottonwood Flow,482.0
2026-08-02 15:43:37,Southern Owens Valley,Haiwee LAA #1 Current Flow,0.0
2026-08-02 15:43:37,Southern Owens Valley,Haiwee LAA #2 Current Flow,241.0
2026-08-02 15:43:37,Southern Owens Valley,Reinhackel Flow,2.9
2026-08-02 15:43:37,Southern Owens Valley,Lubkin Spillgate Outflow,0.0
2026-08-02 15:43:37,Southern Owens Valley,Cartago Spillgate Outflow,1.0
2026-08-02 15:43:37,Southern Owens Valley,Lone Pine Creek Flow,14.3
2026-08-02 15:43:37,Lower Owens River Project,LORP Intake Flow,78.0
2026-08-02 15:43:37,Lower Owens River Project,LORP at Mazourka Canyon Road,0.0
2026-08-02 15:43:37,Lower Owens River Project,LORP at Reinhackle Springs,75.0
2026-08-02 15:43:37,Lower Owens River Project,LORP Above Pumpstation,50.0
2026-08-02 15:43:37,Lower Owens River Project,LORP At Pump Station Discharge Flow,47.0
2026-08-02 15:43:37,Southern District,Haiwee LAA #2 Current Flow,241.0
2026-08-02 15:43:37,Southern District,Haiwee LAA #1 Current Flow,0.0
2026-08-02 15:43:37,Southern District,LAA #1 Flow at Fairmont Reservoir,413.8
2026-08-02 15:43:37,Southern District,LAA #2 Flow at Fairmont Res.,254.8
2026-08-02 15:43:37,Southern District,Bouquet Reservoir Inflow,25.7
2026-08-02 15:43:37,Southern District,Bouquet Reservoir Outflow,0.5
2026-08-02 15:43:37,Southern District,LAA #1 at Soledad Flow,271.3
2026-08-02 15:43:37,Southern District,LAA #2 at Soledad Flow,297.3
2026-08-02 15:43:38,Mono Basin,Mono Lk. Elevation,6382.4
2026-08-02 15:43:38,Mono Basin,Grant Lk. Elevation,7130.1
2026-08-02 15:43:38,Long Valley,Long Valley Elevation,6774.5
2026-08-02 15:43:38,Northern Owens Valley,Pleasant Valley Elevation,4383.8
2026-08-02 15:43:38,Southern Owens Valley,LAA at Alabama Level,7.8
2026-08-02 15:43:38,Southern Owens Valley,LAA at Alabama Water Temp,71.9
2026-08-02 15:43:38,Southern Owens Valley,LAA at Cottonwood Level,9.2
2026-08-02 15:43:38,Southern Owens Valley,LAA at Cotton. Water Temp,75.2
2026-08-02 15:43:38,Southern Owens Valley,N. Haiwee Elevation,3757.0
2026-08-02 15:43:38,Southern Owens Valley,S. Haiwee Reservoir Elevation,3727.5
2026-08-02 15:43:38,Southern District,S. Haiwee Reservoir Elevation,3727.5
2026-08-02 15:43:38,Southern District,Fairmont Reservoir Elevation,3026.4
2026-08-02 15:43:38,Southern District,Bouquet Reservoir Elevation,2982.7
2026-08-02 15:58:38,Northern Owens Valley,Tinemaha Elevation,3860.8
2026-08-02 15:58:38,Southern Owens Valley,Tinemaha Elevation,3860.8
2026-08-02 16:28:38,Northern Owens Valley,Tinemaha Elevation,3860.8
2026-08-02 16:28:38,Southern Owens Valley,Tinemaha Elevation,3860.8
2026-08-02 16:43:38,Mono Basin,Lee Vining Intake Above Flow,34.6
2026-08-02 16:43:38,Mono Basin,Lee Vining Intake Below Flow,29.7
2026-08-02 16:43:38,Mono Basin,Mono Lk. Elevation,6382.4
2026-08-02 16:43:38,Mono Basin,Walker Ck. Above Conduit Flow,5.0
2026-08-02 16:43:38,Mono Basin,L.V. Conduit Below Intake Flow,4.2
2026-08-02 16:43:38,Mono Basin,Walker Ck. Under Conduit Flow,5.0
2026-08-02 16:43:38,Mono Basin,Parker Ck. Under Conduit Flow,15.0
2026-08-02 16:43:38,Mono Basin,Parker Ck. Above Conduit Flow,16.0
2026-08-02 16:43:38,Mono Basin,Grant Lk. Spill Flow,3.5
2026-08-02 16:43:38,Mono Basin,Mono Gate 1 Return Ditch Flow,40.3
2026-08-02 16:43:38,Mono Basin,Grant Lk. Elevation,7130.1
2026-08-02 16:43:38,Mono Basin,Grant Lk. Outflow,41.2
2026-08-02 16:43:38,Mono Basin,Rush Ck. at Damsite Flow,52.2
2026-08-02 16:43:38,Mono Basin,Flow to West Portal,0.0
2026-08-02 16:43:38,Long Valley,East Portal Flow,12.0
2026-08-02 16:43:38,Long Valley,OR Below EP Flow,56.0
2026-08-02 16:43:38,Long Valley,Hot Ck.at Hwy. Flow,10.0
2026-08-02 16:43:38,Long Valley,McGee Ck. Lower Sta. Flow,7.0
2026-08-02 16:43:38,Long Valley,Long Valley Elevation,6774.5
2026-08-02 16:43:38,Long Valley,Long Valley Current Outflow,41.2
2026-08-02 16:43:38,Long Valley,Rock Ck. Div. Flow,0.3
2026-08-02 16:43:38,Long Valley,Upper Gorge Total Release,41.5
2026-08-02 16:43:38,Long Valley,Release at Middle Gorge,0.0
2026-08-02 16:43:38,Northern Owens Valley,Rock Ck. At Owens River (PV) Flow,25.2
2026-08-02 16:43:38,Northern Owens Valley,Pleasant Valley Elevation,4383.5
2026-08-02 16:43:38,Northern Owens Valley,Pleasant Valley Outflow,387.6
2026-08-02 16:43:38,Northern Owens Valley,Baker Ck. At LA Station Flow,6.0
2026-08-02 16:43:38,Northern Owens Valley,Big Pine Ck. USGS Flow,46.4
2026-08-02 16:43:38,Northern Owens Valley,O.R. Below Big Pine,428.1
2026-08-02 16:43:38,Northern Owens Valley,Fish Springs At RR Flow,36.5
2026-08-02 16:43:38,Northern Owens Valley,Tinemaha Reservoir Outflow,473.3
2026-08-02 16:43:38,Northern Owens Valley,Bishop Creek Through Plant 6,96.0
2026-08-02 16:43:38,Northern Owens Valley,Bishop Creek Around Plant 6,7.2
2026-08-02 16:43:38,Southern Owens Valley,Tinemaha Reservoir Outflow,473.3
2026-08-02 16:43:38,Southern Owens Valley,Indep. Ck. At Junction Flow,8.6
2026-08-02 16:43:38,Southern Owens Valley,LAA at Alabama Flow,396.0
2026-08-02 16:43:38,Southern Owens Valley,LAA at Alabama Level,7.8
2026-08-02 16:43:38,Southern Owens Valley,LAA at Alabama Water Temp,71.9
2026-08-02 16:43:38,Southern Owens Valley,Cottonwood Ck. At LAA Flow,0.0
2026-08-02 16:43:38,Southern Owens Valley,LAA at Cottonwood Flow,483.0
2026-08-02 16:43:38,Southern Owens Valley,LAA at Cottonwood Level,9.2
2026-08-02 16:43:38,Southern Owens Valley,LAA at Cotton. Water Temp,75.3
2026-08-02 16:43:38,Southern Owens Valley,N. Haiwee Elevation,3757.0
2026-08-02 16:43:38,Southern Owens Valley,S. Haiwee Reservoir Elevation,3727.5
2026-08-02 16:43:38,Southern Owens Valley,Haiwee LAA #1 Current Flow,0.0
2026-08-02 16:43:38,Southern Owens Valley,Haiwee LAA #2 Current Flow,241.0
2026-08-02 16:43:38,Southern Owens Valley,Reinhackel Flow,2.9
2026-08-02 16:43:38,Southern Owens Valley,Lubkin Spillgate Outflow,0.0
2026-08-02 16:43:38,Southern Owens Valley,Cartago Spillgate Outflow,3.8
2026-08-02 16:43:38,Southern Owens Valley,Lone Pine Creek Flow,14.0
2026-08-02 16:43:38,Lower Owens River Project,LORP Intake Flow,78.0
2026-08-02 16:43:38,Lower Owens River Project,LORP at Mazourka Canyon Road,0.0
2026-08-02 16:43:38,Lower Owens River Project,LORP at Reinhackle Springs,72.0
2026-08-02 16:43:38,Lower Owens River Project,LORP Above Pumpstation,40.0
2026-08-02 16:43:38,Lower Owens River Project,LORP At Pump Station Discharge Flow,37.0
2026-08-02 16:43:38,Southern District,Haiwee LAA #2 Current Flow,241.0
2026-08-02 16:43:38,Southern District,S. Haiwee Reservoir Elevation,3727.5
2026-08-02 16:43:38,Southern District,Haiwee LAA #1 Current Flow,0.0
2026-08-02 16:43:38,Southern District,Fairmont Reservoir Elevation,3026.5
2026-08-02 16:43:38,Southern District,LAA #1 Flow at Fairmont Reservoir,412.8
2026-08-02 16:43:38,Southern District,LAA #2 Flow at Fairmont Res.,254.9
2026-08-02 16:43:38,Southern District,Bouquet Reservoir Elevation,2982.7
2026-08-02 16:43:38,Southern District,Bouquet Reservoir Inflow,25.7
2026-08-02 16:43:38,Southern District,Bouquet Reservoir Outflow,0.5
2026-08-02 16:43:38,Southern District,LAA #1 at Soledad Flow,271.3
2026-08-02 16:43:38,Southern District,LAA #2 at Soledad Flow,297.3
2026-08-02 16:58:38,Northern Owens Valley,Tinemaha Elevation,3860.8
2026-08-02 16:58:38,Southern Owens Valley,Tinemaha Elevation,3860.8
2026-08-02 17:28:38,Northern Owens Valley,Tinemaha Elevation,3860.8
2026-08-02 17:28:38,Southern Owens Valley,Tinemaha Elevation,3860.8
2026-08-02 17:43:38,Mono Basin,Lee Vining Intake Above Flow,35.4
2026-08-02 17:43:38,Mono Basin,Lee Vining Intake Below Flow,29.7
2026-08-02 17:43:38,Mono Basin,Mono Lk. Elevation,6382.4
2026-08-02 17:43:38,Mono Basin,Walker Ck. Above Conduit Flow,5.0
2026-08-02 17:43:38,Mono Basin,L.V. Conduit Below Intake Flow,4.1
2026-08-02 17:43:38,Mono Basin,Walker Ck. Under Conduit Flow,5.0
2026-08-02 17:43:38,Mono Basin,Parker Ck. Under Conduit Flow,15.0
2026-08-02 17:43:38,Mono Basin,Parker Ck. Above Conduit Flow,16.0
2026-08-02 17:43:38,Mono Basin,Grant Lk. Spill Flow,3.5
2026-08-02 17:43:38,Mono Basin,Mono Gate 1 Return Ditch Flow,40.4
2026-08-02 17:43:38,Mono Basin,Grant Lk. Elevation,7130.1
2026-08-02 17:43:38,Mono Basin,Grant Lk. Outflow,40.7
2026-08-02 17:43:38,Mono Basin,Rush Ck. at Damsite Flow,52.2
2026-08-02 17:43:38,Mono Basin,Flow to West Portal,0.0
2026-08-02 17:43:38,Long Valley,East Portal Flow,12.0
2026-08-02 17:43:38,Long Valley,OR Below EP Flow,57.0
2026-08-02 17:43:38,Long Valley,Hot Ck.at Hwy. Flow,10.0
2026-08-02 17:43:38,Long Valley,McGee Ck. Lower Sta. Flow,7.0
2026-08-02 17:43:38,Long Valley,Long Valley Elevation,6774.5
2026-08-02 17:43:38,Long Valley,Long Valley Current Outflow,0.0
2026-08-02 17:43:38,Long Valley,Rock Ck. Div. Flow,0.4
2026-08-02 17:43:38,Long Valley,Upper Gorge Total Release,40.5
2026-08-02 17:43:38,Long Valley,Release at Middle Gorge,0.0
2026-08-02 17:43:38,Northern Owens Valley,Rock Ck. At Owens River (PV) Flow,24.9
2026-08-02 17:43:38,Northern Owens Valley,Pleasant Valley Elevation,4383.2
2026-08-02 17:43:38,Northern Owens Valley,Pleasant Valley Outflow,389.4
2026-08-02 17:43:38,Northern Owens Valley,Baker Ck. At LA Station Flow,6.0
2026-08-02 17:43:38,Northern Owens Valley,Big Pine Ck. USGS Flow,46.4
2026-08-02 17:43:38,Northern Owens Valley,O.R. Below Big Pine,426.0
2026-08-02 17:43:38,Northern Owens Valley,Fish Springs At RR Flow,36.5
2026-08-02 17:43:38,Northern Owens Valley,Tinemaha Reservoir Outflow,473.3
2026-08-02 17:43:38,Northern Owens Valley,Bishop Creek Through Plant 6,90.0
2026-08-02 17:43:38,Northern Owens Valley,Bishop Creek Around Plant 6,7.2
2026-08-02 17:43:38,Southern Owens Valley,Tinemaha Reservoir Outflow,473.3
2026-08-02 17:43:38,Southern Owens Valley,Indep. Ck. At Junction Flow,8.6
2026-08-02 17:43:38,Southern Owens Valley,LAA at Alabama Flow,396.0
2026-08-02 17:43:38,Southern Owens Valley,LAA at Alabama Level,7.8
2026-08-02 17:43:38,Southern Owens Valley,LAA at Alabama Water Temp,71.9
2026-08-02 17:43:38,Southern Owens Valley,Cottonwood Ck. At LAA Flow,0.0
2026-08-02 17:43:38,Southern Owens Valley,LAA at Cottonwood Flow,484.0
2026-08-02 17:43:38,Southern Owens Valley,LAA at Cottonwood Level,9.2
2026-08-02 17:43:38,Southern Owens Valley,LAA at Cotton. Water Temp,75.3
2026-08-02 17:43:38,Southern Owens Valley,N. Haiwee Elevation,3757.0
2026-08-02 17:43:38,Southern Owens Valley,S. Haiwee Reservoir Elevation,3727.5
2026-08-02 17:43:38,Southern Owens Valley,Haiwee LAA #1 Current Flow,0.0
2026-08-02 17:43:38,Southern Owens Valley,Haiwee LAA #2 Current Flow,241.0
2026-08-02 17:43:38,Southern Owens Valley,Reinhackel Flow,2.9
2026-08-02 17:43:38,Southern Owens Valley,Lubkin Spillgate Outflow,0.0
2026-08-02 17:43:38,Southern Owens Valley,Cartago Spillgate Outflow,13.7
2026-08-02 17:43:38,Southern Owens Valley,Lone Pine Creek Flow,13.6
2026-08-02 17:43:38,Lower Owens River Project,LORP Intake Flow,78.0
2026-08-02 17:43:38,Lower Owens River Project,LORP at Mazourka Canyon Road,0.0
2026-08-02 17:43:38,Lower Owens River Project,LORP at Reinhackle Springs,74.0
2026-08-02 17:43:38,Lower Owens River Project,LORP Above Pumpstation,51.0
2026-08-02 17:43:38,Lower Owens River Project,LORP At Pump Station Discharge Flow,48.0
2026-08-02 17:43:38,Southern District,Haiwee LAA #2 Current Flow,241.0
2026-08-02 17:43:38,Southern District,S. Haiwee Reservoir Elevation,3727.5
2026-08-02 17:43:38,Southern District,Haiwee LAA #1 Current Flow,0.0
2026-08-02 17:43:38,Southern District,Fairmont Reservoir Elevation,3026.7
2026-08-02 17:43:38,Southern District,LAA #1 Flow at Fairmont Reservoir,412.4
2026-08-02 17:43:38,Southern District,LAA #2 Flow at Fairmont Res.,255.0
2026-08-02 17:43:38,Southern District,Bouquet Reservoir Elevation,2982.7
2026-08-02 17:43:38,Southern District,Bouquet Reservoir Inflow,24.7
2026-08-02 17:43:38,Southern District,Bouquet Reservoir Outflow,0.5
2026-08-02 17:43:38,Southern District,LAA #1 at Soledad Flow,271.3
2026-08-02 17:43:38,Southern District,LAA #2 at Soledad Flow,297.3
2026-08-02 17:58:38,Northern Owens Valley,Tinemaha Elevation,3860.8
2026-08-02 17:58:38,Southern Owens Valley,Tinemaha Elevation,3860.8
2026-08-02 18:28:38,Northern Owens Valley,Tinemaha Elevation,3860.8
2026-08-02 18:28:38,Southern Owens Valley,Tinemaha Elevation,3860.8
2026-08-02 18:43:38,Mono Basin,Lee Vining Intake Above Flow,34.9
2026-08-02 18:43:38,Mono Basin,Lee Vining Intake Below Flow,29.4
2026-08-02 18:43:38,Mono Basin,Mono Lk. Elevation,6382.4
2026-08-02 18:43:38,Mono Basin,Walker Ck. Above Conduit Flow,5.0
2026-08-02 18:43:38,Mono Basin,L.V. Conduit Below Intake Flow,4.1
2026-08-02 18:43:38,Mono Basin,Walker Ck. Under Conduit Flow,5.0
2026-08-02 18:43:38,Mono Basin,Parker Ck. Under Conduit Flow,15.0
2026-08-02 18:43:38,Mono Basin,Parker Ck. Above Conduit Flow,16.0
2026-08-02 18:43:38,Mono Basin,Grant Lk. Spill Flow,0.0
2026-08-02 18:43:38,Mono Basin,Mono Gate 1 Return Ditch Flow,40.5
2026-08-02 18:43:38,Mono Basin,Grant Lk. Elevation,7130.1
2026-08-02 18:43:38,Mono Basin,Grant Lk. Outflow,41.0
2026-08-02 18:43:38,Mono Basin,Rush Ck. at Damsite Flow,52.2
2026-08-02 18:43:38,Mono Basin,Flow to West Portal,0.0
2026-08-02 18:43:38,Long Valley,East Portal Flow,12.0
2026-08-02 18:43:38,Long Valley,OR Below EP Flow,57.0
2026-08-02 18:43:38,Long Valley,Hot Ck.at Hwy. Flow,10.0
2026-08-02 18:43:38,Long Valley,McGee Ck. Lower Sta. Flow,7.0
2026-08-02 18:43:38,Long Valley,Long Valley Elevation,6774.5
2026-08-02 18:43:38,Long Valley,Long Valley Current Outflow,612.7
2026-08-02 18:43:38,Long Valley,Rock Ck. Div. Flow,0.4
2026-08-02 18:43:38,Long Valley,Upper Gorge Total Release,40.8
2026-08-02 18:43:38,Long Valley,Release at Middle Gorge,0.0
2026-08-02 18:43:38,Northern Owens Valley,Rock Ck. At Owens River (PV) Flow,24.4
2026-08-02 18:43:38,Northern Owens Valley,Pleasant Valley Elevation,4383.0
2026-08-02 18:43:38,Northern Owens Valley,Pleasant Valley Outflow,394.8
2026-08-02 18:43:38,Northern Owens Valley,Baker Ck. At LA Station Flow,5.6
2026-08-02 18:43:38,Northern Owens Valley,Big Pine Ck. USGS Flow,46.4
2026-08-02 18:43:38,Northern Owens Valley,O.R. Below Big Pine,423.3
2026-08-02 18:43:38,Northern Owens Valley,Fish Springs At RR Flow,36.7
2026-08-02 18:43:38,Northern Owens Valley,Tinemaha Reservoir Outflow,473.3
2026-08-02 18:43:38,Northern Owens Valley,Bishop Creek Through Plant 6,98.3
2026-08-02 18:43:38,Northern Owens Valley,Bishop Creek Around Plant 6,7.4
2026-08-02 18:43:38,Southern Owens Valley,Tinemaha Reservoir Outflow,473.3
2026-08-02 18:43:38,Southern Owens Valley,Indep. Ck. At Junction Flow,8.6
2026-08-02 18:43:38,Southern Owens Valley,LAA at Alabama Flow,396.0
2026-08-02 18:43:38,Southern Owens Valley,LAA at Alabama Level,7.8
2026-08-02 18:43:38,Southern Owens Valley,LAA at Alabama Water Temp,71.9
2026-08-02 18:43:38,Southern Owens Valley,Cottonwood Ck. At LAA Flow,0.0
2026-08-02 18:43:38,Southern Owens Valley,LAA at Cottonwood Flow,484.0
2026-08-02 18:43:38,Southern Owens Valley,LAA at Cottonwood Level,9.2
2026-08-02 18:43:38,Southern Owens Valley,LAA at Cotton. Water Temp,75.2
2026-08-02 18:43:38,Southern Owens Valley,N. Haiwee Elevation,3757.0
2026-08-02 18:43:38,Southern Owens Valley,S. Haiwee Reservoir Elevation,3727.5
2026-08-02 18:43:38,Southern Owens Valley,Haiwee LAA #1 Current Flow,0.0
2026-08-02 18:43:38,Southern Owens Valley,Haiwee LAA #2 Current Flow,241.2
2026-08-02 18:43:38,Southern Owens Valley,Reinhackel Flow,2.9
2026-08-02 18:43:38,Southern Owens Valley,Lubkin Spillgate Outflow,0.0
2026-08-02 18:43:38,Southern Owens Valley,Cartago Spillgate Outflow,12.9
2026-08-02 18:43:38,Southern Owens Valley,Lone Pine Creek Flow,13.5
2026-08-02 18:43:38,Lower Owens River Project,LORP Intake Flow,78.0
2026-08-02 18:43:38,Lower Owens River Project,LORP at Mazourka Canyon Road,0.0
2026-08-02 18:43:38,Lower Owens River Project,LORP at Reinhackle Springs,74.0
2026-08-02 18:43:38,Lower Owens River Project,LORP Above Pumpstation,40.0
2026-08-02 18:43:38,Lower Owens River Project,LORP At Pump Station Discharge Flow,37.0
2026-08-02 18:43:38,Southern District,Haiwee LAA #2 Current Flow,241.2
2026-08-02 18:43:38,Southern District,S. Haiwee Reservoir Elevation,3727.5
2026-08-02 18:43:38,Southern District,Haiwee LAA #1 Current Flow,0.0
2026-08-02 18:43:38,Southern District,Fairmont Reservoir Elevation,3026.8
2026-08-02 18:43:38,Southern District,LAA #1 Flow at Fairmont Reservoir,412.8
2026-08-02 18:43:38,Southern District,LAA #2 Flow at Fairmont Res.,255.0
2026-08-02 18:43:38,Southern District,Bouquet Reservoir Elevation,2982.7
2026-08-02 18:43:38,Southern District,Bouquet Reservoir Inflow,20.2
2026-08-02 18:43:38,Southern District,Bouquet Reservoir Outflow,0.5
2026-08-02 18:43:38,Southern District,LAA #1 at Soledad Flow,271.3
2026-08-02 18:43:38,Southern District,LAA #2 at Soledad Flow,297.3
2026-08-02 18:58:38,Northern Owens Valley,Tinemaha Elevation,3860.8
2026-08-02 18:58:38,Southern Owens Valley,Tinemaha Elevation,3860.8
2026-08-02 19:28:38,Northern Owens Valley,Tinemaha Elevation,3860.8
2026-08-02 19:28:38,Southern Owens Valley,Tinemaha Elevation,3860.8
2026-08-02 19:43:38,Mono Basin,Lee Vining Intake Above Flow,35.3
2026-08-02 19:43:38,Mono Basin,Lee Vining Intake Below Flow,29.9
2026-08-02 19:43:38,Mono Basin,Mono Lk. Elevation,6382.4
2026-08-02 19:43:38,Mono Basin,Walker Ck. Above Conduit Flow,5.0
2026-08-02 19:43:38,Mono Basin,L.V. Conduit Below Intake Flow,4.1
2026-08-02 19:43:38,Mono Basin,Walker Ck. Under Conduit Flow,5.0
2026-08-02 19:43:38,Mono Basin,Parker Ck. Under Conduit Flow,15.0
2026-08-02 19:43:38,Mono Basin,Parker Ck. Above Conduit Flow,16.0
2026-08-02 19:43:38,Mono Basin,Grant Lk. Spill Flow,3.5
2026-08-02 19:43:38,Mono Basin,Mono Gate 1 Return Ditch Flow,40.5
2026-08-02 19:43:38,Mono Basin,Grant Lk. Elevation,7130.1
2026-08-02 19:43:38,Mono Basin,Grant Lk. Outflow,41.1
2026-08-02 19:43:38,Mono Basin,Rush Ck. at Damsite Flow,52.2
2026-08-02 19:43:38,Mono Basin,Flow to West Portal,0.0
2026-08-02 19:43:38,Long Valley,East Portal Flow,12.0
2026-08-02 19:43:38,Long Valley,OR Below EP Flow,57.0
2026-08-02 19:43:38,Long Valley,Hot Ck.at Hwy. Flow,10.0
2026-08-02 19:43:38,Long Valley,McGee Ck. Lower Sta. Flow,7.0
2026-08-02 19:43:38,Long Valley,Long Valley Elevation,6774.5
2026-08-02 19:43:38,Long Valley,Long Valley Current Outflow,581.0
2026-08-02 19:43:38,Long Valley,Rock Ck. Div. Flow,0.4
2026-08-02 19:43:38,Long Valley,Upper Gorge Total Release,40.1
2026-08-02 19:43:38,Long Valley,Release at Middle Gorge,0.0
2026-08-02 19:43:38,Northern Owens Valley,Rock Ck. At Owens River (PV) Flow,24.0
2026-08-02 19:43:38,Northern Owens Valley,Pleasant Valley Elevation,4383.2
2026-08-02 19:43:38,Northern Owens Valley,Pleasant Valley Outflow,394.3
2026-08-02 19:43:38,Northern Owens Valley,Baker Ck. At LA Station Flow,5.6
2026-08-02 19:43:38,Northern Owens Valley,Big Pine Ck. USGS Flow,46.4
2026-08-02 19:43:38,Northern Owens Valley,O.R. Below Big Pine,421.4
2026-08-02 19:43:38,Northern Owens Valley,Fish Springs At RR Flow,36.7
2026-08-02 19:43:38,Northern Owens Valley,Tinemaha Reservoir Outflow,472.5
2026-08-02 19:43:38,Northern Owens Valley,Bishop Creek Through Plant 6,97.2
2026-08-02 19:43:38,Northern Owens Valley,Bishop Creek Around Plant 6,7.6
2026-08-02 19:43:38,Southern Owens Valley,Tinemaha Reservoir Outflow,472.5
2026-08-02 19:43:38,Southern Owens Valley,Indep. Ck. At Junction Flow,8.1
2026-08-02 19:43:38,Southern Owens Valley,LAA at Alabama Flow,396.0
2026-08-02 19:43:38,Southern Owens Valley,LAA at Alabama Level,7.8
2026-08-02 19:43:38,Southern Owens Valley,LAA at Alabama Water Temp,71.9
2026-08-02 19:43:38,Southern Owens Valley,Cottonwood Ck. At LAA Flow,0.0
2026-08-02 19:43:38,Southern Owens Valley,LAA at Cottonwood Flow,485.0
2026-08-02 19:43:38,Southern Owens Valley,LAA at Cottonwood Level,9.2
2026-08-02 19:43:38,Southern Owens Valley,LAA at Cotton. Water Temp,75.0
2026-08-02 19:43:38,Southern Owens Valley,N. Haiwee Elevation,3757.0
2026-08-02 19:43:38,Southern Owens Valley,S. Haiwee Reservoir Elevation,3727.5
2026-08-02 19:43:38,Southern Owens Valley,Haiwee LAA #1 Current Flow,0.0
2026-08-02 19:43:38,Southern Owens Valley,Haiwee LAA #2 Current Flow,241.2
2026-08-02 19:43:38,Southern Owens Valley,Reinhackel Flow,2.9
2026-08-02 19:43:38,Southern Owens Valley,Lubkin Spillgate Outflow,0.0
2026-08-02 19:43:38,Southern Owens Valley,Cartago Spillgate Outflow,0.0
2026-08-02 19:43:38,Southern Owens Valley,Lone Pine Creek Flow,13.5
2026-08-02 19:43:38,Lower Owens River Project,LORP Intake Flow,78.0
2026-08-02 19:43:38,Lower Owens River Project,LORP at Mazourka Canyon Road,0.0
2026-08-02 19:43:38,Lower Owens River Project,LORP at Reinhackle Springs,70.0
2026-08-02 19:43:38,Lower Owens River Project,LORP Above Pumpstation,51.0
2026-08-02 19:43:38,Lower Owens River Project,LORP At Pump Station Discharge Flow,48.0
2026-08-02 19:43:38,Southern District,Haiwee LAA #2 Current Flow,241.2
2026-08-02 19:43:38,Southern District,S. Haiwee Reservoir Elevation,3727.5
2026-08-02 19:43:38,Southern District,Haiwee LAA #1 Current Flow,0.0
2026-08-02 19:43:38,Southern District,Fairmont Reservoir Elevation,3027.0
2026-08-02 19:43:38,Southern District,LAA #1 Flow at Fairmont Reservoir,413.8
2026-08-02 19:43:38,Southern District,LAA #2 Flow at Fairmont Res.,255.2
2026-08-02 19:43:38,Southern District,Bouquet Reservoir Elevation,2982.7
2026-08-02 19:43:38,Southern District,Bouquet Reservoir Inflow,20.7
2026-08-02 19:43:38,Southern District,Bouquet Reservoir Outflow,0.5
2026-08-02 19:43:38,Southern District,LAA #1 at Soledad Flow,273.5
2026-08-02 19:43:38,Southern District,LAA #2 at Soledad Flow,298.5
2026-08-02 19:58:38,Northern Owens Valley,Tinemaha Elevation,3860.8
2026-08-02 19:58:38,Southern Owens Valley,Tinemaha Elevation,3860.8
2026-08-02 20:28:38,Northern Owens Valley,Tinemaha Elevation,3860.8
2026-08-02 20:28:38,Southern Owens Valley,Tinemaha Elevation,3860.8
2026-08-02 20:43:38,Mono Basin,Lee Vining Intake Above Flow,35.4
2026-08-02 20:43:38,Mono Basin,Lee Vining Intake Below Flow,29.8
2026-08-02 20:43:38,Mono Basin,Walker Ck. Above Conduit Flow,5.0
2026-08-02 20:43:38,Mono Basin,L.V. Conduit Below Intake Flow,4.0
2026-08-02 20:43:38,Mono Basin,Walker Ck. Under Conduit Flow,5.0
2026-08-02 20:43:38,Mono Basin,Parker Ck. Under Conduit Flow,15.0
2026-08-02 20:43:38,Mono Basin,Parker Ck. Above Conduit Flow,16.0
2026-08-02 20:43:38,Mono Basin,Grant Lk. Spill Flow,3.5
2026-08-02 20:43:38,Mono Basin,Mono Gate 1 Return Ditch Flow,40.5
2026-08-02 20:43:38,Mono Basin,Grant Lk. Outflow,40.7
2026-08-02 20:43:38,Mono Basin,Rush Ck. at Damsite Flow,52.2
2026-08-02 20:43:38,Mono Basin,Flow to West Portal,0.0
2026-08-02 20:43:38,Long Valley,East Portal Flow,12.0
2026-08-02 20:43:38,Long Valley,OR Below EP Flow,57.0
2026-08-02 20:43:38,Long Valley,Hot Ck.at Hwy. Flow,10.0
2026-08-02 20:43:38,Long Valley,McGee Ck. Lower Sta. Flow,7.0
2026-08-02 20:43:38,Long Valley,Long Valley Current Outflow,582.9
2026-08-02 20:43:38,Long Valley,Rock Ck. Div. Flow,0.4
2026-08-02 20:43:38,Long Valley,Upper Gorge Total Release,40.8
2026-08-02 20:43:38,Long Valley,Release at Middle Gorge,0.0
2026-08-02 20:43:38,Northern Owens Valley,Rock Ck. At Owens River (PV) Flow,24.0
2026-08-02 20:43:38,Northern Owens Valley,Pleasant Valley Outflow,396.1
2026-08-02 20:43:38,Northern Owens Valley,Baker Ck. At LA Station Flow,5.6
2026-08-02 20:43:38,Northern Owens Valley,Big Pine Ck. USGS Flow,46.4
2026-08-02 20:43:38,Northern Owens Valley,O.R. Below Big Pine,418.1
2026-08-02 20:43:38,Northern Owens Valley,Fish Springs At RR Flow,36.7
2026-08-02 20:43:38,Northern Owens Valley,Tinemaha Reservoir Outflow,472.5
2026-08-02 20:43:38,Northern Owens Valley,Bishop Creek Through Plant 6,96.7
2026-08-02 20:43:38,Northern Owens Valley,Bishop Creek Around Plant 6,8.1
2026-08-02 20:43:38,Southern Owens Valley,Tinemaha Reservoir Outflow,472.5
2026-08-02 20:43:38,Southern Owens Valley,Indep. Ck. At Junction Flow,8.2
2026-08-02 20:43:38,Southern Owens Valley,LAA at Alabama Flow,396.0
2026-08-02 20:43:38,Southern Owens Valley,Cottonwood Ck. At LAA Flow,0.0
2026-08-02 20:43:38,Southern Owens Valley,LAA at Cottonwood Flow,484.0
2026-08-02 20:43:38,Southern Owens Valley,Haiwee LAA #1 Current Flow,0.0
2026-08-02 20:43:38,Southern Owens Valley,Haiwee LAA #2 Current Flow,241.2
2026-08-02 20:43:38,Southern Owens Valley,Reinhackel Flow,2.9
2026-08-02 20:43:38,Southern Owens Valley,Lubkin Spillgate Outflow,0.0
2026-08-02 20:43:38,Southern Owens Valley,Cartago Spillgate Outflow,0.3
2026-08-02 20:43:38,Southern Owens Valley,Lone Pine Creek Flow,13.6
2026-08-02 20:43:38,Lower Owens River Project,LORP Intake Flow,78.0
2026-08-02 20:43:38,Lower Owens River Project,LORP at Mazourka Canyon Road,0.0
2026-08-02 20:43:38,Lower Owens River Project,LORP at Reinhackle Springs,70.0
2026-08-02 20:43:38,Lower Owens River Project,LORP Above Pumpstation,51.0
2026-08-02 20:43:38,Lower Owens River Project,LORP At Pump Station Discharge Flow,48.0
2026-08-02 20:43:38,Southern District,Haiwee LAA #2 Current Flow,241.2
2026-08-02 20:43:38,Southern District,Haiwee LAA #1 Current Flow,0.0
2026-08-02 20:43:38,Southern District,LAA #1 Flow at Fairmont Reservoir,412.2
2026-08-02 20:43:38,Southern District,LAA #2 Flow at Fairmont Res.,255.1
2026-08-02 20:43:38,Southern District,Bouquet Reservoir Inflow,14.6
2026-08-02 20:43:38,Southern District,Bouquet Reservoir Outflow,0.5
2026-08-02 20:43:38,Southern District,LAA #1 at Soledad Flow,273.5
2026-08-02 20:43:38,Southern District,LAA #2 at Soledad Flow,298.5
2026-08-02 20:43:39,Mono Basin,Mono Lk. Elevation,6382.4
2026-08-02 20:43:39,Mono Basin,Grant Lk. Elevation,7130.1
2026-08-02 20:43:39,Long Valley,Long Valley Elevation,6774.5
2026-08-02 20:43:39,Northern Owens Valley,Pleasant Valley Elevation,4383.5
2026-08-02 20:43:39,Southern Owens Valley,LAA at Alabama Level,7.8
2026-08-02 20:43:39,Southern Owens Valley,LAA at Alabama Water Temp,71.9
2026-08-02 20:43:39,Southern Owens Valley,LAA at Cottonwood Level,9.2
2026-08-02 20:43:39,Southern Owens Valley,LAA at Cotton. Water Temp,75.0
2026-08-02 20:43:39,Southern Owens Valley,N. Haiwee Elevation,3757.0
2026-08-02 20:43:39,Southern Owens Valley,S. Haiwee Reservoir Elevation,3727.4
2026-08-02 20:43:39,Southern District,S. Haiwee Reservoir Elevation,3727.4
2026-08-02 20:43:39,Southern District,Fairmont Reservoir Elevation,3027.1
2026-08-02 20:43:39,Southern District,Bouquet Reservoir Elevation,2982.7
2026-08-02 20:58:38,Northern Owens Valley,Tinemaha Elevation,3860.8
2026-08-02 20:58:38,Southern Owens Valley,Tinemaha Elevation,3860.8
2026-08-02 21:28:38,Northern Owens Valley,Tinemaha Elevation,3860.8
2026-08-02 21:28:38,Southern Owens Valley,Tinemaha Elevation,3860.8
2026-08-02 21:43:38,Mono Basin,Lee Vining Intake Above Flow,35.2
2026-08-02 21:43:38,Mono Basin,Lee Vining Intake Below Flow,29.9
2026-08-02 21:43:38,Mono Basin,Mono Lk. Elevation,6382.4
2026-08-02 21:43:38,Mono Basin,Walker Ck. Above Conduit Flow,5.0
2026-08-02 21:43:38,Mono Basin,L.V. Conduit Below Intake Flow,4.0
2026-08-02 21:43:38,Mono Basin,Walker Ck. Under Conduit Flow,5.0
2026-08-02 21:43:38,Mono Basin,Parker Ck. Under Conduit Flow,15.0
2026-08-02 21:43:38,Mono Basin,Parker Ck. Above Conduit Flow,16.0
2026-08-02 21:43:38,Mono Basin,Grant Lk. Spill Flow,3.5
2026-08-02 21:43:38,Mono Basin,Mono Gate 1 Return Ditch Flow,40.4
2026-08-02 21:43:38,Mono Basin,Grant Lk. Elevation,7130.1
2026-08-02 21:43:38,Mono Basin,Grant Lk. Outflow,41.0
2026-08-02 21:43:38,Mono Basin,Rush Ck. at Damsite Flow,52.2
2026-08-02 21:43:38,Mono Basin,Flow to West Portal,0.0
2026-08-02 21:43:38,Long Valley,East Portal Flow,12.0
2026-08-02 21:43:38,Long Valley,OR Below EP Flow,57.0
2026-08-02 21:43:38,Long Valley,Hot Ck.at Hwy. Flow,10.0
2026-08-02 21:43:38,Long Valley,McGee Ck. Lower Sta. Flow,7.0
2026-08-02 21:43:38,Long Valley,Long Valley Elevation,6774.5
2026-08-02 21:43:38,Long Valley,Long Valley Current Outflow,585.6
2026-08-02 21:43:38,Long Valley,Rock Ck. Div. Flow,0.3
2026-08-02 21:43:38,Long Valley,Upper Gorge Total Release,40.2
2026-08-02 21:43:38,Long Valley,Release at Middle Gorge,0.0
2026-08-02 21:43:38,Northern Owens Valley,Rock Ck. At Owens River (PV) Flow,24.0
2026-08-02 21:43:38,Northern Owens Valley,Pleasant Valley Elevation,4383.7
2026-08-02 21:43:38,Northern Owens Valley,Pleasant Valley Outflow,403.2
2026-08-02 21:43:38,Northern Owens Valley,Baker Ck. At LA Station Flow,5.7
2026-08-02 21:43:38,Northern Owens Valley,Big Pine Ck. USGS Flow,46.4
2026-08-02 21:43:38,Northern Owens Valley,O.R. Below Big Pine,415.0
2026-08-02 21:43:38,Northern Owens Valley,Fish Springs At RR Flow,36.7
2026-08-02 21:43:38,Northern Owens Valley,Tinemaha Reservoir Outflow,473.3
2026-08-02 21:43:38,Northern Owens Valley,Bishop Creek Through Plant 6,96.4
2026-08-02 21:43:38,Northern Owens Valley,Bishop Creek Around Plant 6,8.3
2026-08-02 21:43:38,Southern Owens Valley,Tinemaha Reservoir Outflow,473.3
2026-08-02 21:43:38,Southern Owens Valley,Indep. Ck. At Junction Flow,8.2
2026-08-02 21:43:38,Southern Owens Valley,LAA at Alabama Flow,396.0
2026-08-02 21:43:38,Southern Owens Valley,LAA at Alabama Level,7.8
2026-08-02 21:43:38,Southern Owens Valley,LAA at Alabama Water Temp,71.9
2026-08-02 21:43:38,Southern Owens Valley,Cottonwood Ck. At LAA Flow,0.0
2026-08-02 21:43:38,Southern Owens Valley,LAA at Cottonwood Flow,484.0
2026-08-02 21:43:38,Southern Owens Valley,LAA at Cottonwood Level,9.2
2026-08-02 21:43:38,Southern Owens Valley,LAA at Cotton. Water Temp,74.8
2026-08-02 21:43:38,Southern Owens Valley,N. Haiwee Elevation,3757.0
2026-08-02 21:43:38,Southern Owens Valley,S. Haiwee Reservoir Elevation,3727.4
2026-08-02 21:43:38,Southern Owens Valley,Haiwee LAA #1 Current Flow,0.0
2026-08-02 21:43:38,Southern Owens Valley,Haiwee LAA #2 Current Flow,241.2
2026-08-02 21:43:38,Southern Owens Valley,Reinhackel Flow,2.9
2026-08-02 21:43:38,Southern Owens Valley,Lubkin Spillgate Outflow,0.0
2026-08-02 21:43:38,Southern Owens Valley,Cartago Spillgate Outflow,0.8
2026-08-02 21:43:38,Southern Owens Valley,Lone Pine Creek Flow,13.6
2026-08-02 21:43:38,Lower Owens River Project,LORP Intake Flow,78.0
2026-08-02 21:43:38,Lower Owens River Project,LORP at Mazourka Canyon Road,0.0
2026-08-02 21:43:38,Lower Owens River Project,LORP at Reinhackle Springs,74.0
2026-08-02 21:43:38,Lower Owens River Project,LORP Above Pumpstation,41.0
2026-08-02 21:43:38,Lower Owens River Project,LORP At Pump Station Discharge Flow,37.0
2026-08-02 21:43:38,Southern District,Haiwee LAA #2 Current Flow,241.2
2026-08-02 21:43:38,Southern District,S. Haiwee Reservoir Elevation,3727.4
2026-08-02 21:43:38,Southern District,Haiwee LAA #1 Current Flow,0.0
2026-08-02 21:43:38,Southern District,Fairmont Reservoir Elevation,3027.2
2026-08-02 21:43:38,Southern District,LAA #1 Flow at Fairmont Reservoir,413.0
2026-08-02 21:43:38,Southern District,LAA #2 Flow at Fairmont Res.,255.0
2026-08-02 21:43:38,Southern District,Bouquet Reservoir Elevation,2982.7
2026-08-02 21:43:38,Southern District,Bouquet Reservoir Inflow,0.1
2026-08-02 21:43:38,Southern District,Bouquet Reservoir Outflow,0.5
2026-08-02 21:43:38,Southern District,LAA #1 at Soledad Flow,273.5
2026-08-02 21:43:38,Southern District,LAA #2 at Soledad Flow,298.5
2026-08-02 21:58:38,Northern Owens Valley,Tinemaha Elevation,3860.8
2026-08-02 21:58:38,Southern Owens Valley,Tinemaha Elevation,3860.8
2026-08-02 22:28:38,Northern Owens Valley,Tinemaha Elevation,3860.8
2026-08-02 22:28:38,Southern Owens Valley,Tinemaha Elevation,3860.8
2026-08-02 22:43:38,Mono Basin,Lee Vining Intake Above Flow,35.8
2026-08-02 22:43:38,Mono Basin,Lee Vining Intake Below Flow,30.2
2026-08-02 22:43:38,Mono Basin,Mono Lk. Elevation,6382.4
2026-08-02 22:43:38,Mono Basin,Walker Ck. Above Conduit Flow,5.0
2026-08-02 22:43:38,Mono Basin,L.V. Conduit Below Intake Flow,4.0
2026-08-02 22:43:38,Mono Basin,Walker Ck. Under Conduit Flow,5.0
2026-08-02 22:43:38,Mono Basin,Parker Ck. Under Conduit Flow,15.0
2026-08-02 22:43:38,Mono Basin,Parker Ck. Above Conduit Flow,16.0
2026-08-02 22:43:38,Mono Basin,Grant Lk. Spill Flow,3.5
2026-08-02 22:43:38,Mono Basin,Mono Gate 1 Return Ditch Flow,40.5
2026-08-02 22:43:38,Mono Basin,Grant Lk. Elevation,7130.1
2026-08-02 22:43:38,Mono Basin,Grant Lk. Outflow,41.0
2026-08-02 22:43:38,Mono Basin,Rush Ck. at Damsite Flow,52.2
2026-08-02 22:43:38,Mono Basin,Flow to West Portal,0.0
2026-08-02 22:43:38,Long Valley,East Portal Flow,12.0
2026-08-02 22:43:38,Long Valley,OR Below EP Flow,57.0
2026-08-02 22:43:38,Long Valley,Hot Ck.at Hwy. Flow,10.0
2026-08-02 22:43:38,Long Valley,McGee Ck. Lower Sta. Flow,7.0
2026-08-02 22:43:38,Long Valley,Long Valley Elevation,6774.5
2026-08-02 22:43:38,Long Valley,Long Valley Current Outflow,582.3
2026-08-02 22:43:38,Long Valley,Rock Ck. Div. Flow,0.4
2026-08-02 22:43:38,Long Valley,Upper Gorge Total Release,40.8
2026-08-02 22:43:38,Long Valley,Release at Middle Gorge,0.0
2026-08-02 22:43:38,Northern Owens Valley,Rock Ck. At Owens River (PV) Flow,24.0
2026-08-02 22:43:38,Northern Owens Valley,Pleasant Valley Elevation,4383.9
2026-08-02 22:43:38,Northern Owens Valley,Pleasant Valley Outflow,408.5
2026-08-02 22:43:38,Northern Owens Valley,Baker Ck. At LA Station Flow,5.7
2026-08-02 22:43:38,Northern Owens Valley,Big Pine Ck. USGS Flow,46.4
2026-08-02 22:43:38,Northern Owens Valley,O.R. Below Big Pine,413.1
2026-08-02 22:43:38,Northern Owens Valley,Fish Springs At RR Flow,36.7
2026-08-02 22:43:38,Northern Owens Valley,Tinemaha Reservoir Outflow,473.3
2026-08-02 22:43:38,Northern Owens Valley,Bishop Creek Through Plant 6,96.4
2026-08-02 22:43:38,Northern Owens Valley,Bishop Creek Around Plant 6,8.3
2026-08-02 22:43:38,Southern Owens Valley,Tinemaha Reservoir Outflow,473.3
2026-08-02 22:43:38,Southern Owens Valley,Indep. Ck. At Junction Flow,8.2
2026-08-02 22:43:38,Southern Owens Valley,LAA at Alabama Flow,396.0
2026-08-02 22:43:38,Southern Owens Valley,LAA at Alabama Level,7.8
2026-08-02 22:43:38,Southern Owens Valley,LAA at Alabama Water Temp,71.9
2026-08-02 22:43:38,Southern Owens Valley,Cottonwood Ck. At LAA Flow,0.0
2026-08-02 22:43:38,Southern Owens Valley,LAA at Cottonwood Flow,484.0
2026-08-02 22:43:38,Southern Owens Valley,LAA at Cottonwood Level,9.2
2026-08-02 22:43:38,Southern Owens Valley,LAA at Cotton. Water Temp,74.7
2026-08-02 22:43:38,Southern Owens Valley,N. Haiwee Elevation,3757.0
2026-08-02 22:43:38,Southern Owens Valley,S. Haiwee Reservoir Elevation,3727.4
2026-08-02 22:43:38,Southern Owens Valley,Haiwee LAA #1 Current Flow,0.0
2026-08-02 22:43:38,Southern Owens Valley,Haiwee LAA #2 Current Flow,241.2
2026-08-02 22:43:38,Southern Owens Valley,Reinhackel Flow,2.9
2026-08-02 22:43:38,Southern Owens Valley,Lubkin Spillgate Outflow,0.0
2026-08-02 22:43:38,Southern Owens Valley,Cartago Spillgate Outflow,0.0
2026-08-02 22:43:38,Southern Owens Valley,Lone Pine Creek Flow,13.9
2026-08-02 22:43:38,Lower Owens River Project,LORP Intake Flow,78.0
2026-08-02 22:43:38,Lower Owens River Project,LORP at Mazourka Canyon Road,0.0
2026-08-02 22:43:38,Lower Owens River Project,LORP at Reinhackle Springs,75.0
2026-08-02 22:43:38,Lower Owens River Project,LORP Above Pumpstation,52.0
2026-08-02 22:43:38,Lower Owens River Project,LORP At Pump Station Discharge Flow,49.0
2026-08-02 22:43:38,Southern District,Haiwee LAA #2 Current Flow,241.2
2026-08-02 22:43:38,Southern District,S. Haiwee Reservoir Elevation,3727.4
2026-08-02 22:43:38,Southern District,Haiwee LAA #1 Current Flow,0.0
2026-08-02 22:43:38,Southern District,Fairmont Reservoir Elevation,3027.4
2026-08-02 22:43:38,Southern District,LAA #1 Flow at Fairmont Reservoir,414.1
2026-08-02 22:43:38,Southern District,LAA #2 Flow at Fairmont Res.,255.0
2026-08-02 22:43:38,Southern District,Bouquet Reservoir Elevation,2982.7
2026-08-02 22:43:38,Southern District,Bouquet Reservoir Inflow,0.0
2026-08-02 22:43:38,Southern District,Bouquet Reservoir Outflow,0.5
2026-08-02 22:43:38,Southern District,LAA #1 at Soledad Flow,273.5
2026-08-02 22:43:38,Southern District,LAA #2 at Soledad Flow,298.5
2026-08-02 22:58:38,Northern Owens Valley,Tinemaha Elevation,3860.8
2026-08-02 22:58:38,Southern Owens Valley,Tinemaha Elevation,3860.8
2026-08-02 23:28:38,Northern Owens Valley,Tinemaha Elevation,3860.7
2026-08-02 23:28:38,Southern Owens Valley,Tinemaha Elevation,3860.7
2026-08-02 23:43:38,Mono Basin,Lee Vining Intake Above Flow,35.4
2026-08-02 23:43:38,Mono Basin,Lee Vining Intake Below Flow,30.3
2026-08-02 23:43:38,Mono Basin,Mono Lk. Elevation,6382.4
2026-08-02 23:43:38,Mono Basin,Walker Ck. Above Conduit Flow,5.0
2026-08-02 23:43:38,Mono Basin,L.V. Conduit Below Intake Flow,4.1
2026-08-02 23:43:38,Mono Basin,Walker Ck. Under Conduit Flow,5.0
2026-08-02 23:43:38,Mono Basin,Parker Ck. Under Conduit Flow,15.0
2026-08-02 23:43:38,Mono Basin,Parker Ck. Above Conduit Flow,16.0
2026-08-02 23:43:38,Mono Basin,Grant Lk. Spill Flow,3.5
2026-08-02 23:43:38,Mono Basin,Mono Gate 1 Return Ditch Flow,40.6
2026-08-02 23:43:38,Mono Basin,Grant Lk. Elevation,7130.1
2026-08-02 23:43:38,Mono Basin,Grant Lk. Outflow,40.7
2026-08-02 23:43:38,Mono Basin,Rush Ck. at Damsite Flow,52.2
2026-08-02 23:43:38,Mono Basin,Flow to West Portal,0.0
2026-08-02 23:43:38,Long Valley,East Portal Flow,12.0
2026-08-02 23:43:38,Long Valley,OR Below EP Flow,57.0
2026-08-02 23:43:38,Long Valley,Hot Ck.at Hwy. Flow,10.0
2026-08-02 23:43:38,Long Valley,McGee Ck. Lower Sta. Flow,7.0
2026-08-02 23:43:38,Long Valley,Long Valley Elevation,6774.4
2026-08-02 23:43:38,Long Valley,Long Valley Current Outflow,583.1
2026-08-02 23:43:38,Long Valley,Rock Ck. Div. Flow,0.3
2026-08-02 23:43:38,Long Valley,Upper Gorge Total Release,40.7
2026-08-02 23:43:38,Long Valley,Release at Middle Gorge,0.0
2026-08-02 23:43:38,Northern Owens Valley,Rock Ck. At Owens River (PV) Flow,24.0
2026-08-02 23:43:38,Northern Owens Valley,Pleasant Valley Elevation,4384.1
2026-08-02 23:43:38,Northern Owens Valley,Pleasant Valley Outflow,408.8
2026-08-02 23:43:38,Northern Owens Valley,Baker Ck. At LA Station Flow,5.7
2026-08-02 23:43:38,Northern Owens Valley,Big Pine Ck. USGS Flow,46.4
2026-08-02 23:43:38,Northern Owens Valley,O.R. Below Big Pine,411.4
2026-08-02 23:43:38,Northern Owens Valley,Fish Springs At RR Flow,36.7
2026-08-02 23:43:38,Northern Owens Valley,Tinemaha Reservoir Outflow,473.3
2026-08-02 23:43:38,Northern Owens Valley,Bishop Creek Through Plant 6,96.4
2026-08-02 23:43:38,Northern Owens Valley,Bishop Creek Around Plant 6,8.3
2026-08-02 23:43:38,Southern Owens Valley,Tinemaha Reservoir Outflow,473.3
2026-08-02 23:43:38,Southern Owens Valley,Indep. Ck. At Junction Flow,8.2
2026-08-02 23:43:38,Southern Owens Valley,LAA at Alabama Flow,396.0
2026-08-02 23:43:38,Southern Owens Valley,LAA at Alabama Level,7.8
2026-08-02 23:43:38,Southern Owens Valley,LAA at Alabama Water Temp,71.9
2026-08-02 23:43:38,Southern Owens Valley,Cottonwood Ck. At LAA Flow,0.0
2026-08-02 23:43:38,Southern Owens Valley,LAA at Cottonwood Flow,484.0
2026-08-02 23:43:38,Southern Owens Valley,LAA at Cottonwood Level,9.2
2026-08-02 23:43:38,Southern Owens Valley,LAA at Cotton. Water Temp,74.8
2026-08-02 23:43:38,Southern Owens Valley,N. Haiwee Elevation,3757.0
2026-08-02 23:43:38,Southern Owens Valley,S. Haiwee Reservoir Elevation,3727.4
2026-08-02 23:43:38,Southern Owens Valley,Haiwee LAA #1 Current Flow,0.0
2026-08-02 23:43:38,Southern Owens Valley,Haiwee LAA #2 Current Flow,241.2
2026-08-02 23:43:38,Southern Owens Valley,Reinhackel Flow,2.9
2026-08-02 23:43:38,Southern Owens Valley,Lubkin Spillgate Outflow,0.0
2026-08-02 23:43:38,Southern Owens Valley,Cartago Spillgate Outflow,0.0
2026-08-02 23:43:38,Southern Owens Valley,Lone Pine Creek Flow,14.2
2026-08-02 23:43:38,Lower Owens River Project,LORP Intake Flow,80.0
2026-08-02 23:43:38,Lower Owens River Project,LORP at Mazourka Canyon Road,0.0
2026-08-02 23:43:38,Lower Owens River Project,LORP at Reinhackle Springs,73.0
2026-08-02 23:43:38,Lower Owens River Project,LORP Above Pumpstation,51.0
2026-08-02 23:43:38,Lower Owens River Project,LORP At Pump Station Discharge Flow,48.0
2026-08-02 23:43:38,Southern District,Haiwee LAA #2 Current Flow,241.2
2026-08-02 23:43:38,Southern District,S. Haiwee Reservoir Elevation,3727.4
2026-08-02 23:43:38,Southern District,Haiwee LAA #1 Current Flow,0.0
2026-08-02 23:43:38,Southern District,Fairmont Reservoir Elevation,3027.5
2026-08-02 23:43:38,Southern District,LAA #1 Flow at Fairmont Reservoir,413.3
2026-08-02 23:43:38,Southern District,LAA #2 Flow at Fairmont Res.,254.8
2026-08-02 23:43:38,Southern District,Bouquet Reservoir Elevation,2982.7
2026-08-02 23:43:38,Southern District,Bouquet Reservoir Inflow,0.0
2026-08-02 23:43:38,Southern District,Bouquet Reservoir Outflow,0.5
2026-08-02 23:43:38,Southern District,LAA #1 at Soledad Flow,273.5
2026-08-02 23:43:38,Southern District,LAA #2 at Soledad Flow,298.5
2026-08-02 23:58:39,Northern Owens Valley,Tinemaha Elevation,3860.7
2026-08-02 23:58:39,Southern Owens Valley,Tinemaha Elevation,3860.7
