date,district,source,value
2026-09-05 00:43:49,Mono Basin,Lee Vining Intake Above Flow,57.8
2026-09-05 00:43:49,Mono Basin,Lee Vining Intake Below Flow,32.4
2026-09-05 00:43:49,Mono Basin,Walker Ck. Above Conduit Flow,3.0
2026-09-05 00:43:49,Mono Basin,L.V. Conduit Below Intake Flow,30.7
2026-09-05 00:43:49,Mono Basin,Walker Ck. Under Conduit Flow,4.0
2026-09-05 00:43:49,Mono Basin,Parker Ck. Under Conduit Flow,9.0
2026-09-05 00:43:49,Mono Basin,Parker Ck. Above Conduit Flow,10.0
2026-09-05 00:43:49,Mono Basin,Grant Lk. Spill Flow,0.0
2026-09-05 00:43:49,Mono Basin,Mono Gate 1 Return Ditch Flow,40.4
2026-09-05 00:43:49,Mono Basin,Grant Lk. Outflow,39.0
2026-09-05 00:43:49,Mono Basin,Rush Ck. at Damsite Flow,30.6
2026-09-05 00:43:49,Mono Basin,Flow to West Portal,0.0
2026-09-05 00:43:49,Long Valley,East Portal Flow,12.0
2026-09-05 00:43:49,Long Valley,OR Below EP Flow,57.0
2026-09-05 00:43:49,Long Valley,Hot Ck.at Hwy. Flow,5.0
2026-09-05 00:43:49,Long Valley,McGee Ck. Lower Sta. Flow,8.4
2026-09-05 00:43:49,Long Valley,Long Valley Current Outflow,572.7
2026-09-05 00:43:49,Long Valley,Rock Ck. Div. Flow,0.0
2026-09-05 00:43:49,Long Valley,Upper Gorge Total Release,35.3
2026-09-05 00:43:49,Long Valley,Release at Middle Gorge,0.0
2026-09-05 00:43:49,Northern Owens Valley,Rock Ck. At Owens River (PV) Flow,26.0
2026-09-05 00:43:49,Northern Owens Valley,Pleasant Valley Outflow,510.5
2026-09-05 00:43:49,Northern Owens Valley,Baker Ck. At LA Station Flow,6.1
2026-09-05 00:43:49,Northern Owens Valley,Big Pine Ck. USGS Flow,26.4
2026-09-05 00:43:49,Northern Owens Valley,O.R. Below Big Pine,474.9
2026-09-05 00:43:49,Northern Owens Valley,Fish Springs At RR Flow,32.2
2026-09-05 00:43:49,Northern Owens Valley,Tinemaha Reservoir Outflow,479.1
2026-09-05 00:43:49,Northern Owens Valley,Bishop Creek Through Plant 6,67.9
2026-09-05 00:43:49,Northern Owens Valley,Bishop Creek Around Plant 6,7.4
2026-09-05 00:43:49,Southern Owens Valley,Tinemaha Reservoir Outflow,479.1
2026-09-05 00:43:49,Southern Owens Valley,Indep. Ck. At Junction Flow,3.8
2026-09-05 00:43:49,Southern Owens Valley,LAA at Alabama Flow,412.0
2026-09-05 00:43:49,Southern Owens Valley,Cottonwood Ck. At LAA Flow,2.0
2026-09-05 00:43:49,Southern Owens Valley,LAA at Cottonwood Flow,447.0
2026-09-05 00:43:49,Southern Owens Valley,Haiwee LAA #1 Current Flow,0.0
2026-09-05 00:43:49,Southern Owens Valley,Haiwee LAA #2 Current Flow,148.1
2026-09-05 00:43:49,Southern Owens Valley,Reinhackel Flow,2.9
2026-09-05 00:43:49,Southern Owens Valley,Lubkin Spillgate Outflow,0.1
2026-09-05 00:43:49,Southern Owens Valley,Cartago Spillgate Outflow,0.0
2026-09-05 00:43:49,Southern Owens Valley,Lone Pine Creek Flow,8.1
2026-09-05 00:43:49,Lower Owens River Project,LORP Intake Flow,88.0
2026-09-05 00:43:49,Lower Owens River Project,LORP at Mazourka Canyon Road,0.0
2026-09-05 00:43:49,Lower Owens River Project,LORP at Reinhackle Springs,58.0
2026-09-05 00:43:49,Lower Owens River Project,LORP Above Pumpstation,49.0
2026-09-05 00:43:49,Lower Owens River Project,LORP At Pump Station Discharge Flow,38.0
2026-09-05 00:43:49,Southern District,Haiwee LAA #2 Current Flow,148.1
2026-09-05 00:43:49,Southern District,Haiwee LAA #1 Current Flow,0.0
2026-09-05 00:43:49,Southern District,LAA #1 Flow at Fairmont Reservoir,290.8
2026-09-05 00:43:49,Southern District,LAA #2 Flow at Fairmont Res.,170.0
2026-09-05 00:43:49,Southern District,Bouquet Reservoir Inflow,73.6
2026-09-05 00:43:49,Southern District,Bouquet Reservoir Outflow,0.7
2026-09-05 00:43:49,Southern District,LAA #1 at Soledad Flow,126.3
2026-09-05 00:43:49,Southern District,LAA #2 at Soledad Flow,239.9
2026-09-05 00:43:50,Mono Basin,Mono Lk. Elevation,6382.2
2026-09-05 00:43:50,Mono Basin,Grant Lk. Elevation,7128.8
2026-09-05 00:43:50,Long Valley,Long Valley Elevation,6769.5
2026-09-05 00:43:50,Northern Owens Valley,Pleasant Valley Elevation,4387.4
2026-09-05 00:43:50,Southern Owens Valley,LAA at Alabama Level,7.9
2026-09-05 00:43:50,Southern Owens Valley,LAA at Alabama Water Temp,66.0
2026-09-05 00:43:50,Southern Owens Valley,LAA at Cottonwood Level,8.8
2026-09-05 00:43:50,Southern Owens Valley,LAA at Cotton. Water Temp,66.6
2026-09-05 00:43:50,Southern Owens Valley,N. Haiwee Elevation,3756.9
2026-09-05 00:43:50,Southern Owens Valley,S. Haiwee Reservoir Elevation,3728.4
2026-09-05 00:43:50,Southern District,S. Haiwee Reservoir Elevation,3728.4
2026-09-05 00:43:50,Southern District,Fairmont Reservoir Elevation,3022.3
2026-09-05 00:43:50,Southern District,Bouquet Reservoir Elevation,2973.7
2026-09-05 01:43:49,Mono Basin,Lee Vining Intake Above Flow,33.9
2026-09-05 01:43:49,Mono Basin,Lee Vining Intake Below Flow,29.3
2026-09-05 01:43:49,Mono Basin,L.V. Conduit Below Intake Flow,18.3
2026-09-05 01:43:49,Mono Basin,Walker Ck. Under Conduit Flow,4.0
2026-09-05 01:43:49,Mono Basin,Parker Ck. Under Conduit Flow,9.0
2026-09-05 01:43:49,Mono Basin,Rush Ck. at Damsite Flow,30.6
2026-09-05 01:43:49,Long Valley,Hot Ck.at Hwy. Flow,5.0
2026-09-05 01:43:49,Long Valley,McGee Ck. Lower Sta. Flow,8.4
2026-09-05 01:43:49,Long Valley,Long Valley Current Outflow,575.7
2026-09-05 01:43:49,Long Valley,Rock Ck. Div. Flow,0.0
2026-09-05 01:43:49,Long Valley,Upper Gorge Total Release,35.7
2026-09-05 01:43:49,Long Valley,Release at Middle Gorge,0.0
2026-09-05 01:43:49,Northern Owens Valley,Rock Ck. At Owens River (PV) Flow,26.0
2026-09-05 01:43:49,Northern Owens Valley,Pleasant Valley Outflow,510.6
2026-09-05 01:43:49,Northern Owens Valley,Baker Ck. At LA Station Flow,6.1
2026-09-05 01:43:49,Northern Owens Valley,Big Pine Ck. USGS Flow,26.4
2026-09-05 01:43:49,Northern Owens Valley,O.R. Below Big Pine,475.7
2026-09-05 01:43:49,Northern Owens Valley,Fish Springs At RR Flow,32.2
2026-09-05 01:43:49,Northern Owens Valley,Tinemaha Reservoir Outflow,479.1
2026-09-05 01:43:49,Northern Owens Valley,Bishop Creek Through Plant 6,67.9
2026-09-05 01:43:49,Northern Owens Valley,Bishop Creek Around Plant 6,7.4
2026-09-05 01:43:49,Southern Owens Valley,Tinemaha Reservoir Outflow,479.1
2026-09-05 01:43:49,Southern Owens Valley,Indep. Ck. At Junction Flow,3.8
2026-09-05 01:43:49,Southern Owens Valley,LAA at Alabama Flow,413.0
2026-09-05 01:43:49,Southern Owens Valley,Cottonwood Ck. At LAA Flow,2.0
2026-09-05 01:43:49,Southern Owens Valley,LAA at Cottonwood Flow,448.0
2026-09-05 01:43:49,Southern Owens Valley,Haiwee LAA #1 Current Flow,0.0
2026-09-05 01:43:49,Southern Owens Valley,Haiwee LAA #2 Current Flow,148.2
2026-09-05 01:43:49,Southern Owens Valley,Reinhackel Flow,2.9
2026-09-05 01:43:49,Southern Owens Valley,Lubkin Spillgate Outflow,0.1
2026-09-05 01:43:49,Southern Owens Valley,Cartago Spillgate Outflow,0.0
2026-09-05 01:43:49,Southern Owens Valley,Lone Pine Creek Flow,8.1
2026-09-05 01:43:49,Lower Owens River Project,LORP Intake Flow,88.0
2026-09-05 01:43:49,Lower Owens River Project,LORP at Mazourka Canyon Road,0.0
2026-09-05 01:43:49,Lower Owens River Project,LORP at Reinhackle Springs,54.0
2026-09-05 01:43:49,Lower Owens River Project,LORP Above Pumpstation,49.0
2026-09-05 01:43:49,Lower Owens River Project,LORP At Pump Station Discharge Flow,38.0
2026-09-05 01:43:49,Southern District,Haiwee LAA #2 Current Flow,148.2
2026-09-05 01:43:49,Southern District,Haiwee LAA #1 Current Flow,0.0
2026-09-05 01:43:50,Mono Basin,Mono Lk. Elevation,6382.2
2026-09-05 01:43:50,Mono Basin,Walker Ck. Above Conduit Flow,3.0
2026-09-05 01:43:50,Mono Basin,Parker Ck. Above Conduit Flow,10.0
2026-09-05 01:43:50,Mono Basin,Grant Lk. Spill Flow,0.0
2026-09-05 01:43:50,Mono Basin,Mono Gate 1 Return Ditch Flow,40.3
2026-09-05 01:43:50,Mono Basin,Grant Lk. Elevation,7128.9
2026-09-05 01:43:50,Mono Basin,Grant Lk. Outflow,39.1
2026-09-05 01:43:50,Mono Basin,Flow to West Portal,0.0
2026-09-05 01:43:50,Long Valley,East Portal Flow,12.0
2026-09-05 01:43:50,Long Valley,OR Below EP Flow,57.0
2026-09-05 01:43:50,Long Valley,Long Valley Elevation,6769.5
2026-09-05 01:43:50,Northern Owens Valley,Pleasant Valley Elevation,4387.5
2026-09-05 01:43:50,Southern Owens Valley,LAA at Alabama Level,7.9
2026-09-05 01:43:50,Southern Owens Valley,LAA at Alabama Water Temp,65.7
2026-09-05 01:43:50,Southern Owens Valley,LAA at Cottonwood Level,8.8
2026-09-05 01:43:50,Southern Owens Valley,LAA at Cotton. Water Temp,66.2
2026-09-05 01:43:50,Southern Owens Valley,N. Haiwee Elevation,3756.9
2026-09-05 01:43:50,Southern Owens Valley,S. Haiwee Reservoir Elevation,3728.4
2026-09-05 01:43:50,Southern District,S. Haiwee Reservoir Elevation,3728.4
2026-09-05 01:43:50,Southern District,Fairmont Reservoir Elevation,3022.2
2026-09-05 01:43:50,Southern District,LAA #1 Flow at Fairmont Reservoir,291.5
2026-09-05 01:43:50,Southern District,LAA #2 Flow at Fairmont Res.,170.0
2026-09-05 01:43:50,Southern District,Bouquet Reservoir Elevation,2973.7
2026-09-05 01:43:50,Southern District,Bouquet Reservoir Inflow,75.2
2026-09-05 01:43:50,Southern District,Bouquet Reservoir Outflow,0.5
2026-09-05 01:43:50,Southern District,LAA #1 at Soledad Flow,126.3
2026-09-05 01:43:50,Southern District,LAA #2 at Soledad Flow,239.9
2026-09-05 02:43:49,Northern Owens Valley,Tinemaha Reservoir Outflow,479.1
2026-09-05 02:43:49,Southern Owens Valley,Tinemaha Reservoir Outflow,479.1
2026-09-05 02:43:49,Southern Owens Valley,Indep. Ck. At Junction Flow,3.8
2026-09-05 02:43:49,Southern Owens Valley,LAA at Alabama Flow,413.0
2026-09-05 02:43:49,Southern Owens Valley,Cottonwood Ck. At LAA Flow,2.0
2026-09-05 02:43:49,Southern Owens Valley,LAA at Cottonwood Flow,447.0
2026-09-05 02:43:49,Southern Owens Valley,Haiwee LAA #1 Current Flow,0.0
2026-09-05 02:43:49,Southern Owens Valley,Haiwee LAA #2 Current Flow,148.2
2026-09-05 02:43:49,Southern Owens Valley,Reinhackel Flow,2.9
2026-09-05 02:43:49,Southern Owens Valley,Lubkin Spillgate Outflow,0.0
2026-09-05 02:43:49,Southern Owens Valley,Cartago Spillgate Outflow,0.0
2026-09-05 02:43:49,Southern Owens Valley,Lone Pine Creek Flow,8.2
2026-09-05 02:43:49,Lower Owens River Project,LORP Intake Flow,88.0
2026-09-05 02:43:49,Southern District,Haiwee LAA #2 Current Flow,148.2
2026-09-05 02:43:49,Southern District,Haiwee LAA #1 Current Flow,0.0
2026-09-05 02:43:50,Mono Basin,Lee Vining Intake Above Flow,27.5
2026-09-05 02:43:50,Mono Basin,Lee Vining Intake Below Flow,29.3
2026-09-05 02:43:50,Mono Basin,Mono Lk. Elevation,6382.2
2026-09-05 02:43:50,Mono Basin,Walker Ck. Above Conduit Flow,3.0
2026-09-05 02:43:50,Mono Basin,L.V. Conduit Below Intake Flow,6.7
2026-09-05 02:43:50,Mono Basin,Walker Ck. Under Conduit Flow,4.0
2026-09-05 02:43:50,Mono Basin,Parker Ck. Under Conduit Flow,9.0
2026-09-05 02:43:50,Mono Basin,Parker Ck. Above Conduit Flow,10.0
2026-09-05 02:43:50,Mono Basin,Grant Lk. Spill Flow,0.0
2026-09-05 02:43:50,Mono Basin,Mono Gate 1 Return Ditch Flow,40.4
2026-09-05 02:43:50,Mono Basin,Grant Lk. Elevation,7128.8
2026-09-05 02:43:50,Mono Basin,Grant Lk. Outflow,39.3
2026-09-05 02:43:50,Mono Basin,Rush Ck. at Damsite Flow,30.6
2026-09-05 02:43:50,Mono Basin,Flow to West Portal,0.0
2026-09-05 02:43:50,Long Valley,East Portal Flow,12.0
2026-09-05 02:43:50,Long Valley,OR Below EP Flow,57.0
2026-09-05 02:43:50,Long Valley,Hot Ck.at Hwy. Flow,5.0
2026-09-05 02:43:50,Long Valley,McGee Ck. Lower Sta. Flow,8.4
2026-09-05 02:43:50,Long Valley,Long Valley Elevation,6769.5
2026-09-05 02:43:50,Long Valley,Long Valley Current Outflow,576.6
2026-09-05 02:43:50,Long Valley,Rock Ck. Div. Flow,0.0
2026-09-05 02:43:50,Long Valley,Upper Gorge Total Release,35.6
2026-09-05 02:43:50,Long Valley,Release at Middle Gorge,0.0
2026-09-05 02:43:50,Northern Owens Valley,Rock Ck. At Owens River (PV) Flow,26.4
2026-09-05 02:43:50,Northern Owens Valley,Pleasant Valley Elevation,4387.6
2026-09-05 02:43:50,Northern Owens Valley,Pleasant Valley Outflow,511.5
2026-09-05 02:43:50,Northern Owens Valley,Baker Ck. At LA Station Flow,6.1
2026-09-05 02:43:50,Northern Owens Valley,Big Pine Ck. USGS Flow,26.4
2026-09-05 02:43:50,Northern Owens Valley,O.R. Below Big Pine,475.7
2026-09-05 02:43:50,Northern Owens Valley,Fish Springs At RR Flow,32.2
2026-09-05 02:43:50,Northern Owens Valley,Bishop Creek Through Plant 6,67.9
2026-09-05 02:43:50,Northern Owens Valley,Bishop Creek Around Plant 6,7.4
2026-09-05 02:43:50,Southern Owens Valley,LAA at Alabama Level,7.9
2026-09-05 02:43:50,Southern Owens Valley,LAA at Alabama Water Temp,65.5
2026-09-05 02:43:50,Southern Owens Valley,LAA at Cottonwood Level,8.8
2026-09-05 02:43:50,Southern Owens Valley,LAA at Cotton. Water Temp,66.1
2026-09-05 02:43:50,Southern Owens Valley,N. Haiwee Elevation,3756.9
2026-09-05 02:43:50,Southern Owens Valley,S. Haiwee Reservoir Elevation,3728.3
2026-09-05 02:43:50,Lower Owens River Project,LORP at Mazourka Canyon Road,0.0
2026-09-05 02:43:50,Lower Owens River Project,LORP at Reinhackle Springs,57.0
2026-09-05 02:43:50,Lower Owens River Project,LORP Above Pumpstation,49.0
2026-09-05 02:43:50,Lower Owens River Project,LORP At Pump Station Discharge Flow,38.0
2026-09-05 02:43:50,Southern District,S. Haiwee Reservoir Elevation,3728.3
2026-09-05 02:43:50,Southern District,Fairmont Reservoir Elevation,3022.2
2026-09-05 02:43:50,Southern District,LAA #1 Flow at Fairmont Reservoir,280.6
2026-09-05 02:43:50,Southern District,LAA #2 Flow at Fairmont Res.,170.1
2026-09-05 02:43:50,Southern District,Bouquet Reservoir Elevation,2973.7
2026-09-05 02:43:50,Southern District,Bouquet Reservoir Inflow,74.5
2026-09-05 02:43:50,Southern District,Bouquet Reservoir Outflow,0.7
2026-09-05 02:43:50,Southern District,LAA #1 at Soledad Flow,126.3
2026-09-05 02:43:50,Southern District,LAA #2 at Soledad Flow,239.9
2026-09-05 03:43:51,Mono Basin,Lee Vining Intake Above Flow,25.4
2026-09-05 03:43:51,Mono Basin,Lee Vining Intake Below Flow,29.3
2026-09-05 03:43:51,Mono Basin,Mono Lk. Elevation,6382.2
2026-09-05 03:43:51,Mono Basin,Walker Ck. Above Conduit Flow,3.0
2026-09-05 03:43:51,Mono Basin,L.V. Conduit Below Intake Flow,1.0
2026-09-05 03:43:51,Mono Basin,Walker Ck. Under Conduit Flow,4.0
2026-09-05 03:43:51,Mono Basin,Parker Ck. Under Conduit Flow,9.0
2026-09-05 03:43:51,Mono Basin,Parker Ck. Above Conduit Flow,10.0
2026-09-05 03:43:51,Mono Basin,Grant Lk. Spill Flow,0.0
2026-09-05 03:43:51,Mono Basin,Mono Gate 1 Return Ditch Flow,40.2
2026-09-05 03:43:51,Mono Basin,Grant Lk. Elevation,7128.9
2026-09-05 03:43:51,Mono Basin,Grant Lk. Outflow,39.1
2026-09-05 03:43:51,Mono Basin,Rush Ck. at Damsite Flow,30.6
2026-09-05 03:43:51,Mono Basin,Flow to West Portal,0.0
2026-09-05 03:43:51,Long Valley,East Portal Flow,12.0
2026-09-05 03:43:51,Long Valley,OR Below EP Flow,57.0
2026-09-05 03:43:51,Long Valley,Hot Ck.at Hwy. Flow,5.0
2026-09-05 03:43:51,Long Valley,McGee Ck. Lower Sta. Flow,8.4
2026-09-05 03:43:51,Long Valley,Long Valley Elevation,6769.5
2026-09-05 03:43:51,Long Valley,Long Valley Current Outflow,572.8
2026-09-05 03:43:51,Long Valley,Rock Ck. Div. Flow,0.0
2026-09-05 03:43:51,Long Valley,Upper Gorge Total Release,35.0
2026-09-05 03:43:51,Long Valley,Release at Middle Gorge,0.0
2026-09-05 03:43:51,Northern Owens Valley,Rock Ck. At Owens River (PV) Flow,26.6
2026-09-05 03:43:51,Northern Owens Valley,Pleasant Valley Elevation,4387.7
2026-09-05 03:43:51,Northern Owens Valley,Pleasant Valley Outflow,511.4
2026-09-05 03:43:51,Northern Owens Valley,Baker Ck. At LA Station Flow,6.2
2026-09-05 03:43:51,Northern Owens Valley,Big Pine Ck. USGS Flow,26.4
2026-09-05 03:43:51,Northern Owens Valley,O.R. Below Big Pine,475.9
2026-09-05 03:43:51,Northern Owens Valley,Fish Springs At RR Flow,32.2
2026-09-05 03:43:51,Northern Owens Valley,Tinemaha Reservoir Outflow,479.1
2026-09-05 03:43:51,Northern Owens Valley,Bishop Creek Through Plant 6,67.6
2026-09-05 03:43:51,Northern Owens Valley,Bishop Creek Around Plant 6,7.3
2026-09-05 03:43:51,Southern Owens Valley,Tinemaha Reservoir Outflow,479.1
2026-09-05 03:43:51,Southern Owens Valley,Indep. Ck. At Junction Flow,3.8
2026-09-05 03:43:51,Southern Owens Valley,LAA at Alabama Flow,413.0
2026-09-05 03:43:51,Southern Owens Valley,LAA at Alabama Level,7.9
2026-09-05 03:43:51,Southern Owens Valley,LAA at Alabama Water Temp,65.7
2026-09-05 03:43:51,Southern Owens Valley,Cottonwood Ck. At LAA Flow,2.0
2026-09-05 03:43:51,Southern Owens Valley,LAA at Cottonwood Flow,446.0
2026-09-05 03:43:51,Southern Owens Valley,LAA at Cottonwood Level,8.8
2026-09-05 03:43:51,Southern Owens Valley,LAA at Cotton. Water Temp,66.2
2026-09-05 03:43:51,Southern Owens Valley,N. Haiwee Elevation,3756.9
2026-09-05 03:43:51,Southern Owens Valley,S. Haiwee Reservoir Elevation,3728.3
2026-09-05 03:43:51,Southern Owens Valley,Haiwee LAA #1 Current Flow,0.0
2026-09-05 03:43:51,Southern Owens Valley,Haiwee LAA #2 Current Flow,148.2
2026-09-05 03:43:51,Southern Owens Valley,Reinhackel Flow,2.9
2026-09-05 03:43:51,Southern Owens Valley,Lubkin Spillgate Outflow,13.4
2026-09-05 03:43:51,Southern Owens Valley,Cartago Spillgate Outflow,0.0
2026-09-05 03:43:51,Southern Owens Valley,Lone Pine Creek Flow,8.3
2026-09-05 03:43:51,Lower Owens River Project,LORP Intake Flow,88.0
2026-09-05 03:43:51,Lower Owens River Project,LORP at Mazourka Canyon Road,0.0
2026-09-05 03:43:51,Lower Owens River Project,LORP at Reinhackle Springs,59.0
2026-09-05 03:43:51,Lower Owens River Project,LORP Above Pumpstation,48.0
2026-09-05 03:43:51,Lower Owens River Project,LORP At Pump Station Discharge Flow,38.0
2026-09-05 03:43:51,Southern District,Haiwee LAA #2 Current Flow,148.2
2026-09-05 03:43:51,Southern District,S. Haiwee Reservoir Elevation,3728.3
2026-09-05 03:43:51,Southern District,Haiwee LAA #1 Current Flow,0.0
2026-09-05 03:43:51,Southern District,Fairmont Reservoir Elevation,3022.1
2026-09-05 03:43:51,Southern District,LAA #1 Flow at Fairmont Reservoir,290.5
2026-09-05 03:43:51,Southern District,LAA #2 Flow at Fairmont Res.,170.0
2026-09-05 03:43:51,Southern District,Bouquet Reservoir Elevation,2973.7
2026-09-05 03:43:51,Southern District,Bouquet Reservoir Inflow,77.3
2026-09-05 03:43:51,Southern District,Bouquet Reservoir Outflow,0.7
2026-09-05 03:43:51,Southern District,LAA #1 at Soledad Flow,126.1
2026-09-05 03:43:51,Southern District,LAA #2 at Soledad Flow,241.0
2026-09-05 04:28:48,Northern Owens Valley,Tinemaha Elevation,3861.8
2026-09-05 04:28:48,Southern Owens Valley,Tinemaha Elevation,3861.8
2026-09-05 04:43:49,Mono Basin,Lee Vining Intake Above Flow,24.2
2026-09-05 04:43:49,Mono Basin,Lee Vining Intake Below Flow,29.1
2026-09-05 04:43:49,Mono Basin,Walker Ck. Above Conduit Flow,3.0
2026-09-05 04:43:49,Mono Basin,L.V. Conduit Below Intake Flow,0.5
2026-09-05 04:43:49,Mono Basin,Walker Ck. Under Conduit Flow,4.0
2026-09-05 04:43:49,Mono Basin,Parker Ck. Under Conduit Flow,9.0
2026-09-05 04:43:49,Mono Basin,Parker Ck. Above Conduit Flow,10.0
2026-09-05 04:43:49,Mono Basin,Grant Lk. Spill Flow,0.0
2026-09-05 04:43:49,Mono Basin,Mono Gate 1 Return Ditch Flow,40.4
2026-09-05 04:43:49,Mono Basin,Grant Lk. Outflow,39.2
2026-09-05 04:43:49,Mono Basin,Rush Ck. at Damsite Flow,30.6
2026-09-05 04:43:49,Mono Basin,Flow to West Portal,0.0
2026-09-05 04:43:49,Long Valley,East Portal Flow,12.0
2026-09-05 04:43:49,Long Valley,OR Below EP Flow,57.0
2026-09-05 04:43:49,Long Valley,Hot Ck.at Hwy. Flow,5.0
2026-09-05 04:43:49,Long Valley,McGee Ck. Lower Sta. Flow,8.4
2026-09-05 04:43:49,Long Valley,Long Valley Current Outflow,578.2
2026-09-05 04:43:49,Long Valley,Rock Ck. Div. Flow,0.0
2026-09-05 04:43:49,Long Valley,Upper Gorge Total Release,34.7
2026-09-05 04:43:49,Long Valley,Release at Middle Gorge,0.0
2026-09-05 04:43:49,Northern Owens Valley,Rock Ck. At Owens River (PV) Flow,26.6
2026-09-05 04:43:49,Northern Owens Valley,Pleasant Valley Outflow,512.4
2026-09-05 04:43:49,Northern Owens Valley,Baker Ck. At LA Station Flow,6.2
2026-09-05 04:43:49,Northern Owens Valley,Big Pine Ck. USGS Flow,26.4
2026-09-05 04:43:49,Northern Owens Valley,O.R. Below Big Pine,475.7
2026-09-05 04:43:49,Northern Owens Valley,Fish Springs At RR Flow,32.2
2026-09-05 04:43:49,Northern Owens Valley,Tinemaha Reservoir Outflow,479.1
2026-09-05 04:43:49,Northern Owens Valley,Bishop Creek Through Plant 6,67.6
2026-09-05 04:43:49,Northern Owens Valley,Bishop Creek Around Plant 6,7.3
2026-09-05 04:43:49,Southern Owens Valley,Tinemaha Reservoir Outflow,479.1
2026-09-05 04:43:49,Southern Owens Valley,Indep. Ck. At Junction Flow,3.8
2026-09-05 04:43:49,Southern Owens Valley,LAA at Alabama Flow,413.0
2026-09-05 04:43:49,Southern Owens Valley,Cottonwood Ck. At LAA Flow,2.0
2026-09-05 04:43:49,Southern Owens Valley,LAA at Cottonwood Flow,445.0
2026-09-05 04:43:49,Southern Owens Valley,Haiwee LAA #1 Current Flow,0.0
2026-09-05 04:43:49,Southern Owens Valley,Haiwee LAA #2 Current Flow,148.2
2026-09-05 04:43:49,Southern Owens Valley,Reinhackel Flow,2.9
2026-09-05 04:43:49,Southern Owens Valley,Lubkin Spillgate Outflow,11.7
2026-09-05 04:43:49,Southern Owens Valley,Cartago Spillgate Outflow,0.0
2026-09-05 04:43:49,Southern Owens Valley,Lone Pine Creek Flow,8.4
2026-09-05 04:43:49,Lower Owens River Project,LORP Intake Flow,88.0
2026-09-05 04:43:49,Lower Owens River Project,LORP at Mazourka Canyon Road,0.0
2026-09-05 04:43:49,Lower Owens River Project,LORP at Reinhackle Springs,55.0
2026-09-05 04:43:49,Lower Owens River Project,LORP Above Pumpstation,48.0
2026-09-05 04:43:49,Lower Owens River Project,LORP At Pump Station Discharge Flow,38.0
2026-09-05 04:43:49,Southern District,Haiwee LAA #2 Current Flow,148.2
2026-09-05 04:43:49,Southern District,Haiwee LAA #1 Current Flow,0.0
2026-09-05 04:43:49,Southern District,LAA #1 Flow at Fairmont Reservoir,282.5
2026-09-05 04:43:49,Southern District,LAA #2 Flow at Fairmont Res.,170.0
2026-09-05 04:43:49,Southern District,Bouquet Reservoir Inflow,72.7
2026-09-05 04:43:49,Southern District,Bouquet Reservoir Outflow,0.7
2026-09-05 04:43:49,Southern District,LAA #1 at Soledad Flow,126.1
2026-09-05 04:43:49,Southern District,LAA #2 at Soledad Flow,241.0
2026-09-05 04:43:50,Mono Basin,Mono Lk. Elevation,6382.2
2026-09-05 04:43:50,Mono Basin,Grant Lk. Elevation,7128.8
2026-09-05 04:43:50,Long Valley,Long Valley Elevation,6769.5
2026-09-05 04:43:50,Northern Owens Valley,Pleasant Valley Elevation,4387.8
2026-09-05 04:43:50,Southern Owens Valley,LAA at Alabama Level,7.9
2026-09-05 04:43:50,Southern Owens Valley,LAA at Alabama Water Temp,65.6
2026-09-05 04:43:50,Southern Owens Valley,LAA at Cottonwood Level,8.8
2026-09-05 04:43:50,Southern Owens Valley,LAA at Cotton. Water Temp,66.0
2026-09-05 04:43:50,Southern Owens Valley,N. Haiwee Elevation,3756.9
2026-09-05 04:43:50,Southern Owens Valley,S. Haiwee Reservoir Elevation,3728.3
2026-09-05 04:43:50,Southern District,S. Haiwee Reservoir Elevation,3728.3
2026-09-05 04:43:50,Southern District,Fairmont Reservoir Elevation,3022.1
2026-09-05 04:43:50,Southern District,Bouquet Reservoir Elevation,2973.7
2026-09-05 04:58:48,Northern Owens Valley,Tinemaha Elevation,3861.8
2026-09-05 04:58:48,Southern Owens Valley,Tinemaha Elevation,3861.8
2026-09-05 05:28:50,Northern Owens Valley,Tinemaha Elevation,3861.8
2026-09-05 05:28:50,Southern Owens Valley,Tinemaha Elevation,3861.8
2026-09-05 05:43:49,Mono Basin,Lee Vining Intake Above Flow,24.3
2026-09-05 05:43:49,Mono Basin,Lee Vining Intake Below Flow,29.4
2026-09-05 05:43:49,Mono Basin,Walker Ck. Above Conduit Flow,3.0
2026-09-05 05:43:49,Mono Basin,L.V. Conduit Below Intake Flow,0.5
2026-09-05 05:43:49,Mono Basin,Walker Ck. Under Conduit Flow,4.0
2026-09-05 05:43:49,Mono Basin,Parker Ck. Under Conduit Flow,9.0
2026-09-05 05:43:49,Mono Basin,Parker Ck. Above Conduit Flow,10.0
2026-09-05 05:43:49,Mono Basin,Grant Lk. Spill Flow,0.0
2026-09-05 05:43:49,Mono Basin,Mono Gate 1 Return Ditch Flow,40.4
2026-09-05 05:43:49,Mono Basin,Grant Lk. Outflow,38.9
2026-09-05 05:43:49,Mono Basin,Rush Ck. at Damsite Flow,30.6
2026-09-05 05:43:49,Mono Basin,Flow to West Portal,0.0
2026-09-05 05:43:49,Long Valley,East Portal Flow,12.0
2026-09-05 05:43:49,Long Valley,OR Below EP Flow,57.0
2026-09-05 05:43:49,Long Valley,Hot Ck.at Hwy. Flow,5.0
2026-09-05 05:43:49,Long Valley,McGee Ck. Lower Sta. Flow,8.4
2026-09-05 05:43:49,Long Valley,Long Valley Current Outflow,580.6
2026-09-05 05:43:49,Long Valley,Rock Ck. Div. Flow,0.0
2026-09-05 05:43:49,Long Valley,Upper Gorge Total Release,35.7
2026-09-05 05:43:49,Long Valley,Release at Middle Gorge,0.0
2026-09-05 05:43:49,Northern Owens Valley,Rock Ck. At Owens River (PV) Flow,26.8
2026-09-05 05:43:49,Northern Owens Valley,Pleasant Valley Outflow,513.3
2026-09-05 05:43:49,Northern Owens Valley,Baker Ck. At LA Station Flow,6.2
2026-09-05 05:43:49,Northern Owens Valley,Big Pine Ck. USGS Flow,26.4
2026-09-05 05:43:49,Northern Owens Valley,O.R. Below Big Pine,476.6
2026-09-05 05:43:49,Northern Owens Valley,Fish Springs At RR Flow,32.2
2026-09-05 05:43:49,Northern Owens Valley,Tinemaha Reservoir Outflow,479.1
2026-09-05 05:43:49,Northern Owens Valley,Bishop Creek Through Plant 6,68.0
2026-09-05 05:43:49,Northern Owens Valley,Bishop Creek Around Plant 6,7.3
2026-09-05 05:43:49,Southern Owens Valley,Tinemaha Reservoir Outflow,479.1
2026-09-05 05:43:49,Southern Owens Valley,Indep. Ck. At Junction Flow,3.8
2026-09-05 05:43:49,Southern Owens Valley,LAA at Alabama Flow,412.0
2026-09-05 05:43:49,Southern Owens Valley,Cottonwood Ck. At LAA Flow,2.0
2026-09-05 05:43:49,Southern Owens Valley,LAA at Cottonwood Flow,444.0
2026-09-05 05:43:49,Southern Owens Valley,Haiwee LAA #1 Current Flow,0.0
2026-09-05 05:43:49,Southern Owens Valley,Haiwee LAA #2 Current Flow,148.2
2026-09-05 05:43:49,Southern Owens Valley,Reinhackel Flow,2.9
2026-09-05 05:43:49,Southern Owens Valley,Lubkin Spillgate Outflow,11.7
2026-09-05 05:43:49,Southern Owens Valley,Cartago Spillgate Outflow,0.0
2026-09-05 05:43:49,Southern Owens Valley,Lone Pine Creek Flow,8.5
2026-09-05 05:43:49,Lower Owens River Project,LORP Intake Flow,89.0
2026-09-05 05:43:49,Lower Owens River Project,LORP at Mazourka Canyon Road,0.0
2026-09-05 05:43:49,Lower Owens River Project,LORP at Reinhackle Springs,57.0
2026-09-05 05:43:49,Lower Owens River Project,LORP Above Pumpstation,48.0
2026-09-05 05:43:49,Lower Owens River Project,LORP At Pump Station Discharge Flow,38.0
2026-09-05 05:43:49,Southern District,Haiwee LAA #2 Current Flow,148.2
2026-09-05 05:43:49,Southern District,Haiwee LAA #1 Current Flow,0.0
2026-09-05 05:43:49,Southern District,LAA #1 Flow at Fairmont Reservoir,286.6
2026-09-05 05:43:49,Southern District,LAA #2 Flow at Fairmont Res.,170.1
2026-09-05 05:43:49,Southern District,Bouquet Reservoir Inflow,77.7
2026-09-05 05:43:49,Southern District,Bouquet Reservoir Outflow,0.7
2026-09-05 05:43:49,Southern District,LAA #1 at Soledad Flow,126.1
2026-09-05 05:43:49,Southern District,LAA #2 at Soledad Flow,241.0
2026-09-05 05:43:50,Mono Basin,Mono Lk. Elevation,6382.2
2026-09-05 05:43:50,Mono Basin,Grant Lk. Elevation,7128.9
2026-09-05 05:43:50,Long Valley,Long Valley Elevation,6769.5
2026-09-05 05:43:50,Northern Owens Valley,Pleasant Valley Elevation,4387.9
2026-09-05 05:43:50,Southern Owens Valley,LAA at Alabama Level,7.9
2026-09-05 05:43:50,Southern Owens Valley,LAA at Alabama Water Temp,65.4
2026-09-05 05:43:50,Southern Owens Valley,LAA at Cottonwood Level,8.8
2026-09-05 05:43:50,Southern Owens Valley,LAA at Cotton. Water Temp,65.9
2026-09-05 05:43:50,Southern Owens Valley,N. Haiwee Elevation,3756.9
2026-09-05 05:43:50,Southern Owens Valley,S. Haiwee Reservoir Elevation,3728.3
2026-09-05 05:43:50,Southern District,S. Haiwee Reservoir Elevation,3728.3
2026-09-05 05:43:50,Southern District,Fairmont Reservoir Elevation,3022.0
2026-09-05 05:43:50,Southern District,Bouquet Reservoir Elevation,2973.7
2026-09-05 05:58:50,Northern Owens Valley,Tinemaha Elevation,3861.8
2026-09-05 05:58:50,Southern Owens Valley,Tinemaha Elevation,3861.8
2026-09-05 06:28:50,Northern Owens Valley,Tinemaha Elevation,3861.8
2026-09-05 06:28:50,Southern Owens Valley,Tinemaha Elevation,3861.8
2026-09-05 06:43:51,Mono Basin,Lee Vining Intake Above Flow,23.8
2026-09-05 06:43:51,Mono Basin,Lee Vining Intake Below Flow,29.4
2026-09-05 06:43:51,Mono Basin,Walker Ck. Above Conduit Flow,3.0
2026-09-05 06:43:51,Mono Basin,L.V. Conduit Below Intake Flow,0.5
2026-09-05 06:43:51,Mono Basin,Walker Ck. Under Conduit Flow,3.0
2026-09-05 06:43:51,Mono Basin,Parker Ck. Under Conduit Flow,9.0
2026-09-05 06:43:51,Mono Basin,Parker Ck. Above Conduit Flow,10.0
2026-09-05 06:43:51,Mono Basin,Grant Lk. Spill Flow,0.0
2026-09-05 06:43:51,Mono Basin,Mono Gate 1 Return Ditch Flow,40.4
2026-09-05 06:43:51,Mono Basin,Grant Lk. Outflow,38.9
2026-09-05 06:43:51,Mono Basin,Rush Ck. at Damsite Flow,25.5
2026-09-05 06:43:51,Mono Basin,Flow to West Portal,0.0
2026-09-05 06:43:51,Long Valley,East Portal Flow,12.0
2026-09-05 06:43:51,Long Valley,OR Below EP Flow,57.0
2026-09-05 06:43:51,Long Valley,Hot Ck.at Hwy. Flow,5.0
2026-09-05 06:43:51,Long Valley,McGee Ck. Lower Sta. Flow,8.7
2026-09-05 06:43:51,Long Valley,Long Valley Current Outflow,578.2
2026-09-05 06:43:51,Long Valley,Rock Ck. Div. Flow,0.0
2026-09-05 06:43:51,Long Valley,Upper Gorge Total Release,34.5
2026-09-05 06:43:51,Long Valley,Release at Middle Gorge,0.0
2026-09-05 06:43:51,Northern Owens Valley,Rock Ck. At Owens River (PV) Flow,26.8
2026-09-05 06:43:51,Northern Owens Valley,Pleasant Valley Outflow,512.8
2026-09-05 06:43:51,Northern Owens Valley,Baker Ck. At LA Station Flow,6.4
2026-09-05 06:43:51,Northern Owens Valley,Big Pine Ck. USGS Flow,26.8
2026-09-05 06:43:51,Northern Owens Valley,O.R. Below Big Pine,476.6
2026-09-05 06:43:51,Northern Owens Valley,Fish Springs At RR Flow,31.7
2026-09-05 06:43:51,Northern Owens Valley,Tinemaha Reservoir Outflow,479.1
2026-09-05 06:43:51,Northern Owens Valley,Bishop Creek Through Plant 6,68.4
2026-09-05 06:43:51,Northern Owens Valley,Bishop Creek Around Plant 6,7.3
2026-09-05 06:43:51,Southern Owens Valley,Tinemaha Reservoir Outflow,479.1
2026-09-05 06:43:51,Southern Owens Valley,Indep. Ck. At Junction Flow,4.3
2026-09-05 06:43:51,Southern Owens Valley,LAA at Alabama Flow,412.0
2026-09-05 06:43:51,Southern Owens Valley,Cottonwood Ck. At LAA Flow,2.0
2026-09-05 06:43:51,Southern Owens Valley,LAA at Cottonwood Flow,442.0
2026-09-05 06:43:51,Southern Owens Valley,Haiwee LAA #1 Current Flow,0.0
2026-09-05 06:43:51,Southern Owens Valley,Haiwee LAA #2 Current Flow,147.4
2026-09-05 06:43:51,Southern Owens Valley,Reinhackel Flow,2.9
2026-09-05 06:43:51,Southern Owens Valley,Lubkin Spillgate Outflow,9.5
2026-09-05 06:43:51,Southern Owens Valley,Cartago Spillgate Outflow,0.0
2026-09-05 06:43:51,Southern Owens Valley,Lone Pine Creek Flow,8.5
2026-09-05 06:43:51,Lower Owens River Project,LORP Intake Flow,89.0
2026-09-05 06:43:51,Lower Owens River Project,LORP at Mazourka Canyon Road,0.0
2026-09-05 06:43:51,Lower Owens River Project,LORP at Reinhackle Springs,56.0
2026-09-05 06:43:51,Lower Owens River Project,LORP Above Pumpstation,49.0
2026-09-05 06:43:51,Lower Owens River Project,LORP At Pump Station Discharge Flow,38.0
2026-09-05 06:43:51,Southern District,Haiwee LAA #2 Current Flow,147.4
2026-09-05 06:43:51,Southern District,Haiwee LAA #1 Current Flow,0.0
2026-09-05 06:43:51,Southern District,LAA #1 Flow at Fairmont Reservoir,259.5
2026-09-05 06:43:51,Southern District,LAA #2 Flow at Fairmont Res.,170.1
2026-09-05 06:43:51,Southern District,Bouquet Reservoir Inflow,77.1
2026-09-05 06:43:51,Southern District,Bouquet Reservoir Outflow,0.7
2026-09-05 06:43:51,Southern District,LAA #1 at Soledad Flow,124.8
2026-09-05 06:43:51,Southern District,LAA #2 at Soledad Flow,239.9
2026-09-05 06:43:52,Mono Basin,Mono Lk. Elevation,6382.2
2026-09-05 06:43:52,Mono Basin,Grant Lk. Elevation,7128.9
2026-09-05 06:43:52,Long Valley,Long Valley Elevation,6769.5
2026-09-05 06:43:52,Northern Owens Valley,Pleasant Valley Elevation,4388.0
2026-09-05 06:43:52,Southern Owens Valley,LAA at Alabama Level,7.9
2026-09-05 06:43:52,Southern Owens Valley,LAA at Alabama Water Temp,65.1
2026-09-05 06:43:52,Southern Owens Valley,LAA at Cottonwood Level,8.8
2026-09-05 06:43:52,Southern Owens Valley,LAA at Cotton. Water Temp,65.7
2026-09-05 06:43:52,Southern Owens Valley,N. Haiwee Elevation,3756.9
2026-09-05 06:43:52,Southern Owens Valley,S. Haiwee Reservoir Elevation,3728.3
2026-09-05 06:43:52,Southern District,S. Haiwee Reservoir Elevation,3728.3
2026-09-05 06:43:52,Southern District,Fairmont Reservoir Elevation,3022.0
2026-09-05 06:43:52,Southern District,Bouquet Reservoir Elevation,2973.7
2026-09-05 06:58:50,Northern Owens Valley,Tinemaha Elevation,3861.8
2026-09-05 06:58:50,Southern Owens Valley,Tinemaha Elevation,3861.8
2026-09-05 07:28:51,Northern Owens Valley,Tinemaha Elevation,3861.8
2026-09-05 07:28:51,Southern Owens Valley,Tinemaha Elevation,3861.8
2026-09-05 07:43:51,Mono Basin,Lee Vining Intake Above Flow,24.1
2026-09-05 07:43:51,Mono Basin,Lee Vining Intake Below Flow,24.6
2026-09-05 07:43:51,Mono Basin,Mono Lk. Elevation,6382.2
2026-09-05 07:43:51,Mono Basin,Walker Ck. Above Conduit Flow,3.0
2026-09-05 07:43:51,Mono Basin,L.V. Conduit Below Intake Flow,0.5
2026-09-05 07:43:51,Mono Basin,Walker Ck. Under Conduit Flow,3.0
2026-09-05 07:43:51,Mono Basin,Parker Ck. Under Conduit Flow,9.0
2026-09-05 07:43:51,Mono Basin,Parker Ck. Above Conduit Flow,10.0
2026-09-05 07:43:51,Mono Basin,Grant Lk. Spill Flow,0.0
2026-09-05 07:43:51,Mono Basin,Mono Gate 1 Return Ditch Flow,40.3
2026-09-05 07:43:51,Mono Basin,Grant Lk. Elevation,7128.9
2026-09-05 07:43:51,Mono Basin,Grant Lk. Outflow,39.1
2026-09-05 07:43:51,Mono Basin,Rush Ck. at Damsite Flow,25.5
2026-09-05 07:43:51,Mono Basin,Flow to West Portal,0.0
2026-09-05 07:43:51,Long Valley,East Portal Flow,12.0
2026-09-05 07:43:51,Long Valley,OR Below EP Flow,57.0
2026-09-05 07:43:51,Long Valley,Hot Ck.at Hwy. Flow,5.0
2026-09-05 07:43:51,Long Valley,McGee Ck. Lower Sta. Flow,8.7
2026-09-05 07:43:51,Long Valley,Long Valley Elevation,6769.5
2026-09-05 07:43:51,Long Valley,Long Valley Current Outflow,580.1
2026-09-05 07:43:51,Long Valley,Rock Ck. Div. Flow,0.0
2026-09-05 07:43:51,Long Valley,Upper Gorge Total Release,36.0
2026-09-05 07:43:51,Long Valley,Release at Middle Gorge,0.0
2026-09-05 07:43:51,Northern Owens Valley,Rock Ck. At Owens River (PV) Flow,27.0
2026-09-05 07:43:51,Northern Owens Valley,Pleasant Valley Elevation,4388.0
2026-09-05 07:43:51,Northern Owens Valley,Pleasant Valley Outflow,513.2
2026-09-05 07:43:51,Northern Owens Valley,Baker Ck. At LA Station Flow,6.4
2026-09-05 07:43:51,Northern Owens Valley,Big Pine Ck. USGS Flow,26.8
2026-09-05 07:43:51,Northern Owens Valley,O.R. Below Big Pine,477.4
2026-09-05 07:43:51,Northern Owens Valley,Fish Springs At RR Flow,31.7
2026-09-05 07:43:51,Northern Owens Valley,Tinemaha Reservoir Outflow,478.3
2026-09-05 07:43:51,Northern Owens Valley,Bishop Creek Through Plant 6,69.2
2026-09-05 07:43:51,Northern Owens Valley,Bishop Creek Around Plant 6,7.2
2026-09-05 07:43:51,Southern Owens Valley,Tinemaha Reservoir Outflow,478.3
2026-09-05 07:43:51,Southern Owens Valley,Indep. Ck. At Junction Flow,4.3
2026-09-05 07:43:51,Southern Owens Valley,LAA at Alabama Flow,412.0
2026-09-05 07:43:51,Southern Owens Valley,LAA at Alabama Level,7.9
2026-09-05 07:43:51,Southern Owens Valley,LAA at Alabama Water Temp,64.8
2026-09-05 07:43:51,Southern Owens Valley,Cottonwood Ck. At LAA Flow,2.0
2026-09-05 07:43:51,Southern Owens Valley,LAA at Cottonwood Flow,442.0
2026-09-05 07:43:51,Southern Owens Valley,LAA at Cottonwood Level,8.7
2026-09-05 07:43:51,Southern Owens Valley,LAA at Cotton. Water Temp,65.4
2026-09-05 07:43:51,Southern Owens Valley,N. Haiwee Elevation,3756.9
2026-09-05 07:43:51,Southern Owens Valley,S. Haiwee Reservoir Elevation,3728.3
2026-09-05 07:43:51,Southern Owens Valley,Haiwee LAA #1 Current Flow,0.0
2026-09-05 07:43:51,Southern Owens Valley,Haiwee LAA #2 Current Flow,147.4
2026-09-05 07:43:51,Southern Owens Valley,Reinhackel Flow,2.9
2026-09-05 07:43:51,Southern Owens Valley,Lubkin Spillgate Outflow,9.5
2026-09-05 07:43:51,Southern Owens Valley,Cartago Spillgate Outflow,0.0
2026-09-05 07:43:51,Southern Owens Valley,Lone Pine Creek Flow,8.1
2026-09-05 07:43:51,Lower Owens River Project,LORP Intake Flow,89.0
2026-09-05 07:43:51,Lower Owens River Project,LORP at Mazourka Canyon Road,0.0
2026-09-05 07:43:51,Lower Owens River Project,LORP at Reinhackle Springs,57.0
2026-09-05 07:43:51,Lower Owens River Project,LORP Above Pumpstation,49.0
2026-09-05 07:43:51,Lower Owens River Project,LORP At Pump Station Discharge Flow,38.0
2026-09-05 07:43:51,Southern District,Haiwee LAA #2 Current Flow,147.4
2026-09-05 07:43:51,Southern District,S. Haiwee Reservoir Elevation,3728.3
2026-09-05 07:43:51,Southern District,Haiwee LAA #1 Current Flow,0.0
2026-09-05 07:43:51,Southern District,Fairmont Reservoir Elevation,3021.9
2026-09-05 07:43:51,Southern District,LAA #1 Flow at Fairmont Reservoir,274.1
2026-09-05 07:43:51,Southern District,LAA #2 Flow at Fairmont Res.,170.1
2026-09-05 07:43:51,Southern District,Bouquet Reservoir Elevation,2973.7
2026-09-05 07:43:51,Southern District,Bouquet Reservoir Inflow,82.1
2026-09-05 07:43:51,Southern District,Bouquet Reservoir Outflow,0.7
2026-09-05 07:43:51,Southern District,LAA #1 at Soledad Flow,124.2
2026-09-05 07:43:51,Southern District,LAA #2 at Soledad Flow,239.6
2026-09-05 07:58:50,Northern Owens Valley,Tinemaha Elevation,3861.8
2026-09-05 07:58:50,Southern Owens Valley,Tinemaha Elevation,3861.8
2026-09-05 08:28:51,Northern Owens Valley,Tinemaha Elevation,3861.7
2026-09-05 08:28:51,Southern Owens Valley,Tinemaha Elevation,3861.7
2026-09-05 08:43:51,Mono Basin,Lee Vining Intake Above Flow,23.9
2026-09-05 08:43:51,Mono Basin,Lee Vining Intake Below Flow,23.9
2026-09-05 08:43:51,Mono Basin,Mono Lk. Elevation,6382.2
2026-09-05 08:43:51,Mono Basin,Walker Ck. Above Conduit Flow,3.0
2026-09-05 08:43:51,Mono Basin,L.V. Conduit Below Intake Flow,0.5
2026-09-05 08:43:51,Mono Basin,Walker Ck. Under Conduit Flow,3.0
2026-09-05 08:43:51,Mono Basin,Parker Ck. Under Conduit Flow,9.0
2026-09-05 08:43:51,Mono Basin,Parker Ck. Above Conduit Flow,10.0
2026-09-05 08:43:51,Mono Basin,Grant Lk. Spill Flow,0.0
2026-09-05 08:43:51,Mono Basin,Mono Gate 1 Return Ditch Flow,40.3
2026-09-05 08:43:51,Mono Basin,Grant Lk. Elevation,7128.9
2026-09-05 08:43:51,Mono Basin,Grant Lk. Outflow,39.1
2026-09-05 08:43:51,Mono Basin,Rush Ck. at Damsite Flow,25.5
2026-09-05 08:43:51,Mono Basin,Flow to West Portal,0.0
2026-09-05 08:43:51,Long Valley,East Portal Flow,12.0
2026-09-05 08:43:51,Long Valley,OR Below EP Flow,57.0
2026-09-05 08:43:51,Long Valley,Hot Ck.at Hwy. Flow,5.0
2026-09-05 08:43:51,Long Valley,McGee Ck. Lower Sta. Flow,8.7
2026-09-05 08:43:51,Long Valley,Long Valley Elevation,6769.5
2026-09-05 08:43:51,Long Valley,Long Valley Current Outflow,4.6
2026-09-05 08:43:51,Long Valley,Rock Ck. Div. Flow,0.0
2026-09-05 08:43:51,Long Valley,Upper Gorge Total Release,35.1
2026-09-05 08:43:51,Long Valley,Release at Middle Gorge,0.0
2026-09-05 08:43:51,Northern Owens Valley,Rock Ck. At Owens River (PV) Flow,27.0
2026-09-05 08:43:51,Northern Owens Valley,Pleasant Valley Elevation,4387.9
2026-09-05 08:43:51,Northern Owens Valley,Pleasant Valley Outflow,512.5
2026-09-05 08:43:51,Northern Owens Valley,Baker Ck. At LA Station Flow,6.4
2026-09-05 08:43:51,Northern Owens Valley,Big Pine Ck. USGS Flow,26.8
2026-09-05 08:43:51,Northern Owens Valley,O.R. Below Big Pine,479.0
2026-09-05 08:43:51,Northern Owens Valley,Fish Springs At RR Flow,31.7
2026-09-05 08:43:51,Northern Owens Valley,Tinemaha Reservoir Outflow,479.1
2026-09-05 08:43:51,Northern Owens Valley,Bishop Creek Through Plant 6,69.2
2026-09-05 08:43:51,Northern Owens Valley,Bishop Creek Around Plant 6,6.9
2026-09-05 08:43:51,Southern Owens Valley,Tinemaha Reservoir Outflow,479.1
2026-09-05 08:43:51,Southern Owens Valley,Indep. Ck. At Junction Flow,4.3
2026-09-05 08:43:51,Southern Owens Valley,LAA at Alabama Flow,414.0
2026-09-05 08:43:51,Southern Owens Valley,LAA at Alabama Level,7.9
2026-09-05 08:43:51,Southern Owens Valley,LAA at Alabama Water Temp,64.7
2026-09-05 08:43:51,Southern Owens Valley,Cottonwood Ck. At LAA Flow,2.0
2026-09-05 08:43:51,Southern Owens Valley,LAA at Cottonwood Flow,442.0
2026-09-05 08:43:51,Southern Owens Valley,LAA at Cottonwood Level,8.8
2026-09-05 08:43:51,Southern Owens Valley,LAA at Cotton. Water Temp,65.2
2026-09-05 08:43:51,Southern Owens Valley,N. Haiwee Elevation,3756.9
2026-09-05 08:43:51,Southern Owens Valley,S. Haiwee Reservoir Elevation,3728.3
2026-09-05 08:43:51,Southern Owens Valley,Haiwee LAA #1 Current Flow,0.0
2026-09-05 08:43:51,Southern Owens Valley,Haiwee LAA #2 Current Flow,147.0
2026-09-05 08:43:51,Southern Owens Valley,Reinhackel Flow,2.9
2026-09-05 08:43:51,Southern Owens Valley,Lubkin Spillgate Outflow,11.3
2026-09-05 08:43:51,Southern Owens Valley,Cartago Spillgate Outflow,0.0
2026-09-05 08:43:51,Southern Owens Valley,Lone Pine Creek Flow,8.7
2026-09-05 08:43:51,Lower Owens River Project,LORP Intake Flow,89.0
2026-09-05 08:43:51,Lower Owens River Project,LORP at Mazourka Canyon Road,0.0
2026-09-05 08:43:51,Lower Owens River Project,LORP at Reinhackle Springs,56.0
2026-09-05 08:43:51,Lower Owens River Project,LORP Above Pumpstation,49.0
2026-09-05 08:43:51,Lower Owens River Project,LORP At Pump Station Discharge Flow,38.0
2026-09-05 08:43:51,Southern District,Haiwee LAA #2 Current Flow,147.0
2026-09-05 08:43:51,Southern District,S. Haiwee Reservoir Elevation,3728.3
2026-09-05 08:43:51,Southern District,Haiwee LAA #1 Current Flow,0.0
2026-09-05 08:43:51,Southern District,Fairmont Reservoir Elevation,3021.9
2026-09-05 08:43:51,Southern District,LAA #1 Flow at Fairmont Reservoir,261.7
2026-09-05 08:43:51,Southern District,LAA #2 Flow at Fairmont Res.,170.2
2026-09-05 08:43:51,Southern District,Bouquet Reservoir Elevation,2973.8
2026-09-05 08:43:51,Southern District,Bouquet Reservoir Inflow,80.3
2026-09-05 08:43:51,Southern District,Bouquet Reservoir Outflow,0.7
2026-09-05 08:43:51,Southern District,LAA #1 at Soledad Flow,124.2
2026-09-05 08:43:51,Southern District,LAA #2 at Soledad Flow,239.6
2026-09-05 08:58:50,Northern Owens Valley,Tinemaha Elevation,3861.7
2026-09-05 08:58:50,Southern Owens Valley,Tinemaha Elevation,3861.7
2026-09-05 09:28:51,Northern Owens Valley,Tinemaha Elevation,3861.7
2026-09-05 09:28:51,Southern Owens Valley,Tinemaha Elevation,3861.7
2026-09-05 09:43:51,Mono Basin,Lee Vining Intake Above Flow,23.4
2026-09-05 09:43:51,Mono Basin,Lee Vining Intake Below Flow,23.9
2026-09-05 09:43:51,Mono Basin,Walker Ck. Above Conduit Flow,3.0
2026-09-05 09:43:51,Mono Basin,L.V. Conduit Below Intake Flow,0.5
2026-09-05 09:43:51,Mono Basin,Walker Ck. Under Conduit Flow,3.0
2026-09-05 09:43:51,Mono Basin,Parker Ck. Under Conduit Flow,9.0
2026-09-05 09:43:51,Mono Basin,Parker Ck. Above Conduit Flow,10.0
2026-09-05 09:43:51,Mono Basin,Grant Lk. Spill Flow,0.0
2026-09-05 09:43:51,Mono Basin,Mono Gate 1 Return Ditch Flow,40.3
2026-09-05 09:43:51,Mono Basin,Grant Lk. Outflow,39.1
2026-09-05 09:43:51,Mono Basin,Rush Ck. at Damsite Flow,25.5
2026-09-05 09:43:51,Mono Basin,Flow to West Portal,0.0
2026-09-05 09:43:51,Long Valley,East Portal Flow,12.0
2026-09-05 09:43:51,Long Valley,OR Below EP Flow,57.0
2026-09-05 09:43:51,Long Valley,Hot Ck.at Hwy. Flow,5.0
2026-09-05 09:43:51,Long Valley,McGee Ck. Lower Sta. Flow,8.7
2026-09-05 09:43:51,Long Valley,Long Valley Current Outflow,0.1
2026-09-05 09:43:51,Long Valley,Rock Ck. Div. Flow,0.0
2026-09-05 09:43:51,Long Valley,Upper Gorge Total Release,35.9
2026-09-05 09:43:51,Long Valley,Release at Middle Gorge,0.0
2026-09-05 09:43:51,Northern Owens Valley,Rock Ck. At Owens River (PV) Flow,27.1
2026-09-05 09:43:51,Northern Owens Valley,Pleasant Valley Outflow,511.0
2026-09-05 09:43:51,Northern Owens Valley,Baker Ck. At LA Station Flow,6.4
2026-09-05 09:43:51,Northern Owens Valley,Big Pine Ck. USGS Flow,26.8
2026-09-05 09:43:51,Northern Owens Valley,O.R. Below Big Pine,478.5
2026-09-05 09:43:51,Northern Owens Valley,Fish Springs At RR Flow,31.7
2026-09-05 09:43:51,Northern Owens Valley,Tinemaha Reservoir Outflow,479.9
2026-09-05 09:43:51,Northern Owens Valley,Bishop Creek Through Plant 6,69.2
2026-09-05 09:43:51,Northern Owens Valley,Bishop Creek Around Plant 6,6.9
2026-09-05 09:43:51,Southern Owens Valley,Tinemaha Reservoir Outflow,479.9
2026-09-05 09:43:51,Southern Owens Valley,Indep. Ck. At Junction Flow,4.3
2026-09-05 09:43:51,Southern Owens Valley,LAA at Alabama Flow,414.0
2026-09-05 09:43:51,Southern Owens Valley,Cottonwood Ck. At LAA Flow,2.0
2026-09-05 09:43:51,Southern Owens Valley,LAA at Cottonwood Flow,442.0
2026-09-05 09:43:51,Southern Owens Valley,Haiwee LAA #1 Current Flow,0.0
2026-09-05 09:43:51,Southern Owens Valley,Haiwee LAA #2 Current Flow,147.0
2026-09-05 09:43:51,Southern Owens Valley,Reinhackel Flow,2.9
2026-09-05 09:43:51,Southern Owens Valley,Lubkin Spillgate Outflow,11.3
2026-09-05 09:43:51,Southern Owens Valley,Cartago Spillgate Outflow,0.0
2026-09-05 09:43:51,Southern Owens Valley,Lone Pine Creek Flow,8.7
2026-09-05 09:43:51,Lower Owens River Project,LORP Intake Flow,89.0
2026-09-05 09:43:51,Lower Owens River Project,LORP at Mazourka Canyon Road,0.0
2026-09-05 09:43:51,Lower Owens River Project,LORP at Reinhackle Springs,57.0
2026-09-05 09:43:51,Lower Owens River Project,LORP Above Pumpstation,49.0
2026-09-05 09:43:51,Lower Owens River Project,LORP At Pump Station Discharge Flow,38.0
2026-09-05 09:43:51,Southern District,Haiwee LAA #2 Current Flow,147.0
2026-09-05 09:43:51,Southern District,Haiwee LAA #1 Current Flow,0.0
2026-09-05 09:43:51,Southern District,LAA #1 Flow at Fairmont Reservoir,260.1
2026-09-05 09:43:51,Southern District,LAA #2 Flow at Fairmont Res.,170.2
2026-09-05 09:43:51,Southern District,Bouquet Reservoir Inflow,75.9
2026-09-05 09:43:51,Southern District,Bouquet Reservoir Outflow,0.7
2026-09-05 09:43:51,Southern District,LAA #1 at Soledad Flow,124.2
2026-09-05 09:43:51,Southern District,LAA #2 at Soledad Flow,239.6
2026-09-05 09:43:52,Mono Basin,Mono Lk. Elevation,6382.2
2026-09-05 09:43:52,Mono Basin,Grant Lk. Elevation,7128.9
2026-09-05 09:43:52,Long Valley,Long Valley Elevation,6769.5
2026-09-05 09:43:52,Northern Owens Valley,Pleasant Valley Elevation,4387.5
2026-09-05 09:43:52,Southern Owens Valley,LAA at Alabama Level,7.9
2026-09-05 09:43:52,Southern Owens Valley,LAA at Alabama Water Temp,64.9
2026-09-05 09:43:52,Southern Owens Valley,LAA at Cottonwood Level,8.7
2026-09-05 09:43:52,Southern Owens Valley,LAA at Cotton. Water Temp,65.2
2026-09-05 09:43:52,Southern Owens Valley,N. Haiwee Elevation,3756.9
2026-09-05 09:43:52,Southern Owens Valley,S. Haiwee Reservoir Elevation,3728.3
2026-09-05 09:43:52,Southern District,S. Haiwee Reservoir Elevation,3728.3
2026-09-05 09:43:52,Southern District,Fairmont Reservoir Elevation,3021.9
2026-09-05 09:43:52,Southern District,Bouquet Reservoir Elevation,2973.8
2026-09-05 09:58:50,Northern Owens Valley,Tinemaha Elevation,3861.7
2026-09-05 09:58:50,Southern Owens Valley,Tinemaha Elevation,3861.7
2026-09-05 10:13:51,Mono Basin,Lee Vining Intake Above Flow,24.1
2026-09-05 10:13:51,Mono Basin,Lee Vining Intake Below Flow,24.0
2026-09-05 10:13:51,Mono Basin,Walker Ck. Above Conduit Flow,3.0
2026-09-05 10:13:51,Mono Basin,L.V. Conduit Below Intake Flow,0.5
2026-09-05 10:13:51,Mono Basin,Walker Ck. Under Conduit Flow,3.0
2026-09-05 10:13:51,Mono Basin,Parker Ck. Under Conduit Flow,9.0
2026-09-05 10:13:51,Mono Basin,Parker Ck. Above Conduit Flow,10.0
2026-09-05 10:13:51,Mono Basin,Grant Lk. Spill Flow,0.0
2026-09-05 10:13:51,Mono Basin,Mono Gate 1 Return Ditch Flow,40.3
2026-09-05 10:13:51,Mono Basin,Grant Lk. Outflow,39.1
2026-09-05 10:13:51,Mono Basin,Rush Ck. at Damsite Flow,25.5
2026-09-05 10:13:51,Mono Basin,Flow to West Portal,0.0
2026-09-05 10:13:51,Long Valley,East Portal Flow,12.0
2026-09-05 10:13:51,Long Valley,OR Below EP Flow,57.0
2026-09-05 10:13:51,Long Valley,Hot Ck.at Hwy. Flow,5.0
2026-09-05 10:13:51,Long Valley,McGee Ck. Lower Sta. Flow,8.7
2026-09-05 10:13:51,Long Valley,Long Valley Current Outflow,0.1
2026-09-05 10:13:51,Long Valley,Rock Ck. Div. Flow,0.0
2026-09-05 10:13:51,Long Valley,Upper Gorge Total Release,34.3
2026-09-05 10:13:51,Long Valley,Release at Middle Gorge,0.0
2026-09-05 10:13:51,Northern Owens Valley,Rock Ck. At Owens River (PV) Flow,27.1
2026-09-05 10:13:51,Northern Owens Valley,Pleasant Valley Outflow,510.1
2026-09-05 10:13:51,Northern Owens Valley,Baker Ck. At LA Station Flow,6.4
2026-09-05 10:13:51,Northern Owens Valley,Big Pine Ck. USGS Flow,26.8
2026-09-05 10:13:51,Northern Owens Valley,O.R. Below Big Pine,478.9
2026-09-05 10:13:51,Northern Owens Valley,Fish Springs At RR Flow,31.7
2026-09-05 10:13:51,Northern Owens Valley,Tinemaha Reservoir Outflow,479.1
2026-09-05 10:13:51,Northern Owens Valley,Bishop Creek Through Plant 6,69.2
2026-09-05 10:13:51,Northern Owens Valley,Bishop Creek Around Plant 6,6.9
2026-09-05 10:13:51,Southern Owens Valley,Tinemaha Reservoir Outflow,479.1
2026-09-05 10:13:51,Southern Owens Valley,Indep. Ck. At Junction Flow,4.3
2026-09-05 10:13:51,Southern Owens Valley,LAA at Alabama Flow,414.0
2026-09-05 10:13:51,Southern Owens Valley,LAA at Alabama Level,7.9
2026-09-05 10:13:51,Southern Owens Valley,LAA at Alabama Water Temp,65.2
2026-09-05 10:13:51,Southern Owens Valley,Cottonwood Ck. At LAA Flow,2.0
2026-09-05 10:13:51,Southern Owens Valley,LAA at Cottonwood Flow,441.0
2026-09-05 10:13:51,Southern Owens Valley,LAA at Cotton. Water Temp,65.3
2026-09-05 10:13:51,Southern Owens Valley,Haiwee LAA #1 Current Flow,0.0
2026-09-05 10:13:51,Southern Owens Valley,Haiwee LAA #2 Current Flow,146.8
2026-09-05 10:13:51,Southern Owens Valley,Reinhackel Flow,2.9
2026-09-05 10:13:51,Southern Owens Valley,Lubkin Spillgate Outflow,9.4
2026-09-05 10:13:51,Southern Owens Valley,Cartago Spillgate Outflow,0.0
2026-09-05 10:13:51,Southern Owens Valley,Lone Pine Creek Flow,8.7
2026-09-05 10:13:51,Lower Owens River Project,LORP Intake Flow,89.0
2026-09-05 10:13:51,Lower Owens River Project,LORP at Mazourka Canyon Road,0.0
2026-09-05 10:13:51,Lower Owens River Project,LORP at Reinhackle Springs,57.0
2026-09-05 10:13:51,Lower Owens River Project,LORP Above Pumpstation,49.0
2026-09-05 10:13:51,Lower Owens River Project,LORP At Pump Station Discharge Flow,38.0
2026-09-05 10:13:51,Southern District,Haiwee LAA #2 Current Flow,146.8
2026-09-05 10:13:51,Southern District,Haiwee LAA #1 Current Flow,0.0
2026-09-05 10:13:51,Southern District,LAA #1 Flow at Fairmont Reservoir,273.7
2026-09-05 10:13:51,Southern District,LAA #2 Flow at Fairmont Res.,170.2
2026-09-05 10:13:51,Southern District,Bouquet Reservoir Inflow,80.8
2026-09-05 10:13:51,Southern District,Bouquet Reservoir Outflow,0.7
2026-09-05 10:13:51,Southern District,LAA #1 at Soledad Flow,124.2
2026-09-05 10:13:51,Southern District,LAA #2 at Soledad Flow,239.6
2026-09-05 10:13:52,Mono Basin,Mono Lk. Elevation,6382.2
2026-09-05 10:13:52,Mono Basin,Grant Lk. Elevation,7128.9
2026-09-05 10:13:52,Long Valley,Long Valley Elevation,6769.5
2026-09-05 10:13:52,Northern Owens Valley,Pleasant Valley Elevation,4387.3
2026-09-05 10:13:52,Southern Owens Valley,LAA at Cottonwood Level,8.7
2026-09-05 10:13:52,Southern Owens Valley,N. Haiwee Elevation,3756.9
2026-09-05 10:13:52,Southern Owens Valley,S. Haiwee Reservoir Elevation,3728.3
2026-09-05 10:13:52,Southern District,S. Haiwee Reservoir Elevation,3728.3
2026-09-05 10:13:52,Southern District,Fairmont Reservoir Elevation,3021.8
2026-09-05 10:13:52,Southern District,Bouquet Reservoir Elevation,2973.8
2026-09-05 10:28:50,Mono Basin,Lee Vining Intake Above Flow,24.1
2026-09-05 10:28:50,Mono Basin,Lee Vining Intake Below Flow,24.0
2026-09-05 10:28:50,Mono Basin,Mono Lk. Elevation,6382.2
2026-09-05 10:28:50,Mono Basin,Walker Ck. Above Conduit Flow,3.0
2026-09-05 10:28:50,Mono Basin,L.V. Conduit Below Intake Flow,0.5
2026-09-05 10:28:50,Mono Basin,Walker Ck. Under Conduit Flow,3.0
2026-09-05 10:28:50,Mono Basin,Parker Ck. Under Conduit Flow,9.0
2026-09-05 10:28:50,Mono Basin,Parker Ck. Above Conduit Flow,10.0
2026-09-05 10:28:50,Mono Basin,Grant Lk. Spill Flow,0.0
2026-09-05 10:28:50,Mono Basin,Mono Gate 1 Return Ditch Flow,40.3
2026-09-05 10:28:50,Mono Basin,Grant Lk. Elevation,7128.9
2026-09-05 10:28:50,Mono Basin,Grant Lk. Outflow,39.1
2026-09-05 10:28:50,Mono Basin,Rush Ck. at Damsite Flow,25.5
2026-09-05 10:28:50,Mono Basin,Flow to West Portal,0.0
2026-09-05 10:28:50,Long Valley,East Portal Flow,12.0
2026-09-05 10:28:50,Long Valley,OR Below EP Flow,57.0
2026-09-05 10:28:50,Long Valley,Hot Ck.at Hwy. Flow,5.0
2026-09-05 10:28:50,Long Valley,McGee Ck. Lower Sta. Flow,8.7
2026-09-05 10:28:50,Long Valley,Long Valley Elevation,6769.5
2026-09-05 10:28:50,Long Valley,Long Valley Current Outflow,0.1
2026-09-05 10:28:50,Long Valley,Rock Ck. Div. Flow,0.0
2026-09-05 10:28:50,Long Valley,Upper Gorge Total Release,35.0
2026-09-05 10:28:50,Long Valley,Release at Middle Gorge,0.0
2026-09-05 10:28:50,Northern Owens Valley,Rock Ck. At Owens River (PV) Flow,27.1
2026-09-05 10:28:50,Northern Owens Valley,Pleasant Valley Elevation,4387.2
2026-09-05 10:28:50,Northern Owens Valley,Pleasant Valley Outflow,510.0
2026-09-05 10:28:50,Northern Owens Valley,Baker Ck. At LA Station Flow,6.4
2026-09-05 10:28:50,Northern Owens Valley,Big Pine Ck. USGS Flow,26.8
2026-09-05 10:28:50,Northern Owens Valley,O.R. Below Big Pine,478.8
2026-09-05 10:28:50,Northern Owens Valley,Fish Springs At RR Flow,31.7
2026-09-05 10:28:50,Northern Owens Valley,Tinemaha Elevation,3861.7
2026-09-05 10:28:50,Northern Owens Valley,Tinemaha Reservoir Outflow,479.1
2026-09-05 10:28:50,Northern Owens Valley,Bishop Creek Through Plant 6,69.2
2026-09-05 10:28:50,Northern Owens Valley,Bishop Creek Around Plant 6,6.9
2026-09-05 10:28:50,Southern Owens Valley,Tinemaha Elevation,3861.7
2026-09-05 10:28:50,Southern Owens Valley,Tinemaha Reservoir Outflow,479.1
2026-09-05 10:28:50,Southern Owens Valley,Indep. Ck. At Junction Flow,4.3
2026-09-05 10:28:50,Southern Owens Valley,LAA at Alabama Flow,415.0
2026-09-05 10:28:50,Southern Owens Valley,LAA at Alabama Level,7.9
2026-09-05 10:28:50,Southern Owens Valley,LAA at Alabama Water Temp,65.3
2026-09-05 10:28:50,Southern Owens Valley,Cottonwood Ck. At LAA Flow,2.0
2026-09-05 10:28:50,Southern Owens Valley,LAA at Cottonwood Flow,441.0
2026-09-05 10:28:50,Southern Owens Valley,LAA at Cottonwood Level,8.7
2026-09-05 10:28:50,Southern Owens Valley,LAA at Cotton. Water Temp,65.5
2026-09-05 10:28:50,Southern Owens Valley,N. Haiwee Elevation,3756.9
2026-09-05 10:28:50,Southern Owens Valley,S. Haiwee Reservoir Elevation,3728.3
2026-09-05 10:28:50,Southern Owens Valley,Haiwee LAA #1 Current Flow,0.0
2026-09-05 10:28:50,Southern Owens Valley,Haiwee LAA #2 Current Flow,146.8
2026-09-05 10:28:50,Southern Owens Valley,Reinhackel Flow,2.9
2026-09-05 10:28:50,Southern Owens Valley,Lubkin Spillgate Outflow,9.4
2026-09-05 10:28:50,Southern Owens Valley,Cartago Spillgate Outflow,0.0
2026-09-05 10:28:50,Southern Owens Valley,Lone Pine Creek Flow,8.7
2026-09-05 10:28:50,Lower Owens River Project,LORP Intake Flow,89.0
2026-09-05 10:28:50,Lower Owens River Project,LORP at Mazourka Canyon Road,0.0
2026-09-05 10:28:50,Lower Owens River Project,LORP at Reinhackle Springs,57.0
2026-09-05 10:28:50,Lower Owens River Project,LORP Above Pumpstation,49.0
2026-09-05 10:28:50,Lower Owens River Project,LORP At Pump Station Discharge Flow,38.0
2026-09-05 10:28:50,Southern District,Haiwee LAA #2 Current Flow,146.8
2026-09-05 10:28:50,Southern District,S. Haiwee Reservoir Elevation,3728.3
2026-09-05 10:28:50,Southern District,Haiwee LAA #1 Current Flow,0.0
2026-09-05 10:28:50,Southern District,Fairmont Reservoir Elevation,3021.8
2026-09-05 10:28:50,Southern District,LAA #1 Flow at Fairmont Reservoir,278.7
2026-09-05 10:28:50,Southern District,LAA #2 Flow at Fairmont Res.,170.2
2026-09-05 10:28:50,Southern District,Bouquet Reservoir Elevation,2973.8
2026-09-05 10:28:50,Southern District,Bouquet Reservoir Inflow,75.7
2026-09-05 10:28:50,Southern District,Bouquet Reservoir Outflow,0.7
2026-09-05 10:28:50,Southern District,LAA #1 at Soledad Flow,124.2
2026-09-05 10:28:50,Southern District,LAA #2 at Soledad Flow,239.6
2026-09-05 10:43:51,Mono Basin,Lee Vining Intake Above Flow,23.9
2026-09-05 10:43:51,Mono Basin,Lee Vining Intake Below Flow,23.9
2026-09-05 10:43:51,Mono Basin,Walker Ck. Above Conduit Flow,3.0
2026-09-05 10:43:51,Mono Basin,L.V. Conduit Below Intake Flow,0.5
2026-09-05 10:43:51,Mono Basin,Walker Ck. Under Conduit Flow,3.0
2026-09-05 10:43:51,Mono Basin,Parker Ck. Under Conduit Flow,9.0
2026-09-05 10:43:51,Mono Basin,Parker Ck. Above Conduit Flow,10.0
2026-09-05 10:43:51,Mono Basin,Grant Lk. Spill Flow,0.0
2026-09-05 10:43:51,Mono Basin,Mono Gate 1 Return Ditch Flow,40.3
2026-09-05 10:43:51,Mono Basin,Grant Lk. Outflow,39.1
2026-09-05 10:43:51,Mono Basin,Rush Ck. at Damsite Flow,25.5
2026-09-05 10:43:51,Mono Basin,Flow to West Portal,0.0
2026-09-05 10:43:51,Long Valley,East Portal Flow,12.0
2026-09-05 10:43:51,Long Valley,OR Below EP Flow,57.0
2026-09-05 10:43:51,Long Valley,Hot Ck.at Hwy. Flow,5.0
2026-09-05 10:43:51,Long Valley,McGee Ck. Lower Sta. Flow,8.7
2026-09-05 10:43:51,Long Valley,Long Valley Current Outflow,0.1
2026-09-05 10:43:51,Long Valley,Rock Ck. Div. Flow,0.0
2026-09-05 10:43:51,Long Valley,Upper Gorge Total Release,35.3
2026-09-05 10:43:51,Long Valley,Release at Middle Gorge,0.0
2026-09-05 10:43:51,Northern Owens Valley,Rock Ck. At Owens River (PV) Flow,27.1
2026-09-05 10:43:51,Northern Owens Valley,Pleasant Valley Outflow,509.3
2026-09-05 10:43:51,Northern Owens Valley,Baker Ck. At LA Station Flow,6.4
2026-09-05 10:43:51,Northern Owens Valley,Big Pine Ck. USGS Flow,26.8
2026-09-05 10:43:51,Northern Owens Valley,O.R. Below Big Pine,478.8
2026-09-05 10:43:51,Northern Owens Valley,Fish Springs At RR Flow,31.7
2026-09-05 10:43:51,Northern Owens Valley,Tinemaha Reservoir Outflow,479.1
2026-09-05 10:43:51,Northern Owens Valley,Bishop Creek Through Plant 6,69.2
2026-09-05 10:43:51,Northern Owens Valley,Bishop Creek Around Plant 6,6.9
2026-09-05 10:43:51,Southern Owens Valley,Tinemaha Reservoir Outflow,479.1
2026-09-05 10:43:51,Southern Owens Valley,Indep. Ck. At Junction Flow,4.3
2026-09-05 10:43:51,Southern Owens Valley,LAA at Alabama Flow,415.0
2026-09-05 10:43:51,Southern Owens Valley,Cottonwood Ck. At LAA Flow,2.0
2026-09-05 10:43:51,Southern Owens Valley,LAA at Cottonwood Flow,441.0
2026-09-05 10:43:51,Southern Owens Valley,Haiwee LAA #1 Current Flow,0.0
2026-09-05 10:43:51,Southern Owens Valley,Haiwee LAA #2 Current Flow,146.8
2026-09-05 10:43:51,Southern Owens Valley,Reinhackel Flow,2.9
2026-09-05 10:43:51,Southern Owens Valley,Lubkin Spillgate Outflow,14.2
2026-09-05 10:43:51,Southern Owens Valley,Cartago Spillgate Outflow,0.0
2026-09-05 10:43:51,Southern Owens Valley,Lone Pine Creek Flow,8.5
2026-09-05 10:43:51,Lower Owens River Project,LORP Intake Flow,89.0
2026-09-05 10:43:51,Lower Owens River Project,LORP at Mazourka Canyon Road,0.0
2026-09-05 10:43:51,Lower Owens River Project,LORP at Reinhackle Springs,57.0
2026-09-05 10:43:51,Lower Owens River Project,LORP Above Pumpstation,49.0
2026-09-05 10:43:51,Lower Owens River Project,LORP At Pump Station Discharge Flow,38.0
2026-09-05 10:43:51,Southern District,Haiwee LAA #2 Current Flow,146.8
2026-09-05 10:43:51,Southern District,Haiwee LAA #1 Current Flow,0.0
2026-09-05 10:43:51,Southern District,LAA #1 Flow at Fairmont Reservoir,283.3
2026-09-05 10:43:51,Southern District,LAA #2 Flow at Fairmont Res.,170.2
2026-09-05 10:43:51,Southern District,Bouquet Reservoir Inflow,80.8
2026-09-05 10:43:51,Southern District,Bouquet Reservoir Outflow,0.7
2026-09-05 10:43:51,Southern District,LAA #1 at Soledad Flow,127.5
2026-09-05 10:43:51,Southern District,LAA #2 at Soledad Flow,239.6
2026-09-05 10:43:52,Mono Basin,Mono Lk. Elevation,6382.2
2026-09-05 10:43:52,Mono Basin,Grant Lk. Elevation,7128.9
2026-09-05 10:43:52,Long Valley,Long Valley Elevation,6769.5
2026-09-05 10:43:52,Northern Owens Valley,Pleasant Valley Elevation,4387.1
2026-09-05 10:43:52,Southern Owens Valley,LAA at Alabama Level,7.9
2026-09-05 10:43:52,Southern Owens Valley,LAA at Alabama Water Temp,65.3
2026-09-05 10:43:52,Southern Owens Valley,LAA at Cottonwood Level,8.7
2026-09-05 10:43:52,Southern Owens Valley,LAA at Cotton. Water Temp,65.6
2026-09-05 10:43:52,Southern Owens Valley,N. Haiwee Elevation,3756.9
2026-09-05 10:43:52,Southern Owens Valley,S. Haiwee Reservoir Elevation,3728.3
2026-09-05 10:43:52,Southern District,S. Haiwee Reservoir Elevation,3728.3
2026-09-05 10:43:52,Southern District,Fairmont Reservoir Elevation,3021.8
2026-09-05 10:43:52,Southern District,Bouquet Reservoir Elevation,2973.8
2026-09-05 10:58:50,Mono Basin,Lee Vining Intake Above Flow,23.9
2026-09-05 10:58:50,Mono Basin,Lee Vining Intake Below Flow,23.9
2026-09-05 10:58:50,Mono Basin,Mono Lk. Elevation,6382.2
2026-09-05 10:58:50,Mono Basin,Walker Ck. Above Conduit Flow,3.0
2026-09-05 10:58:50,Mono Basin,L.V. Conduit Below Intake Flow,0.5
2026-09-05 10:58:50,Mono Basin,Walker Ck. Under Conduit Flow,3.0
2026-09-05 10:58:50,Mono Basin,Parker Ck. Under Conduit Flow,9.0
2026-09-05 10:58:50,Mono Basin,Parker Ck. Above Conduit Flow,10.0
2026-09-05 10:58:50,Mono Basin,Grant Lk. Spill Flow,0.0
2026-09-05 10:58:50,Mono Basin,Mono Gate 1 Return Ditch Flow,40.3
2026-09-05 10:58:50,Mono Basin,Grant Lk. Elevation,7128.9
2026-09-05 10:58:50,Mono Basin,Grant Lk. Outflow,39.1
2026-09-05 10:58:50,Mono Basin,Rush Ck. at Damsite Flow,25.5
2026-09-05 10:58:50,Mono Basin,Flow to West Portal,0.0
2026-09-05 10:58:50,Long Valley,East Portal Flow,12.0
2026-09-05 10:58:50,Long Valley,OR Below EP Flow,57.0
2026-09-05 10:58:50,Long Valley,Hot Ck.at Hwy. Flow,5.0
2026-09-05 10:58:50,Long Valley,McGee Ck. Lower Sta. Flow,8.7
2026-09-05 10:58:50,Long Valley,Long Valley Elevation,6769.5
2026-09-05 10:58:50,Long Valley,Long Valley Current Outflow,0.1
2026-09-05 10:58:50,Long Valley,Rock Ck. Div. Flow,0.0
2026-09-05 10:58:50,Long Valley,Upper Gorge Total Release,34.6
2026-09-05 10:58:50,Long Valley,Release at Middle Gorge,0.0
2026-09-05 10:58:50,Northern Owens Valley,Rock Ck. At Owens River (PV) Flow,27.1
2026-09-05 10:58:50,Northern Owens Valley,Pleasant Valley Elevation,4387.1
2026-09-05 10:58:50,Northern Owens Valley,Pleasant Valley Outflow,508.7
2026-09-05 10:58:50,Northern Owens Valley,Baker Ck. At LA Station Flow,6.4
2026-09-05 10:58:50,Northern Owens Valley,Big Pine Ck. USGS Flow,26.8
2026-09-05 10:58:50,Northern Owens Valley,O.R. Below Big Pine,479.5
2026-09-05 10:58:50,Northern Owens Valley,Fish Springs At RR Flow,31.7
2026-09-05 10:58:50,Northern Owens Valley,Tinemaha Elevation,3861.7
2026-09-05 10:58:50,Northern Owens Valley,Tinemaha Reservoir Outflow,479.1
2026-09-05 10:58:50,Northern Owens Valley,Bishop Creek Through Plant 6,69.2
2026-09-05 10:58:50,Northern Owens Valley,Bishop Creek Around Plant 6,6.9
2026-09-05 10:58:50,Southern Owens Valley,Tinemaha Elevation,3861.7
2026-09-05 10:58:50,Southern Owens Valley,Tinemaha Reservoir Outflow,479.1
2026-09-05 10:58:50,Southern Owens Valley,Indep. Ck. At Junction Flow,4.3
2026-09-05 10:58:50,Southern Owens Valley,LAA at Alabama Flow,415.0
2026-09-05 10:58:50,Southern Owens Valley,LAA at Alabama Level,7.9
2026-09-05 10:58:50,Southern Owens Valley,LAA at Alabama Water Temp,65.3
2026-09-05 10:58:50,Southern Owens Valley,Cottonwood Ck. At LAA Flow,2.0
2026-09-05 10:58:50,Southern Owens Valley,LAA at Cottonwood Flow,441.0
2026-09-05 10:58:50,Southern Owens Valley,LAA at Cottonwood Level,8.7
2026-09-05 10:58:50,Southern Owens Valley,LAA at Cotton. Water Temp,65.7
2026-09-05 10:58:50,Southern Owens Valley,N. Haiwee Elevation,3756.9
2026-09-05 10:58:50,Southern Owens Valley,S. Haiwee Reservoir Elevation,3728.3
2026-09-05 10:58:50,Southern Owens Valley,Haiwee LAA #1 Current Flow,0.0
2026-09-05 10:58:50,Southern Owens Valley,Haiwee LAA #2 Current Flow,146.8
2026-09-05 10:58:50,Southern Owens Valley,Reinhackel Flow,2.9
2026-09-05 10:58:50,Southern Owens Valley,Lubkin Spillgate Outflow,14.2
2026-09-05 10:58:50,Southern Owens Valley,Cartago Spillgate Outflow,0.0
2026-09-05 10:58:50,Southern Owens Valley,Lone Pine Creek Flow,8.5
2026-09-05 10:58:50,Lower Owens River Project,LORP Intake Flow,89.0
2026-09-05 10:58:50,Lower Owens River Project,LORP at Mazourka Canyon Road,0.0
2026-09-05 10:58:50,Lower Owens River Project,LORP at Reinhackle Springs,57.0
2026-09-05 10:58:50,Lower Owens River Project,LORP Above Pumpstation,49.0
2026-09-05 10:58:50,Lower Owens River Project,LORP At Pump Station Discharge Flow,38.0
2026-09-05 10:58:50,Southern District,Haiwee LAA #2 Current Flow,146.8
2026-09-05 10:58:50,Southern District,S. Haiwee Reservoir Elevation,3728.3
2026-09-05 10:58:50,Southern District,Haiwee LAA #1 Current Flow,0.0
2026-09-05 10:58:50,Southern District,Fairmont Reservoir Elevation,3021.8
2026-09-05 10:58:50,Southern District,LAA #1 Flow at Fairmont Reservoir,288.1
2026-09-05 10:58:50,Southern District,LAA #2 Flow at Fairmont Res.,170.2
2026-09-05 10:58:50,Southern District,Bouquet Reservoir Elevation,2973.8
2026-09-05 10:58:50,Southern District,Bouquet Reservoir Inflow,80.7
2026-09-05 10:58:50,Southern District,Bouquet Reservoir Outflow,0.7
2026-09-05 10:58:50,Southern District,LAA #1 at Soledad Flow,127.5
2026-09-05 10:58:50,Southern District,LAA #2 at Soledad Flow,239.6
2026-09-05 11:13:50,Mono Basin,Lee Vining Intake Above Flow,23.8
2026-09-05 11:13:50,Mono Basin,Lee Vining Intake Below Flow,23.9
2026-09-05 11:13:50,Mono Basin,Walker Ck. Above Conduit Flow,3.0
2026-09-05 11:13:50,Mono Basin,L.V. Conduit Below Intake Flow,0.5
2026-09-05 11:13:50,Mono Basin,Walker Ck. Under Conduit Flow,3.0
2026-09-05 11:13:50,Mono Basin,Parker Ck. Under Conduit Flow,9.0
2026-09-05 11:13:50,Mono Basin,Parker Ck. Above Conduit Flow,10.0
2026-09-05 11:13:50,Mono Basin,Grant Lk. Spill Flow,0.0
2026-09-05 11:13:50,Mono Basin,Mono Gate 1 Return Ditch Flow,40.3
2026-09-05 11:13:50,Mono Basin,Grant Lk. Outflow,39.1
2026-09-05 11:13:50,Mono Basin,Rush Ck. at Damsite Flow,25.5
2026-09-05 11:13:50,Mono Basin,Flow to West Portal,0.0
2026-09-05 11:13:50,Long Valley,East Portal Flow,12.0
2026-09-05 11:13:50,Long Valley,OR Below EP Flow,57.0
2026-09-05 11:13:50,Long Valley,Hot Ck.at Hwy. Flow,5.0
2026-09-05 11:13:50,Long Valley,McGee Ck. Lower Sta. Flow,8.7
2026-09-05 11:13:50,Long Valley,Long Valley Current Outflow,0.1
2026-09-05 11:13:50,Long Valley,Rock Ck. Div. Flow,0.0
2026-09-05 11:13:50,Long Valley,Upper Gorge Total Release,36.1
2026-09-05 11:13:50,Long Valley,Release at Middle Gorge,0.0
2026-09-05 11:13:50,Northern Owens Valley,Rock Ck. At Owens River (PV) Flow,27.1
2026-09-05 11:13:50,Northern Owens Valley,Pleasant Valley Outflow,507.9
2026-09-05 11:13:50,Northern Owens Valley,Baker Ck. At LA Station Flow,6.4
2026-09-05 11:13:50,Northern Owens Valley,Big Pine Ck. USGS Flow,26.8
2026-09-05 11:13:50,Northern Owens Valley,O.R. Below Big Pine,480.3
2026-09-05 11:13:50,Northern Owens Valley,Fish Springs At RR Flow,31.7
2026-09-05 11:13:50,Northern Owens Valley,Tinemaha Reservoir Outflow,479.1
2026-09-05 11:13:50,Northern Owens Valley,Bishop Creek Through Plant 6,69.2
2026-09-05 11:13:50,Northern Owens Valley,Bishop Creek Around Plant 6,6.9
2026-09-05 11:13:50,Southern Owens Valley,Tinemaha Reservoir Outflow,479.1
2026-09-05 11:13:50,Southern Owens Valley,Indep. Ck. At Junction Flow,4.3
2026-09-05 11:13:50,Southern Owens Valley,LAA at Alabama Flow,415.0
2026-09-05 11:13:50,Southern Owens Valley,Cottonwood Ck. At LAA Flow,2.0
2026-09-05 11:13:50,Southern Owens Valley,LAA at Cottonwood Flow,441.0
2026-09-05 11:13:50,Southern Owens Valley,Haiwee LAA #1 Current Flow,0.0
2026-09-05 11:13:50,Southern Owens Valley,Haiwee LAA #2 Current Flow,146.8
2026-09-05 11:13:50,Southern Owens Valley,Reinhackel Flow,2.9
2026-09-05 11:13:50,Southern Owens Valley,Lubkin Spillgate Outflow,5.2
2026-09-05 11:13:50,Southern Owens Valley,Cartago Spillgate Outflow,0.0
2026-09-05 11:13:50,Southern Owens Valley,Lone Pine Creek Flow,8.7
2026-09-05 11:13:50,Lower Owens River Project,LORP Intake Flow,89.0
2026-09-05 11:13:50,Lower Owens River Project,LORP at Mazourka Canyon Road,0.0
2026-09-05 11:13:50,Lower Owens River Project,LORP at Reinhackle Springs,57.0
2026-09-05 11:13:50,Lower Owens River Project,LORP Above Pumpstation,49.0
2026-09-05 11:13:50,Lower Owens River Project,LORP At Pump Station Discharge Flow,38.0
2026-09-05 11:13:50,Southern District,Haiwee LAA #2 Current Flow,146.8
2026-09-05 11:13:50,Southern District,Haiwee LAA #1 Current Flow,0.0
2026-09-05 11:13:50,Southern District,LAA #1 Flow at Fairmont Reservoir,286.7
2026-09-05 11:13:50,Southern District,LAA #2 Flow at Fairmont Res.,170.2
2026-09-05 11:13:50,Southern District,Bouquet Reservoir Inflow,75.8
2026-09-05 11:13:50,Southern District,Bouquet Reservoir Outflow,0.7
2026-09-05 11:13:50,Southern District,LAA #1 at Soledad Flow,127.5
2026-09-05 11:13:50,Southern District,LAA #2 at Soledad Flow,239.6
2026-09-05 11:13:51,Mono Basin,Mono Lk. Elevation,6382.2
2026-09-05 11:13:51,Mono Basin,Grant Lk. Elevation,7128.9
2026-09-05 11:13:51,Long Valley,Long Valley Elevation,6769.5
2026-09-05 11:13:51,Northern Owens Valley,Pleasant Valley Elevation,4387.0
2026-09-05 11:13:51,Southern Owens Valley,LAA at Alabama Level,8.0
2026-09-05 11:13:51,Southern Owens Valley,LAA at Alabama Water Temp,65.6
2026-09-05 11:13:51,Southern Owens Valley,LAA at Cottonwood Level,8.7
2026-09-05 11:13:51,Southern Owens Valley,LAA at Cotton. Water Temp,65.8
2026-09-05 11:13:51,Southern Owens Valley,N. Haiwee Elevation,3756.9
2026-09-05 11:13:51,Southern Owens Valley,S. Haiwee Reservoir Elevation,3728.3
2026-09-05 11:13:51,Southern District,S. Haiwee Reservoir Elevation,3728.3
2026-09-05 11:13:51,Southern District,Fairmont Reservoir Elevation,3021.8
2026-09-05 11:13:51,Southern District,Bouquet Reservoir Elevation,2973.8
2026-09-05 11:28:50,Mono Basin,Lee Vining Intake Above Flow,23.8
2026-09-05 11:28:50,Mono Basin,Lee Vining Intake Below Flow,23.9
2026-09-05 11:28:50,Mono Basin,Walker Ck. Above Conduit Flow,3.0
2026-09-05 11:28:50,Mono Basin,L.V. Conduit Below Intake Flow,0.5
2026-09-05 11:28:50,Mono Basin,Walker Ck. Under Conduit Flow,3.0
2026-09-05 11:28:50,Mono Basin,Parker Ck. Under Conduit Flow,9.0
2026-09-05 11:28:50,Mono Basin,Parker Ck. Above Conduit Flow,10.0
2026-09-05 11:28:50,Mono Basin,Grant Lk. Spill Flow,0.0
2026-09-05 11:28:50,Mono Basin,Mono Gate 1 Return Ditch Flow,40.3
2026-09-05 11:28:50,Mono Basin,Grant Lk. Outflow,39.1
2026-09-05 11:28:50,Mono Basin,Rush Ck. at Damsite Flow,25.5
2026-09-05 11:28:50,Mono Basin,Flow to West Portal,0.0
2026-09-05 11:28:50,Long Valley,East Portal Flow,12.0
2026-09-05 11:28:50,Long Valley,OR Below EP Flow,57.0
2026-09-05 11:28:50,Long Valley,Hot Ck.at Hwy. Flow,5.0
2026-09-05 11:28:50,Long Valley,McGee Ck. Lower Sta. Flow,8.7
2026-09-05 11:28:50,Long Valley,Long Valley Current Outflow,0.1
2026-09-05 11:28:50,Long Valley,Rock Ck. Div. Flow,0.0
2026-09-05 11:28:50,Long Valley,Upper Gorge Total Release,35.1
2026-09-05 11:28:50,Long Valley,Release at Middle Gorge,0.0
2026-09-05 11:28:50,Northern Owens Valley,Rock Ck. At Owens River (PV) Flow,27.1
2026-09-05 11:28:50,Northern Owens Valley,Pleasant Valley Outflow,508.3
2026-09-05 11:28:50,Northern Owens Valley,Baker Ck. At LA Station Flow,6.4
2026-09-05 11:28:50,Northern Owens Valley,Big Pine Ck. USGS Flow,26.8
2026-09-05 11:28:50,Northern Owens Valley,O.R. Below Big Pine,479.7
2026-09-05 11:28:50,Northern Owens Valley,Fish Springs At RR Flow,31.7
2026-09-05 11:28:50,Northern Owens Valley,Tinemaha Reservoir Outflow,479.1
2026-09-05 11:28:50,Northern Owens Valley,Bishop Creek Through Plant 6,69.2
2026-09-05 11:28:50,Northern Owens Valley,Bishop Creek Around Plant 6,6.9
2026-09-05 11:28:50,Southern Owens Valley,Tinemaha Reservoir Outflow,479.1
2026-09-05 11:28:50,Southern Owens Valley,Indep. Ck. At Junction Flow,4.3
2026-09-05 11:28:50,Southern Owens Valley,LAA at Alabama Flow,415.0
2026-09-05 11:28:50,Southern Owens Valley,Cottonwood Ck. At LAA Flow,2.0
2026-09-05 11:28:50,Southern Owens Valley,LAA at Cottonwood Flow,441.0
2026-09-05 11:28:50,Southern Owens Valley,Haiwee LAA #1 Current Flow,0.0
2026-09-05 11:28:50,Southern Owens Valley,Haiwee LAA #2 Current Flow,146.8
2026-09-05 11:28:50,Southern Owens Valley,Reinhackel Flow,2.9
2026-09-05 11:28:50,Southern Owens Valley,Lubkin Spillgate Outflow,0.0
2026-09-05 11:28:50,Southern Owens Valley,Cartago Spillgate Outflow,0.0
2026-09-05 11:28:50,Southern Owens Valley,Lone Pine Creek Flow,8.7
2026-09-05 11:28:50,Lower Owens River Project,LORP Intake Flow,89.0
2026-09-05 11:28:50,Lower Owens River Project,LORP at Mazourka Canyon Road,0.0
2026-09-05 11:28:50,Lower Owens River Project,LORP at Reinhackle Springs,56.0
2026-09-05 11:28:50,Lower Owens River Project,LORP Above Pumpstation,49.0
2026-09-05 11:28:50,Lower Owens River Project,LORP At Pump Station Discharge Flow,38.0
2026-09-05 11:28:50,Southern District,Haiwee LAA #2 Current Flow,146.8
2026-09-05 11:28:50,Southern District,Haiwee LAA #1 Current Flow,0.0
2026-09-05 11:28:50,Southern District,LAA #1 Flow at Fairmont Reservoir,281.0
2026-09-05 11:28:50,Southern District,LAA #2 Flow at Fairmont Res.,170.3
2026-09-05 11:28:50,Southern District,Bouquet Reservoir Inflow,73.7
2026-09-05 11:28:50,Southern District,Bouquet Reservoir Outflow,0.7
2026-09-05 11:28:50,Southern District,LAA #1 at Soledad Flow,127.5
2026-09-05 11:28:50,Southern District,LAA #2 at Soledad Flow,239.6
2026-09-05 11:28:51,Mono Basin,Mono Lk. Elevation,6382.2
2026-09-05 11:28:51,Mono Basin,Grant Lk. Elevation,7128.9
2026-09-05 11:28:51,Long Valley,Long Valley Elevation,6769.5
2026-09-05 11:28:51,Northern Owens Valley,Pleasant Valley Elevation,4386.9
2026-09-05 11:28:51,Northern Owens Valley,Tinemaha Elevation,3861.7
2026-09-05 11:28:51,Southern Owens Valley,Tinemaha Elevation,3861.7
2026-09-05 11:28:51,Southern Owens Valley,LAA at Alabama Level,8.0
2026-09-05 11:28:51,Southern Owens Valley,LAA at Alabama Water Temp,65.6
2026-09-05 11:28:51,Southern Owens Valley,LAA at Cottonwood Level,8.7
2026-09-05 11:28:51,Southern Owens Valley,LAA at Cotton. Water Temp,65.8
2026-09-05 11:28:51,Southern Owens Valley,N. Haiwee Elevation,3756.9
2026-09-05 11:28:51,Southern Owens Valley,S. Haiwee Reservoir Elevation,3728.3
2026-09-05 11:28:51,Southern District,S. Haiwee Reservoir Elevation,3728.3
2026-09-05 11:28:51,Southern District,Fairmont Reservoir Elevation,3021.8
2026-09-05 11:28:51,Southern District,Bouquet Reservoir Elevation,2973.8
2026-09-05 11:43:51,Mono Basin,Lee Vining Intake Above Flow,24.5
2026-09-05 11:43:51,Mono Basin,Lee Vining Intake Below Flow,23.8
2026-09-05 11:43:51,Mono Basin,Mono Lk. Elevation,6382.2
2026-09-05 11:43:51,Mono Basin,Walker Ck. Above Conduit Flow,3.0
2026-09-05 11:43:51,Mono Basin,L.V. Conduit Below Intake Flow,0.5
2026-09-05 11:43:51,Mono Basin,Walker Ck. Under Conduit Flow,3.0
2026-09-05 11:43:51,Mono Basin,Parker Ck. Under Conduit Flow,9.0
2026-09-05 11:43:51,Mono Basin,Parker Ck. Above Conduit Flow,10.0
2026-09-05 11:43:51,Mono Basin,Grant Lk. Spill Flow,0.0
2026-09-05 11:43:51,Mono Basin,Mono Gate 1 Return Ditch Flow,40.3
2026-09-05 11:43:51,Mono Basin,Grant Lk. Elevation,7128.9
2026-09-05 11:43:51,Mono Basin,Grant Lk. Outflow,39.1
2026-09-05 11:43:51,Mono Basin,Rush Ck. at Damsite Flow,21.2
2026-09-05 11:43:51,Mono Basin,Flow to West Portal,0.0
2026-09-05 11:43:51,Long Valley,East Portal Flow,12.0
2026-09-05 11:43:51,Long Valley,OR Below EP Flow,57.0
2026-09-05 11:43:51,Long Valley,Hot Ck.at Hwy. Flow,5.0
2026-09-05 11:43:51,Long Valley,McGee Ck. Lower Sta. Flow,8.7
2026-09-05 11:43:51,Long Valley,Long Valley Elevation,6769.5
2026-09-05 11:43:51,Long Valley,Long Valley Current Outflow,0.1
2026-09-05 11:43:51,Long Valley,Rock Ck. Div. Flow,0.0
2026-09-05 11:43:51,Long Valley,Upper Gorge Total Release,35.1
2026-09-05 11:43:51,Long Valley,Release at Middle Gorge,0.0
2026-09-05 11:43:51,Northern Owens Valley,Rock Ck. At Owens River (PV) Flow,27.1
2026-09-05 11:43:51,Northern Owens Valley,Pleasant Valley Elevation,4386.8
2026-09-05 11:43:51,Northern Owens Valley,Pleasant Valley Outflow,508.4
2026-09-05 11:43:51,Northern Owens Valley,Baker Ck. At LA Station Flow,6.4
2026-09-05 11:43:51,Northern Owens Valley,Big Pine Ck. USGS Flow,26.8
2026-09-05 11:43:51,Northern Owens Valley,O.R. Below Big Pine,478.9
2026-09-05 11:43:51,Northern Owens Valley,Fish Springs At RR Flow,31.7
2026-09-05 11:43:51,Northern Owens Valley,Tinemaha Reservoir Outflow,479.1
2026-09-05 11:43:51,Northern Owens Valley,Bishop Creek Through Plant 6,69.2
2026-09-05 11:43:51,Northern Owens Valley,Bishop Creek Around Plant 6,6.9
2026-09-05 11:43:51,Southern Owens Valley,Tinemaha Reservoir Outflow,479.1
2026-09-05 11:43:51,Southern Owens Valley,Indep. Ck. At Junction Flow,4.3
2026-09-05 11:43:51,Southern Owens Valley,LAA at Alabama Flow,415.0
2026-09-05 11:43:51,Southern Owens Valley,LAA at Alabama Level,8.0
2026-09-05 11:43:51,Southern Owens Valley,LAA at Alabama Water Temp,65.6
2026-09-05 11:43:51,Southern Owens Valley,Cottonwood Ck. At LAA Flow,2.0
2026-09-05 11:43:51,Southern Owens Valley,LAA at Cottonwood Flow,441.0
2026-09-05 11:43:51,Southern Owens Valley,LAA at Cottonwood Level,8.7
2026-09-05 11:43:51,Southern Owens Valley,LAA at Cotton. Water Temp,66.2
2026-09-05 11:43:51,Southern Owens Valley,N. Haiwee Elevation,3756.9
2026-09-05 11:43:51,Southern Owens Valley,S. Haiwee Reservoir Elevation,3728.3
2026-09-05 11:43:51,Southern Owens Valley,Haiwee LAA #1 Current Flow,0.0
2026-09-05 11:43:51,Southern Owens Valley,Haiwee LAA #2 Current Flow,146.8
2026-09-05 11:43:51,Southern Owens Valley,Reinhackel Flow,2.9
2026-09-05 11:43:51,Southern Owens Valley,Lubkin Spillgate Outflow,0.0
2026-09-05 11:43:51,Southern Owens Valley,Cartago Spillgate Outflow,0.0
2026-09-05 11:43:51,Southern Owens Valley,Lone Pine Creek Flow,8.5
2026-09-05 11:43:51,Lower Owens River Project,LORP Intake Flow,89.0
2026-09-05 11:43:51,Lower Owens River Project,LORP at Mazourka Canyon Road,0.0
2026-09-05 11:43:51,Lower Owens River Project,LORP at Reinhackle Springs,56.0
2026-09-05 11:43:51,Lower Owens River Project,LORP Above Pumpstation,49.0
2026-09-05 11:43:51,Lower Owens River Project,LORP At Pump Station Discharge Flow,38.0
2026-09-05 11:43:51,Southern District,Haiwee LAA #2 Current Flow,146.8
2026-09-05 11:43:51,Southern District,S. Haiwee Reservoir Elevation,3728.3
2026-09-05 11:43:51,Southern District,Haiwee LAA #1 Current Flow,0.0
2026-09-05 11:43:51,Southern District,Fairmont Reservoir Elevation,3021.8
2026-09-05 11:43:51,Southern District,LAA #1 Flow at Fairmont Reservoir,281.3
2026-09-05 11:43:51,Southern District,LAA #2 Flow at Fairmont Res.,170.2
2026-09-05 11:43:51,Southern District,Bouquet Reservoir Elevation,2973.8
2026-09-05 11:43:51,Southern District,Bouquet Reservoir Inflow,80.5
2026-09-05 11:43:51,Southern District,Bouquet Reservoir Outflow,0.7
2026-09-05 11:43:51,Southern District,LAA #1 at Soledad Flow,127.5
2026-09-05 11:43:51,Southern District,LAA #2 at Soledad Flow,239.6
2026-09-05 11:58:50,Mono Basin,Lee Vining Intake Above Flow,24.5
2026-09-05 11:58:50,Mono Basin,Lee Vining Intake Below Flow,23.8
2026-09-05 11:58:50,Mono Basin,Mono Lk. Elevation,6382.2
2026-09-05 11:58:50,Mono Basin,Walker Ck. Above Conduit Flow,3.0
2026-09-05 11:58:50,Mono Basin,L.V. Conduit Below Intake Flow,0.5
2026-09-05 11:58:50,Mono Basin,Walker Ck. Under Conduit Flow,3.0
2026-09-05 11:58:50,Mono Basin,Parker Ck. Under Conduit Flow,9.0
2026-09-05 11:58:50,Mono Basin,Parker Ck. Above Conduit Flow,10.0
2026-09-05 11:58:50,Mono Basin,Grant Lk. Spill Flow,0.0
2026-09-05 11:58:50,Mono Basin,Mono Gate 1 Return Ditch Flow,40.3
2026-09-05 11:58:50,Mono Basin,Grant Lk. Elevation,7128.9
2026-09-05 11:58:50,Mono Basin,Grant Lk. Outflow,39.1
2026-09-05 11:58:50,Mono Basin,Rush Ck. at Damsite Flow,21.2
2026-09-05 11:58:50,Mono Basin,Flow to West Portal,0.0
2026-09-05 11:58:50,Long Valley,East Portal Flow,12.0
2026-09-05 11:58:50,Long Valley,OR Below EP Flow,57.0
2026-09-05 11:58:50,Long Valley,Hot Ck.at Hwy. Flow,5.0
2026-09-05 11:58:50,Long Valley,McGee Ck. Lower Sta. Flow,8.7
2026-09-05 11:58:50,Long Valley,Long Valley Elevation,6769.5
2026-09-05 11:58:50,Long Valley,Long Valley Current Outflow,0.1
2026-09-05 11:58:50,Long Valley,Rock Ck. Div. Flow,0.0
2026-09-05 11:58:50,Long Valley,Upper Gorge Total Release,36.3
2026-09-05 11:58:50,Long Valley,Release at Middle Gorge,0.0
2026-09-05 11:58:50,Northern Owens Valley,Rock Ck. At Owens River (PV) Flow,27.1
2026-09-05 11:58:50,Northern Owens Valley,Pleasant Valley Elevation,4386.7
2026-09-05 11:58:50,Northern Owens Valley,Pleasant Valley Outflow,506.8
2026-09-05 11:58:50,Northern Owens Valley,Baker Ck. At LA Station Flow,6.4
2026-09-05 11:58:50,Northern Owens Valley,Big Pine Ck. USGS Flow,26.8
2026-09-05 11:58:50,Northern Owens Valley,O.R. Below Big Pine,478.7
2026-09-05 11:58:50,Northern Owens Valley,Fish Springs At RR Flow,31.7
2026-09-05 11:58:50,Northern Owens Valley,Tinemaha Elevation,3861.7
2026-09-05 11:58:50,Northern Owens Valley,Tinemaha Reservoir Outflow,479.1
2026-09-05 11:58:50,Northern Owens Valley,Bishop Creek Through Plant 6,69.2
2026-09-05 11:58:50,Northern Owens Valley,Bishop Creek Around Plant 6,6.9
2026-09-05 11:58:50,Southern Owens Valley,Tinemaha Elevation,3861.7
2026-09-05 11:58:50,Southern Owens Valley,Tinemaha Reservoir Outflow,479.1
2026-09-05 11:58:50,Southern Owens Valley,Indep. Ck. At Junction Flow,4.3
2026-09-05 11:58:50,Southern Owens Valley,LAA at Alabama Flow,415.0
2026-09-05 11:58:50,Southern Owens Valley,LAA at Alabama Level,8.0
2026-09-05 11:58:50,Southern Owens Valley,LAA at Alabama Water Temp,65.6
2026-09-05 11:58:50,Southern Owens Valley,Cottonwood Ck. At LAA Flow,2.0
2026-09-05 11:58:50,Southern Owens Valley,LAA at Cottonwood Flow,441.0
2026-09-05 11:58:50,Southern Owens Valley,LAA at Cottonwood Level,8.7
2026-09-05 11:58:50,Southern Owens Valley,LAA at Cotton. Water Temp,66.2
2026-09-05 11:58:50,Southern Owens Valley,N. Haiwee Elevation,3756.9
2026-09-05 11:58:50,Southern Owens Valley,S. Haiwee Reservoir Elevation,3728.3
2026-09-05 11:58:50,Southern Owens Valley,Haiwee LAA #1 Current Flow,0.0
2026-09-05 11:58:50,Southern Owens Valley,Haiwee LAA #2 Current Flow,146.8
2026-09-05 11:58:50,Southern Owens Valley,Reinhackel Flow,2.9
2026-09-05 11:58:50,Southern Owens Valley,Lubkin Spillgate Outflow,0.0
2026-09-05 11:58:50,Southern Owens Valley,Cartago Spillgate Outflow,0.0
2026-09-05 11:58:50,Southern Owens Valley,Lone Pine Creek Flow,8.5
2026-09-05 11:58:50,Lower Owens River Project,LORP Intake Flow,89.0
2026-09-05 11:58:50,Lower Owens River Project,LORP at Mazourka Canyon Road,0.0
2026-09-05 11:58:50,Lower Owens River Project,LORP at Reinhackle Springs,56.0
2026-09-05 11:58:50,Lower Owens River Project,LORP Above Pumpstation,49.0
2026-09-05 11:58:50,Lower Owens River Project,LORP At Pump Station Discharge Flow,38.0
2026-09-05 11:58:50,Southern District,Haiwee LAA #2 Current Flow,146.8
2026-09-05 11:58:50,Southern District,S. Haiwee Reservoir Elevation,3728.3
2026-09-05 11:58:50,Southern District,Haiwee LAA #1 Current Flow,0.0
2026-09-05 11:58:50,Southern District,Fairmont Reservoir Elevation,3021.8
2026-09-05 11:58:50,Southern District,LAA #1 Flow at Fairmont Reservoir,254.4
2026-09-05 11:58:50,Southern District,LAA #2 Flow at Fairmont Res.,170.2
2026-09-05 11:58:50,Southern District,Bouquet Reservoir Elevation,2973.8
2026-09-05 11:58:50,Southern District,Bouquet Reservoir Inflow,81.9
2026-09-05 11:58:50,Southern District,Bouquet Reservoir Outflow,0.7
2026-09-05 11:58:50,Southern District,LAA #1 at Soledad Flow,127.5
2026-09-05 11:58:50,Southern District,LAA #2 at Soledad Flow,239.6
2026-09-05 12:13:50,Mono Basin,Lee Vining Intake Above Flow,23.4
2026-09-05 12:13:50,Mono Basin,Lee Vining Intake Below Flow,23.9
2026-09-05 12:13:50,Mono Basin,Mono Lk. Elevation,6382.2
2026-09-05 12:13:50,Mono Basin,Walker Ck. Above Conduit Flow,3.0
2026-09-05 12:13:50,Mono Basin,L.V. Conduit Below Intake Flow,0.5
2026-09-05 12:13:50,Mono Basin,Walker Ck. Under Conduit Flow,3.0
2026-09-05 12:13:50,Mono Basin,Parker Ck. Under Conduit Flow,9.0
2026-09-05 12:13:50,Mono Basin,Parker Ck. Above Conduit Flow,10.0
2026-09-05 12:13:50,Mono Basin,Grant Lk. Spill Flow,0.0
2026-09-05 12:13:50,Mono Basin,Mono Gate 1 Return Ditch Flow,40.0
2026-09-05 12:13:50,Mono Basin,Grant Lk. Elevation,7128.9
2026-09-05 12:13:50,Mono Basin,Grant Lk. Outflow,39.3
2026-09-05 12:13:50,Mono Basin,Rush Ck. at Damsite Flow,21.2
2026-09-05 12:13:50,Mono Basin,Flow to West Portal,0.0
2026-09-05 12:13:50,Long Valley,East Portal Flow,12.0
2026-09-05 12:13:50,Long Valley,OR Below EP Flow,57.0
2026-09-05 12:13:50,Long Valley,Hot Ck.at Hwy. Flow,5.0
2026-09-05 12:13:50,Long Valley,McGee Ck. Lower Sta. Flow,8.6
2026-09-05 12:13:50,Long Valley,Long Valley Elevation,6769.5
2026-09-05 12:13:50,Long Valley,Long Valley Current Outflow,0.1
2026-09-05 12:13:50,Long Valley,Rock Ck. Div. Flow,0.0
2026-09-05 12:13:50,Long Valley,Upper Gorge Total Release,34.9
2026-09-05 12:13:50,Long Valley,Release at Middle Gorge,0.0
2026-09-05 12:13:50,Northern Owens Valley,Rock Ck. At Owens River (PV) Flow,27.0
2026-09-05 12:13:50,Northern Owens Valley,Pleasant Valley Elevation,4386.6
2026-09-05 12:13:50,Northern Owens Valley,Pleasant Valley Outflow,505.5
2026-09-05 12:13:50,Northern Owens Valley,Baker Ck. At LA Station Flow,6.5
2026-09-05 12:13:50,Northern Owens Valley,Big Pine Ck. USGS Flow,26.8
2026-09-05 12:13:50,Northern Owens Valley,O.R. Below Big Pine,479.5
2026-09-05 12:13:50,Northern Owens Valley,Fish Springs At RR Flow,31.7
2026-09-05 12:13:50,Northern Owens Valley,Tinemaha Reservoir Outflow,479.1
2026-09-05 12:13:50,Northern Owens Valley,Bishop Creek Through Plant 6,69.2
2026-09-05 12:13:50,Northern Owens Valley,Bishop Creek Around Plant 6,6.9
2026-09-05 12:13:50,Southern Owens Valley,Tinemaha Reservoir Outflow,479.1
2026-09-05 12:13:50,Southern Owens Valley,Indep. Ck. At Junction Flow,4.3
2026-09-05 12:13:50,Southern Owens Valley,LAA at Alabama Flow,415.0
2026-09-05 12:13:50,Southern Owens Valley,LAA at Alabama Level,7.9
2026-09-05 12:13:50,Southern Owens Valley,LAA at Alabama Water Temp,66.1
2026-09-05 12:13:50,Southern Owens Valley,Cottonwood Ck. At LAA Flow,2.0
2026-09-05 12:13:50,Southern Owens Valley,LAA at Cottonwood Flow,442.0
2026-09-05 12:13:50,Southern Owens Valley,LAA at Cottonwood Level,8.8
2026-09-05 12:13:50,Southern Owens Valley,LAA at Cotton. Water Temp,66.7
2026-09-05 12:13:50,Southern Owens Valley,N. Haiwee Elevation,3756.9
2026-09-05 12:13:50,Southern Owens Valley,S. Haiwee Reservoir Elevation,3728.3
2026-09-05 12:13:50,Southern Owens Valley,Haiwee LAA #1 Current Flow,0.0
2026-09-05 12:13:50,Southern Owens Valley,Haiwee LAA #2 Current Flow,146.8
2026-09-05 12:13:50,Southern Owens Valley,Reinhackel Flow,2.9
2026-09-05 12:13:50,Southern Owens Valley,Lubkin Spillgate Outflow,0.0
2026-09-05 12:13:50,Southern Owens Valley,Cartago Spillgate Outflow,0.0
2026-09-05 12:13:50,Southern Owens Valley,Lone Pine Creek Flow,8.5
2026-09-05 12:13:50,Lower Owens River Project,LORP Intake Flow,89.0
2026-09-05 12:13:50,Lower Owens River Project,LORP at Mazourka Canyon Road,0.0
2026-09-05 12:13:50,Lower Owens River Project,LORP at Reinhackle Springs,56.0
2026-09-05 12:13:50,Lower Owens River Project,LORP Above Pumpstation,48.0
2026-09-05 12:13:50,Lower Owens River Project,LORP At Pump Station Discharge Flow,37.0
2026-09-05 12:13:50,Southern District,Haiwee LAA #2 Current Flow,146.8
2026-09-05 12:13:50,Southern District,S. Haiwee Reservoir Elevation,3728.3
2026-09-05 12:13:50,Southern District,Haiwee LAA #1 Current Flow,0.0
2026-09-05 12:13:50,Southern District,Fairmont Reservoir Elevation,3021.8
2026-09-05 12:13:50,Southern District,LAA #1 Flow at Fairmont Reservoir,275.9
2026-09-05 12:13:50,Southern District,LAA #2 Flow at Fairmont Res.,170.2
2026-09-05 12:13:50,Southern District,Bouquet Reservoir Elevation,2973.8
2026-09-05 12:13:50,Southern District,Bouquet Reservoir Inflow,80.4
2026-09-05 12:13:50,Southern District,Bouquet Reservoir Outflow,0.7
2026-09-05 12:13:50,Southern District,LAA #1 at Soledad Flow,127.5
2026-09-05 12:13:50,Southern District,LAA #2 at Soledad Flow,239.6
2026-09-05 12:28:50,Northern Owens Valley,Tinemaha Elevation,3861.7
2026-09-05 12:28:50,Southern Owens Valley,Tinemaha Elevation,3861.7
2026-09-05 12:28:50,Mono Basin,Lee Vining Intake Above Flow,23.4
2026-09-05 12:28:50,Mono Basin,Lee Vining Intake Below Flow,23.9
2026-09-05 12:28:50,Mono Basin,Mono Lk. Elevation,6382.2
2026-09-05 12:28:50,Mono Basin,Walker Ck. Above Conduit Flow,3.0
2026-09-05 12:28:50,Mono Basin,L.V. Conduit Below Intake Flow,0.5
2026-09-05 12:28:50,Mono Basin,Walker Ck. Under Conduit Flow,3.0
2026-09-05 12:28:50,Mono Basin,Parker Ck. Under Conduit Flow,9.0
2026-09-05 12:28:50,Mono Basin,Parker Ck. Above Conduit Flow,10.0
2026-09-05 12:28:50,Mono Basin,Grant Lk. Spill Flow,0.0
2026-09-05 12:28:50,Mono Basin,Mono Gate 1 Return Ditch Flow,40.0
2026-09-05 12:28:50,Mono Basin,Grant Lk. Elevation,7128.9
2026-09-05 12:28:50,Mono Basin,Grant Lk. Outflow,39.3
2026-09-05 12:28:50,Mono Basin,Rush Ck. at Damsite Flow,21.2
2026-09-05 12:28:50,Mono Basin,Flow to West Portal,0.0
2026-09-05 12:28:50,Long Valley,East Portal Flow,12.0
2026-09-05 12:28:50,Long Valley,OR Below EP Flow,57.0
2026-09-05 12:28:50,Long Valley,Hot Ck.at Hwy. Flow,5.0
2026-09-05 12:28:50,Long Valley,McGee Ck. Lower Sta. Flow,8.6
2026-09-05 12:28:50,Long Valley,Long Valley Elevation,6769.5
2026-09-05 12:28:50,Long Valley,Long Valley Current Outflow,0.1
2026-09-05 12:28:50,Long Valley,Rock Ck. Div. Flow,0.0
2026-09-05 12:28:50,Long Valley,Upper Gorge Total Release,35.2
2026-09-05 12:28:50,Long Valley,Release at Middle Gorge,0.0
2026-09-05 12:28:50,Northern Owens Valley,Rock Ck. At Owens River (PV) Flow,27.0
2026-09-05 12:28:50,Northern Owens Valley,Pleasant Valley Elevation,4386.5
2026-09-05 12:28:50,Northern Owens Valley,Pleasant Valley Outflow,505.7
2026-09-05 12:28:50,Northern Owens Valley,Baker Ck. At LA Station Flow,6.5
2026-09-05 12:28:50,Northern Owens Valley,Big Pine Ck. USGS Flow,26.1
2026-09-05 12:28:50,Northern Owens Valley,O.R. Below Big Pine,479.6
2026-09-05 12:28:50,Northern Owens Valley,Fish Springs At RR Flow,32.9
2026-09-05 12:28:50,Northern Owens Valley,Tinemaha Reservoir Outflow,479.1
2026-09-05 12:28:50,Northern Owens Valley,Bishop Creek Through Plant 6,69.2
2026-09-05 12:28:50,Northern Owens Valley,Bishop Creek Around Plant 6,6.9
2026-09-05 12:28:50,Southern Owens Valley,Tinemaha Reservoir Outflow,479.1
2026-09-05 12:28:50,Southern Owens Valley,Indep. Ck. At Junction Flow,4.3
2026-09-05 12:28:50,Southern Owens Valley,LAA at Alabama Flow,416.0
2026-09-05 12:28:50,Southern Owens Valley,LAA at Alabama Level,8.0
2026-09-05 12:28:50,Southern Owens Valley,LAA at Alabama Water Temp,66.4
2026-09-05 12:28:50,Southern Owens Valley,Cottonwood Ck. At LAA Flow,2.0
2026-09-05 12:28:50,Southern Owens Valley,LAA at Cottonwood Flow,442.0
2026-09-05 12:28:50,Southern Owens Valley,LAA at Cottonwood Level,8.8
2026-09-05 12:28:50,Southern Owens Valley,LAA at Cotton. Water Temp,66.7
2026-09-05 12:28:50,Southern Owens Valley,N. Haiwee Elevation,3756.9
2026-09-05 12:28:50,Southern Owens Valley,S. Haiwee Reservoir Elevation,3728.3
2026-09-05 12:28:50,Southern Owens Valley,Haiwee LAA #1 Current Flow,0.0
2026-09-05 12:28:50,Southern Owens Valley,Haiwee LAA #2 Current Flow,146.8
2026-09-05 12:28:50,Southern Owens Valley,Reinhackel Flow,2.9
2026-09-05 12:28:50,Southern Owens Valley,Lubkin Spillgate Outflow,0.0
2026-09-05 12:28:50,Southern Owens Valley,Cartago Spillgate Outflow,0.0
2026-09-05 12:28:50,Southern Owens Valley,Lone Pine Creek Flow,8.5
2026-09-05 12:28:50,Lower Owens River Project,LORP Intake Flow,89.0
2026-09-05 12:28:50,Lower Owens River Project,LORP at Mazourka Canyon Road,0.0
2026-09-05 12:28:50,Lower Owens River Project,LORP at Reinhackle Springs,56.0
2026-09-05 12:28:50,Lower Owens River Project,LORP Above Pumpstation,48.0
2026-09-05 12:28:50,Lower Owens River Project,LORP At Pump Station Discharge Flow,37.0
2026-09-05 12:28:50,Southern District,Haiwee LAA #2 Current Flow,146.8
2026-09-05 12:28:50,Southern District,S. Haiwee Reservoir Elevation,3728.3
2026-09-05 12:28:50,Southern District,Haiwee LAA #1 Current Flow,0.0
2026-09-05 12:28:50,Southern District,Fairmont Reservoir Elevation,3021.8
2026-09-05 12:28:50,Southern District,LAA #1 Flow at Fairmont Reservoir,267.8
2026-09-05 12:28:50,Southern District,LAA #2 Flow at Fairmont Res.,170.2
2026-09-05 12:28:50,Southern District,Bouquet Reservoir Elevation,2973.8
2026-09-05 12:28:50,Southern District,Bouquet Reservoir Inflow,79.0
2026-09-05 12:28:50,Southern District,Bouquet Reservoir Outflow,0.7
2026-09-05 12:28:50,Southern District,LAA #1 at Soledad Flow,127.5
2026-09-05 12:28:50,Southern District,LAA #2 at Soledad Flow,239.6
2026-09-05 12:43:51,Mono Basin,Lee Vining Intake Above Flow,24.0
2026-09-05 12:43:51,Mono Basin,Lee Vining Intake Below Flow,23.7
2026-09-05 12:43:51,Mono Basin,Walker Ck. Above Conduit Flow,3.0
2026-09-05 12:43:51,Mono Basin,L.V. Conduit Below Intake Flow,0.5
2026-09-05 12:43:51,Mono Basin,Walker Ck. Under Conduit Flow,3.0
2026-09-05 12:43:51,Mono Basin,Parker Ck. Under Conduit Flow,9.0
2026-09-05 12:43:51,Mono Basin,Parker Ck. Above Conduit Flow,10.0
2026-09-05 12:43:51,Mono Basin,Grant Lk. Spill Flow,0.0
2026-09-05 12:43:51,Mono Basin,Mono Gate 1 Return Ditch Flow,40.0
2026-09-05 12:43:51,Mono Basin,Grant Lk. Outflow,39.3
2026-09-05 12:43:51,Mono Basin,Rush Ck. at Damsite Flow,21.2
2026-09-05 12:43:51,Mono Basin,Flow to West Portal,0.0
2026-09-05 12:43:51,Long Valley,East Portal Flow,12.0
2026-09-05 12:43:51,Long Valley,OR Below EP Flow,57.0
2026-09-05 12:43:51,Long Valley,Hot Ck.at Hwy. Flow,5.0
2026-09-05 12:43:51,Long Valley,McGee Ck. Lower Sta. Flow,8.6
2026-09-05 12:43:51,Long Valley,Long Valley Current Outflow,0.1
2026-09-05 12:43:51,Long Valley,Rock Ck. Div. Flow,0.0
2026-09-05 12:43:51,Long Valley,Upper Gorge Total Release,34.6
2026-09-05 12:43:51,Long Valley,Release at Middle Gorge,0.0
2026-09-05 12:43:51,Northern Owens Valley,Rock Ck. At Owens River (PV) Flow,27.0
2026-09-05 12:43:51,Northern Owens Valley,Pleasant Valley Outflow,505.9
2026-09-05 12:43:51,Northern Owens Valley,Baker Ck. At LA Station Flow,6.5
2026-09-05 12:43:51,Northern Owens Valley,Big Pine Ck. USGS Flow,26.1
2026-09-05 12:43:51,Northern Owens Valley,O.R. Below Big Pine,479.9
2026-09-05 12:43:51,Northern Owens Valley,Fish Springs At RR Flow,32.9
2026-09-05 12:43:51,Northern Owens Valley,Tinemaha Reservoir Outflow,479.1
2026-09-05 12:43:51,Northern Owens Valley,Bishop Creek Through Plant 6,73.8
2026-09-05 12:43:51,Northern Owens Valley,Bishop Creek Around Plant 6,6.4
2026-09-05 12:43:51,Southern Owens Valley,Tinemaha Reservoir Outflow,479.1
2026-09-05 12:43:51,Southern Owens Valley,Indep. Ck. At Junction Flow,4.0
2026-09-05 12:43:51,Southern Owens Valley,LAA at Alabama Flow,416.0
2026-09-05 12:43:51,Southern Owens Valley,Cottonwood Ck. At LAA Flow,2.0
2026-09-05 12:43:51,Southern Owens Valley,LAA at Cottonwood Flow,443.0
2026-09-05 12:43:51,Southern Owens Valley,Haiwee LAA #1 Current Flow,0.0
2026-09-05 12:43:51,Southern Owens Valley,Haiwee LAA #2 Current Flow,146.8
2026-09-05 12:43:51,Southern Owens Valley,Reinhackel Flow,2.9
2026-09-05 12:43:51,Southern Owens Valley,Lubkin Spillgate Outflow,0.3
2026-09-05 12:43:51,Southern Owens Valley,Cartago Spillgate Outflow,0.0
2026-09-05 12:43:51,Southern Owens Valley,Lone Pine Creek Flow,8.5
2026-09-05 12:43:51,Lower Owens River Project,LORP Intake Flow,89.0
2026-09-05 12:43:51,Lower Owens River Project,LORP at Mazourka Canyon Road,0.0
2026-09-05 12:43:51,Lower Owens River Project,LORP at Reinhackle Springs,56.0
2026-09-05 12:43:51,Lower Owens River Project,LORP Above Pumpstation,48.0
2026-09-05 12:43:51,Lower Owens River Project,LORP At Pump Station Discharge Flow,37.0
2026-09-05 12:43:51,Southern District,Haiwee LAA #2 Current Flow,146.8
2026-09-05 12:43:51,Southern District,Haiwee LAA #1 Current Flow,0.0
2026-09-05 12:43:51,Southern District,LAA #1 Flow at Fairmont Reservoir,284.0
2026-09-05 12:43:51,Southern District,LAA #2 Flow at Fairmont Res.,170.3
2026-09-05 12:43:52,Mono Basin,Mono Lk. Elevation,6382.2
2026-09-05 12:43:52,Mono Basin,Grant Lk. Elevation,7128.9
2026-09-05 12:43:52,Long Valley,Long Valley Elevation,6769.5
2026-09-05 12:43:52,Northern Owens Valley,Pleasant Valley Elevation,4386.4
2026-09-05 12:43:52,Southern Owens Valley,LAA at Alabama Level,8.0
2026-09-05 12:43:52,Southern Owens Valley,LAA at Alabama Water Temp,66.4
2026-09-05 12:43:52,Southern Owens Valley,LAA at Cottonwood Level,8.8
2026-09-05 12:43:52,Southern Owens Valley,LAA at Cotton. Water Temp,67.2
2026-09-05 12:43:52,Southern Owens Valley,N. Haiwee Elevation,3756.9
2026-09-05 12:43:52,Southern Owens Valley,S. Haiwee Reservoir Elevation,3728.3
2026-09-05 12:43:52,Southern District,S. Haiwee Reservoir Elevation,3728.3
2026-09-05 12:43:52,Southern District,Fairmont Reservoir Elevation,3021.7
2026-09-05 12:43:52,Southern District,Bouquet Reservoir Elevation,2973.8
2026-09-05 12:43:52,Southern District,Bouquet Reservoir Inflow,79.3
2026-09-05 12:43:52,Southern District,Bouquet Reservoir Outflow,0.7
2026-09-05 12:43:52,Southern District,LAA #1 at Soledad Flow,127.5
2026-09-05 12:43:52,Southern District,LAA #2 at Soledad Flow,239.6
2026-09-05 12:58:50,Mono Basin,Lee Vining Intake Above Flow,24.0
2026-09-05 12:58:50,Mono Basin,Lee Vining Intake Below Flow,23.7
2026-09-05 12:58:50,Mono Basin,Walker Ck. Above Conduit Flow,3.0
2026-09-05 12:58:50,Mono Basin,L.V. Conduit Below Intake Flow,0.5
2026-09-05 12:58:50,Mono Basin,Walker Ck. Under Conduit Flow,3.0
2026-09-05 12:58:50,Mono Basin,Parker Ck. Under Conduit Flow,9.0
2026-09-05 12:58:50,Mono Basin,Parker Ck. Above Conduit Flow,10.0
2026-09-05 12:58:50,Mono Basin,Grant Lk. Spill Flow,0.0
2026-09-05 12:58:50,Mono Basin,Mono Gate 1 Return Ditch Flow,40.0
2026-09-05 12:58:50,Mono Basin,Grant Lk. Outflow,39.3
2026-09-05 12:58:50,Mono Basin,Rush Ck. at Damsite Flow,21.2
2026-09-05 12:58:50,Mono Basin,Flow to West Portal,0.0
2026-09-05 12:58:50,Long Valley,East Portal Flow,12.0
2026-09-05 12:58:50,Long Valley,OR Below EP Flow,57.0
2026-09-05 12:58:50,Long Valley,Hot Ck.at Hwy. Flow,5.0
2026-09-05 12:58:50,Long Valley,McGee Ck. Lower Sta. Flow,8.6
2026-09-05 12:58:50,Long Valley,Long Valley Current Outflow,0.1
2026-09-05 12:58:50,Long Valley,Rock Ck. Div. Flow,0.0
2026-09-05 12:58:50,Long Valley,Upper Gorge Total Release,34.7
2026-09-05 12:58:50,Long Valley,Release at Middle Gorge,0.0
2026-09-05 12:58:50,Northern Owens Valley,Rock Ck. At Owens River (PV) Flow,27.0
2026-09-05 12:58:50,Northern Owens Valley,Pleasant Valley Outflow,504.9
2026-09-05 12:58:50,Northern Owens Valley,Baker Ck. At LA Station Flow,6.5
2026-09-05 12:58:50,Northern Owens Valley,Big Pine Ck. USGS Flow,26.1
2026-09-05 12:58:50,Northern Owens Valley,O.R. Below Big Pine,480.1
2026-09-05 12:58:50,Northern Owens Valley,Fish Springs At RR Flow,32.9
2026-09-05 12:58:50,Northern Owens Valley,Tinemaha Reservoir Outflow,479.1
2026-09-05 12:58:50,Northern Owens Valley,Bishop Creek Through Plant 6,73.8
2026-09-05 12:58:50,Northern Owens Valley,Bishop Creek Around Plant 6,6.4
2026-09-05 12:58:50,Southern Owens Valley,Tinemaha Reservoir Outflow,479.1
2026-09-05 12:58:50,Southern Owens Valley,Indep. Ck. At Junction Flow,4.0
2026-09-05 12:58:50,Southern Owens Valley,LAA at Alabama Flow,416.0
2026-09-05 12:58:50,Southern Owens Valley,Cottonwood Ck. At LAA Flow,2.0
2026-09-05 12:58:50,Southern Owens Valley,LAA at Cottonwood Flow,442.0
2026-09-05 12:58:50,Southern Owens Valley,Haiwee LAA #1 Current Flow,0.0
2026-09-05 12:58:50,Southern Owens Valley,Haiwee LAA #2 Current Flow,146.8
2026-09-05 12:58:50,Southern Owens Valley,Reinhackel Flow,2.9
2026-09-05 12:58:50,Southern Owens Valley,Lubkin Spillgate Outflow,7.3
2026-09-05 12:58:50,Southern Owens Valley,Cartago Spillgate Outflow,0.0
2026-09-05 12:58:50,Southern Owens Valley,Lone Pine Creek Flow,8.5
2026-09-05 12:58:50,Lower Owens River Project,LORP Intake Flow,89.0
2026-09-05 12:58:50,Lower Owens River Project,LORP at Mazourka Canyon Road,0.0
2026-09-05 12:58:50,Lower Owens River Project,LORP at Reinhackle Springs,56.0
2026-09-05 12:58:50,Lower Owens River Project,LORP Above Pumpstation,49.0
2026-09-05 12:58:50,Lower Owens River Project,LORP At Pump Station Discharge Flow,38.0
2026-09-05 12:58:50,Southern District,Haiwee LAA #2 Current Flow,146.8
2026-09-05 12:58:50,Southern District,Haiwee LAA #1 Current Flow,0.0
2026-09-05 12:58:50,Southern District,LAA #1 Flow at Fairmont Reservoir,259.0
2026-09-05 12:58:50,Southern District,LAA #2 Flow at Fairmont Res.,170.3
2026-09-05 12:58:50,Southern District,Bouquet Reservoir Inflow,79.4
2026-09-05 12:58:50,Southern District,Bouquet Reservoir Outflow,0.7
2026-09-05 12:58:50,Southern District,LAA #1 at Soledad Flow,127.5
2026-09-05 12:58:50,Southern District,LAA #2 at Soledad Flow,239.6
2026-09-05 12:58:51,Northern Owens Valley,Tinemaha Elevation,3861.7
2026-09-05 12:58:51,Southern Owens Valley,Tinemaha Elevation,3861.7
2026-09-05 12:58:51,Mono Basin,Mono Lk. Elevation,6382.2
2026-09-05 12:58:51,Mono Basin,Grant Lk. Elevation,7128.9
2026-09-05 12:58:51,Long Valley,Long Valley Elevation,6769.5
2026-09-05 12:58:51,Northern Owens Valley,Pleasant Valley Elevation,4386.3
2026-09-05 12:58:51,Southern Owens Valley,LAA at Alabama Level,8.0
2026-09-05 12:58:51,Southern Owens Valley,LAA at Alabama Water Temp,66.4
2026-09-05 12:58:51,Southern Owens Valley,LAA at Cottonwood Level,8.8
2026-09-05 12:58:51,Southern Owens Valley,LAA at Cotton. Water Temp,67.5
2026-09-05 12:58:51,Southern Owens Valley,N. Haiwee Elevation,3756.9
2026-09-05 12:58:51,Southern Owens Valley,S. Haiwee Reservoir Elevation,3728.3
2026-09-05 12:58:51,Southern District,S. Haiwee Reservoir Elevation,3728.3
2026-09-05 12:58:51,Southern District,Fairmont Reservoir Elevation,3021.7
2026-09-05 12:58:51,Southern District,Bouquet Reservoir Elevation,2973.8
2026-09-05 13:13:50,Mono Basin,Lee Vining Intake Above Flow,23.7
2026-09-05 13:13:50,Mono Basin,Lee Vining Intake Below Flow,23.9
2026-09-05 13:13:50,Mono Basin,Walker Ck. Above Conduit Flow,3.0
2026-09-05 13:13:50,Mono Basin,L.V. Conduit Below Intake Flow,0.5
2026-09-05 13:13:50,Mono Basin,Walker Ck. Under Conduit Flow,3.0
2026-09-05 13:13:50,Mono Basin,Parker Ck. Under Conduit Flow,9.0
2026-09-05 13:13:50,Mono Basin,Parker Ck. Above Conduit Flow,10.0
2026-09-05 13:13:50,Mono Basin,Grant Lk. Spill Flow,0.0
2026-09-05 13:13:50,Mono Basin,Mono Gate 1 Return Ditch Flow,40.0
2026-09-05 13:13:50,Mono Basin,Grant Lk. Outflow,39.3
2026-09-05 13:13:50,Mono Basin,Rush Ck. at Damsite Flow,21.2
2026-09-05 13:13:50,Mono Basin,Flow to West Portal,0.0
2026-09-05 13:13:50,Long Valley,East Portal Flow,12.0
2026-09-05 13:13:50,Long Valley,OR Below EP Flow,57.0
2026-09-05 13:13:50,Long Valley,Hot Ck.at Hwy. Flow,5.0
2026-09-05 13:13:50,Long Valley,McGee Ck. Lower Sta. Flow,8.6
2026-09-05 13:13:50,Long Valley,Long Valley Current Outflow,0.1
2026-09-05 13:13:50,Long Valley,Rock Ck. Div. Flow,0.0
2026-09-05 13:13:50,Long Valley,Upper Gorge Total Release,35.9
2026-09-05 13:13:50,Long Valley,Release at Middle Gorge,0.0
2026-09-05 13:13:50,Northern Owens Valley,Rock Ck. At Owens River (PV) Flow,27.0
2026-09-05 13:13:50,Northern Owens Valley,Pleasant Valley Outflow,504.9
2026-09-05 13:13:50,Northern Owens Valley,Baker Ck. At LA Station Flow,6.5
2026-09-05 13:13:50,Northern Owens Valley,Big Pine Ck. USGS Flow,26.1
2026-09-05 13:13:50,Northern Owens Valley,O.R. Below Big Pine,480.2
2026-09-05 13:13:50,Northern Owens Valley,Fish Springs At RR Flow,32.9
2026-09-05 13:13:50,Northern Owens Valley,Tinemaha Reservoir Outflow,478.3
2026-09-05 13:13:50,Northern Owens Valley,Bishop Creek Through Plant 6,73.8
2026-09-05 13:13:50,Northern Owens Valley,Bishop Creek Around Plant 6,6.4
2026-09-05 13:13:50,Southern Owens Valley,Tinemaha Reservoir Outflow,478.3
2026-09-05 13:13:50,Southern Owens Valley,Indep. Ck. At Junction Flow,4.0
2026-09-05 13:13:50,Southern Owens Valley,LAA at Alabama Flow,416.0
2026-09-05 13:13:50,Southern Owens Valley,Cottonwood Ck. At LAA Flow,2.0
2026-09-05 13:13:50,Southern Owens Valley,LAA at Cottonwood Flow,443.0
2026-09-05 13:13:50,Southern Owens Valley,Haiwee LAA #1 Current Flow,0.0
2026-09-05 13:13:50,Southern Owens Valley,Haiwee LAA #2 Current Flow,146.8
2026-09-05 13:13:50,Southern Owens Valley,Reinhackel Flow,2.9
2026-09-05 13:13:50,Southern Owens Valley,Lubkin Spillgate Outflow,7.3
2026-09-05 13:13:50,Southern Owens Valley,Cartago Spillgate Outflow,0.0
2026-09-05 13:13:50,Southern Owens Valley,Lone Pine Creek Flow,8.4
2026-09-05 13:13:50,Lower Owens River Project,LORP Intake Flow,89.0
2026-09-05 13:13:50,Lower Owens River Project,LORP at Mazourka Canyon Road,0.0
2026-09-05 13:13:50,Lower Owens River Project,LORP at Reinhackle Springs,56.0
2026-09-05 13:13:50,Lower Owens River Project,LORP Above Pumpstation,49.0
2026-09-05 13:13:50,Lower Owens River Project,LORP At Pump Station Discharge Flow,38.0
2026-09-05 13:13:50,Southern District,Haiwee LAA #2 Current Flow,146.8
2026-09-05 13:13:50,Southern District,Haiwee LAA #1 Current Flow,0.0
2026-09-05 13:13:50,Southern District,LAA #1 Flow at Fairmont Reservoir,279.6
2026-09-05 13:13:50,Southern District,LAA #2 Flow at Fairmont Res.,170.2
2026-09-05 13:13:51,Mono Basin,Mono Lk. Elevation,6382.2
2026-09-05 13:13:51,Mono Basin,Grant Lk. Elevation,7128.9
2026-09-05 13:13:51,Long Valley,Long Valley Elevation,6769.5
2026-09-05 13:13:51,Northern Owens Valley,Pleasant Valley Elevation,4386.2
2026-09-05 13:13:51,Southern Owens Valley,LAA at Alabama Level,8.0
2026-09-05 13:13:51,Southern Owens Valley,LAA at Alabama Water Temp,66.8
2026-09-05 13:13:51,Southern Owens Valley,LAA at Cottonwood Level,8.8
2026-09-05 13:13:51,Southern Owens Valley,LAA at Cotton. Water Temp,67.7
2026-09-05 13:13:51,Southern Owens Valley,N. Haiwee Elevation,3756.9
2026-09-05 13:13:51,Southern Owens Valley,S. Haiwee Reservoir Elevation,3728.3
2026-09-05 13:13:51,Southern District,S. Haiwee Reservoir Elevation,3728.3
2026-09-05 13:13:51,Southern District,Fairmont Reservoir Elevation,3021.7
2026-09-05 13:13:51,Southern District,Bouquet Reservoir Elevation,2973.8
2026-09-05 13:13:51,Southern District,Bouquet Reservoir Inflow,74.6
2026-09-05 13:13:51,Southern District,Bouquet Reservoir Outflow,0.7
2026-09-05 13:13:51,Southern District,LAA #1 at Soledad Flow,127.5
2026-09-05 13:13:51,Southern District,LAA #2 at Soledad Flow,239.6
2026-09-05 13:28:50,Northern Owens Valley,Tinemaha Elevation,3861.7
2026-09-05 13:28:50,Southern Owens Valley,Tinemaha Elevation,3861.7
2026-09-05 13:28:50,Mono Basin,Lee Vining Intake Above Flow,23.7
2026-09-05 13:28:50,Mono Basin,Lee Vining Intake Below Flow,23.9
2026-09-05 13:28:50,Mono Basin,Mono Lk. Elevation,6382.2
2026-09-05 13:28:50,Mono Basin,Walker Ck. Above Conduit Flow,3.0
2026-09-05 13:28:50,Mono Basin,L.V. Conduit Below Intake Flow,0.5
2026-09-05 13:28:50,Mono Basin,Walker Ck. Under Conduit Flow,3.0
2026-09-05 13:28:50,Mono Basin,Parker Ck. Under Conduit Flow,9.0
2026-09-05 13:28:50,Mono Basin,Parker Ck. Above Conduit Flow,10.0
2026-09-05 13:28:50,Mono Basin,Grant Lk. Spill Flow,0.0
2026-09-05 13:28:50,Mono Basin,Mono Gate 1 Return Ditch Flow,39.8
2026-09-05 13:28:50,Mono Basin,Grant Lk. Elevation,7128.8
2026-09-05 13:28:50,Mono Basin,Grant Lk. Outflow,38.7
2026-09-05 13:28:50,Mono Basin,Rush Ck. at Damsite Flow,21.2
2026-09-05 13:28:50,Mono Basin,Flow to West Portal,0.0
2026-09-05 13:28:50,Long Valley,East Portal Flow,12.0
2026-09-05 13:28:50,Long Valley,OR Below EP Flow,57.0
2026-09-05 13:28:50,Long Valley,Hot Ck.at Hwy. Flow,5.0
2026-09-05 13:28:50,Long Valley,McGee Ck. Lower Sta. Flow,8.6
2026-09-05 13:28:50,Long Valley,Long Valley Elevation,6769.5
2026-09-05 13:28:50,Long Valley,Long Valley Current Outflow,0.1
2026-09-05 13:28:50,Long Valley,Rock Ck. Div. Flow,0.0
2026-09-05 13:28:50,Long Valley,Upper Gorge Total Release,35.4
2026-09-05 13:28:50,Long Valley,Release at Middle Gorge,0.0
2026-09-05 13:28:50,Northern Owens Valley,Rock Ck. At Owens River (PV) Flow,27.0
2026-09-05 13:28:50,Northern Owens Valley,Pleasant Valley Elevation,4386.1
2026-09-05 13:28:50,Northern Owens Valley,Pleasant Valley Outflow,504.3
2026-09-05 13:28:50,Northern Owens Valley,Baker Ck. At LA Station Flow,6.5
2026-09-05 13:28:50,Northern Owens Valley,Big Pine Ck. USGS Flow,26.1
2026-09-05 13:28:50,Northern Owens Valley,O.R. Below Big Pine,479.4
2026-09-05 13:28:50,Northern Owens Valley,Fish Springs At RR Flow,32.9
2026-09-05 13:28:50,Northern Owens Valley,Tinemaha Reservoir Outflow,478.3
2026-09-05 13:28:50,Northern Owens Valley,Bishop Creek Through Plant 6,73.8
2026-09-05 13:28:50,Northern Owens Valley,Bishop Creek Around Plant 6,6.4
2026-09-05 13:28:50,Southern Owens Valley,Tinemaha Reservoir Outflow,478.3
2026-09-05 13:28:50,Southern Owens Valley,Indep. Ck. At Junction Flow,4.0
2026-09-05 13:28:50,Southern Owens Valley,LAA at Alabama Flow,416.0
2026-09-05 13:28:50,Southern Owens Valley,LAA at Alabama Level,8.0
2026-09-05 13:28:50,Southern Owens Valley,LAA at Alabama Water Temp,66.8
2026-09-05 13:28:50,Southern Owens Valley,Cottonwood Ck. At LAA Flow,2.0
2026-09-05 13:28:50,Southern Owens Valley,LAA at Cottonwood Flow,443.0
2026-09-05 13:28:50,Southern Owens Valley,LAA at Cottonwood Level,8.8
2026-09-05 13:28:50,Southern Owens Valley,LAA at Cotton. Water Temp,67.7
2026-09-05 13:28:50,Southern Owens Valley,N. Haiwee Elevation,3756.9
2026-09-05 13:28:50,Southern Owens Valley,S. Haiwee Reservoir Elevation,3728.3
2026-09-05 13:28:50,Southern Owens Valley,Haiwee LAA #1 Current Flow,0.0
2026-09-05 13:28:50,Southern Owens Valley,Haiwee LAA #2 Current Flow,146.8
2026-09-05 13:28:50,Southern Owens Valley,Reinhackel Flow,2.9
2026-09-05 13:28:50,Southern Owens Valley,Lubkin Spillgate Outflow,7.3
2026-09-05 13:28:50,Southern Owens Valley,Cartago Spillgate Outflow,0.0
2026-09-05 13:28:50,Southern Owens Valley,Lone Pine Creek Flow,8.4
2026-09-05 13:28:50,Lower Owens River Project,LORP Intake Flow,89.0
2026-09-05 13:28:50,Lower Owens River Project,LORP at Mazourka Canyon Road,0.0
2026-09-05 13:28:50,Lower Owens River Project,LORP at Reinhackle Springs,57.0
2026-09-05 13:28:50,Lower Owens River Project,LORP Above Pumpstation,49.0
2026-09-05 13:28:50,Lower Owens River Project,LORP At Pump Station Discharge Flow,38.0
2026-09-05 13:28:50,Southern District,Haiwee LAA #2 Current Flow,146.8
2026-09-05 13:28:50,Southern District,S. Haiwee Reservoir Elevation,3728.3
2026-09-05 13:28:50,Southern District,Haiwee LAA #1 Current Flow,0.0
2026-09-05 13:28:50,Southern District,Fairmont Reservoir Elevation,3021.7
2026-09-05 13:28:50,Southern District,LAA #1 Flow at Fairmont Reservoir,273.5
2026-09-05 13:28:50,Southern District,LAA #2 Flow at Fairmont Res.,170.2
2026-09-05 13:28:50,Southern District,Bouquet Reservoir Elevation,2973.8
2026-09-05 13:28:50,Southern District,Bouquet Reservoir Inflow,74.3
2026-09-05 13:28:50,Southern District,Bouquet Reservoir Outflow,0.7
2026-09-05 13:28:50,Southern District,LAA #1 at Soledad Flow,127.5
2026-09-05 13:28:50,Southern District,LAA #2 at Soledad Flow,239.6
2026-09-05 13:43:51,Mono Basin,Lee Vining Intake Above Flow,23.5
2026-09-05 13:43:51,Mono Basin,Lee Vining Intake Below Flow,23.9
2026-09-05 13:43:51,Mono Basin,Mono Lk. Elevation,6382.2
2026-09-05 13:43:51,Mono Basin,Walker Ck. Above Conduit Flow,3.0
2026-09-05 13:43:51,Mono Basin,L.V. Conduit Below Intake Flow,0.5
2026-09-05 13:43:51,Mono Basin,Walker Ck. Under Conduit Flow,3.0
2026-09-05 13:43:51,Mono Basin,Parker Ck. Under Conduit Flow,9.0
2026-09-05 13:43:51,Mono Basin,Parker Ck. Above Conduit Flow,10.0
2026-09-05 13:43:51,Mono Basin,Grant Lk. Spill Flow,0.0
2026-09-05 13:43:51,Mono Basin,Mono Gate 1 Return Ditch Flow,39.8
2026-09-05 13:43:51,Mono Basin,Grant Lk. Elevation,7128.8
2026-09-05 13:43:51,Mono Basin,Grant Lk. Outflow,38.7
2026-09-05 13:43:51,Mono Basin,Rush Ck. at Damsite Flow,21.2
2026-09-05 13:43:51,Mono Basin,Flow to West Portal,0.0
2026-09-05 13:43:51,Long Valley,East Portal Flow,12.0
2026-09-05 13:43:51,Long Valley,OR Below EP Flow,57.0
2026-09-05 13:43:51,Long Valley,Hot Ck.at Hwy. Flow,5.0
2026-09-05 13:43:51,Long Valley,McGee Ck. Lower Sta. Flow,8.6
2026-09-05 13:43:51,Long Valley,Long Valley Elevation,6769.5
2026-09-05 13:43:51,Long Valley,Long Valley Current Outflow,0.1
2026-09-05 13:43:51,Long Valley,Rock Ck. Div. Flow,0.0
2026-09-05 13:43:51,Long Valley,Upper Gorge Total Release,34.9
2026-09-05 13:43:51,Long Valley,Release at Middle Gorge,0.0
2026-09-05 13:43:51,Northern Owens Valley,Rock Ck. At Owens River (PV) Flow,26.9
2026-09-05 13:43:51,Northern Owens Valley,Pleasant Valley Elevation,4386.0
2026-09-05 13:43:51,Northern Owens Valley,Pleasant Valley Outflow,503.5
2026-09-05 13:43:51,Northern Owens Valley,Baker Ck. At LA Station Flow,6.5
2026-09-05 13:43:51,Northern Owens Valley,Big Pine Ck. USGS Flow,26.1
2026-09-05 13:43:51,Northern Owens Valley,O.R. Below Big Pine,480.0
2026-09-05 13:43:51,Northern Owens Valley,Fish Springs At RR Flow,32.9
2026-09-05 13:43:51,Northern Owens Valley,Tinemaha Reservoir Outflow,478.3
2026-09-05 13:43:51,Northern Owens Valley,Bishop Creek Through Plant 6,73.8
2026-09-05 13:43:51,Northern Owens Valley,Bishop Creek Around Plant 6,6.4
2026-09-05 13:43:51,Southern Owens Valley,Tinemaha Reservoir Outflow,478.3
2026-09-05 13:43:51,Southern Owens Valley,Indep. Ck. At Junction Flow,4.0
2026-09-05 13:43:51,Southern Owens Valley,LAA at Alabama Flow,416.0
2026-09-05 13:43:51,Southern Owens Valley,LAA at Alabama Level,8.0
2026-09-05 13:43:51,Southern Owens Valley,LAA at Alabama Water Temp,66.8
2026-09-05 13:43:51,Southern Owens Valley,Cottonwood Ck. At LAA Flow,2.0
2026-09-05 13:43:51,Southern Owens Valley,LAA at Cottonwood Flow,443.0
2026-09-05 13:43:51,Southern Owens Valley,LAA at Cottonwood Level,8.8
2026-09-05 13:43:51,Southern Owens Valley,LAA at Cotton. Water Temp,67.9
2026-09-05 13:43:51,Southern Owens Valley,N. Haiwee Elevation,3756.9
2026-09-05 13:43:51,Southern Owens Valley,S. Haiwee Reservoir Elevation,3728.3
2026-09-05 13:43:51,Southern Owens Valley,Haiwee LAA #1 Current Flow,0.0
2026-09-05 13:43:51,Southern Owens Valley,Haiwee LAA #2 Current Flow,146.8
2026-09-05 13:43:51,Southern Owens Valley,Reinhackel Flow,2.9
2026-09-05 13:43:51,Southern Owens Valley,Lubkin Spillgate Outflow,1.8
2026-09-05 13:43:51,Southern Owens Valley,Cartago Spillgate Outflow,0.0
2026-09-05 13:43:51,Southern Owens Valley,Lone Pine Creek Flow,8.4
2026-09-05 13:43:51,Lower Owens River Project,LORP Intake Flow,89.0
2026-09-05 13:43:51,Lower Owens River Project,LORP at Mazourka Canyon Road,0.0
2026-09-05 13:43:51,Lower Owens River Project,LORP at Reinhackle Springs,57.0
2026-09-05 13:43:51,Lower Owens River Project,LORP Above Pumpstation,49.0
2026-09-05 13:43:51,Lower Owens River Project,LORP At Pump Station Discharge Flow,38.0
2026-09-05 13:43:51,Southern District,Haiwee LAA #2 Current Flow,146.8
2026-09-05 13:43:51,Southern District,S. Haiwee Reservoir Elevation,3728.3
2026-09-05 13:43:51,Southern District,Haiwee LAA #1 Current Flow,0.0
2026-09-05 13:43:51,Southern District,Fairmont Reservoir Elevation,3021.7
2026-09-05 13:43:51,Southern District,LAA #1 Flow at Fairmont Reservoir,262.2
2026-09-05 13:43:51,Southern District,LAA #2 Flow at Fairmont Res.,170.2
2026-09-05 13:43:51,Southern District,Bouquet Reservoir Elevation,2973.8
2026-09-05 13:43:51,Southern District,Bouquet Reservoir Inflow,79.1
2026-09-05 13:43:51,Southern District,Bouquet Reservoir Outflow,0.7
2026-09-05 13:43:51,Southern District,LAA #1 at Soledad Flow,127.5
2026-09-05 13:43:51,Southern District,LAA #2 at Soledad Flow,239.6
2026-09-05 13:58:50,Northern Owens Valley,Tinemaha Elevation,3861.7
2026-09-05 13:58:50,Southern Owens Valley,Tinemaha Elevation,3861.7
2026-09-05 13:58:50,Mono Basin,Lee Vining Intake Above Flow,23.5
2026-09-05 13:58:50,Mono Basin,Lee Vining Intake Below Flow,23.9
2026-09-05 13:58:50,Mono Basin,Mono Lk. Elevation,6382.2
2026-09-05 13:58:50,Mono Basin,Walker Ck. Above Conduit Flow,3.0
2026-09-05 13:58:50,Mono Basin,L.V. Conduit Below Intake Flow,0.5
2026-09-05 13:58:50,Mono Basin,Walker Ck. Under Conduit Flow,3.0
2026-09-05 13:58:50,Mono Basin,Parker Ck. Under Conduit Flow,9.0
2026-09-05 13:58:50,Mono Basin,Parker Ck. Above Conduit Flow,10.0
2026-09-05 13:58:50,Mono Basin,Grant Lk. Spill Flow,0.0
2026-09-05 13:58:50,Mono Basin,Mono Gate 1 Return Ditch Flow,39.8
2026-09-05 13:58:50,Mono Basin,Grant Lk. Elevation,7128.8
2026-09-05 13:58:50,Mono Basin,Grant Lk. Outflow,38.7
2026-09-05 13:58:50,Mono Basin,Rush Ck. at Damsite Flow,21.2
2026-09-05 13:58:50,Mono Basin,Flow to West Portal,0.0
2026-09-05 13:58:50,Long Valley,East Portal Flow,12.0
2026-09-05 13:58:50,Long Valley,OR Below EP Flow,57.0
2026-09-05 13:58:50,Long Valley,Hot Ck.at Hwy. Flow,5.0
2026-09-05 13:58:50,Long Valley,McGee Ck. Lower Sta. Flow,8.6
2026-09-05 13:58:50,Long Valley,Long Valley Elevation,6769.5
2026-09-05 13:58:50,Long Valley,Long Valley Current Outflow,0.1
2026-09-05 13:58:50,Long Valley,Rock Ck. Div. Flow,0.0
2026-09-05 13:58:50,Long Valley,Upper Gorge Total Release,35.7
2026-09-05 13:58:50,Long Valley,Release at Middle Gorge,0.0
2026-09-05 13:58:50,Northern Owens Valley,Rock Ck. At Owens River (PV) Flow,26.8
2026-09-05 13:58:50,Northern Owens Valley,Pleasant Valley Elevation,4385.9
2026-09-05 13:58:50,Northern Owens Valley,Pleasant Valley Outflow,503.3
2026-09-05 13:58:50,Northern Owens Valley,Baker Ck. At LA Station Flow,6.5
2026-09-05 13:58:50,Northern Owens Valley,Big Pine Ck. USGS Flow,26.1
2026-09-05 13:58:50,Northern Owens Valley,O.R. Below Big Pine,481.6
2026-09-05 13:58:50,Northern Owens Valley,Fish Springs At RR Flow,32.9
2026-09-05 13:58:50,Northern Owens Valley,Tinemaha Reservoir Outflow,478.3
2026-09-05 13:58:50,Northern Owens Valley,Bishop Creek Through Plant 6,73.8
2026-09-05 13:58:50,Northern Owens Valley,Bishop Creek Around Plant 6,6.4
2026-09-05 13:58:50,Southern Owens Valley,Tinemaha Reservoir Outflow,478.3
2026-09-05 13:58:50,Southern Owens Valley,Indep. Ck. At Junction Flow,4.0
2026-09-05 13:58:50,Southern Owens Valley,LAA at Alabama Flow,416.0
2026-09-05 13:58:50,Southern Owens Valley,LAA at Alabama Level,8.0
2026-09-05 13:58:50,Southern Owens Valley,LAA at Alabama Water Temp,66.8
2026-09-05 13:58:50,Southern Owens Valley,Cottonwood Ck. At LAA Flow,2.0
2026-09-05 13:58:50,Southern Owens Valley,LAA at Cottonwood Flow,443.0
2026-09-05 13:58:50,Southern Owens Valley,LAA at Cottonwood Level,8.8
2026-09-05 13:58:50,Southern Owens Valley,LAA at Cotton. Water Temp,67.9
2026-09-05 13:58:50,Southern Owens Valley,N. Haiwee Elevation,3756.9
2026-09-05 13:58:50,Southern Owens Valley,S. Haiwee Reservoir Elevation,3728.3
2026-09-05 13:58:50,Southern Owens Valley,Haiwee LAA #1 Current Flow,0.0
2026-09-05 13:58:50,Southern Owens Valley,Haiwee LAA #2 Current Flow,146.8
2026-09-05 13:58:50,Southern Owens Valley,Reinhackel Flow,2.9
2026-09-05 13:58:50,Southern Owens Valley,Lubkin Spillgate Outflow,1.8
2026-09-05 13:58:50,Southern Owens Valley,Cartago Spillgate Outflow,0.0
2026-09-05 13:58:50,Southern Owens Valley,Lone Pine Creek Flow,8.4
2026-09-05 13:58:50,Lower Owens River Project,LORP Intake Flow,89.0
2026-09-05 13:58:50,Lower Owens River Project,LORP at Mazourka Canyon Road,0.0
2026-09-05 13:58:50,Lower Owens River Project,LORP at Reinhackle Springs,57.0
2026-09-05 13:58:50,Lower Owens River Project,LORP Above Pumpstation,49.0
2026-09-05 13:58:50,Lower Owens River Project,LORP At Pump Station Discharge Flow,38.0
2026-09-05 13:58:50,Southern District,Haiwee LAA #2 Current Flow,146.8
2026-09-05 13:58:50,Southern District,S. Haiwee Reservoir Elevation,3728.3
2026-09-05 13:58:50,Southern District,Haiwee LAA #1 Current Flow,0.0
2026-09-05 13:58:50,Southern District,Fairmont Reservoir Elevation,3021.7
2026-09-05 13:58:50,Southern District,LAA #1 Flow at Fairmont Reservoir,261.9
2026-09-05 13:58:50,Southern District,LAA #2 Flow at Fairmont Res.,170.2
2026-09-05 13:58:50,Southern District,Bouquet Reservoir Elevation,2973.8
2026-09-05 13:58:50,Southern District,Bouquet Reservoir Inflow,74.1
2026-09-05 13:58:50,Southern District,Bouquet Reservoir Outflow,0.7
2026-09-05 13:58:50,Southern District,LAA #1 at Soledad Flow,127.5
2026-09-05 13:58:50,Southern District,LAA #2 at Soledad Flow,239.6
2026-09-05 14:13:50,Mono Basin,Lee Vining Intake Above Flow,23.1
2026-09-05 14:13:50,Mono Basin,Lee Vining Intake Below Flow,23.8
2026-09-05 14:13:50,Mono Basin,Mono Lk. Elevation,6382.2
2026-09-05 14:13:50,Mono Basin,Walker Ck. Above Conduit Flow,3.0
2026-09-05 14:13:50,Mono Basin,L.V. Conduit Below Intake Flow,0.5
2026-09-05 14:13:50,Mono Basin,Walker Ck. Under Conduit Flow,3.0
2026-09-05 14:13:50,Mono Basin,Parker Ck. Under Conduit Flow,9.0
2026-09-05 14:13:50,Mono Basin,Parker Ck. Above Conduit Flow,10.0
2026-09-05 14:13:50,Mono Basin,Grant Lk. Spill Flow,0.0
2026-09-05 14:13:50,Mono Basin,Mono Gate 1 Return Ditch Flow,39.8
2026-09-05 14:13:50,Mono Basin,Grant Lk. Elevation,7128.8
2026-09-05 14:13:50,Mono Basin,Grant Lk. Outflow,38.7
2026-09-05 14:13:50,Mono Basin,Rush Ck. at Damsite Flow,21.2
2026-09-05 14:13:50,Mono Basin,Flow to West Portal,0.0
2026-09-05 14:13:50,Long Valley,East Portal Flow,12.0
2026-09-05 14:13:50,Long Valley,OR Below EP Flow,57.0
2026-09-05 14:13:50,Long Valley,Hot Ck.at Hwy. Flow,5.0
2026-09-05 14:13:50,Long Valley,McGee Ck. Lower Sta. Flow,8.6
2026-09-05 14:13:50,Long Valley,Long Valley Elevation,6769.5
2026-09-05 14:13:50,Long Valley,Long Valley Current Outflow,0.1
2026-09-05 14:13:50,Long Valley,Rock Ck. Div. Flow,0.0
2026-09-05 14:13:50,Long Valley,Upper Gorge Total Release,35.3
2026-09-05 14:13:50,Long Valley,Release at Middle Gorge,0.0
2026-09-05 14:13:50,Northern Owens Valley,Rock Ck. At Owens River (PV) Flow,26.8
2026-09-05 14:13:50,Northern Owens Valley,Pleasant Valley Elevation,4385.8
2026-09-05 14:13:50,Northern Owens Valley,Pleasant Valley Outflow,503.1
2026-09-05 14:13:50,Northern Owens Valley,Baker Ck. At LA Station Flow,6.5
2026-09-05 14:13:50,Northern Owens Valley,Big Pine Ck. USGS Flow,26.1
2026-09-05 14:13:50,Northern Owens Valley,O.R. Below Big Pine,481.4
2026-09-05 14:13:50,Northern Owens Valley,Fish Springs At RR Flow,32.9
2026-09-05 14:13:50,Northern Owens Valley,Tinemaha Reservoir Outflow,478.3
2026-09-05 14:13:50,Northern Owens Valley,Bishop Creek Through Plant 6,73.8
2026-09-05 14:13:50,Northern Owens Valley,Bishop Creek Around Plant 6,6.4
2026-09-05 14:13:50,Southern Owens Valley,Tinemaha Reservoir Outflow,478.3
2026-09-05 14:13:50,Southern Owens Valley,Indep. Ck. At Junction Flow,4.0
2026-09-05 14:13:50,Southern Owens Valley,LAA at Alabama Flow,421.0
2026-09-05 14:13:50,Southern Owens Valley,LAA at Alabama Level,8.0
2026-09-05 14:13:50,Southern Owens Valley,LAA at Alabama Water Temp,67.2
2026-09-05 14:13:50,Southern Owens Valley,Cottonwood Ck. At LAA Flow,2.0
2026-09-05 14:13:50,Southern Owens Valley,LAA at Cottonwood Flow,442.0
2026-09-05 14:13:50,Southern Owens Valley,LAA at Cottonwood Level,8.8
2026-09-05 14:13:50,Southern Owens Valley,LAA at Cotton. Water Temp,68.2
2026-09-05 14:13:50,Southern Owens Valley,N. Haiwee Elevation,3756.9
2026-09-05 14:13:50,Southern Owens Valley,S. Haiwee Reservoir Elevation,3728.3
2026-09-05 14:13:50,Southern Owens Valley,Haiwee LAA #1 Current Flow,0.0
2026-09-05 14:13:50,Southern Owens Valley,Haiwee LAA #2 Current Flow,146.8
2026-09-05 14:13:50,Southern Owens Valley,Reinhackel Flow,2.9
2026-09-05 14:13:50,Southern Owens Valley,Lubkin Spillgate Outflow,1.8
2026-09-05 14:13:50,Southern Owens Valley,Cartago Spillgate Outflow,0.0
2026-09-05 14:13:50,Southern Owens Valley,Lone Pine Creek Flow,8.3
2026-09-05 14:13:50,Lower Owens River Project,LORP Intake Flow,89.0
2026-09-05 14:13:50,Lower Owens River Project,LORP at Mazourka Canyon Road,0.0
2026-09-05 14:13:50,Lower Owens River Project,LORP at Reinhackle Springs,57.0
2026-09-05 14:13:50,Lower Owens River Project,LORP Above Pumpstation,48.0
2026-09-05 14:13:50,Lower Owens River Project,LORP At Pump Station Discharge Flow,37.0
2026-09-05 14:13:50,Southern District,Haiwee LAA #2 Current Flow,146.8
2026-09-05 14:13:50,Southern District,S. Haiwee Reservoir Elevation,3728.3
2026-09-05 14:13:50,Southern District,Haiwee LAA #1 Current Flow,0.0
2026-09-05 14:13:50,Southern District,Fairmont Reservoir Elevation,3021.7
2026-09-05 14:13:50,Southern District,LAA #1 Flow at Fairmont Reservoir,297.0
2026-09-05 14:13:50,Southern District,LAA #2 Flow at Fairmont Res.,170.2
2026-09-05 14:13:50,Southern District,Bouquet Reservoir Elevation,2973.8
2026-09-05 14:13:50,Southern District,Bouquet Reservoir Inflow,74.1
2026-09-05 14:13:50,Southern District,Bouquet Reservoir Outflow,0.7
2026-09-05 14:13:50,Southern District,LAA #1 at Soledad Flow,127.5
2026-09-05 14:13:50,Southern District,LAA #2 at Soledad Flow,239.6
2026-09-05 14:28:49,Northern Owens Valley,Tinemaha Reservoir Outflow,478.3
2026-09-05 14:28:49,Southern Owens Valley,Tinemaha Reservoir Outflow,478.3
2026-09-05 14:28:49,Southern Owens Valley,Indep. Ck. At Junction Flow,4.0
2026-09-05 14:28:49,Southern Owens Valley,LAA at Alabama Flow,421.0
2026-09-05 14:28:49,Southern Owens Valley,Cottonwood Ck. At LAA Flow,2.0
2026-09-05 14:28:49,Southern Owens Valley,LAA at Cottonwood Flow,442.0
2026-09-05 14:28:49,Southern Owens Valley,Haiwee LAA #1 Current Flow,0.0
2026-09-05 14:28:49,Southern Owens Valley,Haiwee LAA #2 Current Flow,146.8
2026-09-05 14:28:49,Southern Owens Valley,Reinhackel Flow,2.9
2026-09-05 14:28:49,Southern Owens Valley,Lubkin Spillgate Outflow,1.8
2026-09-05 14:28:49,Southern Owens Valley,Cartago Spillgate Outflow,0.0
2026-09-05 14:28:49,Southern Owens Valley,Lone Pine Creek Flow,8.3
2026-09-05 14:28:49,Lower Owens River Project,LORP Intake Flow,89.0
2026-09-05 14:28:49,Lower Owens River Project,LORP at Mazourka Canyon Road,0.0
2026-09-05 14:28:49,Lower Owens River Project,LORP at Reinhackle Springs,55.0
2026-09-05 14:28:49,Lower Owens River Project,LORP Above Pumpstation,48.0
2026-09-05 14:28:49,Lower Owens River Project,LORP At Pump Station Discharge Flow,38.0
2026-09-05 14:28:49,Southern District,Haiwee LAA #2 Current Flow,146.8
2026-09-05 14:28:49,Southern District,Haiwee LAA #1 Current Flow,0.0
2026-09-05 14:28:50,Northern Owens Valley,Tinemaha Elevation,3861.7
2026-09-05 14:28:50,Southern Owens Valley,Tinemaha Elevation,3861.7
2026-09-05 14:28:50,Mono Basin,Lee Vining Intake Above Flow,23.1
2026-09-05 14:28:50,Mono Basin,Lee Vining Intake Below Flow,23.8
2026-09-05 14:28:50,Mono Basin,Mono Lk. Elevation,6382.2
2026-09-05 14:28:50,Mono Basin,Walker Ck. Above Conduit Flow,3.0
2026-09-05 14:28:50,Mono Basin,L.V. Conduit Below Intake Flow,0.5
2026-09-05 14:28:50,Mono Basin,Walker Ck. Under Conduit Flow,3.0
2026-09-05 14:28:50,Mono Basin,Parker Ck. Under Conduit Flow,9.0
2026-09-05 14:28:50,Mono Basin,Parker Ck. Above Conduit Flow,10.0
2026-09-05 14:28:50,Mono Basin,Grant Lk. Spill Flow,0.0
2026-09-05 14:28:50,Mono Basin,Mono Gate 1 Return Ditch Flow,39.9
2026-09-05 14:28:50,Mono Basin,Grant Lk. Elevation,7128.8
2026-09-05 14:28:50,Mono Basin,Grant Lk. Outflow,38.9
2026-09-05 14:28:50,Mono Basin,Rush Ck. at Damsite Flow,21.2
2026-09-05 14:28:50,Mono Basin,Flow to West Portal,0.0
2026-09-05 14:28:50,Long Valley,East Portal Flow,12.0
2026-09-05 14:28:50,Long Valley,OR Below EP Flow,57.0
2026-09-05 14:28:50,Long Valley,Hot Ck.at Hwy. Flow,5.0
2026-09-05 14:28:50,Long Valley,McGee Ck. Lower Sta. Flow,8.6
2026-09-05 14:28:50,Long Valley,Long Valley Elevation,6769.5
2026-09-05 14:28:50,Long Valley,Long Valley Current Outflow,0.1
2026-09-05 14:28:50,Long Valley,Rock Ck. Div. Flow,0.0
2026-09-05 14:28:50,Long Valley,Upper Gorge Total Release,36.2
2026-09-05 14:28:50,Long Valley,Release at Middle Gorge,0.0
2026-09-05 14:28:50,Northern Owens Valley,Rock Ck. At Owens River (PV) Flow,26.8
2026-09-05 14:28:50,Northern Owens Valley,Pleasant Valley Elevation,4385.7
2026-09-05 14:28:50,Northern Owens Valley,Pleasant Valley Outflow,502.1
2026-09-05 14:28:50,Northern Owens Valley,Baker Ck. At LA Station Flow,6.5
2026-09-05 14:28:50,Northern Owens Valley,Big Pine Ck. USGS Flow,26.1
2026-09-05 14:28:50,Northern Owens Valley,O.R. Below Big Pine,480.8
2026-09-05 14:28:50,Northern Owens Valley,Fish Springs At RR Flow,32.9
2026-09-05 14:28:50,Northern Owens Valley,Bishop Creek Through Plant 6,73.8
2026-09-05 14:28:50,Northern Owens Valley,Bishop Creek Around Plant 6,6.4
2026-09-05 14:28:50,Southern Owens Valley,LAA at Alabama Level,8.0
2026-09-05 14:28:50,Southern Owens Valley,LAA at Alabama Water Temp,67.2
2026-09-05 14:28:50,Southern Owens Valley,LAA at Cottonwood Level,8.8
2026-09-05 14:28:50,Southern Owens Valley,LAA at Cotton. Water Temp,68.2
2026-09-05 14:28:50,Southern Owens Valley,N. Haiwee Elevation,3756.9
2026-09-05 14:28:50,Southern Owens Valley,S. Haiwee Reservoir Elevation,3728.3
2026-09-05 14:28:50,Southern District,S. Haiwee Reservoir Elevation,3728.3
2026-09-05 14:28:50,Southern District,Fairmont Reservoir Elevation,3021.7
2026-09-05 14:28:50,Southern District,LAA #1 Flow at Fairmont Reservoir,287.0
2026-09-05 14:28:50,Southern District,LAA #2 Flow at Fairmont Res.,170.2
2026-09-05 14:28:50,Southern District,Bouquet Reservoir Elevation,2973.8
2026-09-05 14:28:50,Southern District,Bouquet Reservoir Inflow,74.0
2026-09-05 14:28:50,Southern District,Bouquet Reservoir Outflow,0.7
2026-09-05 14:28:50,Southern District,LAA #1 at Soledad Flow,127.5
2026-09-05 14:28:50,Southern District,LAA #2 at Soledad Flow,239.6
2026-09-05 14:43:51,Mono Basin,Lee Vining Intake Above Flow,23.1
2026-09-05 14:43:51,Mono Basin,Lee Vining Intake Below Flow,23.6
2026-09-05 14:43:51,Mono Basin,Walker Ck. Above Conduit Flow,3.0
2026-09-05 14:43:51,Mono Basin,L.V. Conduit Below Intake Flow,0.5
2026-09-05 14:43:51,Mono Basin,Walker Ck. Under Conduit Flow,3.0
2026-09-05 14:43:51,Mono Basin,Parker Ck. Under Conduit Flow,9.0
2026-09-05 14:43:51,Mono Basin,Parker Ck. Above Conduit Flow,10.0
2026-09-05 14:43:51,Mono Basin,Grant Lk. Spill Flow,0.0
2026-09-05 14:43:51,Mono Basin,Mono Gate 1 Return Ditch Flow,39.9
2026-09-05 14:43:51,Mono Basin,Grant Lk. Outflow,38.9
2026-09-05 14:43:51,Mono Basin,Rush Ck. at Damsite Flow,21.2
2026-09-05 14:43:51,Mono Basin,Flow to West Portal,0.0
2026-09-05 14:43:51,Long Valley,East Portal Flow,12.0
2026-09-05 14:43:51,Long Valley,OR Below EP Flow,56.0
2026-09-05 14:43:51,Long Valley,Hot Ck.at Hwy. Flow,5.0
2026-09-05 14:43:51,Long Valley,McGee Ck. Lower Sta. Flow,8.6
2026-09-05 14:43:51,Long Valley,Long Valley Current Outflow,0.1
2026-09-05 14:43:51,Long Valley,Rock Ck. Div. Flow,0.0
2026-09-05 14:43:51,Long Valley,Upper Gorge Total Release,34.7
2026-09-05 14:43:51,Long Valley,Release at Middle Gorge,0.0
2026-09-05 14:43:51,Northern Owens Valley,Rock Ck. At Owens River (PV) Flow,26.8
2026-09-05 14:43:51,Northern Owens Valley,Pleasant Valley Outflow,501.9
2026-09-05 14:43:51,Northern Owens Valley,Baker Ck. At LA Station Flow,6.5
2026-09-05 14:43:51,Northern Owens Valley,Big Pine Ck. USGS Flow,26.1
2026-09-05 14:43:51,Northern Owens Valley,O.R. Below Big Pine,479.6
2026-09-05 14:43:51,Northern Owens Valley,Fish Springs At RR Flow,32.9
2026-09-05 14:43:51,Northern Owens Valley,Tinemaha Reservoir Outflow,478.3
2026-09-05 14:43:51,Northern Owens Valley,Bishop Creek Through Plant 6,75.3
2026-09-05 14:43:51,Northern Owens Valley,Bishop Creek Around Plant 6,6.4
2026-09-05 14:43:51,Southern Owens Valley,Tinemaha Reservoir Outflow,478.3
2026-09-05 14:43:51,Southern Owens Valley,Indep. Ck. At Junction Flow,4.0
2026-09-05 14:43:51,Southern Owens Valley,LAA at Alabama Flow,421.0
2026-09-05 14:43:51,Southern Owens Valley,LAA at Alabama Level,8.0
2026-09-05 14:43:51,Southern Owens Valley,LAA at Alabama Water Temp,67.2
2026-09-05 14:43:51,Southern Owens Valley,Cottonwood Ck. At LAA Flow,2.0
2026-09-05 14:43:51,Southern Owens Valley,LAA at Cottonwood Flow,442.0
2026-09-05 14:43:51,Southern Owens Valley,LAA at Cottonwood Level,8.8
2026-09-05 14:43:51,Southern Owens Valley,LAA at Cotton. Water Temp,68.4
2026-09-05 14:43:51,Southern Owens Valley,Haiwee LAA #1 Current Flow,0.0
2026-09-05 14:43:51,Southern Owens Valley,Haiwee LAA #2 Current Flow,146.8
2026-09-05 14:43:51,Southern Owens Valley,Reinhackel Flow,2.9
2026-09-05 14:43:51,Southern Owens Valley,Lubkin Spillgate Outflow,0.0
2026-09-05 14:43:51,Southern Owens Valley,Cartago Spillgate Outflow,0.0
2026-09-05 14:43:51,Southern Owens Valley,Lone Pine Creek Flow,8.2
2026-09-05 14:43:51,Lower Owens River Project,LORP Intake Flow,88.0
2026-09-05 14:43:51,Lower Owens River Project,LORP at Mazourka Canyon Road,0.0
2026-09-05 14:43:51,Lower Owens River Project,LORP at Reinhackle Springs,55.0
2026-09-05 14:43:51,Lower Owens River Project,LORP Above Pumpstation,47.0
2026-09-05 14:43:51,Lower Owens River Project,LORP At Pump Station Discharge Flow,37.0
2026-09-05 14:43:51,Southern District,Haiwee LAA #2 Current Flow,146.8
2026-09-05 14:43:51,Southern District,Haiwee LAA #1 Current Flow,0.0
2026-09-05 14:43:51,Southern District,LAA #1 Flow at Fairmont Reservoir,272.6
2026-09-05 14:43:51,Southern District,LAA #2 Flow at Fairmont Res.,170.2
2026-09-05 14:43:51,Southern District,Bouquet Reservoir Inflow,74.1
2026-09-05 14:43:51,Southern District,Bouquet Reservoir Outflow,0.7
2026-09-05 14:43:51,Southern District,LAA #1 at Soledad Flow,127.5
2026-09-05 14:43:51,Southern District,LAA #2 at Soledad Flow,239.6
2026-09-05 14:43:52,Mono Basin,Mono Lk. Elevation,6382.2
2026-09-05 14:43:52,Mono Basin,Grant Lk. Elevation,7128.8
2026-09-05 14:43:52,Long Valley,Long Valley Elevation,6769.5
2026-09-05 14:43:52,Northern Owens Valley,Pleasant Valley Elevation,4385.6
2026-09-05 14:43:52,Southern Owens Valley,N. Haiwee Elevation,3756.9
2026-09-05 14:43:52,Southern Owens Valley,S. Haiwee Reservoir Elevation,3728.3
2026-09-05 14:43:52,Southern District,S. Haiwee Reservoir Elevation,3728.3
2026-09-05 14:43:52,Southern District,Fairmont Reservoir Elevation,3021.7
2026-09-05 14:43:52,Southern District,Bouquet Reservoir Elevation,2973.8
2026-09-05 14:58:49,Mono Basin,Lee Vining Intake Above Flow,23.1
2026-09-05 14:58:49,Mono Basin,Lee Vining Intake Below Flow,23.6
2026-09-05 14:58:49,Mono Basin,Walker Ck. Above Conduit Flow,3.0
2026-09-05 14:58:49,Mono Basin,L.V. Conduit Below Intake Flow,0.5
2026-09-05 14:58:49,Mono Basin,Walker Ck. Under Conduit Flow,3.0
2026-09-05 14:58:49,Mono Basin,Parker Ck. Under Conduit Flow,9.0
2026-09-05 14:58:49,Mono Basin,Parker Ck. Above Conduit Flow,10.0
2026-09-05 14:58:49,Mono Basin,Grant Lk. Spill Flow,0.0
2026-09-05 14:58:49,Mono Basin,Mono Gate 1 Return Ditch Flow,39.9
2026-09-05 14:58:49,Mono Basin,Grant Lk. Outflow,38.9
2026-09-05 14:58:49,Mono Basin,Rush Ck. at Damsite Flow,21.2
2026-09-05 14:58:49,Mono Basin,Flow to West Portal,0.0
2026-09-05 14:58:49,Long Valley,East Portal Flow,12.0
2026-09-05 14:58:49,Long Valley,OR Below EP Flow,56.0
2026-09-05 14:58:49,Long Valley,Hot Ck.at Hwy. Flow,5.0
2026-09-05 14:58:49,Long Valley,McGee Ck. Lower Sta. Flow,8.6
2026-09-05 14:58:49,Long Valley,Long Valley Current Outflow,0.1
2026-09-05 14:58:49,Long Valley,Rock Ck. Div. Flow,0.0
2026-09-05 14:58:49,Long Valley,Upper Gorge Total Release,36.5
2026-09-05 14:58:49,Long Valley,Release at Middle Gorge,0.0
2026-09-05 14:58:49,Northern Owens Valley,Rock Ck. At Owens River (PV) Flow,26.8
2026-09-05 14:58:49,Northern Owens Valley,Pleasant Valley Outflow,501.9
2026-09-05 14:58:49,Northern Owens Valley,Baker Ck. At LA Station Flow,6.3
2026-09-05 14:58:49,Northern Owens Valley,Big Pine Ck. USGS Flow,26.1
2026-09-05 14:58:49,Northern Owens Valley,O.R. Below Big Pine,480.7
2026-09-05 14:58:49,Northern Owens Valley,Fish Springs At RR Flow,32.9
2026-09-05 14:58:49,Northern Owens Valley,Tinemaha Reservoir Outflow,478.3
2026-09-05 14:58:49,Northern Owens Valley,Bishop Creek Through Plant 6,75.3
2026-09-05 14:58:49,Northern Owens Valley,Bishop Creek Around Plant 6,6.4
2026-09-05 14:58:49,Southern Owens Valley,Tinemaha Reservoir Outflow,478.3
2026-09-05 14:58:49,Southern Owens Valley,Indep. Ck. At Junction Flow,4.0
2026-09-05 14:58:49,Southern Owens Valley,LAA at Alabama Flow,421.0
2026-09-05 14:58:49,Southern Owens Valley,Cottonwood Ck. At LAA Flow,2.0
2026-09-05 14:58:49,Southern Owens Valley,LAA at Cottonwood Flow,442.0
2026-09-05 14:58:49,Southern Owens Valley,Haiwee LAA #1 Current Flow,0.0
2026-09-05 14:58:49,Southern Owens Valley,Haiwee LAA #2 Current Flow,146.8
2026-09-05 14:58:49,Southern Owens Valley,Reinhackel Flow,2.9
2026-09-05 14:58:49,Southern Owens Valley,Lubkin Spillgate Outflow,0.0
2026-09-05 14:58:49,Southern Owens Valley,Cartago Spillgate Outflow,0.0
2026-09-05 14:58:49,Southern Owens Valley,Lone Pine Creek Flow,8.2
2026-09-05 14:58:49,Lower Owens River Project,LORP Intake Flow,88.0
2026-09-05 14:58:49,Lower Owens River Project,LORP at Mazourka Canyon Road,0.0
2026-09-05 14:58:49,Lower Owens River Project,LORP at Reinhackle Springs,55.0
2026-09-05 14:58:49,Lower Owens River Project,LORP Above Pumpstation,48.0
2026-09-05 14:58:49,Lower Owens River Project,LORP At Pump Station Discharge Flow,38.0
2026-09-05 14:58:49,Southern District,Haiwee LAA #2 Current Flow,146.8
2026-09-05 14:58:49,Southern District,Haiwee LAA #1 Current Flow,0.0
2026-09-05 14:58:49,Southern District,LAA #1 Flow at Fairmont Reservoir,282.9
2026-09-05 14:58:49,Southern District,LAA #2 Flow at Fairmont Res.,170.2
2026-09-05 14:58:49,Southern District,Bouquet Reservoir Inflow,79.0
2026-09-05 14:58:49,Southern District,Bouquet Reservoir Outflow,0.7
2026-09-05 14:58:49,Southern District,LAA #1 at Soledad Flow,127.5
2026-09-05 14:58:49,Southern District,LAA #2 at Soledad Flow,239.6
2026-09-05 14:58:50,Northern Owens Valley,Tinemaha Elevation,3861.7
2026-09-05 14:58:50,Southern Owens Valley,Tinemaha Elevation,3861.7
2026-09-05 14:58:50,Mono Basin,Mono Lk. Elevation,6382.2
2026-09-05 14:58:50,Mono Basin,Grant Lk. Elevation,7128.8
2026-09-05 14:58:50,Long Valley,Long Valley Elevation,6769.5
2026-09-05 14:58:50,Northern Owens Valley,Pleasant Valley Elevation,4385.6
2026-09-05 14:58:50,Southern Owens Valley,LAA at Alabama Level,8.0
2026-09-05 14:58:50,Southern Owens Valley,LAA at Alabama Water Temp,67.2
2026-09-05 14:58:50,Southern Owens Valley,LAA at Cottonwood Level,8.8
2026-09-05 14:58:50,Southern Owens Valley,LAA at Cotton. Water Temp,68.4
2026-09-05 14:58:50,Southern Owens Valley,N. Haiwee Elevation,3756.9
2026-09-05 14:58:50,Southern Owens Valley,S. Haiwee Reservoir Elevation,3728.3
2026-09-05 14:58:50,Southern District,S. Haiwee Reservoir Elevation,3728.3
2026-09-05 14:58:50,Southern District,Fairmont Reservoir Elevation,3021.6
2026-09-05 14:58:50,Southern District,Bouquet Reservoir Elevation,2973.8
2026-09-05 15:13:50,Northern Owens Valley,Tinemaha Reservoir Outflow,478.3
2026-09-05 15:13:50,Southern Owens Valley,Tinemaha Reservoir Outflow,478.3
2026-09-05 15:13:50,Southern Owens Valley,Indep. Ck. At Junction Flow,4.0
2026-09-05 15:13:50,Southern Owens Valley,LAA at Alabama Flow,423.0
2026-09-05 15:13:50,Southern Owens Valley,Cottonwood Ck. At LAA Flow,2.0
2026-09-05 15:13:50,Southern Owens Valley,LAA at Cottonwood Flow,444.0
2026-09-05 15:13:50,Southern Owens Valley,Haiwee LAA #1 Current Flow,0.0
2026-09-05 15:13:50,Southern Owens Valley,Haiwee LAA #2 Current Flow,146.8
2026-09-05 15:13:50,Southern Owens Valley,Reinhackel Flow,2.9
2026-09-05 15:13:50,Southern Owens Valley,Lubkin Spillgate Outflow,0.0
2026-09-05 15:13:50,Southern Owens Valley,Lone Pine Creek Flow,8.2
2026-09-05 15:13:50,Lower Owens River Project,LORP Intake Flow,88.0
2026-09-05 15:13:50,Southern District,Haiwee LAA #2 Current Flow,146.8
2026-09-05 15:13:50,Southern District,Haiwee LAA #1 Current Flow,0.0
2026-09-05 15:13:51,Mono Basin,Lee Vining Intake Above Flow,22.6
2026-09-05 15:13:51,Mono Basin,Lee Vining Intake Below Flow,23.4
2026-09-05 15:13:51,Mono Basin,Mono Lk. Elevation,6382.2
2026-09-05 15:13:51,Mono Basin,Walker Ck. Above Conduit Flow,3.0
2026-09-05 15:13:51,Mono Basin,L.V. Conduit Below Intake Flow,0.5
2026-09-05 15:13:51,Mono Basin,Walker Ck. Under Conduit Flow,3.0
2026-09-05 15:13:51,Mono Basin,Parker Ck. Under Conduit Flow,9.0
2026-09-05 15:13:51,Mono Basin,Parker Ck. Above Conduit Flow,9.0
2026-09-05 15:13:51,Mono Basin,Grant Lk. Spill Flow,0.0
2026-09-05 15:13:51,Mono Basin,Mono Gate 1 Return Ditch Flow,39.9
2026-09-05 15:13:51,Mono Basin,Grant Lk. Elevation,7128.8
2026-09-05 15:13:51,Mono Basin,Grant Lk. Outflow,38.9
2026-09-05 15:13:51,Mono Basin,Rush Ck. at Damsite Flow,21.2
2026-09-05 15:13:51,Mono Basin,Flow to West Portal,0.0
2026-09-05 15:13:51,Long Valley,East Portal Flow,12.0
2026-09-05 15:13:51,Long Valley,OR Below EP Flow,56.0
2026-09-05 15:13:51,Long Valley,Hot Ck.at Hwy. Flow,5.0
2026-09-05 15:13:51,Long Valley,McGee Ck. Lower Sta. Flow,8.3
2026-09-05 15:13:51,Long Valley,Long Valley Elevation,6769.5
2026-09-05 15:13:51,Long Valley,Long Valley Current Outflow,0.1
2026-09-05 15:13:51,Long Valley,Rock Ck. Div. Flow,0.0
2026-09-05 15:13:51,Long Valley,Upper Gorge Total Release,35.6
2026-09-05 15:13:51,Long Valley,Release at Middle Gorge,0.0
2026-09-05 15:13:51,Northern Owens Valley,Rock Ck. At Owens River (PV) Flow,26.8
2026-09-05 15:13:51,Northern Owens Valley,Pleasant Valley Elevation,4385.5
2026-09-05 15:13:51,Northern Owens Valley,Pleasant Valley Outflow,500.3
2026-09-05 15:13:51,Northern Owens Valley,Baker Ck. At LA Station Flow,6.3
2026-09-05 15:13:51,Northern Owens Valley,Big Pine Ck. USGS Flow,26.1
2026-09-05 15:13:51,Northern Owens Valley,O.R. Below Big Pine,481.6
2026-09-05 15:13:51,Northern Owens Valley,Fish Springs At RR Flow,32.9
2026-09-05 15:13:51,Northern Owens Valley,Bishop Creek Through Plant 6,75.3
2026-09-05 15:13:51,Northern Owens Valley,Bishop Creek Around Plant 6,6.4
2026-09-05 15:13:51,Southern Owens Valley,LAA at Alabama Level,8.0
2026-09-05 15:13:51,Southern Owens Valley,LAA at Alabama Water Temp,67.4
2026-09-05 15:13:51,Southern Owens Valley,LAA at Cottonwood Level,8.8
2026-09-05 15:13:51,Southern Owens Valley,LAA at Cotton. Water Temp,68.5
2026-09-05 15:13:51,Southern Owens Valley,N. Haiwee Elevation,3756.9
2026-09-05 15:13:51,Southern Owens Valley,S. Haiwee Reservoir Elevation,3728.3
2026-09-05 15:13:51,Southern Owens Valley,Cartago Spillgate Outflow,0.0
2026-09-05 15:13:51,Lower Owens River Project,LORP at Mazourka Canyon Road,0.0
2026-09-05 15:13:51,Lower Owens River Project,LORP at Reinhackle Springs,55.0
2026-09-05 15:13:51,Lower Owens River Project,LORP Above Pumpstation,48.0
2026-09-05 15:13:51,Lower Owens River Project,LORP At Pump Station Discharge Flow,38.0
2026-09-05 15:13:51,Southern District,S. Haiwee Reservoir Elevation,3728.3
2026-09-05 15:13:51,Southern District,Fairmont Reservoir Elevation,3021.6
2026-09-05 15:13:51,Southern District,LAA #1 Flow at Fairmont Reservoir,272.8
2026-09-05 15:13:51,Southern District,LAA #2 Flow at Fairmont Res.,170.2
2026-09-05 15:13:51,Southern District,Bouquet Reservoir Elevation,2973.8
2026-09-05 15:13:51,Southern District,Bouquet Reservoir Inflow,73.7
2026-09-05 15:13:51,Southern District,Bouquet Reservoir Outflow,0.7
2026-09-05 15:13:51,Southern District,LAA #1 at Soledad Flow,127.5
2026-09-05 15:13:51,Southern District,LAA #2 at Soledad Flow,239.6
2026-09-05 15:28:50,Mono Basin,Lee Vining Intake Above Flow,22.6
2026-09-05 15:28:50,Mono Basin,Lee Vining Intake Below Flow,23.4
2026-09-05 15:28:50,Mono Basin,Walker Ck. Above Conduit Flow,3.0
2026-09-05 15:28:50,Mono Basin,L.V. Conduit Below Intake Flow,0.5
2026-09-05 15:28:50,Mono Basin,Walker Ck. Under Conduit Flow,3.0
2026-09-05 15:28:50,Mono Basin,Parker Ck. Under Conduit Flow,9.0
2026-09-05 15:28:50,Mono Basin,Parker Ck. Above Conduit Flow,9.0
2026-09-05 15:28:50,Mono Basin,Grant Lk. Spill Flow,0.0
2026-09-05 15:28:50,Mono Basin,Mono Gate 1 Return Ditch Flow,39.9
2026-09-05 15:28:50,Mono Basin,Grant Lk. Outflow,38.6
2026-09-05 15:28:50,Mono Basin,Rush Ck. at Damsite Flow,19.2
2026-09-05 15:28:50,Mono Basin,Flow to West Portal,0.0
2026-09-05 15:28:50,Long Valley,East Portal Flow,12.0
2026-09-05 15:28:50,Long Valley,OR Below EP Flow,56.0
2026-09-05 15:28:50,Long Valley,Hot Ck.at Hwy. Flow,5.0
2026-09-05 15:28:50,Long Valley,McGee Ck. Lower Sta. Flow,8.3
2026-09-05 15:28:50,Long Valley,Long Valley Current Outflow,0.1
2026-09-05 15:28:50,Long Valley,Rock Ck. Div. Flow,0.0
2026-09-05 15:28:50,Long Valley,Upper Gorge Total Release,35.3
2026-09-05 15:28:50,Long Valley,Release at Middle Gorge,0.0
2026-09-05 15:28:50,Northern Owens Valley,Rock Ck. At Owens River (PV) Flow,26.8
2026-09-05 15:28:50,Northern Owens Valley,Pleasant Valley Outflow,501.0
2026-09-05 15:28:50,Northern Owens Valley,Baker Ck. At LA Station Flow,6.3
2026-09-05 15:28:50,Northern Owens Valley,Big Pine Ck. USGS Flow,26.1
2026-09-05 15:28:50,Northern Owens Valley,O.R. Below Big Pine,481.6
2026-09-05 15:28:50,Northern Owens Valley,Fish Springs At RR Flow,32.9
2026-09-05 15:28:50,Northern Owens Valley,Tinemaha Reservoir Outflow,478.3
2026-09-05 15:28:50,Northern Owens Valley,Bishop Creek Through Plant 6,75.3
2026-09-05 15:28:50,Northern Owens Valley,Bishop Creek Around Plant 6,6.4
2026-09-05 15:28:50,Southern Owens Valley,Tinemaha Reservoir Outflow,478.3
2026-09-05 15:28:50,Southern Owens Valley,Indep. Ck. At Junction Flow,4.0
2026-09-05 15:28:50,Southern Owens Valley,LAA at Alabama Flow,423.0
2026-09-05 15:28:50,Southern Owens Valley,Cottonwood Ck. At LAA Flow,2.0
2026-09-05 15:28:50,Southern Owens Valley,LAA at Cottonwood Flow,444.0
2026-09-05 15:28:50,Southern Owens Valley,Haiwee LAA #1 Current Flow,0.0
2026-09-05 15:28:50,Southern Owens Valley,Haiwee LAA #2 Current Flow,146.8
2026-09-05 15:28:50,Southern Owens Valley,Reinhackel Flow,2.9
2026-09-05 15:28:50,Southern Owens Valley,Lubkin Spillgate Outflow,0.0
2026-09-05 15:28:50,Southern Owens Valley,Cartago Spillgate Outflow,0.0
2026-09-05 15:28:50,Southern Owens Valley,Lone Pine Creek Flow,8.2
2026-09-05 15:28:50,Lower Owens River Project,LORP Intake Flow,88.0
2026-09-05 15:28:50,Lower Owens River Project,LORP at Mazourka Canyon Road,0.0
2026-09-05 15:28:50,Lower Owens River Project,LORP at Reinhackle Springs,58.0
2026-09-05 15:28:50,Lower Owens River Project,LORP Above Pumpstation,49.0
2026-09-05 15:28:50,Lower Owens River Project,LORP At Pump Station Discharge Flow,38.0
2026-09-05 15:28:50,Southern District,Haiwee LAA #2 Current Flow,146.8
2026-09-05 15:28:50,Southern District,Haiwee LAA #1 Current Flow,0.0
2026-09-05 15:28:50,Southern District,LAA #1 Flow at Fairmont Reservoir,273.8
2026-09-05 15:28:50,Southern District,LAA #2 Flow at Fairmont Res.,170.2
2026-09-05 15:28:50,Southern District,Bouquet Reservoir Inflow,73.6
2026-09-05 15:28:50,Southern District,Bouquet Reservoir Outflow,0.7
2026-09-05 15:28:50,Southern District,LAA #1 at Soledad Flow,127.5
2026-09-05 15:28:50,Southern District,LAA #2 at Soledad Flow,239.6
2026-09-05 15:28:51,Northern Owens Valley,Tinemaha Elevation,3861.7
2026-09-05 15:28:51,Southern Owens Valley,Tinemaha Elevation,3861.7
2026-09-05 15:28:51,Mono Basin,Mono Lk. Elevation,6382.2
2026-09-05 15:28:51,Mono Basin,Grant Lk. Elevation,7128.8
2026-09-05 15:28:51,Long Valley,Long Valley Elevation,6769.5
2026-09-05 15:28:51,Northern Owens Valley,Pleasant Valley Elevation,4385.4
2026-09-05 15:28:51,Southern Owens Valley,LAA at Alabama Level,8.0
2026-09-05 15:28:51,Southern Owens Valley,LAA at Alabama Water Temp,67.4
2026-09-05 15:28:51,Southern Owens Valley,LAA at Cottonwood Level,8.8
2026-09-05 15:28:51,Southern Owens Valley,LAA at Cotton. Water Temp,68.5
2026-09-05 15:28:51,Southern Owens Valley,N. Haiwee Elevation,3756.9
2026-09-05 15:28:51,Southern Owens Valley,S. Haiwee Reservoir Elevation,3728.3
2026-09-05 15:28:51,Southern District,S. Haiwee Reservoir Elevation,3728.3
2026-09-05 15:28:51,Southern District,Fairmont Reservoir Elevation,3021.6
2026-09-05 15:28:51,Southern District,Bouquet Reservoir Elevation,2973.8
2026-09-05 15:43:51,Mono Basin,Lee Vining Intake Above Flow,22.8
2026-09-05 15:43:51,Mono Basin,Lee Vining Intake Below Flow,23.2
2026-09-05 15:43:51,Mono Basin,Walker Ck. Above Conduit Flow,3.0
2026-09-05 15:43:51,Mono Basin,L.V. Conduit Below Intake Flow,0.5
2026-09-05 15:43:51,Mono Basin,Walker Ck. Under Conduit Flow,3.0
2026-09-05 15:43:51,Mono Basin,Parker Ck. Under Conduit Flow,9.0
2026-09-05 15:43:51,Mono Basin,Parker Ck. Above Conduit Flow,9.0
2026-09-05 15:43:51,Mono Basin,Grant Lk. Spill Flow,0.0
2026-09-05 15:43:51,Mono Basin,Mono Gate 1 Return Ditch Flow,39.9
2026-09-05 15:43:51,Mono Basin,Grant Lk. Outflow,38.6
2026-09-05 15:43:51,Mono Basin,Rush Ck. at Damsite Flow,19.2
2026-09-05 15:43:51,Mono Basin,Flow to West Portal,0.0
2026-09-05 15:43:51,Long Valley,East Portal Flow,12.0
2026-09-05 15:43:51,Long Valley,OR Below EP Flow,56.0
2026-09-05 15:43:51,Long Valley,Hot Ck.at Hwy. Flow,5.0
2026-09-05 15:43:51,Long Valley,McGee Ck. Lower Sta. Flow,8.3
2026-09-05 15:43:51,Long Valley,Long Valley Current Outflow,0.1
2026-09-05 15:43:51,Long Valley,Rock Ck. Div. Flow,0.0
2026-09-05 15:43:51,Long Valley,Upper Gorge Total Release,35.5
2026-09-05 15:43:51,Long Valley,Release at Middle Gorge,0.0
2026-09-05 15:43:51,Northern Owens Valley,Rock Ck. At Owens River (PV) Flow,26.8
2026-09-05 15:43:51,Northern Owens Valley,Pleasant Valley Outflow,500.0
2026-09-05 15:43:51,Northern Owens Valley,Baker Ck. At LA Station Flow,6.3
2026-09-05 15:43:51,Northern Owens Valley,Big Pine Ck. USGS Flow,25.0
2026-09-05 15:43:51,Northern Owens Valley,O.R. Below Big Pine,480.7
2026-09-05 15:43:51,Northern Owens Valley,Fish Springs At RR Flow,32.9
2026-09-05 15:43:51,Northern Owens Valley,Tinemaha Reservoir Outflow,478.3
2026-09-05 15:43:51,Northern Owens Valley,Bishop Creek Through Plant 6,71.4
2026-09-05 15:43:51,Northern Owens Valley,Bishop Creek Around Plant 6,6.6
2026-09-05 15:43:51,Southern Owens Valley,Tinemaha Reservoir Outflow,478.3
2026-09-05 15:43:51,Southern Owens Valley,Indep. Ck. At Junction Flow,4.0
2026-09-05 15:43:51,Southern Owens Valley,LAA at Alabama Flow,423.0
2026-09-05 15:43:51,Southern Owens Valley,Cottonwood Ck. At LAA Flow,2.0
2026-09-05 15:43:51,Southern Owens Valley,LAA at Cottonwood Flow,444.0
2026-09-05 15:43:51,Southern Owens Valley,Haiwee LAA #1 Current Flow,0.0
2026-09-05 15:43:51,Southern Owens Valley,Haiwee LAA #2 Current Flow,146.8
2026-09-05 15:43:51,Southern Owens Valley,Reinhackel Flow,2.9
2026-09-05 15:43:51,Southern Owens Valley,Lubkin Spillgate Outflow,0.0
2026-09-05 15:43:51,Southern Owens Valley,Cartago Spillgate Outflow,0.0
2026-09-05 15:43:51,Southern Owens Valley,Lone Pine Creek Flow,8.1
2026-09-05 15:43:51,Lower Owens River Project,LORP Intake Flow,88.0
2026-09-05 15:43:51,Lower Owens River Project,LORP at Mazourka Canyon Road,0.0
2026-09-05 15:43:51,Lower Owens River Project,LORP at Reinhackle Springs,58.0
2026-09-05 15:43:51,Lower Owens River Project,LORP Above Pumpstation,48.0
2026-09-05 15:43:51,Lower Owens River Project,LORP At Pump Station Discharge Flow,38.0
2026-09-05 15:43:51,Southern District,Haiwee LAA #2 Current Flow,146.8
2026-09-05 15:43:51,Southern District,Haiwee LAA #1 Current Flow,0.0
2026-09-05 15:43:51,Southern District,LAA #1 Flow at Fairmont Reservoir,277.7
2026-09-05 15:43:51,Southern District,LAA #2 Flow at Fairmont Res.,170.3
2026-09-05 15:43:51,Southern District,Bouquet Reservoir Inflow,73.6
2026-09-05 15:43:51,Southern District,Bouquet Reservoir Outflow,0.7
2026-09-05 15:43:51,Southern District,LAA #1 at Soledad Flow,127.5
2026-09-05 15:43:51,Southern District,LAA #2 at Soledad Flow,239.6
2026-09-05 15:43:52,Mono Basin,Mono Lk. Elevation,6382.2
2026-09-05 15:43:52,Mono Basin,Grant Lk. Elevation,7128.8
2026-09-05 15:43:52,Long Valley,Long Valley Elevation,6769.5
2026-09-05 15:43:52,Northern Owens Valley,Pleasant Valley Elevation,4385.3
2026-09-05 15:43:52,Southern Owens Valley,LAA at Alabama Level,8.0
2026-09-05 15:43:52,Southern Owens Valley,LAA at Alabama Water Temp,67.4
2026-09-05 15:43:52,Southern Owens Valley,LAA at Cottonwood Level,8.8
2026-09-05 15:43:52,Southern Owens Valley,LAA at Cotton. Water Temp,68.6
2026-09-05 15:43:52,Southern Owens Valley,N. Haiwee Elevation,3756.9
2026-09-05 15:43:52,Southern Owens Valley,S. Haiwee Reservoir Elevation,3728.3
2026-09-05 15:43:52,Southern District,S. Haiwee Reservoir Elevation,3728.3
2026-09-05 15:43:52,Southern District,Fairmont Reservoir Elevation,3021.6
2026-09-05 15:43:52,Southern District,Bouquet Reservoir Elevation,2973.8
2026-09-05 15:58:49,Northern Owens Valley,Tinemaha Elevation,3861.7
2026-09-05 15:58:49,Southern Owens Valley,Tinemaha Elevation,3861.7
2026-09-05 15:58:49,Mono Basin,Lee Vining Intake Above Flow,22.8
2026-09-05 15:58:49,Mono Basin,Lee Vining Intake Below Flow,23.2
2026-09-05 15:58:49,Mono Basin,Mono Lk. Elevation,6382.2
2026-09-05 15:58:49,Mono Basin,Walker Ck. Above Conduit Flow,3.0
2026-09-05 15:58:49,Mono Basin,L.V. Conduit Below Intake Flow,0.5
2026-09-05 15:58:49,Mono Basin,Walker Ck. Under Conduit Flow,3.0
2026-09-05 15:58:49,Mono Basin,Parker Ck. Under Conduit Flow,9.0
2026-09-05 15:58:49,Mono Basin,Parker Ck. Above Conduit Flow,9.0
2026-09-05 15:58:49,Mono Basin,Grant Lk. Spill Flow,0.0
2026-09-05 15:58:49,Mono Basin,Mono Gate 1 Return Ditch Flow,39.9
2026-09-05 15:58:49,Mono Basin,Grant Lk. Elevation,7128.8
2026-09-05 15:58:49,Mono Basin,Grant Lk. Outflow,38.6
2026-09-05 15:58:49,Mono Basin,Rush Ck. at Damsite Flow,19.2
2026-09-05 15:58:49,Mono Basin,Flow to West Portal,0.0
2026-09-05 15:58:49,Long Valley,East Portal Flow,12.0
2026-09-05 15:58:49,Long Valley,OR Below EP Flow,56.0
2026-09-05 15:58:49,Long Valley,Hot Ck.at Hwy. Flow,5.0
2026-09-05 15:58:49,Long Valley,McGee Ck. Lower Sta. Flow,8.3
2026-09-05 15:58:49,Long Valley,Long Valley Elevation,6769.5
2026-09-05 15:58:49,Long Valley,Long Valley Current Outflow,0.1
2026-09-05 15:58:49,Long Valley,Rock Ck. Div. Flow,0.0
2026-09-05 15:58:49,Long Valley,Upper Gorge Total Release,35.6
2026-09-05 15:58:49,Long Valley,Release at Middle Gorge,0.0
2026-09-05 15:58:49,Northern Owens Valley,Rock Ck. At Owens River (PV) Flow,26.8
2026-09-05 15:58:49,Northern Owens Valley,Pleasant Valley Elevation,4385.2
2026-09-05 15:58:49,Northern Owens Valley,Pleasant Valley Outflow,499.7
2026-09-05 15:58:49,Northern Owens Valley,Baker Ck. At LA Station Flow,6.3
2026-09-05 15:58:49,Northern Owens Valley,Big Pine Ck. USGS Flow,25.0
2026-09-05 15:58:49,Northern Owens Valley,O.R. Below Big Pine,481.6
2026-09-05 15:58:49,Northern Owens Valley,Fish Springs At RR Flow,32.9
2026-09-05 15:58:49,Northern Owens Valley,Tinemaha Reservoir Outflow,478.3
2026-09-05 15:58:49,Northern Owens Valley,Bishop Creek Through Plant 6,71.4
2026-09-05 15:58:49,Northern Owens Valley,Bishop Creek Around Plant 6,6.6
2026-09-05 15:58:49,Southern Owens Valley,Tinemaha Reservoir Outflow,478.3
2026-09-05 15:58:49,Southern Owens Valley,Indep. Ck. At Junction Flow,4.0
2026-09-05 15:58:49,Southern Owens Valley,LAA at Alabama Flow,423.0
2026-09-05 15:58:49,Southern Owens Valley,LAA at Alabama Level,8.0
2026-09-05 15:58:49,Southern Owens Valley,LAA at Alabama Water Temp,67.4
2026-09-05 15:58:49,Southern Owens Valley,Cottonwood Ck. At LAA Flow,2.0
2026-09-05 15:58:49,Southern Owens Valley,LAA at Cottonwood Flow,444.0
2026-09-05 15:58:49,Southern Owens Valley,LAA at Cottonwood Level,8.8
2026-09-05 15:58:49,Southern Owens Valley,LAA at Cotton. Water Temp,68.6
2026-09-05 15:58:49,Southern Owens Valley,N. Haiwee Elevation,3756.9
2026-09-05 15:58:49,Southern Owens Valley,S. Haiwee Reservoir Elevation,3728.3
2026-09-05 15:58:49,Southern Owens Valley,Haiwee LAA #1 Current Flow,0.0
2026-09-05 15:58:49,Southern Owens Valley,Haiwee LAA #2 Current Flow,146.8
2026-09-05 15:58:49,Southern Owens Valley,Reinhackel Flow,2.9
2026-09-05 15:58:49,Southern Owens Valley,Lubkin Spillgate Outflow,0.0
2026-09-05 15:58:49,Southern Owens Valley,Cartago Spillgate Outflow,0.0
2026-09-05 15:58:49,Southern Owens Valley,Lone Pine Creek Flow,8.1
2026-09-05 15:58:49,Lower Owens River Project,LORP Intake Flow,88.0
2026-09-05 15:58:49,Lower Owens River Project,LORP at Mazourka Canyon Road,0.0
2026-09-05 15:58:49,Lower Owens River Project,LORP at Reinhackle Springs,58.0
2026-09-05 15:58:49,Lower Owens River Project,LORP Above Pumpstation,48.0
2026-09-05 15:58:49,Lower Owens River Project,LORP At Pump Station Discharge Flow,38.0
2026-09-05 15:58:49,Southern District,Haiwee LAA #2 Current Flow,146.8
2026-09-05 15:58:49,Southern District,S. Haiwee Reservoir Elevation,3728.3
2026-09-05 15:58:49,Southern District,Haiwee LAA #1 Current Flow,0.0
2026-09-05 15:58:49,Southern District,Fairmont Reservoir Elevation,3021.6
2026-09-05 15:58:49,Southern District,LAA #1 Flow at Fairmont Reservoir,281.4
2026-09-05 15:58:49,Southern District,LAA #2 Flow at Fairmont Res.,170.3
2026-09-05 15:58:49,Southern District,Bouquet Reservoir Inflow,73.5
2026-09-05 15:58:49,Southern District,Bouquet Reservoir Outflow,0.5
2026-09-05 15:58:49,Southern District,LAA #1 at Soledad Flow,127.5
2026-09-05 15:58:49,Southern District,LAA #2 at Soledad Flow,239.6
2026-09-05 15:58:50,Southern District,Bouquet Reservoir Elevation,2973.8
2026-09-05 16:28:50,Northern Owens Valley,Tinemaha Elevation,3861.7
2026-09-05 16:28:50,Southern Owens Valley,Tinemaha Elevation,3861.7
2026-09-05 16:43:51,Mono Basin,Lee Vining Intake Above Flow,22.8
2026-09-05 16:43:51,Mono Basin,Lee Vining Intake Below Flow,23.3
2026-09-05 16:43:51,Mono Basin,Walker Ck. Above Conduit Flow,3.0
2026-09-05 16:43:51,Mono Basin,L.V. Conduit Below Intake Flow,0.5
2026-09-05 16:43:51,Mono Basin,Walker Ck. Under Conduit Flow,3.0
2026-09-05 16:43:51,Mono Basin,Parker Ck. Under Conduit Flow,9.0
2026-09-05 16:43:51,Mono Basin,Parker Ck. Above Conduit Flow,9.0
2026-09-05 16:43:51,Mono Basin,Grant Lk. Spill Flow,0.0
2026-09-05 16:43:51,Mono Basin,Mono Gate 1 Return Ditch Flow,40.2
2026-09-05 16:43:51,Mono Basin,Grant Lk. Outflow,39.2
2026-09-05 16:43:51,Mono Basin,Rush Ck. at Damsite Flow,19.2
2026-09-05 16:43:51,Mono Basin,Flow to West Portal,0.0
2026-09-05 16:43:51,Long Valley,East Portal Flow,12.0
2026-09-05 16:43:51,Long Valley,OR Below EP Flow,56.0
2026-09-05 16:43:51,Long Valley,Hot Ck.at Hwy. Flow,5.0
2026-09-05 16:43:51,Long Valley,McGee Ck. Lower Sta. Flow,8.3
2026-09-05 16:43:51,Long Valley,Long Valley Current Outflow,0.1
2026-09-05 16:43:51,Long Valley,Rock Ck. Div. Flow,0.0
2026-09-05 16:43:51,Long Valley,Upper Gorge Total Release,37.0
2026-09-05 16:43:51,Long Valley,Release at Middle Gorge,0.0
2026-09-05 16:43:51,Northern Owens Valley,Rock Ck. At Owens River (PV) Flow,26.8
2026-09-05 16:43:51,Northern Owens Valley,Pleasant Valley Outflow,498.0
2026-09-05 16:43:51,Northern Owens Valley,Baker Ck. At LA Station Flow,6.3
2026-09-05 16:43:51,Northern Owens Valley,Big Pine Ck. USGS Flow,25.0
2026-09-05 16:43:51,Northern Owens Valley,O.R. Below Big Pine,479.7
2026-09-05 16:43:51,Northern Owens Valley,Fish Springs At RR Flow,32.9
2026-09-05 16:43:51,Northern Owens Valley,Tinemaha Reservoir Outflow,478.3
2026-09-05 16:43:51,Northern Owens Valley,Bishop Creek Through Plant 6,71.4
2026-09-05 16:43:51,Northern Owens Valley,Bishop Creek Around Plant 6,6.6
2026-09-05 16:43:51,Southern Owens Valley,Tinemaha Reservoir Outflow,478.3
2026-09-05 16:43:51,Southern Owens Valley,Indep. Ck. At Junction Flow,4.0
2026-09-05 16:43:51,Southern Owens Valley,LAA at Alabama Flow,423.0
2026-09-05 16:43:51,Southern Owens Valley,Cottonwood Ck. At LAA Flow,2.0
2026-09-05 16:43:51,Southern Owens Valley,LAA at Cottonwood Flow,447.0
2026-09-05 16:43:51,Southern Owens Valley,Haiwee LAA #1 Current Flow,0.0
2026-09-05 16:43:51,Southern Owens Valley,Haiwee LAA #2 Current Flow,146.8
2026-09-05 16:43:51,Southern Owens Valley,Reinhackel Flow,2.9
2026-09-05 16:43:51,Southern Owens Valley,Lubkin Spillgate Outflow,4.4
2026-09-05 16:43:51,Southern Owens Valley,Cartago Spillgate Outflow,0.0
2026-09-05 16:43:51,Southern Owens Valley,Lone Pine Creek Flow,8.3
2026-09-05 16:43:51,Lower Owens River Project,LORP Intake Flow,88.0
2026-09-05 16:43:51,Lower Owens River Project,LORP at Mazourka Canyon Road,0.0
2026-09-05 16:43:51,Lower Owens River Project,LORP at Reinhackle Springs,58.0
2026-09-05 16:43:51,Lower Owens River Project,LORP Above Pumpstation,47.0
2026-09-05 16:43:51,Lower Owens River Project,LORP At Pump Station Discharge Flow,37.0
2026-09-05 16:43:51,Southern District,Haiwee LAA #2 Current Flow,146.8
2026-09-05 16:43:51,Southern District,Haiwee LAA #1 Current Flow,0.0
2026-09-05 16:43:51,Southern District,LAA #1 Flow at Fairmont Reservoir,273.7
2026-09-05 16:43:51,Southern District,LAA #2 Flow at Fairmont Res.,170.3
2026-09-05 16:43:51,Southern District,Bouquet Reservoir Inflow,73.9
2026-09-05 16:43:51,Southern District,Bouquet Reservoir Outflow,0.7
2026-09-05 16:43:51,Southern District,LAA #1 at Soledad Flow,127.5
2026-09-05 16:43:51,Southern District,LAA #2 at Soledad Flow,239.6
2026-09-05 16:43:52,Mono Basin,Mono Lk. Elevation,6382.2
2026-09-05 16:43:52,Mono Basin,Grant Lk. Elevation,7128.9
2026-09-05 16:43:52,Long Valley,Long Valley Elevation,6769.5
2026-09-05 16:43:52,Northern Owens Valley,Pleasant Valley Elevation,4384.9
2026-09-05 16:43:52,Southern Owens Valley,LAA at Alabama Level,8.0
2026-09-05 16:43:52,Southern Owens Valley,LAA at Alabama Water Temp,67.4
2026-09-05 16:43:52,Southern Owens Valley,LAA at Cottonwood Level,8.8
2026-09-05 16:43:52,Southern Owens Valley,LAA at Cotton. Water Temp,68.7
2026-09-05 16:43:52,Southern Owens Valley,N. Haiwee Elevation,3756.9
2026-09-05 16:43:52,Southern Owens Valley,S. Haiwee Reservoir Elevation,3728.3
2026-09-05 16:43:52,Southern District,S. Haiwee Reservoir Elevation,3728.3
2026-09-05 16:43:52,Southern District,Fairmont Reservoir Elevation,3021.5
2026-09-05 16:43:52,Southern District,Bouquet Reservoir Elevation,2973.9
2026-09-05 16:58:50,Northern Owens Valley,Tinemaha Elevation,3861.7
2026-09-05 16:58:50,Southern Owens Valley,Tinemaha Elevation,3861.7
2026-09-05 17:28:50,Northern Owens Valley,Tinemaha Elevation,3861.7
2026-09-05 17:28:50,Southern Owens Valley,Tinemaha Elevation,3861.7
2026-09-05 17:43:51,Mono Basin,Lee Vining Intake Above Flow,22.4
2026-09-05 17:43:51,Mono Basin,Lee Vining Intake Below Flow,22.9
2026-09-05 17:43:51,Mono Basin,Mono Lk. Elevation,6382.2
2026-09-05 17:43:51,Mono Basin,Walker Ck. Above Conduit Flow,3.0
2026-09-05 17:43:51,Mono Basin,L.V. Conduit Below Intake Flow,0.5
2026-09-05 17:43:51,Mono Basin,Walker Ck. Under Conduit Flow,3.0
2026-09-05 17:43:51,Mono Basin,Parker Ck. Under Conduit Flow,9.0
2026-09-05 17:43:51,Mono Basin,Parker Ck. Above Conduit Flow,9.0
2026-09-05 17:43:51,Mono Basin,Grant Lk. Spill Flow,0.0
2026-09-05 17:43:51,Mono Basin,Mono Gate 1 Return Ditch Flow,40.2
2026-09-05 17:43:51,Mono Basin,Grant Lk. Elevation,7128.9
2026-09-05 17:43:51,Mono Basin,Grant Lk. Outflow,39.2
2026-09-05 17:43:51,Mono Basin,Rush Ck. at Damsite Flow,19.2
2026-09-05 17:43:51,Mono Basin,Flow to West Portal,0.0
2026-09-05 17:43:51,Long Valley,East Portal Flow,12.0
2026-09-05 17:43:51,Long Valley,OR Below EP Flow,56.0
2026-09-05 17:43:51,Long Valley,Hot Ck.at Hwy. Flow,5.0
2026-09-05 17:43:51,Long Valley,McGee Ck. Lower Sta. Flow,8.3
2026-09-05 17:43:51,Long Valley,Long Valley Elevation,6769.5
2026-09-05 17:43:51,Long Valley,Long Valley Current Outflow,0.1
2026-09-05 17:43:51,Long Valley,Rock Ck. Div. Flow,0.0
2026-09-05 17:43:51,Long Valley,Upper Gorge Total Release,35.6
2026-09-05 17:43:51,Long Valley,Release at Middle Gorge,0.0
2026-09-05 17:43:51,Northern Owens Valley,Rock Ck. At Owens River (PV) Flow,26.4
2026-09-05 17:43:51,Northern Owens Valley,Pleasant Valley Elevation,4384.5
2026-09-05 17:43:51,Northern Owens Valley,Pleasant Valley Outflow,497.4
2026-09-05 17:43:51,Northern Owens Valley,Baker Ck. At LA Station Flow,6.3
2026-09-05 17:43:51,Northern Owens Valley,Big Pine Ck. USGS Flow,25.0
2026-09-05 17:43:51,Northern Owens Valley,O.R. Below Big Pine,480.5
2026-09-05 17:43:51,Northern Owens Valley,Fish Springs At RR Flow,32.9
2026-09-05 17:43:51,Northern Owens Valley,Tinemaha Reservoir Outflow,478.3
2026-09-05 17:43:51,Northern Owens Valley,Bishop Creek Through Plant 6,75.4
2026-09-05 17:43:51,Northern Owens Valley,Bishop Creek Around Plant 6,6.7
2026-09-05 17:43:51,Southern Owens Valley,Tinemaha Reservoir Outflow,478.3
2026-09-05 17:43:51,Southern Owens Valley,Indep. Ck. At Junction Flow,4.0
2026-09-05 17:43:51,Southern Owens Valley,LAA at Alabama Flow,424.0
2026-09-05 17:43:51,Southern Owens Valley,LAA at Alabama Level,8.0
2026-09-05 17:43:51,Southern Owens Valley,LAA at Alabama Water Temp,67.4
2026-09-05 17:43:51,Southern Owens Valley,Cottonwood Ck. At LAA Flow,2.0
2026-09-05 17:43:51,Southern Owens Valley,LAA at Cottonwood Flow,448.0
2026-09-05 17:43:51,Southern Owens Valley,LAA at Cottonwood Level,8.8
2026-09-05 17:43:51,Southern Owens Valley,LAA at Cotton. Water Temp,68.8
2026-09-05 17:43:51,Southern Owens Valley,N. Haiwee Elevation,3756.9
2026-09-05 17:43:51,Southern Owens Valley,S. Haiwee Reservoir Elevation,3728.3
2026-09-05 17:43:51,Southern Owens Valley,Haiwee LAA #1 Current Flow,0.0
2026-09-05 17:43:51,Southern Owens Valley,Haiwee LAA #2 Current Flow,146.8
2026-09-05 17:43:51,Southern Owens Valley,Reinhackel Flow,2.9
2026-09-05 17:43:51,Southern Owens Valley,Lubkin Spillgate Outflow,1.3
2026-09-05 17:43:51,Southern Owens Valley,Cartago Spillgate Outflow,0.0
2026-09-05 17:43:51,Southern Owens Valley,Lone Pine Creek Flow,7.8
2026-09-05 17:43:51,Lower Owens River Project,LORP Intake Flow,88.0
2026-09-05 17:43:51,Lower Owens River Project,LORP at Mazourka Canyon Road,0.0
2026-09-05 17:43:51,Lower Owens River Project,LORP at Reinhackle Springs,56.0
2026-09-05 17:43:51,Lower Owens River Project,LORP Above Pumpstation,48.0
2026-09-05 17:43:51,Lower Owens River Project,LORP At Pump Station Discharge Flow,38.0
2026-09-05 17:43:51,Southern District,Haiwee LAA #2 Current Flow,146.8
2026-09-05 17:43:51,Southern District,S. Haiwee Reservoir Elevation,3728.3
2026-09-05 17:43:51,Southern District,Haiwee LAA #1 Current Flow,0.0
2026-09-05 17:43:51,Southern District,Fairmont Reservoir Elevation,3021.5
2026-09-05 17:43:51,Southern District,LAA #1 Flow at Fairmont Reservoir,271.0
2026-09-05 17:43:51,Southern District,LAA #2 Flow at Fairmont Res.,170.3
2026-09-05 17:43:51,Southern District,Bouquet Reservoir Elevation,2973.9
2026-09-05 17:43:51,Southern District,Bouquet Reservoir Inflow,73.6
2026-09-05 17:43:51,Southern District,Bouquet Reservoir Outflow,0.7
2026-09-05 17:43:51,Southern District,LAA #1 at Soledad Flow,127.5
2026-09-05 17:43:51,Southern District,LAA #2 at Soledad Flow,239.6
2026-09-05 17:58:50,Northern Owens Valley,Tinemaha Elevation,3861.7
2026-09-05 17:58:50,Southern Owens Valley,Tinemaha Elevation,3861.7
2026-09-05 18:28:50,Northern Owens Valley,Tinemaha Elevation,3861.7
2026-09-05 18:28:50,Southern Owens Valley,Tinemaha Elevation,3861.7
2026-09-05 18:43:51,Mono Basin,Lee Vining Intake Above Flow,22.9
2026-09-05 18:43:51,Mono Basin,Lee Vining Intake Below Flow,22.8
2026-09-05 18:43:51,Mono Basin,Walker Ck. Above Conduit Flow,3.0
2026-09-05 18:43:51,Mono Basin,L.V. Conduit Below Intake Flow,0.5
2026-09-05 18:43:51,Mono Basin,Walker Ck. Under Conduit Flow,3.0
2026-09-05 18:43:51,Mono Basin,Parker Ck. Under Conduit Flow,9.0
2026-09-05 18:43:51,Mono Basin,Parker Ck. Above Conduit Flow,9.0
2026-09-05 18:43:51,Mono Basin,Grant Lk. Spill Flow,0.0
2026-09-05 18:43:51,Mono Basin,Mono Gate 1 Return Ditch Flow,40.0
2026-09-05 18:43:51,Mono Basin,Grant Lk. Outflow,39.0
2026-09-05 18:43:51,Mono Basin,Rush Ck. at Damsite Flow,19.2
2026-09-05 18:43:51,Mono Basin,Flow to West Portal,0.0
2026-09-05 18:43:51,Long Valley,East Portal Flow,12.0
2026-09-05 18:43:51,Long Valley,OR Below EP Flow,56.0
2026-09-05 18:43:51,Long Valley,Hot Ck.at Hwy. Flow,5.0
2026-09-05 18:43:51,Long Valley,McGee Ck. Lower Sta. Flow,8.3
2026-09-05 18:43:51,Long Valley,Long Valley Current Outflow,584.2
2026-09-05 18:43:51,Long Valley,Rock Ck. Div. Flow,0.0
2026-09-05 18:43:51,Long Valley,Upper Gorge Total Release,35.3
2026-09-05 18:43:51,Long Valley,Release at Middle Gorge,0.0
2026-09-05 18:43:51,Northern Owens Valley,Rock Ck. At Owens River (PV) Flow,26.3
2026-09-05 18:43:51,Northern Owens Valley,Pleasant Valley Outflow,496.5
2026-09-05 18:43:51,Northern Owens Valley,Baker Ck. At LA Station Flow,6.0
2026-09-05 18:43:51,Northern Owens Valley,Big Pine Ck. USGS Flow,25.0
2026-09-05 18:43:51,Northern Owens Valley,O.R. Below Big Pine,482.7
2026-09-05 18:43:51,Northern Owens Valley,Fish Springs At RR Flow,31.2
2026-09-05 18:43:51,Northern Owens Valley,Tinemaha Reservoir Outflow,477.5
2026-09-05 18:43:51,Northern Owens Valley,Bishop Creek Through Plant 6,70.8
2026-09-05 18:43:51,Northern Owens Valley,Bishop Creek Around Plant 6,7.2
2026-09-05 18:43:51,Southern Owens Valley,Tinemaha Reservoir Outflow,477.5
2026-09-05 18:43:51,Southern Owens Valley,Indep. Ck. At Junction Flow,4.0
2026-09-05 18:43:51,Southern Owens Valley,LAA at Alabama Flow,422.0
2026-09-05 18:43:51,Southern Owens Valley,Cottonwood Ck. At LAA Flow,2.0
2026-09-05 18:43:51,Southern Owens Valley,LAA at Cottonwood Flow,447.0
2026-09-05 18:43:51,Southern Owens Valley,Haiwee LAA #1 Current Flow,0.0
2026-09-05 18:43:51,Southern Owens Valley,Haiwee LAA #2 Current Flow,148.9
2026-09-05 18:43:51,Southern Owens Valley,Reinhackel Flow,2.9
2026-09-05 18:43:51,Southern Owens Valley,Lubkin Spillgate Outflow,2.8
2026-09-05 18:43:51,Southern Owens Valley,Cartago Spillgate Outflow,0.0
2026-09-05 18:43:51,Southern Owens Valley,Lone Pine Creek Flow,7.9
2026-09-05 18:43:51,Lower Owens River Project,LORP Intake Flow,88.0
2026-09-05 18:43:51,Lower Owens River Project,LORP at Mazourka Canyon Road,0.0
2026-09-05 18:43:51,Lower Owens River Project,LORP at Reinhackle Springs,56.0
2026-09-05 18:43:51,Lower Owens River Project,LORP Above Pumpstation,48.0
2026-09-05 18:43:51,Lower Owens River Project,LORP At Pump Station Discharge Flow,37.0
2026-09-05 18:43:51,Southern District,Haiwee LAA #2 Current Flow,148.9
2026-09-05 18:43:51,Southern District,Haiwee LAA #1 Current Flow,0.0
2026-09-05 18:43:51,Southern District,LAA #1 Flow at Fairmont Reservoir,291.3
2026-09-05 18:43:51,Southern District,LAA #2 Flow at Fairmont Res.,170.3
2026-09-05 18:43:51,Southern District,Bouquet Reservoir Inflow,73.8
2026-09-05 18:43:51,Southern District,Bouquet Reservoir Outflow,0.7
2026-09-05 18:43:51,Southern District,LAA #1 at Soledad Flow,127.5
2026-09-05 18:43:51,Southern District,LAA #2 at Soledad Flow,239.6
2026-09-05 18:43:52,Mono Basin,Mono Lk. Elevation,6382.2
2026-09-05 18:43:52,Mono Basin,Grant Lk. Elevation,7128.8
2026-09-05 18:43:52,Long Valley,Long Valley Elevation,6769.5
2026-09-05 18:43:52,Northern Owens Valley,Pleasant Valley Elevation,4384.4
2026-09-05 18:43:52,Southern Owens Valley,LAA at Alabama Level,8.0
2026-09-05 18:43:52,Southern Owens Valley,LAA at Alabama Water Temp,67.4
2026-09-05 18:43:52,Southern Owens Valley,LAA at Cottonwood Level,8.8
2026-09-05 18:43:52,Southern Owens Valley,LAA at Cotton. Water Temp,68.6
2026-09-05 18:43:52,Southern Owens Valley,N. Haiwee Elevation,3756.9
2026-09-05 18:43:52,Southern Owens Valley,S. Haiwee Reservoir Elevation,3728.3
2026-09-05 18:43:52,Southern District,S. Haiwee Reservoir Elevation,3728.3
2026-09-05 18:43:52,Southern District,Fairmont Reservoir Elevation,3021.4
2026-09-05 18:43:52,Southern District,Bouquet Reservoir Elevation,2973.9
2026-09-05 18:58:50,Northern Owens Valley,Tinemaha Elevation,3861.7
2026-09-05 18:58:50,Southern Owens Valley,Tinemaha Elevation,3861.7
2026-09-05 19:28:50,Northern Owens Valley,Tinemaha Elevation,3861.7
2026-09-05 19:28:50,Southern Owens Valley,Tinemaha Elevation,3861.7
2026-09-05 19:43:51,Mono Basin,Lee Vining Intake Above Flow,22.4
2026-09-05 19:43:51,Mono Basin,Lee Vining Intake Below Flow,22.8
2026-09-05 19:43:51,Mono Basin,Walker Ck. Above Conduit Flow,3.0
2026-09-05 19:43:51,Mono Basin,L.V. Conduit Below Intake Flow,0.5
2026-09-05 19:43:51,Mono Basin,Walker Ck. Under Conduit Flow,3.0
2026-09-05 19:43:51,Mono Basin,Parker Ck. Under Conduit Flow,9.0
2026-09-05 19:43:51,Mono Basin,Parker Ck. Above Conduit Flow,9.0
2026-09-05 19:43:51,Mono Basin,Grant Lk. Spill Flow,0.0
2026-09-05 19:43:51,Mono Basin,Mono Gate 1 Return Ditch Flow,40.0
2026-09-05 19:43:51,Mono Basin,Grant Lk. Outflow,39.1
2026-09-05 19:43:51,Mono Basin,Rush Ck. at Damsite Flow,19.2
2026-09-05 19:43:51,Mono Basin,Flow to West Portal,0.0
2026-09-05 19:43:51,Long Valley,East Portal Flow,12.0
2026-09-05 19:43:51,Long Valley,OR Below EP Flow,56.0
2026-09-05 19:43:51,Long Valley,Hot Ck.at Hwy. Flow,5.0
2026-09-05 19:43:51,Long Valley,McGee Ck. Lower Sta. Flow,8.3
2026-09-05 19:43:51,Long Valley,Long Valley Current Outflow,590.9
2026-09-05 19:43:51,Long Valley,Rock Ck. Div. Flow,0.0
2026-09-05 19:43:51,Long Valley,Upper Gorge Total Release,36.3
2026-09-05 19:43:51,Long Valley,Release at Middle Gorge,0.0
2026-09-05 19:43:51,Northern Owens Valley,Rock Ck. At Owens River (PV) Flow,26.2
2026-09-05 19:43:51,Northern Owens Valley,Pleasant Valley Outflow,496.9
2026-09-05 19:43:51,Northern Owens Valley,Baker Ck. At LA Station Flow,6.0
2026-09-05 19:43:51,Northern Owens Valley,Big Pine Ck. USGS Flow,25.0
2026-09-05 19:43:51,Northern Owens Valley,O.R. Below Big Pine,482.7
2026-09-05 19:43:51,Northern Owens Valley,Fish Springs At RR Flow,31.2
2026-09-05 19:43:51,Northern Owens Valley,Tinemaha Reservoir Outflow,477.5
2026-09-05 19:43:51,Northern Owens Valley,Bishop Creek Through Plant 6,70.1
2026-09-05 19:43:51,Northern Owens Valley,Bishop Creek Around Plant 6,7.3
2026-09-05 19:43:51,Southern Owens Valley,Tinemaha Reservoir Outflow,477.5
2026-09-05 19:43:51,Southern Owens Valley,Indep. Ck. At Junction Flow,3.7
2026-09-05 19:43:51,Southern Owens Valley,LAA at Alabama Flow,421.0
2026-09-05 19:43:51,Southern Owens Valley,Cottonwood Ck. At LAA Flow,2.0
2026-09-05 19:43:51,Southern Owens Valley,LAA at Cottonwood Flow,447.0
2026-09-05 19:43:51,Southern Owens Valley,Haiwee LAA #1 Current Flow,0.0
2026-09-05 19:43:51,Southern Owens Valley,Haiwee LAA #2 Current Flow,148.9
2026-09-05 19:43:51,Southern Owens Valley,Reinhackel Flow,2.9
2026-09-05 19:43:51,Southern Owens Valley,Lubkin Spillgate Outflow,2.8
2026-09-05 19:43:51,Southern Owens Valley,Cartago Spillgate Outflow,0.0
2026-09-05 19:43:51,Southern Owens Valley,Lone Pine Creek Flow,7.7
2026-09-05 19:43:51,Lower Owens River Project,LORP Intake Flow,88.0
2026-09-05 19:43:51,Lower Owens River Project,LORP at Mazourka Canyon Road,0.0
2026-09-05 19:43:51,Lower Owens River Project,LORP at Reinhackle Springs,55.0
2026-09-05 19:43:51,Lower Owens River Project,LORP Above Pumpstation,47.0
2026-09-05 19:43:51,Lower Owens River Project,LORP At Pump Station Discharge Flow,37.0
2026-09-05 19:43:51,Southern District,Haiwee LAA #2 Current Flow,148.9
2026-09-05 19:43:51,Southern District,Haiwee LAA #1 Current Flow,0.0
2026-09-05 19:43:51,Southern District,LAA #1 Flow at Fairmont Reservoir,298.9
2026-09-05 19:43:51,Southern District,LAA #2 Flow at Fairmont Res.,170.3
2026-09-05 19:43:51,Southern District,Bouquet Reservoir Inflow,68.9
2026-09-05 19:43:51,Southern District,Bouquet Reservoir Outflow,0.7
2026-09-05 19:43:51,Southern District,LAA #1 at Soledad Flow,126.7
2026-09-05 19:43:51,Southern District,LAA #2 at Soledad Flow,240.9
2026-09-05 19:43:52,Mono Basin,Mono Lk. Elevation,6382.2
2026-09-05 19:43:52,Mono Basin,Grant Lk. Elevation,7128.9
2026-09-05 19:43:52,Long Valley,Long Valley Elevation,6769.5
2026-09-05 19:43:52,Northern Owens Valley,Pleasant Valley Elevation,4384.5
2026-09-05 19:43:52,Southern Owens Valley,LAA at Alabama Level,8.0
2026-09-05 19:43:52,Southern Owens Valley,LAA at Alabama Water Temp,67.1
2026-09-05 19:43:52,Southern Owens Valley,LAA at Cottonwood Level,8.8
2026-09-05 19:43:52,Southern Owens Valley,LAA at Cotton. Water Temp,68.1
2026-09-05 19:43:52,Southern Owens Valley,N. Haiwee Elevation,3757.0
2026-09-05 19:43:52,Southern Owens Valley,S. Haiwee Reservoir Elevation,3728.3
2026-09-05 19:43:52,Southern District,S. Haiwee Reservoir Elevation,3728.3
2026-09-05 19:43:52,Southern District,Fairmont Reservoir Elevation,3021.3
2026-09-05 19:43:52,Southern District,Bouquet Reservoir Elevation,2973.9
2026-09-05 19:58:50,Northern Owens Valley,Tinemaha Elevation,3861.7
2026-09-05 19:58:50,Southern Owens Valley,Tinemaha Elevation,3861.7
2026-09-05 20:28:50,Northern Owens Valley,Tinemaha Elevation,3861.7
2026-09-05 20:28:50,Southern Owens Valley,Tinemaha Elevation,3861.7
2026-09-05 20:43:51,Mono Basin,Lee Vining Intake Above Flow,22.0
2026-09-05 20:43:51,Mono Basin,Lee Vining Intake Below Flow,22.7
2026-09-05 20:43:51,Mono Basin,Walker Ck. Above Conduit Flow,3.0
2026-09-05 20:43:51,Mono Basin,L.V. Conduit Below Intake Flow,0.5
2026-09-05 20:43:51,Mono Basin,Walker Ck. Under Conduit Flow,3.0
2026-09-05 20:43:51,Mono Basin,Parker Ck. Under Conduit Flow,9.0
2026-09-05 20:43:51,Mono Basin,Parker Ck. Above Conduit Flow,9.0
2026-09-05 20:43:51,Mono Basin,Grant Lk. Spill Flow,0.0
2026-09-05 20:43:51,Mono Basin,Mono Gate 1 Return Ditch Flow,40.1
2026-09-05 20:43:51,Mono Basin,Grant Lk. Outflow,39.2
2026-09-05 20:43:51,Mono Basin,Rush Ck. at Damsite Flow,19.2
2026-09-05 20:43:51,Mono Basin,Flow to West Portal,0.0
2026-09-05 20:43:51,Long Valley,East Portal Flow,12.0
2026-09-05 20:43:51,Long Valley,OR Below EP Flow,56.0
2026-09-05 20:43:51,Long Valley,Hot Ck.at Hwy. Flow,5.0
2026-09-05 20:43:51,Long Valley,McGee Ck. Lower Sta. Flow,8.3
2026-09-05 20:43:51,Long Valley,Long Valley Current Outflow,588.0
2026-09-05 20:43:51,Long Valley,Rock Ck. Div. Flow,0.0
2026-09-05 20:43:51,Long Valley,Upper Gorge Total Release,38.1
2026-09-05 20:43:51,Long Valley,Release at Middle Gorge,0.0
2026-09-05 20:43:51,Northern Owens Valley,Rock Ck. At Owens River (PV) Flow,26.2
2026-09-05 20:43:51,Northern Owens Valley,Pleasant Valley Outflow,497.9
2026-09-05 20:43:51,Northern Owens Valley,Baker Ck. At LA Station Flow,6.0
2026-09-05 20:43:51,Northern Owens Valley,Big Pine Ck. USGS Flow,25.0
2026-09-05 20:43:51,Northern Owens Valley,O.R. Below Big Pine,482.1
2026-09-05 20:43:51,Northern Owens Valley,Fish Springs At RR Flow,31.2
2026-09-05 20:43:51,Northern Owens Valley,Tinemaha Reservoir Outflow,478.3
2026-09-05 20:43:51,Northern Owens Valley,Bishop Creek Through Plant 6,70.1
2026-09-05 20:43:51,Northern Owens Valley,Bishop Creek Around Plant 6,7.3
2026-09-05 20:43:51,Southern Owens Valley,Tinemaha Reservoir Outflow,478.3
2026-09-05 20:43:51,Southern Owens Valley,Indep. Ck. At Junction Flow,3.8
2026-09-05 20:43:51,Southern Owens Valley,LAA at Alabama Flow,421.0
2026-09-05 20:43:51,Southern Owens Valley,Cottonwood Ck. At LAA Flow,2.0
2026-09-05 20:43:51,Southern Owens Valley,LAA at Cottonwood Flow,448.0
2026-09-05 20:43:51,Southern Owens Valley,Haiwee LAA #1 Current Flow,0.0
2026-09-05 20:43:51,Southern Owens Valley,Haiwee LAA #2 Current Flow,148.9
2026-09-05 20:43:51,Southern Owens Valley,Reinhackel Flow,2.9
2026-09-05 20:43:51,Southern Owens Valley,Lubkin Spillgate Outflow,2.7
2026-09-05 20:43:51,Southern Owens Valley,Cartago Spillgate Outflow,0.0
2026-09-05 20:43:51,Southern Owens Valley,Lone Pine Creek Flow,7.7
2026-09-05 20:43:51,Lower Owens River Project,LORP Intake Flow,88.0
2026-09-05 20:43:51,Lower Owens River Project,LORP at Mazourka Canyon Road,0.0
2026-09-05 20:43:51,Lower Owens River Project,LORP at Reinhackle Springs,58.0
2026-09-05 20:43:51,Lower Owens River Project,LORP Above Pumpstation,47.0
2026-09-05 20:43:51,Lower Owens River Project,LORP At Pump Station Discharge Flow,37.0
2026-09-05 20:43:51,Southern District,Haiwee LAA #2 Current Flow,148.9
2026-09-05 20:43:51,Southern District,Haiwee LAA #1 Current Flow,0.0
2026-09-05 20:43:51,Southern District,LAA #1 Flow at Fairmont Reservoir,282.6
2026-09-05 20:43:51,Southern District,LAA #2 Flow at Fairmont Res.,170.2
2026-09-05 20:43:51,Southern District,Bouquet Reservoir Inflow,74.0
2026-09-05 20:43:51,Southern District,Bouquet Reservoir Outflow,0.7
2026-09-05 20:43:51,Southern District,LAA #1 at Soledad Flow,126.7
2026-09-05 20:43:51,Southern District,LAA #2 at Soledad Flow,240.9
2026-09-05 20:43:52,Mono Basin,Mono Lk. Elevation,6382.2
2026-09-05 20:43:52,Mono Basin,Grant Lk. Elevation,7128.8
2026-09-05 20:43:52,Long Valley,Long Valley Elevation,6769.5
2026-09-05 20:43:52,Northern Owens Valley,Pleasant Valley Elevation,4384.6
2026-09-05 20:43:52,Southern Owens Valley,LAA at Alabama Level,8.0
2026-09-05 20:43:52,Southern Owens Valley,LAA at Alabama Water Temp,66.8
2026-09-05 20:43:52,Southern Owens Valley,LAA at Cottonwood Level,8.8
2026-09-05 20:43:52,Southern Owens Valley,LAA at Cotton. Water Temp,67.7
2026-09-05 20:43:52,Southern Owens Valley,N. Haiwee Elevation,3757.0
2026-09-05 20:43:52,Southern Owens Valley,S. Haiwee Reservoir Elevation,3728.2
2026-09-05 20:43:52,Southern District,S. Haiwee Reservoir Elevation,3728.2
2026-09-05 20:43:52,Southern District,Fairmont Reservoir Elevation,3021.2
2026-09-05 20:43:52,Southern District,Bouquet Reservoir Elevation,2973.9
2026-09-05 20:58:50,Northern Owens Valley,Tinemaha Elevation,3861.7
2026-09-05 20:58:50,Southern Owens Valley,Tinemaha Elevation,3861.7
2026-09-05 21:28:51,Northern Owens Valley,Tinemaha Elevation,3861.7
2026-09-05 21:28:51,Southern Owens Valley,Tinemaha Elevation,3861.7
2026-09-05 21:43:51,Mono Basin,Lee Vining Intake Above Flow,22.4
2026-09-05 21:43:51,Mono Basin,Lee Vining Intake Below Flow,22.6
2026-09-05 21:43:51,Mono Basin,Walker Ck. Above Conduit Flow,3.0
2026-09-05 21:43:51,Mono Basin,L.V. Conduit Below Intake Flow,0.5
2026-09-05 21:43:51,Mono Basin,Walker Ck. Under Conduit Flow,3.0
2026-09-05 21:43:51,Mono Basin,Parker Ck. Under Conduit Flow,9.0
2026-09-05 21:43:51,Mono Basin,Parker Ck. Above Conduit Flow,9.0
2026-09-05 21:43:51,Mono Basin,Grant Lk. Spill Flow,0.0
2026-09-05 21:43:51,Mono Basin,Mono Gate 1 Return Ditch Flow,40.1
2026-09-05 21:43:51,Mono Basin,Grant Lk. Outflow,39.1
2026-09-05 21:43:51,Mono Basin,Rush Ck. at Damsite Flow,19.2
2026-09-05 21:43:51,Mono Basin,Flow to West Portal,0.0
2026-09-05 21:43:51,Long Valley,East Portal Flow,12.0
2026-09-05 21:43:51,Long Valley,OR Below EP Flow,56.0
2026-09-05 21:43:51,Long Valley,Hot Ck.at Hwy. Flow,5.0
2026-09-05 21:43:51,Long Valley,McGee Ck. Lower Sta. Flow,8.3
2026-09-05 21:43:51,Long Valley,Long Valley Current Outflow,588.1
2026-09-05 21:43:51,Long Valley,Rock Ck. Div. Flow,0.0
2026-09-05 21:43:51,Long Valley,Upper Gorge Total Release,37.9
2026-09-05 21:43:51,Long Valley,Release at Middle Gorge,0.0
2026-09-05 21:43:51,Northern Owens Valley,Rock Ck. At Owens River (PV) Flow,26.2
2026-09-05 21:43:51,Northern Owens Valley,Pleasant Valley Outflow,498.3
2026-09-05 21:43:51,Northern Owens Valley,Baker Ck. At LA Station Flow,6.1
2026-09-05 21:43:51,Northern Owens Valley,Big Pine Ck. USGS Flow,25.0
2026-09-05 21:43:51,Northern Owens Valley,O.R. Below Big Pine,482.9
2026-09-05 21:43:51,Northern Owens Valley,Fish Springs At RR Flow,31.2
2026-09-05 21:43:51,Northern Owens Valley,Tinemaha Reservoir Outflow,478.3
2026-09-05 21:43:51,Northern Owens Valley,Bishop Creek Through Plant 6,70.1
2026-09-05 21:43:51,Northern Owens Valley,Bishop Creek Around Plant 6,7.3
2026-09-05 21:43:51,Southern Owens Valley,Tinemaha Reservoir Outflow,478.3
2026-09-05 21:43:51,Southern Owens Valley,Indep. Ck. At Junction Flow,3.8
2026-09-05 21:43:51,Southern Owens Valley,LAA at Alabama Flow,421.0
2026-09-05 21:43:51,Southern Owens Valley,Cottonwood Ck. At LAA Flow,2.0
2026-09-05 21:43:51,Southern Owens Valley,LAA at Cottonwood Flow,449.0
2026-09-05 21:43:51,Southern Owens Valley,Haiwee LAA #1 Current Flow,0.0
2026-09-05 21:43:51,Southern Owens Valley,Haiwee LAA #2 Current Flow,148.9
2026-09-05 21:43:51,Southern Owens Valley,Reinhackel Flow,2.9
2026-09-05 21:43:51,Southern Owens Valley,Lubkin Spillgate Outflow,7.5
2026-09-05 21:43:51,Southern Owens Valley,Cartago Spillgate Outflow,0.0
2026-09-05 21:43:51,Southern Owens Valley,Lone Pine Creek Flow,7.7
2026-09-05 21:43:51,Lower Owens River Project,LORP Intake Flow,88.0
2026-09-05 21:43:51,Lower Owens River Project,LORP at Mazourka Canyon Road,0.0
2026-09-05 21:43:51,Lower Owens River Project,LORP at Reinhackle Springs,58.0
2026-09-05 21:43:51,Lower Owens River Project,LORP Above Pumpstation,49.0
2026-09-05 21:43:51,Lower Owens River Project,LORP At Pump Station Discharge Flow,38.0
2026-09-05 21:43:51,Southern District,Haiwee LAA #2 Current Flow,148.9
2026-09-05 21:43:51,Southern District,Haiwee LAA #1 Current Flow,0.0
2026-09-05 21:43:51,Southern District,LAA #1 Flow at Fairmont Reservoir,269.2
2026-09-05 21:43:51,Southern District,LAA #2 Flow at Fairmont Res.,170.1
2026-09-05 21:43:51,Southern District,Bouquet Reservoir Inflow,78.0
2026-09-05 21:43:51,Southern District,Bouquet Reservoir Outflow,0.7
2026-09-05 21:43:51,Southern District,LAA #1 at Soledad Flow,126.7
2026-09-05 21:43:51,Southern District,LAA #2 at Soledad Flow,240.9
2026-09-05 21:43:52,Mono Basin,Mono Lk. Elevation,6382.2
2026-09-05 21:43:52,Mono Basin,Grant Lk. Elevation,7128.8
2026-09-05 21:43:52,Long Valley,Long Valley Elevation,6769.4
2026-09-05 21:43:52,Northern Owens Valley,Pleasant Valley Elevation,4384.7
2026-09-05 21:43:52,Southern Owens Valley,LAA at Alabama Level,8.0
2026-09-05 21:43:52,Southern Owens Valley,LAA at Alabama Water Temp,66.6
2026-09-05 21:43:52,Southern Owens Valley,LAA at Cottonwood Level,8.8
2026-09-05 21:43:52,Southern Owens Valley,LAA at Cotton. Water Temp,67.4
2026-09-05 21:43:52,Southern Owens Valley,N. Haiwee Elevation,3757.0
2026-09-05 21:43:52,Southern Owens Valley,S. Haiwee Reservoir Elevation,3728.2
2026-09-05 21:43:52,Southern District,S. Haiwee Reservoir Elevation,3728.2
2026-09-05 21:43:52,Southern District,Fairmont Reservoir Elevation,3021.2
2026-09-05 21:43:52,Southern District,Bouquet Reservoir Elevation,2973.9
2026-09-05 21:58:50,Northern Owens Valley,Tinemaha Elevation,3861.7
2026-09-05 21:58:50,Southern Owens Valley,Tinemaha Elevation,3861.7
2026-09-05 22:28:50,Northern Owens Valley,Tinemaha Elevation,3861.7
2026-09-05 22:28:50,Southern Owens Valley,Tinemaha Elevation,3861.7
2026-09-05 22:43:50,Mono Basin,Lee Vining Intake Above Flow,22.4
2026-09-05 22:43:50,Mono Basin,Lee Vining Intake Below Flow,22.6
2026-09-05 22:43:50,Mono Basin,Walker Ck. Above Conduit Flow,3.0
2026-09-05 22:43:50,Mono Basin,L.V. Conduit Below Intake Flow,0.5
2026-09-05 22:43:50,Mono Basin,Walker Ck. Under Conduit Flow,3.0
2026-09-05 22:43:50,Mono Basin,Parker Ck. Under Conduit Flow,9.0
2026-09-05 22:43:50,Mono Basin,Parker Ck. Above Conduit Flow,9.0
2026-09-05 22:43:50,Mono Basin,Grant Lk. Spill Flow,0.0
2026-09-05 22:43:50,Mono Basin,Mono Gate 1 Return Ditch Flow,40.0
2026-09-05 22:43:50,Mono Basin,Grant Lk. Outflow,39.1
2026-09-05 22:43:50,Mono Basin,Rush Ck. at Damsite Flow,19.2
2026-09-05 22:43:50,Mono Basin,Flow to West Portal,0.0
2026-09-05 22:43:50,Long Valley,East Portal Flow,12.0
2026-09-05 22:43:50,Long Valley,OR Below EP Flow,56.0
2026-09-05 22:43:50,Long Valley,Hot Ck.at Hwy. Flow,5.0
2026-09-05 22:43:50,Long Valley,McGee Ck. Lower Sta. Flow,8.3
2026-09-05 22:43:50,Long Valley,Long Valley Current Outflow,582.9
2026-09-05 22:43:50,Long Valley,Rock Ck. Div. Flow,0.0
2026-09-05 22:43:50,Long Valley,Upper Gorge Total Release,40.4
2026-09-05 22:43:50,Long Valley,Release at Middle Gorge,0.0
2026-09-05 22:43:50,Northern Owens Valley,Rock Ck. At Owens River (PV) Flow,26.2
2026-09-05 22:43:50,Northern Owens Valley,Pleasant Valley Outflow,499.0
2026-09-05 22:43:50,Northern Owens Valley,Baker Ck. At LA Station Flow,6.1
2026-09-05 22:43:50,Northern Owens Valley,Big Pine Ck. USGS Flow,25.0
2026-09-05 22:43:50,Northern Owens Valley,O.R. Below Big Pine,482.3
2026-09-05 22:43:50,Northern Owens Valley,Fish Springs At RR Flow,31.2
2026-09-05 22:43:50,Northern Owens Valley,Tinemaha Reservoir Outflow,479.1
2026-09-05 22:43:50,Northern Owens Valley,Bishop Creek Through Plant 6,70.4
2026-09-05 22:43:50,Northern Owens Valley,Bishop Creek Around Plant 6,7.3
2026-09-05 22:43:50,Southern Owens Valley,Tinemaha Reservoir Outflow,479.1
2026-09-05 22:43:50,Southern Owens Valley,Indep. Ck. At Junction Flow,3.8
2026-09-05 22:43:50,Southern Owens Valley,LAA at Alabama Flow,420.0
2026-09-05 22:43:50,Southern Owens Valley,Cottonwood Ck. At LAA Flow,2.0
2026-09-05 22:43:50,Southern Owens Valley,LAA at Cottonwood Flow,451.0
2026-09-05 22:43:50,Southern Owens Valley,Haiwee LAA #1 Current Flow,0.0
2026-09-05 22:43:50,Southern Owens Valley,Haiwee LAA #2 Current Flow,148.9
2026-09-05 22:43:50,Southern Owens Valley,Reinhackel Flow,2.9
2026-09-05 22:43:50,Southern Owens Valley,Lubkin Spillgate Outflow,0.4
2026-09-05 22:43:50,Southern Owens Valley,Cartago Spillgate Outflow,0.0
2026-09-05 22:43:50,Southern Owens Valley,Lone Pine Creek Flow,7.8
2026-09-05 22:43:50,Lower Owens River Project,LORP Intake Flow,88.0
2026-09-05 22:43:50,Lower Owens River Project,LORP at Mazourka Canyon Road,0.0
2026-09-05 22:43:50,Lower Owens River Project,LORP at Reinhackle Springs,57.0
2026-09-05 22:43:50,Lower Owens River Project,LORP Above Pumpstation,48.0
2026-09-05 22:43:50,Lower Owens River Project,LORP At Pump Station Discharge Flow,38.0
2026-09-05 22:43:50,Southern District,Haiwee LAA #2 Current Flow,148.9
2026-09-05 22:43:50,Southern District,Haiwee LAA #1 Current Flow,0.0
2026-09-05 22:43:50,Southern District,LAA #1 Flow at Fairmont Reservoir,278.1
2026-09-05 22:43:50,Southern District,LAA #2 Flow at Fairmont Res.,170.2
2026-09-05 22:43:50,Southern District,Bouquet Reservoir Inflow,73.8
2026-09-05 22:43:50,Southern District,Bouquet Reservoir Outflow,0.7
2026-09-05 22:43:50,Southern District,LAA #1 at Soledad Flow,126.7
2026-09-05 22:43:50,Southern District,LAA #2 at Soledad Flow,240.9
2026-09-05 22:43:51,Mono Basin,Mono Lk. Elevation,6382.2
2026-09-05 22:43:51,Mono Basin,Grant Lk. Elevation,7128.8
2026-09-05 22:43:51,Long Valley,Long Valley Elevation,6769.4
2026-09-05 22:43:51,Northern Owens Valley,Pleasant Valley Elevation,4384.8
2026-09-05 22:43:51,Southern Owens Valley,LAA at Alabama Level,8.0
2026-09-05 22:43:51,Southern Owens Valley,LAA at Alabama Water Temp,66.3
2026-09-05 22:43:51,Southern Owens Valley,LAA at Cottonwood Level,8.8
2026-09-05 22:43:51,Southern Owens Valley,LAA at Cotton. Water Temp,67.0
2026-09-05 22:43:51,Southern Owens Valley,N. Haiwee Elevation,3757.0
2026-09-05 22:43:51,Southern Owens Valley,S. Haiwee Reservoir Elevation,3728.2
2026-09-05 22:43:51,Southern District,S. Haiwee Reservoir Elevation,3728.2
2026-09-05 22:43:51,Southern District,Fairmont Reservoir Elevation,3021.1
2026-09-05 22:43:51,Southern District,Bouquet Reservoir Elevation,2973.9
2026-09-05 22:58:50,Northern Owens Valley,Tinemaha Elevation,3861.7
2026-09-05 22:58:50,Southern Owens Valley,Tinemaha Elevation,3861.7
2026-09-05 23:28:50,Northern Owens Valley,Tinemaha Elevation,3861.7
2026-09-05 23:28:50,Southern Owens Valley,Tinemaha Elevation,3861.7
2026-09-05 23:43:51,Mono Basin,Lee Vining Intake Above Flow,22.6
2026-09-05 23:43:51,Mono Basin,Lee Vining Intake Below Flow,22.7
2026-09-05 23:43:51,Mono Basin,Mono Lk. Elevation,6382.2
2026-09-05 23:43:51,Mono Basin,Walker Ck. Above Conduit Flow,3.0
2026-09-05 23:43:51,Mono Basin,L.V. Conduit Below Intake Flow,0.5
2026-09-05 23:43:51,Mono Basin,Walker Ck. Under Conduit Flow,3.0
2026-09-05 23:43:51,Mono Basin,Parker Ck. Under Conduit Flow,9.0
2026-09-05 23:43:51,Mono Basin,Parker Ck. Above Conduit Flow,9.0
2026-09-05 23:43:51,Mono Basin,Grant Lk. Spill Flow,0.0
2026-09-05 23:43:51,Mono Basin,Mono Gate 1 Return Ditch Flow,40.2
2026-09-05 23:43:51,Mono Basin,Grant Lk. Elevation,7128.8
2026-09-05 23:43:51,Mono Basin,Grant Lk. Outflow,39.1
2026-09-05 23:43:51,Mono Basin,Rush Ck. at Damsite Flow,19.2
2026-09-05 23:43:51,Mono Basin,Flow to West Portal,0.0
2026-09-05 23:43:51,Long Valley,East Portal Flow,12.0
2026-09-05 23:43:51,Long Valley,OR Below EP Flow,57.0
2026-09-05 23:43:51,Long Valley,Hot Ck.at Hwy. Flow,5.0
2026-09-05 23:43:51,Long Valley,McGee Ck. Lower Sta. Flow,8.3
2026-09-05 23:43:51,Long Valley,Long Valley Elevation,6769.4
2026-09-05 23:43:51,Long Valley,Long Valley Current Outflow,525.7
2026-09-05 23:43:51,Long Valley,Rock Ck. Div. Flow,0.0
2026-09-05 23:43:51,Long Valley,Upper Gorge Total Release,37.8
2026-09-05 23:43:51,Long Valley,Release at Middle Gorge,0.0
2026-09-05 23:43:51,Northern Owens Valley,Rock Ck. At Owens River (PV) Flow,26.2
2026-09-05 23:43:51,Northern Owens Valley,Pleasant Valley Elevation,4384.9
2026-09-05 23:43:51,Northern Owens Valley,Pleasant Valley Outflow,498.9
2026-09-05 23:43:51,Northern Owens Valley,Baker Ck. At LA Station Flow,6.1
2026-09-05 23:43:51,Northern Owens Valley,Big Pine Ck. USGS Flow,25.0
2026-09-05 23:43:51,Northern Owens Valley,O.R. Below Big Pine,483.5
2026-09-05 23:43:51,Northern Owens Valley,Fish Springs At RR Flow,31.2
2026-09-05 23:43:51,Northern Owens Valley,Tinemaha Reservoir Outflow,476.6
2026-09-05 23:43:51,Northern Owens Valley,Bishop Creek Through Plant 6,70.4
2026-09-05 23:43:51,Northern Owens Valley,Bishop Creek Around Plant 6,7.3
2026-09-05 23:43:51,Southern Owens Valley,Tinemaha Reservoir Outflow,476.6
2026-09-05 23:43:51,Southern Owens Valley,Indep. Ck. At Junction Flow,3.8
2026-09-05 23:43:51,Southern Owens Valley,LAA at Alabama Flow,420.0
2026-09-05 23:43:51,Southern Owens Valley,LAA at Alabama Level,8.0
2026-09-05 23:43:51,Southern Owens Valley,LAA at Alabama Water Temp,65.7
2026-09-05 23:43:51,Southern Owens Valley,Cottonwood Ck. At LAA Flow,2.0
2026-09-05 23:43:51,Southern Owens Valley,LAA at Cottonwood Flow,453.0
2026-09-05 23:43:51,Southern Owens Valley,LAA at Cottonwood Level,8.9
2026-09-05 23:43:51,Southern Owens Valley,LAA at Cotton. Water Temp,66.7
2026-09-05 23:43:51,Southern Owens Valley,N. Haiwee Elevation,3757.0
2026-09-05 23:43:51,Southern Owens Valley,S. Haiwee Reservoir Elevation,3728.2
2026-09-05 23:43:51,Southern Owens Valley,Haiwee LAA #1 Current Flow,0.0
2026-09-05 23:43:51,Southern Owens Valley,Haiwee LAA #2 Current Flow,148.9
2026-09-05 23:43:51,Southern Owens Valley,Reinhackel Flow,2.9
2026-09-05 23:43:51,Southern Owens Valley,Lubkin Spillgate Outflow,0.4
2026-09-05 23:43:51,Southern Owens Valley,Cartago Spillgate Outflow,0.0
2026-09-05 23:43:51,Southern Owens Valley,Lone Pine Creek Flow,7.8
2026-09-05 23:43:51,Lower Owens River Project,LORP Intake Flow,88.0
2026-09-05 23:43:51,Lower Owens River Project,LORP at Mazourka Canyon Road,0.0
2026-09-05 23:43:51,Lower Owens River Project,LORP at Reinhackle Springs,57.0
2026-09-05 23:43:51,Lower Owens River Project,LORP Above Pumpstation,48.0
2026-09-05 23:43:51,Lower Owens River Project,LORP At Pump Station Discharge Flow,37.0
2026-09-05 23:43:51,Southern District,Haiwee LAA #2 Current Flow,148.9
2026-09-05 23:43:51,Southern District,S. Haiwee Reservoir Elevation,3728.2
2026-09-05 23:43:51,Southern District,Haiwee LAA #1 Current Flow,0.0
2026-09-05 23:43:51,Southern District,Fairmont Reservoir Elevation,3021.1
2026-09-05 23:43:51,Southern District,LAA #1 Flow at Fairmont Reservoir,276.1
2026-09-05 23:43:51,Southern District,LAA #2 Flow at Fairmont Res.,170.2
2026-09-05 23:43:51,Southern District,Bouquet Reservoir Elevation,2973.9
2026-09-05 23:43:51,Southern District,Bouquet Reservoir Inflow,75.3
2026-09-05 23:43:51,Southern District,Bouquet Reservoir Outflow,0.7
2026-09-05 23:43:51,Southern District,LAA #1 at Soledad Flow,126.7
2026-09-05 23:43:51,Southern District,LAA #2 at Soledad Flow,240.9
2026-09-05 23:58:50,Northern Owens Valley,Tinemaha Elevation,3861.7
2026-09-05 23:58:50,Southern Owens Valley,Tinemaha Elevation,3861.7
