date,district,source,value
2026-08-07 00:43:23,Mono Basin,Lee Vining Intake Above Flow,38.4
2026-08-07 00:43:23,Mono Basin,Lee Vining Intake Below Flow,30.5
2026-08-07 00:43:23,Mono Basin,Walker Ck. Above Conduit Flow,4.0
2026-08-07 00:43:23,Mono Basin,L.V. Conduit Below Intake Flow,6.9
2026-08-07 00:43:23,Mono Basin,Walker Ck. Under Conduit Flow,4.0
2026-08-07 00:43:23,Mono Basin,Parker Ck. Under Conduit Flow,14.0
2026-08-07 00:43:23,Mono Basin,Parker Ck. Above Conduit Flow,15.0
2026-08-07 00:43:23,Mono Basin,Grant Lk. Spill Flow,0.0
2026-08-07 00:43:23,Mono Basin,Mono Gate 1 Return Ditch Flow,40.5
2026-08-07 00:43:23,Mono Basin,Grant Lk. Outflow,40.7
2026-08-07 00:43:23,Mono Basin,Rush Ck. at Damsite Flow,17.7
2026-08-07 00:43:23,Mono Basin,Flow to West Portal,0.0
2026-08-07 00:43:23,Long Valley,East Portal Flow,12.0
2026-08-07 00:43:23,Long Valley,OR Below EP Flow,58.0
2026-08-07 00:43:23,Long Valley,Hot Ck.at Hwy. Flow,6.0
2026-08-07 00:43:23,Long Valley,McGee Ck. Lower Sta. Flow,8.1
2026-08-07 00:43:23,Long Valley,Long Valley Current Outflow,587.6
2026-08-07 00:43:23,Long Valley,Rock Ck. Div. Flow,0.2
2026-08-07 00:43:23,Long Valley,Upper Gorge Total Release,39.7
2026-08-07 00:43:23,Long Valley,Release at Middle Gorge,0.0
2026-08-07 00:43:23,Northern Owens Valley,Rock Ck. At Owens River (PV) Flow,26.0
2026-08-07 00:43:23,Northern Owens Valley,Pleasant Valley Outflow,495.8
2026-08-07 00:43:23,Northern Owens Valley,Baker Ck. At LA Station Flow,6.0
2026-08-07 00:43:23,Northern Owens Valley,Big Pine Ck. USGS Flow,47.8
2026-08-07 00:43:23,Northern Owens Valley,O.R. Below Big Pine,444.8
2026-08-07 00:43:23,Northern Owens Valley,Fish Springs At RR Flow,34.8
2026-08-07 00:43:23,Northern Owens Valley,Tinemaha Reservoir Outflow,378.3
2026-08-07 00:43:23,Northern Owens Valley,Bishop Creek Through Plant 6,104.1
2026-08-07 00:43:23,Northern Owens Valley,Bishop Creek Around Plant 6,8.1
2026-08-07 00:43:23,Southern Owens Valley,Tinemaha Reservoir Outflow,378.3
2026-08-07 00:43:23,Southern Owens Valley,Indep. Ck. At Junction Flow,7.3
2026-08-07 00:43:23,Southern Owens Valley,LAA at Alabama Flow,316.0
2026-08-07 00:43:23,Southern Owens Valley,Cottonwood Ck. At LAA Flow,0.0
2026-08-07 00:43:23,Southern Owens Valley,LAA at Cottonwood Flow,400.0
2026-08-07 00:43:23,Southern Owens Valley,Haiwee LAA #1 Current Flow,0.0
2026-08-07 00:43:23,Southern Owens Valley,Haiwee LAA #2 Current Flow,194.0
2026-08-07 00:43:23,Southern Owens Valley,Reinhackel Flow,3.0
2026-08-07 00:43:23,Southern Owens Valley,Lubkin Spillgate Outflow,0.0
2026-08-07 00:43:23,Southern Owens Valley,Cartago Spillgate Outflow,17.4
2026-08-07 00:43:23,Southern Owens Valley,Lone Pine Creek Flow,12.4
2026-08-07 00:43:23,Lower Owens River Project,LORP Intake Flow,80.0
2026-08-07 00:43:23,Lower Owens River Project,LORP at Mazourka Canyon Road,0.0
2026-08-07 00:43:23,Lower Owens River Project,LORP at Reinhackle Springs,74.0
2026-08-07 00:43:23,Lower Owens River Project,LORP Above Pumpstation,51.0
2026-08-07 00:43:23,Lower Owens River Project,LORP At Pump Station Discharge Flow,48.0
2026-08-07 00:43:23,Southern District,Haiwee LAA #2 Current Flow,194.0
2026-08-07 00:43:23,Southern District,Haiwee LAA #1 Current Flow,0.0
2026-08-07 00:43:23,Southern District,LAA #1 Flow at Fairmont Reservoir,321.1
2026-08-07 00:43:23,Southern District,LAA #2 Flow at Fairmont Res.,203.4
2026-08-07 00:43:23,Southern District,Bouquet Reservoir Inflow,0.5
2026-08-07 00:43:23,Southern District,Bouquet Reservoir Outflow,0.5
2026-08-07 00:43:23,Southern District,LAA #1 at Soledad Flow,269.2
2026-08-07 00:43:23,Southern District,LAA #2 at Soledad Flow,254.2
2026-08-07 00:43:24,Mono Basin,Mono Lk. Elevation,6382.4
2026-08-07 00:43:24,Mono Basin,Grant Lk. Elevation,7130.0
2026-08-07 00:43:24,Long Valley,Long Valley Elevation,6773.9
2026-08-07 00:43:24,Northern Owens Valley,Pleasant Valley Elevation,4384.9
2026-08-07 00:43:24,Southern Owens Valley,LAA at Alabama Level,6.9
2026-08-07 00:43:24,Southern Owens Valley,LAA at Alabama Water Temp,75.8
2026-08-07 00:43:24,Southern Owens Valley,LAA at Cottonwood Level,8.3
2026-08-07 00:43:24,Southern Owens Valley,LAA at Cotton. Water Temp,74.9
2026-08-07 00:43:24,Southern Owens Valley,N. Haiwee Elevation,3756.8
2026-08-07 00:43:24,Southern Owens Valley,S. Haiwee Reservoir Elevation,3725.9
2026-08-07 00:43:24,Southern District,S. Haiwee Reservoir Elevation,3725.9
2026-08-07 00:43:24,Southern District,Fairmont Reservoir Elevation,3026.5
2026-08-07 00:43:24,Southern District,Bouquet Reservoir Elevation,2983.0
2026-08-07 01:43:23,Mono Basin,Lee Vining Intake Above Flow,35.4
2026-08-07 01:43:23,Mono Basin,Lee Vining Intake Below Flow,29.6
2026-08-07 01:43:23,Mono Basin,Walker Ck. Above Conduit Flow,4.0
2026-08-07 01:43:23,Mono Basin,L.V. Conduit Below Intake Flow,5.6
2026-08-07 01:43:23,Mono Basin,Walker Ck. Under Conduit Flow,4.0
2026-08-07 01:43:23,Mono Basin,Parker Ck. Under Conduit Flow,14.0
2026-08-07 01:43:23,Mono Basin,Parker Ck. Above Conduit Flow,15.0
2026-08-07 01:43:23,Mono Basin,Grant Lk. Spill Flow,0.0
2026-08-07 01:43:23,Mono Basin,Mono Gate 1 Return Ditch Flow,40.5
2026-08-07 01:43:23,Mono Basin,Grant Lk. Outflow,40.4
2026-08-07 01:43:23,Mono Basin,Rush Ck. at Damsite Flow,17.7
2026-08-07 01:43:23,Mono Basin,Flow to West Portal,0.0
2026-08-07 01:43:23,Long Valley,East Portal Flow,12.0
2026-08-07 01:43:23,Long Valley,OR Below EP Flow,58.0
2026-08-07 01:43:23,Long Valley,Hot Ck.at Hwy. Flow,6.0
2026-08-07 01:43:23,Long Valley,McGee Ck. Lower Sta. Flow,8.1
2026-08-07 01:43:23,Long Valley,Long Valley Current Outflow,589.5
2026-08-07 01:43:23,Long Valley,Rock Ck. Div. Flow,0.2
2026-08-07 01:43:23,Long Valley,Upper Gorge Total Release,41.9
2026-08-07 01:43:23,Long Valley,Release at Middle Gorge,0.0
2026-08-07 01:43:23,Northern Owens Valley,Rock Ck. At Owens River (PV) Flow,26.2
2026-08-07 01:43:23,Northern Owens Valley,Pleasant Valley Outflow,497.4
2026-08-07 01:43:23,Northern Owens Valley,Baker Ck. At LA Station Flow,6.0
2026-08-07 01:43:23,Northern Owens Valley,Big Pine Ck. USGS Flow,47.8
2026-08-07 01:43:23,Northern Owens Valley,O.R. Below Big Pine,443.1
2026-08-07 01:43:23,Northern Owens Valley,Fish Springs At RR Flow,34.8
2026-08-07 01:43:23,Northern Owens Valley,Tinemaha Reservoir Outflow,378.3
2026-08-07 01:43:23,Northern Owens Valley,Bishop Creek Through Plant 6,104.6
2026-08-07 01:43:23,Northern Owens Valley,Bishop Creek Around Plant 6,8.6
2026-08-07 01:43:23,Southern Owens Valley,Tinemaha Reservoir Outflow,378.3
2026-08-07 01:43:23,Southern Owens Valley,Indep. Ck. At Junction Flow,7.3
2026-08-07 01:43:23,Southern Owens Valley,LAA at Alabama Flow,316.0
2026-08-07 01:43:23,Southern Owens Valley,Cottonwood Ck. At LAA Flow,0.0
2026-08-07 01:43:23,Southern Owens Valley,LAA at Cottonwood Flow,399.0
2026-08-07 01:43:23,Southern Owens Valley,Haiwee LAA #1 Current Flow,0.0
2026-08-07 01:43:23,Southern Owens Valley,Haiwee LAA #2 Current Flow,194.0
2026-08-07 01:43:23,Southern Owens Valley,Reinhackel Flow,3.0
2026-08-07 01:43:23,Southern Owens Valley,Lubkin Spillgate Outflow,0.0
2026-08-07 01:43:23,Southern Owens Valley,Cartago Spillgate Outflow,15.7
2026-08-07 01:43:23,Southern Owens Valley,Lone Pine Creek Flow,12.5
2026-08-07 01:43:23,Lower Owens River Project,LORP Intake Flow,80.0
2026-08-07 01:43:23,Lower Owens River Project,LORP at Mazourka Canyon Road,0.0
2026-08-07 01:43:23,Lower Owens River Project,LORP at Reinhackle Springs,73.0
2026-08-07 01:43:23,Lower Owens River Project,LORP Above Pumpstation,40.0
2026-08-07 01:43:23,Lower Owens River Project,LORP At Pump Station Discharge Flow,37.0
2026-08-07 01:43:23,Southern District,Haiwee LAA #2 Current Flow,194.0
2026-08-07 01:43:23,Southern District,Haiwee LAA #1 Current Flow,0.0
2026-08-07 01:43:23,Southern District,LAA #1 Flow at Fairmont Reservoir,300.5
2026-08-07 01:43:23,Southern District,LAA #2 Flow at Fairmont Res.,203.5
2026-08-07 01:43:23,Southern District,Bouquet Reservoir Inflow,3.3
2026-08-07 01:43:23,Southern District,Bouquet Reservoir Outflow,0.5
2026-08-07 01:43:23,Southern District,LAA #1 at Soledad Flow,269.2
2026-08-07 01:43:23,Southern District,LAA #2 at Soledad Flow,254.2
2026-08-07 01:43:24,Mono Basin,Mono Lk. Elevation,6382.4
2026-08-07 01:43:24,Mono Basin,Grant Lk. Elevation,7130.0
2026-08-07 01:43:24,Long Valley,Long Valley Elevation,6773.9
2026-08-07 01:43:24,Northern Owens Valley,Pleasant Valley Elevation,4385.0
2026-08-07 01:43:24,Southern Owens Valley,LAA at Alabama Level,6.9
2026-08-07 01:43:24,Southern Owens Valley,LAA at Alabama Water Temp,76.0
2026-08-07 01:43:24,Southern Owens Valley,LAA at Cottonwood Level,8.3
2026-08-07 01:43:24,Southern Owens Valley,LAA at Cotton. Water Temp,74.7
2026-08-07 01:43:24,Southern Owens Valley,N. Haiwee Elevation,3756.8
2026-08-07 01:43:24,Southern Owens Valley,S. Haiwee Reservoir Elevation,3725.9
2026-08-07 01:43:24,Southern District,S. Haiwee Reservoir Elevation,3725.9
2026-08-07 01:43:24,Southern District,Fairmont Reservoir Elevation,3026.6
2026-08-07 01:43:24,Southern District,Bouquet Reservoir Elevation,2983.0
2026-08-07 02:28:22,Northern Owens Valley,Tinemaha Elevation,3860.6
2026-08-07 02:28:22,Southern Owens Valley,Tinemaha Elevation,3860.6
2026-08-07 02:43:23,Mono Basin,Lee Vining Intake Above Flow,33.1
2026-08-07 02:43:23,Mono Basin,Lee Vining Intake Below Flow,29.6
2026-08-07 02:43:23,Mono Basin,Walker Ck. Above Conduit Flow,4.0
2026-08-07 02:43:23,Mono Basin,L.V. Conduit Below Intake Flow,3.8
2026-08-07 02:43:23,Mono Basin,Walker Ck. Under Conduit Flow,4.0
2026-08-07 02:43:23,Mono Basin,Parker Ck. Under Conduit Flow,14.0
2026-08-07 02:43:23,Mono Basin,Parker Ck. Above Conduit Flow,15.0
2026-08-07 02:43:23,Mono Basin,Grant Lk. Spill Flow,0.0
2026-08-07 02:43:23,Mono Basin,Mono Gate 1 Return Ditch Flow,40.5
2026-08-07 02:43:23,Mono Basin,Grant Lk. Outflow,40.5
2026-08-07 02:43:23,Mono Basin,Rush Ck. at Damsite Flow,17.7
2026-08-07 02:43:23,Mono Basin,Flow to West Portal,0.0
2026-08-07 02:43:23,Long Valley,East Portal Flow,13.0
2026-08-07 02:43:23,Long Valley,OR Below EP Flow,58.0
2026-08-07 02:43:23,Long Valley,Hot Ck.at Hwy. Flow,6.0
2026-08-07 02:43:23,Long Valley,McGee Ck. Lower Sta. Flow,8.1
2026-08-07 02:43:23,Long Valley,Long Valley Current Outflow,587.6
2026-08-07 02:43:23,Long Valley,Rock Ck. Div. Flow,0.2
2026-08-07 02:43:23,Long Valley,Upper Gorge Total Release,41.9
2026-08-07 02:43:23,Long Valley,Release at Middle Gorge,0.0
2026-08-07 02:43:23,Northern Owens Valley,Rock Ck. At Owens River (PV) Flow,26.4
2026-08-07 02:43:23,Northern Owens Valley,Pleasant Valley Outflow,498.3
2026-08-07 02:43:23,Northern Owens Valley,Baker Ck. At LA Station Flow,6.0
2026-08-07 02:43:23,Northern Owens Valley,Big Pine Ck. USGS Flow,47.8
2026-08-07 02:43:23,Northern Owens Valley,O.R. Below Big Pine,442.4
2026-08-07 02:43:23,Northern Owens Valley,Fish Springs At RR Flow,34.8
2026-08-07 02:43:23,Northern Owens Valley,Tinemaha Reservoir Outflow,379.9
2026-08-07 02:43:23,Northern Owens Valley,Bishop Creek Through Plant 6,104.6
2026-08-07 02:43:23,Northern Owens Valley,Bishop Creek Around Plant 6,8.6
2026-08-07 02:43:23,Southern Owens Valley,Tinemaha Reservoir Outflow,379.9
2026-08-07 02:43:23,Southern Owens Valley,Indep. Ck. At Junction Flow,7.3
2026-08-07 02:43:23,Southern Owens Valley,LAA at Alabama Flow,313.0
2026-08-07 02:43:23,Southern Owens Valley,Cottonwood Ck. At LAA Flow,0.0
2026-08-07 02:43:23,Southern Owens Valley,LAA at Cottonwood Flow,398.0
2026-08-07 02:43:23,Southern Owens Valley,Haiwee LAA #1 Current Flow,0.0
2026-08-07 02:43:23,Southern Owens Valley,Haiwee LAA #2 Current Flow,194.0
2026-08-07 02:43:23,Southern Owens Valley,Reinhackel Flow,3.0
2026-08-07 02:43:23,Southern Owens Valley,Lubkin Spillgate Outflow,0.0
2026-08-07 02:43:23,Southern Owens Valley,Cartago Spillgate Outflow,16.9
2026-08-07 02:43:23,Southern Owens Valley,Lone Pine Creek Flow,12.6
2026-08-07 02:43:23,Lower Owens River Project,LORP Intake Flow,80.0
2026-08-07 02:43:23,Lower Owens River Project,LORP at Mazourka Canyon Road,0.0
2026-08-07 02:43:23,Lower Owens River Project,LORP at Reinhackle Springs,72.0
2026-08-07 02:43:23,Lower Owens River Project,LORP Above Pumpstation,51.0
2026-08-07 02:43:23,Lower Owens River Project,LORP At Pump Station Discharge Flow,48.0
2026-08-07 02:43:23,Southern District,Haiwee LAA #2 Current Flow,194.0
2026-08-07 02:43:23,Southern District,Haiwee LAA #1 Current Flow,0.0
2026-08-07 02:43:23,Southern District,LAA #1 Flow at Fairmont Reservoir,389.8
2026-08-07 02:43:23,Southern District,LAA #2 Flow at Fairmont Res.,203.5
2026-08-07 02:43:23,Southern District,Bouquet Reservoir Inflow,18.8
2026-08-07 02:43:23,Southern District,Bouquet Reservoir Outflow,0.5
2026-08-07 02:43:23,Southern District,LAA #1 at Soledad Flow,269.2
2026-08-07 02:43:23,Southern District,LAA #2 at Soledad Flow,254.2
2026-08-07 02:43:24,Mono Basin,Mono Lk. Elevation,6382.4
2026-08-07 02:43:24,Mono Basin,Grant Lk. Elevation,7130.0
2026-08-07 02:43:24,Long Valley,Long Valley Elevation,6773.9
2026-08-07 02:43:24,Northern Owens Valley,Pleasant Valley Elevation,4385.1
2026-08-07 02:43:24,Southern Owens Valley,LAA at Alabama Level,6.9
2026-08-07 02:43:24,Southern Owens Valley,LAA at Alabama Water Temp,75.4
2026-08-07 02:43:24,Southern Owens Valley,LAA at Cottonwood Level,8.3
2026-08-07 02:43:24,Southern Owens Valley,LAA at Cotton. Water Temp,74.6
2026-08-07 02:43:24,Southern Owens Valley,N. Haiwee Elevation,3756.8
2026-08-07 02:43:24,Southern Owens Valley,S. Haiwee Reservoir Elevation,3725.8
2026-08-07 02:43:24,Southern District,S. Haiwee Reservoir Elevation,3725.8
2026-08-07 02:43:24,Southern District,Fairmont Reservoir Elevation,3026.6
2026-08-07 02:43:24,Southern District,Bouquet Reservoir Elevation,2983.0
2026-08-07 02:58:22,Northern Owens Valley,Tinemaha Elevation,3860.6
2026-08-07 02:58:22,Southern Owens Valley,Tinemaha Elevation,3860.6
2026-08-07 03:28:23,Northern Owens Valley,Tinemaha Elevation,3860.6
2026-08-07 03:28:23,Southern Owens Valley,Tinemaha Elevation,3860.6
2026-08-07 03:43:23,Mono Basin,Lee Vining Intake Above Flow,33.5
2026-08-07 03:43:23,Mono Basin,Lee Vining Intake Below Flow,29.5
2026-08-07 03:43:23,Mono Basin,Walker Ck. Above Conduit Flow,4.0
2026-08-07 03:43:23,Mono Basin,L.V. Conduit Below Intake Flow,2.6
2026-08-07 03:43:23,Mono Basin,Walker Ck. Under Conduit Flow,4.0
2026-08-07 03:43:23,Mono Basin,Parker Ck. Under Conduit Flow,14.0
2026-08-07 03:43:23,Mono Basin,Parker Ck. Above Conduit Flow,15.0
2026-08-07 03:43:23,Mono Basin,Grant Lk. Spill Flow,0.0
2026-08-07 03:43:23,Mono Basin,Mono Gate 1 Return Ditch Flow,40.6
2026-08-07 03:43:23,Mono Basin,Grant Lk. Outflow,40.4
2026-08-07 03:43:23,Mono Basin,Rush Ck. at Damsite Flow,17.7
2026-08-07 03:43:23,Mono Basin,Flow to West Portal,0.0
2026-08-07 03:43:23,Long Valley,East Portal Flow,12.0
2026-08-07 03:43:23,Long Valley,OR Below EP Flow,58.0
2026-08-07 03:43:23,Long Valley,Hot Ck.at Hwy. Flow,6.0
2026-08-07 03:43:23,Long Valley,McGee Ck. Lower Sta. Flow,8.1
2026-08-07 03:43:23,Long Valley,Long Valley Current Outflow,589.4
2026-08-07 03:43:23,Long Valley,Rock Ck. Div. Flow,0.2
2026-08-07 03:43:23,Long Valley,Upper Gorge Total Release,42.2
2026-08-07 03:43:23,Long Valley,Release at Middle Gorge,0.0
2026-08-07 03:43:23,Northern Owens Valley,Rock Ck. At Owens River (PV) Flow,26.6
2026-08-07 03:43:23,Northern Owens Valley,Pleasant Valley Outflow,498.4
2026-08-07 03:43:23,Northern Owens Valley,Baker Ck. At LA Station Flow,6.3
2026-08-07 03:43:23,Northern Owens Valley,Big Pine Ck. USGS Flow,49.9
2026-08-07 03:43:23,Northern Owens Valley,O.R. Below Big Pine,442.8
2026-08-07 03:43:23,Northern Owens Valley,Fish Springs At RR Flow,34.8
2026-08-07 03:43:23,Northern Owens Valley,Tinemaha Reservoir Outflow,379.1
2026-08-07 03:43:23,Northern Owens Valley,Bishop Creek Through Plant 6,98.4
2026-08-07 03:43:23,Northern Owens Valley,Bishop Creek Around Plant 6,8.2
2026-08-07 03:43:23,Southern Owens Valley,Tinemaha Reservoir Outflow,379.1
2026-08-07 03:43:23,Southern Owens Valley,Indep. Ck. At Junction Flow,7.3
2026-08-07 03:43:23,Southern Owens Valley,LAA at Alabama Flow,314.0
2026-08-07 03:43:23,Southern Owens Valley,Cottonwood Ck. At LAA Flow,0.0
2026-08-07 03:43:23,Southern Owens Valley,LAA at Cottonwood Flow,397.0
2026-08-07 03:43:23,Southern Owens Valley,Haiwee LAA #1 Current Flow,0.0
2026-08-07 03:43:23,Southern Owens Valley,Haiwee LAA #2 Current Flow,194.0
2026-08-07 03:43:23,Southern Owens Valley,Reinhackel Flow,3.0
2026-08-07 03:43:23,Southern Owens Valley,Lubkin Spillgate Outflow,0.0
2026-08-07 03:43:23,Southern Owens Valley,Cartago Spillgate Outflow,16.3
2026-08-07 03:43:23,Southern Owens Valley,Lone Pine Creek Flow,12.7
2026-08-07 03:43:23,Lower Owens River Project,LORP Intake Flow,80.0
2026-08-07 03:43:23,Lower Owens River Project,LORP at Mazourka Canyon Road,0.0
2026-08-07 03:43:23,Lower Owens River Project,LORP at Reinhackle Springs,68.0
2026-08-07 03:43:23,Lower Owens River Project,LORP Above Pumpstation,51.0
2026-08-07 03:43:23,Lower Owens River Project,LORP At Pump Station Discharge Flow,48.0
2026-08-07 03:43:23,Southern District,Haiwee LAA #2 Current Flow,194.0
2026-08-07 03:43:23,Southern District,Haiwee LAA #1 Current Flow,0.0
2026-08-07 03:43:24,Mono Basin,Mono Lk. Elevation,6382.4
2026-08-07 03:43:24,Mono Basin,Grant Lk. Elevation,7130.0
2026-08-07 03:43:24,Long Valley,Long Valley Elevation,6773.9
2026-08-07 03:43:24,Northern Owens Valley,Pleasant Valley Elevation,4385.2
2026-08-07 03:43:24,Southern Owens Valley,LAA at Alabama Level,6.9
2026-08-07 03:43:24,Southern Owens Valley,LAA at Alabama Water Temp,74.9
2026-08-07 03:43:24,Southern Owens Valley,LAA at Cottonwood Level,8.3
2026-08-07 03:43:24,Southern Owens Valley,LAA at Cotton. Water Temp,74.5
2026-08-07 03:43:24,Southern Owens Valley,N. Haiwee Elevation,3756.8
2026-08-07 03:43:24,Southern Owens Valley,S. Haiwee Reservoir Elevation,3725.8
2026-08-07 03:43:24,Southern District,S. Haiwee Reservoir Elevation,3725.8
2026-08-07 03:43:24,Southern District,Fairmont Reservoir Elevation,3026.6
2026-08-07 03:43:24,Southern District,LAA #1 Flow at Fairmont Reservoir,396.0
2026-08-07 03:43:24,Southern District,LAA #2 Flow at Fairmont Res.,203.3
2026-08-07 03:43:24,Southern District,Bouquet Reservoir Elevation,2983.0
2026-08-07 03:43:24,Southern District,Bouquet Reservoir Inflow,20.7
2026-08-07 03:43:24,Southern District,Bouquet Reservoir Outflow,0.5
2026-08-07 03:43:24,Southern District,LAA #1 at Soledad Flow,269.4
2026-08-07 03:43:24,Southern District,LAA #2 at Soledad Flow,257.1
2026-08-07 03:58:23,Northern Owens Valley,Tinemaha Elevation,3860.6
2026-08-07 03:58:23,Southern Owens Valley,Tinemaha Elevation,3860.6
2026-08-07 04:28:23,Northern Owens Valley,Tinemaha Elevation,3860.6
2026-08-07 04:28:23,Southern Owens Valley,Tinemaha Elevation,3860.6
2026-08-07 04:43:24,Mono Basin,Lee Vining Intake Above Flow,32.9
2026-08-07 04:43:24,Mono Basin,Lee Vining Intake Below Flow,29.5
2026-08-07 04:43:24,Mono Basin,Mono Lk. Elevation,6382.4
2026-08-07 04:43:24,Mono Basin,Walker Ck. Above Conduit Flow,4.0
2026-08-07 04:43:24,Mono Basin,L.V. Conduit Below Intake Flow,2.4
2026-08-07 04:43:24,Mono Basin,Walker Ck. Under Conduit Flow,4.0
2026-08-07 04:43:24,Mono Basin,Parker Ck. Under Conduit Flow,14.0
2026-08-07 04:43:24,Mono Basin,Parker Ck. Above Conduit Flow,15.0
2026-08-07 04:43:24,Mono Basin,Grant Lk. Spill Flow,0.0
2026-08-07 04:43:24,Mono Basin,Mono Gate 1 Return Ditch Flow,40.6
2026-08-07 04:43:24,Mono Basin,Grant Lk. Elevation,7130.0
2026-08-07 04:43:24,Mono Basin,Grant Lk. Outflow,40.5
2026-08-07 04:43:24,Mono Basin,Rush Ck. at Damsite Flow,17.7
2026-08-07 04:43:24,Mono Basin,Flow to West Portal,0.0
2026-08-07 04:43:24,Long Valley,East Portal Flow,13.0
2026-08-07 04:43:24,Long Valley,OR Below EP Flow,55.0
2026-08-07 04:43:24,Long Valley,Hot Ck.at Hwy. Flow,6.0
2026-08-07 04:43:24,Long Valley,McGee Ck. Lower Sta. Flow,8.1
2026-08-07 04:43:24,Long Valley,Long Valley Elevation,6773.9
2026-08-07 04:43:24,Long Valley,Long Valley Current Outflow,588.4
2026-08-07 04:43:24,Long Valley,Rock Ck. Div. Flow,0.2
2026-08-07 04:43:24,Long Valley,Upper Gorge Total Release,42.3
2026-08-07 04:43:24,Long Valley,Release at Middle Gorge,0.0
2026-08-07 04:43:24,Northern Owens Valley,Rock Ck. At Owens River (PV) Flow,26.6
2026-08-07 04:43:24,Northern Owens Valley,Pleasant Valley Elevation,4385.3
2026-08-07 04:43:24,Northern Owens Valley,Pleasant Valley Outflow,499.5
2026-08-07 04:43:24,Northern Owens Valley,Baker Ck. At LA Station Flow,6.3
2026-08-07 04:43:24,Northern Owens Valley,Big Pine Ck. USGS Flow,49.9
2026-08-07 04:43:24,Northern Owens Valley,O.R. Below Big Pine,443.4
2026-08-07 04:43:24,Northern Owens Valley,Fish Springs At RR Flow,34.8
2026-08-07 04:43:24,Northern Owens Valley,Tinemaha Reservoir Outflow,378.3
2026-08-07 04:43:24,Northern Owens Valley,Bishop Creek Through Plant 6,102.0
2026-08-07 04:43:24,Northern Owens Valley,Bishop Creek Around Plant 6,8.1
2026-08-07 04:43:24,Southern Owens Valley,Tinemaha Reservoir Outflow,378.3
2026-08-07 04:43:24,Southern Owens Valley,Indep. Ck. At Junction Flow,7.3
2026-08-07 04:43:24,Southern Owens Valley,LAA at Alabama Flow,315.0
2026-08-07 04:43:24,Southern Owens Valley,LAA at Alabama Level,6.9
2026-08-07 04:43:24,Southern Owens Valley,LAA at Alabama Water Temp,74.2
2026-08-07 04:43:24,Southern Owens Valley,Cottonwood Ck. At LAA Flow,0.0
2026-08-07 04:43:24,Southern Owens Valley,LAA at Cottonwood Flow,396.0
2026-08-07 04:43:24,Southern Owens Valley,LAA at Cottonwood Level,8.3
2026-08-07 04:43:24,Southern Owens Valley,LAA at Cotton. Water Temp,74.5
2026-08-07 04:43:24,Southern Owens Valley,N. Haiwee Elevation,3756.8
2026-08-07 04:43:24,Southern Owens Valley,S. Haiwee Reservoir Elevation,3725.8
2026-08-07 04:43:24,Southern Owens Valley,Haiwee LAA #1 Current Flow,0.0
2026-08-07 04:43:24,Southern Owens Valley,Haiwee LAA #2 Current Flow,194.0
2026-08-07 04:43:24,Southern Owens Valley,Reinhackel Flow,3.0
2026-08-07 04:43:24,Southern Owens Valley,Lubkin Spillgate Outflow,0.0
2026-08-07 04:43:24,Southern Owens Valley,Cartago Spillgate Outflow,15.9
2026-08-07 04:43:24,Southern Owens Valley,Lone Pine Creek Flow,12.8
2026-08-07 04:43:24,Lower Owens River Project,LORP Intake Flow,80.0
2026-08-07 04:43:24,Lower Owens River Project,LORP at Mazourka Canyon Road,0.0
2026-08-07 04:43:24,Lower Owens River Project,LORP at Reinhackle Springs,70.0
2026-08-07 04:43:24,Lower Owens River Project,LORP Above Pumpstation,51.0
2026-08-07 04:43:24,Lower Owens River Project,LORP At Pump Station Discharge Flow,48.0
2026-08-07 04:43:24,Southern District,Haiwee LAA #2 Current Flow,194.0
2026-08-07 04:43:24,Southern District,S. Haiwee Reservoir Elevation,3725.8
2026-08-07 04:43:24,Southern District,Haiwee LAA #1 Current Flow,0.0
2026-08-07 04:43:24,Southern District,Fairmont Reservoir Elevation,3026.7
2026-08-07 04:43:24,Southern District,LAA #1 Flow at Fairmont Reservoir,397.7
2026-08-07 04:43:24,Southern District,LAA #2 Flow at Fairmont Res.,203.5
2026-08-07 04:43:24,Southern District,Bouquet Reservoir Elevation,2983.0
2026-08-07 04:43:24,Southern District,Bouquet Reservoir Inflow,19.3
2026-08-07 04:43:24,Southern District,Bouquet Reservoir Outflow,0.8
2026-08-07 04:43:24,Southern District,LAA #1 at Soledad Flow,269.4
2026-08-07 04:43:24,Southern District,LAA #2 at Soledad Flow,257.1
2026-08-07 04:58:22,Northern Owens Valley,Tinemaha Elevation,3860.6
2026-08-07 04:58:22,Southern Owens Valley,Tinemaha Elevation,3860.6
2026-08-07 05:28:23,Northern Owens Valley,Tinemaha Elevation,3860.6
2026-08-07 05:28:23,Southern Owens Valley,Tinemaha Elevation,3860.6
2026-08-07 05:43:23,Mono Basin,Lee Vining Intake Above Flow,32.8
2026-08-07 05:43:23,Mono Basin,Lee Vining Intake Below Flow,29.6
2026-08-07 05:43:23,Mono Basin,Walker Ck. Above Conduit Flow,4.0
2026-08-07 05:43:23,Mono Basin,L.V. Conduit Below Intake Flow,2.3
2026-08-07 05:43:23,Mono Basin,Walker Ck. Under Conduit Flow,4.0
2026-08-07 05:43:23,Mono Basin,Parker Ck. Under Conduit Flow,14.0
2026-08-07 05:43:23,Mono Basin,Parker Ck. Above Conduit Flow,15.0
2026-08-07 05:43:23,Mono Basin,Grant Lk. Spill Flow,0.0
2026-08-07 05:43:23,Mono Basin,Mono Gate 1 Return Ditch Flow,40.7
2026-08-07 05:43:23,Mono Basin,Grant Lk. Outflow,40.5
2026-08-07 05:43:23,Mono Basin,Rush Ck. at Damsite Flow,16.5
2026-08-07 05:43:23,Mono Basin,Flow to West Portal,0.0
2026-08-07 05:43:23,Long Valley,East Portal Flow,12.0
2026-08-07 05:43:23,Long Valley,OR Below EP Flow,56.0
2026-08-07 05:43:23,Long Valley,Hot Ck.at Hwy. Flow,6.0
2026-08-07 05:43:23,Long Valley,McGee Ck. Lower Sta. Flow,8.1
2026-08-07 05:43:23,Long Valley,Long Valley Current Outflow,590.7
2026-08-07 05:43:23,Long Valley,Rock Ck. Div. Flow,0.2
2026-08-07 05:43:23,Long Valley,Upper Gorge Total Release,40.6
2026-08-07 05:43:23,Long Valley,Release at Middle Gorge,0.0
2026-08-07 05:43:23,Northern Owens Valley,Rock Ck. At Owens River (PV) Flow,26.8
2026-08-07 05:43:23,Northern Owens Valley,Pleasant Valley Outflow,499.6
2026-08-07 05:43:23,Northern Owens Valley,Baker Ck. At LA Station Flow,6.3
2026-08-07 05:43:23,Northern Owens Valley,Big Pine Ck. USGS Flow,49.9
2026-08-07 05:43:23,Northern Owens Valley,O.R. Below Big Pine,444.2
2026-08-07 05:43:23,Northern Owens Valley,Fish Springs At RR Flow,34.8
2026-08-07 05:43:23,Northern Owens Valley,Tinemaha Reservoir Outflow,378.3
2026-08-07 05:43:23,Northern Owens Valley,Bishop Creek Through Plant 6,101.4
2026-08-07 05:43:23,Northern Owens Valley,Bishop Creek Around Plant 6,8.1
2026-08-07 05:43:23,Southern Owens Valley,Tinemaha Reservoir Outflow,378.3
2026-08-07 05:43:23,Southern Owens Valley,Indep. Ck. At Junction Flow,7.3
2026-08-07 05:43:23,Southern Owens Valley,LAA at Alabama Flow,313.0
2026-08-07 05:43:23,Southern Owens Valley,Cottonwood Ck. At LAA Flow,0.0
2026-08-07 05:43:23,Southern Owens Valley,LAA at Cottonwood Flow,396.0
2026-08-07 05:43:23,Southern Owens Valley,Haiwee LAA #1 Current Flow,0.0
2026-08-07 05:43:23,Southern Owens Valley,Haiwee LAA #2 Current Flow,194.0
2026-08-07 05:43:23,Southern Owens Valley,Reinhackel Flow,3.0
2026-08-07 05:43:23,Southern Owens Valley,Lubkin Spillgate Outflow,0.0
2026-08-07 05:43:23,Southern Owens Valley,Cartago Spillgate Outflow,23.3
2026-08-07 05:43:23,Southern Owens Valley,Lone Pine Creek Flow,12.9
2026-08-07 05:43:23,Lower Owens River Project,LORP Intake Flow,81.0
2026-08-07 05:43:23,Lower Owens River Project,LORP at Mazourka Canyon Road,0.0
2026-08-07 05:43:23,Lower Owens River Project,LORP at Reinhackle Springs,73.0
2026-08-07 05:43:23,Lower Owens River Project,LORP Above Pumpstation,41.0
2026-08-07 05:43:23,Lower Owens River Project,LORP At Pump Station Discharge Flow,37.0
2026-08-07 05:43:23,Southern District,Haiwee LAA #2 Current Flow,194.0
2026-08-07 05:43:23,Southern District,Haiwee LAA #1 Current Flow,0.0
2026-08-07 05:43:23,Southern District,LAA #1 Flow at Fairmont Reservoir,371.2
2026-08-07 05:43:23,Southern District,LAA #2 Flow at Fairmont Res.,203.2
2026-08-07 05:43:23,Southern District,Bouquet Reservoir Inflow,4.0
2026-08-07 05:43:23,Southern District,Bouquet Reservoir Outflow,0.5
2026-08-07 05:43:23,Southern District,LAA #1 at Soledad Flow,269.4
2026-08-07 05:43:23,Southern District,LAA #2 at Soledad Flow,257.1
2026-08-07 05:43:24,Mono Basin,Mono Lk. Elevation,6382.4
2026-08-07 05:43:24,Mono Basin,Grant Lk. Elevation,7130.0
2026-08-07 05:43:24,Long Valley,Long Valley Elevation,6773.8
2026-08-07 05:43:24,Northern Owens Valley,Pleasant Valley Elevation,4385.4
2026-08-07 05:43:24,Southern Owens Valley,LAA at Alabama Level,6.9
2026-08-07 05:43:24,Southern Owens Valley,LAA at Alabama Water Temp,73.6
2026-08-07 05:43:24,Southern Owens Valley,LAA at Cottonwood Level,8.3
2026-08-07 05:43:24,Southern Owens Valley,LAA at Cotton. Water Temp,74.4
2026-08-07 05:43:24,Southern Owens Valley,N. Haiwee Elevation,3756.8
2026-08-07 05:43:24,Southern Owens Valley,S. Haiwee Reservoir Elevation,3725.8
2026-08-07 05:43:24,Southern District,S. Haiwee Reservoir Elevation,3725.8
2026-08-07 05:43:24,Southern District,Fairmont Reservoir Elevation,3026.7
2026-08-07 05:43:24,Southern District,Bouquet Reservoir Elevation,2983.0
2026-08-07 05:58:23,Northern Owens Valley,Tinemaha Elevation,3860.6
2026-08-07 05:58:23,Southern Owens Valley,Tinemaha Elevation,3860.6
2026-08-07 06:28:22,Northern Owens Valley,Tinemaha Elevation,3860.6
2026-08-07 06:28:22,Southern Owens Valley,Tinemaha Elevation,3860.6
2026-08-07 06:43:23,Mono Basin,Lee Vining Intake Above Flow,33.1
2026-08-07 06:43:23,Mono Basin,Lee Vining Intake Below Flow,29.6
2026-08-07 06:43:23,Mono Basin,Mono Lk. Elevation,6382.4
2026-08-07 06:43:23,Mono Basin,Walker Ck. Above Conduit Flow,4.0
2026-08-07 06:43:23,Mono Basin,L.V. Conduit Below Intake Flow,2.2
2026-08-07 06:43:23,Mono Basin,Walker Ck. Under Conduit Flow,4.0
2026-08-07 06:43:23,Mono Basin,Parker Ck. Under Conduit Flow,13.0
2026-08-07 06:43:23,Mono Basin,Parker Ck. Above Conduit Flow,15.0
2026-08-07 06:43:23,Mono Basin,Grant Lk. Spill Flow,0.0
2026-08-07 06:43:23,Mono Basin,Mono Gate 1 Return Ditch Flow,40.7
2026-08-07 06:43:23,Mono Basin,Grant Lk. Elevation,7130.0
2026-08-07 06:43:23,Mono Basin,Grant Lk. Outflow,40.4
2026-08-07 06:43:23,Mono Basin,Rush Ck. at Damsite Flow,16.3
2026-08-07 06:43:23,Mono Basin,Flow to West Portal,0.0
2026-08-07 06:43:23,Long Valley,East Portal Flow,12.0
2026-08-07 06:43:23,Long Valley,OR Below EP Flow,57.0
2026-08-07 06:43:23,Long Valley,Hot Ck.at Hwy. Flow,7.0
2026-08-07 06:43:23,Long Valley,McGee Ck. Lower Sta. Flow,8.3
2026-08-07 06:43:23,Long Valley,Long Valley Elevation,6773.9
2026-08-07 06:43:23,Long Valley,Long Valley Current Outflow,589.1
2026-08-07 06:43:23,Long Valley,Rock Ck. Div. Flow,0.1
2026-08-07 06:43:23,Long Valley,Upper Gorge Total Release,41.3
2026-08-07 06:43:23,Long Valley,Release at Middle Gorge,0.0
2026-08-07 06:43:23,Northern Owens Valley,Rock Ck. At Owens River (PV) Flow,26.8
2026-08-07 06:43:23,Northern Owens Valley,Pleasant Valley Elevation,4385.6
2026-08-07 06:43:23,Northern Owens Valley,Pleasant Valley Outflow,500.2
2026-08-07 06:43:23,Northern Owens Valley,Baker Ck. At LA Station Flow,6.5
2026-08-07 06:43:23,Northern Owens Valley,Big Pine Ck. USGS Flow,50.0
2026-08-07 06:43:23,Northern Owens Valley,O.R. Below Big Pine,445.7
2026-08-07 06:43:23,Northern Owens Valley,Fish Springs At RR Flow,36.0
2026-08-07 06:43:23,Northern Owens Valley,Tinemaha Reservoir Outflow,378.3
2026-08-07 06:43:23,Northern Owens Valley,Bishop Creek Through Plant 6,101.8
2026-08-07 06:43:23,Northern Owens Valley,Bishop Creek Around Plant 6,8.2
2026-08-07 06:43:23,Southern Owens Valley,Tinemaha Reservoir Outflow,378.3
2026-08-07 06:43:23,Southern Owens Valley,Indep. Ck. At Junction Flow,7.9
2026-08-07 06:43:23,Southern Owens Valley,LAA at Alabama Flow,313.0
2026-08-07 06:43:23,Southern Owens Valley,LAA at Alabama Level,6.9
2026-08-07 06:43:23,Southern Owens Valley,LAA at Alabama Water Temp,73.5
2026-08-07 06:43:23,Southern Owens Valley,Cottonwood Ck. At LAA Flow,0.0
2026-08-07 06:43:23,Southern Owens Valley,LAA at Cottonwood Flow,395.0
2026-08-07 06:43:23,Southern Owens Valley,LAA at Cottonwood Level,8.3
2026-08-07 06:43:23,Southern Owens Valley,LAA at Cotton. Water Temp,74.2
2026-08-07 06:43:23,Southern Owens Valley,N. Haiwee Elevation,3756.8
2026-08-07 06:43:23,Southern Owens Valley,S. Haiwee Reservoir Elevation,3725.7
2026-08-07 06:43:23,Southern Owens Valley,Haiwee LAA #1 Current Flow,0.0
2026-08-07 06:43:23,Southern Owens Valley,Haiwee LAA #2 Current Flow,194.2
2026-08-07 06:43:23,Southern Owens Valley,Reinhackel Flow,3.0
2026-08-07 06:43:23,Southern Owens Valley,Lubkin Spillgate Outflow,0.0
2026-08-07 06:43:23,Southern Owens Valley,Cartago Spillgate Outflow,20.2
2026-08-07 06:43:23,Southern Owens Valley,Lone Pine Creek Flow,12.9
2026-08-07 06:43:23,Lower Owens River Project,LORP Intake Flow,81.0
2026-08-07 06:43:23,Lower Owens River Project,LORP at Mazourka Canyon Road,0.0
2026-08-07 06:43:23,Lower Owens River Project,LORP at Reinhackle Springs,73.0
2026-08-07 06:43:23,Lower Owens River Project,LORP Above Pumpstation,51.0
2026-08-07 06:43:23,Lower Owens River Project,LORP At Pump Station Discharge Flow,48.0
2026-08-07 06:43:23,Southern District,Haiwee LAA #2 Current Flow,194.2
2026-08-07 06:43:23,Southern District,S. Haiwee Reservoir Elevation,3725.7
2026-08-07 06:43:23,Southern District,Haiwee LAA #1 Current Flow,0.0
2026-08-07 06:43:23,Southern District,Fairmont Reservoir Elevation,3026.7
2026-08-07 06:43:23,Southern District,LAA #1 Flow at Fairmont Reservoir,404.3
2026-08-07 06:43:23,Southern District,LAA #2 Flow at Fairmont Res.,203.2
2026-08-07 06:43:23,Southern District,Bouquet Reservoir Elevation,2983.0
2026-08-07 06:43:23,Southern District,Bouquet Reservoir Inflow,18.6
2026-08-07 06:43:23,Southern District,Bouquet Reservoir Outflow,0.5
2026-08-07 06:43:23,Southern District,LAA #1 at Soledad Flow,268.5
2026-08-07 06:43:23,Southern District,LAA #2 at Soledad Flow,257.4
2026-08-07 06:58:22,Northern Owens Valley,Tinemaha Elevation,3860.6
2026-08-07 06:58:22,Southern Owens Valley,Tinemaha Elevation,3860.6
2026-08-07 07:28:22,Northern Owens Valley,Tinemaha Elevation,3860.6
2026-08-07 07:28:22,Southern Owens Valley,Tinemaha Elevation,3860.6
2026-08-07 07:43:23,Mono Basin,Lee Vining Intake Above Flow,33.4
2026-08-07 07:43:23,Mono Basin,Lee Vining Intake Below Flow,29.5
2026-08-07 07:43:23,Mono Basin,Mono Lk. Elevation,6382.4
2026-08-07 07:43:23,Mono Basin,Walker Ck. Above Conduit Flow,4.0
2026-08-07 07:43:23,Mono Basin,L.V. Conduit Below Intake Flow,2.2
2026-08-07 07:43:23,Mono Basin,Walker Ck. Under Conduit Flow,4.0
2026-08-07 07:43:23,Mono Basin,Parker Ck. Under Conduit Flow,13.0
2026-08-07 07:43:23,Mono Basin,Parker Ck. Above Conduit Flow,15.0
2026-08-07 07:43:23,Mono Basin,Grant Lk. Spill Flow,0.0
2026-08-07 07:43:23,Mono Basin,Mono Gate 1 Return Ditch Flow,40.6
2026-08-07 07:43:23,Mono Basin,Grant Lk. Elevation,7130.0
2026-08-07 07:43:23,Mono Basin,Grant Lk. Outflow,40.4
2026-08-07 07:43:23,Mono Basin,Rush Ck. at Damsite Flow,16.3
2026-08-07 07:43:23,Mono Basin,Flow to West Portal,0.0
2026-08-07 07:43:23,Long Valley,East Portal Flow,13.0
2026-08-07 07:43:23,Long Valley,OR Below EP Flow,57.0
2026-08-07 07:43:23,Long Valley,Hot Ck.at Hwy. Flow,7.0
2026-08-07 07:43:23,Long Valley,McGee Ck. Lower Sta. Flow,8.3
2026-08-07 07:43:23,Long Valley,Long Valley Elevation,6773.8
2026-08-07 07:43:23,Long Valley,Long Valley Current Outflow,589.2
2026-08-07 07:43:23,Long Valley,Rock Ck. Div. Flow,0.1
2026-08-07 07:43:23,Long Valley,Upper Gorge Total Release,40.9
2026-08-07 07:43:23,Long Valley,Release at Middle Gorge,0.0
2026-08-07 07:43:23,Northern Owens Valley,Rock Ck. At Owens River (PV) Flow,27.0
2026-08-07 07:43:23,Northern Owens Valley,Pleasant Valley Elevation,4385.7
2026-08-07 07:43:23,Northern Owens Valley,Pleasant Valley Outflow,501.1
2026-08-07 07:43:23,Northern Owens Valley,Baker Ck. At LA Station Flow,7.4
2026-08-07 07:43:23,Northern Owens Valley,Big Pine Ck. USGS Flow,50.0
2026-08-07 07:43:23,Northern Owens Valley,O.R. Below Big Pine,446.7
2026-08-07 07:43:23,Northern Owens Valley,Fish Springs At RR Flow,36.0
2026-08-07 07:43:23,Northern Owens Valley,Tinemaha Reservoir Outflow,378.3
2026-08-07 07:43:23,Northern Owens Valley,Bishop Creek Through Plant 6,101.6
2026-08-07 07:43:23,Northern Owens Valley,Bishop Creek Around Plant 6,8.0
2026-08-07 07:43:23,Southern Owens Valley,Tinemaha Reservoir Outflow,378.3
2026-08-07 07:43:23,Southern Owens Valley,Indep. Ck. At Junction Flow,7.9
2026-08-07 07:43:23,Southern Owens Valley,LAA at Alabama Flow,313.0
2026-08-07 07:43:23,Southern Owens Valley,LAA at Alabama Level,6.9
2026-08-07 07:43:23,Southern Owens Valley,LAA at Alabama Water Temp,73.2
2026-08-07 07:43:23,Southern Owens Valley,Cottonwood Ck. At LAA Flow,0.0
2026-08-07 07:43:23,Southern Owens Valley,LAA at Cottonwood Flow,394.0
2026-08-07 07:43:23,Southern Owens Valley,LAA at Cottonwood Level,8.2
2026-08-07 07:43:23,Southern Owens Valley,LAA at Cotton. Water Temp,74.2
2026-08-07 07:43:23,Southern Owens Valley,N. Haiwee Elevation,3756.8
2026-08-07 07:43:23,Southern Owens Valley,S. Haiwee Reservoir Elevation,3725.7
2026-08-07 07:43:23,Southern Owens Valley,Haiwee LAA #1 Current Flow,0.0
2026-08-07 07:43:23,Southern Owens Valley,Haiwee LAA #2 Current Flow,194.2
2026-08-07 07:43:23,Southern Owens Valley,Reinhackel Flow,3.0
2026-08-07 07:43:23,Southern Owens Valley,Lubkin Spillgate Outflow,0.0
2026-08-07 07:43:23,Southern Owens Valley,Cartago Spillgate Outflow,22.8
2026-08-07 07:43:23,Southern Owens Valley,Lone Pine Creek Flow,12.9
2026-08-07 07:43:23,Lower Owens River Project,LORP Intake Flow,81.0
2026-08-07 07:43:23,Lower Owens River Project,LORP at Mazourka Canyon Road,0.0
2026-08-07 07:43:23,Lower Owens River Project,LORP at Reinhackle Springs,76.0
2026-08-07 07:43:23,Lower Owens River Project,LORP Above Pumpstation,41.0
2026-08-07 07:43:23,Lower Owens River Project,LORP At Pump Station Discharge Flow,37.0
2026-08-07 07:43:23,Southern District,Haiwee LAA #2 Current Flow,194.2
2026-08-07 07:43:23,Southern District,S. Haiwee Reservoir Elevation,3725.7
2026-08-07 07:43:23,Southern District,Haiwee LAA #1 Current Flow,0.0
2026-08-07 07:43:23,Southern District,Fairmont Reservoir Elevation,3026.8
2026-08-07 07:43:23,Southern District,LAA #1 Flow at Fairmont Reservoir,391.5
2026-08-07 07:43:23,Southern District,LAA #2 Flow at Fairmont Res.,203.5
2026-08-07 07:43:23,Southern District,Bouquet Reservoir Elevation,2983.0
2026-08-07 07:43:23,Southern District,Bouquet Reservoir Inflow,18.5
2026-08-07 07:43:23,Southern District,Bouquet Reservoir Outflow,0.5
2026-08-07 07:43:23,Southern District,LAA #1 at Soledad Flow,267.9
2026-08-07 07:43:23,Southern District,LAA #2 at Soledad Flow,257.6
2026-08-07 07:58:22,Northern Owens Valley,Tinemaha Elevation,3860.6
2026-08-07 07:58:22,Southern Owens Valley,Tinemaha Elevation,3860.6
2026-08-07 08:13:22,Mono Basin,Lee Vining Intake Above Flow,33.3
2026-08-07 08:13:22,Mono Basin,Lee Vining Intake Below Flow,29.6
2026-08-07 08:13:22,Mono Basin,Mono Lk. Elevation,6382.4
2026-08-07 08:13:22,Mono Basin,Walker Ck. Above Conduit Flow,4.0
2026-08-07 08:13:22,Mono Basin,L.V. Conduit Below Intake Flow,2.3
2026-08-07 08:13:22,Mono Basin,Walker Ck. Under Conduit Flow,4.0
2026-08-07 08:13:22,Mono Basin,Parker Ck. Under Conduit Flow,13.0
2026-08-07 08:13:22,Mono Basin,Parker Ck. Above Conduit Flow,15.0
2026-08-07 08:13:22,Mono Basin,Grant Lk. Spill Flow,0.0
2026-08-07 08:13:22,Mono Basin,Mono Gate 1 Return Ditch Flow,40.6
2026-08-07 08:13:22,Mono Basin,Grant Lk. Elevation,7130.0
2026-08-07 08:13:22,Mono Basin,Grant Lk. Outflow,40.4
2026-08-07 08:13:22,Mono Basin,Rush Ck. at Damsite Flow,16.3
2026-08-07 08:13:22,Mono Basin,Flow to West Portal,0.0
2026-08-07 08:13:22,Long Valley,East Portal Flow,12.0
2026-08-07 08:13:22,Long Valley,OR Below EP Flow,57.0
2026-08-07 08:13:22,Long Valley,Hot Ck.at Hwy. Flow,7.0
2026-08-07 08:13:22,Long Valley,McGee Ck. Lower Sta. Flow,8.3
2026-08-07 08:13:22,Long Valley,Long Valley Elevation,6773.8
2026-08-07 08:13:22,Long Valley,Long Valley Current Outflow,590.2
2026-08-07 08:13:22,Long Valley,Rock Ck. Div. Flow,0.1
2026-08-07 08:13:22,Long Valley,Upper Gorge Total Release,41.9
2026-08-07 08:13:22,Long Valley,Release at Middle Gorge,0.0
2026-08-07 08:13:22,Northern Owens Valley,Rock Ck. At Owens River (PV) Flow,27.0
2026-08-07 08:13:22,Northern Owens Valley,Pleasant Valley Elevation,4385.7
2026-08-07 08:13:22,Northern Owens Valley,Pleasant Valley Outflow,501.5
2026-08-07 08:13:22,Northern Owens Valley,Baker Ck. At LA Station Flow,7.4
2026-08-07 08:13:22,Northern Owens Valley,Big Pine Ck. USGS Flow,49.8
2026-08-07 08:13:22,Northern Owens Valley,O.R. Below Big Pine,446.2
2026-08-07 08:13:22,Northern Owens Valley,Fish Springs At RR Flow,36.0
2026-08-07 08:13:22,Northern Owens Valley,Bishop Creek Through Plant 6,101.3
2026-08-07 08:13:22,Northern Owens Valley,Bishop Creek Around Plant 6,7.8
2026-08-07 08:28:22,Mono Basin,Lee Vining Intake Above Flow,33.3
2026-08-07 08:28:22,Mono Basin,Lee Vining Intake Below Flow,29.6
2026-08-07 08:28:22,Mono Basin,Mono Lk. Elevation,6382.4
2026-08-07 08:28:22,Mono Basin,Walker Ck. Above Conduit Flow,4.0
2026-08-07 08:28:22,Mono Basin,L.V. Conduit Below Intake Flow,2.3
2026-08-07 08:28:22,Mono Basin,Walker Ck. Under Conduit Flow,4.0
2026-08-07 08:28:22,Mono Basin,Parker Ck. Under Conduit Flow,13.0
2026-08-07 08:28:22,Mono Basin,Parker Ck. Above Conduit Flow,15.0
2026-08-07 08:28:22,Mono Basin,Grant Lk. Spill Flow,0.0
2026-08-07 08:28:22,Mono Basin,Mono Gate 1 Return Ditch Flow,40.6
2026-08-07 08:28:22,Mono Basin,Grant Lk. Elevation,7130.0
2026-08-07 08:28:22,Mono Basin,Grant Lk. Outflow,40.8
2026-08-07 08:28:22,Mono Basin,Rush Ck. at Damsite Flow,16.3
2026-08-07 08:28:22,Mono Basin,Flow to West Portal,0.0
2026-08-07 08:28:22,Long Valley,East Portal Flow,12.0
2026-08-07 08:28:22,Long Valley,OR Below EP Flow,57.0
2026-08-07 08:28:22,Long Valley,Hot Ck.at Hwy. Flow,7.0
2026-08-07 08:28:22,Long Valley,McGee Ck. Lower Sta. Flow,8.3
2026-08-07 08:28:22,Long Valley,Long Valley Elevation,6773.8
2026-08-07 08:28:22,Long Valley,Long Valley Current Outflow,590.2
2026-08-07 08:28:22,Long Valley,Rock Ck. Div. Flow,0.1
2026-08-07 08:28:22,Long Valley,Upper Gorge Total Release,41.7
2026-08-07 08:28:22,Long Valley,Release at Middle Gorge,0.0
2026-08-07 08:28:22,Northern Owens Valley,Rock Ck. At Owens River (PV) Flow,27.0
2026-08-07 08:28:22,Northern Owens Valley,Pleasant Valley Elevation,4385.8
2026-08-07 08:28:22,Northern Owens Valley,Pleasant Valley Outflow,501.2
2026-08-07 08:28:22,Northern Owens Valley,Baker Ck. At LA Station Flow,7.4
2026-08-07 08:28:22,Northern Owens Valley,Big Pine Ck. USGS Flow,49.8
2026-08-07 08:28:22,Northern Owens Valley,O.R. Below Big Pine,448.3
2026-08-07 08:28:22,Northern Owens Valley,Fish Springs At RR Flow,36.0
2026-08-07 08:28:22,Northern Owens Valley,Tinemaha Elevation,3860.6
2026-08-07 08:28:22,Northern Owens Valley,Bishop Creek Through Plant 6,101.3
2026-08-07 08:28:22,Northern Owens Valley,Bishop Creek Around Plant 6,7.8
2026-08-07 08:28:22,Southern Owens Valley,Tinemaha Elevation,3860.6
2026-08-07 08:43:23,Mono Basin,Lee Vining Intake Above Flow,33.2
2026-08-07 08:43:23,Mono Basin,Lee Vining Intake Below Flow,29.7
2026-08-07 08:43:23,Mono Basin,Walker Ck. Above Conduit Flow,4.0
2026-08-07 08:43:23,Mono Basin,L.V. Conduit Below Intake Flow,2.3
2026-08-07 08:43:23,Mono Basin,Walker Ck. Under Conduit Flow,4.0
2026-08-07 08:43:23,Mono Basin,Parker Ck. Under Conduit Flow,13.0
2026-08-07 08:43:23,Mono Basin,Parker Ck. Above Conduit Flow,15.0
2026-08-07 08:43:23,Mono Basin,Grant Lk. Spill Flow,0.0
2026-08-07 08:43:23,Mono Basin,Mono Gate 1 Return Ditch Flow,40.6
2026-08-07 08:43:23,Mono Basin,Grant Lk. Outflow,40.8
2026-08-07 08:43:23,Mono Basin,Rush Ck. at Damsite Flow,16.3
2026-08-07 08:43:23,Mono Basin,Flow to West Portal,0.0
2026-08-07 08:43:23,Long Valley,East Portal Flow,12.0
2026-08-07 08:43:23,Long Valley,OR Below EP Flow,57.0
2026-08-07 08:43:23,Long Valley,Hot Ck.at Hwy. Flow,7.0
2026-08-07 08:43:23,Long Valley,McGee Ck. Lower Sta. Flow,8.3
2026-08-07 08:43:23,Long Valley,Long Valley Current Outflow,590.2
2026-08-07 08:43:23,Long Valley,Rock Ck. Div. Flow,0.1
2026-08-07 08:43:23,Long Valley,Upper Gorge Total Release,41.6
2026-08-07 08:43:23,Long Valley,Release at Middle Gorge,0.0
2026-08-07 08:43:23,Northern Owens Valley,Rock Ck. At Owens River (PV) Flow,27.1
2026-08-07 08:43:23,Northern Owens Valley,Pleasant Valley Outflow,501.8
2026-08-07 08:43:23,Northern Owens Valley,Baker Ck. At LA Station Flow,7.4
2026-08-07 08:43:23,Northern Owens Valley,Big Pine Ck. USGS Flow,49.8
2026-08-07 08:43:23,Northern Owens Valley,O.R. Below Big Pine,447.5
2026-08-07 08:43:23,Northern Owens Valley,Fish Springs At RR Flow,36.0
2026-08-07 08:43:23,Northern Owens Valley,Tinemaha Reservoir Outflow,378.3
2026-08-07 08:43:23,Northern Owens Valley,Bishop Creek Through Plant 6,102.7
2026-08-07 08:43:23,Northern Owens Valley,Bishop Creek Around Plant 6,7.7
2026-08-07 08:43:23,Southern Owens Valley,Tinemaha Reservoir Outflow,378.3
2026-08-07 08:43:23,Southern Owens Valley,Indep. Ck. At Junction Flow,7.9
2026-08-07 08:43:23,Southern Owens Valley,LAA at Alabama Flow,314.0
2026-08-07 08:43:23,Southern Owens Valley,Cottonwood Ck. At LAA Flow,0.0
2026-08-07 08:43:23,Southern Owens Valley,LAA at Cottonwood Flow,394.0
2026-08-07 08:43:23,Southern Owens Valley,Haiwee LAA #1 Current Flow,0.0
2026-08-07 08:43:23,Southern Owens Valley,Haiwee LAA #2 Current Flow,194.2
2026-08-07 08:43:23,Southern Owens Valley,Reinhackel Flow,3.0
2026-08-07 08:43:23,Southern Owens Valley,Lubkin Spillgate Outflow,0.0
2026-08-07 08:43:23,Southern Owens Valley,Cartago Spillgate Outflow,25.1
2026-08-07 08:43:23,Southern Owens Valley,Lone Pine Creek Flow,13.0
2026-08-07 08:43:23,Lower Owens River Project,LORP Intake Flow,81.0
2026-08-07 08:43:23,Lower Owens River Project,LORP at Mazourka Canyon Road,0.0
2026-08-07 08:43:23,Lower Owens River Project,LORP at Reinhackle Springs,75.0
2026-08-07 08:43:23,Lower Owens River Project,LORP Above Pumpstation,40.0
2026-08-07 08:43:23,Lower Owens River Project,LORP At Pump Station Discharge Flow,37.0
2026-08-07 08:43:23,Southern District,Haiwee LAA #2 Current Flow,194.2
2026-08-07 08:43:23,Southern District,Haiwee LAA #1 Current Flow,0.0
2026-08-07 08:43:23,Southern District,LAA #1 Flow at Fairmont Reservoir,402.9
2026-08-07 08:43:23,Southern District,LAA #2 Flow at Fairmont Res.,203.4
2026-08-07 08:43:23,Southern District,Bouquet Reservoir Inflow,19.0
2026-08-07 08:43:23,Southern District,Bouquet Reservoir Outflow,0.7
2026-08-07 08:43:23,Southern District,LAA #1 at Soledad Flow,267.9
2026-08-07 08:43:23,Southern District,LAA #2 at Soledad Flow,257.6
2026-08-07 08:43:24,Mono Basin,Mono Lk. Elevation,6382.4
2026-08-07 08:43:24,Mono Basin,Grant Lk. Elevation,7130.0
2026-08-07 08:43:24,Long Valley,Long Valley Elevation,6773.8
2026-08-07 08:43:24,Northern Owens Valley,Pleasant Valley Elevation,4385.8
2026-08-07 08:43:24,Southern Owens Valley,LAA at Alabama Level,6.9
2026-08-07 08:43:24,Southern Owens Valley,LAA at Alabama Water Temp,72.9
2026-08-07 08:43:24,Southern Owens Valley,LAA at Cottonwood Level,8.2
2026-08-07 08:43:24,Southern Owens Valley,LAA at Cotton. Water Temp,74.2
2026-08-07 08:43:24,Southern Owens Valley,N. Haiwee Elevation,3756.8
2026-08-07 08:43:24,Southern Owens Valley,S. Haiwee Reservoir Elevation,3725.7
2026-08-07 08:43:24,Southern District,S. Haiwee Reservoir Elevation,3725.7
2026-08-07 08:43:24,Southern District,Fairmont Reservoir Elevation,3026.8
2026-08-07 08:43:24,Southern District,Bouquet Reservoir Elevation,2983.0
2026-08-07 08:58:21,Mono Basin,Lee Vining Intake Above Flow,33.2
2026-08-07 08:58:21,Mono Basin,Lee Vining Intake Below Flow,29.7
2026-08-07 08:58:21,Mono Basin,Walker Ck. Above Conduit Flow,4.0
2026-08-07 08:58:21,Mono Basin,L.V. Conduit Below Intake Flow,2.3
2026-08-07 08:58:21,Mono Basin,Walker Ck. Under Conduit Flow,4.0
2026-08-07 08:58:21,Mono Basin,Parker Ck. Under Conduit Flow,13.0
2026-08-07 08:58:21,Mono Basin,Parker Ck. Above Conduit Flow,15.0
2026-08-07 08:58:21,Mono Basin,Grant Lk. Spill Flow,0.0
2026-08-07 08:58:21,Mono Basin,Mono Gate 1 Return Ditch Flow,40.6
2026-08-07 08:58:21,Mono Basin,Grant Lk. Outflow,40.8
2026-08-07 08:58:21,Mono Basin,Rush Ck. at Damsite Flow,16.3
2026-08-07 08:58:21,Mono Basin,Flow to West Portal,0.0
2026-08-07 08:58:21,Long Valley,East Portal Flow,13.0
2026-08-07 08:58:21,Long Valley,OR Below EP Flow,57.0
2026-08-07 08:58:21,Long Valley,Hot Ck.at Hwy. Flow,7.0
2026-08-07 08:58:21,Long Valley,McGee Ck. Lower Sta. Flow,8.3
2026-08-07 08:58:21,Long Valley,Long Valley Current Outflow,590.2
2026-08-07 08:58:21,Long Valley,Rock Ck. Div. Flow,0.1
2026-08-07 08:58:21,Long Valley,Upper Gorge Total Release,41.8
2026-08-07 08:58:21,Long Valley,Release at Middle Gorge,0.0
2026-08-07 08:58:21,Northern Owens Valley,Rock Ck. At Owens River (PV) Flow,27.1
2026-08-07 08:58:21,Northern Owens Valley,Pleasant Valley Outflow,502.2
2026-08-07 08:58:21,Northern Owens Valley,Baker Ck. At LA Station Flow,7.4
2026-08-07 08:58:21,Northern Owens Valley,Big Pine Ck. USGS Flow,49.8
2026-08-07 08:58:21,Northern Owens Valley,O.R. Below Big Pine,447.5
2026-08-07 08:58:21,Northern Owens Valley,Fish Springs At RR Flow,36.0
2026-08-07 08:58:21,Northern Owens Valley,Bishop Creek Through Plant 6,102.7
2026-08-07 08:58:21,Northern Owens Valley,Bishop Creek Around Plant 6,7.7
2026-08-07 08:58:22,Mono Basin,Mono Lk. Elevation,6382.4
2026-08-07 08:58:22,Mono Basin,Grant Lk. Elevation,7130.0
2026-08-07 08:58:22,Long Valley,Long Valley Elevation,6773.8
2026-08-07 08:58:22,Northern Owens Valley,Pleasant Valley Elevation,4385.9
2026-08-07 08:58:22,Northern Owens Valley,Tinemaha Elevation,3860.6
2026-08-07 08:58:22,Southern Owens Valley,Tinemaha Elevation,3860.6
2026-08-07 09:13:22,Mono Basin,Lee Vining Intake Above Flow,33.2
2026-08-07 09:13:22,Mono Basin,Lee Vining Intake Below Flow,29.6
2026-08-07 09:13:22,Mono Basin,Mono Lk. Elevation,6382.4
2026-08-07 09:13:22,Mono Basin,Walker Ck. Above Conduit Flow,4.0
2026-08-07 09:13:22,Mono Basin,L.V. Conduit Below Intake Flow,2.3
2026-08-07 09:13:22,Mono Basin,Walker Ck. Under Conduit Flow,4.0
2026-08-07 09:13:22,Mono Basin,Parker Ck. Under Conduit Flow,14.0
2026-08-07 09:13:22,Mono Basin,Parker Ck. Above Conduit Flow,15.0
2026-08-07 09:13:22,Mono Basin,Grant Lk. Spill Flow,0.0
2026-08-07 09:13:22,Mono Basin,Mono Gate 1 Return Ditch Flow,40.6
2026-08-07 09:13:22,Mono Basin,Grant Lk. Elevation,7130.0
2026-08-07 09:13:22,Mono Basin,Grant Lk. Outflow,40.8
2026-08-07 09:13:22,Mono Basin,Rush Ck. at Damsite Flow,16.3
2026-08-07 09:13:22,Mono Basin,Flow to West Portal,0.0
2026-08-07 09:13:22,Long Valley,East Portal Flow,13.0
2026-08-07 09:13:22,Long Valley,OR Below EP Flow,57.0
2026-08-07 09:13:22,Long Valley,Hot Ck.at Hwy. Flow,7.0
2026-08-07 09:13:22,Long Valley,McGee Ck. Lower Sta. Flow,8.3
2026-08-07 09:13:22,Long Valley,Long Valley Elevation,6773.8
2026-08-07 09:13:22,Long Valley,Long Valley Current Outflow,588.5
2026-08-07 09:13:22,Long Valley,Rock Ck. Div. Flow,0.1
2026-08-07 09:13:22,Long Valley,Upper Gorge Total Release,41.8
2026-08-07 09:13:22,Long Valley,Release at Middle Gorge,0.0
2026-08-07 09:13:22,Northern Owens Valley,Rock Ck. At Owens River (PV) Flow,27.1
2026-08-07 09:13:22,Northern Owens Valley,Pleasant Valley Elevation,4385.9
2026-08-07 09:13:22,Northern Owens Valley,Pleasant Valley Outflow,502.4
2026-08-07 09:13:22,Northern Owens Valley,Baker Ck. At LA Station Flow,7.4
2026-08-07 09:13:22,Northern Owens Valley,Big Pine Ck. USGS Flow,49.8
2026-08-07 09:13:22,Northern Owens Valley,O.R. Below Big Pine,448.2
2026-08-07 09:13:22,Northern Owens Valley,Fish Springs At RR Flow,36.0
2026-08-07 09:13:22,Northern Owens Valley,Tinemaha Reservoir Outflow,378.3
2026-08-07 09:13:22,Northern Owens Valley,Bishop Creek Through Plant 6,102.7
2026-08-07 09:13:22,Northern Owens Valley,Bishop Creek Around Plant 6,7.7
2026-08-07 09:13:22,Southern Owens Valley,Tinemaha Reservoir Outflow,378.3
2026-08-07 09:13:22,Southern Owens Valley,Indep. Ck. At Junction Flow,7.9
2026-08-07 09:13:22,Southern Owens Valley,LAA at Alabama Flow,314.0
2026-08-07 09:13:22,Southern Owens Valley,LAA at Alabama Level,6.9
2026-08-07 09:13:22,Southern Owens Valley,LAA at Alabama Water Temp,72.9
2026-08-07 09:13:22,Southern Owens Valley,Cottonwood Ck. At LAA Flow,0.0
2026-08-07 09:13:22,Southern Owens Valley,LAA at Cottonwood Flow,393.0
2026-08-07 09:13:22,Southern Owens Valley,LAA at Cottonwood Level,8.2
2026-08-07 09:13:22,Southern Owens Valley,LAA at Cotton. Water Temp,74.3
2026-08-07 09:13:22,Southern Owens Valley,N. Haiwee Elevation,3756.8
2026-08-07 09:13:22,Southern Owens Valley,S. Haiwee Reservoir Elevation,3725.7
2026-08-07 09:13:22,Southern Owens Valley,Haiwee LAA #1 Current Flow,0.0
2026-08-07 09:13:22,Southern Owens Valley,Haiwee LAA #2 Current Flow,194.2
2026-08-07 09:13:22,Southern Owens Valley,Reinhackel Flow,3.0
2026-08-07 09:13:22,Southern Owens Valley,Lubkin Spillgate Outflow,0.0
2026-08-07 09:13:22,Southern Owens Valley,Cartago Spillgate Outflow,24.9
2026-08-07 09:13:22,Southern Owens Valley,Lone Pine Creek Flow,13.1
2026-08-07 09:13:22,Lower Owens River Project,LORP Intake Flow,81.0
2026-08-07 09:13:22,Lower Owens River Project,LORP at Mazourka Canyon Road,0.0
2026-08-07 09:13:22,Lower Owens River Project,LORP at Reinhackle Springs,75.0
2026-08-07 09:13:22,Lower Owens River Project,LORP Above Pumpstation,51.0
2026-08-07 09:13:22,Lower Owens River Project,LORP At Pump Station Discharge Flow,48.0
2026-08-07 09:13:22,Southern District,Haiwee LAA #2 Current Flow,194.2
2026-08-07 09:13:22,Southern District,S. Haiwee Reservoir Elevation,3725.7
2026-08-07 09:13:22,Southern District,Haiwee LAA #1 Current Flow,0.0
2026-08-07 09:13:22,Southern District,Fairmont Reservoir Elevation,3026.8
2026-08-07 09:13:22,Southern District,LAA #1 Flow at Fairmont Reservoir,396.6
2026-08-07 09:13:22,Southern District,LAA #2 Flow at Fairmont Res.,203.2
2026-08-07 09:13:22,Southern District,Bouquet Reservoir Elevation,2983.0
2026-08-07 09:13:22,Southern District,Bouquet Reservoir Inflow,18.7
2026-08-07 09:13:22,Southern District,Bouquet Reservoir Outflow,0.7
2026-08-07 09:13:22,Southern District,LAA #1 at Soledad Flow,267.9
2026-08-07 09:13:22,Southern District,LAA #2 at Soledad Flow,257.6
2026-08-07 09:28:22,Mono Basin,Lee Vining Intake Above Flow,33.2
2026-08-07 09:28:22,Mono Basin,Lee Vining Intake Below Flow,29.6
2026-08-07 09:28:22,Mono Basin,Mono Lk. Elevation,6382.4
2026-08-07 09:28:22,Mono Basin,Walker Ck. Above Conduit Flow,4.0
2026-08-07 09:28:22,Mono Basin,L.V. Conduit Below Intake Flow,2.3
2026-08-07 09:28:22,Mono Basin,Walker Ck. Under Conduit Flow,5.0
2026-08-07 09:28:22,Mono Basin,Parker Ck. Under Conduit Flow,14.0
2026-08-07 09:28:22,Mono Basin,Parker Ck. Above Conduit Flow,15.0
2026-08-07 09:28:22,Mono Basin,Grant Lk. Spill Flow,0.0
2026-08-07 09:28:22,Mono Basin,Mono Gate 1 Return Ditch Flow,40.4
2026-08-07 09:28:22,Mono Basin,Grant Lk. Elevation,7130.0
2026-08-07 09:28:22,Mono Basin,Grant Lk. Outflow,40.7
2026-08-07 09:28:22,Mono Basin,Rush Ck. at Damsite Flow,16.3
2026-08-07 09:28:22,Mono Basin,Flow to West Portal,0.0
2026-08-07 09:28:22,Long Valley,East Portal Flow,13.0
2026-08-07 09:28:22,Long Valley,OR Below EP Flow,57.0
2026-08-07 09:28:22,Long Valley,Hot Ck.at Hwy. Flow,7.0
2026-08-07 09:28:22,Long Valley,McGee Ck. Lower Sta. Flow,8.3
2026-08-07 09:28:22,Long Valley,Long Valley Elevation,6773.8
2026-08-07 09:28:22,Long Valley,Long Valley Current Outflow,588.5
2026-08-07 09:28:22,Long Valley,Rock Ck. Div. Flow,0.1
2026-08-07 09:28:22,Long Valley,Upper Gorge Total Release,41.7
2026-08-07 09:28:22,Long Valley,Release at Middle Gorge,0.0
2026-08-07 09:28:22,Northern Owens Valley,Rock Ck. At Owens River (PV) Flow,27.1
2026-08-07 09:28:22,Northern Owens Valley,Pleasant Valley Elevation,4385.9
2026-08-07 09:28:22,Northern Owens Valley,Pleasant Valley Outflow,502.7
2026-08-07 09:28:22,Northern Owens Valley,Baker Ck. At LA Station Flow,7.4
2026-08-07 09:28:22,Northern Owens Valley,Big Pine Ck. USGS Flow,49.8
2026-08-07 09:28:22,Northern Owens Valley,O.R. Below Big Pine,448.8
2026-08-07 09:28:22,Northern Owens Valley,Fish Springs At RR Flow,36.0
2026-08-07 09:28:22,Northern Owens Valley,Tinemaha Elevation,3860.6
2026-08-07 09:28:22,Northern Owens Valley,Tinemaha Reservoir Outflow,378.3
2026-08-07 09:28:22,Northern Owens Valley,Bishop Creek Through Plant 6,102.7
2026-08-07 09:28:22,Northern Owens Valley,Bishop Creek Around Plant 6,7.7
2026-08-07 09:28:22,Southern Owens Valley,Tinemaha Elevation,3860.6
2026-08-07 09:28:22,Southern Owens Valley,Tinemaha Reservoir Outflow,378.3
2026-08-07 09:28:22,Southern Owens Valley,Indep. Ck. At Junction Flow,7.9
2026-08-07 09:28:22,Southern Owens Valley,LAA at Alabama Flow,314.0
2026-08-07 09:28:22,Southern Owens Valley,LAA at Alabama Level,6.9
2026-08-07 09:28:22,Southern Owens Valley,LAA at Alabama Water Temp,72.9
2026-08-07 09:28:22,Southern Owens Valley,Cottonwood Ck. At LAA Flow,0.0
2026-08-07 09:28:22,Southern Owens Valley,LAA at Cottonwood Flow,393.0
2026-08-07 09:28:22,Southern Owens Valley,LAA at Cottonwood Level,8.2
2026-08-07 09:28:22,Southern Owens Valley,LAA at Cotton. Water Temp,74.4
2026-08-07 09:28:22,Southern Owens Valley,N. Haiwee Elevation,3756.8
2026-08-07 09:28:22,Southern Owens Valley,S. Haiwee Reservoir Elevation,3725.7
2026-08-07 09:28:22,Southern Owens Valley,Haiwee LAA #1 Current Flow,0.0
2026-08-07 09:28:22,Southern Owens Valley,Haiwee LAA #2 Current Flow,194.2
2026-08-07 09:28:22,Southern Owens Valley,Reinhackel Flow,3.0
2026-08-07 09:28:22,Southern Owens Valley,Lubkin Spillgate Outflow,0.0
2026-08-07 09:28:22,Southern Owens Valley,Cartago Spillgate Outflow,24.0
2026-08-07 09:28:22,Southern Owens Valley,Lone Pine Creek Flow,13.1
2026-08-07 09:28:22,Lower Owens River Project,LORP Intake Flow,81.0
2026-08-07 09:28:22,Lower Owens River Project,LORP at Mazourka Canyon Road,0.0
2026-08-07 09:28:22,Lower Owens River Project,LORP at Reinhackle Springs,74.0
2026-08-07 09:28:22,Lower Owens River Project,LORP Above Pumpstation,51.0
2026-08-07 09:28:22,Lower Owens River Project,LORP At Pump Station Discharge Flow,48.0
2026-08-07 09:28:22,Southern District,Haiwee LAA #2 Current Flow,194.2
2026-08-07 09:28:22,Southern District,S. Haiwee Reservoir Elevation,3725.7
2026-08-07 09:28:22,Southern District,Haiwee LAA #1 Current Flow,0.0
2026-08-07 09:28:22,Southern District,Fairmont Reservoir Elevation,3026.8
2026-08-07 09:28:22,Southern District,LAA #1 Flow at Fairmont Reservoir,404.4
2026-08-07 09:28:22,Southern District,LAA #2 Flow at Fairmont Res.,203.2
2026-08-07 09:28:22,Southern District,Bouquet Reservoir Elevation,2983.0
2026-08-07 09:28:22,Southern District,Bouquet Reservoir Inflow,18.1
2026-08-07 09:28:22,Southern District,Bouquet Reservoir Outflow,0.7
2026-08-07 09:28:22,Southern District,LAA #1 at Soledad Flow,267.9
2026-08-07 09:28:22,Southern District,LAA #2 at Soledad Flow,257.6
2026-08-07 09:43:23,Mono Basin,Lee Vining Intake Above Flow,33.3
2026-08-07 09:43:23,Mono Basin,Lee Vining Intake Below Flow,29.7
2026-08-07 09:43:23,Mono Basin,Mono Lk. Elevation,6382.4
2026-08-07 09:43:23,Mono Basin,Walker Ck. Above Conduit Flow,4.0
2026-08-07 09:43:23,Mono Basin,L.V. Conduit Below Intake Flow,2.4
2026-08-07 09:43:23,Mono Basin,Walker Ck. Under Conduit Flow,5.0
2026-08-07 09:43:23,Mono Basin,Parker Ck. Under Conduit Flow,14.0
2026-08-07 09:43:23,Mono Basin,Parker Ck. Above Conduit Flow,15.0
2026-08-07 09:43:23,Mono Basin,Grant Lk. Spill Flow,0.0
2026-08-07 09:43:23,Mono Basin,Mono Gate 1 Return Ditch Flow,40.4
2026-08-07 09:43:23,Mono Basin,Grant Lk. Elevation,7130.0
2026-08-07 09:43:23,Mono Basin,Grant Lk. Outflow,40.7
2026-08-07 09:43:23,Mono Basin,Rush Ck. at Damsite Flow,16.3
2026-08-07 09:43:23,Mono Basin,Flow to West Portal,0.0
2026-08-07 09:43:23,Long Valley,East Portal Flow,13.0
2026-08-07 09:43:23,Long Valley,OR Below EP Flow,57.0
2026-08-07 09:43:23,Long Valley,Hot Ck.at Hwy. Flow,7.0
2026-08-07 09:43:23,Long Valley,McGee Ck. Lower Sta. Flow,8.3
2026-08-07 09:43:23,Long Valley,Long Valley Elevation,6773.8
2026-08-07 09:43:23,Long Valley,Long Valley Current Outflow,588.5
2026-08-07 09:43:23,Long Valley,Rock Ck. Div. Flow,0.1
2026-08-07 09:43:23,Long Valley,Upper Gorge Total Release,42.5
2026-08-07 09:43:23,Long Valley,Release at Middle Gorge,0.0
2026-08-07 09:43:23,Northern Owens Valley,Rock Ck. At Owens River (PV) Flow,27.1
2026-08-07 09:43:23,Northern Owens Valley,Pleasant Valley Elevation,4386.0
2026-08-07 09:43:23,Northern Owens Valley,Pleasant Valley Outflow,502.7
2026-08-07 09:43:23,Northern Owens Valley,Baker Ck. At LA Station Flow,7.4
2026-08-07 09:43:23,Northern Owens Valley,Big Pine Ck. USGS Flow,49.8
2026-08-07 09:43:23,Northern Owens Valley,O.R. Below Big Pine,448.5
2026-08-07 09:43:23,Northern Owens Valley,Fish Springs At RR Flow,36.0
2026-08-07 09:43:23,Northern Owens Valley,Tinemaha Reservoir Outflow,378.3
2026-08-07 09:43:23,Northern Owens Valley,Bishop Creek Through Plant 6,102.7
2026-08-07 09:43:23,Northern Owens Valley,Bishop Creek Around Plant 6,7.7
2026-08-07 09:43:23,Southern Owens Valley,Tinemaha Reservoir Outflow,378.3
2026-08-07 09:43:23,Southern Owens Valley,Indep. Ck. At Junction Flow,7.9
2026-08-07 09:43:23,Southern Owens Valley,LAA at Alabama Flow,314.0
2026-08-07 09:43:23,Southern Owens Valley,LAA at Alabama Level,6.9
2026-08-07 09:43:23,Southern Owens Valley,LAA at Alabama Water Temp,72.9
2026-08-07 09:43:23,Southern Owens Valley,Cottonwood Ck. At LAA Flow,0.0
2026-08-07 09:43:23,Southern Owens Valley,LAA at Cottonwood Flow,393.0
2026-08-07 09:43:23,Southern Owens Valley,LAA at Cottonwood Level,8.2
2026-08-07 09:43:23,Southern Owens Valley,LAA at Cotton. Water Temp,74.6
2026-08-07 09:43:23,Southern Owens Valley,N. Haiwee Elevation,3756.8
2026-08-07 09:43:23,Southern Owens Valley,S. Haiwee Reservoir Elevation,3725.7
2026-08-07 09:43:23,Southern Owens Valley,Haiwee LAA #1 Current Flow,0.0
2026-08-07 09:43:23,Southern Owens Valley,Haiwee LAA #2 Current Flow,194.2
2026-08-07 09:43:23,Southern Owens Valley,Reinhackel Flow,3.0
2026-08-07 09:43:23,Southern Owens Valley,Lubkin Spillgate Outflow,0.0
2026-08-07 09:43:23,Southern Owens Valley,Cartago Spillgate Outflow,24.0
2026-08-07 09:43:23,Southern Owens Valley,Lone Pine Creek Flow,12.7
2026-08-07 09:43:23,Lower Owens River Project,LORP Intake Flow,81.0
2026-08-07 09:43:23,Lower Owens River Project,LORP at Mazourka Canyon Road,0.0
2026-08-07 09:43:23,Lower Owens River Project,LORP at Reinhackle Springs,74.0
2026-08-07 09:43:23,Lower Owens River Project,LORP Above Pumpstation,51.0
2026-08-07 09:43:23,Lower Owens River Project,LORP At Pump Station Discharge Flow,48.0
2026-08-07 09:43:23,Southern District,Haiwee LAA #2 Current Flow,194.2
2026-08-07 09:43:23,Southern District,S. Haiwee Reservoir Elevation,3725.7
2026-08-07 09:43:23,Southern District,Haiwee LAA #1 Current Flow,0.0
2026-08-07 09:43:23,Southern District,Fairmont Reservoir Elevation,3026.9
2026-08-07 09:43:23,Southern District,LAA #1 Flow at Fairmont Reservoir,398.6
2026-08-07 09:43:23,Southern District,LAA #2 Flow at Fairmont Res.,203.6
2026-08-07 09:43:23,Southern District,Bouquet Reservoir Elevation,2983.0
2026-08-07 09:43:23,Southern District,Bouquet Reservoir Inflow,15.8
2026-08-07 09:43:23,Southern District,Bouquet Reservoir Outflow,0.7
2026-08-07 09:43:23,Southern District,LAA #1 at Soledad Flow,267.9
2026-08-07 09:43:23,Southern District,LAA #2 at Soledad Flow,257.6
2026-08-07 09:58:22,Mono Basin,Lee Vining Intake Above Flow,33.3
2026-08-07 09:58:22,Mono Basin,Lee Vining Intake Below Flow,29.7
2026-08-07 09:58:22,Mono Basin,Mono Lk. Elevation,6382.4
2026-08-07 09:58:22,Mono Basin,Walker Ck. Above Conduit Flow,4.0
2026-08-07 09:58:22,Mono Basin,L.V. Conduit Below Intake Flow,2.4
2026-08-07 09:58:22,Mono Basin,Walker Ck. Under Conduit Flow,5.0
2026-08-07 09:58:22,Mono Basin,Parker Ck. Under Conduit Flow,14.0
2026-08-07 09:58:22,Mono Basin,Parker Ck. Above Conduit Flow,15.0
2026-08-07 09:58:22,Mono Basin,Grant Lk. Spill Flow,0.0
2026-08-07 09:58:22,Mono Basin,Mono Gate 1 Return Ditch Flow,40.4
2026-08-07 09:58:22,Mono Basin,Grant Lk. Elevation,7130.0
2026-08-07 09:58:22,Mono Basin,Grant Lk. Outflow,40.7
2026-08-07 09:58:22,Mono Basin,Rush Ck. at Damsite Flow,16.3
2026-08-07 09:58:22,Mono Basin,Flow to West Portal,0.0
2026-08-07 09:58:22,Long Valley,East Portal Flow,13.0
2026-08-07 09:58:22,Long Valley,OR Below EP Flow,57.0
2026-08-07 09:58:22,Long Valley,Hot Ck.at Hwy. Flow,7.0
2026-08-07 09:58:22,Long Valley,McGee Ck. Lower Sta. Flow,8.3
2026-08-07 09:58:22,Long Valley,Long Valley Elevation,6773.8
2026-08-07 09:58:22,Long Valley,Long Valley Current Outflow,586.7
2026-08-07 09:58:22,Long Valley,Rock Ck. Div. Flow,0.1
2026-08-07 09:58:22,Long Valley,Upper Gorge Total Release,41.8
2026-08-07 09:58:22,Long Valley,Release at Middle Gorge,0.0
2026-08-07 09:58:22,Northern Owens Valley,Rock Ck. At Owens River (PV) Flow,27.1
2026-08-07 09:58:22,Northern Owens Valley,Pleasant Valley Elevation,4386.0
2026-08-07 09:58:22,Northern Owens Valley,Pleasant Valley Outflow,502.4
2026-08-07 09:58:22,Northern Owens Valley,Baker Ck. At LA Station Flow,7.4
2026-08-07 09:58:22,Northern Owens Valley,Big Pine Ck. USGS Flow,49.8
2026-08-07 09:58:22,Northern Owens Valley,O.R. Below Big Pine,449.2
2026-08-07 09:58:22,Northern Owens Valley,Fish Springs At RR Flow,36.0
2026-08-07 09:58:22,Northern Owens Valley,Tinemaha Elevation,3860.6
2026-08-07 09:58:22,Northern Owens Valley,Tinemaha Reservoir Outflow,378.3
2026-08-07 09:58:22,Northern Owens Valley,Bishop Creek Through Plant 6,102.9
2026-08-07 09:58:22,Northern Owens Valley,Bishop Creek Around Plant 6,7.5
2026-08-07 09:58:22,Southern Owens Valley,Tinemaha Elevation,3860.6
2026-08-07 09:58:22,Southern Owens Valley,Tinemaha Reservoir Outflow,378.3
2026-08-07 09:58:22,Southern Owens Valley,Indep. Ck. At Junction Flow,7.9
2026-08-07 09:58:22,Southern Owens Valley,LAA at Alabama Flow,314.0
2026-08-07 09:58:22,Southern Owens Valley,LAA at Alabama Level,6.9
2026-08-07 09:58:22,Southern Owens Valley,LAA at Alabama Water Temp,72.9
2026-08-07 09:58:22,Southern Owens Valley,Cottonwood Ck. At LAA Flow,0.0
2026-08-07 09:58:22,Southern Owens Valley,LAA at Cottonwood Flow,393.0
2026-08-07 09:58:22,Southern Owens Valley,LAA at Cottonwood Level,8.2
2026-08-07 09:58:22,Southern Owens Valley,LAA at Cotton. Water Temp,74.6
2026-08-07 09:58:22,Southern Owens Valley,N. Haiwee Elevation,3756.8
2026-08-07 09:58:22,Southern Owens Valley,S. Haiwee Reservoir Elevation,3725.7
2026-08-07 09:58:22,Southern Owens Valley,Haiwee LAA #1 Current Flow,0.0
2026-08-07 09:58:22,Southern Owens Valley,Haiwee LAA #2 Current Flow,194.2
2026-08-07 09:58:22,Southern Owens Valley,Reinhackel Flow,3.0
2026-08-07 09:58:22,Southern Owens Valley,Lubkin Spillgate Outflow,0.0
2026-08-07 09:58:22,Southern Owens Valley,Cartago Spillgate Outflow,22.3
2026-08-07 09:58:22,Southern Owens Valley,Lone Pine Creek Flow,12.7
2026-08-07 09:58:22,Lower Owens River Project,LORP Intake Flow,81.0
2026-08-07 09:58:22,Lower Owens River Project,LORP at Mazourka Canyon Road,0.0
2026-08-07 09:58:22,Lower Owens River Project,LORP at Reinhackle Springs,74.0
2026-08-07 09:58:22,Lower Owens River Project,LORP Above Pumpstation,52.0
2026-08-07 09:58:22,Lower Owens River Project,LORP At Pump Station Discharge Flow,49.0
2026-08-07 09:58:22,Southern District,Haiwee LAA #2 Current Flow,194.2
2026-08-07 09:58:22,Southern District,S. Haiwee Reservoir Elevation,3725.7
2026-08-07 09:58:22,Southern District,Haiwee LAA #1 Current Flow,0.0
2026-08-07 09:58:22,Southern District,Fairmont Reservoir Elevation,3026.9
2026-08-07 09:58:22,Southern District,LAA #1 Flow at Fairmont Reservoir,390.2
2026-08-07 09:58:22,Southern District,LAA #2 Flow at Fairmont Res.,203.4
2026-08-07 09:58:22,Southern District,Bouquet Reservoir Elevation,2983.0
2026-08-07 09:58:22,Southern District,Bouquet Reservoir Inflow,16.7
2026-08-07 09:58:22,Southern District,Bouquet Reservoir Outflow,0.7
2026-08-07 09:58:22,Southern District,LAA #1 at Soledad Flow,267.9
2026-08-07 09:58:22,Southern District,LAA #2 at Soledad Flow,257.6
2026-08-07 10:13:22,Mono Basin,Lee Vining Intake Above Flow,33.0
2026-08-07 10:13:22,Mono Basin,Lee Vining Intake Below Flow,29.9
2026-08-07 10:13:22,Mono Basin,Walker Ck. Above Conduit Flow,4.0
2026-08-07 10:13:22,Mono Basin,L.V. Conduit Below Intake Flow,2.4
2026-08-07 10:13:22,Mono Basin,Walker Ck. Under Conduit Flow,5.0
2026-08-07 10:13:22,Mono Basin,Parker Ck. Under Conduit Flow,14.0
2026-08-07 10:13:22,Mono Basin,Parker Ck. Above Conduit Flow,15.0
2026-08-07 10:13:22,Mono Basin,Grant Lk. Spill Flow,0.0
2026-08-07 10:13:22,Mono Basin,Mono Gate 1 Return Ditch Flow,40.4
2026-08-07 10:13:22,Mono Basin,Grant Lk. Outflow,40.7
2026-08-07 10:13:22,Mono Basin,Rush Ck. at Damsite Flow,16.3
2026-08-07 10:13:22,Mono Basin,Flow to West Portal,0.0
2026-08-07 10:13:22,Long Valley,East Portal Flow,13.0
2026-08-07 10:13:22,Long Valley,OR Below EP Flow,57.0
2026-08-07 10:13:22,Long Valley,Hot Ck.at Hwy. Flow,7.0
2026-08-07 10:13:22,Long Valley,McGee Ck. Lower Sta. Flow,8.3
2026-08-07 10:13:22,Long Valley,Long Valley Current Outflow,591.0
2026-08-07 10:13:22,Long Valley,Rock Ck. Div. Flow,0.1
2026-08-07 10:13:22,Long Valley,Upper Gorge Total Release,41.7
2026-08-07 10:13:22,Long Valley,Release at Middle Gorge,0.0
2026-08-07 10:13:22,Northern Owens Valley,Rock Ck. At Owens River (PV) Flow,27.1
2026-08-07 10:13:22,Northern Owens Valley,Pleasant Valley Outflow,502.4
2026-08-07 10:13:22,Northern Owens Valley,Baker Ck. At LA Station Flow,7.4
2026-08-07 10:13:22,Northern Owens Valley,Big Pine Ck. USGS Flow,49.8
2026-08-07 10:13:22,Northern Owens Valley,O.R. Below Big Pine,450.0
2026-08-07 10:13:22,Northern Owens Valley,Fish Springs At RR Flow,36.0
2026-08-07 10:13:22,Northern Owens Valley,Tinemaha Reservoir Outflow,379.1
2026-08-07 10:13:22,Northern Owens Valley,Bishop Creek Through Plant 6,102.9
2026-08-07 10:13:22,Northern Owens Valley,Bishop Creek Around Plant 6,7.5
2026-08-07 10:13:22,Southern Owens Valley,Tinemaha Reservoir Outflow,379.1
2026-08-07 10:13:22,Southern Owens Valley,Indep. Ck. At Junction Flow,7.9
2026-08-07 10:13:22,Southern Owens Valley,LAA at Alabama Flow,314.0
2026-08-07 10:13:22,Southern Owens Valley,LAA at Alabama Level,6.9
2026-08-07 10:13:22,Southern Owens Valley,LAA at Alabama Water Temp,73.3
2026-08-07 10:13:22,Southern Owens Valley,Cottonwood Ck. At LAA Flow,0.0
2026-08-07 10:13:22,Southern Owens Valley,LAA at Cottonwood Flow,393.0
2026-08-07 10:13:22,Southern Owens Valley,LAA at Cottonwood Level,8.2
2026-08-07 10:13:22,Southern Owens Valley,LAA at Cotton. Water Temp,74.9
2026-08-07 10:13:22,Southern Owens Valley,Haiwee LAA #1 Current Flow,0.0
2026-08-07 10:13:22,Southern Owens Valley,Haiwee LAA #2 Current Flow,194.2
2026-08-07 10:13:22,Southern Owens Valley,Reinhackel Flow,3.0
2026-08-07 10:13:22,Southern Owens Valley,Lubkin Spillgate Outflow,0.0
2026-08-07 10:13:22,Southern Owens Valley,Cartago Spillgate Outflow,22.3
2026-08-07 10:13:22,Southern Owens Valley,Lone Pine Creek Flow,12.9
2026-08-07 10:13:22,Lower Owens River Project,LORP Intake Flow,81.0
2026-08-07 10:13:22,Lower Owens River Project,LORP at Mazourka Canyon Road,0.0
2026-08-07 10:13:22,Lower Owens River Project,LORP at Reinhackle Springs,74.0
2026-08-07 10:13:22,Lower Owens River Project,LORP Above Pumpstation,51.0
2026-08-07 10:13:22,Lower Owens River Project,LORP At Pump Station Discharge Flow,48.0
2026-08-07 10:13:22,Southern District,Haiwee LAA #2 Current Flow,194.2
2026-08-07 10:13:22,Southern District,Haiwee LAA #1 Current Flow,0.0
2026-08-07 10:13:22,Southern District,LAA #1 Flow at Fairmont Reservoir,358.4
2026-08-07 10:13:22,Southern District,LAA #2 Flow at Fairmont Res.,203.3
2026-08-07 10:13:22,Southern District,Bouquet Reservoir Inflow,2.5
2026-08-07 10:13:22,Southern District,Bouquet Reservoir Outflow,0.7
2026-08-07 10:13:22,Southern District,LAA #1 at Soledad Flow,267.9
2026-08-07 10:13:22,Southern District,LAA #2 at Soledad Flow,257.6
2026-08-07 10:13:23,Mono Basin,Mono Lk. Elevation,6382.4
2026-08-07 10:13:23,Mono Basin,Grant Lk. Elevation,7130.0
2026-08-07 10:13:23,Long Valley,Long Valley Elevation,6773.8
2026-08-07 10:13:23,Northern Owens Valley,Pleasant Valley Elevation,4386.0
2026-08-07 10:13:23,Southern Owens Valley,N. Haiwee Elevation,3756.8
2026-08-07 10:13:23,Southern Owens Valley,S. Haiwee Reservoir Elevation,3725.7
2026-08-07 10:13:23,Southern District,S. Haiwee Reservoir Elevation,3725.7
2026-08-07 10:13:23,Southern District,Fairmont Reservoir Elevation,3026.9
2026-08-07 10:13:23,Southern District,Bouquet Reservoir Elevation,2983.0
2026-08-07 10:28:22,Mono Basin,Lee Vining Intake Above Flow,33.0
2026-08-07 10:28:22,Mono Basin,Lee Vining Intake Below Flow,29.9
2026-08-07 10:28:22,Mono Basin,Mono Lk. Elevation,6382.4
2026-08-07 10:28:22,Mono Basin,Walker Ck. Above Conduit Flow,4.0
2026-08-07 10:28:22,Mono Basin,L.V. Conduit Below Intake Flow,2.4
2026-08-07 10:28:22,Mono Basin,Walker Ck. Under Conduit Flow,5.0
2026-08-07 10:28:22,Mono Basin,Parker Ck. Under Conduit Flow,14.0
2026-08-07 10:28:22,Mono Basin,Parker Ck. Above Conduit Flow,15.0
2026-08-07 10:28:22,Mono Basin,Grant Lk. Spill Flow,0.0
2026-08-07 10:28:22,Mono Basin,Mono Gate 1 Return Ditch Flow,40.3
2026-08-07 10:28:22,Mono Basin,Grant Lk. Elevation,7130.0
2026-08-07 10:28:22,Mono Basin,Grant Lk. Outflow,40.3
2026-08-07 10:28:22,Mono Basin,Rush Ck. at Damsite Flow,16.3
2026-08-07 10:28:22,Mono Basin,Flow to West Portal,0.0
2026-08-07 10:28:22,Long Valley,East Portal Flow,13.0
2026-08-07 10:28:22,Long Valley,OR Below EP Flow,58.0
2026-08-07 10:28:22,Long Valley,Hot Ck.at Hwy. Flow,7.0
2026-08-07 10:28:22,Long Valley,McGee Ck. Lower Sta. Flow,8.3
2026-08-07 10:28:22,Long Valley,Long Valley Elevation,6773.8
2026-08-07 10:28:22,Long Valley,Long Valley Current Outflow,591.0
2026-08-07 10:28:22,Long Valley,Rock Ck. Div. Flow,0.1
2026-08-07 10:28:22,Long Valley,Upper Gorge Total Release,42.4
2026-08-07 10:28:22,Long Valley,Release at Middle Gorge,0.0
2026-08-07 10:28:22,Northern Owens Valley,Rock Ck. At Owens River (PV) Flow,27.1
2026-08-07 10:28:22,Northern Owens Valley,Pleasant Valley Elevation,4386.0
2026-08-07 10:28:22,Northern Owens Valley,Pleasant Valley Outflow,503.0
2026-08-07 10:28:22,Northern Owens Valley,Baker Ck. At LA Station Flow,7.4
2026-08-07 10:28:22,Northern Owens Valley,Big Pine Ck. USGS Flow,49.8
2026-08-07 10:28:22,Northern Owens Valley,O.R. Below Big Pine,452.3
2026-08-07 10:28:22,Northern Owens Valley,Fish Springs At RR Flow,36.0
2026-08-07 10:28:22,Northern Owens Valley,Tinemaha Elevation,3860.6
2026-08-07 10:28:22,Northern Owens Valley,Tinemaha Reservoir Outflow,379.1
2026-08-07 10:28:22,Northern Owens Valley,Bishop Creek Through Plant 6,102.9
2026-08-07 10:28:22,Northern Owens Valley,Bishop Creek Around Plant 6,7.5
2026-08-07 10:28:22,Southern Owens Valley,Tinemaha Elevation,3860.6
2026-08-07 10:28:22,Southern Owens Valley,Tinemaha Reservoir Outflow,379.1
2026-08-07 10:28:22,Southern Owens Valley,Indep. Ck. At Junction Flow,7.9
2026-08-07 10:28:22,Southern Owens Valley,LAA at Alabama Flow,313.0
2026-08-07 10:28:22,Southern Owens Valley,LAA at Alabama Level,6.9
2026-08-07 10:28:22,Southern Owens Valley,LAA at Alabama Water Temp,73.3
2026-08-07 10:28:22,Southern Owens Valley,Cottonwood Ck. At LAA Flow,0.0
2026-08-07 10:28:22,Southern Owens Valley,LAA at Cottonwood Flow,392.0
2026-08-07 10:28:22,Southern Owens Valley,LAA at Cottonwood Level,8.2
2026-08-07 10:28:22,Southern Owens Valley,LAA at Cotton. Water Temp,75.2
2026-08-07 10:28:22,Southern Owens Valley,N. Haiwee Elevation,3756.8
2026-08-07 10:28:22,Southern Owens Valley,S. Haiwee Reservoir Elevation,3725.7
2026-08-07 10:28:22,Southern Owens Valley,Haiwee LAA #1 Current Flow,0.0
2026-08-07 10:28:22,Southern Owens Valley,Haiwee LAA #2 Current Flow,194.2
2026-08-07 10:28:22,Southern Owens Valley,Reinhackel Flow,3.0
2026-08-07 10:28:22,Southern Owens Valley,Lubkin Spillgate Outflow,0.0
2026-08-07 10:28:22,Southern Owens Valley,Cartago Spillgate Outflow,24.1
2026-08-07 10:28:22,Southern Owens Valley,Lone Pine Creek Flow,12.9
2026-08-07 10:28:22,Lower Owens River Project,LORP Intake Flow,81.0
2026-08-07 10:28:22,Lower Owens River Project,LORP at Mazourka Canyon Road,0.0
2026-08-07 10:28:22,Lower Owens River Project,LORP at Reinhackle Springs,73.0
2026-08-07 10:28:22,Lower Owens River Project,LORP Above Pumpstation,51.0
2026-08-07 10:28:22,Lower Owens River Project,LORP At Pump Station Discharge Flow,48.0
2026-08-07 10:28:22,Southern District,Haiwee LAA #2 Current Flow,194.2
2026-08-07 10:28:22,Southern District,S. Haiwee Reservoir Elevation,3725.7
2026-08-07 10:28:22,Southern District,Haiwee LAA #1 Current Flow,0.0
2026-08-07 10:28:22,Southern District,Fairmont Reservoir Elevation,3026.9
2026-08-07 10:28:22,Southern District,LAA #1 Flow at Fairmont Reservoir,390.2
2026-08-07 10:28:22,Southern District,LAA #2 Flow at Fairmont Res.,203.3
2026-08-07 10:28:22,Southern District,Bouquet Reservoir Elevation,2983.0
2026-08-07 10:28:22,Southern District,Bouquet Reservoir Inflow,20.9
2026-08-07 10:28:22,Southern District,Bouquet Reservoir Outflow,0.7
2026-08-07 10:28:22,Southern District,LAA #1 at Soledad Flow,267.9
2026-08-07 10:28:22,Southern District,LAA #2 at Soledad Flow,257.8
2026-08-07 10:43:23,Mono Basin,Lee Vining Intake Above Flow,33.1
2026-08-07 10:43:23,Mono Basin,Lee Vining Intake Below Flow,29.8
2026-08-07 10:43:23,Mono Basin,Walker Ck. Above Conduit Flow,4.0
2026-08-07 10:43:23,Mono Basin,L.V. Conduit Below Intake Flow,2.4
2026-08-07 10:43:23,Mono Basin,Walker Ck. Under Conduit Flow,5.0
2026-08-07 10:43:23,Mono Basin,Parker Ck. Under Conduit Flow,14.0
2026-08-07 10:43:23,Mono Basin,Parker Ck. Above Conduit Flow,15.0
2026-08-07 10:43:23,Mono Basin,Grant Lk. Spill Flow,0.0
2026-08-07 10:43:23,Mono Basin,Mono Gate 1 Return Ditch Flow,40.3
2026-08-07 10:43:23,Mono Basin,Grant Lk. Outflow,40.3
2026-08-07 10:43:23,Mono Basin,Rush Ck. at Damsite Flow,16.3
2026-08-07 10:43:23,Mono Basin,Flow to West Portal,0.0
2026-08-07 10:43:23,Long Valley,East Portal Flow,13.0
2026-08-07 10:43:23,Long Valley,OR Below EP Flow,58.0
2026-08-07 10:43:23,Long Valley,Hot Ck.at Hwy. Flow,7.0
2026-08-07 10:43:23,Long Valley,McGee Ck. Lower Sta. Flow,8.3
2026-08-07 10:43:23,Long Valley,Long Valley Current Outflow,591.0
2026-08-07 10:43:23,Long Valley,Rock Ck. Div. Flow,0.1
2026-08-07 10:43:23,Long Valley,Upper Gorge Total Release,42.4
2026-08-07 10:43:23,Long Valley,Release at Middle Gorge,0.0
2026-08-07 10:43:23,Northern Owens Valley,Rock Ck. At Owens River (PV) Flow,27.1
2026-08-07 10:43:23,Northern Owens Valley,Pleasant Valley Outflow,503.0
2026-08-07 10:43:23,Northern Owens Valley,Baker Ck. At LA Station Flow,7.4
2026-08-07 10:43:23,Northern Owens Valley,Big Pine Ck. USGS Flow,49.8
2026-08-07 10:43:23,Northern Owens Valley,O.R. Below Big Pine,450.9
2026-08-07 10:43:23,Northern Owens Valley,Fish Springs At RR Flow,36.0
2026-08-07 10:43:23,Northern Owens Valley,Tinemaha Reservoir Outflow,379.1
2026-08-07 10:43:23,Northern Owens Valley,Bishop Creek Through Plant 6,102.9
2026-08-07 10:43:23,Northern Owens Valley,Bishop Creek Around Plant 6,7.5
2026-08-07 10:43:23,Southern Owens Valley,Tinemaha Reservoir Outflow,379.1
2026-08-07 10:43:23,Southern Owens Valley,Indep. Ck. At Junction Flow,7.9
2026-08-07 10:43:23,Southern Owens Valley,LAA at Alabama Flow,313.0
2026-08-07 10:43:23,Southern Owens Valley,Cottonwood Ck. At LAA Flow,0.0
2026-08-07 10:43:23,Southern Owens Valley,LAA at Cottonwood Flow,392.0
2026-08-07 10:43:23,Southern Owens Valley,Haiwee LAA #1 Current Flow,0.0
2026-08-07 10:43:23,Southern Owens Valley,Haiwee LAA #2 Current Flow,194.2
2026-08-07 10:43:23,Southern Owens Valley,Reinhackel Flow,3.0
2026-08-07 10:43:23,Southern Owens Valley,Lubkin Spillgate Outflow,0.0
2026-08-07 10:43:23,Southern Owens Valley,Cartago Spillgate Outflow,24.1
2026-08-07 10:43:23,Southern Owens Valley,Lone Pine Creek Flow,12.7
2026-08-07 10:43:23,Lower Owens River Project,LORP Intake Flow,81.0
2026-08-07 10:43:23,Lower Owens River Project,LORP at Mazourka Canyon Road,0.0
2026-08-07 10:43:23,Lower Owens River Project,LORP at Reinhackle Springs,73.0
2026-08-07 10:43:23,Lower Owens River Project,LORP Above Pumpstation,41.0
2026-08-07 10:43:23,Lower Owens River Project,LORP At Pump Station Discharge Flow,38.0
2026-08-07 10:43:23,Southern District,Haiwee LAA #2 Current Flow,194.2
2026-08-07 10:43:23,Southern District,Haiwee LAA #1 Current Flow,0.0
2026-08-07 10:43:23,Southern District,LAA #1 Flow at Fairmont Reservoir,387.4
2026-08-07 10:43:23,Southern District,LAA #2 Flow at Fairmont Res.,203.5
2026-08-07 10:43:23,Southern District,Bouquet Reservoir Inflow,1.2
2026-08-07 10:43:23,Southern District,Bouquet Reservoir Outflow,0.7
2026-08-07 10:43:23,Southern District,LAA #1 at Soledad Flow,270.3
2026-08-07 10:43:23,Southern District,LAA #2 at Soledad Flow,257.8
2026-08-07 10:43:24,Mono Basin,Mono Lk. Elevation,6382.4
2026-08-07 10:43:24,Mono Basin,Grant Lk. Elevation,7130.0
2026-08-07 10:43:24,Long Valley,Long Valley Elevation,6773.8
2026-08-07 10:43:24,Northern Owens Valley,Pleasant Valley Elevation,4386.1
2026-08-07 10:43:24,Southern Owens Valley,LAA at Alabama Level,6.9
2026-08-07 10:43:24,Southern Owens Valley,LAA at Alabama Water Temp,73.3
2026-08-07 10:43:24,Southern Owens Valley,LAA at Cottonwood Level,8.2
2026-08-07 10:43:24,Southern Owens Valley,LAA at Cotton. Water Temp,75.3
2026-08-07 10:43:24,Southern Owens Valley,N. Haiwee Elevation,3756.8
2026-08-07 10:43:24,Southern Owens Valley,S. Haiwee Reservoir Elevation,3725.7
2026-08-07 10:43:24,Southern District,S. Haiwee Reservoir Elevation,3725.7
2026-08-07 10:43:24,Southern District,Fairmont Reservoir Elevation,3026.9
2026-08-07 10:43:24,Southern District,Bouquet Reservoir Elevation,2983.0
2026-08-07 10:58:22,Mono Basin,Lee Vining Intake Above Flow,33.1
2026-08-07 10:58:22,Mono Basin,Lee Vining Intake Below Flow,29.8
2026-08-07 10:58:22,Mono Basin,Mono Lk. Elevation,6382.4
2026-08-07 10:58:22,Mono Basin,Walker Ck. Above Conduit Flow,4.0
2026-08-07 10:58:22,Mono Basin,L.V. Conduit Below Intake Flow,2.4
2026-08-07 10:58:22,Mono Basin,Walker Ck. Under Conduit Flow,5.0
2026-08-07 10:58:22,Mono Basin,Parker Ck. Under Conduit Flow,14.0
2026-08-07 10:58:22,Mono Basin,Parker Ck. Above Conduit Flow,15.0
2026-08-07 10:58:22,Mono Basin,Grant Lk. Spill Flow,0.0
2026-08-07 10:58:22,Mono Basin,Mono Gate 1 Return Ditch Flow,40.3
2026-08-07 10:58:22,Mono Basin,Grant Lk. Elevation,7130.0
2026-08-07 10:58:22,Mono Basin,Grant Lk. Outflow,40.3
2026-08-07 10:58:22,Mono Basin,Rush Ck. at Damsite Flow,16.3
2026-08-07 10:58:22,Mono Basin,Flow to West Portal,0.0
2026-08-07 10:58:22,Long Valley,East Portal Flow,13.0
2026-08-07 10:58:22,Long Valley,OR Below EP Flow,58.0
2026-08-07 10:58:22,Long Valley,Hot Ck.at Hwy. Flow,7.0
2026-08-07 10:58:22,Long Valley,McGee Ck. Lower Sta. Flow,8.3
2026-08-07 10:58:22,Long Valley,Long Valley Elevation,6773.8
2026-08-07 10:58:22,Long Valley,Long Valley Current Outflow,589.8
2026-08-07 10:58:22,Long Valley,Rock Ck. Div. Flow,0.1
2026-08-07 10:58:22,Long Valley,Upper Gorge Total Release,41.8
2026-08-07 10:58:22,Long Valley,Release at Middle Gorge,0.0
2026-08-07 10:58:22,Northern Owens Valley,Rock Ck. At Owens River (PV) Flow,27.1
2026-08-07 10:58:22,Northern Owens Valley,Pleasant Valley Elevation,4386.1
2026-08-07 10:58:22,Northern Owens Valley,Pleasant Valley Outflow,501.4
2026-08-07 10:58:22,Northern Owens Valley,Baker Ck. At LA Station Flow,7.4
2026-08-07 10:58:22,Northern Owens Valley,Big Pine Ck. USGS Flow,49.8
2026-08-07 10:58:22,Northern Owens Valley,O.R. Below Big Pine,451.9
2026-08-07 10:58:22,Northern Owens Valley,Fish Springs At RR Flow,36.0
2026-08-07 10:58:22,Northern Owens Valley,Tinemaha Elevation,3860.6
2026-08-07 10:58:22,Northern Owens Valley,Tinemaha Reservoir Outflow,379.1
2026-08-07 10:58:22,Northern Owens Valley,Bishop Creek Through Plant 6,102.9
2026-08-07 10:58:22,Northern Owens Valley,Bishop Creek Around Plant 6,7.5
2026-08-07 10:58:22,Southern Owens Valley,Tinemaha Elevation,3860.6
2026-08-07 10:58:22,Southern Owens Valley,Tinemaha Reservoir Outflow,379.1
2026-08-07 10:58:22,Southern Owens Valley,Indep. Ck. At Junction Flow,7.9
2026-08-07 10:58:22,Southern Owens Valley,LAA at Alabama Flow,313.0
2026-08-07 10:58:22,Southern Owens Valley,LAA at Alabama Level,6.9
2026-08-07 10:58:22,Southern Owens Valley,LAA at Alabama Water Temp,73.3
2026-08-07 10:58:22,Southern Owens Valley,Cottonwood Ck. At LAA Flow,0.0
2026-08-07 10:58:22,Southern Owens Valley,LAA at Cottonwood Flow,392.0
2026-08-07 10:58:22,Southern Owens Valley,LAA at Cottonwood Level,8.2
2026-08-07 10:58:22,Southern Owens Valley,LAA at Cotton. Water Temp,75.6
2026-08-07 10:58:22,Southern Owens Valley,N. Haiwee Elevation,3756.8
2026-08-07 10:58:22,Southern Owens Valley,S. Haiwee Reservoir Elevation,3725.7
2026-08-07 10:58:22,Southern Owens Valley,Haiwee LAA #1 Current Flow,0.0
2026-08-07 10:58:22,Southern Owens Valley,Haiwee LAA #2 Current Flow,194.2
2026-08-07 10:58:22,Southern Owens Valley,Reinhackel Flow,3.0
2026-08-07 10:58:22,Southern Owens Valley,Lubkin Spillgate Outflow,0.0
2026-08-07 10:58:22,Southern Owens Valley,Cartago Spillgate Outflow,23.6
2026-08-07 10:58:22,Southern Owens Valley,Lone Pine Creek Flow,12.7
2026-08-07 10:58:22,Lower Owens River Project,LORP Intake Flow,81.0
2026-08-07 10:58:22,Lower Owens River Project,LORP at Mazourka Canyon Road,0.0
2026-08-07 10:58:22,Lower Owens River Project,LORP at Reinhackle Springs,73.0
2026-08-07 10:58:22,Lower Owens River Project,LORP Above Pumpstation,40.0
2026-08-07 10:58:22,Lower Owens River Project,LORP At Pump Station Discharge Flow,37.0
2026-08-07 10:58:22,Southern District,Haiwee LAA #2 Current Flow,194.2
2026-08-07 10:58:22,Southern District,S. Haiwee Reservoir Elevation,3725.7
2026-08-07 10:58:22,Southern District,Haiwee LAA #1 Current Flow,0.0
2026-08-07 10:58:22,Southern District,Fairmont Reservoir Elevation,3026.9
2026-08-07 10:58:22,Southern District,LAA #1 Flow at Fairmont Reservoir,400.4
2026-08-07 10:58:22,Southern District,LAA #2 Flow at Fairmont Res.,203.4
2026-08-07 10:58:22,Southern District,Bouquet Reservoir Elevation,2983.0
2026-08-07 10:58:22,Southern District,Bouquet Reservoir Inflow,18.6
2026-08-07 10:58:22,Southern District,Bouquet Reservoir Outflow,0.7
2026-08-07 10:58:22,Southern District,LAA #1 at Soledad Flow,270.3
2026-08-07 10:58:22,Southern District,LAA #2 at Soledad Flow,257.8
2026-08-07 11:13:22,Mono Basin,Lee Vining Intake Above Flow,33.0
2026-08-07 11:13:22,Mono Basin,Lee Vining Intake Below Flow,29.8
2026-08-07 11:13:22,Mono Basin,Mono Lk. Elevation,6382.4
2026-08-07 11:13:22,Mono Basin,Walker Ck. Above Conduit Flow,4.0
2026-08-07 11:13:22,Mono Basin,L.V. Conduit Below Intake Flow,2.4
2026-08-07 11:13:22,Mono Basin,Walker Ck. Under Conduit Flow,5.0
2026-08-07 11:13:22,Mono Basin,Parker Ck. Under Conduit Flow,14.0
2026-08-07 11:13:22,Mono Basin,Parker Ck. Above Conduit Flow,15.0
2026-08-07 11:13:22,Mono Basin,Grant Lk. Spill Flow,0.0
2026-08-07 11:13:22,Mono Basin,Mono Gate 1 Return Ditch Flow,40.3
2026-08-07 11:13:22,Mono Basin,Grant Lk. Elevation,7130.0
2026-08-07 11:13:22,Mono Basin,Grant Lk. Outflow,40.3
2026-08-07 11:13:22,Mono Basin,Rush Ck. at Damsite Flow,16.3
2026-08-07 11:13:22,Mono Basin,Flow to West Portal,0.0
2026-08-07 11:13:22,Long Valley,East Portal Flow,13.0
2026-08-07 11:13:22,Long Valley,OR Below EP Flow,58.0
2026-08-07 11:13:22,Long Valley,Hot Ck.at Hwy. Flow,7.0
2026-08-07 11:13:22,Long Valley,McGee Ck. Lower Sta. Flow,8.3
2026-08-07 11:13:22,Long Valley,Long Valley Elevation,6773.8
2026-08-07 11:13:22,Long Valley,Long Valley Current Outflow,588.4
2026-08-07 11:13:22,Long Valley,Rock Ck. Div. Flow,0.1
2026-08-07 11:13:22,Long Valley,Upper Gorge Total Release,42.6
2026-08-07 11:13:22,Long Valley,Release at Middle Gorge,0.0
2026-08-07 11:13:22,Northern Owens Valley,Rock Ck. At Owens River (PV) Flow,27.1
2026-08-07 11:13:22,Northern Owens Valley,Pleasant Valley Elevation,4386.1
2026-08-07 11:13:22,Northern Owens Valley,Pleasant Valley Outflow,501.8
2026-08-07 11:13:22,Northern Owens Valley,Baker Ck. At LA Station Flow,7.4
2026-08-07 11:13:22,Northern Owens Valley,Big Pine Ck. USGS Flow,49.8
2026-08-07 11:13:22,Northern Owens Valley,O.R. Below Big Pine,451.4
2026-08-07 11:13:22,Northern Owens Valley,Fish Springs At RR Flow,36.0
2026-08-07 11:13:22,Northern Owens Valley,Tinemaha Reservoir Outflow,379.1
2026-08-07 11:13:22,Northern Owens Valley,Bishop Creek Through Plant 6,102.9
2026-08-07 11:13:22,Northern Owens Valley,Bishop Creek Around Plant 6,7.5
2026-08-07 11:13:22,Southern Owens Valley,Tinemaha Reservoir Outflow,379.1
2026-08-07 11:13:22,Southern Owens Valley,Indep. Ck. At Junction Flow,7.9
2026-08-07 11:13:22,Southern Owens Valley,LAA at Alabama Flow,313.0
2026-08-07 11:13:22,Southern Owens Valley,LAA at Alabama Level,6.9
2026-08-07 11:13:22,Southern Owens Valley,LAA at Alabama Water Temp,73.9
2026-08-07 11:13:22,Southern Owens Valley,Cottonwood Ck. At LAA Flow,0.0
2026-08-07 11:13:22,Southern Owens Valley,LAA at Cottonwood Flow,392.0
2026-08-07 11:13:22,Southern Owens Valley,LAA at Cottonwood Level,8.2
2026-08-07 11:13:22,Southern Owens Valley,LAA at Cotton. Water Temp,75.7
2026-08-07 11:13:22,Southern Owens Valley,N. Haiwee Elevation,3756.8
2026-08-07 11:13:22,Southern Owens Valley,S. Haiwee Reservoir Elevation,3725.7
2026-08-07 11:13:22,Southern Owens Valley,Haiwee LAA #1 Current Flow,0.0
2026-08-07 11:13:22,Southern Owens Valley,Haiwee LAA #2 Current Flow,194.2
2026-08-07 11:13:22,Southern Owens Valley,Reinhackel Flow,3.0
2026-08-07 11:13:22,Southern Owens Valley,Lubkin Spillgate Outflow,0.0
2026-08-07 11:13:22,Southern Owens Valley,Cartago Spillgate Outflow,19.5
2026-08-07 11:13:22,Southern Owens Valley,Lone Pine Creek Flow,12.8
2026-08-07 11:13:22,Lower Owens River Project,LORP Intake Flow,81.0
2026-08-07 11:13:22,Lower Owens River Project,LORP at Mazourka Canyon Road,0.0
2026-08-07 11:13:22,Lower Owens River Project,LORP at Reinhackle Springs,73.0
2026-08-07 11:13:22,Lower Owens River Project,LORP Above Pumpstation,41.0
2026-08-07 11:13:22,Lower Owens River Project,LORP At Pump Station Discharge Flow,38.0
2026-08-07 11:13:22,Southern District,Haiwee LAA #2 Current Flow,194.2
2026-08-07 11:13:22,Southern District,S. Haiwee Reservoir Elevation,3725.7
2026-08-07 11:13:22,Southern District,Haiwee LAA #1 Current Flow,0.0
2026-08-07 11:13:22,Southern District,Fairmont Reservoir Elevation,3026.9
2026-08-07 11:13:22,Southern District,LAA #1 Flow at Fairmont Reservoir,393.1
2026-08-07 11:13:22,Southern District,LAA #2 Flow at Fairmont Res.,203.4
2026-08-07 11:13:22,Southern District,Bouquet Reservoir Elevation,2983.0
2026-08-07 11:13:22,Southern District,Bouquet Reservoir Inflow,18.8
2026-08-07 11:13:22,Southern District,Bouquet Reservoir Outflow,0.5
2026-08-07 11:13:22,Southern District,LAA #1 at Soledad Flow,270.3
2026-08-07 11:13:22,Southern District,LAA #2 at Soledad Flow,257.8
2026-08-07 11:28:21,Northern Owens Valley,Tinemaha Reservoir Outflow,379.1
2026-08-07 11:28:21,Southern Owens Valley,Tinemaha Reservoir Outflow,379.1
2026-08-07 11:28:21,Southern Owens Valley,Indep. Ck. At Junction Flow,7.9
2026-08-07 11:28:21,Southern Owens Valley,LAA at Alabama Flow,313.0
2026-08-07 11:28:21,Southern Owens Valley,Cottonwood Ck. At LAA Flow,0.0
2026-08-07 11:28:21,Southern Owens Valley,LAA at Cottonwood Flow,392.0
2026-08-07 11:28:21,Southern Owens Valley,Haiwee LAA #1 Current Flow,0.0
2026-08-07 11:28:21,Southern Owens Valley,Haiwee LAA #2 Current Flow,194.2
2026-08-07 11:28:21,Southern Owens Valley,Reinhackel Flow,3.0
2026-08-07 11:28:21,Southern Owens Valley,Lubkin Spillgate Outflow,0.0
2026-08-07 11:28:21,Southern Owens Valley,Lone Pine Creek Flow,12.8
2026-08-07 11:28:21,Lower Owens River Project,LORP Intake Flow,81.0
2026-08-07 11:28:21,Southern District,Haiwee LAA #2 Current Flow,194.2
2026-08-07 11:28:21,Southern District,Haiwee LAA #1 Current Flow,0.0
2026-08-07 11:28:22,Mono Basin,Lee Vining Intake Above Flow,33.0
2026-08-07 11:28:22,Mono Basin,Lee Vining Intake Below Flow,29.8
2026-08-07 11:28:22,Mono Basin,Mono Lk. Elevation,6382.4
2026-08-07 11:28:22,Mono Basin,Walker Ck. Above Conduit Flow,4.0
2026-08-07 11:28:22,Mono Basin,L.V. Conduit Below Intake Flow,2.4
2026-08-07 11:28:22,Mono Basin,Walker Ck. Under Conduit Flow,5.0
2026-08-07 11:28:22,Mono Basin,Parker Ck. Under Conduit Flow,14.0
2026-08-07 11:28:22,Mono Basin,Parker Ck. Above Conduit Flow,15.0
2026-08-07 11:28:22,Mono Basin,Grant Lk. Spill Flow,0.0
2026-08-07 11:28:22,Mono Basin,Mono Gate 1 Return Ditch Flow,40.3
2026-08-07 11:28:22,Mono Basin,Grant Lk. Elevation,7130.0
2026-08-07 11:28:22,Mono Basin,Grant Lk. Outflow,40.6
2026-08-07 11:28:22,Mono Basin,Rush Ck. at Damsite Flow,16.3
2026-08-07 11:28:22,Mono Basin,Flow to West Portal,0.0
2026-08-07 11:28:22,Long Valley,East Portal Flow,13.0
2026-08-07 11:28:22,Long Valley,OR Below EP Flow,57.0
2026-08-07 11:28:22,Long Valley,Hot Ck.at Hwy. Flow,7.0
2026-08-07 11:28:22,Long Valley,McGee Ck. Lower Sta. Flow,8.3
2026-08-07 11:28:22,Long Valley,Long Valley Elevation,6773.8
2026-08-07 11:28:22,Long Valley,Long Valley Current Outflow,588.4
2026-08-07 11:28:22,Long Valley,Rock Ck. Div. Flow,0.1
2026-08-07 11:28:22,Long Valley,Upper Gorge Total Release,42.4
2026-08-07 11:28:22,Long Valley,Release at Middle Gorge,0.0
2026-08-07 11:28:22,Northern Owens Valley,Rock Ck. At Owens River (PV) Flow,27.1
2026-08-07 11:28:22,Northern Owens Valley,Pleasant Valley Elevation,4386.1
2026-08-07 11:28:22,Northern Owens Valley,Pleasant Valley Outflow,501.9
2026-08-07 11:28:22,Northern Owens Valley,Baker Ck. At LA Station Flow,7.4
2026-08-07 11:28:22,Northern Owens Valley,Big Pine Ck. USGS Flow,49.8
2026-08-07 11:28:22,Northern Owens Valley,O.R. Below Big Pine,452.1
2026-08-07 11:28:22,Northern Owens Valley,Fish Springs At RR Flow,36.0
2026-08-07 11:28:22,Northern Owens Valley,Tinemaha Elevation,3860.6
2026-08-07 11:28:22,Northern Owens Valley,Bishop Creek Through Plant 6,102.9
2026-08-07 11:28:22,Northern Owens Valley,Bishop Creek Around Plant 6,7.5
2026-08-07 11:28:22,Southern Owens Valley,Tinemaha Elevation,3860.6
2026-08-07 11:28:22,Southern Owens Valley,LAA at Alabama Level,6.9
2026-08-07 11:28:22,Southern Owens Valley,LAA at Alabama Water Temp,73.9
2026-08-07 11:28:22,Southern Owens Valley,LAA at Cottonwood Level,8.2
2026-08-07 11:28:22,Southern Owens Valley,LAA at Cotton. Water Temp,75.7
2026-08-07 11:28:22,Southern Owens Valley,N. Haiwee Elevation,3756.8
2026-08-07 11:28:22,Southern Owens Valley,S. Haiwee Reservoir Elevation,3725.7
2026-08-07 11:28:22,Southern Owens Valley,Cartago Spillgate Outflow,19.2
2026-08-07 11:28:22,Lower Owens River Project,LORP at Mazourka Canyon Road,0.0
2026-08-07 11:28:22,Lower Owens River Project,LORP at Reinhackle Springs,75.0
2026-08-07 11:28:22,Lower Owens River Project,LORP Above Pumpstation,40.0
2026-08-07 11:28:22,Lower Owens River Project,LORP At Pump Station Discharge Flow,37.0
2026-08-07 11:28:22,Southern District,S. Haiwee Reservoir Elevation,3725.7
2026-08-07 11:28:22,Southern District,Fairmont Reservoir Elevation,3026.9
2026-08-07 11:28:22,Southern District,LAA #1 Flow at Fairmont Reservoir,382.1
2026-08-07 11:28:22,Southern District,LAA #2 Flow at Fairmont Res.,203.5
2026-08-07 11:28:22,Southern District,Bouquet Reservoir Elevation,2983.0
2026-08-07 11:28:22,Southern District,Bouquet Reservoir Inflow,20.1
2026-08-07 11:28:22,Southern District,Bouquet Reservoir Outflow,0.5
2026-08-07 11:28:22,Southern District,LAA #1 at Soledad Flow,270.3
2026-08-07 11:28:22,Southern District,LAA #2 at Soledad Flow,257.8
2026-08-07 11:43:23,Mono Basin,Lee Vining Intake Above Flow,33.5
2026-08-07 11:43:23,Mono Basin,Lee Vining Intake Below Flow,29.8
2026-08-07 11:43:23,Mono Basin,L.V. Conduit Below Intake Flow,2.4
2026-08-07 11:43:23,Mono Basin,Walker Ck. Under Conduit Flow,5.0
2026-08-07 11:43:23,Mono Basin,Parker Ck. Under Conduit Flow,14.0
2026-08-07 11:43:23,Mono Basin,Rush Ck. at Damsite Flow,16.3
2026-08-07 11:43:23,Long Valley,Hot Ck.at Hwy. Flow,7.0
2026-08-07 11:43:23,Long Valley,McGee Ck. Lower Sta. Flow,8.3
2026-08-07 11:43:23,Long Valley,Long Valley Current Outflow,588.4
2026-08-07 11:43:23,Long Valley,Rock Ck. Div. Flow,0.1
2026-08-07 11:43:23,Long Valley,Upper Gorge Total Release,42.1
2026-08-07 11:43:23,Long Valley,Release at Middle Gorge,0.0
2026-08-07 11:43:23,Northern Owens Valley,Rock Ck. At Owens River (PV) Flow,27.0
2026-08-07 11:43:23,Northern Owens Valley,Pleasant Valley Outflow,501.7
2026-08-07 11:43:23,Northern Owens Valley,Baker Ck. At LA Station Flow,7.4
2026-08-07 11:43:23,Northern Owens Valley,Big Pine Ck. USGS Flow,49.8
2026-08-07 11:43:23,Northern Owens Valley,O.R. Below Big Pine,452.9
2026-08-07 11:43:23,Northern Owens Valley,Fish Springs At RR Flow,36.0
2026-08-07 11:43:23,Northern Owens Valley,Tinemaha Reservoir Outflow,379.1
2026-08-07 11:43:23,Northern Owens Valley,Bishop Creek Through Plant 6,102.9
2026-08-07 11:43:23,Northern Owens Valley,Bishop Creek Around Plant 6,7.5
2026-08-07 11:43:23,Southern Owens Valley,Tinemaha Reservoir Outflow,379.1
2026-08-07 11:43:23,Southern Owens Valley,Indep. Ck. At Junction Flow,7.9
2026-08-07 11:43:23,Southern Owens Valley,LAA at Alabama Flow,313.0
2026-08-07 11:43:23,Southern Owens Valley,Cottonwood Ck. At LAA Flow,0.0
2026-08-07 11:43:23,Southern Owens Valley,LAA at Cottonwood Flow,392.0
2026-08-07 11:43:23,Southern Owens Valley,Haiwee LAA #1 Current Flow,0.0
2026-08-07 11:43:23,Southern Owens Valley,Haiwee LAA #2 Current Flow,194.2
2026-08-07 11:43:23,Southern Owens Valley,Reinhackel Flow,3.0
2026-08-07 11:43:23,Southern Owens Valley,Lubkin Spillgate Outflow,0.0
2026-08-07 11:43:23,Southern Owens Valley,Cartago Spillgate Outflow,24.8
2026-08-07 11:43:23,Southern Owens Valley,Lone Pine Creek Flow,12.6
2026-08-07 11:43:23,Lower Owens River Project,LORP Intake Flow,81.0
2026-08-07 11:43:23,Lower Owens River Project,LORP at Mazourka Canyon Road,0.0
2026-08-07 11:43:23,Lower Owens River Project,LORP at Reinhackle Springs,75.0
2026-08-07 11:43:23,Lower Owens River Project,LORP Above Pumpstation,51.0
2026-08-07 11:43:23,Lower Owens River Project,LORP At Pump Station Discharge Flow,48.0
2026-08-07 11:43:23,Southern District,Haiwee LAA #2 Current Flow,194.2
2026-08-07 11:43:23,Southern District,Haiwee LAA #1 Current Flow,0.0
2026-08-07 11:43:24,Mono Basin,Mono Lk. Elevation,6382.4
2026-08-07 11:43:24,Mono Basin,Walker Ck. Above Conduit Flow,4.0
2026-08-07 11:43:24,Mono Basin,Parker Ck. Above Conduit Flow,15.0
2026-08-07 11:43:24,Mono Basin,Grant Lk. Spill Flow,0.0
2026-08-07 11:43:24,Mono Basin,Mono Gate 1 Return Ditch Flow,40.3
2026-08-07 11:43:24,Mono Basin,Grant Lk. Elevation,7130.0
2026-08-07 11:43:24,Mono Basin,Grant Lk. Outflow,40.6
2026-08-07 11:43:24,Mono Basin,Flow to West Portal,0.0
2026-08-07 11:43:24,Long Valley,East Portal Flow,13.0
2026-08-07 11:43:24,Long Valley,OR Below EP Flow,58.0
2026-08-07 11:43:24,Long Valley,Long Valley Elevation,6773.8
2026-08-07 11:43:24,Northern Owens Valley,Pleasant Valley Elevation,4386.2
2026-08-07 11:43:24,Southern Owens Valley,LAA at Alabama Level,6.9
2026-08-07 11:43:24,Southern Owens Valley,LAA at Alabama Water Temp,74.2
2026-08-07 11:43:24,Southern Owens Valley,LAA at Cottonwood Level,8.2
2026-08-07 11:43:24,Southern Owens Valley,LAA at Cotton. Water Temp,75.9
2026-08-07 11:43:24,Southern Owens Valley,N. Haiwee Elevation,3756.8
2026-08-07 11:43:24,Southern Owens Valley,S. Haiwee Reservoir Elevation,3725.7
2026-08-07 11:43:24,Southern District,S. Haiwee Reservoir Elevation,3725.7
2026-08-07 11:43:24,Southern District,Fairmont Reservoir Elevation,3026.9
2026-08-07 11:43:24,Southern District,LAA #1 Flow at Fairmont Reservoir,380.1
2026-08-07 11:43:24,Southern District,LAA #2 Flow at Fairmont Res.,203.7
2026-08-07 11:43:24,Southern District,Bouquet Reservoir Elevation,2983.0
2026-08-07 11:43:24,Southern District,Bouquet Reservoir Inflow,13.8
2026-08-07 11:43:24,Southern District,Bouquet Reservoir Outflow,0.5
2026-08-07 11:43:24,Southern District,LAA #1 at Soledad Flow,270.3
2026-08-07 11:43:24,Southern District,LAA #2 at Soledad Flow,257.8
2026-08-07 11:58:22,Mono Basin,Lee Vining Intake Above Flow,33.5
2026-08-07 11:58:22,Mono Basin,Lee Vining Intake Below Flow,29.8
2026-08-07 11:58:22,Mono Basin,Walker Ck. Above Conduit Flow,4.0
2026-08-07 11:58:22,Mono Basin,L.V. Conduit Below Intake Flow,2.4
2026-08-07 11:58:22,Mono Basin,Walker Ck. Under Conduit Flow,5.0
2026-08-07 11:58:22,Mono Basin,Parker Ck. Under Conduit Flow,14.0
2026-08-07 11:58:22,Mono Basin,Parker Ck. Above Conduit Flow,15.0
2026-08-07 11:58:22,Mono Basin,Grant Lk. Spill Flow,0.0
2026-08-07 11:58:22,Mono Basin,Mono Gate 1 Return Ditch Flow,40.1
2026-08-07 11:58:22,Mono Basin,Grant Lk. Outflow,40.2
2026-08-07 11:58:22,Mono Basin,Rush Ck. at Damsite Flow,16.3
2026-08-07 11:58:22,Mono Basin,Flow to West Portal,0.0
2026-08-07 11:58:22,Long Valley,East Portal Flow,13.0
2026-08-07 11:58:22,Long Valley,OR Below EP Flow,57.0
2026-08-07 11:58:22,Long Valley,Hot Ck.at Hwy. Flow,7.0
2026-08-07 11:58:22,Long Valley,McGee Ck. Lower Sta. Flow,8.3
2026-08-07 11:58:22,Long Valley,Long Valley Current Outflow,588.4
2026-08-07 11:58:22,Long Valley,Rock Ck. Div. Flow,0.1
2026-08-07 11:58:22,Long Valley,Upper Gorge Total Release,42.7
2026-08-07 11:58:22,Long Valley,Release at Middle Gorge,0.0
2026-08-07 11:58:22,Northern Owens Valley,Rock Ck. At Owens River (PV) Flow,27.0
2026-08-07 11:58:22,Northern Owens Valley,Pleasant Valley Outflow,501.6
2026-08-07 11:58:22,Northern Owens Valley,Baker Ck. At LA Station Flow,6.5
2026-08-07 11:58:22,Northern Owens Valley,Big Pine Ck. USGS Flow,49.8
2026-08-07 11:58:22,Northern Owens Valley,O.R. Below Big Pine,452.9
2026-08-07 11:58:22,Northern Owens Valley,Fish Springs At RR Flow,36.0
2026-08-07 11:58:22,Northern Owens Valley,Tinemaha Reservoir Outflow,379.1
2026-08-07 11:58:22,Northern Owens Valley,Bishop Creek Through Plant 6,102.9
2026-08-07 11:58:22,Northern Owens Valley,Bishop Creek Around Plant 6,7.5
2026-08-07 11:58:22,Southern Owens Valley,Tinemaha Reservoir Outflow,379.1
2026-08-07 11:58:22,Southern Owens Valley,Indep. Ck. At Junction Flow,7.9
2026-08-07 11:58:22,Southern Owens Valley,LAA at Alabama Flow,313.0
2026-08-07 11:58:22,Southern Owens Valley,Cottonwood Ck. At LAA Flow,0.0
2026-08-07 11:58:22,Southern Owens Valley,LAA at Cottonwood Flow,392.0
2026-08-07 11:58:22,Southern Owens Valley,Haiwee LAA #1 Current Flow,0.0
2026-08-07 11:58:22,Southern Owens Valley,Haiwee LAA #2 Current Flow,194.2
2026-08-07 11:58:22,Southern Owens Valley,Reinhackel Flow,3.0
2026-08-07 11:58:22,Southern Owens Valley,Lubkin Spillgate Outflow,0.0
2026-08-07 11:58:22,Southern Owens Valley,Cartago Spillgate Outflow,23.8
2026-08-07 11:58:22,Southern Owens Valley,Lone Pine Creek Flow,12.6
2026-08-07 11:58:22,Lower Owens River Project,LORP Intake Flow,81.0
2026-08-07 11:58:22,Lower Owens River Project,LORP at Mazourka Canyon Road,0.0
2026-08-07 11:58:22,Lower Owens River Project,LORP at Reinhackle Springs,75.0
2026-08-07 11:58:22,Lower Owens River Project,LORP Above Pumpstation,51.0
2026-08-07 11:58:22,Lower Owens River Project,LORP At Pump Station Discharge Flow,48.0
2026-08-07 11:58:22,Southern District,Haiwee LAA #2 Current Flow,194.2
2026-08-07 11:58:22,Southern District,Haiwee LAA #1 Current Flow,0.0
2026-08-07 11:58:22,Southern District,LAA #1 Flow at Fairmont Reservoir,380.8
2026-08-07 11:58:22,Southern District,LAA #2 Flow at Fairmont Res.,203.5
2026-08-07 11:58:22,Southern District,Bouquet Reservoir Inflow,18.8
2026-08-07 11:58:22,Southern District,Bouquet Reservoir Outflow,0.5
2026-08-07 11:58:22,Southern District,LAA #1 at Soledad Flow,270.3
2026-08-07 11:58:22,Southern District,LAA #2 at Soledad Flow,257.8
2026-08-07 11:58:23,Mono Basin,Mono Lk. Elevation,6382.4
2026-08-07 11:58:23,Mono Basin,Grant Lk. Elevation,7130.0
2026-08-07 11:58:23,Long Valley,Long Valley Elevation,6773.8
2026-08-07 11:58:23,Northern Owens Valley,Pleasant Valley Elevation,4386.2
2026-08-07 11:58:23,Northern Owens Valley,Tinemaha Elevation,3860.6
2026-08-07 11:58:23,Southern Owens Valley,Tinemaha Elevation,3860.6
2026-08-07 11:58:23,Southern Owens Valley,LAA at Alabama Level,6.9
2026-08-07 11:58:23,Southern Owens Valley,LAA at Alabama Water Temp,74.2
2026-08-07 11:58:23,Southern Owens Valley,LAA at Cottonwood Level,8.2
2026-08-07 11:58:23,Southern Owens Valley,LAA at Cotton. Water Temp,75.9
2026-08-07 11:58:23,Southern Owens Valley,N. Haiwee Elevation,3756.8
2026-08-07 11:58:23,Southern Owens Valley,S. Haiwee Reservoir Elevation,3725.7
2026-08-07 11:58:23,Southern District,S. Haiwee Reservoir Elevation,3725.7
2026-08-07 11:58:23,Southern District,Fairmont Reservoir Elevation,3026.9
2026-08-07 11:58:23,Southern District,Bouquet Reservoir Elevation,2983.0
2026-08-07 12:13:22,Mono Basin,Lee Vining Intake Above Flow,33.1
2026-08-07 12:13:22,Mono Basin,Lee Vining Intake Below Flow,29.7
2026-08-07 12:13:22,Mono Basin,Mono Lk. Elevation,6382.4
2026-08-07 12:13:22,Mono Basin,Walker Ck. Above Conduit Flow,4.0
2026-08-07 12:13:22,Mono Basin,L.V. Conduit Below Intake Flow,2.3
2026-08-07 12:13:22,Mono Basin,Walker Ck. Under Conduit Flow,5.0
2026-08-07 12:13:22,Mono Basin,Parker Ck. Under Conduit Flow,14.0
2026-08-07 12:13:22,Mono Basin,Parker Ck. Above Conduit Flow,15.0
2026-08-07 12:13:22,Mono Basin,Grant Lk. Spill Flow,0.0
2026-08-07 12:13:22,Mono Basin,Mono Gate 1 Return Ditch Flow,40.1
2026-08-07 12:13:22,Mono Basin,Grant Lk. Elevation,7130.0
2026-08-07 12:13:22,Mono Basin,Grant Lk. Outflow,40.2
2026-08-07 12:13:22,Mono Basin,Rush Ck. at Damsite Flow,16.3
2026-08-07 12:13:22,Mono Basin,Flow to West Portal,0.0
2026-08-07 12:13:22,Long Valley,East Portal Flow,13.0
2026-08-07 12:13:22,Long Valley,OR Below EP Flow,57.0
2026-08-07 12:13:22,Long Valley,Hot Ck.at Hwy. Flow,7.0
2026-08-07 12:13:22,Long Valley,McGee Ck. Lower Sta. Flow,8.2
2026-08-07 12:13:22,Long Valley,Long Valley Elevation,6773.8
2026-08-07 12:13:22,Long Valley,Long Valley Current Outflow,583.7
2026-08-07 12:13:22,Long Valley,Rock Ck. Div. Flow,0.1
2026-08-07 12:13:22,Long Valley,Upper Gorge Total Release,43.0
2026-08-07 12:13:22,Long Valley,Release at Middle Gorge,0.0
2026-08-07 12:13:22,Northern Owens Valley,Rock Ck. At Owens River (PV) Flow,27.0
2026-08-07 12:13:22,Northern Owens Valley,Pleasant Valley Elevation,4386.2
2026-08-07 12:13:22,Northern Owens Valley,Pleasant Valley Outflow,500.2
2026-08-07 12:13:22,Northern Owens Valley,Baker Ck. At LA Station Flow,6.5
2026-08-07 12:13:22,Northern Owens Valley,Big Pine Ck. USGS Flow,49.8
2026-08-07 12:13:22,Northern Owens Valley,O.R. Below Big Pine,453.4
2026-08-07 12:13:22,Northern Owens Valley,Fish Springs At RR Flow,36.0
2026-08-07 12:13:22,Northern Owens Valley,Tinemaha Reservoir Outflow,379.9
2026-08-07 12:13:22,Northern Owens Valley,Bishop Creek Through Plant 6,102.9
2026-08-07 12:13:22,Northern Owens Valley,Bishop Creek Around Plant 6,7.5
2026-08-07 12:13:22,Southern Owens Valley,Tinemaha Reservoir Outflow,379.9
2026-08-07 12:13:22,Southern Owens Valley,Indep. Ck. At Junction Flow,7.9
2026-08-07 12:13:22,Southern Owens Valley,LAA at Alabama Flow,312.0
2026-08-07 12:13:22,Southern Owens Valley,LAA at Alabama Level,6.9
2026-08-07 12:13:22,Southern Owens Valley,LAA at Alabama Water Temp,74.6
2026-08-07 12:13:22,Southern Owens Valley,Cottonwood Ck. At LAA Flow,0.0
2026-08-07 12:13:22,Southern Owens Valley,LAA at Cottonwood Flow,392.0
2026-08-07 12:13:22,Southern Owens Valley,LAA at Cottonwood Level,8.2
2026-08-07 12:13:22,Southern Owens Valley,LAA at Cotton. Water Temp,76.1
2026-08-07 12:13:22,Southern Owens Valley,N. Haiwee Elevation,3756.8
2026-08-07 12:13:22,Southern Owens Valley,S. Haiwee Reservoir Elevation,3725.7
2026-08-07 12:13:22,Southern Owens Valley,Haiwee LAA #1 Current Flow,0.0
2026-08-07 12:13:22,Southern Owens Valley,Haiwee LAA #2 Current Flow,194.2
2026-08-07 12:13:22,Southern Owens Valley,Reinhackel Flow,3.0
2026-08-07 12:13:22,Southern Owens Valley,Lubkin Spillgate Outflow,0.0
2026-08-07 12:13:22,Southern Owens Valley,Cartago Spillgate Outflow,23.8
2026-08-07 12:13:22,Southern Owens Valley,Lone Pine Creek Flow,12.6
2026-08-07 12:13:22,Lower Owens River Project,LORP Intake Flow,81.0
2026-08-07 12:13:22,Lower Owens River Project,LORP at Mazourka Canyon Road,0.0
2026-08-07 12:13:22,Lower Owens River Project,LORP at Reinhackle Springs,75.0
2026-08-07 12:13:22,Lower Owens River Project,LORP Above Pumpstation,51.0
2026-08-07 12:13:22,Lower Owens River Project,LORP At Pump Station Discharge Flow,48.0
2026-08-07 12:13:22,Southern District,Haiwee LAA #2 Current Flow,194.2
2026-08-07 12:13:22,Southern District,S. Haiwee Reservoir Elevation,3725.7
2026-08-07 12:13:22,Southern District,Haiwee LAA #1 Current Flow,0.0
2026-08-07 12:13:22,Southern District,Fairmont Reservoir Elevation,3026.9
2026-08-07 12:13:22,Southern District,LAA #1 Flow at Fairmont Reservoir,381.7
2026-08-07 12:13:22,Southern District,LAA #2 Flow at Fairmont Res.,203.6
2026-08-07 12:13:22,Southern District,Bouquet Reservoir Elevation,2983.0
2026-08-07 12:13:22,Southern District,Bouquet Reservoir Inflow,18.8
2026-08-07 12:13:22,Southern District,Bouquet Reservoir Outflow,0.5
2026-08-07 12:13:22,Southern District,LAA #1 at Soledad Flow,270.3
2026-08-07 12:13:22,Southern District,LAA #2 at Soledad Flow,257.8
2026-08-07 12:28:21,Mono Basin,Lee Vining Intake Above Flow,33.1
2026-08-07 12:28:21,Mono Basin,Lee Vining Intake Below Flow,29.7
2026-08-07 12:28:21,Mono Basin,L.V. Conduit Below Intake Flow,2.3
2026-08-07 12:28:21,Mono Basin,Walker Ck. Under Conduit Flow,5.0
2026-08-07 12:28:21,Mono Basin,Parker Ck. Under Conduit Flow,14.0
2026-08-07 12:28:21,Mono Basin,Rush Ck. at Damsite Flow,16.3
2026-08-07 12:28:21,Long Valley,Hot Ck.at Hwy. Flow,7.0
2026-08-07 12:28:21,Long Valley,McGee Ck. Lower Sta. Flow,8.2
2026-08-07 12:28:21,Long Valley,Long Valley Current Outflow,583.7
2026-08-07 12:28:21,Long Valley,Rock Ck. Div. Flow,0.1
2026-08-07 12:28:21,Long Valley,Upper Gorge Total Release,42.3
2026-08-07 12:28:21,Long Valley,Release at Middle Gorge,0.0
2026-08-07 12:28:21,Northern Owens Valley,Rock Ck. At Owens River (PV) Flow,26.8
2026-08-07 12:28:21,Northern Owens Valley,Pleasant Valley Outflow,498.0
2026-08-07 12:28:21,Northern Owens Valley,Baker Ck. At LA Station Flow,6.5
2026-08-07 12:28:21,Northern Owens Valley,Big Pine Ck. USGS Flow,47.1
2026-08-07 12:28:21,Northern Owens Valley,O.R. Below Big Pine,453.0
2026-08-07 12:28:21,Northern Owens Valley,Fish Springs At RR Flow,36.5
2026-08-07 12:28:21,Northern Owens Valley,Tinemaha Reservoir Outflow,379.9
2026-08-07 12:28:21,Northern Owens Valley,Bishop Creek Through Plant 6,102.9
2026-08-07 12:28:21,Northern Owens Valley,Bishop Creek Around Plant 6,7.5
2026-08-07 12:28:21,Southern Owens Valley,Tinemaha Reservoir Outflow,379.9
2026-08-07 12:28:21,Southern Owens Valley,Indep. Ck. At Junction Flow,7.9
2026-08-07 12:28:21,Southern Owens Valley,LAA at Alabama Flow,313.0
2026-08-07 12:28:21,Southern Owens Valley,Cottonwood Ck. At LAA Flow,0.0
2026-08-07 12:28:21,Southern Owens Valley,LAA at Cottonwood Flow,392.0
2026-08-07 12:28:21,Southern Owens Valley,Haiwee LAA #1 Current Flow,0.0
2026-08-07 12:28:21,Southern Owens Valley,Haiwee LAA #2 Current Flow,194.2
2026-08-07 12:28:21,Southern Owens Valley,Reinhackel Flow,3.0
2026-08-07 12:28:21,Southern Owens Valley,Lubkin Spillgate Outflow,0.0
2026-08-07 12:28:21,Southern Owens Valley,Cartago Spillgate Outflow,23.9
2026-08-07 12:28:21,Southern Owens Valley,Lone Pine Creek Flow,12.6
2026-08-07 12:28:21,Lower Owens River Project,LORP Intake Flow,81.0
2026-08-07 12:28:21,Lower Owens River Project,LORP at Mazourka Canyon Road,0.0
2026-08-07 12:28:21,Lower Owens River Project,LORP at Reinhackle Springs,74.0
2026-08-07 12:28:21,Lower Owens River Project,LORP Above Pumpstation,51.0
2026-08-07 12:28:21,Lower Owens River Project,LORP At Pump Station Discharge Flow,48.0
2026-08-07 12:28:21,Southern District,Haiwee LAA #2 Current Flow,194.2
2026-08-07 12:28:21,Southern District,Haiwee LAA #1 Current Flow,0.0
2026-08-07 12:28:22,Northern Owens Valley,Tinemaha Elevation,3860.7
2026-08-07 12:28:22,Southern Owens Valley,Tinemaha Elevation,3860.7
2026-08-07 12:28:22,Mono Basin,Mono Lk. Elevation,6382.4
2026-08-07 12:28:22,Mono Basin,Walker Ck. Above Conduit Flow,4.0
2026-08-07 12:28:22,Mono Basin,Parker Ck. Above Conduit Flow,15.0
2026-08-07 12:28:22,Mono Basin,Grant Lk. Spill Flow,0.0
2026-08-07 12:28:22,Mono Basin,Mono Gate 1 Return Ditch Flow,40.1
2026-08-07 12:28:22,Mono Basin,Grant Lk. Elevation,7130.0
2026-08-07 12:28:22,Mono Basin,Grant Lk. Outflow,40.0
2026-08-07 12:28:22,Mono Basin,Flow to West Portal,0.0
2026-08-07 12:28:22,Long Valley,East Portal Flow,13.0
2026-08-07 12:28:22,Long Valley,OR Below EP Flow,58.0
2026-08-07 12:28:22,Long Valley,Long Valley Elevation,6773.8
2026-08-07 12:28:22,Northern Owens Valley,Pleasant Valley Elevation,4386.3
2026-08-07 12:28:22,Southern Owens Valley,LAA at Alabama Level,6.9
2026-08-07 12:28:22,Southern Owens Valley,LAA at Alabama Water Temp,74.9
2026-08-07 12:28:22,Southern Owens Valley,LAA at Cottonwood Level,8.2
2026-08-07 12:28:22,Southern Owens Valley,LAA at Cotton. Water Temp,76.1
2026-08-07 12:28:22,Southern Owens Valley,N. Haiwee Elevation,3756.8
2026-08-07 12:28:22,Southern Owens Valley,S. Haiwee Reservoir Elevation,3725.7
2026-08-07 12:28:22,Southern District,S. Haiwee Reservoir Elevation,3725.7
2026-08-07 12:28:22,Southern District,Fairmont Reservoir Elevation,3026.9
2026-08-07 12:28:22,Southern District,LAA #1 Flow at Fairmont Reservoir,383.8
2026-08-07 12:28:22,Southern District,LAA #2 Flow at Fairmont Res.,203.5
2026-08-07 12:28:22,Southern District,Bouquet Reservoir Elevation,2983.0
2026-08-07 12:28:22,Southern District,Bouquet Reservoir Inflow,16.6
2026-08-07 12:28:22,Southern District,Bouquet Reservoir Outflow,0.5
2026-08-07 12:28:22,Southern District,LAA #1 at Soledad Flow,270.3
2026-08-07 12:28:22,Southern District,LAA #2 at Soledad Flow,257.8
2026-08-07 12:43:23,Mono Basin,Lee Vining Intake Above Flow,33.3
2026-08-07 12:43:23,Mono Basin,Lee Vining Intake Below Flow,29.6
2026-08-07 12:43:23,Mono Basin,Walker Ck. Above Conduit Flow,4.0
2026-08-07 12:43:23,Mono Basin,L.V. Conduit Below Intake Flow,2.4
2026-08-07 12:43:23,Mono Basin,Walker Ck. Under Conduit Flow,5.0
2026-08-07 12:43:23,Mono Basin,Parker Ck. Under Conduit Flow,14.0
2026-08-07 12:43:23,Mono Basin,Parker Ck. Above Conduit Flow,15.0
2026-08-07 12:43:23,Mono Basin,Grant Lk. Spill Flow,0.0
2026-08-07 12:43:23,Mono Basin,Mono Gate 1 Return Ditch Flow,40.1
2026-08-07 12:43:23,Mono Basin,Grant Lk. Outflow,40.0
2026-08-07 12:43:23,Mono Basin,Rush Ck. at Damsite Flow,16.3
2026-08-07 12:43:23,Mono Basin,Flow to West Portal,0.0
2026-08-07 12:43:23,Long Valley,East Portal Flow,13.0
2026-08-07 12:43:23,Long Valley,OR Below EP Flow,58.0
2026-08-07 12:43:23,Long Valley,Hot Ck.at Hwy. Flow,7.0
2026-08-07 12:43:23,Long Valley,McGee Ck. Lower Sta. Flow,8.2
2026-08-07 12:43:23,Long Valley,Long Valley Current Outflow,583.7
2026-08-07 12:43:23,Long Valley,Rock Ck. Div. Flow,0.1
2026-08-07 12:43:23,Long Valley,Upper Gorge Total Release,42.2
2026-08-07 12:43:23,Long Valley,Release at Middle Gorge,0.0
2026-08-07 12:43:23,Northern Owens Valley,Rock Ck. At Owens River (PV) Flow,26.3
2026-08-07 12:43:23,Northern Owens Valley,Pleasant Valley Outflow,495.8
2026-08-07 12:43:23,Northern Owens Valley,Baker Ck. At LA Station Flow,6.5
2026-08-07 12:43:23,Northern Owens Valley,Big Pine Ck. USGS Flow,47.1
2026-08-07 12:43:23,Northern Owens Valley,O.R. Below Big Pine,454.5
2026-08-07 12:43:23,Northern Owens Valley,Fish Springs At RR Flow,36.5
2026-08-07 12:43:23,Northern Owens Valley,Tinemaha Reservoir Outflow,379.9
2026-08-07 12:43:23,Northern Owens Valley,Bishop Creek Through Plant 6,103.5
2026-08-07 12:43:23,Northern Owens Valley,Bishop Creek Around Plant 6,7.2
2026-08-07 12:43:23,Southern Owens Valley,Tinemaha Reservoir Outflow,379.9
2026-08-07 12:43:23,Southern Owens Valley,Indep. Ck. At Junction Flow,7.4
2026-08-07 12:43:23,Southern Owens Valley,LAA at Alabama Flow,313.0
2026-08-07 12:43:23,Southern Owens Valley,LAA at Alabama Level,6.9
2026-08-07 12:43:23,Southern Owens Valley,LAA at Alabama Water Temp,74.9
2026-08-07 12:43:23,Southern Owens Valley,Cottonwood Ck. At LAA Flow,0.0
2026-08-07 12:43:23,Southern Owens Valley,LAA at Cottonwood Flow,391.0
2026-08-07 12:43:23,Southern Owens Valley,LAA at Cottonwood Level,8.2
2026-08-07 12:43:23,Southern Owens Valley,LAA at Cotton. Water Temp,76.3
2026-08-07 12:43:23,Southern Owens Valley,Haiwee LAA #1 Current Flow,0.0
2026-08-07 12:43:23,Southern Owens Valley,Haiwee LAA #2 Current Flow,194.2
2026-08-07 12:43:23,Southern Owens Valley,Reinhackel Flow,3.0
2026-08-07 12:43:23,Southern Owens Valley,Lubkin Spillgate Outflow,0.0
2026-08-07 12:43:23,Southern Owens Valley,Cartago Spillgate Outflow,23.9
2026-08-07 12:43:23,Southern Owens Valley,Lone Pine Creek Flow,12.5
2026-08-07 12:43:23,Lower Owens River Project,LORP Intake Flow,81.0
2026-08-07 12:43:23,Lower Owens River Project,LORP at Mazourka Canyon Road,0.0
2026-08-07 12:43:23,Lower Owens River Project,LORP at Reinhackle Springs,74.0
2026-08-07 12:43:23,Lower Owens River Project,LORP Above Pumpstation,52.0
2026-08-07 12:43:23,Lower Owens River Project,LORP At Pump Station Discharge Flow,49.0
2026-08-07 12:43:23,Southern District,Haiwee LAA #2 Current Flow,194.2
2026-08-07 12:43:23,Southern District,Haiwee LAA #1 Current Flow,0.0
2026-08-07 12:43:23,Southern District,LAA #1 Flow at Fairmont Reservoir,388.6
2026-08-07 12:43:23,Southern District,LAA #2 Flow at Fairmont Res.,203.6
2026-08-07 12:43:23,Southern District,Bouquet Reservoir Inflow,19.5
2026-08-07 12:43:23,Southern District,Bouquet Reservoir Outflow,0.5
2026-08-07 12:43:23,Southern District,LAA #1 at Soledad Flow,270.3
2026-08-07 12:43:23,Southern District,LAA #2 at Soledad Flow,257.8
2026-08-07 12:43:24,Mono Basin,Mono Lk. Elevation,6382.4
2026-08-07 12:43:24,Mono Basin,Grant Lk. Elevation,7130.0
2026-08-07 12:43:24,Long Valley,Long Valley Elevation,6773.8
2026-08-07 12:43:24,Northern Owens Valley,Pleasant Valley Elevation,4386.3
2026-08-07 12:43:24,Southern Owens Valley,N. Haiwee Elevation,3756.8
2026-08-07 12:43:24,Southern Owens Valley,S. Haiwee Reservoir Elevation,3725.6
2026-08-07 12:43:24,Southern District,S. Haiwee Reservoir Elevation,3725.6
2026-08-07 12:43:24,Southern District,Fairmont Reservoir Elevation,3027.0
2026-08-07 12:43:24,Southern District,Bouquet Reservoir Elevation,2983.0
2026-08-07 12:58:21,Northern Owens Valley,Rock Ck. At Owens River (PV) Flow,26.2
2026-08-07 12:58:21,Northern Owens Valley,Pleasant Valley Outflow,496.1
2026-08-07 12:58:21,Northern Owens Valley,Baker Ck. At LA Station Flow,6.5
2026-08-07 12:58:21,Northern Owens Valley,Big Pine Ck. USGS Flow,47.1
2026-08-07 12:58:21,Northern Owens Valley,O.R. Below Big Pine,454.9
2026-08-07 12:58:21,Northern Owens Valley,Fish Springs At RR Flow,36.5
2026-08-07 12:58:21,Northern Owens Valley,Tinemaha Reservoir Outflow,379.9
2026-08-07 12:58:21,Northern Owens Valley,Bishop Creek Around Plant 6,7.2
2026-08-07 12:58:21,Southern Owens Valley,Tinemaha Reservoir Outflow,379.9
2026-08-07 12:58:21,Southern Owens Valley,Indep. Ck. At Junction Flow,7.4
2026-08-07 12:58:21,Southern Owens Valley,LAA at Alabama Flow,313.0
2026-08-07 12:58:21,Southern Owens Valley,Cottonwood Ck. At LAA Flow,0.0
2026-08-07 12:58:21,Southern Owens Valley,LAA at Cottonwood Flow,391.0
2026-08-07 12:58:21,Southern Owens Valley,Haiwee LAA #1 Current Flow,0.0
2026-08-07 12:58:21,Southern Owens Valley,Haiwee LAA #2 Current Flow,194.2
2026-08-07 12:58:21,Southern Owens Valley,Reinhackel Flow,3.0
2026-08-07 12:58:21,Southern Owens Valley,Lubkin Spillgate Outflow,0.0
2026-08-07 12:58:21,Southern Owens Valley,Cartago Spillgate Outflow,24.7
2026-08-07 12:58:21,Southern Owens Valley,Lone Pine Creek Flow,12.5
2026-08-07 12:58:21,Lower Owens River Project,LORP Intake Flow,81.0
2026-08-07 12:58:21,Lower Owens River Project,LORP at Mazourka Canyon Road,0.0
2026-08-07 12:58:21,Lower Owens River Project,LORP at Reinhackle Springs,74.0
2026-08-07 12:58:21,Lower Owens River Project,LORP Above Pumpstation,52.0
2026-08-07 12:58:21,Lower Owens River Project,LORP At Pump Station Discharge Flow,49.0
2026-08-07 12:58:21,Southern District,Haiwee LAA #2 Current Flow,194.2
2026-08-07 12:58:21,Southern District,Haiwee LAA #1 Current Flow,0.0
2026-08-07 12:58:22,Northern Owens Valley,Tinemaha Elevation,3860.7
2026-08-07 12:58:22,Southern Owens Valley,Tinemaha Elevation,3860.7
2026-08-07 12:58:22,Mono Basin,Lee Vining Intake Above Flow,33.3
2026-08-07 12:58:22,Mono Basin,Lee Vining Intake Below Flow,29.6
2026-08-07 12:58:22,Mono Basin,Mono Lk. Elevation,6382.4
2026-08-07 12:58:22,Mono Basin,Walker Ck. Above Conduit Flow,4.0
2026-08-07 12:58:22,Mono Basin,L.V. Conduit Below Intake Flow,2.4
2026-08-07 12:58:22,Mono Basin,Walker Ck. Under Conduit Flow,5.0
2026-08-07 12:58:22,Mono Basin,Parker Ck. Under Conduit Flow,14.0
2026-08-07 12:58:22,Mono Basin,Parker Ck. Above Conduit Flow,15.0
2026-08-07 12:58:22,Mono Basin,Grant Lk. Spill Flow,0.0
2026-08-07 12:58:22,Mono Basin,Mono Gate 1 Return Ditch Flow,40.1
2026-08-07 12:58:22,Mono Basin,Grant Lk. Elevation,7130.0
2026-08-07 12:58:22,Mono Basin,Grant Lk. Outflow,40.0
2026-08-07 12:58:22,Mono Basin,Rush Ck. at Damsite Flow,16.3
2026-08-07 12:58:22,Mono Basin,Flow to West Portal,0.0
2026-08-07 12:58:22,Long Valley,East Portal Flow,13.0
2026-08-07 12:58:22,Long Valley,OR Below EP Flow,57.0
2026-08-07 12:58:22,Long Valley,Hot Ck.at Hwy. Flow,7.0
2026-08-07 12:58:22,Long Valley,McGee Ck. Lower Sta. Flow,8.2
2026-08-07 12:58:22,Long Valley,Long Valley Elevation,6773.8
2026-08-07 12:58:22,Long Valley,Long Valley Current Outflow,579.6
2026-08-07 12:58:22,Long Valley,Rock Ck. Div. Flow,0.1
2026-08-07 12:58:22,Long Valley,Upper Gorge Total Release,41.9
2026-08-07 12:58:22,Long Valley,Release at Middle Gorge,0.0
2026-08-07 12:58:22,Northern Owens Valley,Pleasant Valley Elevation,4386.3
2026-08-07 12:58:22,Northern Owens Valley,Bishop Creek Through Plant 6,106.5
2026-08-07 12:58:22,Southern Owens Valley,LAA at Alabama Level,6.9
2026-08-07 12:58:22,Southern Owens Valley,LAA at Alabama Water Temp,74.9
2026-08-07 12:58:22,Southern Owens Valley,LAA at Cottonwood Level,8.2
2026-08-07 12:58:22,Southern Owens Valley,LAA at Cotton. Water Temp,76.4
2026-08-07 12:58:22,Southern Owens Valley,N. Haiwee Elevation,3756.8
2026-08-07 12:58:22,Southern Owens Valley,S. Haiwee Reservoir Elevation,3725.6
2026-08-07 12:58:22,Southern District,S. Haiwee Reservoir Elevation,3725.6
2026-08-07 12:58:22,Southern District,Fairmont Reservoir Elevation,3027.0
2026-08-07 12:58:22,Southern District,LAA #1 Flow at Fairmont Reservoir,399.4
2026-08-07 12:58:22,Southern District,LAA #2 Flow at Fairmont Res.,203.9
2026-08-07 12:58:22,Southern District,Bouquet Reservoir Elevation,2983.0
2026-08-07 12:58:22,Southern District,Bouquet Reservoir Inflow,19.5
2026-08-07 12:58:22,Southern District,Bouquet Reservoir Outflow,0.5
2026-08-07 12:58:22,Southern District,LAA #1 at Soledad Flow,270.3
2026-08-07 12:58:22,Southern District,LAA #2 at Soledad Flow,257.8
2026-08-07 13:13:22,Mono Basin,Lee Vining Intake Above Flow,33.4
2026-08-07 13:13:22,Mono Basin,Lee Vining Intake Below Flow,29.7
2026-08-07 13:13:22,Mono Basin,Walker Ck. Above Conduit Flow,4.0
2026-08-07 13:13:22,Mono Basin,L.V. Conduit Below Intake Flow,2.2
2026-08-07 13:13:22,Mono Basin,Walker Ck. Under Conduit Flow,5.0
2026-08-07 13:13:22,Mono Basin,Parker Ck. Under Conduit Flow,14.0
2026-08-07 13:13:22,Mono Basin,Parker Ck. Above Conduit Flow,15.0
2026-08-07 13:13:22,Mono Basin,Grant Lk. Spill Flow,0.0
2026-08-07 13:13:22,Mono Basin,Mono Gate 1 Return Ditch Flow,40.1
2026-08-07 13:13:22,Mono Basin,Grant Lk. Outflow,40.0
2026-08-07 13:13:22,Mono Basin,Rush Ck. at Damsite Flow,16.3
2026-08-07 13:13:22,Mono Basin,Flow to West Portal,0.0
2026-08-07 13:13:22,Long Valley,East Portal Flow,13.0
2026-08-07 13:13:22,Long Valley,OR Below EP Flow,57.0
2026-08-07 13:13:22,Long Valley,Hot Ck.at Hwy. Flow,7.0
2026-08-07 13:13:22,Long Valley,McGee Ck. Lower Sta. Flow,8.2
2026-08-07 13:13:22,Long Valley,Long Valley Current Outflow,584.5
2026-08-07 13:13:22,Long Valley,Rock Ck. Div. Flow,0.1
2026-08-07 13:13:22,Long Valley,Upper Gorge Total Release,42.6
2026-08-07 13:13:22,Long Valley,Release at Middle Gorge,0.0
2026-08-07 13:13:22,Northern Owens Valley,Rock Ck. At Owens River (PV) Flow,26.2
2026-08-07 13:13:22,Northern Owens Valley,Pleasant Valley Outflow,495.7
2026-08-07 13:13:22,Northern Owens Valley,Baker Ck. At LA Station Flow,6.5
2026-08-07 13:13:22,Northern Owens Valley,Big Pine Ck. USGS Flow,47.1
2026-08-07 13:13:22,Northern Owens Valley,O.R. Below Big Pine,453.1
2026-08-07 13:13:22,Northern Owens Valley,Fish Springs At RR Flow,36.5
2026-08-07 13:13:22,Northern Owens Valley,Tinemaha Reservoir Outflow,380.6
2026-08-07 13:13:22,Northern Owens Valley,Bishop Creek Through Plant 6,103.5
2026-08-07 13:13:22,Northern Owens Valley,Bishop Creek Around Plant 6,7.1
2026-08-07 13:13:22,Southern Owens Valley,Tinemaha Reservoir Outflow,380.6
2026-08-07 13:13:22,Southern Owens Valley,Indep. Ck. At Junction Flow,7.4
2026-08-07 13:13:22,Southern Owens Valley,LAA at Alabama Flow,313.0
2026-08-07 13:13:22,Southern Owens Valley,Cottonwood Ck. At LAA Flow,0.0
2026-08-07 13:13:22,Southern Owens Valley,LAA at Cottonwood Flow,391.0
2026-08-07 13:13:22,Southern Owens Valley,Haiwee LAA #1 Current Flow,0.0
2026-08-07 13:13:22,Southern Owens Valley,Haiwee LAA #2 Current Flow,194.2
2026-08-07 13:13:22,Southern Owens Valley,Reinhackel Flow,3.0
2026-08-07 13:13:22,Southern Owens Valley,Lubkin Spillgate Outflow,0.0
2026-08-07 13:13:22,Southern Owens Valley,Cartago Spillgate Outflow,24.7
2026-08-07 13:13:22,Southern Owens Valley,Lone Pine Creek Flow,12.4
2026-08-07 13:13:22,Lower Owens River Project,LORP Intake Flow,81.0
2026-08-07 13:13:22,Lower Owens River Project,LORP at Mazourka Canyon Road,0.0
2026-08-07 13:13:22,Lower Owens River Project,LORP at Reinhackle Springs,74.0
2026-08-07 13:13:22,Lower Owens River Project,LORP Above Pumpstation,50.0
2026-08-07 13:13:22,Lower Owens River Project,LORP At Pump Station Discharge Flow,47.0
2026-08-07 13:13:22,Southern District,Haiwee LAA #2 Current Flow,194.2
2026-08-07 13:13:22,Southern District,Haiwee LAA #1 Current Flow,0.0
2026-08-07 13:13:22,Southern District,LAA #1 Flow at Fairmont Reservoir,403.8
2026-08-07 13:13:22,Southern District,LAA #2 Flow at Fairmont Res.,203.6
2026-08-07 13:13:22,Southern District,Bouquet Reservoir Inflow,17.8
2026-08-07 13:13:22,Southern District,Bouquet Reservoir Outflow,0.7
2026-08-07 13:13:22,Southern District,LAA #1 at Soledad Flow,270.3
2026-08-07 13:13:22,Southern District,LAA #2 at Soledad Flow,257.8
2026-08-07 13:13:23,Mono Basin,Mono Lk. Elevation,6382.4
2026-08-07 13:13:23,Mono Basin,Grant Lk. Elevation,7130.0
2026-08-07 13:13:23,Long Valley,Long Valley Elevation,6773.8
2026-08-07 13:13:23,Northern Owens Valley,Pleasant Valley Elevation,4386.4
2026-08-07 13:13:23,Southern Owens Valley,LAA at Alabama Level,6.9
2026-08-07 13:13:23,Southern Owens Valley,LAA at Alabama Water Temp,75.3
2026-08-07 13:13:23,Southern Owens Valley,LAA at Cottonwood Level,8.2
2026-08-07 13:13:23,Southern Owens Valley,LAA at Cotton. Water Temp,76.5
2026-08-07 13:13:23,Southern Owens Valley,N. Haiwee Elevation,3756.8
2026-08-07 13:13:23,Southern Owens Valley,S. Haiwee Reservoir Elevation,3725.6
2026-08-07 13:13:23,Southern District,S. Haiwee Reservoir Elevation,3725.6
2026-08-07 13:13:23,Southern District,Fairmont Reservoir Elevation,3027.0
2026-08-07 13:13:23,Southern District,Bouquet Reservoir Elevation,2983.0
2026-08-07 13:28:22,Northern Owens Valley,Tinemaha Elevation,3860.7
2026-08-07 13:28:22,Southern Owens Valley,Tinemaha Elevation,3860.7
2026-08-07 13:28:22,Mono Basin,Lee Vining Intake Above Flow,33.4
2026-08-07 13:28:22,Mono Basin,Lee Vining Intake Below Flow,29.7
2026-08-07 13:28:22,Mono Basin,Mono Lk. Elevation,6382.4
2026-08-07 13:28:22,Mono Basin,Walker Ck. Above Conduit Flow,4.0
2026-08-07 13:28:22,Mono Basin,L.V. Conduit Below Intake Flow,2.2
2026-08-07 13:28:22,Mono Basin,Walker Ck. Under Conduit Flow,5.0
2026-08-07 13:28:22,Mono Basin,Parker Ck. Under Conduit Flow,14.0
2026-08-07 13:28:22,Mono Basin,Parker Ck. Above Conduit Flow,15.0
2026-08-07 13:28:22,Mono Basin,Grant Lk. Spill Flow,0.0
2026-08-07 13:28:22,Mono Basin,Mono Gate 1 Return Ditch Flow,39.8
2026-08-07 13:28:22,Mono Basin,Grant Lk. Elevation,7130.0
2026-08-07 13:28:22,Mono Basin,Grant Lk. Outflow,40.5
2026-08-07 13:28:22,Mono Basin,Rush Ck. at Damsite Flow,16.3
2026-08-07 13:28:22,Mono Basin,Flow to West Portal,0.0
2026-08-07 13:28:22,Long Valley,East Portal Flow,13.0
2026-08-07 13:28:22,Long Valley,OR Below EP Flow,57.0
2026-08-07 13:28:22,Long Valley,Hot Ck.at Hwy. Flow,7.0
2026-08-07 13:28:22,Long Valley,McGee Ck. Lower Sta. Flow,8.2
2026-08-07 13:28:22,Long Valley,Long Valley Elevation,6773.8
2026-08-07 13:28:22,Long Valley,Long Valley Current Outflow,584.5
2026-08-07 13:28:22,Long Valley,Rock Ck. Div. Flow,0.1
2026-08-07 13:28:22,Long Valley,Upper Gorge Total Release,42.0
2026-08-07 13:28:22,Long Valley,Release at Middle Gorge,0.0
2026-08-07 13:28:22,Northern Owens Valley,Rock Ck. At Owens River (PV) Flow,26.2
2026-08-07 13:28:22,Northern Owens Valley,Pleasant Valley Elevation,4386.4
2026-08-07 13:28:22,Northern Owens Valley,Pleasant Valley Outflow,495.3
2026-08-07 13:28:22,Northern Owens Valley,Baker Ck. At LA Station Flow,6.5
2026-08-07 13:28:22,Northern Owens Valley,Big Pine Ck. USGS Flow,47.1
2026-08-07 13:28:22,Northern Owens Valley,O.R. Below Big Pine,454.9
2026-08-07 13:28:22,Northern Owens Valley,Fish Springs At RR Flow,36.5
2026-08-07 13:28:22,Northern Owens Valley,Tinemaha Reservoir Outflow,380.6
2026-08-07 13:28:22,Northern Owens Valley,Bishop Creek Through Plant 6,104.1
2026-08-07 13:28:22,Northern Owens Valley,Bishop Creek Around Plant 6,7.1
2026-08-07 13:28:22,Southern Owens Valley,Tinemaha Reservoir Outflow,380.6
2026-08-07 13:28:22,Southern Owens Valley,Indep. Ck. At Junction Flow,7.4
2026-08-07 13:28:22,Southern Owens Valley,LAA at Alabama Flow,313.0
2026-08-07 13:28:22,Southern Owens Valley,LAA at Alabama Level,6.9
2026-08-07 13:28:22,Southern Owens Valley,LAA at Alabama Water Temp,75.3
2026-08-07 13:28:22,Southern Owens Valley,Cottonwood Ck. At LAA Flow,0.0
2026-08-07 13:28:22,Southern Owens Valley,LAA at Cottonwood Flow,391.0
2026-08-07 13:28:22,Southern Owens Valley,LAA at Cottonwood Level,8.2
2026-08-07 13:28:22,Southern Owens Valley,LAA at Cotton. Water Temp,76.5
2026-08-07 13:28:22,Southern Owens Valley,N. Haiwee Elevation,3756.8
2026-08-07 13:28:22,Southern Owens Valley,S. Haiwee Reservoir Elevation,3725.6
2026-08-07 13:28:22,Southern Owens Valley,Haiwee LAA #1 Current Flow,0.0
2026-08-07 13:28:22,Southern Owens Valley,Haiwee LAA #2 Current Flow,194.2
2026-08-07 13:28:22,Southern Owens Valley,Reinhackel Flow,3.0
2026-08-07 13:28:22,Southern Owens Valley,Lubkin Spillgate Outflow,0.0
2026-08-07 13:28:22,Southern Owens Valley,Cartago Spillgate Outflow,25.9
2026-08-07 13:28:22,Southern Owens Valley,Lone Pine Creek Flow,12.4
2026-08-07 13:28:22,Lower Owens River Project,LORP Intake Flow,81.0
2026-08-07 13:28:22,Lower Owens River Project,LORP at Mazourka Canyon Road,0.0
2026-08-07 13:28:22,Lower Owens River Project,LORP at Reinhackle Springs,75.0
2026-08-07 13:28:22,Lower Owens River Project,LORP Above Pumpstation,51.0
2026-08-07 13:28:22,Lower Owens River Project,LORP At Pump Station Discharge Flow,48.0
2026-08-07 13:28:22,Southern District,Haiwee LAA #2 Current Flow,194.2
2026-08-07 13:28:22,Southern District,S. Haiwee Reservoir Elevation,3725.6
2026-08-07 13:28:22,Southern District,Haiwee LAA #1 Current Flow,0.0
2026-08-07 13:28:22,Southern District,Fairmont Reservoir Elevation,3027.0
2026-08-07 13:28:22,Southern District,LAA #1 Flow at Fairmont Reservoir,402.1
2026-08-07 13:28:22,Southern District,LAA #2 Flow at Fairmont Res.,203.8
2026-08-07 13:28:22,Southern District,Bouquet Reservoir Elevation,2983.0
2026-08-07 13:28:22,Southern District,Bouquet Reservoir Inflow,18.0
2026-08-07 13:28:22,Southern District,Bouquet Reservoir Outflow,0.5
2026-08-07 13:28:22,Southern District,LAA #1 at Soledad Flow,270.3
2026-08-07 13:28:22,Southern District,LAA #2 at Soledad Flow,257.8
2026-08-07 13:43:23,Mono Basin,Lee Vining Intake Above Flow,33.3
2026-08-07 13:43:23,Mono Basin,Lee Vining Intake Below Flow,29.6
2026-08-07 13:43:23,Mono Basin,Mono Lk. Elevation,6382.4
2026-08-07 13:43:23,Mono Basin,Walker Ck. Above Conduit Flow,4.0
2026-08-07 13:43:23,Mono Basin,L.V. Conduit Below Intake Flow,2.1
2026-08-07 13:43:23,Mono Basin,Walker Ck. Under Conduit Flow,5.0
2026-08-07 13:43:23,Mono Basin,Parker Ck. Under Conduit Flow,14.0
2026-08-07 13:43:23,Mono Basin,Parker Ck. Above Conduit Flow,15.0
2026-08-07 13:43:23,Mono Basin,Grant Lk. Spill Flow,0.0
2026-08-07 13:43:23,Mono Basin,Mono Gate 1 Return Ditch Flow,39.8
2026-08-07 13:43:23,Mono Basin,Grant Lk. Elevation,7130.0
2026-08-07 13:43:23,Mono Basin,Grant Lk. Outflow,40.5
2026-08-07 13:43:23,Mono Basin,Rush Ck. at Damsite Flow,16.3
2026-08-07 13:43:23,Mono Basin,Flow to West Portal,0.0
2026-08-07 13:43:23,Long Valley,East Portal Flow,13.0
2026-08-07 13:43:23,Long Valley,OR Below EP Flow,57.0
2026-08-07 13:43:23,Long Valley,Hot Ck.at Hwy. Flow,7.0
2026-08-07 13:43:23,Long Valley,McGee Ck. Lower Sta. Flow,8.2
2026-08-07 13:43:23,Long Valley,Long Valley Elevation,6773.8
2026-08-07 13:43:23,Long Valley,Long Valley Current Outflow,584.5
2026-08-07 13:43:23,Long Valley,Rock Ck. Div. Flow,0.1
2026-08-07 13:43:23,Long Valley,Upper Gorge Total Release,42.9
2026-08-07 13:43:23,Long Valley,Release at Middle Gorge,0.0
2026-08-07 13:43:23,Northern Owens Valley,Rock Ck. At Owens River (PV) Flow,26.2
2026-08-07 13:43:23,Northern Owens Valley,Pleasant Valley Elevation,4386.4
2026-08-07 13:43:23,Northern Owens Valley,Pleasant Valley Outflow,495.8
2026-08-07 13:43:23,Northern Owens Valley,Baker Ck. At LA Station Flow,6.5
2026-08-07 13:43:23,Northern Owens Valley,Big Pine Ck. USGS Flow,47.1
2026-08-07 13:43:23,Northern Owens Valley,O.R. Below Big Pine,454.0
2026-08-07 13:43:23,Northern Owens Valley,Fish Springs At RR Flow,36.5
2026-08-07 13:43:23,Northern Owens Valley,Tinemaha Reservoir Outflow,380.6
2026-08-07 13:43:23,Northern Owens Valley,Bishop Creek Through Plant 6,104.0
2026-08-07 13:43:23,Northern Owens Valley,Bishop Creek Around Plant 6,7.1
2026-08-07 13:43:23,Southern Owens Valley,Tinemaha Reservoir Outflow,380.6
2026-08-07 13:43:23,Southern Owens Valley,Indep. Ck. At Junction Flow,7.4
2026-08-07 13:43:23,Southern Owens Valley,LAA at Alabama Flow,313.0
2026-08-07 13:43:23,Southern Owens Valley,LAA at Alabama Level,6.9
2026-08-07 13:43:23,Southern Owens Valley,LAA at Alabama Water Temp,75.3
2026-08-07 13:43:23,Southern Owens Valley,Cottonwood Ck. At LAA Flow,0.0
2026-08-07 13:43:23,Southern Owens Valley,LAA at Cottonwood Flow,390.0
2026-08-07 13:43:23,Southern Owens Valley,LAA at Cottonwood Level,8.2
2026-08-07 13:43:23,Southern Owens Valley,LAA at Cotton. Water Temp,76.7
2026-08-07 13:43:23,Southern Owens Valley,N. Haiwee Elevation,3756.8
2026-08-07 13:43:23,Southern Owens Valley,S. Haiwee Reservoir Elevation,3725.6
2026-08-07 13:43:23,Southern Owens Valley,Haiwee LAA #1 Current Flow,0.0
2026-08-07 13:43:23,Southern Owens Valley,Haiwee LAA #2 Current Flow,194.2
2026-08-07 13:43:23,Southern Owens Valley,Reinhackel Flow,3.0
2026-08-07 13:43:23,Southern Owens Valley,Lubkin Spillgate Outflow,0.0
2026-08-07 13:43:23,Southern Owens Valley,Cartago Spillgate Outflow,25.9
2026-08-07 13:43:23,Southern Owens Valley,Lone Pine Creek Flow,12.3
2026-08-07 13:43:23,Lower Owens River Project,LORP Intake Flow,81.0
2026-08-07 13:43:23,Lower Owens River Project,LORP at Mazourka Canyon Road,0.0
2026-08-07 13:43:23,Lower Owens River Project,LORP at Reinhackle Springs,75.0
2026-08-07 13:43:23,Lower Owens River Project,LORP Above Pumpstation,51.0
2026-08-07 13:43:23,Lower Owens River Project,LORP At Pump Station Discharge Flow,48.0
2026-08-07 13:43:23,Southern District,Haiwee LAA #2 Current Flow,194.2
2026-08-07 13:43:23,Southern District,S. Haiwee Reservoir Elevation,3725.6
2026-08-07 13:43:23,Southern District,Haiwee LAA #1 Current Flow,0.0
2026-08-07 13:43:23,Southern District,Fairmont Reservoir Elevation,3027.0
2026-08-07 13:43:23,Southern District,LAA #1 Flow at Fairmont Reservoir,393.3
2026-08-07 13:43:23,Southern District,LAA #2 Flow at Fairmont Res.,203.7
2026-08-07 13:43:23,Southern District,Bouquet Reservoir Elevation,2983.0
2026-08-07 13:43:23,Southern District,Bouquet Reservoir Inflow,22.9
2026-08-07 13:43:23,Southern District,Bouquet Reservoir Outflow,0.5
2026-08-07 13:43:23,Southern District,LAA #1 at Soledad Flow,270.3
2026-08-07 13:43:23,Southern District,LAA #2 at Soledad Flow,257.8
2026-08-07 13:58:22,Northern Owens Valley,Tinemaha Elevation,3860.7
2026-08-07 13:58:22,Southern Owens Valley,Tinemaha Elevation,3860.7
2026-08-07 13:58:22,Mono Basin,Lee Vining Intake Above Flow,33.3
2026-08-07 13:58:22,Mono Basin,Lee Vining Intake Below Flow,29.6
2026-08-07 13:58:22,Mono Basin,Mono Lk. Elevation,6382.4
2026-08-07 13:58:22,Mono Basin,Walker Ck. Above Conduit Flow,4.0
2026-08-07 13:58:22,Mono Basin,L.V. Conduit Below Intake Flow,2.1
2026-08-07 13:58:22,Mono Basin,Walker Ck. Under Conduit Flow,5.0
2026-08-07 13:58:22,Mono Basin,Parker Ck. Under Conduit Flow,14.0
2026-08-07 13:58:22,Mono Basin,Parker Ck. Above Conduit Flow,15.0
2026-08-07 13:58:22,Mono Basin,Grant Lk. Spill Flow,0.0
2026-08-07 13:58:22,Mono Basin,Mono Gate 1 Return Ditch Flow,39.8
2026-08-07 13:58:22,Mono Basin,Grant Lk. Elevation,7130.0
2026-08-07 13:58:22,Mono Basin,Grant Lk. Outflow,40.5
2026-08-07 13:58:22,Mono Basin,Rush Ck. at Damsite Flow,16.3
2026-08-07 13:58:22,Mono Basin,Flow to West Portal,0.0
2026-08-07 13:58:22,Long Valley,East Portal Flow,13.0
2026-08-07 13:58:22,Long Valley,OR Below EP Flow,57.0
2026-08-07 13:58:22,Long Valley,Hot Ck.at Hwy. Flow,7.0
2026-08-07 13:58:22,Long Valley,McGee Ck. Lower Sta. Flow,8.2
2026-08-07 13:58:22,Long Valley,Long Valley Elevation,6773.8
2026-08-07 13:58:22,Long Valley,Long Valley Current Outflow,581.5
2026-08-07 13:58:22,Long Valley,Rock Ck. Div. Flow,0.1
2026-08-07 13:58:22,Long Valley,Upper Gorge Total Release,42.2
2026-08-07 13:58:22,Long Valley,Release at Middle Gorge,0.0
2026-08-07 13:58:22,Northern Owens Valley,Rock Ck. At Owens River (PV) Flow,26.2
2026-08-07 13:58:22,Northern Owens Valley,Pleasant Valley Elevation,4386.4
2026-08-07 13:58:22,Northern Owens Valley,Pleasant Valley Outflow,493.6
2026-08-07 13:58:22,Northern Owens Valley,Baker Ck. At LA Station Flow,6.5
2026-08-07 13:58:22,Northern Owens Valley,Big Pine Ck. USGS Flow,47.1
2026-08-07 13:58:22,Northern Owens Valley,O.R. Below Big Pine,455.7
2026-08-07 13:58:22,Northern Owens Valley,Fish Springs At RR Flow,36.5
2026-08-07 13:58:22,Northern Owens Valley,Tinemaha Reservoir Outflow,380.6
2026-08-07 13:58:22,Northern Owens Valley,Bishop Creek Through Plant 6,100.6
2026-08-07 13:58:22,Northern Owens Valley,Bishop Creek Around Plant 6,7.1
2026-08-07 13:58:22,Southern Owens Valley,Tinemaha Reservoir Outflow,380.6
2026-08-07 13:58:22,Southern Owens Valley,Indep. Ck. At Junction Flow,7.4
2026-08-07 13:58:22,Southern Owens Valley,LAA at Alabama Flow,313.0
2026-08-07 13:58:22,Southern Owens Valley,LAA at Alabama Level,6.9
2026-08-07 13:58:22,Southern Owens Valley,LAA at Alabama Water Temp,75.3
2026-08-07 13:58:22,Southern Owens Valley,Cottonwood Ck. At LAA Flow,0.0
2026-08-07 13:58:22,Southern Owens Valley,LAA at Cottonwood Flow,390.0
2026-08-07 13:58:22,Southern Owens Valley,LAA at Cottonwood Level,8.2
2026-08-07 13:58:22,Southern Owens Valley,LAA at Cotton. Water Temp,76.7
2026-08-07 13:58:22,Southern Owens Valley,N. Haiwee Elevation,3756.8
2026-08-07 13:58:22,Southern Owens Valley,S. Haiwee Reservoir Elevation,3725.6
2026-08-07 13:58:22,Southern Owens Valley,Haiwee LAA #1 Current Flow,0.0
2026-08-07 13:58:22,Southern Owens Valley,Haiwee LAA #2 Current Flow,194.2
2026-08-07 13:58:22,Southern Owens Valley,Reinhackel Flow,3.0
2026-08-07 13:58:22,Southern Owens Valley,Lubkin Spillgate Outflow,0.0
2026-08-07 13:58:22,Southern Owens Valley,Cartago Spillgate Outflow,25.1
2026-08-07 13:58:22,Southern Owens Valley,Lone Pine Creek Flow,12.3
2026-08-07 13:58:22,Lower Owens River Project,LORP Intake Flow,81.0
2026-08-07 13:58:22,Lower Owens River Project,LORP at Mazourka Canyon Road,0.0
2026-08-07 13:58:22,Lower Owens River Project,LORP at Reinhackle Springs,75.0
2026-08-07 13:58:22,Lower Owens River Project,LORP Above Pumpstation,52.0
2026-08-07 13:58:22,Lower Owens River Project,LORP At Pump Station Discharge Flow,49.0
2026-08-07 13:58:22,Southern District,Haiwee LAA #2 Current Flow,194.2
2026-08-07 13:58:22,Southern District,S. Haiwee Reservoir Elevation,3725.6
2026-08-07 13:58:22,Southern District,Haiwee LAA #1 Current Flow,0.0
2026-08-07 13:58:22,Southern District,Fairmont Reservoir Elevation,3027.0
2026-08-07 13:58:22,Southern District,LAA #1 Flow at Fairmont Reservoir,400.0
2026-08-07 13:58:22,Southern District,LAA #2 Flow at Fairmont Res.,203.8
2026-08-07 13:58:22,Southern District,Bouquet Reservoir Elevation,2983.0
2026-08-07 13:58:22,Southern District,Bouquet Reservoir Inflow,18.0
2026-08-07 13:58:22,Southern District,Bouquet Reservoir Outflow,0.6
2026-08-07 13:58:22,Southern District,LAA #1 at Soledad Flow,270.3
2026-08-07 13:58:22,Southern District,LAA #2 at Soledad Flow,257.8
2026-08-07 14:13:21,Northern Owens Valley,Tinemaha Reservoir Outflow,380.6
2026-08-07 14:13:21,Southern Owens Valley,Tinemaha Reservoir Outflow,380.6
2026-08-07 14:13:21,Southern Owens Valley,Indep. Ck. At Junction Flow,7.4
2026-08-07 14:13:21,Southern Owens Valley,LAA at Alabama Flow,313.0
2026-08-07 14:13:21,Southern Owens Valley,Cottonwood Ck. At LAA Flow,0.0
2026-08-07 14:13:21,Southern Owens Valley,LAA at Cottonwood Flow,390.0
2026-08-07 14:13:21,Southern Owens Valley,Haiwee LAA #1 Current Flow,0.0
2026-08-07 14:13:21,Southern Owens Valley,Haiwee LAA #2 Current Flow,194.2
2026-08-07 14:13:21,Southern Owens Valley,Reinhackel Flow,3.0
2026-08-07 14:13:21,Southern Owens Valley,Lubkin Spillgate Outflow,0.0
2026-08-07 14:13:21,Southern Owens Valley,Cartago Spillgate Outflow,25.1
2026-08-07 14:13:21,Southern Owens Valley,Lone Pine Creek Flow,12.2
2026-08-07 14:13:21,Lower Owens River Project,LORP Intake Flow,81.0
2026-08-07 14:13:21,Lower Owens River Project,LORP at Mazourka Canyon Road,0.0
2026-08-07 14:13:21,Lower Owens River Project,LORP at Reinhackle Springs,75.0
2026-08-07 14:13:21,Lower Owens River Project,LORP Above Pumpstation,50.0
2026-08-07 14:13:21,Lower Owens River Project,LORP At Pump Station Discharge Flow,47.0
2026-08-07 14:13:21,Southern District,Haiwee LAA #2 Current Flow,194.2
2026-08-07 14:13:21,Southern District,Haiwee LAA #1 Current Flow,0.0
2026-08-07 14:13:22,Southern Owens Valley,LAA at Alabama Level,6.9
2026-08-07 14:13:22,Southern Owens Valley,LAA at Alabama Water Temp,75.9
2026-08-07 14:13:22,Southern Owens Valley,LAA at Cottonwood Level,8.2
2026-08-07 14:13:22,Southern Owens Valley,LAA at Cotton. Water Temp,76.8
2026-08-07 14:13:22,Southern Owens Valley,N. Haiwee Elevation,3756.8
2026-08-07 14:13:22,Southern Owens Valley,S. Haiwee Reservoir Elevation,3725.6
2026-08-07 14:13:22,Southern District,S. Haiwee Reservoir Elevation,3725.6
2026-08-07 14:13:22,Southern District,Fairmont Reservoir Elevation,3027.0
2026-08-07 14:13:22,Southern District,LAA #1 Flow at Fairmont Reservoir,394.4
2026-08-07 14:13:22,Southern District,LAA #2 Flow at Fairmont Res.,203.7
2026-08-07 14:13:22,Southern District,Bouquet Reservoir Elevation,2983.0
2026-08-07 14:13:22,Southern District,Bouquet Reservoir Inflow,16.7
2026-08-07 14:13:22,Southern District,Bouquet Reservoir Outflow,0.5
2026-08-07 14:13:22,Southern District,LAA #1 at Soledad Flow,270.3
2026-08-07 14:13:22,Southern District,LAA #2 at Soledad Flow,257.8
2026-08-07 14:28:22,Northern Owens Valley,Tinemaha Reservoir Outflow,380.6
2026-08-07 14:28:22,Southern Owens Valley,Tinemaha Reservoir Outflow,380.6
2026-08-07 14:28:22,Southern Owens Valley,Indep. Ck. At Junction Flow,7.4
2026-08-07 14:28:22,Southern Owens Valley,LAA at Alabama Flow,313.0
2026-08-07 14:28:22,Southern Owens Valley,Cottonwood Ck. At LAA Flow,0.0
2026-08-07 14:28:22,Southern Owens Valley,LAA at Cottonwood Flow,390.0
2026-08-07 14:28:22,Southern Owens Valley,Haiwee LAA #1 Current Flow,0.0
2026-08-07 14:28:22,Southern Owens Valley,Haiwee LAA #2 Current Flow,194.2
2026-08-07 14:28:22,Southern Owens Valley,Reinhackel Flow,3.0
2026-08-07 14:28:22,Southern Owens Valley,Lubkin Spillgate Outflow,0.0
2026-08-07 14:28:22,Southern Owens Valley,Cartago Spillgate Outflow,26.5
2026-08-07 14:28:22,Southern Owens Valley,Lone Pine Creek Flow,12.2
2026-08-07 14:28:22,Lower Owens River Project,LORP Intake Flow,81.0
2026-08-07 14:28:22,Lower Owens River Project,LORP at Mazourka Canyon Road,0.0
2026-08-07 14:28:22,Lower Owens River Project,LORP at Reinhackle Springs,72.0
2026-08-07 14:28:22,Lower Owens River Project,LORP Above Pumpstation,51.0
2026-08-07 14:28:22,Lower Owens River Project,LORP At Pump Station Discharge Flow,48.0
2026-08-07 14:28:22,Southern District,Haiwee LAA #2 Current Flow,194.2
2026-08-07 14:28:22,Southern District,Haiwee LAA #1 Current Flow,0.0
2026-08-07 14:28:22,Southern District,LAA #1 Flow at Fairmont Reservoir,397.3
2026-08-07 14:28:22,Southern District,LAA #2 Flow at Fairmont Res.,203.7
2026-08-07 14:28:22,Southern District,Bouquet Reservoir Inflow,17.7
2026-08-07 14:28:22,Southern District,Bouquet Reservoir Outflow,0.5
2026-08-07 14:28:22,Southern District,LAA #1 at Soledad Flow,270.3
2026-08-07 14:28:22,Southern District,LAA #2 at Soledad Flow,257.8
2026-08-07 14:28:23,Northern Owens Valley,Tinemaha Elevation,3860.7
2026-08-07 14:28:23,Southern Owens Valley,Tinemaha Elevation,3860.7
2026-08-07 14:28:23,Southern Owens Valley,LAA at Alabama Level,6.9
2026-08-07 14:28:23,Southern Owens Valley,LAA at Alabama Water Temp,75.9
2026-08-07 14:28:23,Southern Owens Valley,LAA at Cottonwood Level,8.2
2026-08-07 14:28:23,Southern Owens Valley,LAA at Cotton. Water Temp,76.8
2026-08-07 14:28:23,Southern Owens Valley,N. Haiwee Elevation,3756.8
2026-08-07 14:28:23,Southern Owens Valley,S. Haiwee Reservoir Elevation,3725.6
2026-08-07 14:28:23,Southern District,S. Haiwee Reservoir Elevation,3725.6
2026-08-07 14:28:23,Southern District,Fairmont Reservoir Elevation,3027.0
2026-08-07 14:28:23,Southern District,Bouquet Reservoir Elevation,2983.0
2026-08-07 14:43:23,Mono Basin,Lee Vining Intake Above Flow,32.9
2026-08-07 14:43:23,Mono Basin,Lee Vining Intake Below Flow,29.5
2026-08-07 14:43:23,Mono Basin,Walker Ck. Above Conduit Flow,4.0
2026-08-07 14:43:23,Mono Basin,L.V. Conduit Below Intake Flow,2.0
2026-08-07 14:43:23,Mono Basin,Walker Ck. Under Conduit Flow,5.0
2026-08-07 14:43:23,Mono Basin,Parker Ck. Under Conduit Flow,14.0
2026-08-07 14:43:23,Mono Basin,Parker Ck. Above Conduit Flow,15.0
2026-08-07 14:43:23,Mono Basin,Grant Lk. Spill Flow,0.0
2026-08-07 14:43:23,Mono Basin,Mono Gate 1 Return Ditch Flow,39.9
2026-08-07 14:43:23,Mono Basin,Grant Lk. Outflow,40.6
2026-08-07 14:43:23,Mono Basin,Rush Ck. at Damsite Flow,16.3
2026-08-07 14:43:23,Mono Basin,Flow to West Portal,0.0
2026-08-07 14:43:23,Long Valley,East Portal Flow,13.0
2026-08-07 14:43:23,Long Valley,OR Below EP Flow,57.0
2026-08-07 14:43:23,Long Valley,Hot Ck.at Hwy. Flow,7.0
2026-08-07 14:43:23,Long Valley,McGee Ck. Lower Sta. Flow,8.2
2026-08-07 14:43:23,Long Valley,Long Valley Current Outflow,579.8
2026-08-07 14:43:23,Long Valley,Rock Ck. Div. Flow,0.1
2026-08-07 14:43:23,Long Valley,Upper Gorge Total Release,42.7
2026-08-07 14:43:23,Long Valley,Release at Middle Gorge,0.0
2026-08-07 14:43:23,Northern Owens Valley,Rock Ck. At Owens River (PV) Flow,25.8
2026-08-07 14:43:23,Northern Owens Valley,Pleasant Valley Outflow,497.1
2026-08-07 14:43:23,Northern Owens Valley,Baker Ck. At LA Station Flow,6.5
2026-08-07 14:43:23,Northern Owens Valley,Big Pine Ck. USGS Flow,47.1
2026-08-07 14:43:23,Northern Owens Valley,O.R. Below Big Pine,455.0
2026-08-07 14:43:23,Northern Owens Valley,Fish Springs At RR Flow,36.5
2026-08-07 14:43:23,Northern Owens Valley,Tinemaha Reservoir Outflow,380.6
2026-08-07 14:43:23,Northern Owens Valley,Bishop Creek Through Plant 6,100.6
2026-08-07 14:43:23,Northern Owens Valley,Bishop Creek Around Plant 6,7.1
2026-08-07 14:43:23,Southern Owens Valley,Tinemaha Reservoir Outflow,380.6
2026-08-07 14:43:23,Southern Owens Valley,Indep. Ck. At Junction Flow,7.4
2026-08-07 14:43:23,Southern Owens Valley,LAA at Alabama Flow,313.0
2026-08-07 14:43:23,Southern Owens Valley,Cottonwood Ck. At LAA Flow,0.0
2026-08-07 14:43:23,Southern Owens Valley,LAA at Cottonwood Flow,390.0
2026-08-07 14:43:23,Southern Owens Valley,Haiwee LAA #1 Current Flow,0.0
2026-08-07 14:43:23,Southern Owens Valley,Haiwee LAA #2 Current Flow,194.2
2026-08-07 14:43:23,Southern Owens Valley,Reinhackel Flow,3.0
2026-08-07 14:43:23,Southern Owens Valley,Lubkin Spillgate Outflow,0.0
2026-08-07 14:43:23,Southern Owens Valley,Cartago Spillgate Outflow,26.5
2026-08-07 14:43:23,Southern Owens Valley,Lone Pine Creek Flow,12.0
2026-08-07 14:43:23,Lower Owens River Project,LORP Intake Flow,80.0
2026-08-07 14:43:23,Lower Owens River Project,LORP at Mazourka Canyon Road,0.0
2026-08-07 14:43:23,Lower Owens River Project,LORP at Reinhackle Springs,72.0
2026-08-07 14:43:23,Lower Owens River Project,LORP Above Pumpstation,41.0
2026-08-07 14:43:23,Lower Owens River Project,LORP At Pump Station Discharge Flow,37.0
2026-08-07 14:43:23,Southern District,Haiwee LAA #2 Current Flow,194.2
2026-08-07 14:43:23,Southern District,Haiwee LAA #1 Current Flow,0.0
2026-08-07 14:43:23,Southern District,LAA #1 Flow at Fairmont Reservoir,395.7
2026-08-07 14:43:23,Southern District,LAA #2 Flow at Fairmont Res.,204.0
2026-08-07 14:43:23,Southern District,Bouquet Reservoir Inflow,22.7
2026-08-07 14:43:23,Southern District,Bouquet Reservoir Outflow,0.5
2026-08-07 14:43:23,Southern District,LAA #1 at Soledad Flow,270.3
2026-08-07 14:43:23,Southern District,LAA #2 at Soledad Flow,257.8
2026-08-07 14:43:24,Mono Basin,Mono Lk. Elevation,6382.4
2026-08-07 14:43:24,Mono Basin,Grant Lk. Elevation,7130.0
2026-08-07 14:43:24,Long Valley,Long Valley Elevation,6773.8
2026-08-07 14:43:24,Northern Owens Valley,Pleasant Valley Elevation,4386.5
2026-08-07 14:43:24,Southern Owens Valley,LAA at Alabama Level,6.9
2026-08-07 14:43:24,Southern Owens Valley,LAA at Alabama Water Temp,75.9
2026-08-07 14:43:24,Southern Owens Valley,LAA at Cottonwood Level,8.2
2026-08-07 14:43:24,Southern Owens Valley,LAA at Cotton. Water Temp,76.6
2026-08-07 14:43:24,Southern Owens Valley,N. Haiwee Elevation,3756.9
2026-08-07 14:43:24,Southern Owens Valley,S. Haiwee Reservoir Elevation,3725.6
2026-08-07 14:43:24,Southern District,S. Haiwee Reservoir Elevation,3725.6
2026-08-07 14:43:24,Southern District,Fairmont Reservoir Elevation,3027.0
2026-08-07 14:43:24,Southern District,Bouquet Reservoir Elevation,2983.0
2026-08-07 14:58:22,Northern Owens Valley,Tinemaha Elevation,3860.7
2026-08-07 14:58:22,Southern Owens Valley,Tinemaha Elevation,3860.7
2026-08-07 14:58:22,Northern Owens Valley,Tinemaha Reservoir Outflow,380.6
2026-08-07 14:58:22,Southern Owens Valley,Tinemaha Reservoir Outflow,380.6
2026-08-07 14:58:22,Southern Owens Valley,Indep. Ck. At Junction Flow,7.4
2026-08-07 14:58:22,Southern Owens Valley,LAA at Alabama Flow,313.0
2026-08-07 14:58:22,Southern Owens Valley,LAA at Alabama Level,6.9
2026-08-07 14:58:22,Southern Owens Valley,LAA at Alabama Water Temp,75.9
2026-08-07 14:58:22,Southern Owens Valley,Cottonwood Ck. At LAA Flow,0.0
2026-08-07 14:58:22,Southern Owens Valley,LAA at Cottonwood Flow,390.0
2026-08-07 14:58:22,Southern Owens Valley,LAA at Cottonwood Level,8.2
2026-08-07 14:58:22,Southern Owens Valley,LAA at Cotton. Water Temp,76.6
2026-08-07 14:58:22,Southern Owens Valley,N. Haiwee Elevation,3756.9
2026-08-07 14:58:22,Southern Owens Valley,S. Haiwee Reservoir Elevation,3725.6
2026-08-07 14:58:22,Southern Owens Valley,Haiwee LAA #1 Current Flow,0.0
2026-08-07 14:58:22,Southern Owens Valley,Haiwee LAA #2 Current Flow,194.2
2026-08-07 14:58:22,Southern Owens Valley,Reinhackel Flow,3.0
2026-08-07 14:58:22,Southern Owens Valley,Lubkin Spillgate Outflow,0.0
2026-08-07 14:58:22,Southern Owens Valley,Cartago Spillgate Outflow,24.5
2026-08-07 14:58:22,Southern Owens Valley,Lone Pine Creek Flow,12.0
2026-08-07 14:58:22,Lower Owens River Project,LORP Intake Flow,80.0
2026-08-07 14:58:22,Lower Owens River Project,LORP at Mazourka Canyon Road,0.0
2026-08-07 14:58:22,Lower Owens River Project,LORP at Reinhackle Springs,72.0
2026-08-07 14:58:22,Lower Owens River Project,LORP Above Pumpstation,40.0
2026-08-07 14:58:22,Lower Owens River Project,LORP At Pump Station Discharge Flow,37.0
2026-08-07 14:58:22,Southern District,Haiwee LAA #2 Current Flow,194.2
2026-08-07 14:58:22,Southern District,S. Haiwee Reservoir Elevation,3725.6
2026-08-07 14:58:22,Southern District,Haiwee LAA #1 Current Flow,0.0
2026-08-07 14:58:22,Southern District,Fairmont Reservoir Elevation,3027.0
2026-08-07 14:58:22,Southern District,LAA #1 Flow at Fairmont Reservoir,402.3
2026-08-07 14:58:22,Southern District,LAA #2 Flow at Fairmont Res.,204.0
2026-08-07 14:58:22,Southern District,Bouquet Reservoir Elevation,2983.0
2026-08-07 14:58:22,Southern District,Bouquet Reservoir Inflow,0.9
2026-08-07 14:58:22,Southern District,Bouquet Reservoir Outflow,0.5
2026-08-07 14:58:22,Southern District,LAA #1 at Soledad Flow,270.3
2026-08-07 14:58:22,Southern District,LAA #2 at Soledad Flow,257.8
2026-08-07 15:28:22,Northern Owens Valley,Tinemaha Elevation,3860.7
2026-08-07 15:28:22,Southern Owens Valley,Tinemaha Elevation,3860.7
2026-08-07 15:43:23,Mono Basin,Lee Vining Intake Above Flow,32.3
2026-08-07 15:43:23,Mono Basin,Lee Vining Intake Below Flow,29.6
2026-08-07 15:43:23,Mono Basin,Mono Lk. Elevation,6382.4
2026-08-07 15:43:23,Mono Basin,Walker Ck. Above Conduit Flow,4.0
2026-08-07 15:43:23,Mono Basin,L.V. Conduit Below Intake Flow,1.6
2026-08-07 15:43:23,Mono Basin,Walker Ck. Under Conduit Flow,4.0
2026-08-07 15:43:23,Mono Basin,Parker Ck. Under Conduit Flow,14.0
2026-08-07 15:43:23,Mono Basin,Parker Ck. Above Conduit Flow,15.0
2026-08-07 15:43:23,Mono Basin,Grant Lk. Spill Flow,0.0
2026-08-07 15:43:23,Mono Basin,Mono Gate 1 Return Ditch Flow,40.3
2026-08-07 15:43:23,Mono Basin,Grant Lk. Elevation,7130.0
2026-08-07 15:43:23,Mono Basin,Grant Lk. Outflow,40.6
2026-08-07 15:43:23,Mono Basin,Rush Ck. at Damsite Flow,14.5
2026-08-07 15:43:23,Mono Basin,Flow to West Portal,0.0
2026-08-07 15:43:23,Long Valley,East Portal Flow,13.0
2026-08-07 15:43:23,Long Valley,OR Below EP Flow,57.0
2026-08-07 15:43:23,Long Valley,Hot Ck.at Hwy. Flow,7.0
2026-08-07 15:43:23,Long Valley,McGee Ck. Lower Sta. Flow,7.9
2026-08-07 15:43:23,Long Valley,Long Valley Elevation,6773.7
2026-08-07 15:43:23,Long Valley,Long Valley Current Outflow,579.5
2026-08-07 15:43:23,Long Valley,Rock Ck. Div. Flow,0.1
2026-08-07 15:43:23,Long Valley,Upper Gorge Total Release,40.5
2026-08-07 15:43:23,Long Valley,Release at Middle Gorge,0.0
2026-08-07 15:43:23,Northern Owens Valley,Rock Ck. At Owens River (PV) Flow,25.8
2026-08-07 15:43:23,Northern Owens Valley,Pleasant Valley Elevation,4386.7
2026-08-07 15:43:23,Northern Owens Valley,Pleasant Valley Outflow,496.8
2026-08-07 15:43:23,Northern Owens Valley,Baker Ck. At LA Station Flow,6.2
2026-08-07 15:43:23,Northern Owens Valley,Big Pine Ck. USGS Flow,44.8
2026-08-07 15:43:23,Northern Owens Valley,O.R. Below Big Pine,455.8
2026-08-07 15:43:23,Northern Owens Valley,Fish Springs At RR Flow,36.5
2026-08-07 15:43:23,Northern Owens Valley,Tinemaha Reservoir Outflow,379.9
2026-08-07 15:43:23,Northern Owens Valley,Bishop Creek Through Plant 6,98.7
2026-08-07 15:43:23,Northern Owens Valley,Bishop Creek Around Plant 6,7.2
2026-08-07 15:43:23,Southern Owens Valley,Tinemaha Reservoir Outflow,379.9
2026-08-07 15:43:23,Southern Owens Valley,Indep. Ck. At Junction Flow,7.4
2026-08-07 15:43:23,Southern Owens Valley,LAA at Alabama Flow,312.0
2026-08-07 15:43:23,Southern Owens Valley,LAA at Alabama Level,6.9
2026-08-07 15:43:23,Southern Owens Valley,LAA at Alabama Water Temp,76.4
2026-08-07 15:43:23,Southern Owens Valley,Cottonwood Ck. At LAA Flow,0.0
2026-08-07 15:43:23,Southern Owens Valley,LAA at Cottonwood Flow,391.0
2026-08-07 15:43:23,Southern Owens Valley,LAA at Cottonwood Level,8.2
2026-08-07 15:43:23,Southern Owens Valley,LAA at Cotton. Water Temp,77.1
2026-08-07 15:43:23,Southern Owens Valley,N. Haiwee Elevation,3756.9
2026-08-07 15:43:23,Southern Owens Valley,S. Haiwee Reservoir Elevation,3725.5
2026-08-07 15:43:23,Southern Owens Valley,Haiwee LAA #1 Current Flow,0.0
2026-08-07 15:43:23,Southern Owens Valley,Haiwee LAA #2 Current Flow,194.2
2026-08-07 15:43:23,Southern Owens Valley,Reinhackel Flow,3.0
2026-08-07 15:43:23,Southern Owens Valley,Lubkin Spillgate Outflow,0.0
2026-08-07 15:43:23,Southern Owens Valley,Cartago Spillgate Outflow,23.4
2026-08-07 15:43:23,Southern Owens Valley,Lone Pine Creek Flow,11.7
2026-08-07 15:43:23,Lower Owens River Project,LORP Intake Flow,80.0
2026-08-07 15:43:23,Lower Owens River Project,LORP at Mazourka Canyon Road,0.0
2026-08-07 15:43:23,Lower Owens River Project,LORP at Reinhackle Springs,75.0
2026-08-07 15:43:23,Lower Owens River Project,LORP Above Pumpstation,50.0
2026-08-07 15:43:23,Lower Owens River Project,LORP At Pump Station Discharge Flow,47.0
2026-08-07 15:43:23,Southern District,Haiwee LAA #2 Current Flow,194.2
2026-08-07 15:43:23,Southern District,S. Haiwee Reservoir Elevation,3725.5
2026-08-07 15:43:23,Southern District,Haiwee LAA #1 Current Flow,0.0
2026-08-07 15:43:23,Southern District,Fairmont Reservoir Elevation,3027.0
2026-08-07 15:43:23,Southern District,LAA #1 Flow at Fairmont Reservoir,403.1
2026-08-07 15:43:23,Southern District,LAA #2 Flow at Fairmont Res.,203.6
2026-08-07 15:43:23,Southern District,Bouquet Reservoir Elevation,2983.0
2026-08-07 15:43:23,Southern District,Bouquet Reservoir Inflow,22.1
2026-08-07 15:43:23,Southern District,Bouquet Reservoir Outflow,0.5
2026-08-07 15:43:23,Southern District,LAA #1 at Soledad Flow,270.3
2026-08-07 15:43:23,Southern District,LAA #2 at Soledad Flow,257.8
2026-08-07 15:58:22,Northern Owens Valley,Tinemaha Elevation,3860.7
2026-08-07 15:58:22,Southern Owens Valley,Tinemaha Elevation,3860.7
2026-08-07 16:28:22,Northern Owens Valley,Tinemaha Elevation,3860.7
2026-08-07 16:28:22,Southern Owens Valley,Tinemaha Elevation,3860.7
2026-08-07 16:43:23,Mono Basin,Lee Vining Intake Above Flow,32.2
2026-08-07 16:43:23,Mono Basin,Lee Vining Intake Below Flow,29.6
2026-08-07 16:43:23,Mono Basin,Mono Lk. Elevation,6382.4
2026-08-07 16:43:23,Mono Basin,Walker Ck. Above Conduit Flow,4.0
2026-08-07 16:43:23,Mono Basin,L.V. Conduit Below Intake Flow,1.2
2026-08-07 16:43:23,Mono Basin,Walker Ck. Under Conduit Flow,4.0
2026-08-07 16:43:23,Mono Basin,Parker Ck. Under Conduit Flow,14.0
2026-08-07 16:43:23,Mono Basin,Parker Ck. Above Conduit Flow,15.0
2026-08-07 16:43:23,Mono Basin,Grant Lk. Spill Flow,0.0
2026-08-07 16:43:23,Mono Basin,Mono Gate 1 Return Ditch Flow,40.3
2026-08-07 16:43:23,Mono Basin,Grant Lk. Elevation,7130.0
2026-08-07 16:43:23,Mono Basin,Grant Lk. Outflow,40.5
2026-08-07 16:43:23,Mono Basin,Rush Ck. at Damsite Flow,14.5
2026-08-07 16:43:23,Mono Basin,Flow to West Portal,0.0
2026-08-07 16:43:23,Long Valley,East Portal Flow,12.0
2026-08-07 16:43:23,Long Valley,OR Below EP Flow,57.0
2026-08-07 16:43:23,Long Valley,Hot Ck.at Hwy. Flow,6.0
2026-08-07 16:43:23,Long Valley,McGee Ck. Lower Sta. Flow,7.9
2026-08-07 16:43:23,Long Valley,Long Valley Elevation,6773.7
2026-08-07 16:43:23,Long Valley,Long Valley Current Outflow,580.6
2026-08-07 16:43:23,Long Valley,Rock Ck. Div. Flow,0.1
2026-08-07 16:43:23,Long Valley,Upper Gorge Total Release,40.2
2026-08-07 16:43:23,Long Valley,Release at Middle Gorge,0.0
2026-08-07 16:43:23,Northern Owens Valley,Rock Ck. At Owens River (PV) Flow,25.4
2026-08-07 16:43:23,Northern Owens Valley,Pleasant Valley Elevation,4386.8
2026-08-07 16:43:23,Northern Owens Valley,Pleasant Valley Outflow,495.5
2026-08-07 16:43:23,Northern Owens Valley,Baker Ck. At LA Station Flow,6.2
2026-08-07 16:43:23,Northern Owens Valley,Big Pine Ck. USGS Flow,44.8
2026-08-07 16:43:23,Northern Owens Valley,O.R. Below Big Pine,457.7
2026-08-07 16:43:23,Northern Owens Valley,Fish Springs At RR Flow,36.5
2026-08-07 16:43:23,Northern Owens Valley,Tinemaha Reservoir Outflow,379.9
2026-08-07 16:43:23,Northern Owens Valley,Bishop Creek Through Plant 6,99.1
2026-08-07 16:43:23,Northern Owens Valley,Bishop Creek Around Plant 6,7.2
2026-08-07 16:43:23,Southern Owens Valley,Tinemaha Reservoir Outflow,379.9
2026-08-07 16:43:23,Southern Owens Valley,Indep. Ck. At Junction Flow,7.4
2026-08-07 16:43:23,Southern Owens Valley,LAA at Alabama Flow,312.0
2026-08-07 16:43:23,Southern Owens Valley,LAA at Alabama Level,6.9
2026-08-07 16:43:23,Southern Owens Valley,LAA at Alabama Water Temp,76.9
2026-08-07 16:43:23,Southern Owens Valley,Cottonwood Ck. At LAA Flow,0.0
2026-08-07 16:43:23,Southern Owens Valley,LAA at Cottonwood Flow,390.0
2026-08-07 16:43:23,Southern Owens Valley,LAA at Cottonwood Level,8.2
2026-08-07 16:43:23,Southern Owens Valley,LAA at Cotton. Water Temp,77.4
2026-08-07 16:43:23,Southern Owens Valley,N. Haiwee Elevation,3756.9
2026-08-07 16:43:23,Southern Owens Valley,S. Haiwee Reservoir Elevation,3725.5
2026-08-07 16:43:23,Southern Owens Valley,Haiwee LAA #1 Current Flow,0.0
2026-08-07 16:43:23,Southern Owens Valley,Haiwee LAA #2 Current Flow,194.2
2026-08-07 16:43:23,Southern Owens Valley,Reinhackel Flow,3.0
2026-08-07 16:43:23,Southern Owens Valley,Lubkin Spillgate Outflow,0.0
2026-08-07 16:43:23,Southern Owens Valley,Cartago Spillgate Outflow,25.8
2026-08-07 16:43:23,Southern Owens Valley,Lone Pine Creek Flow,11.4
2026-08-07 16:43:23,Lower Owens River Project,LORP Intake Flow,80.0
2026-08-07 16:43:23,Lower Owens River Project,LORP at Mazourka Canyon Road,0.0
2026-08-07 16:43:23,Lower Owens River Project,LORP at Reinhackle Springs,73.0
2026-08-07 16:43:23,Lower Owens River Project,LORP Above Pumpstation,52.0
2026-08-07 16:43:23,Lower Owens River Project,LORP At Pump Station Discharge Flow,49.0
2026-08-07 16:43:23,Southern District,Haiwee LAA #2 Current Flow,194.2
2026-08-07 16:43:23,Southern District,S. Haiwee Reservoir Elevation,3725.5
2026-08-07 16:43:23,Southern District,Haiwee LAA #1 Current Flow,0.0
2026-08-07 16:43:23,Southern District,Fairmont Reservoir Elevation,3027.1
2026-08-07 16:43:23,Southern District,LAA #1 Flow at Fairmont Reservoir,380.8
2026-08-07 16:43:23,Southern District,LAA #2 Flow at Fairmont Res.,204.1
2026-08-07 16:43:23,Southern District,Bouquet Reservoir Elevation,2983.0
2026-08-07 16:43:23,Southern District,Bouquet Reservoir Inflow,25.5
2026-08-07 16:43:23,Southern District,Bouquet Reservoir Outflow,0.5
2026-08-07 16:43:23,Southern District,LAA #1 at Soledad Flow,270.3
2026-08-07 16:43:23,Southern District,LAA #2 at Soledad Flow,257.8
2026-08-07 16:58:22,Northern Owens Valley,Tinemaha Elevation,3860.7
2026-08-07 16:58:22,Southern Owens Valley,Tinemaha Elevation,3860.7
2026-08-07 17:28:22,Northern Owens Valley,Tinemaha Elevation,3860.7
2026-08-07 17:28:22,Southern Owens Valley,Tinemaha Elevation,3860.7
2026-08-07 17:43:23,Mono Basin,Lee Vining Intake Above Flow,32.5
2026-08-07 17:43:23,Mono Basin,Lee Vining Intake Below Flow,29.3
2026-08-07 17:43:23,Mono Basin,Walker Ck. Above Conduit Flow,4.0
2026-08-07 17:43:23,Mono Basin,L.V. Conduit Below Intake Flow,1.2
2026-08-07 17:43:23,Mono Basin,Walker Ck. Under Conduit Flow,4.0
2026-08-07 17:43:23,Mono Basin,Parker Ck. Under Conduit Flow,14.0
2026-08-07 17:43:23,Mono Basin,Parker Ck. Above Conduit Flow,15.0
2026-08-07 17:43:23,Mono Basin,Grant Lk. Spill Flow,0.0
2026-08-07 17:43:23,Mono Basin,Mono Gate 1 Return Ditch Flow,40.3
2026-08-07 17:43:23,Mono Basin,Grant Lk. Outflow,40.5
2026-08-07 17:43:23,Mono Basin,Rush Ck. at Damsite Flow,14.5
2026-08-07 17:43:23,Mono Basin,Flow to West Portal,0.0
2026-08-07 17:43:23,Long Valley,East Portal Flow,13.0
2026-08-07 17:43:23,Long Valley,OR Below EP Flow,57.0
2026-08-07 17:43:23,Long Valley,Hot Ck.at Hwy. Flow,6.0
2026-08-07 17:43:23,Long Valley,McGee Ck. Lower Sta. Flow,7.9
2026-08-07 17:43:23,Long Valley,Long Valley Current Outflow,577.4
2026-08-07 17:43:23,Long Valley,Rock Ck. Div. Flow,0.1
2026-08-07 17:43:23,Long Valley,Upper Gorge Total Release,40.2
2026-08-07 17:43:23,Long Valley,Release at Middle Gorge,0.0
2026-08-07 17:43:23,Northern Owens Valley,Rock Ck. At Owens River (PV) Flow,25.2
2026-08-07 17:43:23,Northern Owens Valley,Pleasant Valley Outflow,495.8
2026-08-07 17:43:23,Northern Owens Valley,Baker Ck. At LA Station Flow,6.2
2026-08-07 17:43:23,Northern Owens Valley,Big Pine Ck. USGS Flow,44.8
2026-08-07 17:43:23,Northern Owens Valley,O.R. Below Big Pine,456.1
2026-08-07 17:43:23,Northern Owens Valley,Fish Springs At RR Flow,36.5
2026-08-07 17:43:23,Northern Owens Valley,Tinemaha Reservoir Outflow,380.6
2026-08-07 17:43:23,Northern Owens Valley,Bishop Creek Through Plant 6,99.2
2026-08-07 17:43:23,Northern Owens Valley,Bishop Creek Around Plant 6,7.6
2026-08-07 17:43:23,Southern Owens Valley,Tinemaha Reservoir Outflow,380.6
2026-08-07 17:43:23,Southern Owens Valley,Indep. Ck. At Junction Flow,7.4
2026-08-07 17:43:23,Southern Owens Valley,LAA at Alabama Flow,313.0
2026-08-07 17:43:23,Southern Owens Valley,Cottonwood Ck. At LAA Flow,0.0
2026-08-07 17:43:23,Southern Owens Valley,LAA at Cottonwood Flow,389.0
2026-08-07 17:43:23,Southern Owens Valley,Haiwee LAA #1 Current Flow,0.0
2026-08-07 17:43:23,Southern Owens Valley,Haiwee LAA #2 Current Flow,194.2
2026-08-07 17:43:23,Southern Owens Valley,Reinhackel Flow,3.0
2026-08-07 17:43:23,Southern Owens Valley,Lubkin Spillgate Outflow,0.0
2026-08-07 17:43:23,Southern Owens Valley,Cartago Spillgate Outflow,21.1
2026-08-07 17:43:23,Southern Owens Valley,Lone Pine Creek Flow,11.1
2026-08-07 17:43:23,Lower Owens River Project,LORP Intake Flow,80.0
2026-08-07 17:43:23,Lower Owens River Project,LORP at Mazourka Canyon Road,0.0
2026-08-07 17:43:23,Lower Owens River Project,LORP at Reinhackle Springs,73.0
2026-08-07 17:43:23,Lower Owens River Project,LORP Above Pumpstation,41.0
2026-08-07 17:43:23,Lower Owens River Project,LORP At Pump Station Discharge Flow,37.0
2026-08-07 17:43:23,Southern District,Haiwee LAA #2 Current Flow,194.2
2026-08-07 17:43:23,Southern District,Haiwee LAA #1 Current Flow,0.0
2026-08-07 17:43:23,Southern District,LAA #1 Flow at Fairmont Reservoir,403.7
2026-08-07 17:43:23,Southern District,LAA #2 Flow at Fairmont Res.,203.7
2026-08-07 17:43:23,Southern District,Bouquet Reservoir Inflow,24.9
2026-08-07 17:43:23,Southern District,Bouquet Reservoir Outflow,0.5
2026-08-07 17:43:23,Southern District,LAA #1 at Soledad Flow,270.3
2026-08-07 17:43:23,Southern District,LAA #2 at Soledad Flow,257.8
2026-08-07 17:43:24,Mono Basin,Mono Lk. Elevation,6382.4
2026-08-07 17:43:24,Mono Basin,Grant Lk. Elevation,7129.9
2026-08-07 17:43:24,Long Valley,Long Valley Elevation,6773.8
2026-08-07 17:43:24,Northern Owens Valley,Pleasant Valley Elevation,4386.9
2026-08-07 17:43:24,Southern Owens Valley,LAA at Alabama Level,6.9
2026-08-07 17:43:24,Southern Owens Valley,LAA at Alabama Water Temp,77.4
2026-08-07 17:43:24,Southern Owens Valley,LAA at Cottonwood Level,8.2
2026-08-07 17:43:24,Southern Owens Valley,LAA at Cotton. Water Temp,77.5
2026-08-07 17:43:24,Southern Owens Valley,N. Haiwee Elevation,3756.9
2026-08-07 17:43:24,Southern Owens Valley,S. Haiwee Reservoir Elevation,3725.5
2026-08-07 17:43:24,Southern District,S. Haiwee Reservoir Elevation,3725.5
2026-08-07 17:43:24,Southern District,Fairmont Reservoir Elevation,3027.1
2026-08-07 17:43:24,Southern District,Bouquet Reservoir Elevation,2983.0
2026-08-07 17:58:22,Northern Owens Valley,Tinemaha Elevation,3860.7
2026-08-07 17:58:22,Southern Owens Valley,Tinemaha Elevation,3860.7
2026-08-07 18:28:22,Northern Owens Valley,Tinemaha Elevation,3860.7
2026-08-07 18:28:22,Southern Owens Valley,Tinemaha Elevation,3860.7
2026-08-07 18:43:23,Mono Basin,Lee Vining Intake Above Flow,31.9
2026-08-07 18:43:23,Mono Basin,Lee Vining Intake Below Flow,29.6
2026-08-07 18:43:23,Mono Basin,Mono Lk. Elevation,6382.4
2026-08-07 18:43:23,Mono Basin,Walker Ck. Above Conduit Flow,4.0
2026-08-07 18:43:23,Mono Basin,L.V. Conduit Below Intake Flow,1.1
2026-08-07 18:43:23,Mono Basin,Walker Ck. Under Conduit Flow,4.0
2026-08-07 18:43:23,Mono Basin,Parker Ck. Under Conduit Flow,14.0
2026-08-07 18:43:23,Mono Basin,Parker Ck. Above Conduit Flow,15.0
2026-08-07 18:43:23,Mono Basin,Grant Lk. Spill Flow,0.0
2026-08-07 18:43:23,Mono Basin,Mono Gate 1 Return Ditch Flow,40.4
2026-08-07 18:43:23,Mono Basin,Grant Lk. Elevation,7130.0
2026-08-07 18:43:23,Mono Basin,Grant Lk. Outflow,41.0
2026-08-07 18:43:23,Mono Basin,Rush Ck. at Damsite Flow,14.5
2026-08-07 18:43:23,Mono Basin,Flow to West Portal,0.0
2026-08-07 18:43:23,Long Valley,East Portal Flow,13.0
2026-08-07 18:43:23,Long Valley,OR Below EP Flow,57.0
2026-08-07 18:43:23,Long Valley,Hot Ck.at Hwy. Flow,6.0
2026-08-07 18:43:23,Long Valley,McGee Ck. Lower Sta. Flow,7.9
2026-08-07 18:43:23,Long Valley,Long Valley Elevation,6773.7
2026-08-07 18:43:23,Long Valley,Long Valley Current Outflow,582.4
2026-08-07 18:43:23,Long Valley,Rock Ck. Div. Flow,0.1
2026-08-07 18:43:23,Long Valley,Upper Gorge Total Release,39.5
2026-08-07 18:43:23,Long Valley,Release at Middle Gorge,0.0
2026-08-07 18:43:23,Northern Owens Valley,Rock Ck. At Owens River (PV) Flow,24.9
2026-08-07 18:43:23,Northern Owens Valley,Pleasant Valley Elevation,4387.0
2026-08-07 18:43:23,Northern Owens Valley,Pleasant Valley Outflow,493.5
2026-08-07 18:43:23,Northern Owens Valley,Baker Ck. At LA Station Flow,6.0
2026-08-07 18:43:23,Northern Owens Valley,Big Pine Ck. USGS Flow,44.8
2026-08-07 18:43:23,Northern Owens Valley,O.R. Below Big Pine,459.4
2026-08-07 18:43:23,Northern Owens Valley,Fish Springs At RR Flow,35.9
2026-08-07 18:43:23,Northern Owens Valley,Tinemaha Reservoir Outflow,380.6
2026-08-07 18:43:23,Northern Owens Valley,Bishop Creek Through Plant 6,98.2
2026-08-07 18:43:23,Northern Owens Valley,Bishop Creek Around Plant 6,7.9
2026-08-07 18:43:23,Southern Owens Valley,Tinemaha Reservoir Outflow,380.6
2026-08-07 18:43:23,Southern Owens Valley,Indep. Ck. At Junction Flow,7.4
2026-08-07 18:43:23,Southern Owens Valley,LAA at Alabama Flow,311.0
2026-08-07 18:43:23,Southern Owens Valley,LAA at Alabama Level,6.8
2026-08-07 18:43:23,Southern Owens Valley,LAA at Alabama Water Temp,77.5
2026-08-07 18:43:23,Southern Owens Valley,Cottonwood Ck. At LAA Flow,0.0
2026-08-07 18:43:23,Southern Owens Valley,LAA at Cottonwood Flow,389.0
2026-08-07 18:43:23,Southern Owens Valley,LAA at Cottonwood Level,8.2
2026-08-07 18:43:23,Southern Owens Valley,LAA at Cotton. Water Temp,77.3
2026-08-07 18:43:23,Southern Owens Valley,N. Haiwee Elevation,3756.9
2026-08-07 18:43:23,Southern Owens Valley,S. Haiwee Reservoir Elevation,3725.5
2026-08-07 18:43:23,Southern Owens Valley,Haiwee LAA #1 Current Flow,0.0
2026-08-07 18:43:23,Southern Owens Valley,Haiwee LAA #2 Current Flow,194.3
2026-08-07 18:43:23,Southern Owens Valley,Reinhackel Flow,3.0
2026-08-07 18:43:23,Southern Owens Valley,Lubkin Spillgate Outflow,0.0
2026-08-07 18:43:23,Southern Owens Valley,Cartago Spillgate Outflow,20.1
2026-08-07 18:43:23,Southern Owens Valley,Lone Pine Creek Flow,11.0
2026-08-07 18:43:23,Lower Owens River Project,LORP Intake Flow,80.0
2026-08-07 18:43:23,Lower Owens River Project,LORP at Mazourka Canyon Road,0.0
2026-08-07 18:43:23,Lower Owens River Project,LORP at Reinhackle Springs,71.0
2026-08-07 18:43:23,Lower Owens River Project,LORP Above Pumpstation,51.0
2026-08-07 18:43:23,Lower Owens River Project,LORP At Pump Station Discharge Flow,48.0
2026-08-07 18:43:23,Southern District,Haiwee LAA #2 Current Flow,194.3
2026-08-07 18:43:23,Southern District,S. Haiwee Reservoir Elevation,3725.5
2026-08-07 18:43:23,Southern District,Haiwee LAA #1 Current Flow,0.0
2026-08-07 18:43:23,Southern District,Fairmont Reservoir Elevation,3027.1
2026-08-07 18:43:23,Southern District,LAA #1 Flow at Fairmont Reservoir,386.4
2026-08-07 18:43:23,Southern District,LAA #2 Flow at Fairmont Res.,204.1
2026-08-07 18:43:23,Southern District,Bouquet Reservoir Elevation,2983.0
2026-08-07 18:43:23,Southern District,Bouquet Reservoir Inflow,80.4
2026-08-07 18:43:23,Southern District,Bouquet Reservoir Outflow,0.5
2026-08-07 18:43:23,Southern District,LAA #1 at Soledad Flow,270.3
2026-08-07 18:43:23,Southern District,LAA #2 at Soledad Flow,257.8
2026-08-07 18:58:22,Northern Owens Valley,Tinemaha Elevation,3860.7
2026-08-07 18:58:22,Southern Owens Valley,Tinemaha Elevation,3860.7
2026-08-07 19:28:22,Northern Owens Valley,Tinemaha Elevation,3860.7
2026-08-07 19:28:22,Southern Owens Valley,Tinemaha Elevation,3860.7
2026-08-07 19:43:23,Mono Basin,Lee Vining Intake Above Flow,32.4
2026-08-07 19:43:23,Mono Basin,Lee Vining Intake Below Flow,29.5
2026-08-07 19:43:23,Mono Basin,Mono Lk. Elevation,6382.4
2026-08-07 19:43:23,Mono Basin,Walker Ck. Above Conduit Flow,4.0
2026-08-07 19:43:23,Mono Basin,L.V. Conduit Below Intake Flow,1.1
2026-08-07 19:43:23,Mono Basin,Walker Ck. Under Conduit Flow,4.0
2026-08-07 19:43:23,Mono Basin,Parker Ck. Under Conduit Flow,14.0
2026-08-07 19:43:23,Mono Basin,Parker Ck. Above Conduit Flow,15.0
2026-08-07 19:43:23,Mono Basin,Grant Lk. Spill Flow,0.0
2026-08-07 19:43:23,Mono Basin,Mono Gate 1 Return Ditch Flow,40.4
2026-08-07 19:43:23,Mono Basin,Grant Lk. Elevation,7130.0
2026-08-07 19:43:23,Mono Basin,Grant Lk. Outflow,40.5
2026-08-07 19:43:23,Mono Basin,Rush Ck. at Damsite Flow,14.5
2026-08-07 19:43:23,Mono Basin,Flow to West Portal,0.0
2026-08-07 19:43:23,Long Valley,East Portal Flow,13.0
2026-08-07 19:43:23,Long Valley,OR Below EP Flow,57.0
2026-08-07 19:43:23,Long Valley,Hot Ck.at Hwy. Flow,6.0
2026-08-07 19:43:23,Long Valley,McGee Ck. Lower Sta. Flow,7.9
2026-08-07 19:43:23,Long Valley,Long Valley Elevation,6773.7
2026-08-07 19:43:23,Long Valley,Long Valley Current Outflow,582.0
2026-08-07 19:43:23,Long Valley,Rock Ck. Div. Flow,0.1
2026-08-07 19:43:23,Long Valley,Upper Gorge Total Release,41.4
2026-08-07 19:43:23,Long Valley,Release at Middle Gorge,0.0
2026-08-07 19:43:23,Northern Owens Valley,Rock Ck. At Owens River (PV) Flow,24.7
2026-08-07 19:43:23,Northern Owens Valley,Pleasant Valley Elevation,4387.1
2026-08-07 19:43:23,Northern Owens Valley,Pleasant Valley Outflow,493.9
2026-08-07 19:43:23,Northern Owens Valley,Baker Ck. At LA Station Flow,6.0
2026-08-07 19:43:23,Northern Owens Valley,Big Pine Ck. USGS Flow,44.8
2026-08-07 19:43:23,Northern Owens Valley,O.R. Below Big Pine,459.5
2026-08-07 19:43:23,Northern Owens Valley,Fish Springs At RR Flow,35.9
2026-08-07 19:43:23,Northern Owens Valley,Tinemaha Reservoir Outflow,380.6
2026-08-07 19:43:23,Northern Owens Valley,Bishop Creek Through Plant 6,97.9
2026-08-07 19:43:23,Northern Owens Valley,Bishop Creek Around Plant 6,8.1
2026-08-07 19:43:23,Southern Owens Valley,Tinemaha Reservoir Outflow,380.6
2026-08-07 19:43:23,Southern Owens Valley,Indep. Ck. At Junction Flow,6.9
2026-08-07 19:43:23,Southern Owens Valley,LAA at Alabama Flow,310.0
2026-08-07 19:43:23,Southern Owens Valley,LAA at Alabama Level,6.8
2026-08-07 19:43:23,Southern Owens Valley,LAA at Alabama Water Temp,77.3
2026-08-07 19:43:23,Southern Owens Valley,Cottonwood Ck. At LAA Flow,0.0
2026-08-07 19:43:23,Southern Owens Valley,LAA at Cottonwood Flow,388.0
2026-08-07 19:43:23,Southern Owens Valley,LAA at Cottonwood Level,8.2
2026-08-07 19:43:23,Southern Owens Valley,LAA at Cotton. Water Temp,77.0
2026-08-07 19:43:23,Southern Owens Valley,N. Haiwee Elevation,3756.9
2026-08-07 19:43:23,Southern Owens Valley,S. Haiwee Reservoir Elevation,3725.4
2026-08-07 19:43:23,Southern Owens Valley,Haiwee LAA #1 Current Flow,0.0
2026-08-07 19:43:23,Southern Owens Valley,Haiwee LAA #2 Current Flow,194.3
2026-08-07 19:43:23,Southern Owens Valley,Reinhackel Flow,3.0
2026-08-07 19:43:23,Southern Owens Valley,Lubkin Spillgate Outflow,0.0
2026-08-07 19:43:23,Southern Owens Valley,Cartago Spillgate Outflow,17.8
2026-08-07 19:43:23,Southern Owens Valley,Lone Pine Creek Flow,10.9
2026-08-07 19:43:23,Lower Owens River Project,LORP Intake Flow,80.0
2026-08-07 19:43:23,Lower Owens River Project,LORP at Mazourka Canyon Road,0.0
2026-08-07 19:43:23,Lower Owens River Project,LORP at Reinhackle Springs,76.0
2026-08-07 19:43:23,Lower Owens River Project,LORP Above Pumpstation,51.0
2026-08-07 19:43:23,Lower Owens River Project,LORP At Pump Station Discharge Flow,48.0
2026-08-07 19:43:23,Southern District,Haiwee LAA #2 Current Flow,194.3
2026-08-07 19:43:23,Southern District,S. Haiwee Reservoir Elevation,3725.4
2026-08-07 19:43:23,Southern District,Haiwee LAA #1 Current Flow,0.0
2026-08-07 19:43:23,Southern District,Fairmont Reservoir Elevation,3027.1
2026-08-07 19:43:23,Southern District,LAA #1 Flow at Fairmont Reservoir,400.3
2026-08-07 19:43:23,Southern District,LAA #2 Flow at Fairmont Res.,204.0
2026-08-07 19:43:23,Southern District,Bouquet Reservoir Elevation,2983.0
2026-08-07 19:43:23,Southern District,Bouquet Reservoir Inflow,36.8
2026-08-07 19:43:23,Southern District,Bouquet Reservoir Outflow,0.5
2026-08-07 19:43:23,Southern District,LAA #1 at Soledad Flow,266.5
2026-08-07 19:43:23,Southern District,LAA #2 at Soledad Flow,258.0
2026-08-07 19:58:22,Northern Owens Valley,Tinemaha Elevation,3860.7
2026-08-07 19:58:22,Southern Owens Valley,Tinemaha Elevation,3860.7
2026-08-07 20:28:22,Northern Owens Valley,Tinemaha Elevation,3860.7
2026-08-07 20:28:22,Southern Owens Valley,Tinemaha Elevation,3860.7
2026-08-07 20:43:23,Mono Basin,Lee Vining Intake Above Flow,34.8
2026-08-07 20:43:23,Mono Basin,Lee Vining Intake Below Flow,30.5
2026-08-07 20:43:23,Mono Basin,Mono Lk. Elevation,6382.4
2026-08-07 20:43:23,Mono Basin,Walker Ck. Above Conduit Flow,4.0
2026-08-07 20:43:23,Mono Basin,L.V. Conduit Below Intake Flow,1.9
2026-08-07 20:43:23,Mono Basin,Walker Ck. Under Conduit Flow,4.0
2026-08-07 20:43:23,Mono Basin,Parker Ck. Under Conduit Flow,14.0
2026-08-07 20:43:23,Mono Basin,Parker Ck. Above Conduit Flow,15.0
2026-08-07 20:43:23,Mono Basin,Grant Lk. Spill Flow,0.0
2026-08-07 20:43:23,Mono Basin,Mono Gate 1 Return Ditch Flow,40.6
2026-08-07 20:43:23,Mono Basin,Grant Lk. Elevation,7130.0
2026-08-07 20:43:23,Mono Basin,Grant Lk. Outflow,40.8
2026-08-07 20:43:23,Mono Basin,Rush Ck. at Damsite Flow,14.5
2026-08-07 20:43:23,Mono Basin,Flow to West Portal,0.0
2026-08-07 20:43:23,Long Valley,East Portal Flow,12.0
2026-08-07 20:43:23,Long Valley,OR Below EP Flow,58.0
2026-08-07 20:43:23,Long Valley,Hot Ck.at Hwy. Flow,6.0
2026-08-07 20:43:23,Long Valley,McGee Ck. Lower Sta. Flow,7.9
2026-08-07 20:43:23,Long Valley,Long Valley Elevation,6773.7
2026-08-07 20:43:23,Long Valley,Long Valley Current Outflow,578.6
2026-08-07 20:43:23,Long Valley,Rock Ck. Div. Flow,0.1
2026-08-07 20:43:23,Long Valley,Upper Gorge Total Release,41.6
2026-08-07 20:43:23,Long Valley,Release at Middle Gorge,0.0
2026-08-07 20:43:23,Northern Owens Valley,Rock Ck. At Owens River (PV) Flow,24.7
2026-08-07 20:43:23,Northern Owens Valley,Pleasant Valley Elevation,4387.2
2026-08-07 20:43:23,Northern Owens Valley,Pleasant Valley Outflow,495.1
2026-08-07 20:43:23,Northern Owens Valley,Baker Ck. At LA Station Flow,6.0
2026-08-07 20:43:23,Northern Owens Valley,Big Pine Ck. USGS Flow,44.8
2026-08-07 20:43:23,Northern Owens Valley,O.R. Below Big Pine,460.2
2026-08-07 20:43:23,Northern Owens Valley,Fish Springs At RR Flow,35.9
2026-08-07 20:43:23,Northern Owens Valley,Tinemaha Reservoir Outflow,381.4
2026-08-07 20:43:23,Northern Owens Valley,Bishop Creek Through Plant 6,99.0
2026-08-07 20:43:23,Northern Owens Valley,Bishop Creek Around Plant 6,8.1
2026-08-07 20:43:23,Southern Owens Valley,Tinemaha Reservoir Outflow,381.4
2026-08-07 20:43:23,Southern Owens Valley,Indep. Ck. At Junction Flow,7.0
2026-08-07 20:43:23,Southern Owens Valley,LAA at Alabama Flow,309.0
2026-08-07 20:43:23,Southern Owens Valley,LAA at Alabama Level,6.8
2026-08-07 20:43:23,Southern Owens Valley,LAA at Alabama Water Temp,77.1
2026-08-07 20:43:23,Southern Owens Valley,Cottonwood Ck. At LAA Flow,0.0
2026-08-07 20:43:23,Southern Owens Valley,LAA at Cottonwood Flow,388.0
2026-08-07 20:43:23,Southern Owens Valley,LAA at Cottonwood Level,8.2
2026-08-07 20:43:23,Southern Owens Valley,LAA at Cotton. Water Temp,76.9
2026-08-07 20:43:23,Southern Owens Valley,N. Haiwee Elevation,3756.9
2026-08-07 20:43:23,Southern Owens Valley,S. Haiwee Reservoir Elevation,3725.4
2026-08-07 20:43:23,Southern Owens Valley,Haiwee LAA #1 Current Flow,0.0
2026-08-07 20:43:23,Southern Owens Valley,Haiwee LAA #2 Current Flow,194.3
2026-08-07 20:43:23,Southern Owens Valley,Reinhackel Flow,3.0
2026-08-07 20:43:23,Southern Owens Valley,Lubkin Spillgate Outflow,0.0
2026-08-07 20:43:23,Southern Owens Valley,Cartago Spillgate Outflow,20.0
2026-08-07 20:43:23,Southern Owens Valley,Lone Pine Creek Flow,11.0
2026-08-07 20:43:23,Lower Owens River Project,LORP Intake Flow,80.0
2026-08-07 20:43:23,Lower Owens River Project,LORP at Mazourka Canyon Road,0.0
2026-08-07 20:43:23,Lower Owens River Project,LORP at Reinhackle Springs,72.0
2026-08-07 20:43:23,Lower Owens River Project,LORP Above Pumpstation,52.0
2026-08-07 20:43:23,Lower Owens River Project,LORP At Pump Station Discharge Flow,49.0
2026-08-07 20:43:23,Southern District,Haiwee LAA #2 Current Flow,194.3
2026-08-07 20:43:23,Southern District,S. Haiwee Reservoir Elevation,3725.4
2026-08-07 20:43:23,Southern District,Haiwee LAA #1 Current Flow,0.0
2026-08-07 20:43:23,Southern District,Fairmont Reservoir Elevation,3027.1
2026-08-07 20:43:23,Southern District,LAA #1 Flow at Fairmont Reservoir,395.6
2026-08-07 20:43:23,Southern District,LAA #2 Flow at Fairmont Res.,204.0
2026-08-07 20:43:23,Southern District,Bouquet Reservoir Elevation,2983.0
2026-08-07 20:43:23,Southern District,Bouquet Reservoir Inflow,39.4
2026-08-07 20:43:23,Southern District,Bouquet Reservoir Outflow,0.5
2026-08-07 20:43:23,Southern District,LAA #1 at Soledad Flow,266.5
2026-08-07 20:43:23,Southern District,LAA #2 at Soledad Flow,258.0
2026-08-07 20:58:22,Northern Owens Valley,Tinemaha Elevation,3860.7
2026-08-07 20:58:22,Southern Owens Valley,Tinemaha Elevation,3860.7
2026-08-07 21:28:26,Northern Owens Valley,Tinemaha Elevation,3860.7
2026-08-07 21:28:26,Southern Owens Valley,Tinemaha Elevation,3860.7
2026-08-07 21:43:25,Mono Basin,Lee Vining Intake Above Flow,36.9
2026-08-07 21:43:25,Mono Basin,Lee Vining Intake Below Flow,30.6
2026-08-07 21:43:25,Mono Basin,Mono Lk. Elevation,6382.4
2026-08-07 21:43:25,Mono Basin,Walker Ck. Above Conduit Flow,4.0
2026-08-07 21:43:25,Mono Basin,L.V. Conduit Below Intake Flow,3.7
2026-08-07 21:43:25,Mono Basin,Walker Ck. Under Conduit Flow,4.0
2026-08-07 21:43:25,Mono Basin,Parker Ck. Under Conduit Flow,14.0
2026-08-07 21:43:25,Mono Basin,Parker Ck. Above Conduit Flow,15.0
2026-08-07 21:43:25,Mono Basin,Grant Lk. Spill Flow,0.0
2026-08-07 21:43:25,Mono Basin,Mono Gate 1 Return Ditch Flow,40.5
2026-08-07 21:43:25,Mono Basin,Grant Lk. Elevation,7130.0
2026-08-07 21:43:25,Mono Basin,Grant Lk. Outflow,40.6
2026-08-07 21:43:25,Mono Basin,Rush Ck. at Damsite Flow,14.5
2026-08-07 21:43:25,Mono Basin,Flow to West Portal,0.0
2026-08-07 21:43:25,Long Valley,East Portal Flow,12.0
2026-08-07 21:43:25,Long Valley,OR Below EP Flow,57.0
2026-08-07 21:43:25,Long Valley,Hot Ck.at Hwy. Flow,6.0
2026-08-07 21:43:25,Long Valley,McGee Ck. Lower Sta. Flow,7.9
2026-08-07 21:43:25,Long Valley,Long Valley Elevation,6773.7
2026-08-07 21:43:25,Long Valley,Long Valley Current Outflow,585.2
2026-08-07 21:43:25,Long Valley,Rock Ck. Div. Flow,0.1
2026-08-07 21:43:25,Long Valley,Upper Gorge Total Release,41.4
2026-08-07 21:43:25,Long Valley,Release at Middle Gorge,0.0
2026-08-07 21:43:25,Northern Owens Valley,Rock Ck. At Owens River (PV) Flow,24.7
2026-08-07 21:43:25,Northern Owens Valley,Pleasant Valley Elevation,4387.3
2026-08-07 21:43:25,Northern Owens Valley,Pleasant Valley Outflow,502.4
2026-08-07 21:43:25,Northern Owens Valley,Baker Ck. At LA Station Flow,5.7
2026-08-07 21:43:25,Northern Owens Valley,Big Pine Ck. USGS Flow,44.8
2026-08-07 21:43:25,Northern Owens Valley,O.R. Below Big Pine,459.4
2026-08-07 21:43:25,Northern Owens Valley,Fish Springs At RR Flow,35.9
2026-08-07 21:43:25,Northern Owens Valley,Tinemaha Reservoir Outflow,380.6
2026-08-07 21:43:25,Northern Owens Valley,Bishop Creek Through Plant 6,98.8
2026-08-07 21:43:25,Northern Owens Valley,Bishop Creek Around Plant 6,8.3
2026-08-07 21:43:25,Southern Owens Valley,Tinemaha Reservoir Outflow,380.6
2026-08-07 21:43:25,Southern Owens Valley,Indep. Ck. At Junction Flow,7.0
2026-08-07 21:43:25,Southern Owens Valley,LAA at Alabama Flow,309.0
2026-08-07 21:43:25,Southern Owens Valley,LAA at Alabama Level,6.8
2026-08-07 21:43:25,Southern Owens Valley,LAA at Alabama Water Temp,76.8
2026-08-07 21:43:25,Southern Owens Valley,Cottonwood Ck. At LAA Flow,0.0
2026-08-07 21:43:25,Southern Owens Valley,LAA at Cottonwood Flow,387.0
2026-08-07 21:43:25,Southern Owens Valley,LAA at Cottonwood Level,8.2
2026-08-07 21:43:25,Southern Owens Valley,LAA at Cotton. Water Temp,76.6
2026-08-07 21:43:25,Southern Owens Valley,N. Haiwee Elevation,3756.9
2026-08-07 21:43:25,Southern Owens Valley,S. Haiwee Reservoir Elevation,3725.3
2026-08-07 21:43:25,Southern Owens Valley,Haiwee LAA #1 Current Flow,0.0
2026-08-07 21:43:25,Southern Owens Valley,Haiwee LAA #2 Current Flow,194.3
2026-08-07 21:43:25,Southern Owens Valley,Reinhackel Flow,3.0
2026-08-07 21:43:25,Southern Owens Valley,Lubkin Spillgate Outflow,0.0
2026-08-07 21:43:25,Southern Owens Valley,Cartago Spillgate Outflow,16.3
2026-08-07 21:43:25,Southern Owens Valley,Lone Pine Creek Flow,11.2
2026-08-07 21:43:25,Lower Owens River Project,LORP Intake Flow,80.0
2026-08-07 21:43:25,Lower Owens River Project,LORP at Mazourka Canyon Road,0.0
2026-08-07 21:43:25,Lower Owens River Project,LORP at Reinhackle Springs,71.0
2026-08-07 21:43:25,Lower Owens River Project,LORP Above Pumpstation,51.0
2026-08-07 21:43:25,Lower Owens River Project,LORP At Pump Station Discharge Flow,48.0
2026-08-07 21:43:25,Southern District,Haiwee LAA #2 Current Flow,194.3
2026-08-07 21:43:25,Southern District,S. Haiwee Reservoir Elevation,3725.3
2026-08-07 21:43:25,Southern District,Haiwee LAA #1 Current Flow,0.0
2026-08-07 21:43:25,Southern District,Fairmont Reservoir Elevation,3027.1
2026-08-07 21:43:25,Southern District,LAA #1 Flow at Fairmont Reservoir,401.1
2026-08-07 21:43:25,Southern District,LAA #2 Flow at Fairmont Res.,204.2
2026-08-07 21:43:25,Southern District,Bouquet Reservoir Elevation,2983.0
2026-08-07 21:43:25,Southern District,Bouquet Reservoir Inflow,39.4
2026-08-07 21:43:25,Southern District,Bouquet Reservoir Outflow,0.5
2026-08-07 21:43:25,Southern District,LAA #1 at Soledad Flow,266.5
2026-08-07 21:43:25,Southern District,LAA #2 at Soledad Flow,258.0
2026-08-07 21:58:23,Northern Owens Valley,Tinemaha Elevation,3860.7
2026-08-07 21:58:23,Southern Owens Valley,Tinemaha Elevation,3860.7
2026-08-07 22:28:24,Northern Owens Valley,Tinemaha Elevation,3860.8
2026-08-07 22:28:24,Southern Owens Valley,Tinemaha Elevation,3860.8
2026-08-07 22:43:24,Mono Basin,Lee Vining Intake Above Flow,37.6
2026-08-07 22:43:24,Mono Basin,Lee Vining Intake Below Flow,30.5
2026-08-07 22:43:24,Mono Basin,Walker Ck. Above Conduit Flow,4.0
2026-08-07 22:43:24,Mono Basin,L.V. Conduit Below Intake Flow,4.4
2026-08-07 22:43:24,Mono Basin,Walker Ck. Under Conduit Flow,4.0
2026-08-07 22:43:24,Mono Basin,Parker Ck. Under Conduit Flow,14.0
2026-08-07 22:43:24,Mono Basin,Parker Ck. Above Conduit Flow,15.0
2026-08-07 22:43:24,Mono Basin,Grant Lk. Spill Flow,0.0
2026-08-07 22:43:24,Mono Basin,Mono Gate 1 Return Ditch Flow,40.5
2026-08-07 22:43:24,Mono Basin,Grant Lk. Outflow,40.5
2026-08-07 22:43:24,Mono Basin,Rush Ck. at Damsite Flow,14.5
2026-08-07 22:43:24,Mono Basin,Flow to West Portal,0.0
2026-08-07 22:43:24,Long Valley,East Portal Flow,13.0
2026-08-07 22:43:24,Long Valley,OR Below EP Flow,58.0
2026-08-07 22:43:24,Long Valley,Hot Ck.at Hwy. Flow,6.0
2026-08-07 22:43:24,Long Valley,McGee Ck. Lower Sta. Flow,7.9
2026-08-07 22:43:24,Long Valley,Long Valley Current Outflow,578.9
2026-08-07 22:43:24,Long Valley,Rock Ck. Div. Flow,0.2
2026-08-07 22:43:24,Long Valley,Upper Gorge Total Release,41.1
2026-08-07 22:43:24,Long Valley,Release at Middle Gorge,0.0
2026-08-07 22:43:24,Northern Owens Valley,Rock Ck. At Owens River (PV) Flow,24.7
2026-08-07 22:43:24,Northern Owens Valley,Pleasant Valley Outflow,505.5
2026-08-07 22:43:24,Northern Owens Valley,Baker Ck. At LA Station Flow,5.7
2026-08-07 22:43:24,Northern Owens Valley,Big Pine Ck. USGS Flow,44.8
2026-08-07 22:43:24,Northern Owens Valley,O.R. Below Big Pine,461.1
2026-08-07 22:43:24,Northern Owens Valley,Fish Springs At RR Flow,35.9
2026-08-07 22:43:24,Northern Owens Valley,Tinemaha Reservoir Outflow,380.6
2026-08-07 22:43:24,Northern Owens Valley,Bishop Creek Through Plant 6,100.5
2026-08-07 22:43:24,Northern Owens Valley,Bishop Creek Around Plant 6,8.2
2026-08-07 22:43:24,Southern Owens Valley,Tinemaha Reservoir Outflow,380.6
2026-08-07 22:43:24,Southern Owens Valley,Indep. Ck. At Junction Flow,7.0
2026-08-07 22:43:24,Southern Owens Valley,LAA at Alabama Flow,309.0
2026-08-07 22:43:24,Southern Owens Valley,LAA at Alabama Level,6.8
2026-08-07 22:43:24,Southern Owens Valley,LAA at Alabama Water Temp,76.7
2026-08-07 22:43:24,Southern Owens Valley,Cottonwood Ck. At LAA Flow,0.0
2026-08-07 22:43:24,Southern Owens Valley,LAA at Cottonwood Flow,386.0
2026-08-07 22:43:24,Southern Owens Valley,LAA at Cottonwood Level,8.2
2026-08-07 22:43:24,Southern Owens Valley,LAA at Cotton. Water Temp,76.6
2026-08-07 22:43:24,Southern Owens Valley,N. Haiwee Elevation,3756.9
2026-08-07 22:43:24,Southern Owens Valley,S. Haiwee Reservoir Elevation,3725.3
2026-08-07 22:43:24,Southern Owens Valley,Haiwee LAA #1 Current Flow,0.0
2026-08-07 22:43:24,Southern Owens Valley,Haiwee LAA #2 Current Flow,194.3
2026-08-07 22:43:24,Southern Owens Valley,Reinhackel Flow,3.0
2026-08-07 22:43:24,Southern Owens Valley,Lubkin Spillgate Outflow,0.0
2026-08-07 22:43:24,Southern Owens Valley,Cartago Spillgate Outflow,14.5
2026-08-07 22:43:24,Southern Owens Valley,Lone Pine Creek Flow,11.3
2026-08-07 22:43:24,Lower Owens River Project,LORP Intake Flow,80.0
2026-08-07 22:43:24,Lower Owens River Project,LORP at Mazourka Canyon Road,0.0
2026-08-07 22:43:24,Lower Owens River Project,LORP at Reinhackle Springs,75.0
2026-08-07 22:43:24,Lower Owens River Project,LORP Above Pumpstation,40.0
2026-08-07 22:43:24,Lower Owens River Project,LORP At Pump Station Discharge Flow,37.0
2026-08-07 22:43:24,Southern District,Haiwee LAA #2 Current Flow,194.3
2026-08-07 22:43:24,Southern District,S. Haiwee Reservoir Elevation,3725.3
2026-08-07 22:43:24,Southern District,Haiwee LAA #1 Current Flow,0.0
2026-08-07 22:43:24,Southern District,LAA #1 Flow at Fairmont Reservoir,401.5
2026-08-07 22:43:24,Southern District,LAA #2 Flow at Fairmont Res.,204.0
2026-08-07 22:43:24,Southern District,Bouquet Reservoir Inflow,44.5
2026-08-07 22:43:24,Southern District,Bouquet Reservoir Outflow,0.5
2026-08-07 22:43:24,Southern District,LAA #1 at Soledad Flow,266.5
2026-08-07 22:43:24,Southern District,LAA #2 at Soledad Flow,258.0
2026-08-07 22:43:25,Mono Basin,Mono Lk. Elevation,6382.4
2026-08-07 22:43:25,Mono Basin,Grant Lk. Elevation,7130.0
2026-08-07 22:43:25,Long Valley,Long Valley Elevation,6773.7
2026-08-07 22:43:25,Northern Owens Valley,Pleasant Valley Elevation,4387.4
2026-08-07 22:43:25,Southern District,Fairmont Reservoir Elevation,3027.1
2026-08-07 22:43:25,Southern District,Bouquet Reservoir Elevation,2983.0
2026-08-07 22:58:23,Northern Owens Valley,Tinemaha Elevation,3860.8
2026-08-07 22:58:23,Southern Owens Valley,Tinemaha Elevation,3860.8
2026-08-07 23:28:24,Northern Owens Valley,Tinemaha Elevation,3860.8
2026-08-07 23:28:24,Southern Owens Valley,Tinemaha Elevation,3860.8
2026-08-07 23:43:24,Mono Basin,Lee Vining Intake Above Flow,37.4
2026-08-07 23:43:24,Mono Basin,Lee Vining Intake Below Flow,30.7
2026-08-07 23:43:24,Mono Basin,Walker Ck. Above Conduit Flow,4.0
2026-08-07 23:43:24,Mono Basin,L.V. Conduit Below Intake Flow,4.6
2026-08-07 23:43:24,Mono Basin,Walker Ck. Under Conduit Flow,4.0
2026-08-07 23:43:24,Mono Basin,Parker Ck. Under Conduit Flow,14.0
2026-08-07 23:43:24,Mono Basin,Parker Ck. Above Conduit Flow,15.0
2026-08-07 23:43:24,Mono Basin,Grant Lk. Spill Flow,0.0
2026-08-07 23:43:24,Mono Basin,Mono Gate 1 Return Ditch Flow,40.4
2026-08-07 23:43:24,Mono Basin,Grant Lk. Outflow,40.6
2026-08-07 23:43:24,Mono Basin,Rush Ck. at Damsite Flow,14.5
2026-08-07 23:43:24,Mono Basin,Flow to West Portal,0.0
2026-08-07 23:43:24,Long Valley,East Portal Flow,13.0
2026-08-07 23:43:24,Long Valley,OR Below EP Flow,57.0
2026-08-07 23:43:24,Long Valley,Hot Ck.at Hwy. Flow,6.0
2026-08-07 23:43:24,Long Valley,McGee Ck. Lower Sta. Flow,7.9
2026-08-07 23:43:24,Long Valley,Long Valley Current Outflow,581.0
2026-08-07 23:43:24,Long Valley,Rock Ck. Div. Flow,0.1
2026-08-07 23:43:24,Long Valley,Upper Gorge Total Release,41.2
2026-08-07 23:43:24,Long Valley,Release at Middle Gorge,0.0
2026-08-07 23:43:24,Northern Owens Valley,Rock Ck. At Owens River (PV) Flow,25.1
2026-08-07 23:43:24,Northern Owens Valley,Pleasant Valley Outflow,507.6
2026-08-07 23:43:24,Northern Owens Valley,Baker Ck. At LA Station Flow,5.7
2026-08-07 23:43:24,Northern Owens Valley,Big Pine Ck. USGS Flow,44.8
2026-08-07 23:43:24,Northern Owens Valley,O.R. Below Big Pine,461.4
2026-08-07 23:43:24,Northern Owens Valley,Fish Springs At RR Flow,35.9
2026-08-07 23:43:24,Northern Owens Valley,Tinemaha Reservoir Outflow,381.4
2026-08-07 23:43:24,Northern Owens Valley,Bishop Creek Through Plant 6,95.6
2026-08-07 23:43:24,Northern Owens Valley,Bishop Creek Around Plant 6,8.2
2026-08-07 23:43:24,Southern Owens Valley,Tinemaha Reservoir Outflow,381.4
2026-08-07 23:43:24,Southern Owens Valley,Indep. Ck. At Junction Flow,7.0
2026-08-07 23:43:24,Southern Owens Valley,LAA at Alabama Flow,309.0
2026-08-07 23:43:24,Southern Owens Valley,Cottonwood Ck. At LAA Flow,0.0
2026-08-07 23:43:24,Southern Owens Valley,LAA at Cottonwood Flow,386.0
2026-08-07 23:43:24,Southern Owens Valley,Haiwee LAA #1 Current Flow,0.0
2026-08-07 23:43:24,Southern Owens Valley,Haiwee LAA #2 Current Flow,194.3
2026-08-07 23:43:24,Southern Owens Valley,Reinhackel Flow,3.0
2026-08-07 23:43:24,Southern Owens Valley,Lubkin Spillgate Outflow,0.0
2026-08-07 23:43:24,Southern Owens Valley,Cartago Spillgate Outflow,14.3
2026-08-07 23:43:24,Southern Owens Valley,Lone Pine Creek Flow,11.6
2026-08-07 23:43:24,Lower Owens River Project,LORP Intake Flow,80.0
2026-08-07 23:43:24,Lower Owens River Project,LORP at Mazourka Canyon Road,0.0
2026-08-07 23:43:24,Lower Owens River Project,LORP at Reinhackle Springs,74.0
2026-08-07 23:43:24,Lower Owens River Project,LORP Above Pumpstation,51.0
2026-08-07 23:43:24,Lower Owens River Project,LORP At Pump Station Discharge Flow,48.0
2026-08-07 23:43:24,Southern District,Haiwee LAA #2 Current Flow,194.3
2026-08-07 23:43:24,Southern District,Haiwee LAA #1 Current Flow,0.0
2026-08-07 23:43:24,Southern District,LAA #1 Flow at Fairmont Reservoir,377.6
2026-08-07 23:43:24,Southern District,LAA #2 Flow at Fairmont Res.,204.0
2026-08-07 23:43:24,Southern District,Bouquet Reservoir Inflow,42.5
2026-08-07 23:43:24,Southern District,Bouquet Reservoir Outflow,0.5
2026-08-07 23:43:24,Southern District,LAA #1 at Soledad Flow,266.5
2026-08-07 23:43:24,Southern District,LAA #2 at Soledad Flow,258.0
2026-08-07 23:43:25,Mono Basin,Mono Lk. Elevation,6382.4
2026-08-07 23:43:25,Mono Basin,Grant Lk. Elevation,7130.0
2026-08-07 23:43:25,Long Valley,Long Valley Elevation,6773.7
2026-08-07 23:43:25,Northern Owens Valley,Pleasant Valley Elevation,4387.5
2026-08-07 23:43:25,Southern Owens Valley,LAA at Alabama Level,6.8
2026-08-07 23:43:25,Southern Owens Valley,LAA at Alabama Water Temp,76.6
2026-08-07 23:43:25,Southern Owens Valley,LAA at Cottonwood Level,8.2
2026-08-07 23:43:25,Southern Owens Valley,LAA at Cotton. Water Temp,76.6
2026-08-07 23:43:25,Southern Owens Valley,N. Haiwee Elevation,3756.9
2026-08-07 23:43:25,Southern Owens Valley,S. Haiwee Reservoir Elevation,3725.3
2026-08-07 23:43:25,Southern District,S. Haiwee Reservoir Elevation,3725.3
2026-08-07 23:43:25,Southern District,Fairmont Reservoir Elevation,3027.1
2026-08-07 23:43:25,Southern District,Bouquet Reservoir Elevation,2983.0
2026-08-07 23:58:23,Northern Owens Valley,Tinemaha Elevation,3860.8
2026-08-07 23:58:23,Southern Owens Valley,Tinemaha Elevation,3860.8
