date,district,source,value
2026-09-07 04:28:51,Northern Owens Valley,Tinemaha Elevation,3861.6
2026-09-07 04:28:51,Southern Owens Valley,Tinemaha Elevation,3861.6
2026-09-07 04:58:51,Northern Owens Valley,Tinemaha Elevation,3861.6
2026-09-07 04:58:51,Southern Owens Valley,Tinemaha Elevation,3861.6
2026-09-07 05:28:51,Northern Owens Valley,Tinemaha Elevation,3861.6
2026-09-07 05:28:51,Southern Owens Valley,Tinemaha Elevation,3861.6
2026-09-07 05:58:51,Northern Owens Valley,Tinemaha Elevation,3861.6
2026-09-07 05:58:51,Southern Owens Valley,Tinemaha Elevation,3861.6
2026-09-07 06:28:51,Northern Owens Valley,Tinemaha Elevation,3861.6
2026-09-07 06:28:51,Southern Owens Valley,Tinemaha Elevation,3861.6
2026-09-07 06:58:51,Northern Owens Valley,Tinemaha Elevation,3861.6
2026-09-07 06:58:51,Southern Owens Valley,Tinemaha Elevation,3861.6
2026-09-07 07:28:51,Northern Owens Valley,Tinemaha Elevation,3861.6
2026-09-07 07:28:51,Southern Owens Valley,Tinemaha Elevation,3861.6
2026-09-07 07:58:51,Northern Owens Valley,Tinemaha Elevation,3861.6
2026-09-07 07:58:51,Southern Owens Valley,Tinemaha Elevation,3861.6
2026-09-07 08:28:51,Northern Owens Valley,Tinemaha Elevation,3861.6
2026-09-07 08:28:51,Southern Owens Valley,Tinemaha Elevation,3861.6
2026-09-07 08:58:51,Northern Owens Valley,Tinemaha Elevation,3861.6
2026-09-07 08:58:51,Southern Owens Valley,Tinemaha Elevation,3861.6
2026-09-07 09:28:51,Northern Owens Valley,Tinemaha Elevation,3861.6
2026-09-07 09:28:51,Southern Owens Valley,Tinemaha Elevation,3861.6
2026-09-07 09:58:51,Northern Owens Valley,Tinemaha Elevation,3861.6
2026-09-07 09:58:51,Southern Owens Valley,Tinemaha Elevation,3861.6
2026-09-07 10:13:51,Mono Basin,Lee Vining Intake Above Flow,22.0
2026-09-07 10:13:51,Mono Basin,Lee Vining Intake Below Flow,22.6
2026-09-07 10:13:51,Mono Basin,Mono Lk. Elevation,6382.2
2026-09-07 10:13:51,Mono Basin,Walker Ck. Above Conduit Flow,2.0
2026-09-07 10:13:51,Mono Basin,L.V. Conduit Below Intake Flow,0.5
2026-09-07 10:13:51,Mono Basin,Walker Ck. Under Conduit Flow,2.0
2026-09-07 10:13:51,Mono Basin,Parker Ck. Under Conduit Flow,8.0
2026-09-07 10:13:51,Mono Basin,Parker Ck. Above Conduit Flow,9.0
2026-09-07 10:13:51,Mono Basin,Grant Lk. Spill Flow,0.0
2026-09-07 10:13:51,Mono Basin,Mono Gate 1 Return Ditch Flow,40.0
2026-09-07 10:13:51,Mono Basin,Grant Lk. Elevation,7128.7
2026-09-07 10:13:51,Mono Basin,Grant Lk. Outflow,38.6
2026-09-07 10:13:51,Mono Basin,Rush Ck. at Damsite Flow,9.3
2026-09-07 10:13:51,Mono Basin,Flow to West Portal,0.0
2026-09-07 10:13:51,Long Valley,East Portal Flow,12.0
2026-09-07 10:13:51,Long Valley,OR Below EP Flow,57.0
2026-09-07 10:13:51,Long Valley,Hot Ck.at Hwy. Flow,6.0
2026-09-07 10:13:51,Long Valley,McGee Ck. Lower Sta. Flow,8.4
2026-09-07 10:13:51,Long Valley,Long Valley Elevation,6769.2
2026-09-07 10:13:51,Long Valley,Long Valley Current Outflow,571.3
2026-09-07 10:13:51,Long Valley,Rock Ck. Div. Flow,0.0
2026-09-07 10:13:51,Long Valley,Upper Gorge Total Release,34.9
2026-09-07 10:13:51,Long Valley,Release at Middle Gorge,0.0
2026-09-07 10:13:51,Northern Owens Valley,Rock Ck. At Owens River (PV) Flow,27.7
2026-09-07 10:13:51,Northern Owens Valley,Pleasant Valley Elevation,4384.0
2026-09-07 10:13:51,Northern Owens Valley,Pleasant Valley Outflow,493.5
2026-09-07 10:13:51,Northern Owens Valley,Baker Ck. At LA Station Flow,6.2
2026-09-07 10:13:51,Northern Owens Valley,Big Pine Ck. USGS Flow,23.4
2026-09-07 10:13:51,Northern Owens Valley,O.R. Below Big Pine,481.6
2026-09-07 10:13:51,Northern Owens Valley,Fish Springs At RR Flow,29.4
2026-09-07 10:13:51,Northern Owens Valley,Tinemaha Reservoir Outflow,478.3
2026-09-07 10:13:51,Northern Owens Valley,Bishop Creek Through Plant 6,69.3
2026-09-07 10:13:51,Northern Owens Valley,Bishop Creek Around Plant 6,6.9
2026-09-07 10:13:51,Southern Owens Valley,Tinemaha Reservoir Outflow,478.3
2026-09-07 10:13:51,Southern Owens Valley,Indep. Ck. At Junction Flow,4.1
2026-09-07 10:13:51,Southern Owens Valley,LAA at Alabama Flow,424.0
2026-09-07 10:13:51,Southern Owens Valley,LAA at Alabama Level,8.0
2026-09-07 10:13:51,Southern Owens Valley,LAA at Alabama Water Temp,63.8
2026-09-07 10:13:51,Southern Owens Valley,Cottonwood Ck. At LAA Flow,2.0
2026-09-07 10:13:51,Southern Owens Valley,LAA at Cottonwood Flow,459.0
2026-09-07 10:13:51,Southern Owens Valley,LAA at Cottonwood Level,8.9
2026-09-07 10:13:51,Southern Owens Valley,LAA at Cotton. Water Temp,65.3
2026-09-07 10:13:51,Southern Owens Valley,N. Haiwee Elevation,3757.2
2026-09-07 10:13:51,Southern Owens Valley,S. Haiwee Reservoir Elevation,3728.0
2026-09-07 10:13:51,Southern Owens Valley,Haiwee LAA #1 Current Flow,0.0
2026-09-07 10:13:51,Southern Owens Valley,Haiwee LAA #2 Current Flow,146.9
2026-09-07 10:13:51,Southern Owens Valley,Reinhackel Flow,2.9
2026-09-07 10:13:51,Southern Owens Valley,Lubkin Spillgate Outflow,0.0
2026-09-07 10:13:51,Southern Owens Valley,Cartago Spillgate Outflow,0.0
2026-09-07 10:13:51,Southern Owens Valley,Lone Pine Creek Flow,8.2
2026-09-07 10:13:51,Lower Owens River Project,LORP Intake Flow,89.0
2026-09-07 10:13:51,Lower Owens River Project,LORP at Mazourka Canyon Road,0.0
2026-09-07 10:13:51,Lower Owens River Project,LORP at Reinhackle Springs,57.0
2026-09-07 10:13:51,Lower Owens River Project,LORP Above Pumpstation,48.0
2026-09-07 10:13:51,Lower Owens River Project,LORP At Pump Station Discharge Flow,37.0
2026-09-07 10:13:51,Southern District,Haiwee LAA #2 Current Flow,146.9
2026-09-07 10:13:51,Southern District,S. Haiwee Reservoir Elevation,3728.0
2026-09-07 10:13:51,Southern District,Haiwee LAA #1 Current Flow,0.0
2026-09-07 10:13:51,Southern District,Fairmont Reservoir Elevation,3022.8
2026-09-07 10:13:51,Southern District,LAA #1 Flow at Fairmont Reservoir,238.3
2026-09-07 10:13:51,Southern District,LAA #2 Flow at Fairmont Res.,169.5
2026-09-07 10:13:51,Southern District,Bouquet Reservoir Elevation,2974.2
2026-09-07 10:13:51,Southern District,Bouquet Reservoir Inflow,37.9
2026-09-07 10:13:51,Southern District,Bouquet Reservoir Outflow,0.7
2026-09-07 10:13:51,Southern District,LAA #1 at Soledad Flow,122.7
2026-09-07 10:13:51,Southern District,LAA #2 at Soledad Flow,240.8
2026-09-07 10:28:51,Mono Basin,Lee Vining Intake Above Flow,22.0
2026-09-07 10:28:51,Mono Basin,Lee Vining Intake Below Flow,22.6
2026-09-07 10:28:51,Mono Basin,Walker Ck. Above Conduit Flow,2.0
2026-09-07 10:28:51,Mono Basin,L.V. Conduit Below Intake Flow,0.5
2026-09-07 10:28:51,Mono Basin,Walker Ck. Under Conduit Flow,2.0
2026-09-07 10:28:51,Mono Basin,Parker Ck. Under Conduit Flow,8.0
2026-09-07 10:28:51,Mono Basin,Parker Ck. Above Conduit Flow,9.0
2026-09-07 10:28:51,Mono Basin,Grant Lk. Spill Flow,0.0
2026-09-07 10:28:51,Mono Basin,Mono Gate 1 Return Ditch Flow,40.0
2026-09-07 10:28:51,Mono Basin,Grant Lk. Outflow,38.8
2026-09-07 10:28:51,Mono Basin,Rush Ck. at Damsite Flow,9.3
2026-09-07 10:28:51,Mono Basin,Flow to West Portal,0.0
2026-09-07 10:28:51,Long Valley,East Portal Flow,12.0
2026-09-07 10:28:51,Long Valley,OR Below EP Flow,57.0
2026-09-07 10:28:51,Long Valley,Hot Ck.at Hwy. Flow,6.0
2026-09-07 10:28:51,Long Valley,McGee Ck. Lower Sta. Flow,8.4
2026-09-07 10:28:51,Long Valley,Long Valley Current Outflow,571.6
2026-09-07 10:28:51,Long Valley,Rock Ck. Div. Flow,0.0
2026-09-07 10:28:51,Long Valley,Upper Gorge Total Release,36.1
2026-09-07 10:28:51,Long Valley,Release at Middle Gorge,0.0
2026-09-07 10:28:51,Northern Owens Valley,Rock Ck. At Owens River (PV) Flow,27.7
2026-09-07 10:28:51,Northern Owens Valley,Pleasant Valley Outflow,493.6
2026-09-07 10:28:51,Northern Owens Valley,Baker Ck. At LA Station Flow,6.2
2026-09-07 10:28:51,Northern Owens Valley,Big Pine Ck. USGS Flow,23.4
2026-09-07 10:28:51,Northern Owens Valley,O.R. Below Big Pine,481.0
2026-09-07 10:28:51,Northern Owens Valley,Fish Springs At RR Flow,29.4
2026-09-07 10:28:51,Northern Owens Valley,Tinemaha Reservoir Outflow,478.3
2026-09-07 10:28:51,Northern Owens Valley,Bishop Creek Through Plant 6,69.3
2026-09-07 10:28:51,Northern Owens Valley,Bishop Creek Around Plant 6,6.9
2026-09-07 10:28:51,Southern Owens Valley,Tinemaha Reservoir Outflow,478.3
2026-09-07 10:28:51,Southern Owens Valley,Indep. Ck. At Junction Flow,4.1
2026-09-07 10:28:51,Southern Owens Valley,LAA at Alabama Flow,424.0
2026-09-07 10:28:51,Southern Owens Valley,Cottonwood Ck. At LAA Flow,2.0
2026-09-07 10:28:51,Southern Owens Valley,LAA at Cottonwood Flow,459.0
2026-09-07 10:28:51,Southern Owens Valley,LAA at Cotton. Water Temp,65.3
2026-09-07 10:28:51,Southern Owens Valley,Haiwee LAA #1 Current Flow,0.0
2026-09-07 10:28:51,Southern Owens Valley,Haiwee LAA #2 Current Flow,146.9
2026-09-07 10:28:51,Southern Owens Valley,Reinhackel Flow,2.9
2026-09-07 10:28:51,Southern Owens Valley,Lubkin Spillgate Outflow,19.4
2026-09-07 10:28:51,Southern Owens Valley,Cartago Spillgate Outflow,0.0
2026-09-07 10:28:51,Southern Owens Valley,Lone Pine Creek Flow,8.2
2026-09-07 10:28:51,Lower Owens River Project,LORP Intake Flow,89.0
2026-09-07 10:28:51,Lower Owens River Project,LORP at Mazourka Canyon Road,0.0
2026-09-07 10:28:51,Lower Owens River Project,LORP at Reinhackle Springs,59.0
2026-09-07 10:28:51,Lower Owens River Project,LORP Above Pumpstation,31.0
2026-09-07 10:28:51,Lower Owens River Project,LORP At Pump Station Discharge Flow,19.0
2026-09-07 10:28:51,Southern District,Haiwee LAA #2 Current Flow,146.9
2026-09-07 10:28:51,Southern District,Haiwee LAA #1 Current Flow,0.0
2026-09-07 10:28:51,Southern District,LAA #1 Flow at Fairmont Reservoir,250.2
2026-09-07 10:28:51,Southern District,LAA #2 Flow at Fairmont Res.,169.6
2026-09-07 10:28:51,Southern District,Bouquet Reservoir Inflow,37.9
2026-09-07 10:28:51,Southern District,Bouquet Reservoir Outflow,0.7
2026-09-07 10:28:51,Southern District,LAA #1 at Soledad Flow,122.7
2026-09-07 10:28:51,Southern District,LAA #2 at Soledad Flow,241.2
2026-09-07 10:28:52,Mono Basin,Mono Lk. Elevation,6382.2
2026-09-07 10:28:52,Mono Basin,Grant Lk. Elevation,7128.7
2026-09-07 10:28:52,Long Valley,Long Valley Elevation,6769.2
2026-09-07 10:28:52,Northern Owens Valley,Pleasant Valley Elevation,4384.0
2026-09-07 10:28:52,Northern Owens Valley,Tinemaha Elevation,3861.6
2026-09-07 10:28:52,Southern Owens Valley,Tinemaha Elevation,3861.6
2026-09-07 10:28:52,Southern Owens Valley,LAA at Alabama Level,8.0
2026-09-07 10:28:52,Southern Owens Valley,LAA at Alabama Water Temp,63.9
2026-09-07 10:28:52,Southern Owens Valley,LAA at Cottonwood Level,8.9
2026-09-07 10:28:52,Southern Owens Valley,N. Haiwee Elevation,3757.2
2026-09-07 10:28:52,Southern Owens Valley,S. Haiwee Reservoir Elevation,3728.0
2026-09-07 10:28:52,Southern District,S. Haiwee Reservoir Elevation,3728.0
2026-09-07 10:28:52,Southern District,Fairmont Reservoir Elevation,3022.8
2026-09-07 10:28:52,Southern District,Bouquet Reservoir Elevation,2974.2
2026-09-07 10:43:51,Southern Owens Valley,LAA at Alabama Flow,424.0
2026-09-07 10:43:51,Southern Owens Valley,Cottonwood Ck. At LAA Flow,2.0
2026-09-07 10:43:51,Southern Owens Valley,Lone Pine Creek Flow,8.2
2026-09-07 10:43:52,Mono Basin,Lee Vining Intake Above Flow,22.2
2026-09-07 10:43:52,Mono Basin,Lee Vining Intake Below Flow,22.5
2026-09-07 10:43:52,Mono Basin,Mono Lk. Elevation,6382.2
2026-09-07 10:43:52,Mono Basin,Walker Ck. Above Conduit Flow,2.0
2026-09-07 10:43:52,Mono Basin,L.V. Conduit Below Intake Flow,0.5
2026-09-07 10:43:52,Mono Basin,Walker Ck. Under Conduit Flow,2.0
2026-09-07 10:43:52,Mono Basin,Parker Ck. Under Conduit Flow,8.0
2026-09-07 10:43:52,Mono Basin,Parker Ck. Above Conduit Flow,9.0
2026-09-07 10:43:52,Mono Basin,Grant Lk. Spill Flow,0.0
2026-09-07 10:43:52,Mono Basin,Mono Gate 1 Return Ditch Flow,40.0
2026-09-07 10:43:52,Mono Basin,Grant Lk. Elevation,7128.7
2026-09-07 10:43:52,Mono Basin,Grant Lk. Outflow,38.8
2026-09-07 10:43:52,Mono Basin,Rush Ck. at Damsite Flow,9.3
2026-09-07 10:43:52,Mono Basin,Flow to West Portal,0.0
2026-09-07 10:43:52,Long Valley,East Portal Flow,12.0
2026-09-07 10:43:52,Long Valley,OR Below EP Flow,57.0
2026-09-07 10:43:52,Long Valley,Hot Ck.at Hwy. Flow,6.0
2026-09-07 10:43:52,Long Valley,McGee Ck. Lower Sta. Flow,8.4
2026-09-07 10:43:52,Long Valley,Long Valley Elevation,6769.2
2026-09-07 10:43:52,Long Valley,Long Valley Current Outflow,571.6
2026-09-07 10:43:52,Long Valley,Rock Ck. Div. Flow,0.0
2026-09-07 10:43:52,Long Valley,Upper Gorge Total Release,34.9
2026-09-07 10:43:52,Long Valley,Release at Middle Gorge,0.0
2026-09-07 10:43:52,Northern Owens Valley,Rock Ck. At Owens River (PV) Flow,27.7
2026-09-07 10:43:52,Northern Owens Valley,Pleasant Valley Elevation,4384.1
2026-09-07 10:43:52,Northern Owens Valley,Pleasant Valley Outflow,493.6
2026-09-07 10:43:52,Northern Owens Valley,Baker Ck. At LA Station Flow,6.2
2026-09-07 10:43:52,Northern Owens Valley,Big Pine Ck. USGS Flow,23.4
2026-09-07 10:43:52,Northern Owens Valley,O.R. Below Big Pine,481.6
2026-09-07 10:43:52,Northern Owens Valley,Fish Springs At RR Flow,29.4
2026-09-07 10:43:52,Northern Owens Valley,Tinemaha Reservoir Outflow,478.3
2026-09-07 10:43:52,Northern Owens Valley,Bishop Creek Through Plant 6,69.3
2026-09-07 10:43:52,Northern Owens Valley,Bishop Creek Around Plant 6,6.9
2026-09-07 10:43:52,Southern Owens Valley,Tinemaha Reservoir Outflow,478.3
2026-09-07 10:43:52,Southern Owens Valley,Indep. Ck. At Junction Flow,4.1
2026-09-07 10:43:52,Southern Owens Valley,LAA at Alabama Level,8.0
2026-09-07 10:43:52,Southern Owens Valley,LAA at Alabama Water Temp,64.0
2026-09-07 10:43:52,Southern Owens Valley,LAA at Cottonwood Flow,458.0
2026-09-07 10:43:52,Southern Owens Valley,LAA at Cottonwood Level,8.9
2026-09-07 10:43:52,Southern Owens Valley,LAA at Cotton. Water Temp,65.5
2026-09-07 10:43:52,Southern Owens Valley,N. Haiwee Elevation,3757.2
2026-09-07 10:43:52,Southern Owens Valley,S. Haiwee Reservoir Elevation,3728.0
2026-09-07 10:43:52,Southern Owens Valley,Haiwee LAA #1 Current Flow,0.0
2026-09-07 10:43:52,Southern Owens Valley,Haiwee LAA #2 Current Flow,146.9
2026-09-07 10:43:52,Southern Owens Valley,Reinhackel Flow,2.9
2026-09-07 10:43:52,Southern Owens Valley,Lubkin Spillgate Outflow,16.9
2026-09-07 10:43:52,Southern Owens Valley,Cartago Spillgate Outflow,0.0
2026-09-07 10:43:52,Lower Owens River Project,LORP Intake Flow,89.0
2026-09-07 10:43:52,Lower Owens River Project,LORP at Mazourka Canyon Road,0.0
2026-09-07 10:43:52,Lower Owens River Project,LORP at Reinhackle Springs,59.0
2026-09-07 10:43:52,Lower Owens River Project,LORP Above Pumpstation,30.0
2026-09-07 10:43:52,Lower Owens River Project,LORP At Pump Station Discharge Flow,19.0
2026-09-07 10:43:52,Southern District,Haiwee LAA #2 Current Flow,146.9
2026-09-07 10:43:52,Southern District,S. Haiwee Reservoir Elevation,3728.0
2026-09-07 10:43:52,Southern District,Haiwee LAA #1 Current Flow,0.0
2026-09-07 10:43:52,Southern District,Fairmont Reservoir Elevation,3022.8
2026-09-07 10:43:52,Southern District,LAA #1 Flow at Fairmont Reservoir,237.1
2026-09-07 10:43:52,Southern District,LAA #2 Flow at Fairmont Res.,169.6
2026-09-07 10:43:52,Southern District,Bouquet Reservoir Elevation,2974.2
2026-09-07 10:43:52,Southern District,Bouquet Reservoir Inflow,36.5
2026-09-07 10:43:52,Southern District,Bouquet Reservoir Outflow,0.7
2026-09-07 10:43:52,Southern District,LAA #1 at Soledad Flow,123.4
2026-09-07 10:43:52,Southern District,LAA #2 at Soledad Flow,241.2
2026-09-07 10:58:51,Mono Basin,Lee Vining Intake Above Flow,22.2
2026-09-07 10:58:51,Mono Basin,Lee Vining Intake Below Flow,22.5
2026-09-07 10:58:51,Mono Basin,Mono Lk. Elevation,6382.2
2026-09-07 10:58:51,Mono Basin,Walker Ck. Above Conduit Flow,2.0
2026-09-07 10:58:51,Mono Basin,L.V. Conduit Below Intake Flow,0.5
2026-09-07 10:58:51,Mono Basin,Walker Ck. Under Conduit Flow,2.0
2026-09-07 10:58:51,Mono Basin,Parker Ck. Under Conduit Flow,8.0
2026-09-07 10:58:51,Mono Basin,Parker Ck. Above Conduit Flow,9.0
2026-09-07 10:58:51,Mono Basin,Grant Lk. Spill Flow,0.0
2026-09-07 10:58:51,Mono Basin,Mono Gate 1 Return Ditch Flow,40.0
2026-09-07 10:58:51,Mono Basin,Grant Lk. Elevation,7128.7
2026-09-07 10:58:51,Mono Basin,Grant Lk. Outflow,38.8
2026-09-07 10:58:51,Mono Basin,Rush Ck. at Damsite Flow,9.3
2026-09-07 10:58:51,Mono Basin,Flow to West Portal,0.0
2026-09-07 10:58:51,Long Valley,East Portal Flow,12.0
2026-09-07 10:58:51,Long Valley,OR Below EP Flow,57.0
2026-09-07 10:58:51,Long Valley,Hot Ck.at Hwy. Flow,6.0
2026-09-07 10:58:51,Long Valley,McGee Ck. Lower Sta. Flow,8.4
2026-09-07 10:58:51,Long Valley,Long Valley Elevation,6769.2
2026-09-07 10:58:51,Long Valley,Long Valley Current Outflow,571.6
2026-09-07 10:58:51,Long Valley,Rock Ck. Div. Flow,0.0
2026-09-07 10:58:51,Long Valley,Upper Gorge Total Release,34.1
2026-09-07 10:58:51,Long Valley,Release at Middle Gorge,0.0
2026-09-07 10:58:51,Northern Owens Valley,Rock Ck. At Owens River (PV) Flow,27.7
2026-09-07 10:58:51,Northern Owens Valley,Pleasant Valley Elevation,4384.1
2026-09-07 10:58:51,Northern Owens Valley,Pleasant Valley Outflow,493.7
2026-09-07 10:58:51,Northern Owens Valley,Baker Ck. At LA Station Flow,6.2
2026-09-07 10:58:51,Northern Owens Valley,Big Pine Ck. USGS Flow,23.4
2026-09-07 10:58:51,Northern Owens Valley,O.R. Below Big Pine,481.3
2026-09-07 10:58:51,Northern Owens Valley,Fish Springs At RR Flow,29.4
2026-09-07 10:58:51,Northern Owens Valley,Tinemaha Elevation,3861.6
2026-09-07 10:58:51,Northern Owens Valley,Tinemaha Reservoir Outflow,478.3
2026-09-07 10:58:51,Northern Owens Valley,Bishop Creek Through Plant 6,69.3
2026-09-07 10:58:51,Northern Owens Valley,Bishop Creek Around Plant 6,6.9
2026-09-07 10:58:51,Southern Owens Valley,Tinemaha Elevation,3861.6
2026-09-07 10:58:51,Southern Owens Valley,Tinemaha Reservoir Outflow,478.3
2026-09-07 10:58:51,Southern Owens Valley,Indep. Ck. At Junction Flow,4.1
2026-09-07 10:58:51,Southern Owens Valley,LAA at Alabama Flow,424.0
2026-09-07 10:58:51,Southern Owens Valley,LAA at Alabama Level,8.0
2026-09-07 10:58:51,Southern Owens Valley,LAA at Alabama Water Temp,64.0
2026-09-07 10:58:51,Southern Owens Valley,Cottonwood Ck. At LAA Flow,2.0
2026-09-07 10:58:51,Southern Owens Valley,LAA at Cottonwood Flow,458.0
2026-09-07 10:58:51,Southern Owens Valley,LAA at Cottonwood Level,8.9
2026-09-07 10:58:51,Southern Owens Valley,LAA at Cotton. Water Temp,65.7
2026-09-07 10:58:51,Southern Owens Valley,N. Haiwee Elevation,3757.2
2026-09-07 10:58:51,Southern Owens Valley,S. Haiwee Reservoir Elevation,3728.0
2026-09-07 10:58:51,Southern Owens Valley,Haiwee LAA #1 Current Flow,0.0
2026-09-07 10:58:51,Southern Owens Valley,Haiwee LAA #2 Current Flow,146.9
2026-09-07 10:58:51,Southern Owens Valley,Reinhackel Flow,2.9
2026-09-07 10:58:51,Southern Owens Valley,Lubkin Spillgate Outflow,0.3
2026-09-07 10:58:51,Southern Owens Valley,Cartago Spillgate Outflow,0.0
2026-09-07 10:58:51,Southern Owens Valley,Lone Pine Creek Flow,8.2
2026-09-07 10:58:51,Lower Owens River Project,LORP Intake Flow,89.0
2026-09-07 10:58:51,Lower Owens River Project,LORP at Mazourka Canyon Road,0.0
2026-09-07 10:58:51,Lower Owens River Project,LORP at Reinhackle Springs,59.0
2026-09-07 10:58:51,Lower Owens River Project,LORP Above Pumpstation,48.0
2026-09-07 10:58:51,Lower Owens River Project,LORP At Pump Station Discharge Flow,38.0
2026-09-07 10:58:51,Southern District,Haiwee LAA #2 Current Flow,146.9
2026-09-07 10:58:51,Southern District,S. Haiwee Reservoir Elevation,3728.0
2026-09-07 10:58:51,Southern District,Haiwee LAA #1 Current Flow,0.0
2026-09-07 10:58:51,Southern District,Fairmont Reservoir Elevation,3022.8
2026-09-07 10:58:51,Southern District,LAA #1 Flow at Fairmont Reservoir,231.6
2026-09-07 10:58:51,Southern District,LAA #2 Flow at Fairmont Res.,169.6
2026-09-07 10:58:51,Southern District,Bouquet Reservoir Elevation,2974.2
2026-09-07 10:58:51,Southern District,Bouquet Reservoir Inflow,34.1
2026-09-07 10:58:51,Southern District,Bouquet Reservoir Outflow,0.7
2026-09-07 10:58:51,Southern District,LAA #1 at Soledad Flow,123.4
2026-09-07 10:58:51,Southern District,LAA #2 at Soledad Flow,241.2
2026-09-07 11:13:51,Mono Basin,Lee Vining Intake Above Flow,22.1
2026-09-07 11:13:51,Mono Basin,Lee Vining Intake Below Flow,22.5
2026-09-07 11:13:51,Mono Basin,Walker Ck. Above Conduit Flow,2.0
2026-09-07 11:13:51,Mono Basin,L.V. Conduit Below Intake Flow,0.5
2026-09-07 11:13:51,Mono Basin,Walker Ck. Under Conduit Flow,2.0
2026-09-07 11:13:51,Mono Basin,Parker Ck. Under Conduit Flow,8.0
2026-09-07 11:13:51,Mono Basin,Parker Ck. Above Conduit Flow,9.0
2026-09-07 11:13:51,Mono Basin,Grant Lk. Spill Flow,0.0
2026-09-07 11:13:51,Mono Basin,Mono Gate 1 Return Ditch Flow,39.9
2026-09-07 11:13:51,Mono Basin,Grant Lk. Outflow,38.6
2026-09-07 11:13:51,Mono Basin,Rush Ck. at Damsite Flow,9.3
2026-09-07 11:13:51,Mono Basin,Flow to West Portal,0.0
2026-09-07 11:13:51,Long Valley,East Portal Flow,12.0
2026-09-07 11:13:51,Long Valley,OR Below EP Flow,57.0
2026-09-07 11:13:51,Long Valley,Hot Ck.at Hwy. Flow,6.0
2026-09-07 11:13:51,Long Valley,McGee Ck. Lower Sta. Flow,8.4
2026-09-07 11:13:51,Long Valley,Long Valley Current Outflow,571.6
2026-09-07 11:13:51,Long Valley,Rock Ck. Div. Flow,0.0
2026-09-07 11:13:51,Long Valley,Upper Gorge Total Release,35.4
2026-09-07 11:13:51,Long Valley,Release at Middle Gorge,0.0
2026-09-07 11:13:51,Northern Owens Valley,Rock Ck. At Owens River (PV) Flow,27.7
2026-09-07 11:13:51,Northern Owens Valley,Pleasant Valley Outflow,493.6
2026-09-07 11:13:51,Northern Owens Valley,Baker Ck. At LA Station Flow,6.2
2026-09-07 11:13:51,Northern Owens Valley,Big Pine Ck. USGS Flow,23.4
2026-09-07 11:13:51,Northern Owens Valley,O.R. Below Big Pine,481.6
2026-09-07 11:13:51,Northern Owens Valley,Fish Springs At RR Flow,29.4
2026-09-07 11:13:51,Northern Owens Valley,Tinemaha Reservoir Outflow,478.3
2026-09-07 11:13:51,Northern Owens Valley,Bishop Creek Through Plant 6,69.3
2026-09-07 11:13:51,Northern Owens Valley,Bishop Creek Around Plant 6,6.9
2026-09-07 11:13:51,Southern Owens Valley,Tinemaha Reservoir Outflow,478.3
2026-09-07 11:13:51,Southern Owens Valley,Indep. Ck. At Junction Flow,4.1
2026-09-07 11:13:51,Southern Owens Valley,LAA at Alabama Flow,424.0
2026-09-07 11:13:51,Southern Owens Valley,Cottonwood Ck. At LAA Flow,2.0
2026-09-07 11:13:51,Southern Owens Valley,LAA at Cottonwood Flow,458.0
2026-09-07 11:13:51,Southern Owens Valley,Haiwee LAA #1 Current Flow,0.0
2026-09-07 11:13:51,Southern Owens Valley,Haiwee LAA #2 Current Flow,146.9
2026-09-07 11:13:51,Southern Owens Valley,Reinhackel Flow,2.9
2026-09-07 11:13:51,Southern Owens Valley,Lubkin Spillgate Outflow,0.3
2026-09-07 11:13:51,Southern Owens Valley,Cartago Spillgate Outflow,0.0
2026-09-07 11:13:51,Southern Owens Valley,Lone Pine Creek Flow,8.1
2026-09-07 11:13:51,Lower Owens River Project,LORP Intake Flow,89.0
2026-09-07 11:13:51,Lower Owens River Project,LORP at Mazourka Canyon Road,0.0
2026-09-07 11:13:51,Lower Owens River Project,LORP at Reinhackle Springs,59.0
2026-09-07 11:13:51,Lower Owens River Project,LORP Above Pumpstation,47.0
2026-09-07 11:13:51,Lower Owens River Project,LORP At Pump Station Discharge Flow,37.0
2026-09-07 11:13:51,Southern District,Haiwee LAA #2 Current Flow,146.9
2026-09-07 11:13:51,Southern District,Haiwee LAA #1 Current Flow,0.0
2026-09-07 11:13:51,Southern District,LAA #1 Flow at Fairmont Reservoir,232.7
2026-09-07 11:13:51,Southern District,LAA #2 Flow at Fairmont Res.,169.6
2026-09-07 11:13:51,Southern District,Bouquet Reservoir Inflow,36.0
2026-09-07 11:13:51,Southern District,Bouquet Reservoir Outflow,0.7
2026-09-07 11:13:51,Southern District,LAA #1 at Soledad Flow,123.4
2026-09-07 11:13:51,Southern District,LAA #2 at Soledad Flow,241.2
2026-09-07 11:13:52,Mono Basin,Mono Lk. Elevation,6382.2
2026-09-07 11:13:52,Mono Basin,Grant Lk. Elevation,7128.7
2026-09-07 11:13:52,Long Valley,Long Valley Elevation,6769.2
2026-09-07 11:13:52,Northern Owens Valley,Pleasant Valley Elevation,4384.1
2026-09-07 11:13:52,Southern Owens Valley,LAA at Alabama Level,8.0
2026-09-07 11:13:52,Southern Owens Valley,LAA at Alabama Water Temp,64.4
2026-09-07 11:13:52,Southern Owens Valley,LAA at Cottonwood Level,8.9
2026-09-07 11:13:52,Southern Owens Valley,LAA at Cotton. Water Temp,65.8
2026-09-07 11:13:52,Southern Owens Valley,N. Haiwee Elevation,3757.2
2026-09-07 11:13:52,Southern Owens Valley,S. Haiwee Reservoir Elevation,3728.0
2026-09-07 11:13:52,Southern District,S. Haiwee Reservoir Elevation,3728.0
2026-09-07 11:13:52,Southern District,Fairmont Reservoir Elevation,3022.8
2026-09-07 11:13:52,Southern District,Bouquet Reservoir Elevation,2974.2
2026-09-07 11:28:50,Southern Owens Valley,Indep. Ck. At Junction Flow,4.1
2026-09-07 11:28:50,Southern Owens Valley,LAA at Alabama Flow,424.0
2026-09-07 11:28:50,Southern Owens Valley,Cottonwood Ck. At LAA Flow,2.0
2026-09-07 11:28:50,Southern Owens Valley,LAA at Cottonwood Flow,458.0
2026-09-07 11:28:50,Southern Owens Valley,Lone Pine Creek Flow,8.1
2026-09-07 11:28:51,Mono Basin,Lee Vining Intake Above Flow,22.1
2026-09-07 11:28:51,Mono Basin,Lee Vining Intake Below Flow,22.5
2026-09-07 11:28:51,Mono Basin,Mono Lk. Elevation,6382.2
2026-09-07 11:28:51,Mono Basin,Walker Ck. Above Conduit Flow,2.0
2026-09-07 11:28:51,Mono Basin,L.V. Conduit Below Intake Flow,0.5
2026-09-07 11:28:51,Mono Basin,Walker Ck. Under Conduit Flow,2.0
2026-09-07 11:28:51,Mono Basin,Parker Ck. Under Conduit Flow,8.0
2026-09-07 11:28:51,Mono Basin,Parker Ck. Above Conduit Flow,9.0
2026-09-07 11:28:51,Mono Basin,Grant Lk. Spill Flow,0.0
2026-09-07 11:28:51,Mono Basin,Mono Gate 1 Return Ditch Flow,39.9
2026-09-07 11:28:51,Mono Basin,Grant Lk. Elevation,7128.7
2026-09-07 11:28:51,Mono Basin,Grant Lk. Outflow,38.3
2026-09-07 11:28:51,Mono Basin,Rush Ck. at Damsite Flow,9.3
2026-09-07 11:28:51,Mono Basin,Flow to West Portal,0.0
2026-09-07 11:28:51,Long Valley,East Portal Flow,12.0
2026-09-07 11:28:51,Long Valley,OR Below EP Flow,57.0
2026-09-07 11:28:51,Long Valley,Hot Ck.at Hwy. Flow,6.0
2026-09-07 11:28:51,Long Valley,McGee Ck. Lower Sta. Flow,8.4
2026-09-07 11:28:51,Long Valley,Long Valley Elevation,6769.2
2026-09-07 11:28:51,Long Valley,Long Valley Current Outflow,572.3
2026-09-07 11:28:51,Long Valley,Rock Ck. Div. Flow,0.0
2026-09-07 11:28:51,Long Valley,Upper Gorge Total Release,35.1
2026-09-07 11:28:51,Long Valley,Release at Middle Gorge,0.0
2026-09-07 11:28:51,Northern Owens Valley,Rock Ck. At Owens River (PV) Flow,27.7
2026-09-07 11:28:51,Northern Owens Valley,Pleasant Valley Elevation,4384.1
2026-09-07 11:28:51,Northern Owens Valley,Pleasant Valley Outflow,493.1
2026-09-07 11:28:51,Northern Owens Valley,Baker Ck. At LA Station Flow,6.2
2026-09-07 11:28:51,Northern Owens Valley,Big Pine Ck. USGS Flow,23.4
2026-09-07 11:28:51,Northern Owens Valley,O.R. Below Big Pine,481.8
2026-09-07 11:28:51,Northern Owens Valley,Fish Springs At RR Flow,29.4
2026-09-07 11:28:51,Northern Owens Valley,Tinemaha Elevation,3861.6
2026-09-07 11:28:51,Northern Owens Valley,Tinemaha Reservoir Outflow,478.3
2026-09-07 11:28:51,Northern Owens Valley,Bishop Creek Through Plant 6,69.3
2026-09-07 11:28:51,Northern Owens Valley,Bishop Creek Around Plant 6,6.9
2026-09-07 11:28:51,Southern Owens Valley,Tinemaha Elevation,3861.6
2026-09-07 11:28:51,Southern Owens Valley,Tinemaha Reservoir Outflow,478.3
2026-09-07 11:28:51,Southern Owens Valley,LAA at Alabama Level,8.0
2026-09-07 11:28:51,Southern Owens Valley,LAA at Alabama Water Temp,64.4
2026-09-07 11:28:51,Southern Owens Valley,LAA at Cottonwood Level,8.9
2026-09-07 11:28:51,Southern Owens Valley,LAA at Cotton. Water Temp,65.8
2026-09-07 11:28:51,Southern Owens Valley,N. Haiwee Elevation,3757.2
2026-09-07 11:28:51,Southern Owens Valley,S. Haiwee Reservoir Elevation,3728.0
2026-09-07 11:28:51,Southern Owens Valley,Haiwee LAA #1 Current Flow,0.0
2026-09-07 11:28:51,Southern Owens Valley,Haiwee LAA #2 Current Flow,146.9
2026-09-07 11:28:51,Southern Owens Valley,Reinhackel Flow,2.9
2026-09-07 11:28:51,Southern Owens Valley,Lubkin Spillgate Outflow,0.3
2026-09-07 11:28:51,Southern Owens Valley,Cartago Spillgate Outflow,0.0
2026-09-07 11:28:51,Lower Owens River Project,LORP Intake Flow,89.0
2026-09-07 11:28:51,Lower Owens River Project,LORP at Mazourka Canyon Road,0.0
2026-09-07 11:28:51,Lower Owens River Project,LORP at Reinhackle Springs,56.0
2026-09-07 11:28:51,Lower Owens River Project,LORP Above Pumpstation,48.0
2026-09-07 11:28:51,Lower Owens River Project,LORP At Pump Station Discharge Flow,38.0
2026-09-07 11:28:51,Southern District,Haiwee LAA #2 Current Flow,146.9
2026-09-07 11:28:51,Southern District,S. Haiwee Reservoir Elevation,3728.0
2026-09-07 11:28:51,Southern District,Haiwee LAA #1 Current Flow,0.0
2026-09-07 11:28:51,Southern District,Fairmont Reservoir Elevation,3022.8
2026-09-07 11:28:51,Southern District,LAA #1 Flow at Fairmont Reservoir,240.2
2026-09-07 11:28:51,Southern District,LAA #2 Flow at Fairmont Res.,169.5
2026-09-07 11:28:51,Southern District,Bouquet Reservoir Elevation,2974.2
2026-09-07 11:28:51,Southern District,Bouquet Reservoir Inflow,39.1
2026-09-07 11:28:51,Southern District,Bouquet Reservoir Outflow,0.7
2026-09-07 11:28:51,Southern District,LAA #1 at Soledad Flow,123.4
2026-09-07 11:28:51,Southern District,LAA #2 at Soledad Flow,241.2
2026-09-07 11:43:52,Mono Basin,Lee Vining Intake Above Flow,22.2
2026-09-07 11:43:52,Mono Basin,Lee Vining Intake Below Flow,22.5
2026-09-07 11:43:52,Mono Basin,Mono Lk. Elevation,6382.2
2026-09-07 11:43:52,Mono Basin,Walker Ck. Above Conduit Flow,2.0
2026-09-07 11:43:52,Mono Basin,L.V. Conduit Below Intake Flow,0.5
2026-09-07 11:43:52,Mono Basin,Walker Ck. Under Conduit Flow,2.0
2026-09-07 11:43:52,Mono Basin,Parker Ck. Under Conduit Flow,8.0
2026-09-07 11:43:52,Mono Basin,Parker Ck. Above Conduit Flow,9.0
2026-09-07 11:43:52,Mono Basin,Grant Lk. Spill Flow,0.0
2026-09-07 11:43:52,Mono Basin,Mono Gate 1 Return Ditch Flow,39.9
2026-09-07 11:43:52,Mono Basin,Grant Lk. Elevation,7128.7
2026-09-07 11:43:52,Mono Basin,Grant Lk. Outflow,38.3
2026-09-07 11:43:52,Mono Basin,Rush Ck. at Damsite Flow,9.3
2026-09-07 11:43:52,Mono Basin,Flow to West Portal,0.0
2026-09-07 11:43:52,Long Valley,East Portal Flow,12.0
2026-09-07 11:43:52,Long Valley,OR Below EP Flow,57.0
2026-09-07 11:43:52,Long Valley,Hot Ck.at Hwy. Flow,6.0
2026-09-07 11:43:52,Long Valley,McGee Ck. Lower Sta. Flow,8.4
2026-09-07 11:43:52,Long Valley,Long Valley Elevation,6769.2
2026-09-07 11:43:52,Long Valley,Long Valley Current Outflow,572.3
2026-09-07 11:43:52,Long Valley,Rock Ck. Div. Flow,0.0
2026-09-07 11:43:52,Long Valley,Upper Gorge Total Release,34.4
2026-09-07 11:43:52,Long Valley,Release at Middle Gorge,0.0
2026-09-07 11:43:52,Northern Owens Valley,Rock Ck. At Owens River (PV) Flow,27.7
2026-09-07 11:43:52,Northern Owens Valley,Pleasant Valley Elevation,4384.2
2026-09-07 11:43:52,Northern Owens Valley,Pleasant Valley Outflow,494.5
2026-09-07 11:43:52,Northern Owens Valley,Baker Ck. At LA Station Flow,6.2
2026-09-07 11:43:52,Northern Owens Valley,Big Pine Ck. USGS Flow,23.4
2026-09-07 11:43:52,Northern Owens Valley,O.R. Below Big Pine,481.7
2026-09-07 11:43:52,Northern Owens Valley,Fish Springs At RR Flow,29.4
2026-09-07 11:43:52,Northern Owens Valley,Tinemaha Reservoir Outflow,478.3
2026-09-07 11:43:52,Northern Owens Valley,Bishop Creek Through Plant 6,69.3
2026-09-07 11:43:52,Northern Owens Valley,Bishop Creek Around Plant 6,6.9
2026-09-07 11:43:52,Southern Owens Valley,Tinemaha Reservoir Outflow,478.3
2026-09-07 11:43:52,Southern Owens Valley,Indep. Ck. At Junction Flow,4.1
2026-09-07 11:43:52,Southern Owens Valley,LAA at Alabama Flow,424.0
2026-09-07 11:43:52,Southern Owens Valley,LAA at Alabama Level,8.0
2026-09-07 11:43:52,Southern Owens Valley,LAA at Alabama Water Temp,64.8
2026-09-07 11:43:52,Southern Owens Valley,Cottonwood Ck. At LAA Flow,2.0
2026-09-07 11:43:52,Southern Owens Valley,LAA at Cottonwood Flow,457.0
2026-09-07 11:43:52,Southern Owens Valley,LAA at Cottonwood Level,8.9
2026-09-07 11:43:52,Southern Owens Valley,LAA at Cotton. Water Temp,66.0
2026-09-07 11:43:52,Southern Owens Valley,N. Haiwee Elevation,3757.2
2026-09-07 11:43:52,Southern Owens Valley,S. Haiwee Reservoir Elevation,3728.1
2026-09-07 11:43:52,Southern Owens Valley,Haiwee LAA #1 Current Flow,0.0
2026-09-07 11:43:52,Southern Owens Valley,Haiwee LAA #2 Current Flow,146.9
2026-09-07 11:43:52,Southern Owens Valley,Reinhackel Flow,2.9
2026-09-07 11:43:52,Southern Owens Valley,Lubkin Spillgate Outflow,0.3
2026-09-07 11:43:52,Southern Owens Valley,Cartago Spillgate Outflow,0.0
2026-09-07 11:43:52,Southern Owens Valley,Lone Pine Creek Flow,8.1
2026-09-07 11:43:52,Lower Owens River Project,LORP Intake Flow,88.0
2026-09-07 11:43:52,Lower Owens River Project,LORP at Mazourka Canyon Road,0.0
2026-09-07 11:43:52,Lower Owens River Project,LORP at Reinhackle Springs,56.0
2026-09-07 11:43:52,Lower Owens River Project,LORP Above Pumpstation,47.0
2026-09-07 11:43:52,Lower Owens River Project,LORP At Pump Station Discharge Flow,37.0
2026-09-07 11:43:52,Southern District,Haiwee LAA #2 Current Flow,146.9
2026-09-07 11:43:52,Southern District,S. Haiwee Reservoir Elevation,3728.1
2026-09-07 11:43:52,Southern District,Haiwee LAA #1 Current Flow,0.0
2026-09-07 11:43:52,Southern District,Fairmont Reservoir Elevation,3022.9
2026-09-07 11:43:52,Southern District,LAA #1 Flow at Fairmont Reservoir,248.4
2026-09-07 11:43:52,Southern District,LAA #2 Flow at Fairmont Res.,169.5
2026-09-07 11:43:52,Southern District,Bouquet Reservoir Elevation,2974.2
2026-09-07 11:43:52,Southern District,Bouquet Reservoir Inflow,39.1
2026-09-07 11:43:52,Southern District,Bouquet Reservoir Outflow,0.7
2026-09-07 11:43:52,Southern District,LAA #1 at Soledad Flow,123.4
2026-09-07 11:43:52,Southern District,LAA #2 at Soledad Flow,241.2
2026-09-07 11:58:50,Mono Basin,Lee Vining Intake Above Flow,22.2
2026-09-07 11:58:50,Mono Basin,Lee Vining Intake Below Flow,22.5
2026-09-07 11:58:50,Mono Basin,Walker Ck. Above Conduit Flow,2.0
2026-09-07 11:58:50,Mono Basin,L.V. Conduit Below Intake Flow,0.5
2026-09-07 11:58:50,Mono Basin,Walker Ck. Under Conduit Flow,2.0
2026-09-07 11:58:50,Mono Basin,Parker Ck. Under Conduit Flow,8.0
2026-09-07 11:58:50,Mono Basin,Parker Ck. Above Conduit Flow,9.0
2026-09-07 11:58:50,Mono Basin,Grant Lk. Spill Flow,0.0
2026-09-07 11:58:50,Mono Basin,Mono Gate 1 Return Ditch Flow,39.9
2026-09-07 11:58:50,Mono Basin,Grant Lk. Outflow,38.3
2026-09-07 11:58:50,Mono Basin,Rush Ck. at Damsite Flow,9.3
2026-09-07 11:58:50,Mono Basin,Flow to West Portal,0.0
2026-09-07 11:58:50,Long Valley,East Portal Flow,12.0
2026-09-07 11:58:50,Long Valley,OR Below EP Flow,57.0
2026-09-07 11:58:50,Long Valley,Hot Ck.at Hwy. Flow,6.0
2026-09-07 11:58:50,Long Valley,McGee Ck. Lower Sta. Flow,8.4
2026-09-07 11:58:50,Long Valley,Long Valley Current Outflow,572.3
2026-09-07 11:58:50,Long Valley,Rock Ck. Div. Flow,0.0
2026-09-07 11:58:50,Long Valley,Upper Gorge Total Release,34.9
2026-09-07 11:58:50,Long Valley,Release at Middle Gorge,0.0
2026-09-07 11:58:50,Northern Owens Valley,Rock Ck. At Owens River (PV) Flow,27.7
2026-09-07 11:58:50,Northern Owens Valley,Pleasant Valley Outflow,494.2
2026-09-07 11:58:50,Northern Owens Valley,Baker Ck. At LA Station Flow,6.2
2026-09-07 11:58:50,Northern Owens Valley,Big Pine Ck. USGS Flow,23.4
2026-09-07 11:58:50,Northern Owens Valley,O.R. Below Big Pine,482.4
2026-09-07 11:58:50,Northern Owens Valley,Fish Springs At RR Flow,29.4
2026-09-07 11:58:50,Northern Owens Valley,Tinemaha Reservoir Outflow,478.3
2026-09-07 11:58:50,Northern Owens Valley,Bishop Creek Through Plant 6,69.3
2026-09-07 11:58:50,Northern Owens Valley,Bishop Creek Around Plant 6,6.9
2026-09-07 11:58:50,Southern Owens Valley,Tinemaha Reservoir Outflow,478.3
2026-09-07 11:58:50,Southern Owens Valley,Indep. Ck. At Junction Flow,4.1
2026-09-07 11:58:50,Southern Owens Valley,LAA at Alabama Flow,424.0
2026-09-07 11:58:50,Southern Owens Valley,Cottonwood Ck. At LAA Flow,2.0
2026-09-07 11:58:50,Southern Owens Valley,LAA at Cottonwood Flow,457.0
2026-09-07 11:58:50,Southern Owens Valley,Haiwee LAA #1 Current Flow,0.0
2026-09-07 11:58:50,Southern Owens Valley,Haiwee LAA #2 Current Flow,146.9
2026-09-07 11:58:50,Southern Owens Valley,Reinhackel Flow,2.9
2026-09-07 11:58:50,Southern Owens Valley,Lubkin Spillgate Outflow,0.3
2026-09-07 11:58:50,Southern Owens Valley,Cartago Spillgate Outflow,0.0
2026-09-07 11:58:50,Southern Owens Valley,Lone Pine Creek Flow,8.1
2026-09-07 11:58:50,Lower Owens River Project,LORP Intake Flow,88.0
2026-09-07 11:58:50,Lower Owens River Project,LORP at Mazourka Canyon Road,0.0
2026-09-07 11:58:50,Lower Owens River Project,LORP at Reinhackle Springs,56.0
2026-09-07 11:58:50,Lower Owens River Project,LORP Above Pumpstation,48.0
2026-09-07 11:58:50,Lower Owens River Project,LORP At Pump Station Discharge Flow,38.0
2026-09-07 11:58:50,Southern District,Haiwee LAA #2 Current Flow,146.9
2026-09-07 11:58:50,Southern District,Haiwee LAA #1 Current Flow,0.0
2026-09-07 11:58:50,Southern District,LAA #1 Flow at Fairmont Reservoir,256.4
2026-09-07 11:58:50,Southern District,LAA #2 Flow at Fairmont Res.,169.5
2026-09-07 11:58:50,Southern District,Bouquet Reservoir Inflow,39.1
2026-09-07 11:58:50,Southern District,Bouquet Reservoir Outflow,0.7
2026-09-07 11:58:50,Southern District,LAA #1 at Soledad Flow,123.4
2026-09-07 11:58:50,Southern District,LAA #2 at Soledad Flow,241.2
2026-09-07 11:58:51,Mono Basin,Mono Lk. Elevation,6382.2
2026-09-07 11:58:51,Mono Basin,Grant Lk. Elevation,7128.7
2026-09-07 11:58:51,Long Valley,Long Valley Elevation,6769.2
2026-09-07 11:58:51,Northern Owens Valley,Pleasant Valley Elevation,4384.2
2026-09-07 11:58:51,Northern Owens Valley,Tinemaha Elevation,3861.6
2026-09-07 11:58:51,Southern Owens Valley,Tinemaha Elevation,3861.6
2026-09-07 11:58:51,Southern Owens Valley,LAA at Alabama Level,8.0
2026-09-07 11:58:51,Southern Owens Valley,LAA at Alabama Water Temp,64.8
2026-09-07 11:58:51,Southern Owens Valley,LAA at Cottonwood Level,8.9
2026-09-07 11:58:51,Southern Owens Valley,LAA at Cotton. Water Temp,66.0
2026-09-07 11:58:51,Southern Owens Valley,N. Haiwee Elevation,3757.2
2026-09-07 11:58:51,Southern Owens Valley,S. Haiwee Reservoir Elevation,3728.1
2026-09-07 11:58:51,Southern District,S. Haiwee Reservoir Elevation,3728.1
2026-09-07 11:58:51,Southern District,Fairmont Reservoir Elevation,3022.9
2026-09-07 11:58:51,Southern District,Bouquet Reservoir Elevation,2974.2
2026-09-07 12:13:51,Mono Basin,Lee Vining Intake Above Flow,22.4
2026-09-07 12:13:51,Mono Basin,Lee Vining Intake Below Flow,22.4
2026-09-07 12:13:51,Mono Basin,Walker Ck. Above Conduit Flow,2.0
2026-09-07 12:13:51,Mono Basin,L.V. Conduit Below Intake Flow,0.5
2026-09-07 12:13:51,Mono Basin,Walker Ck. Under Conduit Flow,2.0
2026-09-07 12:13:51,Mono Basin,Parker Ck. Under Conduit Flow,8.0
2026-09-07 12:13:51,Mono Basin,Parker Ck. Above Conduit Flow,9.0
2026-09-07 12:13:51,Mono Basin,Grant Lk. Spill Flow,0.0
2026-09-07 12:13:51,Mono Basin,Mono Gate 1 Return Ditch Flow,39.9
2026-09-07 12:13:51,Mono Basin,Grant Lk. Outflow,38.3
2026-09-07 12:13:51,Mono Basin,Rush Ck. at Damsite Flow,9.3
2026-09-07 12:13:51,Mono Basin,Flow to West Portal,0.0
2026-09-07 12:13:51,Long Valley,East Portal Flow,12.0
2026-09-07 12:13:51,Long Valley,OR Below EP Flow,57.0
2026-09-07 12:13:51,Long Valley,Hot Ck.at Hwy. Flow,6.0
2026-09-07 12:13:51,Long Valley,McGee Ck. Lower Sta. Flow,8.3
2026-09-07 12:13:51,Long Valley,Long Valley Current Outflow,572.0
2026-09-07 12:13:51,Long Valley,Rock Ck. Div. Flow,0.0
2026-09-07 12:13:51,Long Valley,Upper Gorge Total Release,35.5
2026-09-07 12:13:51,Long Valley,Release at Middle Gorge,0.0
2026-09-07 12:13:51,Northern Owens Valley,Rock Ck. At Owens River (PV) Flow,27.4
2026-09-07 12:13:51,Northern Owens Valley,Pleasant Valley Outflow,494.5
2026-09-07 12:13:51,Northern Owens Valley,Baker Ck. At LA Station Flow,6.4
2026-09-07 12:13:51,Northern Owens Valley,Big Pine Ck. USGS Flow,23.4
2026-09-07 12:13:51,Northern Owens Valley,O.R. Below Big Pine,481.4
2026-09-07 12:13:51,Northern Owens Valley,Fish Springs At RR Flow,29.4
2026-09-07 12:13:51,Northern Owens Valley,Tinemaha Reservoir Outflow,477.5
2026-09-07 12:13:51,Northern Owens Valley,Bishop Creek Through Plant 6,69.3
2026-09-07 12:13:51,Northern Owens Valley,Bishop Creek Around Plant 6,6.9
2026-09-07 12:13:51,Southern Owens Valley,Tinemaha Reservoir Outflow,477.5
2026-09-07 12:13:51,Southern Owens Valley,Indep. Ck. At Junction Flow,4.1
2026-09-07 12:13:51,Southern Owens Valley,LAA at Alabama Flow,424.0
2026-09-07 12:13:51,Southern Owens Valley,Cottonwood Ck. At LAA Flow,2.0
2026-09-07 12:13:51,Southern Owens Valley,LAA at Cottonwood Flow,457.0
2026-09-07 12:13:51,Southern Owens Valley,Haiwee LAA #1 Current Flow,0.0
2026-09-07 12:13:51,Southern Owens Valley,Haiwee LAA #2 Current Flow,146.9
2026-09-07 12:13:51,Southern Owens Valley,Reinhackel Flow,2.9
2026-09-07 12:13:51,Southern Owens Valley,Lubkin Spillgate Outflow,0.3
2026-09-07 12:13:51,Southern Owens Valley,Cartago Spillgate Outflow,0.0
2026-09-07 12:13:51,Southern Owens Valley,Lone Pine Creek Flow,8.1
2026-09-07 12:13:51,Lower Owens River Project,LORP Intake Flow,88.0
2026-09-07 12:13:51,Lower Owens River Project,LORP at Mazourka Canyon Road,0.0
2026-09-07 12:13:51,Lower Owens River Project,LORP at Reinhackle Springs,56.0
2026-09-07 12:13:51,Lower Owens River Project,LORP Above Pumpstation,49.0
2026-09-07 12:13:51,Lower Owens River Project,LORP At Pump Station Discharge Flow,38.0
2026-09-07 12:13:51,Southern District,Haiwee LAA #2 Current Flow,146.9
2026-09-07 12:13:51,Southern District,Haiwee LAA #1 Current Flow,0.0
2026-09-07 12:13:51,Southern District,LAA #1 Flow at Fairmont Reservoir,270.8
2026-09-07 12:13:51,Southern District,LAA #2 Flow at Fairmont Res.,169.5
2026-09-07 12:13:51,Southern District,Bouquet Reservoir Inflow,39.1
2026-09-07 12:13:51,Southern District,Bouquet Reservoir Outflow,0.7
2026-09-07 12:13:51,Southern District,LAA #1 at Soledad Flow,123.4
2026-09-07 12:13:51,Southern District,LAA #2 at Soledad Flow,241.2
2026-09-07 12:13:52,Mono Basin,Mono Lk. Elevation,6382.2
2026-09-07 12:13:52,Mono Basin,Grant Lk. Elevation,7128.7
2026-09-07 12:13:52,Long Valley,Long Valley Elevation,6769.2
2026-09-07 12:13:52,Northern Owens Valley,Pleasant Valley Elevation,4384.2
2026-09-07 12:13:52,Southern Owens Valley,LAA at Alabama Level,8.0
2026-09-07 12:13:52,Southern Owens Valley,LAA at Alabama Water Temp,65.0
2026-09-07 12:13:52,Southern Owens Valley,LAA at Cottonwood Level,8.9
2026-09-07 12:13:52,Southern Owens Valley,LAA at Cotton. Water Temp,66.4
2026-09-07 12:13:52,Southern Owens Valley,N. Haiwee Elevation,3757.2
2026-09-07 12:13:52,Southern Owens Valley,S. Haiwee Reservoir Elevation,3728.1
2026-09-07 12:13:52,Southern District,S. Haiwee Reservoir Elevation,3728.1
2026-09-07 12:13:52,Southern District,Fairmont Reservoir Elevation,3022.9
2026-09-07 12:13:52,Southern District,Bouquet Reservoir Elevation,2974.2
2026-09-07 12:28:50,Mono Basin,Lee Vining Intake Above Flow,22.4
2026-09-07 12:28:50,Mono Basin,Lee Vining Intake Below Flow,22.4
2026-09-07 12:28:50,Mono Basin,Walker Ck. Above Conduit Flow,2.0
2026-09-07 12:28:50,Mono Basin,L.V. Conduit Below Intake Flow,0.5
2026-09-07 12:28:50,Mono Basin,Walker Ck. Under Conduit Flow,2.0
2026-09-07 12:28:50,Mono Basin,Parker Ck. Under Conduit Flow,8.0
2026-09-07 12:28:50,Mono Basin,Parker Ck. Above Conduit Flow,9.0
2026-09-07 12:28:50,Mono Basin,Grant Lk. Spill Flow,0.0
2026-09-07 12:28:50,Mono Basin,Mono Gate 1 Return Ditch Flow,40.0
2026-09-07 12:28:50,Mono Basin,Grant Lk. Outflow,38.7
2026-09-07 12:28:50,Mono Basin,Rush Ck. at Damsite Flow,9.3
2026-09-07 12:28:50,Mono Basin,Flow to West Portal,0.0
2026-09-07 12:28:50,Long Valley,East Portal Flow,12.0
2026-09-07 12:28:50,Long Valley,OR Below EP Flow,57.0
2026-09-07 12:28:50,Long Valley,Hot Ck.at Hwy. Flow,6.0
2026-09-07 12:28:50,Long Valley,McGee Ck. Lower Sta. Flow,8.3
2026-09-07 12:28:50,Long Valley,Long Valley Current Outflow,568.0
2026-09-07 12:28:50,Long Valley,Rock Ck. Div. Flow,0.0
2026-09-07 12:28:50,Long Valley,Upper Gorge Total Release,35.7
2026-09-07 12:28:50,Long Valley,Release at Middle Gorge,0.0
2026-09-07 12:28:50,Northern Owens Valley,Rock Ck. At Owens River (PV) Flow,27.3
2026-09-07 12:28:50,Northern Owens Valley,Pleasant Valley Outflow,494.5
2026-09-07 12:28:50,Northern Owens Valley,Baker Ck. At LA Station Flow,6.4
2026-09-07 12:28:50,Northern Owens Valley,Big Pine Ck. USGS Flow,22.9
2026-09-07 12:28:50,Northern Owens Valley,O.R. Below Big Pine,480.5
2026-09-07 12:28:50,Northern Owens Valley,Fish Springs At RR Flow,29.4
2026-09-07 12:28:50,Northern Owens Valley,Tinemaha Reservoir Outflow,477.5
2026-09-07 12:28:50,Northern Owens Valley,Bishop Creek Through Plant 6,69.3
2026-09-07 12:28:50,Northern Owens Valley,Bishop Creek Around Plant 6,6.9
2026-09-07 12:28:50,Southern Owens Valley,Tinemaha Reservoir Outflow,477.5
2026-09-07 12:28:50,Southern Owens Valley,Indep. Ck. At Junction Flow,4.1
2026-09-07 12:28:50,Southern Owens Valley,LAA at Alabama Flow,424.0
2026-09-07 12:28:50,Southern Owens Valley,Cottonwood Ck. At LAA Flow,2.0
2026-09-07 12:28:50,Southern Owens Valley,LAA at Cottonwood Flow,457.0
2026-09-07 12:28:50,Southern Owens Valley,Haiwee LAA #1 Current Flow,0.0
2026-09-07 12:28:50,Southern Owens Valley,Haiwee LAA #2 Current Flow,146.9
2026-09-07 12:28:50,Southern Owens Valley,Reinhackel Flow,2.9
2026-09-07 12:28:50,Southern Owens Valley,Lubkin Spillgate Outflow,0.3
2026-09-07 12:28:50,Southern Owens Valley,Cartago Spillgate Outflow,0.0
2026-09-07 12:28:50,Southern Owens Valley,Lone Pine Creek Flow,8.1
2026-09-07 12:28:50,Lower Owens River Project,LORP Intake Flow,88.0
2026-09-07 12:28:50,Lower Owens River Project,LORP at Mazourka Canyon Road,0.0
2026-09-07 12:28:50,Lower Owens River Project,LORP at Reinhackle Springs,60.0
2026-09-07 12:28:50,Lower Owens River Project,LORP Above Pumpstation,49.0
2026-09-07 12:28:50,Lower Owens River Project,LORP At Pump Station Discharge Flow,38.0
2026-09-07 12:28:50,Southern District,Haiwee LAA #2 Current Flow,146.9
2026-09-07 12:28:50,Southern District,Haiwee LAA #1 Current Flow,0.0
2026-09-07 12:28:50,Southern District,LAA #1 Flow at Fairmont Reservoir,282.1
2026-09-07 12:28:50,Southern District,LAA #2 Flow at Fairmont Res.,169.5
2026-09-07 12:28:50,Southern District,Bouquet Reservoir Inflow,36.7
2026-09-07 12:28:50,Southern District,Bouquet Reservoir Outflow,0.7
2026-09-07 12:28:50,Southern District,LAA #1 at Soledad Flow,123.4
2026-09-07 12:28:50,Southern District,LAA #2 at Soledad Flow,241.2
2026-09-07 12:28:51,Mono Basin,Mono Lk. Elevation,6382.2
2026-09-07 12:28:51,Mono Basin,Grant Lk. Elevation,7128.7
2026-09-07 12:28:51,Long Valley,Long Valley Elevation,6769.2
2026-09-07 12:28:51,Northern Owens Valley,Pleasant Valley Elevation,4384.3
2026-09-07 12:28:51,Northern Owens Valley,Tinemaha Elevation,3861.6
2026-09-07 12:28:51,Southern Owens Valley,Tinemaha Elevation,3861.6
2026-09-07 12:28:51,Southern Owens Valley,LAA at Alabama Level,8.0
2026-09-07 12:28:51,Southern Owens Valley,LAA at Alabama Water Temp,65.2
2026-09-07 12:28:51,Southern Owens Valley,LAA at Cottonwood Level,8.9
2026-09-07 12:28:51,Southern Owens Valley,LAA at Cotton. Water Temp,66.4
2026-09-07 12:28:51,Southern Owens Valley,N. Haiwee Elevation,3757.2
2026-09-07 12:28:51,Southern Owens Valley,S. Haiwee Reservoir Elevation,3728.1
2026-09-07 12:28:51,Southern District,S. Haiwee Reservoir Elevation,3728.1
2026-09-07 12:28:51,Southern District,Fairmont Reservoir Elevation,3022.9
2026-09-07 12:28:51,Southern District,Bouquet Reservoir Elevation,2974.2
2026-09-07 12:43:52,Mono Basin,Lee Vining Intake Above Flow,22.3
2026-09-07 12:43:52,Mono Basin,Lee Vining Intake Below Flow,22.5
2026-09-07 12:43:52,Mono Basin,Walker Ck. Above Conduit Flow,2.0
2026-09-07 12:43:52,Mono Basin,L.V. Conduit Below Intake Flow,0.5
2026-09-07 12:43:52,Mono Basin,Walker Ck. Under Conduit Flow,2.0
2026-09-07 12:43:52,Mono Basin,Parker Ck. Under Conduit Flow,8.0
2026-09-07 12:43:52,Mono Basin,Parker Ck. Above Conduit Flow,9.0
2026-09-07 12:43:52,Mono Basin,Grant Lk. Spill Flow,0.0
2026-09-07 12:43:52,Mono Basin,Mono Gate 1 Return Ditch Flow,40.0
2026-09-07 12:43:52,Mono Basin,Grant Lk. Outflow,38.7
2026-09-07 12:43:52,Mono Basin,Rush Ck. at Damsite Flow,9.3
2026-09-07 12:43:52,Mono Basin,Flow to West Portal,0.0
2026-09-07 12:43:52,Long Valley,East Portal Flow,12.0
2026-09-07 12:43:52,Long Valley,OR Below EP Flow,57.0
2026-09-07 12:43:52,Long Valley,Hot Ck.at Hwy. Flow,6.0
2026-09-07 12:43:52,Long Valley,McGee Ck. Lower Sta. Flow,8.3
2026-09-07 12:43:52,Long Valley,Long Valley Current Outflow,568.0
2026-09-07 12:43:52,Long Valley,Rock Ck. Div. Flow,0.0
2026-09-07 12:43:52,Long Valley,Upper Gorge Total Release,36.2
2026-09-07 12:43:52,Long Valley,Release at Middle Gorge,0.0
2026-09-07 12:43:52,Northern Owens Valley,Rock Ck. At Owens River (PV) Flow,27.2
2026-09-07 12:43:52,Northern Owens Valley,Pleasant Valley Outflow,494.2
2026-09-07 12:43:52,Northern Owens Valley,Baker Ck. At LA Station Flow,6.4
2026-09-07 12:43:52,Northern Owens Valley,Big Pine Ck. USGS Flow,22.9
2026-09-07 12:43:52,Northern Owens Valley,O.R. Below Big Pine,481.7
2026-09-07 12:43:52,Northern Owens Valley,Fish Springs At RR Flow,29.4
2026-09-07 12:43:52,Northern Owens Valley,Tinemaha Reservoir Outflow,477.5
2026-09-07 12:43:52,Northern Owens Valley,Bishop Creek Through Plant 6,68.1
2026-09-07 12:43:52,Northern Owens Valley,Bishop Creek Around Plant 6,6.4
2026-09-07 12:43:52,Southern Owens Valley,Tinemaha Reservoir Outflow,477.5
2026-09-07 12:43:52,Southern Owens Valley,Indep. Ck. At Junction Flow,3.9
2026-09-07 12:43:52,Southern Owens Valley,LAA at Alabama Flow,424.0
2026-09-07 12:43:52,Southern Owens Valley,Cottonwood Ck. At LAA Flow,2.0
2026-09-07 12:43:52,Southern Owens Valley,LAA at Cottonwood Flow,457.0
2026-09-07 12:43:52,Southern Owens Valley,Haiwee LAA #1 Current Flow,0.0
2026-09-07 12:43:52,Southern Owens Valley,Haiwee LAA #2 Current Flow,146.9
2026-09-07 12:43:52,Southern Owens Valley,Reinhackel Flow,2.9
2026-09-07 12:43:52,Southern Owens Valley,Lubkin Spillgate Outflow,0.0
2026-09-07 12:43:52,Southern Owens Valley,Cartago Spillgate Outflow,0.0
2026-09-07 12:43:52,Southern Owens Valley,Lone Pine Creek Flow,8.1
2026-09-07 12:43:52,Lower Owens River Project,LORP Intake Flow,88.0
2026-09-07 12:43:52,Lower Owens River Project,LORP at Mazourka Canyon Road,0.0
2026-09-07 12:43:52,Lower Owens River Project,LORP at Reinhackle Springs,60.0
2026-09-07 12:43:52,Lower Owens River Project,LORP Above Pumpstation,49.0
2026-09-07 12:43:52,Lower Owens River Project,LORP At Pump Station Discharge Flow,38.0
2026-09-07 12:43:52,Southern District,Haiwee LAA #2 Current Flow,146.9
2026-09-07 12:43:52,Southern District,Haiwee LAA #1 Current Flow,0.0
2026-09-07 12:43:52,Southern District,LAA #1 Flow at Fairmont Reservoir,290.0
2026-09-07 12:43:52,Southern District,LAA #2 Flow at Fairmont Res.,169.6
2026-09-07 12:43:52,Southern District,Bouquet Reservoir Inflow,36.7
2026-09-07 12:43:52,Southern District,Bouquet Reservoir Outflow,0.7
2026-09-07 12:43:52,Southern District,LAA #1 at Soledad Flow,123.4
2026-09-07 12:43:52,Southern District,LAA #2 at Soledad Flow,241.2
2026-09-07 12:43:53,Mono Basin,Mono Lk. Elevation,6382.2
2026-09-07 12:43:53,Mono Basin,Grant Lk. Elevation,7128.7
2026-09-07 12:43:53,Long Valley,Long Valley Elevation,6769.2
2026-09-07 12:43:53,Northern Owens Valley,Pleasant Valley Elevation,4384.3
2026-09-07 12:43:53,Southern Owens Valley,LAA at Alabama Level,8.0
2026-09-07 12:43:53,Southern Owens Valley,LAA at Alabama Water Temp,65.2
2026-09-07 12:43:53,Southern Owens Valley,LAA at Cottonwood Level,8.9
2026-09-07 12:43:53,Southern Owens Valley,LAA at Cotton. Water Temp,66.6
2026-09-07 12:43:53,Southern Owens Valley,N. Haiwee Elevation,3757.2
2026-09-07 12:43:53,Southern Owens Valley,S. Haiwee Reservoir Elevation,3728.0
2026-09-07 12:43:53,Southern District,S. Haiwee Reservoir Elevation,3728.0
2026-09-07 12:43:53,Southern District,Fairmont Reservoir Elevation,3022.9
2026-09-07 12:43:53,Southern District,Bouquet Reservoir Elevation,2974.2
2026-09-07 12:58:50,Mono Basin,Lee Vining Intake Above Flow,22.3
2026-09-07 12:58:50,Mono Basin,Lee Vining Intake Below Flow,22.5
2026-09-07 12:58:50,Mono Basin,Walker Ck. Above Conduit Flow,2.0
2026-09-07 12:58:50,Mono Basin,L.V. Conduit Below Intake Flow,0.5
2026-09-07 12:58:50,Mono Basin,Walker Ck. Under Conduit Flow,2.0
2026-09-07 12:58:50,Mono Basin,Parker Ck. Under Conduit Flow,8.0
2026-09-07 12:58:50,Mono Basin,Parker Ck. Above Conduit Flow,9.0
2026-09-07 12:58:50,Mono Basin,Grant Lk. Spill Flow,0.0
2026-09-07 12:58:50,Mono Basin,Mono Gate 1 Return Ditch Flow,40.0
2026-09-07 12:58:50,Mono Basin,Grant Lk. Outflow,38.7
2026-09-07 12:58:50,Mono Basin,Rush Ck. at Damsite Flow,9.3
2026-09-07 12:58:50,Mono Basin,Flow to West Portal,0.0
2026-09-07 12:58:50,Long Valley,East Portal Flow,12.0
2026-09-07 12:58:50,Long Valley,OR Below EP Flow,57.0
2026-09-07 12:58:50,Long Valley,Hot Ck.at Hwy. Flow,6.0
2026-09-07 12:58:50,Long Valley,McGee Ck. Lower Sta. Flow,8.3
2026-09-07 12:58:50,Long Valley,Long Valley Current Outflow,568.0
2026-09-07 12:58:50,Long Valley,Rock Ck. Div. Flow,0.0
2026-09-07 12:58:50,Long Valley,Upper Gorge Total Release,35.2
2026-09-07 12:58:50,Long Valley,Release at Middle Gorge,0.0
2026-09-07 12:58:50,Northern Owens Valley,Rock Ck. At Owens River (PV) Flow,27.1
2026-09-07 12:58:50,Northern Owens Valley,Pleasant Valley Outflow,495.0
2026-09-07 12:58:50,Northern Owens Valley,Baker Ck. At LA Station Flow,6.4
2026-09-07 12:58:50,Northern Owens Valley,Big Pine Ck. USGS Flow,22.9
2026-09-07 12:58:50,Northern Owens Valley,O.R. Below Big Pine,480.8
2026-09-07 12:58:50,Northern Owens Valley,Fish Springs At RR Flow,29.4
2026-09-07 12:58:50,Northern Owens Valley,Tinemaha Reservoir Outflow,477.5
2026-09-07 12:58:50,Northern Owens Valley,Bishop Creek Through Plant 6,68.1
2026-09-07 12:58:50,Northern Owens Valley,Bishop Creek Around Plant 6,6.4
2026-09-07 12:58:50,Southern Owens Valley,Tinemaha Reservoir Outflow,477.5
2026-09-07 12:58:50,Southern Owens Valley,Indep. Ck. At Junction Flow,3.9
2026-09-07 12:58:50,Southern Owens Valley,LAA at Alabama Flow,424.0
2026-09-07 12:58:50,Southern Owens Valley,Cottonwood Ck. At LAA Flow,2.0
2026-09-07 12:58:50,Southern Owens Valley,LAA at Cottonwood Flow,458.0
2026-09-07 12:58:50,Southern Owens Valley,Haiwee LAA #1 Current Flow,0.0
2026-09-07 12:58:50,Southern Owens Valley,Haiwee LAA #2 Current Flow,146.9
2026-09-07 12:58:50,Southern Owens Valley,Reinhackel Flow,2.9
2026-09-07 12:58:50,Southern Owens Valley,Lubkin Spillgate Outflow,0.0
2026-09-07 12:58:50,Southern Owens Valley,Cartago Spillgate Outflow,0.0
2026-09-07 12:58:50,Southern Owens Valley,Lone Pine Creek Flow,8.1
2026-09-07 12:58:50,Lower Owens River Project,LORP Intake Flow,88.0
2026-09-07 12:58:50,Lower Owens River Project,LORP at Mazourka Canyon Road,0.0
2026-09-07 12:58:50,Lower Owens River Project,LORP at Reinhackle Springs,60.0
2026-09-07 12:58:50,Lower Owens River Project,LORP Above Pumpstation,49.0
2026-09-07 12:58:50,Lower Owens River Project,LORP At Pump Station Discharge Flow,38.0
2026-09-07 12:58:50,Southern District,Haiwee LAA #2 Current Flow,146.9
2026-09-07 12:58:50,Southern District,Haiwee LAA #1 Current Flow,0.0
2026-09-07 12:58:50,Southern District,LAA #1 Flow at Fairmont Reservoir,284.0
2026-09-07 12:58:50,Southern District,LAA #2 Flow at Fairmont Res.,169.6
2026-09-07 12:58:50,Southern District,Bouquet Reservoir Inflow,33.7
2026-09-07 12:58:50,Southern District,Bouquet Reservoir Outflow,0.7
2026-09-07 12:58:50,Southern District,LAA #1 at Soledad Flow,123.4
2026-09-07 12:58:50,Southern District,LAA #2 at Soledad Flow,241.2
2026-09-07 12:58:51,Mono Basin,Mono Lk. Elevation,6382.2
2026-09-07 12:58:51,Mono Basin,Grant Lk. Elevation,7128.7
2026-09-07 12:58:51,Long Valley,Long Valley Elevation,6769.2
2026-09-07 12:58:51,Northern Owens Valley,Pleasant Valley Elevation,4384.3
2026-09-07 12:58:51,Northern Owens Valley,Tinemaha Elevation,3861.6
2026-09-07 12:58:51,Southern Owens Valley,Tinemaha Elevation,3861.6
2026-09-07 12:58:51,Southern Owens Valley,LAA at Alabama Level,8.0
2026-09-07 12:58:51,Southern Owens Valley,LAA at Alabama Water Temp,65.2
2026-09-07 12:58:51,Southern Owens Valley,LAA at Cottonwood Level,8.9
2026-09-07 12:58:51,Southern Owens Valley,LAA at Cotton. Water Temp,66.9
2026-09-07 12:58:51,Southern Owens Valley,N. Haiwee Elevation,3757.2
2026-09-07 12:58:51,Southern Owens Valley,S. Haiwee Reservoir Elevation,3728.0
2026-09-07 12:58:51,Southern District,S. Haiwee Reservoir Elevation,3728.0
2026-09-07 12:58:51,Southern District,Fairmont Reservoir Elevation,3023.0
2026-09-07 12:58:51,Southern District,Bouquet Reservoir Elevation,2974.2
2026-09-07 13:13:51,Mono Basin,Lee Vining Intake Above Flow,22.0
2026-09-07 13:13:51,Mono Basin,Lee Vining Intake Below Flow,22.5
2026-09-07 13:13:51,Mono Basin,Walker Ck. Above Conduit Flow,2.0
2026-09-07 13:13:51,Mono Basin,L.V. Conduit Below Intake Flow,0.5
2026-09-07 13:13:51,Mono Basin,Walker Ck. Under Conduit Flow,2.0
2026-09-07 13:13:51,Mono Basin,Parker Ck. Under Conduit Flow,8.0
2026-09-07 13:13:51,Mono Basin,Parker Ck. Above Conduit Flow,9.0
2026-09-07 13:13:51,Mono Basin,Grant Lk. Spill Flow,0.0
2026-09-07 13:13:51,Mono Basin,Mono Gate 1 Return Ditch Flow,40.0
2026-09-07 13:13:51,Mono Basin,Grant Lk. Outflow,38.7
2026-09-07 13:13:51,Mono Basin,Rush Ck. at Damsite Flow,9.3
2026-09-07 13:13:51,Mono Basin,Flow to West Portal,0.0
2026-09-07 13:13:51,Long Valley,East Portal Flow,12.0
2026-09-07 13:13:51,Long Valley,OR Below EP Flow,57.0
2026-09-07 13:13:51,Long Valley,Hot Ck.at Hwy. Flow,6.0
2026-09-07 13:13:51,Long Valley,McGee Ck. Lower Sta. Flow,8.3
2026-09-07 13:13:51,Long Valley,Long Valley Current Outflow,568.0
2026-09-07 13:13:51,Long Valley,Rock Ck. Div. Flow,0.0
2026-09-07 13:13:51,Long Valley,Upper Gorge Total Release,34.3
2026-09-07 13:13:51,Long Valley,Release at Middle Gorge,0.0
2026-09-07 13:13:51,Northern Owens Valley,Rock Ck. At Owens River (PV) Flow,27.1
2026-09-07 13:13:51,Northern Owens Valley,Pleasant Valley Outflow,494.8
2026-09-07 13:13:51,Northern Owens Valley,Baker Ck. At LA Station Flow,6.4
2026-09-07 13:13:51,Northern Owens Valley,Big Pine Ck. USGS Flow,22.9
2026-09-07 13:13:51,Northern Owens Valley,O.R. Below Big Pine,481.4
2026-09-07 13:13:51,Northern Owens Valley,Fish Springs At RR Flow,29.4
2026-09-07 13:13:51,Northern Owens Valley,Tinemaha Reservoir Outflow,477.5
2026-09-07 13:13:51,Northern Owens Valley,Bishop Creek Through Plant 6,68.1
2026-09-07 13:13:51,Northern Owens Valley,Bishop Creek Around Plant 6,6.4
2026-09-07 13:13:51,Southern Owens Valley,Tinemaha Reservoir Outflow,477.5
2026-09-07 13:13:51,Southern Owens Valley,Indep. Ck. At Junction Flow,3.9
2026-09-07 13:13:51,Southern Owens Valley,LAA at Alabama Flow,424.0
2026-09-07 13:13:51,Southern Owens Valley,Cottonwood Ck. At LAA Flow,2.0
2026-09-07 13:13:51,Southern Owens Valley,LAA at Cottonwood Flow,458.0
2026-09-07 13:13:51,Southern Owens Valley,Haiwee LAA #1 Current Flow,0.0
2026-09-07 13:13:51,Southern Owens Valley,Haiwee LAA #2 Current Flow,146.9
2026-09-07 13:13:51,Southern Owens Valley,Reinhackel Flow,2.9
2026-09-07 13:13:51,Southern Owens Valley,Lubkin Spillgate Outflow,0.0
2026-09-07 13:13:51,Southern Owens Valley,Cartago Spillgate Outflow,0.0
2026-09-07 13:13:51,Southern Owens Valley,Lone Pine Creek Flow,8.1
2026-09-07 13:13:51,Lower Owens River Project,LORP Intake Flow,88.0
2026-09-07 13:13:51,Lower Owens River Project,LORP at Mazourka Canyon Road,0.0
2026-09-07 13:13:51,Lower Owens River Project,LORP at Reinhackle Springs,60.0
2026-09-07 13:13:51,Lower Owens River Project,LORP Above Pumpstation,48.0
2026-09-07 13:13:51,Lower Owens River Project,LORP At Pump Station Discharge Flow,37.0
2026-09-07 13:13:51,Southern District,Haiwee LAA #2 Current Flow,146.9
2026-09-07 13:13:51,Southern District,Haiwee LAA #1 Current Flow,0.0
2026-09-07 13:13:51,Southern District,LAA #1 Flow at Fairmont Reservoir,295.0
2026-09-07 13:13:51,Southern District,LAA #2 Flow at Fairmont Res.,169.6
2026-09-07 13:13:51,Southern District,Bouquet Reservoir Inflow,33.7
2026-09-07 13:13:51,Southern District,Bouquet Reservoir Outflow,0.7
2026-09-07 13:13:51,Southern District,LAA #1 at Soledad Flow,123.4
2026-09-07 13:13:51,Southern District,LAA #2 at Soledad Flow,241.2
2026-09-07 13:13:52,Mono Basin,Mono Lk. Elevation,6382.2
2026-09-07 13:13:52,Mono Basin,Grant Lk. Elevation,7128.7
2026-09-07 13:13:52,Long Valley,Long Valley Elevation,6769.2
2026-09-07 13:13:52,Northern Owens Valley,Pleasant Valley Elevation,4384.3
2026-09-07 13:13:52,Southern Owens Valley,LAA at Alabama Level,8.0
2026-09-07 13:13:52,Southern Owens Valley,LAA at Alabama Water Temp,65.8
2026-09-07 13:13:52,Southern Owens Valley,LAA at Cottonwood Level,8.9
2026-09-07 13:13:52,Southern Owens Valley,LAA at Cotton. Water Temp,66.9
2026-09-07 13:13:52,Southern Owens Valley,N. Haiwee Elevation,3757.2
2026-09-07 13:13:52,Southern Owens Valley,S. Haiwee Reservoir Elevation,3728.0
2026-09-07 13:13:52,Southern District,S. Haiwee Reservoir Elevation,3728.0
2026-09-07 13:13:52,Southern District,Fairmont Reservoir Elevation,3023.0
2026-09-07 13:13:52,Southern District,Bouquet Reservoir Elevation,2974.2
2026-09-07 13:28:50,Mono Basin,Lee Vining Intake Above Flow,22.0
2026-09-07 13:28:50,Mono Basin,Lee Vining Intake Below Flow,22.5
2026-09-07 13:28:50,Mono Basin,Walker Ck. Above Conduit Flow,2.0
2026-09-07 13:28:50,Mono Basin,L.V. Conduit Below Intake Flow,0.5
2026-09-07 13:28:50,Mono Basin,Walker Ck. Under Conduit Flow,2.0
2026-09-07 13:28:50,Mono Basin,Parker Ck. Under Conduit Flow,8.0
2026-09-07 13:28:50,Mono Basin,Parker Ck. Above Conduit Flow,9.0
2026-09-07 13:28:50,Mono Basin,Grant Lk. Spill Flow,0.0
2026-09-07 13:28:50,Mono Basin,Mono Gate 1 Return Ditch Flow,39.8
2026-09-07 13:28:50,Mono Basin,Grant Lk. Outflow,38.8
2026-09-07 13:28:50,Mono Basin,Rush Ck. at Damsite Flow,9.3
2026-09-07 13:28:50,Mono Basin,Flow to West Portal,0.0
2026-09-07 13:28:50,Long Valley,East Portal Flow,12.0
2026-09-07 13:28:50,Long Valley,OR Below EP Flow,57.0
2026-09-07 13:28:50,Long Valley,Hot Ck.at Hwy. Flow,6.0
2026-09-07 13:28:50,Long Valley,McGee Ck. Lower Sta. Flow,8.3
2026-09-07 13:28:50,Long Valley,Long Valley Current Outflow,569.1
2026-09-07 13:28:50,Long Valley,Rock Ck. Div. Flow,0.0
2026-09-07 13:28:50,Long Valley,Upper Gorge Total Release,34.8
2026-09-07 13:28:50,Long Valley,Release at Middle Gorge,0.0
2026-09-07 13:28:50,Northern Owens Valley,Rock Ck. At Owens River (PV) Flow,27.0
2026-09-07 13:28:50,Northern Owens Valley,Pleasant Valley Outflow,495.1
2026-09-07 13:28:50,Northern Owens Valley,Baker Ck. At LA Station Flow,6.4
2026-09-07 13:28:50,Northern Owens Valley,Big Pine Ck. USGS Flow,22.9
2026-09-07 13:28:50,Northern Owens Valley,O.R. Below Big Pine,482.2
2026-09-07 13:28:50,Northern Owens Valley,Fish Springs At RR Flow,29.4
2026-09-07 13:28:50,Northern Owens Valley,Tinemaha Reservoir Outflow,477.5
2026-09-07 13:28:50,Northern Owens Valley,Bishop Creek Through Plant 6,68.1
2026-09-07 13:28:50,Northern Owens Valley,Bishop Creek Around Plant 6,6.4
2026-09-07 13:28:50,Southern Owens Valley,Tinemaha Reservoir Outflow,477.5
2026-09-07 13:28:50,Southern Owens Valley,Indep. Ck. At Junction Flow,3.9
2026-09-07 13:28:50,Southern Owens Valley,LAA at Alabama Flow,424.0
2026-09-07 13:28:50,Southern Owens Valley,LAA at Alabama Level,8.0
2026-09-07 13:28:50,Southern Owens Valley,LAA at Alabama Water Temp,65.8
2026-09-07 13:28:50,Southern Owens Valley,Cottonwood Ck. At LAA Flow,2.0
2026-09-07 13:28:50,Southern Owens Valley,LAA at Cottonwood Flow,458.0
2026-09-07 13:28:50,Southern Owens Valley,LAA at Cottonwood Level,8.9
2026-09-07 13:28:50,Southern Owens Valley,LAA at Cotton. Water Temp,66.9
2026-09-07 13:28:50,Southern Owens Valley,Haiwee LAA #1 Current Flow,0.0
2026-09-07 13:28:50,Southern Owens Valley,Haiwee LAA #2 Current Flow,146.9
2026-09-07 13:28:50,Southern Owens Valley,Reinhackel Flow,2.9
2026-09-07 13:28:50,Southern Owens Valley,Lubkin Spillgate Outflow,0.0
2026-09-07 13:28:50,Southern Owens Valley,Cartago Spillgate Outflow,0.0
2026-09-07 13:28:50,Southern Owens Valley,Lone Pine Creek Flow,8.1
2026-09-07 13:28:50,Lower Owens River Project,LORP Intake Flow,88.0
2026-09-07 13:28:50,Lower Owens River Project,LORP at Mazourka Canyon Road,0.0
2026-09-07 13:28:50,Lower Owens River Project,LORP at Reinhackle Springs,58.0
2026-09-07 13:28:50,Lower Owens River Project,LORP Above Pumpstation,49.0
2026-09-07 13:28:50,Lower Owens River Project,LORP At Pump Station Discharge Flow,38.0
2026-09-07 13:28:50,Southern District,Haiwee LAA #2 Current Flow,146.9
2026-09-07 13:28:50,Southern District,Haiwee LAA #1 Current Flow,0.0
2026-09-07 13:28:50,Southern District,LAA #1 Flow at Fairmont Reservoir,304.7
2026-09-07 13:28:50,Southern District,LAA #2 Flow at Fairmont Res.,169.6
2026-09-07 13:28:50,Southern District,Bouquet Reservoir Inflow,33.7
2026-09-07 13:28:50,Southern District,Bouquet Reservoir Outflow,0.7
2026-09-07 13:28:50,Southern District,LAA #1 at Soledad Flow,123.4
2026-09-07 13:28:50,Southern District,LAA #2 at Soledad Flow,241.2
2026-09-07 13:28:51,Mono Basin,Mono Lk. Elevation,6382.2
2026-09-07 13:28:51,Mono Basin,Grant Lk. Elevation,7128.7
2026-09-07 13:28:51,Long Valley,Long Valley Elevation,6769.2
2026-09-07 13:28:51,Northern Owens Valley,Pleasant Valley Elevation,4384.4
2026-09-07 13:28:51,Northern Owens Valley,Tinemaha Elevation,3861.6
2026-09-07 13:28:51,Southern Owens Valley,Tinemaha Elevation,3861.6
2026-09-07 13:28:51,Southern Owens Valley,N. Haiwee Elevation,3757.2
2026-09-07 13:28:51,Southern Owens Valley,S. Haiwee Reservoir Elevation,3728.0
2026-09-07 13:28:51,Southern District,S. Haiwee Reservoir Elevation,3728.0
2026-09-07 13:28:51,Southern District,Fairmont Reservoir Elevation,3023.0
2026-09-07 13:28:51,Southern District,Bouquet Reservoir Elevation,2974.2
2026-09-07 13:43:52,Mono Basin,Lee Vining Intake Above Flow,22.8
2026-09-07 13:43:52,Mono Basin,Lee Vining Intake Below Flow,22.6
2026-09-07 13:43:52,Mono Basin,Mono Lk. Elevation,6382.2
2026-09-07 13:43:52,Mono Basin,Walker Ck. Above Conduit Flow,2.0
2026-09-07 13:43:52,Mono Basin,L.V. Conduit Below Intake Flow,0.5
2026-09-07 13:43:52,Mono Basin,Walker Ck. Under Conduit Flow,2.0
2026-09-07 13:43:52,Mono Basin,Parker Ck. Under Conduit Flow,8.0
2026-09-07 13:43:52,Mono Basin,Parker Ck. Above Conduit Flow,9.0
2026-09-07 13:43:52,Mono Basin,Grant Lk. Spill Flow,0.0
2026-09-07 13:43:52,Mono Basin,Mono Gate 1 Return Ditch Flow,39.8
2026-09-07 13:43:52,Mono Basin,Grant Lk. Elevation,7128.7
2026-09-07 13:43:52,Mono Basin,Grant Lk. Outflow,38.8
2026-09-07 13:43:52,Mono Basin,Rush Ck. at Damsite Flow,9.3
2026-09-07 13:43:52,Mono Basin,Flow to West Portal,0.0
2026-09-07 13:43:52,Long Valley,East Portal Flow,12.0
2026-09-07 13:43:52,Long Valley,OR Below EP Flow,57.0
2026-09-07 13:43:52,Long Valley,Hot Ck.at Hwy. Flow,6.0
2026-09-07 13:43:52,Long Valley,McGee Ck. Lower Sta. Flow,8.3
2026-09-07 13:43:52,Long Valley,Long Valley Elevation,6769.2
2026-09-07 13:43:52,Long Valley,Long Valley Current Outflow,569.1
2026-09-07 13:43:52,Long Valley,Rock Ck. Div. Flow,0.0
2026-09-07 13:43:52,Long Valley,Upper Gorge Total Release,35.1
2026-09-07 13:43:52,Long Valley,Release at Middle Gorge,0.0
2026-09-07 13:43:52,Northern Owens Valley,Rock Ck. At Owens River (PV) Flow,26.9
2026-09-07 13:43:52,Northern Owens Valley,Pleasant Valley Elevation,4384.4
2026-09-07 13:43:52,Northern Owens Valley,Pleasant Valley Outflow,494.6
2026-09-07 13:43:52,Northern Owens Valley,Baker Ck. At LA Station Flow,6.4
2026-09-07 13:43:52,Northern Owens Valley,Big Pine Ck. USGS Flow,22.9
2026-09-07 13:43:52,Northern Owens Valley,O.R. Below Big Pine,481.1
2026-09-07 13:43:52,Northern Owens Valley,Fish Springs At RR Flow,29.4
2026-09-07 13:43:52,Northern Owens Valley,Tinemaha Reservoir Outflow,477.5
2026-09-07 13:43:52,Northern Owens Valley,Bishop Creek Through Plant 6,68.1
2026-09-07 13:43:52,Northern Owens Valley,Bishop Creek Around Plant 6,6.4
2026-09-07 13:43:52,Southern Owens Valley,Tinemaha Reservoir Outflow,477.5
2026-09-07 13:43:52,Southern Owens Valley,Indep. Ck. At Junction Flow,3.9
2026-09-07 13:43:52,Southern Owens Valley,LAA at Alabama Flow,424.0
2026-09-07 13:43:52,Southern Owens Valley,LAA at Alabama Level,8.0
2026-09-07 13:43:52,Southern Owens Valley,LAA at Alabama Water Temp,65.8
2026-09-07 13:43:52,Southern Owens Valley,Cottonwood Ck. At LAA Flow,2.0
2026-09-07 13:43:52,Southern Owens Valley,LAA at Cottonwood Flow,459.0
2026-09-07 13:43:52,Southern Owens Valley,LAA at Cottonwood Level,8.9
2026-09-07 13:43:52,Southern Owens Valley,LAA at Cotton. Water Temp,67.2
2026-09-07 13:43:52,Southern Owens Valley,N. Haiwee Elevation,3757.2
2026-09-07 13:43:52,Southern Owens Valley,S. Haiwee Reservoir Elevation,3728.1
2026-09-07 13:43:52,Southern Owens Valley,Haiwee LAA #1 Current Flow,0.0
2026-09-07 13:43:52,Southern Owens Valley,Haiwee LAA #2 Current Flow,146.9
2026-09-07 13:43:52,Southern Owens Valley,Reinhackel Flow,2.9
2026-09-07 13:43:52,Southern Owens Valley,Lubkin Spillgate Outflow,0.0
2026-09-07 13:43:52,Southern Owens Valley,Cartago Spillgate Outflow,0.0
2026-09-07 13:43:52,Southern Owens Valley,Lone Pine Creek Flow,8.1
2026-09-07 13:43:52,Lower Owens River Project,LORP Intake Flow,88.0
2026-09-07 13:43:52,Lower Owens River Project,LORP at Mazourka Canyon Road,0.0
2026-09-07 13:43:52,Lower Owens River Project,LORP at Reinhackle Springs,58.0
2026-09-07 13:43:52,Lower Owens River Project,LORP Above Pumpstation,48.0
2026-09-07 13:43:52,Lower Owens River Project,LORP At Pump Station Discharge Flow,37.0
2026-09-07 13:43:52,Southern District,Haiwee LAA #2 Current Flow,146.9
2026-09-07 13:43:52,Southern District,S. Haiwee Reservoir Elevation,3728.1
2026-09-07 13:43:52,Southern District,Haiwee LAA #1 Current Flow,0.0
2026-09-07 13:43:52,Southern District,Fairmont Reservoir Elevation,3023.0
2026-09-07 13:43:52,Southern District,LAA #1 Flow at Fairmont Reservoir,290.1
2026-09-07 13:43:52,Southern District,LAA #2 Flow at Fairmont Res.,169.6
2026-09-07 13:43:52,Southern District,Bouquet Reservoir Elevation,2974.2
2026-09-07 13:43:52,Southern District,Bouquet Reservoir Inflow,33.7
2026-09-07 13:43:52,Southern District,Bouquet Reservoir Outflow,0.7
2026-09-07 13:43:52,Southern District,LAA #1 at Soledad Flow,123.4
2026-09-07 13:43:52,Southern District,LAA #2 at Soledad Flow,241.2
2026-09-07 13:58:50,Mono Basin,Lee Vining Intake Above Flow,22.8
2026-09-07 13:58:50,Mono Basin,Lee Vining Intake Below Flow,22.6
2026-09-07 13:58:50,Mono Basin,Walker Ck. Above Conduit Flow,2.0
2026-09-07 13:58:50,Mono Basin,L.V. Conduit Below Intake Flow,0.5
2026-09-07 13:58:50,Mono Basin,Walker Ck. Under Conduit Flow,2.0
2026-09-07 13:58:50,Mono Basin,Parker Ck. Under Conduit Flow,8.0
2026-09-07 13:58:50,Mono Basin,Parker Ck. Above Conduit Flow,9.0
2026-09-07 13:58:50,Mono Basin,Grant Lk. Spill Flow,0.0
2026-09-07 13:58:50,Mono Basin,Mono Gate 1 Return Ditch Flow,39.8
2026-09-07 13:58:50,Mono Basin,Grant Lk. Outflow,38.8
2026-09-07 13:58:50,Mono Basin,Rush Ck. at Damsite Flow,9.3
2026-09-07 13:58:50,Mono Basin,Flow to West Portal,0.0
2026-09-07 13:58:50,Long Valley,East Portal Flow,12.0
2026-09-07 13:58:50,Long Valley,OR Below EP Flow,57.0
2026-09-07 13:58:50,Long Valley,Hot Ck.at Hwy. Flow,6.0
2026-09-07 13:58:50,Long Valley,McGee Ck. Lower Sta. Flow,8.3
2026-09-07 13:58:50,Long Valley,Long Valley Current Outflow,571.9
2026-09-07 13:58:50,Long Valley,Rock Ck. Div. Flow,0.0
2026-09-07 13:58:50,Long Valley,Upper Gorge Total Release,34.8
2026-09-07 13:58:50,Long Valley,Release at Middle Gorge,0.0
2026-09-07 13:58:50,Northern Owens Valley,Rock Ck. At Owens River (PV) Flow,26.8
2026-09-07 13:58:50,Northern Owens Valley,Pleasant Valley Outflow,494.8
2026-09-07 13:58:50,Northern Owens Valley,Baker Ck. At LA Station Flow,6.4
2026-09-07 13:58:50,Northern Owens Valley,Big Pine Ck. USGS Flow,22.9
2026-09-07 13:58:50,Northern Owens Valley,O.R. Below Big Pine,481.3
2026-09-07 13:58:50,Northern Owens Valley,Fish Springs At RR Flow,29.4
2026-09-07 13:58:50,Northern Owens Valley,Tinemaha Reservoir Outflow,477.5
2026-09-07 13:58:50,Northern Owens Valley,Bishop Creek Through Plant 6,68.1
2026-09-07 13:58:50,Northern Owens Valley,Bishop Creek Around Plant 6,6.4
2026-09-07 13:58:50,Southern Owens Valley,Tinemaha Reservoir Outflow,477.5
2026-09-07 13:58:50,Southern Owens Valley,Indep. Ck. At Junction Flow,3.9
2026-09-07 13:58:50,Southern Owens Valley,LAA at Alabama Flow,424.0
2026-09-07 13:58:50,Southern Owens Valley,Cottonwood Ck. At LAA Flow,2.0
2026-09-07 13:58:50,Southern Owens Valley,LAA at Cottonwood Flow,459.0
2026-09-07 13:58:50,Southern Owens Valley,Haiwee LAA #1 Current Flow,0.0
2026-09-07 13:58:50,Southern Owens Valley,Haiwee LAA #2 Current Flow,146.9
2026-09-07 13:58:50,Southern Owens Valley,Reinhackel Flow,2.9
2026-09-07 13:58:50,Southern Owens Valley,Lubkin Spillgate Outflow,0.0
2026-09-07 13:58:50,Southern Owens Valley,Cartago Spillgate Outflow,0.0
2026-09-07 13:58:50,Southern Owens Valley,Lone Pine Creek Flow,8.1
2026-09-07 13:58:50,Lower Owens River Project,LORP Intake Flow,88.0
2026-09-07 13:58:50,Lower Owens River Project,LORP at Mazourka Canyon Road,0.0
2026-09-07 13:58:50,Lower Owens River Project,LORP at Reinhackle Springs,58.0
2026-09-07 13:58:50,Lower Owens River Project,LORP Above Pumpstation,48.0
2026-09-07 13:58:50,Lower Owens River Project,LORP At Pump Station Discharge Flow,38.0
2026-09-07 13:58:50,Southern District,Haiwee LAA #2 Current Flow,146.9
2026-09-07 13:58:50,Southern District,Haiwee LAA #1 Current Flow,0.0
2026-09-07 13:58:50,Southern District,LAA #1 Flow at Fairmont Reservoir,288.1
2026-09-07 13:58:50,Southern District,LAA #2 Flow at Fairmont Res.,169.6
2026-09-07 13:58:50,Southern District,Bouquet Reservoir Inflow,33.7
2026-09-07 13:58:50,Southern District,Bouquet Reservoir Outflow,0.7
2026-09-07 13:58:50,Southern District,LAA #1 at Soledad Flow,123.4
2026-09-07 13:58:50,Southern District,LAA #2 at Soledad Flow,241.2
2026-09-07 13:58:51,Mono Basin,Mono Lk. Elevation,6382.2
2026-09-07 13:58:51,Mono Basin,Grant Lk. Elevation,7128.7
2026-09-07 13:58:51,Long Valley,Long Valley Elevation,6769.2
2026-09-07 13:58:51,Northern Owens Valley,Pleasant Valley Elevation,4384.4
2026-09-07 13:58:51,Northern Owens Valley,Tinemaha Elevation,3861.6
2026-09-07 13:58:51,Southern Owens Valley,Tinemaha Elevation,3861.6
2026-09-07 13:58:51,Southern Owens Valley,LAA at Alabama Level,8.0
2026-09-07 13:58:51,Southern Owens Valley,LAA at Alabama Water Temp,65.8
2026-09-07 13:58:51,Southern Owens Valley,LAA at Cottonwood Level,8.9
2026-09-07 13:58:51,Southern Owens Valley,LAA at Cotton. Water Temp,67.4
2026-09-07 13:58:51,Southern Owens Valley,N. Haiwee Elevation,3757.2
2026-09-07 13:58:51,Southern Owens Valley,S. Haiwee Reservoir Elevation,3728.1
2026-09-07 13:58:51,Southern District,S. Haiwee Reservoir Elevation,3728.1
2026-09-07 13:58:51,Southern District,Fairmont Reservoir Elevation,3023.1
2026-09-07 13:58:51,Southern District,Bouquet Reservoir Elevation,2974.2
2026-09-07 14:13:51,Mono Basin,Lee Vining Intake Above Flow,22.7
2026-09-07 14:13:51,Mono Basin,Lee Vining Intake Below Flow,22.6
2026-09-07 14:13:51,Mono Basin,Mono Lk. Elevation,6382.2
2026-09-07 14:13:51,Mono Basin,Walker Ck. Above Conduit Flow,2.0
2026-09-07 14:13:51,Mono Basin,L.V. Conduit Below Intake Flow,0.5
2026-09-07 14:13:51,Mono Basin,Walker Ck. Under Conduit Flow,2.0
2026-09-07 14:13:51,Mono Basin,Parker Ck. Under Conduit Flow,8.0
2026-09-07 14:13:51,Mono Basin,Parker Ck. Above Conduit Flow,9.0
2026-09-07 14:13:51,Mono Basin,Grant Lk. Spill Flow,0.0
2026-09-07 14:13:51,Mono Basin,Mono Gate 1 Return Ditch Flow,39.8
2026-09-07 14:13:51,Mono Basin,Grant Lk. Elevation,7128.7
2026-09-07 14:13:51,Mono Basin,Grant Lk. Outflow,38.8
2026-09-07 14:13:51,Mono Basin,Rush Ck. at Damsite Flow,9.3
2026-09-07 14:13:51,Mono Basin,Flow to West Portal,0.0
2026-09-07 14:13:51,Long Valley,East Portal Flow,12.0
2026-09-07 14:13:51,Long Valley,OR Below EP Flow,57.0
2026-09-07 14:13:51,Long Valley,Hot Ck.at Hwy. Flow,6.0
2026-09-07 14:13:51,Long Valley,McGee Ck. Lower Sta. Flow,8.3
2026-09-07 14:13:51,Long Valley,Long Valley Elevation,6769.2
2026-09-07 14:13:51,Long Valley,Long Valley Current Outflow,571.9
2026-09-07 14:13:51,Long Valley,Rock Ck. Div. Flow,0.0
2026-09-07 14:13:51,Long Valley,Upper Gorge Total Release,34.7
2026-09-07 14:13:51,Long Valley,Release at Middle Gorge,0.0
2026-09-07 14:13:51,Northern Owens Valley,Rock Ck. At Owens River (PV) Flow,26.7
2026-09-07 14:13:51,Northern Owens Valley,Pleasant Valley Elevation,4384.5
2026-09-07 14:13:51,Northern Owens Valley,Pleasant Valley Outflow,495.0
2026-09-07 14:13:51,Northern Owens Valley,Baker Ck. At LA Station Flow,6.4
2026-09-07 14:13:51,Northern Owens Valley,Big Pine Ck. USGS Flow,22.9
2026-09-07 14:13:51,Northern Owens Valley,O.R. Below Big Pine,481.7
2026-09-07 14:13:51,Northern Owens Valley,Fish Springs At RR Flow,29.4
2026-09-07 14:13:51,Northern Owens Valley,Tinemaha Reservoir Outflow,477.5
2026-09-07 14:13:51,Northern Owens Valley,Bishop Creek Through Plant 6,68.1
2026-09-07 14:13:51,Northern Owens Valley,Bishop Creek Around Plant 6,6.4
2026-09-07 14:13:51,Southern Owens Valley,Tinemaha Reservoir Outflow,477.5
2026-09-07 14:13:51,Southern Owens Valley,Indep. Ck. At Junction Flow,3.9
2026-09-07 14:13:51,Southern Owens Valley,LAA at Alabama Flow,424.0
2026-09-07 14:13:51,Southern Owens Valley,LAA at Alabama Level,8.0
2026-09-07 14:13:51,Southern Owens Valley,LAA at Alabama Water Temp,66.2
2026-09-07 14:13:51,Southern Owens Valley,Cottonwood Ck. At LAA Flow,2.0
2026-09-07 14:13:51,Southern Owens Valley,LAA at Cottonwood Flow,459.0
2026-09-07 14:13:51,Southern Owens Valley,LAA at Cottonwood Level,8.9
2026-09-07 14:13:51,Southern Owens Valley,LAA at Cotton. Water Temp,67.5
2026-09-07 14:13:51,Southern Owens Valley,N. Haiwee Elevation,3757.2
2026-09-07 14:13:51,Southern Owens Valley,S. Haiwee Reservoir Elevation,3728.1
2026-09-07 14:13:51,Southern Owens Valley,Haiwee LAA #1 Current Flow,0.0
2026-09-07 14:13:51,Southern Owens Valley,Haiwee LAA #2 Current Flow,146.9
2026-09-07 14:13:51,Southern Owens Valley,Reinhackel Flow,2.9
2026-09-07 14:13:51,Southern Owens Valley,Lubkin Spillgate Outflow,0.0
2026-09-07 14:13:51,Southern Owens Valley,Cartago Spillgate Outflow,0.0
2026-09-07 14:13:51,Southern Owens Valley,Lone Pine Creek Flow,8.0
2026-09-07 14:13:51,Lower Owens River Project,LORP Intake Flow,88.0
2026-09-07 14:13:51,Lower Owens River Project,LORP at Mazourka Canyon Road,0.0
2026-09-07 14:13:51,Lower Owens River Project,LORP at Reinhackle Springs,58.0
2026-09-07 14:13:51,Lower Owens River Project,LORP Above Pumpstation,49.0
2026-09-07 14:13:51,Lower Owens River Project,LORP At Pump Station Discharge Flow,38.0
2026-09-07 14:13:51,Southern District,Haiwee LAA #2 Current Flow,146.9
2026-09-07 14:13:51,Southern District,S. Haiwee Reservoir Elevation,3728.1
2026-09-07 14:13:51,Southern District,Haiwee LAA #1 Current Flow,0.0
2026-09-07 14:13:51,Southern District,Fairmont Reservoir Elevation,3023.1
2026-09-07 14:13:51,Southern District,LAA #1 Flow at Fairmont Reservoir,289.3
2026-09-07 14:13:51,Southern District,LAA #2 Flow at Fairmont Res.,169.6
2026-09-07 14:13:51,Southern District,Bouquet Reservoir Elevation,2974.2
2026-09-07 14:13:51,Southern District,Bouquet Reservoir Inflow,35.4
2026-09-07 14:13:51,Southern District,Bouquet Reservoir Outflow,0.6
2026-09-07 14:13:51,Southern District,LAA #1 at Soledad Flow,123.4
2026-09-07 14:13:51,Southern District,LAA #2 at Soledad Flow,241.2
2026-09-07 14:28:51,Mono Basin,Lee Vining Intake Above Flow,22.7
2026-09-07 14:28:51,Mono Basin,Lee Vining Intake Below Flow,22.6
2026-09-07 14:28:51,Mono Basin,Mono Lk. Elevation,6382.2
2026-09-07 14:28:51,Mono Basin,Walker Ck. Above Conduit Flow,2.0
2026-09-07 14:28:51,Mono Basin,L.V. Conduit Below Intake Flow,0.5
2026-09-07 14:28:51,Mono Basin,Walker Ck. Under Conduit Flow,2.0
2026-09-07 14:28:51,Mono Basin,Parker Ck. Under Conduit Flow,8.0
2026-09-07 14:28:51,Mono Basin,Parker Ck. Above Conduit Flow,9.0
2026-09-07 14:28:51,Mono Basin,Grant Lk. Spill Flow,0.0
2026-09-07 14:28:51,Mono Basin,Mono Gate 1 Return Ditch Flow,40.0
2026-09-07 14:28:51,Mono Basin,Grant Lk. Elevation,7128.7
2026-09-07 14:28:51,Mono Basin,Grant Lk. Outflow,38.7
2026-09-07 14:28:51,Mono Basin,Rush Ck. at Damsite Flow,9.3
2026-09-07 14:28:51,Mono Basin,Flow to West Portal,0.0
2026-09-07 14:28:51,Long Valley,East Portal Flow,12.0
2026-09-07 14:28:51,Long Valley,OR Below EP Flow,57.0
2026-09-07 14:28:51,Long Valley,Hot Ck.at Hwy. Flow,6.0
2026-09-07 14:28:51,Long Valley,McGee Ck. Lower Sta. Flow,8.3
2026-09-07 14:28:51,Long Valley,Long Valley Elevation,6769.2
2026-09-07 14:28:51,Long Valley,Long Valley Current Outflow,571.1
2026-09-07 14:28:51,Long Valley,Rock Ck. Div. Flow,0.0
2026-09-07 14:28:51,Long Valley,Upper Gorge Total Release,34.1
2026-09-07 14:28:51,Long Valley,Release at Middle Gorge,0.0
2026-09-07 14:28:51,Northern Owens Valley,Rock Ck. At Owens River (PV) Flow,26.6
2026-09-07 14:28:51,Northern Owens Valley,Pleasant Valley Elevation,4384.5
2026-09-07 14:28:51,Northern Owens Valley,Pleasant Valley Outflow,494.9
2026-09-07 14:28:51,Northern Owens Valley,Baker Ck. At LA Station Flow,6.4
2026-09-07 14:28:51,Northern Owens Valley,Big Pine Ck. USGS Flow,22.9
2026-09-07 14:28:51,Northern Owens Valley,O.R. Below Big Pine,482.2
2026-09-07 14:28:51,Northern Owens Valley,Fish Springs At RR Flow,29.4
2026-09-07 14:28:51,Northern Owens Valley,Tinemaha Elevation,3861.6
2026-09-07 14:28:51,Northern Owens Valley,Tinemaha Reservoir Outflow,477.5
2026-09-07 14:28:51,Northern Owens Valley,Bishop Creek Through Plant 6,68.1
2026-09-07 14:28:51,Northern Owens Valley,Bishop Creek Around Plant 6,6.4
2026-09-07 14:28:51,Southern Owens Valley,Tinemaha Elevation,3861.6
2026-09-07 14:28:51,Southern Owens Valley,Tinemaha Reservoir Outflow,477.5
2026-09-07 14:28:51,Southern Owens Valley,Indep. Ck. At Junction Flow,3.9
2026-09-07 14:28:51,Southern Owens Valley,LAA at Alabama Flow,424.0
2026-09-07 14:28:51,Southern Owens Valley,LAA at Alabama Level,8.0
2026-09-07 14:28:51,Southern Owens Valley,LAA at Alabama Water Temp,66.2
2026-09-07 14:28:51,Southern Owens Valley,Cottonwood Ck. At LAA Flow,2.0
2026-09-07 14:28:51,Southern Owens Valley,LAA at Cottonwood Flow,459.0
2026-09-07 14:28:51,Southern Owens Valley,LAA at Cottonwood Level,8.9
2026-09-07 14:28:51,Southern Owens Valley,LAA at Cotton. Water Temp,67.5
2026-09-07 14:28:51,Southern Owens Valley,N. Haiwee Elevation,3757.2
2026-09-07 14:28:51,Southern Owens Valley,S. Haiwee Reservoir Elevation,3728.1
2026-09-07 14:28:51,Southern Owens Valley,Haiwee LAA #1 Current Flow,0.0
2026-09-07 14:28:51,Southern Owens Valley,Haiwee LAA #2 Current Flow,146.9
2026-09-07 14:28:51,Southern Owens Valley,Reinhackel Flow,2.9
2026-09-07 14:28:51,Southern Owens Valley,Lubkin Spillgate Outflow,0.0
2026-09-07 14:28:51,Southern Owens Valley,Cartago Spillgate Outflow,0.0
2026-09-07 14:28:51,Southern Owens Valley,Lone Pine Creek Flow,8.0
2026-09-07 14:28:51,Lower Owens River Project,LORP Intake Flow,88.0
2026-09-07 14:28:51,Lower Owens River Project,LORP at Mazourka Canyon Road,0.0
2026-09-07 14:28:51,Lower Owens River Project,LORP at Reinhackle Springs,57.0
2026-09-07 14:28:51,Lower Owens River Project,LORP Above Pumpstation,48.0
2026-09-07 14:28:51,Lower Owens River Project,LORP At Pump Station Discharge Flow,37.0
2026-09-07 14:28:51,Southern District,Haiwee LAA #2 Current Flow,146.9
2026-09-07 14:28:51,Southern District,S. Haiwee Reservoir Elevation,3728.1
2026-09-07 14:28:51,Southern District,Haiwee LAA #1 Current Flow,0.0
2026-09-07 14:28:51,Southern District,Fairmont Reservoir Elevation,3023.1
2026-09-07 14:28:51,Southern District,LAA #1 Flow at Fairmont Reservoir,302.7
2026-09-07 14:28:51,Southern District,LAA #2 Flow at Fairmont Res.,169.6
2026-09-07 14:28:51,Southern District,Bouquet Reservoir Elevation,2974.2
2026-09-07 14:28:51,Southern District,Bouquet Reservoir Inflow,36.2
2026-09-07 14:28:51,Southern District,Bouquet Reservoir Outflow,0.7
2026-09-07 14:28:51,Southern District,LAA #1 at Soledad Flow,123.4
2026-09-07 14:28:51,Southern District,LAA #2 at Soledad Flow,241.2
2026-09-07 14:43:53,Mono Basin,Lee Vining Intake Above Flow,22.6
2026-09-07 14:43:53,Mono Basin,Lee Vining Intake Below Flow,22.7
2026-09-07 14:43:53,Mono Basin,Walker Ck. Above Conduit Flow,2.0
2026-09-07 14:43:53,Mono Basin,L.V. Conduit Below Intake Flow,0.5
2026-09-07 14:43:53,Mono Basin,Walker Ck. Under Conduit Flow,2.0
2026-09-07 14:43:53,Mono Basin,Parker Ck. Under Conduit Flow,8.0
2026-09-07 14:43:53,Mono Basin,Parker Ck. Above Conduit Flow,9.0
2026-09-07 14:43:53,Mono Basin,Grant Lk. Spill Flow,0.0
2026-09-07 14:43:53,Mono Basin,Mono Gate 1 Return Ditch Flow,40.0
2026-09-07 14:43:53,Mono Basin,Grant Lk. Outflow,38.7
2026-09-07 14:43:53,Mono Basin,Rush Ck. at Damsite Flow,9.3
2026-09-07 14:43:53,Mono Basin,Flow to West Portal,0.0
2026-09-07 14:43:53,Long Valley,East Portal Flow,12.0
2026-09-07 14:43:53,Long Valley,OR Below EP Flow,56.0
2026-09-07 14:43:53,Long Valley,Hot Ck.at Hwy. Flow,6.0
2026-09-07 14:43:53,Long Valley,McGee Ck. Lower Sta. Flow,8.3
2026-09-07 14:43:53,Long Valley,Long Valley Current Outflow,571.1
2026-09-07 14:43:53,Long Valley,Rock Ck. Div. Flow,0.0
2026-09-07 14:43:53,Long Valley,Upper Gorge Total Release,36.1
2026-09-07 14:43:53,Long Valley,Release at Middle Gorge,0.0
2026-09-07 14:43:53,Northern Owens Valley,Rock Ck. At Owens River (PV) Flow,26.4
2026-09-07 14:43:53,Northern Owens Valley,Pleasant Valley Outflow,495.2
2026-09-07 14:43:53,Northern Owens Valley,Baker Ck. At LA Station Flow,6.4
2026-09-07 14:43:53,Northern Owens Valley,Big Pine Ck. USGS Flow,22.9
2026-09-07 14:43:53,Northern Owens Valley,O.R. Below Big Pine,481.9
2026-09-07 14:43:53,Northern Owens Valley,Fish Springs At RR Flow,29.4
2026-09-07 14:43:53,Northern Owens Valley,Tinemaha Reservoir Outflow,477.5
2026-09-07 14:43:53,Northern Owens Valley,Bishop Creek Through Plant 6,68.1
2026-09-07 14:43:53,Northern Owens Valley,Bishop Creek Around Plant 6,6.4
2026-09-07 14:43:53,Southern Owens Valley,Tinemaha Reservoir Outflow,477.5
2026-09-07 14:43:53,Southern Owens Valley,Indep. Ck. At Junction Flow,3.9
2026-09-07 14:43:53,Southern Owens Valley,LAA at Alabama Flow,424.0
2026-09-07 14:43:53,Southern Owens Valley,Cottonwood Ck. At LAA Flow,2.0
2026-09-07 14:43:53,Southern Owens Valley,LAA at Cottonwood Flow,461.0
2026-09-07 14:43:53,Southern Owens Valley,Haiwee LAA #1 Current Flow,0.0
2026-09-07 14:43:53,Southern Owens Valley,Haiwee LAA #2 Current Flow,146.9
2026-09-07 14:43:53,Southern Owens Valley,Reinhackel Flow,2.9
2026-09-07 14:43:53,Southern Owens Valley,Lubkin Spillgate Outflow,0.0
2026-09-07 14:43:53,Southern Owens Valley,Cartago Spillgate Outflow,0.0
2026-09-07 14:43:53,Southern Owens Valley,Lone Pine Creek Flow,8.0
2026-09-07 14:43:53,Lower Owens River Project,LORP Intake Flow,87.0
2026-09-07 14:43:53,Lower Owens River Project,LORP at Mazourka Canyon Road,0.0
2026-09-07 14:43:53,Lower Owens River Project,LORP at Reinhackle Springs,57.0
2026-09-07 14:43:53,Lower Owens River Project,LORP Above Pumpstation,49.0
2026-09-07 14:43:53,Lower Owens River Project,LORP At Pump Station Discharge Flow,38.0
2026-09-07 14:43:53,Southern District,Haiwee LAA #2 Current Flow,146.9
2026-09-07 14:43:53,Southern District,Haiwee LAA #1 Current Flow,0.0
2026-09-07 14:43:53,Southern District,LAA #1 Flow at Fairmont Reservoir,301.7
2026-09-07 14:43:53,Southern District,LAA #2 Flow at Fairmont Res.,169.6
2026-09-07 14:43:53,Southern District,Bouquet Reservoir Inflow,32.6
2026-09-07 14:43:53,Southern District,Bouquet Reservoir Outflow,0.7
2026-09-07 14:43:53,Southern District,LAA #1 at Soledad Flow,123.4
2026-09-07 14:43:53,Southern District,LAA #2 at Soledad Flow,241.2
2026-09-07 14:43:54,Mono Basin,Mono Lk. Elevation,6382.2
2026-09-07 14:43:54,Mono Basin,Grant Lk. Elevation,7128.7
2026-09-07 14:43:54,Long Valley,Long Valley Elevation,6769.2
2026-09-07 14:43:54,Northern Owens Valley,Pleasant Valley Elevation,4384.5
2026-09-07 14:43:54,Southern Owens Valley,LAA at Alabama Level,8.0
2026-09-07 14:43:54,Southern Owens Valley,LAA at Alabama Water Temp,66.2
2026-09-07 14:43:54,Southern Owens Valley,LAA at Cottonwood Level,8.9
2026-09-07 14:43:54,Southern Owens Valley,LAA at Cotton. Water Temp,67.9
2026-09-07 14:43:54,Southern Owens Valley,N. Haiwee Elevation,3757.2
2026-09-07 14:43:54,Southern Owens Valley,S. Haiwee Reservoir Elevation,3728.0
2026-09-07 14:43:54,Southern District,S. Haiwee Reservoir Elevation,3728.0
2026-09-07 14:43:54,Southern District,Fairmont Reservoir Elevation,3023.1
2026-09-07 14:43:54,Southern District,Bouquet Reservoir Elevation,2974.2
2026-09-07 14:58:51,Mono Basin,Lee Vining Intake Above Flow,22.6
2026-09-07 14:58:51,Mono Basin,Lee Vining Intake Below Flow,22.7
2026-09-07 14:58:51,Mono Basin,Walker Ck. Above Conduit Flow,2.0
2026-09-07 14:58:51,Mono Basin,L.V. Conduit Below Intake Flow,0.5
2026-09-07 14:58:51,Mono Basin,Walker Ck. Under Conduit Flow,2.0
2026-09-07 14:58:51,Mono Basin,Parker Ck. Under Conduit Flow,8.0
2026-09-07 14:58:51,Mono Basin,Parker Ck. Above Conduit Flow,9.0
2026-09-07 14:58:51,Mono Basin,Grant Lk. Spill Flow,0.0
2026-09-07 14:58:51,Mono Basin,Mono Gate 1 Return Ditch Flow,40.0
2026-09-07 14:58:51,Mono Basin,Grant Lk. Outflow,38.7
2026-09-07 14:58:51,Mono Basin,Rush Ck. at Damsite Flow,9.3
2026-09-07 14:58:51,Mono Basin,Flow to West Portal,0.0
2026-09-07 14:58:51,Long Valley,East Portal Flow,12.0
2026-09-07 14:58:51,Long Valley,OR Below EP Flow,56.0
2026-09-07 14:58:51,Long Valley,Hot Ck.at Hwy. Flow,6.0
2026-09-07 14:58:51,Long Valley,McGee Ck. Lower Sta. Flow,8.3
2026-09-07 14:58:51,Long Valley,Long Valley Current Outflow,571.1
2026-09-07 14:58:51,Long Valley,Rock Ck. Div. Flow,0.0
2026-09-07 14:58:51,Long Valley,Upper Gorge Total Release,34.9
2026-09-07 14:58:51,Long Valley,Release at Middle Gorge,0.0
2026-09-07 14:58:51,Northern Owens Valley,Rock Ck. At Owens River (PV) Flow,26.4
2026-09-07 14:58:51,Northern Owens Valley,Pleasant Valley Outflow,494.9
2026-09-07 14:58:51,Northern Owens Valley,Baker Ck. At LA Station Flow,6.3
2026-09-07 14:58:51,Northern Owens Valley,Big Pine Ck. USGS Flow,22.9
2026-09-07 14:58:51,Northern Owens Valley,O.R. Below Big Pine,481.6
2026-09-07 14:58:51,Northern Owens Valley,Fish Springs At RR Flow,29.4
2026-09-07 14:58:51,Northern Owens Valley,Tinemaha Reservoir Outflow,477.5
2026-09-07 14:58:51,Northern Owens Valley,Bishop Creek Through Plant 6,68.1
2026-09-07 14:58:51,Northern Owens Valley,Bishop Creek Around Plant 6,6.4
2026-09-07 14:58:51,Southern Owens Valley,Tinemaha Reservoir Outflow,477.5
2026-09-07 14:58:51,Southern Owens Valley,Indep. Ck. At Junction Flow,3.9
2026-09-07 14:58:51,Southern Owens Valley,LAA at Alabama Flow,424.0
2026-09-07 14:58:51,Southern Owens Valley,Cottonwood Ck. At LAA Flow,2.0
2026-09-07 14:58:51,Southern Owens Valley,LAA at Cottonwood Flow,461.0
2026-09-07 14:58:51,Southern Owens Valley,Haiwee LAA #1 Current Flow,0.0
2026-09-07 14:58:51,Southern Owens Valley,Haiwee LAA #2 Current Flow,146.9
2026-09-07 14:58:51,Southern Owens Valley,Reinhackel Flow,2.9
2026-09-07 14:58:51,Southern Owens Valley,Lubkin Spillgate Outflow,0.0
2026-09-07 14:58:51,Southern Owens Valley,Cartago Spillgate Outflow,0.0
2026-09-07 14:58:51,Southern Owens Valley,Lone Pine Creek Flow,8.0
2026-09-07 14:58:51,Lower Owens River Project,LORP Intake Flow,87.0
2026-09-07 14:58:51,Lower Owens River Project,LORP at Mazourka Canyon Road,0.0
2026-09-07 14:58:51,Lower Owens River Project,LORP at Reinhackle Springs,57.0
2026-09-07 14:58:51,Lower Owens River Project,LORP Above Pumpstation,48.0
2026-09-07 14:58:51,Lower Owens River Project,LORP At Pump Station Discharge Flow,37.0
2026-09-07 14:58:51,Southern District,Haiwee LAA #2 Current Flow,146.9
2026-09-07 14:58:51,Southern District,Haiwee LAA #1 Current Flow,0.0
2026-09-07 14:58:51,Southern District,LAA #1 Flow at Fairmont Reservoir,300.5
2026-09-07 14:58:51,Southern District,LAA #2 Flow at Fairmont Res.,169.7
2026-09-07 14:58:51,Southern District,Bouquet Reservoir Inflow,32.6
2026-09-07 14:58:51,Southern District,Bouquet Reservoir Outflow,0.7
2026-09-07 14:58:51,Southern District,LAA #1 at Soledad Flow,123.4
2026-09-07 14:58:51,Southern District,LAA #2 at Soledad Flow,241.2
2026-09-07 14:58:52,Mono Basin,Mono Lk. Elevation,6382.2
2026-09-07 14:58:52,Mono Basin,Grant Lk. Elevation,7128.7
2026-09-07 14:58:52,Long Valley,Long Valley Elevation,6769.2
2026-09-07 14:58:52,Northern Owens Valley,Pleasant Valley Elevation,4384.5
2026-09-07 14:58:52,Northern Owens Valley,Tinemaha Elevation,3861.6
2026-09-07 14:58:52,Southern Owens Valley,Tinemaha Elevation,3861.6
2026-09-07 14:58:52,Southern Owens Valley,LAA at Alabama Level,8.0
2026-09-07 14:58:52,Southern Owens Valley,LAA at Alabama Water Temp,66.2
2026-09-07 14:58:52,Southern Owens Valley,LAA at Cottonwood Level,8.9
2026-09-07 14:58:52,Southern Owens Valley,LAA at Cotton. Water Temp,67.9
2026-09-07 14:58:52,Southern Owens Valley,N. Haiwee Elevation,3757.2
2026-09-07 14:58:52,Southern Owens Valley,S. Haiwee Reservoir Elevation,3728.0
2026-09-07 14:58:52,Southern District,S. Haiwee Reservoir Elevation,3728.0
2026-09-07 14:58:52,Southern District,Fairmont Reservoir Elevation,3023.1
2026-09-07 14:58:52,Southern District,Bouquet Reservoir Elevation,2974.2
2026-09-07 15:13:51,Mono Basin,Lee Vining Intake Above Flow,22.9
2026-09-07 15:13:51,Mono Basin,Lee Vining Intake Below Flow,27.3
2026-09-07 15:13:51,Mono Basin,Mono Lk. Elevation,6382.2
2026-09-07 15:13:51,Mono Basin,Walker Ck. Above Conduit Flow,2.0
2026-09-07 15:13:51,Mono Basin,L.V. Conduit Below Intake Flow,0.5
2026-09-07 15:13:51,Mono Basin,Walker Ck. Under Conduit Flow,2.0
2026-09-07 15:13:51,Mono Basin,Parker Ck. Under Conduit Flow,8.0
2026-09-07 15:13:51,Mono Basin,Parker Ck. Above Conduit Flow,9.0
2026-09-07 15:13:51,Mono Basin,Grant Lk. Spill Flow,0.0
2026-09-07 15:13:51,Mono Basin,Mono Gate 1 Return Ditch Flow,40.0
2026-09-07 15:13:51,Mono Basin,Grant Lk. Elevation,7128.7
2026-09-07 15:13:51,Mono Basin,Grant Lk. Outflow,38.7
2026-09-07 15:13:51,Mono Basin,Rush Ck. at Damsite Flow,9.3
2026-09-07 15:13:51,Mono Basin,Flow to West Portal,0.0
2026-09-07 15:13:51,Long Valley,East Portal Flow,12.0
2026-09-07 15:13:51,Long Valley,OR Below EP Flow,56.0
2026-09-07 15:13:51,Long Valley,Hot Ck.at Hwy. Flow,6.0
2026-09-07 15:13:51,Long Valley,McGee Ck. Lower Sta. Flow,8.1
2026-09-07 15:13:51,Long Valley,Long Valley Elevation,6769.2
2026-09-07 15:13:51,Long Valley,Long Valley Current Outflow,571.1
2026-09-07 15:13:51,Long Valley,Rock Ck. Div. Flow,0.0
2026-09-07 15:13:51,Long Valley,Upper Gorge Total Release,34.8
2026-09-07 15:13:51,Long Valley,Release at Middle Gorge,0.0
2026-09-07 15:13:51,Northern Owens Valley,Rock Ck. At Owens River (PV) Flow,26.3
2026-09-07 15:13:51,Northern Owens Valley,Pleasant Valley Elevation,4384.6
2026-09-07 15:13:51,Northern Owens Valley,Pleasant Valley Outflow,495.1
2026-09-07 15:13:51,Northern Owens Valley,Baker Ck. At LA Station Flow,6.3
2026-09-07 15:13:51,Northern Owens Valley,Big Pine Ck. USGS Flow,22.9
2026-09-07 15:13:51,Northern Owens Valley,O.R. Below Big Pine,481.6
2026-09-07 15:13:51,Northern Owens Valley,Fish Springs At RR Flow,29.4
2026-09-07 15:13:51,Northern Owens Valley,Tinemaha Reservoir Outflow,477.5
2026-09-07 15:13:51,Northern Owens Valley,Bishop Creek Through Plant 6,68.1
2026-09-07 15:13:51,Northern Owens Valley,Bishop Creek Around Plant 6,6.4
2026-09-07 15:13:51,Southern Owens Valley,Tinemaha Reservoir Outflow,477.5
2026-09-07 15:13:51,Southern Owens Valley,Indep. Ck. At Junction Flow,3.9
2026-09-07 15:13:51,Southern Owens Valley,LAA at Alabama Flow,424.0
2026-09-07 15:13:51,Southern Owens Valley,LAA at Alabama Level,8.0
2026-09-07 15:13:51,Southern Owens Valley,LAA at Alabama Water Temp,66.8
2026-09-07 15:13:51,Southern Owens Valley,Cottonwood Ck. At LAA Flow,2.0
2026-09-07 15:13:51,Southern Owens Valley,LAA at Cottonwood Flow,461.0
2026-09-07 15:13:51,Southern Owens Valley,LAA at Cottonwood Level,8.9
2026-09-07 15:13:51,Southern Owens Valley,LAA at Cotton. Water Temp,68.1
2026-09-07 15:13:51,Southern Owens Valley,N. Haiwee Elevation,3757.2
2026-09-07 15:13:51,Southern Owens Valley,S. Haiwee Reservoir Elevation,3728.0
2026-09-07 15:13:51,Southern Owens Valley,Haiwee LAA #1 Current Flow,0.0
2026-09-07 15:13:51,Southern Owens Valley,Haiwee LAA #2 Current Flow,146.9
2026-09-07 15:13:51,Southern Owens Valley,Reinhackel Flow,2.9
2026-09-07 15:13:51,Southern Owens Valley,Lubkin Spillgate Outflow,0.0
2026-09-07 15:13:51,Southern Owens Valley,Cartago Spillgate Outflow,0.0
2026-09-07 15:13:51,Southern Owens Valley,Lone Pine Creek Flow,7.9
2026-09-07 15:13:51,Lower Owens River Project,LORP Intake Flow,87.0
2026-09-07 15:13:51,Lower Owens River Project,LORP at Mazourka Canyon Road,0.0
2026-09-07 15:13:51,Lower Owens River Project,LORP at Reinhackle Springs,57.0
2026-09-07 15:13:51,Lower Owens River Project,LORP Above Pumpstation,49.0
2026-09-07 15:13:51,Lower Owens River Project,LORP At Pump Station Discharge Flow,38.0
2026-09-07 15:13:51,Southern District,Haiwee LAA #2 Current Flow,146.9
2026-09-07 15:13:51,Southern District,S. Haiwee Reservoir Elevation,3728.0
2026-09-07 15:13:51,Southern District,Haiwee LAA #1 Current Flow,0.0
2026-09-07 15:13:51,Southern District,Fairmont Reservoir Elevation,3023.1
2026-09-07 15:13:51,Southern District,LAA #1 Flow at Fairmont Reservoir,293.8
2026-09-07 15:13:51,Southern District,LAA #2 Flow at Fairmont Res.,169.7
2026-09-07 15:13:51,Southern District,Bouquet Reservoir Elevation,2974.2
2026-09-07 15:13:51,Southern District,Bouquet Reservoir Inflow,36.8
2026-09-07 15:13:51,Southern District,Bouquet Reservoir Outflow,0.7
2026-09-07 15:13:51,Southern District,LAA #1 at Soledad Flow,123.4
2026-09-07 15:13:51,Southern District,LAA #2 at Soledad Flow,241.2
2026-09-07 15:28:50,Mono Basin,Lee Vining Intake Above Flow,22.9
2026-09-07 15:28:50,Mono Basin,Lee Vining Intake Below Flow,27.3
2026-09-07 15:28:50,Mono Basin,Walker Ck. Above Conduit Flow,2.0
2026-09-07 15:28:50,Mono Basin,L.V. Conduit Below Intake Flow,0.5
2026-09-07 15:28:50,Mono Basin,Walker Ck. Under Conduit Flow,2.0
2026-09-07 15:28:50,Mono Basin,Parker Ck. Under Conduit Flow,8.0
2026-09-07 15:28:50,Mono Basin,Parker Ck. Above Conduit Flow,9.0
2026-09-07 15:28:50,Mono Basin,Grant Lk. Spill Flow,0.0
2026-09-07 15:28:50,Mono Basin,Mono Gate 1 Return Ditch Flow,39.9
2026-09-07 15:28:50,Mono Basin,Grant Lk. Outflow,38.8
2026-09-07 15:28:50,Mono Basin,Rush Ck. at Damsite Flow,8.7
2026-09-07 15:28:50,Mono Basin,Flow to West Portal,0.0
2026-09-07 15:28:50,Long Valley,East Portal Flow,12.0
2026-09-07 15:28:50,Long Valley,OR Below EP Flow,56.0
2026-09-07 15:28:50,Long Valley,Hot Ck.at Hwy. Flow,6.0
2026-09-07 15:28:50,Long Valley,McGee Ck. Lower Sta. Flow,8.1
2026-09-07 15:28:50,Long Valley,Long Valley Current Outflow,570.8
2026-09-07 15:28:50,Long Valley,Rock Ck. Div. Flow,0.0
2026-09-07 15:28:50,Long Valley,Upper Gorge Total Release,35.5
2026-09-07 15:28:50,Long Valley,Release at Middle Gorge,0.0
2026-09-07 15:28:50,Northern Owens Valley,Rock Ck. At Owens River (PV) Flow,26.2
2026-09-07 15:28:50,Northern Owens Valley,Pleasant Valley Outflow,495.1
2026-09-07 15:28:50,Northern Owens Valley,Baker Ck. At LA Station Flow,6.3
2026-09-07 15:28:50,Northern Owens Valley,Big Pine Ck. USGS Flow,22.9
2026-09-07 15:28:50,Northern Owens Valley,O.R. Below Big Pine,480.6
2026-09-07 15:28:50,Northern Owens Valley,Fish Springs At RR Flow,29.4
2026-09-07 15:28:50,Northern Owens Valley,Tinemaha Reservoir Outflow,477.5
2026-09-07 15:28:50,Northern Owens Valley,Bishop Creek Through Plant 6,68.1
2026-09-07 15:28:50,Northern Owens Valley,Bishop Creek Around Plant 6,6.4
2026-09-07 15:28:50,Southern Owens Valley,Tinemaha Reservoir Outflow,477.5
2026-09-07 15:28:50,Southern Owens Valley,Indep. Ck. At Junction Flow,3.9
2026-09-07 15:28:50,Southern Owens Valley,LAA at Alabama Flow,424.0
2026-09-07 15:28:50,Southern Owens Valley,LAA at Alabama Level,8.0
2026-09-07 15:28:50,Southern Owens Valley,LAA at Alabama Water Temp,66.8
2026-09-07 15:28:50,Southern Owens Valley,Cottonwood Ck. At LAA Flow,2.0
2026-09-07 15:28:50,Southern Owens Valley,LAA at Cottonwood Flow,461.0
2026-09-07 15:28:50,Southern Owens Valley,LAA at Cottonwood Level,8.9
2026-09-07 15:28:50,Southern Owens Valley,LAA at Cotton. Water Temp,68.1
2026-09-07 15:28:50,Southern Owens Valley,Haiwee LAA #1 Current Flow,0.0
2026-09-07 15:28:50,Southern Owens Valley,Haiwee LAA #2 Current Flow,146.9
2026-09-07 15:28:50,Southern Owens Valley,Reinhackel Flow,2.9
2026-09-07 15:28:50,Southern Owens Valley,Lubkin Spillgate Outflow,0.0
2026-09-07 15:28:50,Southern Owens Valley,Cartago Spillgate Outflow,0.0
2026-09-07 15:28:50,Southern Owens Valley,Lone Pine Creek Flow,7.9
2026-09-07 15:28:50,Lower Owens River Project,LORP Intake Flow,87.0
2026-09-07 15:28:50,Lower Owens River Project,LORP at Mazourka Canyon Road,0.0
2026-09-07 15:28:50,Lower Owens River Project,LORP at Reinhackle Springs,60.0
2026-09-07 15:28:50,Lower Owens River Project,LORP Above Pumpstation,48.0
2026-09-07 15:28:50,Lower Owens River Project,LORP At Pump Station Discharge Flow,37.0
2026-09-07 15:28:50,Southern District,Haiwee LAA #2 Current Flow,146.9
2026-09-07 15:28:50,Southern District,Haiwee LAA #1 Current Flow,0.0
2026-09-07 15:28:50,Southern District,LAA #1 Flow at Fairmont Reservoir,283.7
2026-09-07 15:28:50,Southern District,LAA #2 Flow at Fairmont Res.,169.7
2026-09-07 15:28:50,Southern District,Bouquet Reservoir Inflow,35.7
2026-09-07 15:28:50,Southern District,Bouquet Reservoir Outflow,0.7
2026-09-07 15:28:50,Southern District,LAA #1 at Soledad Flow,123.4
2026-09-07 15:28:50,Southern District,LAA #2 at Soledad Flow,241.2
2026-09-07 15:28:51,Mono Basin,Mono Lk. Elevation,6382.2
2026-09-07 15:28:51,Mono Basin,Grant Lk. Elevation,7128.7
2026-09-07 15:28:51,Long Valley,Long Valley Elevation,6769.2
2026-09-07 15:28:51,Northern Owens Valley,Pleasant Valley Elevation,4384.6
2026-09-07 15:28:51,Northern Owens Valley,Tinemaha Elevation,3861.6
2026-09-07 15:28:51,Southern Owens Valley,Tinemaha Elevation,3861.6
2026-09-07 15:28:51,Southern Owens Valley,N. Haiwee Elevation,3757.2
2026-09-07 15:28:51,Southern Owens Valley,S. Haiwee Reservoir Elevation,3728.0
2026-09-07 15:28:51,Southern District,S. Haiwee Reservoir Elevation,3728.0
2026-09-07 15:28:51,Southern District,Fairmont Reservoir Elevation,3023.1
2026-09-07 15:28:51,Southern District,Bouquet Reservoir Elevation,2974.2
2026-09-07 15:43:52,Mono Basin,Lee Vining Intake Above Flow,23.2
2026-09-07 15:43:52,Mono Basin,Lee Vining Intake Below Flow,25.5
2026-09-07 15:43:52,Mono Basin,Walker Ck. Above Conduit Flow,2.0
2026-09-07 15:43:52,Mono Basin,L.V. Conduit Below Intake Flow,0.5
2026-09-07 15:43:52,Mono Basin,Walker Ck. Under Conduit Flow,2.0
2026-09-07 15:43:52,Mono Basin,Parker Ck. Under Conduit Flow,8.0
2026-09-07 15:43:52,Mono Basin,Parker Ck. Above Conduit Flow,9.0
2026-09-07 15:43:52,Mono Basin,Grant Lk. Spill Flow,0.0
2026-09-07 15:43:52,Mono Basin,Mono Gate 1 Return Ditch Flow,39.9
2026-09-07 15:43:52,Mono Basin,Grant Lk. Outflow,38.8
2026-09-07 15:43:52,Mono Basin,Rush Ck. at Damsite Flow,8.7
2026-09-07 15:43:52,Mono Basin,Flow to West Portal,0.0
2026-09-07 15:43:52,Long Valley,East Portal Flow,12.0
2026-09-07 15:43:52,Long Valley,OR Below EP Flow,56.0
2026-09-07 15:43:52,Long Valley,Hot Ck.at Hwy. Flow,6.0
2026-09-07 15:43:52,Long Valley,McGee Ck. Lower Sta. Flow,8.1
2026-09-07 15:43:52,Long Valley,Long Valley Current Outflow,570.8
2026-09-07 15:43:52,Long Valley,Rock Ck. Div. Flow,0.0
2026-09-07 15:43:52,Long Valley,Upper Gorge Total Release,35.0
2026-09-07 15:43:52,Long Valley,Release at Middle Gorge,0.0
2026-09-07 15:43:52,Northern Owens Valley,Rock Ck. At Owens River (PV) Flow,26.1
2026-09-07 15:43:52,Northern Owens Valley,Pleasant Valley Outflow,495.0
2026-09-07 15:43:52,Northern Owens Valley,Baker Ck. At LA Station Flow,6.3
2026-09-07 15:43:52,Northern Owens Valley,Big Pine Ck. USGS Flow,22.4
2026-09-07 15:43:52,Northern Owens Valley,O.R. Below Big Pine,480.7
2026-09-07 15:43:52,Northern Owens Valley,Fish Springs At RR Flow,29.4
2026-09-07 15:43:52,Northern Owens Valley,Tinemaha Reservoir Outflow,477.5
2026-09-07 15:43:52,Northern Owens Valley,Bishop Creek Through Plant 6,68.0
2026-09-07 15:43:52,Northern Owens Valley,Bishop Creek Around Plant 6,6.5
2026-09-07 15:43:52,Southern Owens Valley,Tinemaha Reservoir Outflow,477.5
2026-09-07 15:43:52,Southern Owens Valley,Indep. Ck. At Junction Flow,3.9
2026-09-07 15:43:52,Southern Owens Valley,LAA at Alabama Flow,424.0
2026-09-07 15:43:52,Southern Owens Valley,Cottonwood Ck. At LAA Flow,2.0
2026-09-07 15:43:52,Southern Owens Valley,LAA at Cottonwood Flow,462.0
2026-09-07 15:43:52,Southern Owens Valley,Haiwee LAA #1 Current Flow,0.0
2026-09-07 15:43:52,Southern Owens Valley,Haiwee LAA #2 Current Flow,146.9
2026-09-07 15:43:52,Southern Owens Valley,Reinhackel Flow,2.9
2026-09-07 15:43:52,Southern Owens Valley,Lubkin Spillgate Outflow,0.0
2026-09-07 15:43:52,Southern Owens Valley,Cartago Spillgate Outflow,0.0
2026-09-07 15:43:52,Southern Owens Valley,Lone Pine Creek Flow,7.8
2026-09-07 15:43:52,Lower Owens River Project,LORP Intake Flow,87.0
2026-09-07 15:43:52,Lower Owens River Project,LORP at Mazourka Canyon Road,0.0
2026-09-07 15:43:52,Lower Owens River Project,LORP at Reinhackle Springs,60.0
2026-09-07 15:43:52,Lower Owens River Project,LORP Above Pumpstation,49.0
2026-09-07 15:43:52,Lower Owens River Project,LORP At Pump Station Discharge Flow,38.0
2026-09-07 15:43:52,Southern District,Haiwee LAA #2 Current Flow,146.9
2026-09-07 15:43:52,Southern District,Haiwee LAA #1 Current Flow,0.0
2026-09-07 15:43:52,Southern District,LAA #1 Flow at Fairmont Reservoir,309.4
2026-09-07 15:43:52,Southern District,LAA #2 Flow at Fairmont Res.,169.7
2026-09-07 15:43:52,Southern District,Bouquet Reservoir Inflow,30.7
2026-09-07 15:43:52,Southern District,Bouquet Reservoir Outflow,0.7
2026-09-07 15:43:52,Southern District,LAA #1 at Soledad Flow,123.4
2026-09-07 15:43:52,Southern District,LAA #2 at Soledad Flow,241.2
2026-09-07 15:43:53,Mono Basin,Mono Lk. Elevation,6382.2
2026-09-07 15:43:53,Mono Basin,Grant Lk. Elevation,7128.7
2026-09-07 15:43:53,Long Valley,Long Valley Elevation,6769.2
2026-09-07 15:43:53,Northern Owens Valley,Pleasant Valley Elevation,4384.6
2026-09-07 15:43:53,Southern Owens Valley,LAA at Alabama Level,8.0
2026-09-07 15:43:53,Southern Owens Valley,LAA at Alabama Water Temp,66.8
2026-09-07 15:43:53,Southern Owens Valley,LAA at Cottonwood Level,9.0
2026-09-07 15:43:53,Southern Owens Valley,LAA at Cotton. Water Temp,68.2
2026-09-07 15:43:53,Southern Owens Valley,N. Haiwee Elevation,3757.2
2026-09-07 15:43:53,Southern Owens Valley,S. Haiwee Reservoir Elevation,3728.1
2026-09-07 15:43:53,Southern District,S. Haiwee Reservoir Elevation,3728.1
2026-09-07 15:43:53,Southern District,Fairmont Reservoir Elevation,3023.1
2026-09-07 15:43:53,Southern District,Bouquet Reservoir Elevation,2974.2
2026-09-07 15:58:51,Mono Basin,Lee Vining Intake Above Flow,23.2
2026-09-07 15:58:51,Mono Basin,Lee Vining Intake Below Flow,25.5
2026-09-07 15:58:51,Mono Basin,Mono Lk. Elevation,6382.2
2026-09-07 15:58:51,Mono Basin,Walker Ck. Above Conduit Flow,2.0
2026-09-07 15:58:51,Mono Basin,L.V. Conduit Below Intake Flow,0.5
2026-09-07 15:58:51,Mono Basin,Walker Ck. Under Conduit Flow,2.0
2026-09-07 15:58:51,Mono Basin,Parker Ck. Under Conduit Flow,8.0
2026-09-07 15:58:51,Mono Basin,Parker Ck. Above Conduit Flow,9.0
2026-09-07 15:58:51,Mono Basin,Grant Lk. Spill Flow,0.0
2026-09-07 15:58:51,Mono Basin,Mono Gate 1 Return Ditch Flow,39.9
2026-09-07 15:58:51,Mono Basin,Grant Lk. Elevation,7128.7
2026-09-07 15:58:51,Mono Basin,Grant Lk. Outflow,38.8
2026-09-07 15:58:51,Mono Basin,Rush Ck. at Damsite Flow,8.7
2026-09-07 15:58:51,Mono Basin,Flow to West Portal,0.0
2026-09-07 15:58:51,Long Valley,East Portal Flow,12.0
2026-09-07 15:58:51,Long Valley,OR Below EP Flow,56.0
2026-09-07 15:58:51,Long Valley,Hot Ck.at Hwy. Flow,6.0
2026-09-07 15:58:51,Long Valley,McGee Ck. Lower Sta. Flow,8.1
2026-09-07 15:58:51,Long Valley,Long Valley Elevation,6769.2
2026-09-07 15:58:51,Long Valley,Long Valley Current Outflow,570.8
2026-09-07 15:58:51,Long Valley,Rock Ck. Div. Flow,0.0
2026-09-07 15:58:51,Long Valley,Upper Gorge Total Release,34.5
2026-09-07 15:58:51,Long Valley,Release at Middle Gorge,0.0
2026-09-07 15:58:51,Northern Owens Valley,Rock Ck. At Owens River (PV) Flow,26.0
2026-09-07 15:58:51,Northern Owens Valley,Pleasant Valley Elevation,4384.6
2026-09-07 15:58:51,Northern Owens Valley,Pleasant Valley Outflow,495.2
2026-09-07 15:58:51,Northern Owens Valley,Baker Ck. At LA Station Flow,6.3
2026-09-07 15:58:51,Northern Owens Valley,Big Pine Ck. USGS Flow,22.4
2026-09-07 15:58:51,Northern Owens Valley,O.R. Below Big Pine,480.2
2026-09-07 15:58:51,Northern Owens Valley,Fish Springs At RR Flow,29.4
2026-09-07 15:58:51,Northern Owens Valley,Tinemaha Elevation,3861.6
2026-09-07 15:58:51,Northern Owens Valley,Tinemaha Reservoir Outflow,477.5
2026-09-07 15:58:51,Northern Owens Valley,Bishop Creek Through Plant 6,68.0
2026-09-07 15:58:51,Northern Owens Valley,Bishop Creek Around Plant 6,6.5
2026-09-07 15:58:51,Southern Owens Valley,Tinemaha Elevation,3861.6
2026-09-07 15:58:51,Southern Owens Valley,Tinemaha Reservoir Outflow,477.5
2026-09-07 15:58:51,Southern Owens Valley,Indep. Ck. At Junction Flow,3.9
2026-09-07 15:58:51,Southern Owens Valley,LAA at Alabama Flow,424.0
2026-09-07 15:58:51,Southern Owens Valley,LAA at Alabama Level,8.0
2026-09-07 15:58:51,Southern Owens Valley,LAA at Alabama Water Temp,66.8
2026-09-07 15:58:51,Southern Owens Valley,Cottonwood Ck. At LAA Flow,2.0
2026-09-07 15:58:51,Southern Owens Valley,LAA at Cottonwood Flow,462.0
2026-09-07 15:58:51,Southern Owens Valley,LAA at Cottonwood Level,9.0
2026-09-07 15:58:51,Southern Owens Valley,LAA at Cotton. Water Temp,68.2
2026-09-07 15:58:51,Southern Owens Valley,N. Haiwee Elevation,3757.2
2026-09-07 15:58:51,Southern Owens Valley,S. Haiwee Reservoir Elevation,3728.1
2026-09-07 15:58:51,Southern Owens Valley,Haiwee LAA #1 Current Flow,0.0
2026-09-07 15:58:51,Southern Owens Valley,Haiwee LAA #2 Current Flow,146.9
2026-09-07 15:58:51,Southern Owens Valley,Reinhackel Flow,2.9
2026-09-07 15:58:51,Southern Owens Valley,Lubkin Spillgate Outflow,0.0
2026-09-07 15:58:51,Southern Owens Valley,Cartago Spillgate Outflow,0.0
2026-09-07 15:58:51,Southern Owens Valley,Lone Pine Creek Flow,7.8
2026-09-07 15:58:51,Lower Owens River Project,LORP Intake Flow,87.0
2026-09-07 15:58:51,Lower Owens River Project,LORP at Mazourka Canyon Road,0.0
2026-09-07 15:58:51,Lower Owens River Project,LORP at Reinhackle Springs,60.0
2026-09-07 15:58:51,Lower Owens River Project,LORP Above Pumpstation,48.0
2026-09-07 15:58:51,Lower Owens River Project,LORP At Pump Station Discharge Flow,37.0
2026-09-07 15:58:51,Southern District,Haiwee LAA #2 Current Flow,146.9
2026-09-07 15:58:51,Southern District,S. Haiwee Reservoir Elevation,3728.1
2026-09-07 15:58:51,Southern District,Haiwee LAA #1 Current Flow,0.0
2026-09-07 15:58:51,Southern District,Fairmont Reservoir Elevation,3023.1
2026-09-07 15:58:51,Southern District,LAA #1 Flow at Fairmont Reservoir,304.1
2026-09-07 15:58:51,Southern District,LAA #2 Flow at Fairmont Res.,169.7
2026-09-07 15:58:51,Southern District,Bouquet Reservoir Elevation,2974.2
2026-09-07 15:58:51,Southern District,Bouquet Reservoir Inflow,35.7
2026-09-07 15:58:51,Southern District,Bouquet Reservoir Outflow,0.7
2026-09-07 15:58:51,Southern District,LAA #1 at Soledad Flow,123.4
2026-09-07 15:58:51,Southern District,LAA #2 at Soledad Flow,241.2
