date,district,source,value
2026-08-26 05:28:39,Northern Owens Valley,Tinemaha Elevation,3862.0
2026-08-26 05:28:39,Southern Owens Valley,Tinemaha Elevation,3862.0
2026-08-26 05:58:39,Northern Owens Valley,Tinemaha Elevation,3862.0
2026-08-26 05:58:39,Southern Owens Valley,Tinemaha Elevation,3862.0
2026-08-26 06:28:39,Northern Owens Valley,Tinemaha Elevation,3862.0
2026-08-26 06:28:39,Southern Owens Valley,Tinemaha Elevation,3862.0
2026-08-26 06:58:40,Northern Owens Valley,Tinemaha Elevation,3862.0
2026-08-26 06:58:40,Southern Owens Valley,Tinemaha Elevation,3862.0
2026-08-26 07:28:39,Northern Owens Valley,Tinemaha Elevation,3862.0
2026-08-26 07:28:39,Southern Owens Valley,Tinemaha Elevation,3862.0
2026-08-26 07:58:39,Northern Owens Valley,Tinemaha Elevation,3862.0
2026-08-26 07:58:39,Southern Owens Valley,Tinemaha Elevation,3862.0
2026-08-26 08:28:38,Northern Owens Valley,Tinemaha Elevation,3862.0
2026-08-26 08:28:38,Southern Owens Valley,Tinemaha Elevation,3862.0
2026-08-26 08:58:39,Northern Owens Valley,Tinemaha Elevation,3862.0
2026-08-26 08:58:39,Southern Owens Valley,Tinemaha Elevation,3862.0
2026-08-26 09:28:39,Northern Owens Valley,Tinemaha Elevation,3862.0
2026-08-26 09:28:39,Southern Owens Valley,Tinemaha Elevation,3862.0
2026-08-26 09:58:38,Northern Owens Valley,Tinemaha Elevation,3862.0
2026-08-26 09:58:38,Southern Owens Valley,Tinemaha Elevation,3862.0
2026-08-26 10:28:38,Northern Owens Valley,Tinemaha Elevation,3862.0
2026-08-26 10:28:38,Southern Owens Valley,Tinemaha Elevation,3862.0
2026-08-26 10:58:39,Northern Owens Valley,Tinemaha Elevation,3862.0
2026-08-26 10:58:39,Southern Owens Valley,Tinemaha Elevation,3862.0
2026-08-26 11:13:38,Mono Basin,Lee Vining Intake Above Flow,32.8
2026-08-26 11:13:38,Mono Basin,Lee Vining Intake Below Flow,29.7
2026-08-26 11:13:38,Mono Basin,Walker Ck. Above Conduit Flow,4.0
2026-08-26 11:13:38,Mono Basin,L.V. Conduit Below Intake Flow,6.9
2026-08-26 11:13:38,Mono Basin,Walker Ck. Under Conduit Flow,4.0
2026-08-26 11:13:38,Mono Basin,Parker Ck. Under Conduit Flow,12.0
2026-08-26 11:13:38,Mono Basin,Parker Ck. Above Conduit Flow,13.0
2026-08-26 11:13:38,Mono Basin,Grant Lk. Spill Flow,0.0
2026-08-26 11:13:38,Mono Basin,Mono Gate 1 Return Ditch Flow,38.3
2026-08-26 11:13:38,Mono Basin,Grant Lk. Outflow,39.2
2026-08-26 11:13:38,Mono Basin,Rush Ck. at Damsite Flow,17.5
2026-08-26 11:13:38,Mono Basin,Flow to West Portal,0.0
2026-08-26 11:13:38,Long Valley,East Portal Flow,12.0
2026-08-26 11:13:38,Long Valley,OR Below EP Flow,56.0
2026-08-26 11:13:38,Long Valley,Hot Ck.at Hwy. Flow,8.0
2026-08-26 11:13:38,Long Valley,McGee Ck. Lower Sta. Flow,10.4
2026-08-26 11:13:38,Long Valley,Long Valley Current Outflow,584.6
2026-08-26 11:13:38,Long Valley,Rock Ck. Div. Flow,0.0
2026-08-26 11:13:38,Long Valley,Upper Gorge Total Release,41.3
2026-08-26 11:13:38,Long Valley,Release at Middle Gorge,0.0
2026-08-26 11:13:38,Northern Owens Valley,Rock Ck. At Owens River (PV) Flow,25.6
2026-08-26 11:13:38,Northern Owens Valley,Pleasant Valley Outflow,491.6
2026-08-26 11:13:38,Northern Owens Valley,Baker Ck. At LA Station Flow,6.4
2026-08-26 11:13:38,Northern Owens Valley,Big Pine Ck. USGS Flow,36.9
2026-08-26 11:13:38,Northern Owens Valley,O.R. Below Big Pine,488.2
2026-08-26 11:13:38,Northern Owens Valley,Fish Springs At RR Flow,29.0
2026-08-26 11:13:38,Northern Owens Valley,Tinemaha Reservoir Outflow,475.8
2026-08-26 11:13:38,Northern Owens Valley,Bishop Creek Through Plant 6,105.4
2026-08-26 11:13:38,Northern Owens Valley,Bishop Creek Around Plant 6,7.1
2026-08-26 11:13:38,Southern Owens Valley,Tinemaha Reservoir Outflow,475.8
2026-08-26 11:13:38,Southern Owens Valley,Indep. Ck. At Junction Flow,5.0
2026-08-26 11:13:38,Southern Owens Valley,LAA at Alabama Flow,414.0
2026-08-26 11:13:38,Southern Owens Valley,Cottonwood Ck. At LAA Flow,0.0
2026-08-26 11:13:38,Southern Owens Valley,LAA at Cottonwood Flow,462.0
2026-08-26 11:13:38,Southern Owens Valley,Haiwee LAA #1 Current Flow,0.0
2026-08-26 11:13:38,Southern Owens Valley,Haiwee LAA #2 Current Flow,99.9
2026-08-26 11:13:38,Southern Owens Valley,Reinhackel Flow,2.9
2026-08-26 11:13:38,Southern Owens Valley,Lubkin Spillgate Outflow,0.0
2026-08-26 11:13:38,Southern Owens Valley,Cartago Spillgate Outflow,0.0
2026-08-26 11:13:38,Southern Owens Valley,Lone Pine Creek Flow,10.0
2026-08-26 11:13:38,Lower Owens River Project,LORP Intake Flow,0.0
2026-08-26 11:13:38,Lower Owens River Project,LORP at Mazourka Canyon Road,0.0
2026-08-26 11:13:38,Lower Owens River Project,LORP at Reinhackle Springs,57.0
2026-08-26 11:13:38,Lower Owens River Project,LORP Above Pumpstation,51.0
2026-08-26 11:13:38,Lower Owens River Project,LORP At Pump Station Discharge Flow,48.0
2026-08-26 11:13:38,Southern District,Haiwee LAA #2 Current Flow,99.9
2026-08-26 11:13:38,Southern District,Haiwee LAA #1 Current Flow,0.0
2026-08-26 11:13:38,Southern District,LAA #1 Flow at Fairmont Reservoir,244.4
2026-08-26 11:13:38,Southern District,LAA #2 Flow at Fairmont Res.,132.1
2026-08-26 11:13:38,Southern District,Bouquet Reservoir Inflow,0.1
2026-08-26 11:13:38,Southern District,Bouquet Reservoir Outflow,176.3
2026-08-26 11:13:38,Southern District,LAA #1 at Soledad Flow,233.7
2026-08-26 11:13:38,Southern District,LAA #2 at Soledad Flow,250.7
2026-08-26 11:13:39,Mono Basin,Mono Lk. Elevation,6382.2
2026-08-26 11:13:39,Mono Basin,Grant Lk. Elevation,7129.3
2026-08-26 11:13:39,Long Valley,Long Valley Elevation,6771.1
2026-08-26 11:13:39,Northern Owens Valley,Pleasant Valley Elevation,4385.3
2026-08-26 11:13:39,Southern Owens Valley,LAA at Alabama Level,7.9
2026-08-26 11:13:39,Southern Owens Valley,LAA at Alabama Water Temp,71.7
2026-08-26 11:13:39,Southern Owens Valley,LAA at Cottonwood Level,9.0
2026-08-26 11:13:39,Southern Owens Valley,LAA at Cotton. Water Temp,73.0
2026-08-26 11:13:39,Southern Owens Valley,N. Haiwee Elevation,3757.1
2026-08-26 11:13:39,Southern Owens Valley,S. Haiwee Reservoir Elevation,3727.1
2026-08-26 11:13:39,Southern District,S. Haiwee Reservoir Elevation,3727.1
2026-08-26 11:13:39,Southern District,Fairmont Reservoir Elevation,3021.8
2026-08-26 11:13:39,Southern District,Bouquet Reservoir Elevation,2976.1
2026-08-26 11:28:38,Mono Basin,Lee Vining Intake Above Flow,32.8
2026-08-26 11:28:38,Mono Basin,Lee Vining Intake Below Flow,29.7
2026-08-26 11:28:38,Mono Basin,Walker Ck. Above Conduit Flow,4.0
2026-08-26 11:28:38,Mono Basin,L.V. Conduit Below Intake Flow,6.9
2026-08-26 11:28:38,Mono Basin,Walker Ck. Under Conduit Flow,4.0
2026-08-26 11:28:38,Mono Basin,Parker Ck. Under Conduit Flow,12.0
2026-08-26 11:28:38,Mono Basin,Parker Ck. Above Conduit Flow,13.0
2026-08-26 11:28:38,Mono Basin,Grant Lk. Spill Flow,0.0
2026-08-26 11:28:38,Mono Basin,Mono Gate 1 Return Ditch Flow,38.4
2026-08-26 11:28:38,Mono Basin,Grant Lk. Outflow,39.5
2026-08-26 11:28:38,Mono Basin,Rush Ck. at Damsite Flow,17.5
2026-08-26 11:28:38,Mono Basin,Flow to West Portal,0.0
2026-08-26 11:28:38,Long Valley,East Portal Flow,12.0
2026-08-26 11:28:38,Long Valley,OR Below EP Flow,56.0
2026-08-26 11:28:38,Long Valley,Hot Ck.at Hwy. Flow,8.0
2026-08-26 11:28:38,Long Valley,McGee Ck. Lower Sta. Flow,10.4
2026-08-26 11:28:38,Long Valley,Long Valley Current Outflow,584.7
2026-08-26 11:28:38,Long Valley,Rock Ck. Div. Flow,0.0
2026-08-26 11:28:38,Long Valley,Upper Gorge Total Release,41.0
2026-08-26 11:28:38,Long Valley,Release at Middle Gorge,0.0
2026-08-26 11:28:38,Northern Owens Valley,Rock Ck. At Owens River (PV) Flow,25.6
2026-08-26 11:28:38,Northern Owens Valley,Pleasant Valley Outflow,491.3
2026-08-26 11:28:38,Northern Owens Valley,Baker Ck. At LA Station Flow,6.4
2026-08-26 11:28:38,Northern Owens Valley,Big Pine Ck. USGS Flow,36.9
2026-08-26 11:28:38,Northern Owens Valley,O.R. Below Big Pine,487.8
2026-08-26 11:28:38,Northern Owens Valley,Fish Springs At RR Flow,29.0
2026-08-26 11:28:38,Northern Owens Valley,Tinemaha Reservoir Outflow,475.8
2026-08-26 11:28:38,Northern Owens Valley,Bishop Creek Through Plant 6,105.4
2026-08-26 11:28:38,Northern Owens Valley,Bishop Creek Around Plant 6,7.1
2026-08-26 11:28:38,Southern Owens Valley,Tinemaha Reservoir Outflow,475.8
2026-08-26 11:28:38,Southern Owens Valley,Indep. Ck. At Junction Flow,5.0
2026-08-26 11:28:38,Southern Owens Valley,LAA at Alabama Flow,413.0
2026-08-26 11:28:38,Southern Owens Valley,Cottonwood Ck. At LAA Flow,0.0
2026-08-26 11:28:38,Southern Owens Valley,LAA at Cottonwood Flow,462.0
2026-08-26 11:28:38,Southern Owens Valley,Haiwee LAA #1 Current Flow,0.0
2026-08-26 11:28:38,Southern Owens Valley,Haiwee LAA #2 Current Flow,99.9
2026-08-26 11:28:38,Southern Owens Valley,Reinhackel Flow,2.9
2026-08-26 11:28:38,Southern Owens Valley,Lubkin Spillgate Outflow,0.0
2026-08-26 11:28:38,Southern Owens Valley,Cartago Spillgate Outflow,0.0
2026-08-26 11:28:38,Southern Owens Valley,Lone Pine Creek Flow,10.0
2026-08-26 11:28:38,Lower Owens River Project,LORP Intake Flow,0.0
2026-08-26 11:28:38,Lower Owens River Project,LORP at Mazourka Canyon Road,0.0
2026-08-26 11:28:38,Lower Owens River Project,LORP at Reinhackle Springs,56.0
2026-08-26 11:28:38,Lower Owens River Project,LORP Above Pumpstation,52.0
2026-08-26 11:28:38,Lower Owens River Project,LORP At Pump Station Discharge Flow,49.0
2026-08-26 11:28:38,Southern District,Haiwee LAA #2 Current Flow,99.9
2026-08-26 11:28:38,Southern District,Haiwee LAA #1 Current Flow,0.0
2026-08-26 11:28:38,Southern District,LAA #1 Flow at Fairmont Reservoir,244.3
2026-08-26 11:28:38,Southern District,LAA #2 Flow at Fairmont Res.,132.3
2026-08-26 11:28:38,Southern District,Bouquet Reservoir Inflow,0.0
2026-08-26 11:28:38,Southern District,Bouquet Reservoir Outflow,176.3
2026-08-26 11:28:38,Southern District,LAA #1 at Soledad Flow,233.7
2026-08-26 11:28:38,Southern District,LAA #2 at Soledad Flow,250.7
2026-08-26 11:28:39,Mono Basin,Mono Lk. Elevation,6382.2
2026-08-26 11:28:39,Mono Basin,Grant Lk. Elevation,7129.3
2026-08-26 11:28:39,Long Valley,Long Valley Elevation,6771.1
2026-08-26 11:28:39,Northern Owens Valley,Pleasant Valley Elevation,4385.3
2026-08-26 11:28:39,Northern Owens Valley,Tinemaha Elevation,3862.0
2026-08-26 11:28:39,Southern Owens Valley,Tinemaha Elevation,3862.0
2026-08-26 11:28:39,Southern Owens Valley,LAA at Alabama Level,7.9
2026-08-26 11:28:39,Southern Owens Valley,LAA at Alabama Water Temp,72.0
2026-08-26 11:28:39,Southern Owens Valley,LAA at Cottonwood Level,9.0
2026-08-26 11:28:39,Southern Owens Valley,LAA at Cotton. Water Temp,73.0
2026-08-26 11:28:39,Southern Owens Valley,N. Haiwee Elevation,3757.1
2026-08-26 11:28:39,Southern Owens Valley,S. Haiwee Reservoir Elevation,3727.1
2026-08-26 11:28:39,Southern District,S. Haiwee Reservoir Elevation,3727.1
2026-08-26 11:28:39,Southern District,Fairmont Reservoir Elevation,3021.8
2026-08-26 11:28:39,Southern District,Bouquet Reservoir Elevation,2976.1
2026-08-26 11:43:39,Mono Basin,Lee Vining Intake Above Flow,33.1
2026-08-26 11:43:39,Mono Basin,Lee Vining Intake Below Flow,29.6
2026-08-26 11:43:39,Mono Basin,Mono Lk. Elevation,6382.2
2026-08-26 11:43:39,Mono Basin,Walker Ck. Above Conduit Flow,4.0
2026-08-26 11:43:39,Mono Basin,L.V. Conduit Below Intake Flow,6.9
2026-08-26 11:43:39,Mono Basin,Walker Ck. Under Conduit Flow,4.0
2026-08-26 11:43:39,Mono Basin,Parker Ck. Under Conduit Flow,12.0
2026-08-26 11:43:39,Mono Basin,Parker Ck. Above Conduit Flow,13.0
2026-08-26 11:43:39,Mono Basin,Grant Lk. Spill Flow,0.0
2026-08-26 11:43:39,Mono Basin,Mono Gate 1 Return Ditch Flow,38.4
2026-08-26 11:43:39,Mono Basin,Grant Lk. Elevation,7129.3
2026-08-26 11:43:39,Mono Basin,Grant Lk. Outflow,39.5
2026-08-26 11:43:39,Mono Basin,Rush Ck. at Damsite Flow,17.5
2026-08-26 11:43:39,Mono Basin,Flow to West Portal,0.0
2026-08-26 11:43:39,Long Valley,East Portal Flow,12.0
2026-08-26 11:43:39,Long Valley,OR Below EP Flow,56.0
2026-08-26 11:43:39,Long Valley,Hot Ck.at Hwy. Flow,8.0
2026-08-26 11:43:39,Long Valley,McGee Ck. Lower Sta. Flow,10.4
2026-08-26 11:43:39,Long Valley,Long Valley Elevation,6771.1
2026-08-26 11:43:39,Long Valley,Long Valley Current Outflow,584.7
2026-08-26 11:43:39,Long Valley,Rock Ck. Div. Flow,0.0
2026-08-26 11:43:39,Long Valley,Upper Gorge Total Release,41.0
2026-08-26 11:43:39,Long Valley,Release at Middle Gorge,0.0
2026-08-26 11:43:39,Northern Owens Valley,Rock Ck. At Owens River (PV) Flow,25.6
2026-08-26 11:43:39,Northern Owens Valley,Pleasant Valley Elevation,4385.3
2026-08-26 11:43:39,Northern Owens Valley,Pleasant Valley Outflow,491.9
2026-08-26 11:43:39,Northern Owens Valley,Baker Ck. At LA Station Flow,6.4
2026-08-26 11:43:39,Northern Owens Valley,Big Pine Ck. USGS Flow,36.9
2026-08-26 11:43:39,Northern Owens Valley,O.R. Below Big Pine,486.2
2026-08-26 11:43:39,Northern Owens Valley,Fish Springs At RR Flow,29.0
2026-08-26 11:43:39,Northern Owens Valley,Tinemaha Reservoir Outflow,475.8
2026-08-26 11:43:39,Northern Owens Valley,Bishop Creek Through Plant 6,105.4
2026-08-26 11:43:39,Northern Owens Valley,Bishop Creek Around Plant 6,7.1
2026-08-26 11:43:39,Southern Owens Valley,Tinemaha Reservoir Outflow,475.8
2026-08-26 11:43:39,Southern Owens Valley,Indep. Ck. At Junction Flow,5.0
2026-08-26 11:43:39,Southern Owens Valley,LAA at Alabama Flow,413.0
2026-08-26 11:43:39,Southern Owens Valley,LAA at Alabama Level,7.9
2026-08-26 11:43:39,Southern Owens Valley,LAA at Alabama Water Temp,72.0
2026-08-26 11:43:39,Southern Owens Valley,Cottonwood Ck. At LAA Flow,0.0
2026-08-26 11:43:39,Southern Owens Valley,LAA at Cottonwood Flow,462.0
2026-08-26 11:43:39,Southern Owens Valley,LAA at Cottonwood Level,9.0
2026-08-26 11:43:39,Southern Owens Valley,LAA at Cotton. Water Temp,73.3
2026-08-26 11:43:39,Southern Owens Valley,N. Haiwee Elevation,3757.1
2026-08-26 11:43:39,Southern Owens Valley,S. Haiwee Reservoir Elevation,3727.1
2026-08-26 11:43:39,Southern Owens Valley,Haiwee LAA #1 Current Flow,0.0
2026-08-26 11:43:39,Southern Owens Valley,Haiwee LAA #2 Current Flow,99.9
2026-08-26 11:43:39,Southern Owens Valley,Reinhackel Flow,2.9
2026-08-26 11:43:39,Southern Owens Valley,Lubkin Spillgate Outflow,0.0
2026-08-26 11:43:39,Southern Owens Valley,Cartago Spillgate Outflow,0.0
2026-08-26 11:43:39,Southern Owens Valley,Lone Pine Creek Flow,10.0
2026-08-26 11:43:39,Lower Owens River Project,LORP Intake Flow,80.0
2026-08-26 11:43:39,Lower Owens River Project,LORP at Mazourka Canyon Road,0.0
2026-08-26 11:43:39,Lower Owens River Project,LORP at Reinhackle Springs,56.0
2026-08-26 11:43:39,Lower Owens River Project,LORP Above Pumpstation,41.0
2026-08-26 11:43:39,Lower Owens River Project,LORP At Pump Station Discharge Flow,38.0
2026-08-26 11:43:39,Southern District,Haiwee LAA #2 Current Flow,99.9
2026-08-26 11:43:39,Southern District,S. Haiwee Reservoir Elevation,3727.1
2026-08-26 11:43:39,Southern District,Haiwee LAA #1 Current Flow,0.0
2026-08-26 11:43:39,Southern District,Fairmont Reservoir Elevation,3021.8
2026-08-26 11:43:39,Southern District,LAA #1 Flow at Fairmont Reservoir,244.8
2026-08-26 11:43:39,Southern District,LAA #2 Flow at Fairmont Res.,132.5
2026-08-26 11:43:39,Southern District,Bouquet Reservoir Elevation,2976.1
2026-08-26 11:43:39,Southern District,Bouquet Reservoir Inflow,0.0
2026-08-26 11:43:39,Southern District,Bouquet Reservoir Outflow,176.3
2026-08-26 11:43:39,Southern District,LAA #1 at Soledad Flow,233.7
2026-08-26 11:43:39,Southern District,LAA #2 at Soledad Flow,250.7
2026-08-26 11:58:38,Mono Basin,Lee Vining Intake Above Flow,33.1
2026-08-26 11:58:38,Mono Basin,Lee Vining Intake Below Flow,29.6
2026-08-26 11:58:38,Mono Basin,Mono Lk. Elevation,6382.2
2026-08-26 11:58:38,Mono Basin,Walker Ck. Above Conduit Flow,4.0
2026-08-26 11:58:38,Mono Basin,L.V. Conduit Below Intake Flow,6.9
2026-08-26 11:58:38,Mono Basin,Walker Ck. Under Conduit Flow,4.0
2026-08-26 11:58:38,Mono Basin,Parker Ck. Under Conduit Flow,12.0
2026-08-26 11:58:38,Mono Basin,Parker Ck. Above Conduit Flow,13.0
2026-08-26 11:58:38,Mono Basin,Grant Lk. Spill Flow,0.0
2026-08-26 11:58:38,Mono Basin,Mono Gate 1 Return Ditch Flow,38.4
2026-08-26 11:58:38,Mono Basin,Grant Lk. Elevation,7129.3
2026-08-26 11:58:38,Mono Basin,Grant Lk. Outflow,39.5
2026-08-26 11:58:38,Mono Basin,Rush Ck. at Damsite Flow,17.5
2026-08-26 11:58:38,Mono Basin,Flow to West Portal,0.0
2026-08-26 11:58:38,Long Valley,East Portal Flow,12.0
2026-08-26 11:58:38,Long Valley,OR Below EP Flow,56.0
2026-08-26 11:58:38,Long Valley,Hot Ck.at Hwy. Flow,8.0
2026-08-26 11:58:38,Long Valley,McGee Ck. Lower Sta. Flow,10.4
2026-08-26 11:58:38,Long Valley,Long Valley Elevation,6771.1
2026-08-26 11:58:38,Long Valley,Long Valley Current Outflow,584.7
2026-08-26 11:58:38,Long Valley,Rock Ck. Div. Flow,0.0
2026-08-26 11:58:38,Long Valley,Upper Gorge Total Release,40.8
2026-08-26 11:58:38,Long Valley,Release at Middle Gorge,0.0
2026-08-26 11:58:38,Northern Owens Valley,Rock Ck. At Owens River (PV) Flow,25.6
2026-08-26 11:58:38,Northern Owens Valley,Pleasant Valley Elevation,4385.4
2026-08-26 11:58:38,Northern Owens Valley,Pleasant Valley Outflow,492.0
2026-08-26 11:58:38,Northern Owens Valley,Baker Ck. At LA Station Flow,6.4
2026-08-26 11:58:38,Northern Owens Valley,Big Pine Ck. USGS Flow,36.9
2026-08-26 11:58:38,Northern Owens Valley,O.R. Below Big Pine,487.2
2026-08-26 11:58:38,Northern Owens Valley,Fish Springs At RR Flow,29.0
2026-08-26 11:58:38,Northern Owens Valley,Tinemaha Elevation,3862.0
2026-08-26 11:58:38,Northern Owens Valley,Tinemaha Reservoir Outflow,475.8
2026-08-26 11:58:38,Northern Owens Valley,Bishop Creek Through Plant 6,105.2
2026-08-26 11:58:38,Northern Owens Valley,Bishop Creek Around Plant 6,7.0
2026-08-26 11:58:38,Southern Owens Valley,Tinemaha Elevation,3862.0
2026-08-26 11:58:38,Southern Owens Valley,Tinemaha Reservoir Outflow,475.8
2026-08-26 11:58:38,Southern Owens Valley,Indep. Ck. At Junction Flow,5.0
2026-08-26 11:58:38,Southern Owens Valley,LAA at Alabama Flow,413.0
2026-08-26 11:58:38,Southern Owens Valley,LAA at Alabama Level,7.9
2026-08-26 11:58:38,Southern Owens Valley,LAA at Alabama Water Temp,72.0
2026-08-26 11:58:38,Southern Owens Valley,Cottonwood Ck. At LAA Flow,0.0
2026-08-26 11:58:38,Southern Owens Valley,LAA at Cottonwood Flow,462.0
2026-08-26 11:58:38,Southern Owens Valley,LAA at Cottonwood Level,9.0
2026-08-26 11:58:38,Southern Owens Valley,LAA at Cotton. Water Temp,73.4
2026-08-26 11:58:38,Southern Owens Valley,N. Haiwee Elevation,3757.1
2026-08-26 11:58:38,Southern Owens Valley,S. Haiwee Reservoir Elevation,3727.1
2026-08-26 11:58:38,Southern Owens Valley,Haiwee LAA #1 Current Flow,0.0
2026-08-26 11:58:38,Southern Owens Valley,Haiwee LAA #2 Current Flow,99.9
2026-08-26 11:58:38,Southern Owens Valley,Reinhackel Flow,2.9
2026-08-26 11:58:38,Southern Owens Valley,Lubkin Spillgate Outflow,0.0
2026-08-26 11:58:38,Southern Owens Valley,Cartago Spillgate Outflow,0.0
2026-08-26 11:58:38,Southern Owens Valley,Lone Pine Creek Flow,10.0
2026-08-26 11:58:38,Lower Owens River Project,LORP Intake Flow,80.0
2026-08-26 11:58:38,Lower Owens River Project,LORP at Mazourka Canyon Road,0.0
2026-08-26 11:58:38,Lower Owens River Project,LORP at Reinhackle Springs,56.0
2026-08-26 11:58:38,Lower Owens River Project,LORP Above Pumpstation,41.0
2026-08-26 11:58:38,Lower Owens River Project,LORP At Pump Station Discharge Flow,38.0
2026-08-26 11:58:38,Southern District,Haiwee LAA #2 Current Flow,99.9
2026-08-26 11:58:38,Southern District,S. Haiwee Reservoir Elevation,3727.1
2026-08-26 11:58:38,Southern District,Haiwee LAA #1 Current Flow,0.0
2026-08-26 11:58:38,Southern District,Fairmont Reservoir Elevation,3021.8
2026-08-26 11:58:38,Southern District,LAA #1 Flow at Fairmont Reservoir,244.5
2026-08-26 11:58:38,Southern District,LAA #2 Flow at Fairmont Res.,132.5
2026-08-26 11:58:38,Southern District,Bouquet Reservoir Elevation,2976.1
2026-08-26 11:58:38,Southern District,Bouquet Reservoir Inflow,0.0
2026-08-26 11:58:38,Southern District,Bouquet Reservoir Outflow,181.7
2026-08-26 11:58:38,Southern District,LAA #1 at Soledad Flow,233.7
2026-08-26 11:58:38,Southern District,LAA #2 at Soledad Flow,250.7
2026-08-26 12:13:38,Mono Basin,Lee Vining Intake Above Flow,33.3
2026-08-26 12:13:38,Mono Basin,Lee Vining Intake Below Flow,29.8
2026-08-26 12:13:38,Mono Basin,Mono Lk. Elevation,6382.2
2026-08-26 12:13:38,Mono Basin,Walker Ck. Above Conduit Flow,4.0
2026-08-26 12:13:38,Mono Basin,L.V. Conduit Below Intake Flow,6.8
2026-08-26 12:13:38,Mono Basin,Walker Ck. Under Conduit Flow,4.0
2026-08-26 12:13:38,Mono Basin,Parker Ck. Under Conduit Flow,11.0
2026-08-26 12:13:38,Mono Basin,Parker Ck. Above Conduit Flow,12.0
2026-08-26 12:13:38,Mono Basin,Grant Lk. Spill Flow,0.0
2026-08-26 12:13:38,Mono Basin,Mono Gate 1 Return Ditch Flow,38.4
2026-08-26 12:13:38,Mono Basin,Grant Lk. Elevation,7129.3
2026-08-26 12:13:38,Mono Basin,Grant Lk. Outflow,39.5
2026-08-26 12:13:38,Mono Basin,Rush Ck. at Damsite Flow,17.5
2026-08-26 12:13:38,Mono Basin,Flow to West Portal,0.0
2026-08-26 12:13:38,Long Valley,East Portal Flow,12.0
2026-08-26 12:13:38,Long Valley,OR Below EP Flow,56.0
2026-08-26 12:13:38,Long Valley,Hot Ck.at Hwy. Flow,8.0
2026-08-26 12:13:38,Long Valley,McGee Ck. Lower Sta. Flow,10.1
2026-08-26 12:13:38,Long Valley,Long Valley Elevation,6771.1
2026-08-26 12:13:38,Long Valley,Long Valley Current Outflow,585.1
2026-08-26 12:13:38,Long Valley,Rock Ck. Div. Flow,0.0
2026-08-26 12:13:38,Long Valley,Upper Gorge Total Release,41.1
2026-08-26 12:13:38,Long Valley,Release at Middle Gorge,0.0
2026-08-26 12:13:38,Northern Owens Valley,Rock Ck. At Owens River (PV) Flow,25.6
2026-08-26 12:13:38,Northern Owens Valley,Pleasant Valley Elevation,4385.4
2026-08-26 12:13:38,Northern Owens Valley,Pleasant Valley Outflow,491.5
2026-08-26 12:13:38,Northern Owens Valley,Baker Ck. At LA Station Flow,6.5
2026-08-26 12:13:38,Northern Owens Valley,Big Pine Ck. USGS Flow,36.9
2026-08-26 12:13:38,Northern Owens Valley,O.R. Below Big Pine,486.4
2026-08-26 12:13:38,Northern Owens Valley,Fish Springs At RR Flow,29.0
2026-08-26 12:13:38,Northern Owens Valley,Tinemaha Reservoir Outflow,475.8
2026-08-26 12:13:38,Northern Owens Valley,Bishop Creek Through Plant 6,105.2
2026-08-26 12:13:38,Northern Owens Valley,Bishop Creek Around Plant 6,7.0
2026-08-26 12:13:38,Southern Owens Valley,Tinemaha Reservoir Outflow,475.8
2026-08-26 12:13:38,Southern Owens Valley,Indep. Ck. At Junction Flow,5.0
2026-08-26 12:13:38,Southern Owens Valley,LAA at Alabama Flow,413.0
2026-08-26 12:13:38,Southern Owens Valley,LAA at Alabama Level,7.9
2026-08-26 12:13:38,Southern Owens Valley,LAA at Alabama Water Temp,72.4
2026-08-26 12:13:38,Southern Owens Valley,Cottonwood Ck. At LAA Flow,0.0
2026-08-26 12:13:38,Southern Owens Valley,LAA at Cottonwood Flow,462.0
2026-08-26 12:13:38,Southern Owens Valley,LAA at Cottonwood Level,9.0
2026-08-26 12:13:38,Southern Owens Valley,LAA at Cotton. Water Temp,73.7
2026-08-26 12:13:38,Southern Owens Valley,N. Haiwee Elevation,3757.1
2026-08-26 12:13:38,Southern Owens Valley,S. Haiwee Reservoir Elevation,3727.1
2026-08-26 12:13:38,Southern Owens Valley,Haiwee LAA #1 Current Flow,0.0
2026-08-26 12:13:38,Southern Owens Valley,Haiwee LAA #2 Current Flow,99.9
2026-08-26 12:13:38,Southern Owens Valley,Reinhackel Flow,2.9
2026-08-26 12:13:38,Southern Owens Valley,Lubkin Spillgate Outflow,0.0
2026-08-26 12:13:38,Southern Owens Valley,Cartago Spillgate Outflow,0.0
2026-08-26 12:13:38,Southern Owens Valley,Lone Pine Creek Flow,10.0
2026-08-26 12:13:38,Lower Owens River Project,LORP Intake Flow,80.0
2026-08-26 12:13:38,Lower Owens River Project,LORP at Mazourka Canyon Road,0.0
2026-08-26 12:13:38,Lower Owens River Project,LORP at Reinhackle Springs,56.0
2026-08-26 12:13:38,Lower Owens River Project,LORP Above Pumpstation,41.0
2026-08-26 12:13:38,Lower Owens River Project,LORP At Pump Station Discharge Flow,38.0
2026-08-26 12:13:38,Southern District,Haiwee LAA #2 Current Flow,99.9
2026-08-26 12:13:38,Southern District,S. Haiwee Reservoir Elevation,3727.1
2026-08-26 12:13:38,Southern District,Haiwee LAA #1 Current Flow,0.0
2026-08-26 12:13:38,Southern District,Fairmont Reservoir Elevation,3021.8
2026-08-26 12:13:38,Southern District,LAA #1 Flow at Fairmont Reservoir,244.3
2026-08-26 12:13:38,Southern District,LAA #2 Flow at Fairmont Res.,132.5
2026-08-26 12:13:38,Southern District,Bouquet Reservoir Elevation,2976.1
2026-08-26 12:13:38,Southern District,Bouquet Reservoir Inflow,0.0
2026-08-26 12:13:38,Southern District,Bouquet Reservoir Outflow,174.9
2026-08-26 12:13:38,Southern District,LAA #1 at Soledad Flow,233.7
2026-08-26 12:13:38,Southern District,LAA #2 at Soledad Flow,250.7
2026-08-26 12:28:38,Mono Basin,Lee Vining Intake Above Flow,33.3
2026-08-26 12:28:38,Mono Basin,Lee Vining Intake Below Flow,29.7
2026-08-26 12:28:38,Mono Basin,Walker Ck. Above Conduit Flow,4.0
2026-08-26 12:28:38,Mono Basin,L.V. Conduit Below Intake Flow,6.6
2026-08-26 12:28:38,Mono Basin,Walker Ck. Under Conduit Flow,4.0
2026-08-26 12:28:38,Mono Basin,Parker Ck. Under Conduit Flow,11.0
2026-08-26 12:28:38,Mono Basin,Parker Ck. Above Conduit Flow,12.0
2026-08-26 12:28:38,Mono Basin,Grant Lk. Spill Flow,0.0
2026-08-26 12:28:38,Mono Basin,Mono Gate 1 Return Ditch Flow,38.4
2026-08-26 12:28:38,Mono Basin,Grant Lk. Outflow,39.3
2026-08-26 12:28:38,Mono Basin,Rush Ck. at Damsite Flow,17.5
2026-08-26 12:28:38,Mono Basin,Flow to West Portal,0.0
2026-08-26 12:28:38,Long Valley,East Portal Flow,12.0
2026-08-26 12:28:38,Long Valley,OR Below EP Flow,56.0
2026-08-26 12:28:38,Long Valley,Hot Ck.at Hwy. Flow,7.0
2026-08-26 12:28:38,Long Valley,McGee Ck. Lower Sta. Flow,10.1
2026-08-26 12:28:38,Long Valley,Long Valley Current Outflow,585.9
2026-08-26 12:28:38,Long Valley,Rock Ck. Div. Flow,0.0
2026-08-26 12:28:38,Long Valley,Upper Gorge Total Release,41.0
2026-08-26 12:28:38,Long Valley,Release at Middle Gorge,0.0
2026-08-26 12:28:38,Northern Owens Valley,Rock Ck. At Owens River (PV) Flow,25.5
2026-08-26 12:28:38,Northern Owens Valley,Pleasant Valley Outflow,492.1
2026-08-26 12:28:38,Northern Owens Valley,Baker Ck. At LA Station Flow,6.5
2026-08-26 12:28:38,Northern Owens Valley,Big Pine Ck. USGS Flow,35.1
2026-08-26 12:28:38,Northern Owens Valley,O.R. Below Big Pine,487.5
2026-08-26 12:28:38,Northern Owens Valley,Fish Springs At RR Flow,31.5
2026-08-26 12:28:38,Northern Owens Valley,Tinemaha Reservoir Outflow,475.8
2026-08-26 12:28:38,Northern Owens Valley,Bishop Creek Through Plant 6,105.2
2026-08-26 12:28:38,Northern Owens Valley,Bishop Creek Around Plant 6,7.0
2026-08-26 12:28:38,Southern Owens Valley,Tinemaha Reservoir Outflow,475.8
2026-08-26 12:28:38,Southern Owens Valley,Indep. Ck. At Junction Flow,5.0
2026-08-26 12:28:38,Southern Owens Valley,LAA at Alabama Flow,413.0
2026-08-26 12:28:38,Southern Owens Valley,Cottonwood Ck. At LAA Flow,0.0
2026-08-26 12:28:38,Southern Owens Valley,LAA at Cottonwood Flow,462.0
2026-08-26 12:28:38,Southern Owens Valley,Haiwee LAA #1 Current Flow,0.0
2026-08-26 12:28:38,Southern Owens Valley,Haiwee LAA #2 Current Flow,99.9
2026-08-26 12:28:38,Southern Owens Valley,Reinhackel Flow,2.9
2026-08-26 12:28:38,Southern Owens Valley,Lubkin Spillgate Outflow,0.0
2026-08-26 12:28:38,Southern Owens Valley,Cartago Spillgate Outflow,0.0
2026-08-26 12:28:38,Southern Owens Valley,Lone Pine Creek Flow,10.0
2026-08-26 12:28:38,Lower Owens River Project,LORP Intake Flow,80.0
2026-08-26 12:28:38,Lower Owens River Project,LORP at Mazourka Canyon Road,0.0
2026-08-26 12:28:38,Lower Owens River Project,LORP at Reinhackle Springs,56.0
2026-08-26 12:28:38,Lower Owens River Project,LORP Above Pumpstation,40.0
2026-08-26 12:28:38,Lower Owens River Project,LORP At Pump Station Discharge Flow,37.0
2026-08-26 12:28:38,Southern District,Haiwee LAA #2 Current Flow,99.9
2026-08-26 12:28:38,Southern District,Haiwee LAA #1 Current Flow,0.0
2026-08-26 12:28:38,Southern District,LAA #1 Flow at Fairmont Reservoir,243.3
2026-08-26 12:28:38,Southern District,LAA #2 Flow at Fairmont Res.,132.5
2026-08-26 12:28:38,Southern District,Bouquet Reservoir Inflow,0.0
2026-08-26 12:28:38,Southern District,Bouquet Reservoir Outflow,181.5
2026-08-26 12:28:38,Southern District,LAA #1 at Soledad Flow,233.7
2026-08-26 12:28:38,Southern District,LAA #2 at Soledad Flow,250.7
2026-08-26 12:28:39,Mono Basin,Mono Lk. Elevation,6382.2
2026-08-26 12:28:39,Mono Basin,Grant Lk. Elevation,7129.3
2026-08-26 12:28:39,Long Valley,Long Valley Elevation,6771.1
2026-08-26 12:28:39,Northern Owens Valley,Pleasant Valley Elevation,4385.5
2026-08-26 12:28:39,Northern Owens Valley,Tinemaha Elevation,3862.0
2026-08-26 12:28:39,Southern Owens Valley,Tinemaha Elevation,3862.0
2026-08-26 12:28:39,Southern Owens Valley,LAA at Alabama Level,7.9
2026-08-26 12:28:39,Southern Owens Valley,LAA at Alabama Water Temp,72.5
2026-08-26 12:28:39,Southern Owens Valley,LAA at Cottonwood Level,9.0
2026-08-26 12:28:39,Southern Owens Valley,LAA at Cotton. Water Temp,73.7
2026-08-26 12:28:39,Southern Owens Valley,N. Haiwee Elevation,3757.1
2026-08-26 12:28:39,Southern Owens Valley,S. Haiwee Reservoir Elevation,3727.1
2026-08-26 12:28:39,Southern District,S. Haiwee Reservoir Elevation,3727.1
2026-08-26 12:28:39,Southern District,Fairmont Reservoir Elevation,3021.8
2026-08-26 12:28:39,Southern District,Bouquet Reservoir Elevation,2976.1
2026-08-26 12:43:39,Mono Basin,Walker Ck. Under Conduit Flow,4.0
2026-08-26 12:43:39,Mono Basin,Parker Ck. Under Conduit Flow,11.0
2026-08-26 12:43:39,Long Valley,Hot Ck.at Hwy. Flow,7.0
2026-08-26 12:43:39,Long Valley,McGee Ck. Lower Sta. Flow,10.1
2026-08-26 12:43:39,Long Valley,Long Valley Current Outflow,585.9
2026-08-26 12:43:39,Long Valley,Rock Ck. Div. Flow,0.0
2026-08-26 12:43:39,Long Valley,Upper Gorge Total Release,41.2
2026-08-26 12:43:39,Long Valley,Release at Middle Gorge,0.0
2026-08-26 12:43:39,Northern Owens Valley,Rock Ck. At Owens River (PV) Flow,25.5
2026-08-26 12:43:39,Northern Owens Valley,Pleasant Valley Outflow,492.0
2026-08-26 12:43:39,Northern Owens Valley,Baker Ck. At LA Station Flow,6.5
2026-08-26 12:43:39,Northern Owens Valley,Big Pine Ck. USGS Flow,35.1
2026-08-26 12:43:39,Northern Owens Valley,O.R. Below Big Pine,485.8
2026-08-26 12:43:39,Northern Owens Valley,Fish Springs At RR Flow,31.5
2026-08-26 12:43:39,Northern Owens Valley,Tinemaha Reservoir Outflow,475.8
2026-08-26 12:43:39,Northern Owens Valley,Bishop Creek Through Plant 6,105.7
2026-08-26 12:43:39,Northern Owens Valley,Bishop Creek Around Plant 6,6.9
2026-08-26 12:43:39,Southern Owens Valley,Tinemaha Reservoir Outflow,475.8
2026-08-26 12:43:39,Southern Owens Valley,Indep. Ck. At Junction Flow,4.5
2026-08-26 12:43:39,Southern Owens Valley,LAA at Alabama Flow,413.0
2026-08-26 12:43:39,Southern Owens Valley,Cottonwood Ck. At LAA Flow,0.0
2026-08-26 12:43:39,Southern Owens Valley,LAA at Cottonwood Flow,462.0
2026-08-26 12:43:39,Southern Owens Valley,Haiwee LAA #1 Current Flow,0.0
2026-08-26 12:43:39,Southern Owens Valley,Haiwee LAA #2 Current Flow,99.9
2026-08-26 12:43:39,Southern Owens Valley,Reinhackel Flow,2.9
2026-08-26 12:43:39,Southern Owens Valley,Lubkin Spillgate Outflow,0.0
2026-08-26 12:43:39,Southern Owens Valley,Cartago Spillgate Outflow,0.0
2026-08-26 12:43:39,Southern Owens Valley,Lone Pine Creek Flow,9.8
2026-08-26 12:43:39,Lower Owens River Project,LORP Intake Flow,80.0
2026-08-26 12:43:39,Lower Owens River Project,LORP at Mazourka Canyon Road,0.0
2026-08-26 12:43:39,Lower Owens River Project,LORP at Reinhackle Springs,56.0
2026-08-26 12:43:39,Lower Owens River Project,LORP Above Pumpstation,41.0
2026-08-26 12:43:39,Lower Owens River Project,LORP At Pump Station Discharge Flow,37.0
2026-08-26 12:43:39,Southern District,Haiwee LAA #2 Current Flow,99.9
2026-08-26 12:43:39,Southern District,Haiwee LAA #1 Current Flow,0.0
2026-08-26 12:43:40,Mono Basin,Lee Vining Intake Above Flow,33.1
2026-08-26 12:43:40,Mono Basin,Lee Vining Intake Below Flow,29.6
2026-08-26 12:43:40,Mono Basin,Mono Lk. Elevation,6382.2
2026-08-26 12:43:40,Mono Basin,Walker Ck. Above Conduit Flow,4.0
2026-08-26 12:43:40,Mono Basin,L.V. Conduit Below Intake Flow,6.7
2026-08-26 12:43:40,Mono Basin,Parker Ck. Above Conduit Flow,12.0
2026-08-26 12:43:40,Mono Basin,Grant Lk. Spill Flow,0.0
2026-08-26 12:43:40,Mono Basin,Mono Gate 1 Return Ditch Flow,38.4
2026-08-26 12:43:40,Mono Basin,Grant Lk. Elevation,7129.3
2026-08-26 12:43:40,Mono Basin,Grant Lk. Outflow,39.3
2026-08-26 12:43:40,Mono Basin,Rush Ck. at Damsite Flow,17.5
2026-08-26 12:43:40,Mono Basin,Flow to West Portal,0.0
2026-08-26 12:43:40,Long Valley,East Portal Flow,12.0
2026-08-26 12:43:40,Long Valley,OR Below EP Flow,56.0
2026-08-26 12:43:40,Long Valley,Long Valley Elevation,6771.1
2026-08-26 12:43:40,Northern Owens Valley,Pleasant Valley Elevation,4385.5
2026-08-26 12:43:40,Southern Owens Valley,LAA at Alabama Level,7.9
2026-08-26 12:43:40,Southern Owens Valley,LAA at Alabama Water Temp,72.5
2026-08-26 12:43:40,Southern Owens Valley,LAA at Cottonwood Level,9.0
2026-08-26 12:43:40,Southern Owens Valley,LAA at Cotton. Water Temp,74.0
2026-08-26 12:43:40,Southern Owens Valley,N. Haiwee Elevation,3757.1
2026-08-26 12:43:40,Southern Owens Valley,S. Haiwee Reservoir Elevation,3727.2
2026-08-26 12:43:40,Southern District,S. Haiwee Reservoir Elevation,3727.2
2026-08-26 12:43:40,Southern District,Fairmont Reservoir Elevation,3021.8
2026-08-26 12:43:40,Southern District,LAA #1 Flow at Fairmont Reservoir,245.4
2026-08-26 12:43:40,Southern District,LAA #2 Flow at Fairmont Res.,132.1
2026-08-26 12:43:40,Southern District,Bouquet Reservoir Elevation,2976.1
2026-08-26 12:43:40,Southern District,Bouquet Reservoir Inflow,0.0
2026-08-26 12:43:40,Southern District,Bouquet Reservoir Outflow,176.2
2026-08-26 12:43:40,Southern District,LAA #1 at Soledad Flow,233.7
2026-08-26 12:43:40,Southern District,LAA #2 at Soledad Flow,250.7
2026-08-26 12:58:38,Mono Basin,Lee Vining Intake Above Flow,33.1
2026-08-26 12:58:38,Mono Basin,Lee Vining Intake Below Flow,29.6
2026-08-26 12:58:38,Mono Basin,Mono Lk. Elevation,6382.2
2026-08-26 12:58:38,Mono Basin,Walker Ck. Above Conduit Flow,4.0
2026-08-26 12:58:38,Mono Basin,L.V. Conduit Below Intake Flow,6.7
2026-08-26 12:58:38,Mono Basin,Walker Ck. Under Conduit Flow,4.0
2026-08-26 12:58:38,Mono Basin,Parker Ck. Under Conduit Flow,11.0
2026-08-26 12:58:38,Mono Basin,Parker Ck. Above Conduit Flow,12.0
2026-08-26 12:58:38,Mono Basin,Grant Lk. Spill Flow,0.0
2026-08-26 12:58:38,Mono Basin,Mono Gate 1 Return Ditch Flow,38.4
2026-08-26 12:58:38,Mono Basin,Grant Lk. Elevation,7129.3
2026-08-26 12:58:38,Mono Basin,Grant Lk. Outflow,39.3
2026-08-26 12:58:38,Mono Basin,Rush Ck. at Damsite Flow,17.5
2026-08-26 12:58:38,Mono Basin,Flow to West Portal,0.0
2026-08-26 12:58:38,Long Valley,East Portal Flow,12.0
2026-08-26 12:58:38,Long Valley,OR Below EP Flow,56.0
2026-08-26 12:58:38,Long Valley,Hot Ck.at Hwy. Flow,7.0
2026-08-26 12:58:38,Long Valley,McGee Ck. Lower Sta. Flow,10.1
2026-08-26 12:58:38,Long Valley,Long Valley Elevation,6771.1
2026-08-26 12:58:38,Long Valley,Long Valley Current Outflow,585.9
2026-08-26 12:58:38,Long Valley,Rock Ck. Div. Flow,0.0
2026-08-26 12:58:38,Long Valley,Upper Gorge Total Release,41.4
2026-08-26 12:58:38,Long Valley,Release at Middle Gorge,0.0
2026-08-26 12:58:38,Northern Owens Valley,Rock Ck. At Owens River (PV) Flow,25.5
2026-08-26 12:58:38,Northern Owens Valley,Pleasant Valley Elevation,4385.5
2026-08-26 12:58:38,Northern Owens Valley,Pleasant Valley Outflow,492.4
2026-08-26 12:58:38,Northern Owens Valley,Baker Ck. At LA Station Flow,6.5
2026-08-26 12:58:38,Northern Owens Valley,Big Pine Ck. USGS Flow,35.1
2026-08-26 12:58:38,Northern Owens Valley,O.R. Below Big Pine,486.5
2026-08-26 12:58:38,Northern Owens Valley,Fish Springs At RR Flow,31.5
2026-08-26 12:58:38,Northern Owens Valley,Tinemaha Elevation,3862.0
2026-08-26 12:58:38,Northern Owens Valley,Tinemaha Reservoir Outflow,475.8
2026-08-26 12:58:38,Northern Owens Valley,Bishop Creek Through Plant 6,105.7
2026-08-26 12:58:38,Northern Owens Valley,Bishop Creek Around Plant 6,6.9
2026-08-26 12:58:38,Southern Owens Valley,Tinemaha Elevation,3862.0
2026-08-26 12:58:38,Southern Owens Valley,Tinemaha Reservoir Outflow,475.8
2026-08-26 12:58:38,Southern Owens Valley,Indep. Ck. At Junction Flow,4.5
2026-08-26 12:58:38,Southern Owens Valley,LAA at Alabama Flow,413.0
2026-08-26 12:58:38,Southern Owens Valley,LAA at Alabama Level,7.9
2026-08-26 12:58:38,Southern Owens Valley,LAA at Alabama Water Temp,72.8
2026-08-26 12:58:38,Southern Owens Valley,Cottonwood Ck. At LAA Flow,0.0
2026-08-26 12:58:38,Southern Owens Valley,LAA at Cottonwood Flow,463.0
2026-08-26 12:58:38,Southern Owens Valley,LAA at Cottonwood Level,9.0
2026-08-26 12:58:38,Southern Owens Valley,LAA at Cotton. Water Temp,74.1
2026-08-26 12:58:38,Southern Owens Valley,N. Haiwee Elevation,3757.1
2026-08-26 12:58:38,Southern Owens Valley,S. Haiwee Reservoir Elevation,3727.2
2026-08-26 12:58:38,Southern Owens Valley,Haiwee LAA #1 Current Flow,0.0
2026-08-26 12:58:38,Southern Owens Valley,Haiwee LAA #2 Current Flow,99.9
2026-08-26 12:58:38,Southern Owens Valley,Reinhackel Flow,2.9
2026-08-26 12:58:38,Southern Owens Valley,Lubkin Spillgate Outflow,0.0
2026-08-26 12:58:38,Southern Owens Valley,Cartago Spillgate Outflow,0.0
2026-08-26 12:58:38,Southern Owens Valley,Lone Pine Creek Flow,9.8
2026-08-26 12:58:38,Lower Owens River Project,LORP Intake Flow,80.0
2026-08-26 12:58:38,Lower Owens River Project,LORP at Mazourka Canyon Road,0.0
2026-08-26 12:58:38,Lower Owens River Project,LORP at Reinhackle Springs,56.0
2026-08-26 12:58:38,Lower Owens River Project,LORP Above Pumpstation,41.0
2026-08-26 12:58:38,Lower Owens River Project,LORP At Pump Station Discharge Flow,38.0
2026-08-26 12:58:38,Southern District,Haiwee LAA #2 Current Flow,99.9
2026-08-26 12:58:38,Southern District,S. Haiwee Reservoir Elevation,3727.2
2026-08-26 12:58:38,Southern District,Haiwee LAA #1 Current Flow,0.0
2026-08-26 12:58:38,Southern District,Fairmont Reservoir Elevation,3021.8
2026-08-26 12:58:38,Southern District,LAA #1 Flow at Fairmont Reservoir,244.5
2026-08-26 12:58:38,Southern District,LAA #2 Flow at Fairmont Res.,132.6
2026-08-26 12:58:38,Southern District,Bouquet Reservoir Elevation,2976.1
2026-08-26 12:58:38,Southern District,Bouquet Reservoir Inflow,0.0
2026-08-26 12:58:38,Southern District,Bouquet Reservoir Outflow,180.8
2026-08-26 12:58:38,Southern District,LAA #1 at Soledad Flow,233.7
2026-08-26 12:58:38,Southern District,LAA #2 at Soledad Flow,250.7
2026-08-26 13:13:38,Mono Basin,Lee Vining Intake Above Flow,33.2
2026-08-26 13:13:38,Mono Basin,Lee Vining Intake Below Flow,29.6
2026-08-26 13:13:38,Mono Basin,Mono Lk. Elevation,6382.2
2026-08-26 13:13:38,Mono Basin,Walker Ck. Above Conduit Flow,4.0
2026-08-26 13:13:38,Mono Basin,L.V. Conduit Below Intake Flow,6.5
2026-08-26 13:13:38,Mono Basin,Walker Ck. Under Conduit Flow,4.0
2026-08-26 13:13:38,Mono Basin,Parker Ck. Under Conduit Flow,11.0
2026-08-26 13:13:38,Mono Basin,Parker Ck. Above Conduit Flow,12.0
2026-08-26 13:13:38,Mono Basin,Grant Lk. Spill Flow,0.0
2026-08-26 13:13:38,Mono Basin,Mono Gate 1 Return Ditch Flow,38.4
2026-08-26 13:13:38,Mono Basin,Grant Lk. Elevation,7129.3
2026-08-26 13:13:38,Mono Basin,Grant Lk. Outflow,39.3
2026-08-26 13:13:38,Mono Basin,Rush Ck. at Damsite Flow,17.5
2026-08-26 13:13:38,Mono Basin,Flow to West Portal,0.0
2026-08-26 13:13:38,Long Valley,East Portal Flow,12.0
2026-08-26 13:13:38,Long Valley,OR Below EP Flow,56.0
2026-08-26 13:13:38,Long Valley,Hot Ck.at Hwy. Flow,7.0
2026-08-26 13:13:38,Long Valley,McGee Ck. Lower Sta. Flow,10.1
2026-08-26 13:13:38,Long Valley,Long Valley Elevation,6771.1
2026-08-26 13:13:38,Long Valley,Long Valley Current Outflow,578.0
2026-08-26 13:13:38,Long Valley,Rock Ck. Div. Flow,0.0
2026-08-26 13:13:38,Long Valley,Upper Gorge Total Release,41.0
2026-08-26 13:13:38,Long Valley,Release at Middle Gorge,0.0
2026-08-26 13:13:38,Northern Owens Valley,Rock Ck. At Owens River (PV) Flow,25.1
2026-08-26 13:13:38,Northern Owens Valley,Pleasant Valley Elevation,4385.6
2026-08-26 13:13:38,Northern Owens Valley,Pleasant Valley Outflow,492.7
2026-08-26 13:13:38,Northern Owens Valley,Baker Ck. At LA Station Flow,6.5
2026-08-26 13:13:38,Northern Owens Valley,Big Pine Ck. USGS Flow,35.1
2026-08-26 13:13:38,Northern Owens Valley,O.R. Below Big Pine,485.5
2026-08-26 13:13:38,Northern Owens Valley,Fish Springs At RR Flow,31.5
2026-08-26 13:13:38,Northern Owens Valley,Tinemaha Reservoir Outflow,475.8
2026-08-26 13:13:38,Northern Owens Valley,Bishop Creek Through Plant 6,105.7
2026-08-26 13:13:38,Northern Owens Valley,Bishop Creek Around Plant 6,6.9
2026-08-26 13:13:38,Southern Owens Valley,Tinemaha Reservoir Outflow,475.8
2026-08-26 13:13:38,Southern Owens Valley,Indep. Ck. At Junction Flow,4.5
2026-08-26 13:13:38,Southern Owens Valley,LAA at Alabama Flow,412.0
2026-08-26 13:13:38,Southern Owens Valley,LAA at Alabama Level,7.9
2026-08-26 13:13:38,Southern Owens Valley,LAA at Alabama Water Temp,72.9
2026-08-26 13:13:38,Southern Owens Valley,Cottonwood Ck. At LAA Flow,0.0
2026-08-26 13:13:38,Southern Owens Valley,LAA at Cottonwood Flow,463.0
2026-08-26 13:13:38,Southern Owens Valley,LAA at Cottonwood Level,9.0
2026-08-26 13:13:38,Southern Owens Valley,LAA at Cotton. Water Temp,74.3
2026-08-26 13:13:38,Southern Owens Valley,N. Haiwee Elevation,3757.1
2026-08-26 13:13:38,Southern Owens Valley,S. Haiwee Reservoir Elevation,3727.2
2026-08-26 13:13:38,Southern Owens Valley,Haiwee LAA #1 Current Flow,0.0
2026-08-26 13:13:38,Southern Owens Valley,Haiwee LAA #2 Current Flow,99.9
2026-08-26 13:13:38,Southern Owens Valley,Reinhackel Flow,2.9
2026-08-26 13:13:38,Southern Owens Valley,Lubkin Spillgate Outflow,0.0
2026-08-26 13:13:38,Southern Owens Valley,Cartago Spillgate Outflow,0.0
2026-08-26 13:13:38,Southern Owens Valley,Lone Pine Creek Flow,9.8
2026-08-26 13:13:38,Lower Owens River Project,LORP Intake Flow,80.0
2026-08-26 13:13:38,Lower Owens River Project,LORP at Mazourka Canyon Road,0.0
2026-08-26 13:13:38,Lower Owens River Project,LORP at Reinhackle Springs,56.0
2026-08-26 13:13:38,Lower Owens River Project,LORP Above Pumpstation,52.0
2026-08-26 13:13:38,Lower Owens River Project,LORP At Pump Station Discharge Flow,49.0
2026-08-26 13:13:38,Southern District,Haiwee LAA #2 Current Flow,99.9
2026-08-26 13:13:38,Southern District,S. Haiwee Reservoir Elevation,3727.2
2026-08-26 13:13:38,Southern District,Haiwee LAA #1 Current Flow,0.0
2026-08-26 13:13:38,Southern District,Fairmont Reservoir Elevation,3021.8
2026-08-26 13:13:38,Southern District,LAA #1 Flow at Fairmont Reservoir,243.8
2026-08-26 13:13:38,Southern District,LAA #2 Flow at Fairmont Res.,132.6
2026-08-26 13:13:38,Southern District,Bouquet Reservoir Elevation,2976.0
2026-08-26 13:13:38,Southern District,Bouquet Reservoir Inflow,0.0
2026-08-26 13:13:38,Southern District,Bouquet Reservoir Outflow,176.4
2026-08-26 13:13:38,Southern District,LAA #1 at Soledad Flow,233.7
2026-08-26 13:13:38,Southern District,LAA #2 at Soledad Flow,250.7
2026-08-26 13:28:39,Mono Basin,Lee Vining Intake Above Flow,33.2
2026-08-26 13:28:39,Mono Basin,Lee Vining Intake Below Flow,29.6
2026-08-26 13:28:39,Mono Basin,Mono Lk. Elevation,6382.2
2026-08-26 13:28:39,Mono Basin,Walker Ck. Above Conduit Flow,4.0
2026-08-26 13:28:39,Mono Basin,L.V. Conduit Below Intake Flow,6.5
2026-08-26 13:28:39,Mono Basin,Walker Ck. Under Conduit Flow,4.0
2026-08-26 13:28:39,Mono Basin,Parker Ck. Under Conduit Flow,11.0
2026-08-26 13:28:39,Mono Basin,Parker Ck. Above Conduit Flow,12.0
2026-08-26 13:28:39,Mono Basin,Grant Lk. Spill Flow,0.0
2026-08-26 13:28:39,Mono Basin,Mono Gate 1 Return Ditch Flow,38.6
2026-08-26 13:28:39,Mono Basin,Grant Lk. Elevation,7129.3
2026-08-26 13:28:39,Mono Basin,Grant Lk. Outflow,39.9
2026-08-26 13:28:39,Mono Basin,Rush Ck. at Damsite Flow,17.5
2026-08-26 13:28:39,Mono Basin,Flow to West Portal,0.0
2026-08-26 13:28:39,Long Valley,East Portal Flow,12.0
2026-08-26 13:28:39,Long Valley,OR Below EP Flow,56.0
2026-08-26 13:28:39,Long Valley,Hot Ck.at Hwy. Flow,7.0
2026-08-26 13:28:39,Long Valley,McGee Ck. Lower Sta. Flow,10.1
2026-08-26 13:28:39,Long Valley,Long Valley Elevation,6771.0
2026-08-26 13:28:39,Long Valley,Long Valley Current Outflow,585.7
2026-08-26 13:28:39,Long Valley,Rock Ck. Div. Flow,0.0
2026-08-26 13:28:39,Long Valley,Upper Gorge Total Release,41.0
2026-08-26 13:28:39,Long Valley,Release at Middle Gorge,0.0
2026-08-26 13:28:39,Northern Owens Valley,Rock Ck. At Owens River (PV) Flow,25.1
2026-08-26 13:28:39,Northern Owens Valley,Pleasant Valley Elevation,4385.6
2026-08-26 13:28:39,Northern Owens Valley,Pleasant Valley Outflow,492.7
2026-08-26 13:28:39,Northern Owens Valley,Baker Ck. At LA Station Flow,6.5
2026-08-26 13:28:39,Northern Owens Valley,Big Pine Ck. USGS Flow,35.1
2026-08-26 13:28:39,Northern Owens Valley,O.R. Below Big Pine,486.3
2026-08-26 13:28:39,Northern Owens Valley,Fish Springs At RR Flow,31.5
2026-08-26 13:28:39,Northern Owens Valley,Tinemaha Elevation,3862.0
2026-08-26 13:28:39,Northern Owens Valley,Tinemaha Reservoir Outflow,475.8
2026-08-26 13:28:39,Northern Owens Valley,Bishop Creek Through Plant 6,111.8
2026-08-26 13:28:39,Northern Owens Valley,Bishop Creek Around Plant 6,6.9
2026-08-26 13:28:39,Southern Owens Valley,Tinemaha Elevation,3862.0
2026-08-26 13:28:39,Southern Owens Valley,Tinemaha Reservoir Outflow,475.8
2026-08-26 13:28:39,Southern Owens Valley,Indep. Ck. At Junction Flow,4.5
2026-08-26 13:28:39,Southern Owens Valley,LAA at Alabama Flow,412.0
2026-08-26 13:28:39,Southern Owens Valley,LAA at Alabama Level,7.9
2026-08-26 13:28:39,Southern Owens Valley,LAA at Alabama Water Temp,72.9
2026-08-26 13:28:39,Southern Owens Valley,Cottonwood Ck. At LAA Flow,0.0
2026-08-26 13:28:39,Southern Owens Valley,LAA at Cottonwood Flow,463.0
2026-08-26 13:28:39,Southern Owens Valley,LAA at Cottonwood Level,9.0
2026-08-26 13:28:39,Southern Owens Valley,LAA at Cotton. Water Temp,74.3
2026-08-26 13:28:39,Southern Owens Valley,N. Haiwee Elevation,3757.1
2026-08-26 13:28:39,Southern Owens Valley,S. Haiwee Reservoir Elevation,3727.2
2026-08-26 13:28:39,Southern Owens Valley,Haiwee LAA #1 Current Flow,0.0
2026-08-26 13:28:39,Southern Owens Valley,Haiwee LAA #2 Current Flow,99.9
2026-08-26 13:28:39,Southern Owens Valley,Reinhackel Flow,2.9
2026-08-26 13:28:39,Southern Owens Valley,Lubkin Spillgate Outflow,0.0
2026-08-26 13:28:39,Southern Owens Valley,Cartago Spillgate Outflow,0.0
2026-08-26 13:28:39,Southern Owens Valley,Lone Pine Creek Flow,9.8
2026-08-26 13:28:39,Lower Owens River Project,LORP Intake Flow,80.0
2026-08-26 13:28:39,Lower Owens River Project,LORP at Mazourka Canyon Road,0.0
2026-08-26 13:28:39,Lower Owens River Project,LORP at Reinhackle Springs,56.0
2026-08-26 13:28:39,Lower Owens River Project,LORP Above Pumpstation,51.0
2026-08-26 13:28:39,Lower Owens River Project,LORP At Pump Station Discharge Flow,48.0
2026-08-26 13:28:39,Southern District,Haiwee LAA #2 Current Flow,99.9
2026-08-26 13:28:39,Southern District,S. Haiwee Reservoir Elevation,3727.2
2026-08-26 13:28:39,Southern District,Haiwee LAA #1 Current Flow,0.0
2026-08-26 13:28:39,Southern District,Fairmont Reservoir Elevation,3021.8
2026-08-26 13:28:39,Southern District,LAA #1 Flow at Fairmont Reservoir,241.3
2026-08-26 13:28:39,Southern District,LAA #2 Flow at Fairmont Res.,132.5
2026-08-26 13:28:39,Southern District,Bouquet Reservoir Elevation,2976.0
2026-08-26 13:28:39,Southern District,Bouquet Reservoir Inflow,0.0
2026-08-26 13:28:39,Southern District,Bouquet Reservoir Outflow,181.7
2026-08-26 13:28:39,Southern District,LAA #1 at Soledad Flow,233.7
2026-08-26 13:28:39,Southern District,LAA #2 at Soledad Flow,250.7
2026-08-26 13:43:39,Northern Owens Valley,Rock Ck. At Owens River (PV) Flow,25.1
2026-08-26 13:43:39,Northern Owens Valley,Baker Ck. At LA Station Flow,6.5
2026-08-26 13:43:39,Northern Owens Valley,Big Pine Ck. USGS Flow,35.1
2026-08-26 13:43:39,Northern Owens Valley,O.R. Below Big Pine,486.7
2026-08-26 13:43:39,Northern Owens Valley,Fish Springs At RR Flow,31.5
2026-08-26 13:43:39,Northern Owens Valley,Tinemaha Reservoir Outflow,475.8
2026-08-26 13:43:39,Southern Owens Valley,Tinemaha Reservoir Outflow,475.8
2026-08-26 13:43:39,Southern Owens Valley,Indep. Ck. At Junction Flow,4.5
2026-08-26 13:43:39,Southern Owens Valley,LAA at Alabama Flow,412.0
2026-08-26 13:43:39,Southern Owens Valley,Cottonwood Ck. At LAA Flow,0.0
2026-08-26 13:43:39,Southern Owens Valley,LAA at Cottonwood Flow,462.0
2026-08-26 13:43:39,Southern Owens Valley,Haiwee LAA #1 Current Flow,0.0
2026-08-26 13:43:39,Southern Owens Valley,Haiwee LAA #2 Current Flow,99.9
2026-08-26 13:43:39,Southern Owens Valley,Reinhackel Flow,2.9
2026-08-26 13:43:39,Southern Owens Valley,Lubkin Spillgate Outflow,0.0
2026-08-26 13:43:39,Southern Owens Valley,Cartago Spillgate Outflow,0.0
2026-08-26 13:43:39,Southern Owens Valley,Lone Pine Creek Flow,9.8
2026-08-26 13:43:39,Lower Owens River Project,LORP Intake Flow,80.0
2026-08-26 13:43:39,Lower Owens River Project,LORP at Mazourka Canyon Road,0.0
2026-08-26 13:43:39,Lower Owens River Project,LORP at Reinhackle Springs,56.0
2026-08-26 13:43:39,Lower Owens River Project,LORP Above Pumpstation,51.0
2026-08-26 13:43:39,Lower Owens River Project,LORP At Pump Station Discharge Flow,48.0
2026-08-26 13:43:39,Southern District,Haiwee LAA #2 Current Flow,99.9
2026-08-26 13:43:39,Southern District,Haiwee LAA #1 Current Flow,0.0
2026-08-26 13:43:40,Mono Basin,Lee Vining Intake Above Flow,32.8
2026-08-26 13:43:40,Mono Basin,Lee Vining Intake Below Flow,29.6
2026-08-26 13:43:40,Mono Basin,Mono Lk. Elevation,6382.2
2026-08-26 13:43:40,Mono Basin,Walker Ck. Above Conduit Flow,4.0
2026-08-26 13:43:40,Mono Basin,L.V. Conduit Below Intake Flow,6.4
2026-08-26 13:43:40,Mono Basin,Walker Ck. Under Conduit Flow,4.0
2026-08-26 13:43:40,Mono Basin,Parker Ck. Under Conduit Flow,11.0
2026-08-26 13:43:40,Mono Basin,Parker Ck. Above Conduit Flow,12.0
2026-08-26 13:43:40,Mono Basin,Grant Lk. Spill Flow,0.0
2026-08-26 13:43:40,Mono Basin,Mono Gate 1 Return Ditch Flow,38.6
2026-08-26 13:43:40,Mono Basin,Grant Lk. Elevation,7129.3
2026-08-26 13:43:40,Mono Basin,Grant Lk. Outflow,39.9
2026-08-26 13:43:40,Mono Basin,Rush Ck. at Damsite Flow,17.5
2026-08-26 13:43:40,Mono Basin,Flow to West Portal,0.0
2026-08-26 13:43:40,Long Valley,East Portal Flow,12.0
2026-08-26 13:43:40,Long Valley,OR Below EP Flow,56.0
2026-08-26 13:43:40,Long Valley,Hot Ck.at Hwy. Flow,7.0
2026-08-26 13:43:40,Long Valley,McGee Ck. Lower Sta. Flow,10.1
2026-08-26 13:43:40,Long Valley,Long Valley Elevation,6771.0
2026-08-26 13:43:40,Long Valley,Long Valley Current Outflow,585.7
2026-08-26 13:43:40,Long Valley,Rock Ck. Div. Flow,0.0
2026-08-26 13:43:40,Long Valley,Upper Gorge Total Release,41.4
2026-08-26 13:43:40,Long Valley,Release at Middle Gorge,0.0
2026-08-26 13:43:40,Northern Owens Valley,Pleasant Valley Elevation,4385.6
2026-08-26 13:43:40,Northern Owens Valley,Pleasant Valley Outflow,493.0
2026-08-26 13:43:40,Northern Owens Valley,Bishop Creek Through Plant 6,104.9
2026-08-26 13:43:40,Northern Owens Valley,Bishop Creek Around Plant 6,6.8
2026-08-26 13:43:40,Southern Owens Valley,LAA at Alabama Level,7.9
2026-08-26 13:43:40,Southern Owens Valley,LAA at Alabama Water Temp,72.9
2026-08-26 13:43:40,Southern Owens Valley,LAA at Cottonwood Level,9.0
2026-08-26 13:43:40,Southern Owens Valley,LAA at Cotton. Water Temp,74.6
2026-08-26 13:43:40,Southern Owens Valley,N. Haiwee Elevation,3757.1
2026-08-26 13:43:40,Southern Owens Valley,S. Haiwee Reservoir Elevation,3727.2
2026-08-26 13:43:40,Southern District,S. Haiwee Reservoir Elevation,3727.2
2026-08-26 13:43:40,Southern District,Fairmont Reservoir Elevation,3021.8
2026-08-26 13:43:40,Southern District,LAA #1 Flow at Fairmont Reservoir,244.4
2026-08-26 13:43:40,Southern District,LAA #2 Flow at Fairmont Res.,132.5
2026-08-26 13:43:40,Southern District,Bouquet Reservoir Elevation,2976.0
2026-08-26 13:43:40,Southern District,Bouquet Reservoir Inflow,0.0
2026-08-26 13:43:40,Southern District,Bouquet Reservoir Outflow,177.6
2026-08-26 13:43:40,Southern District,LAA #1 at Soledad Flow,233.7
2026-08-26 13:43:40,Southern District,LAA #2 at Soledad Flow,250.7
2026-08-26 13:58:38,Mono Basin,Lee Vining Intake Above Flow,32.8
2026-08-26 13:58:38,Mono Basin,Lee Vining Intake Below Flow,29.6
2026-08-26 13:58:38,Mono Basin,Mono Lk. Elevation,6382.2
2026-08-26 13:58:38,Mono Basin,Walker Ck. Above Conduit Flow,4.0
2026-08-26 13:58:38,Mono Basin,L.V. Conduit Below Intake Flow,6.4
2026-08-26 13:58:38,Mono Basin,Walker Ck. Under Conduit Flow,4.0
2026-08-26 13:58:38,Mono Basin,Parker Ck. Under Conduit Flow,11.0
2026-08-26 13:58:38,Mono Basin,Parker Ck. Above Conduit Flow,12.0
2026-08-26 13:58:38,Mono Basin,Grant Lk. Spill Flow,0.0
2026-08-26 13:58:38,Mono Basin,Mono Gate 1 Return Ditch Flow,38.6
2026-08-26 13:58:38,Mono Basin,Grant Lk. Elevation,7129.3
2026-08-26 13:58:38,Mono Basin,Grant Lk. Outflow,39.9
2026-08-26 13:58:38,Mono Basin,Rush Ck. at Damsite Flow,17.5
2026-08-26 13:58:38,Mono Basin,Flow to West Portal,0.0
2026-08-26 13:58:38,Long Valley,East Portal Flow,12.0
2026-08-26 13:58:38,Long Valley,OR Below EP Flow,56.0
2026-08-26 13:58:38,Long Valley,Hot Ck.at Hwy. Flow,7.0
2026-08-26 13:58:38,Long Valley,McGee Ck. Lower Sta. Flow,10.1
2026-08-26 13:58:38,Long Valley,Long Valley Elevation,6771.0
2026-08-26 13:58:38,Long Valley,Long Valley Current Outflow,580.9
2026-08-26 13:58:38,Long Valley,Rock Ck. Div. Flow,0.0
2026-08-26 13:58:38,Long Valley,Upper Gorge Total Release,40.6
2026-08-26 13:58:38,Long Valley,Release at Middle Gorge,0.0
2026-08-26 13:58:38,Northern Owens Valley,Rock Ck. At Owens River (PV) Flow,25.1
2026-08-26 13:58:38,Northern Owens Valley,Pleasant Valley Elevation,4385.6
2026-08-26 13:58:38,Northern Owens Valley,Pleasant Valley Outflow,493.0
2026-08-26 13:58:38,Northern Owens Valley,Baker Ck. At LA Station Flow,6.5
2026-08-26 13:58:38,Northern Owens Valley,Big Pine Ck. USGS Flow,35.1
2026-08-26 13:58:38,Northern Owens Valley,O.R. Below Big Pine,486.9
2026-08-26 13:58:38,Northern Owens Valley,Fish Springs At RR Flow,31.5
2026-08-26 13:58:38,Northern Owens Valley,Tinemaha Elevation,3862.0
2026-08-26 13:58:38,Northern Owens Valley,Tinemaha Reservoir Outflow,475.8
2026-08-26 13:58:38,Northern Owens Valley,Bishop Creek Through Plant 6,104.9
2026-08-26 13:58:38,Northern Owens Valley,Bishop Creek Around Plant 6,6.8
2026-08-26 13:58:38,Southern Owens Valley,Tinemaha Elevation,3862.0
2026-08-26 13:58:38,Southern Owens Valley,Tinemaha Reservoir Outflow,475.8
2026-08-26 13:58:38,Southern Owens Valley,Indep. Ck. At Junction Flow,4.5
2026-08-26 13:58:38,Southern Owens Valley,LAA at Alabama Flow,412.0
2026-08-26 13:58:38,Southern Owens Valley,LAA at Alabama Level,7.9
2026-08-26 13:58:38,Southern Owens Valley,LAA at Alabama Water Temp,72.9
2026-08-26 13:58:38,Southern Owens Valley,Cottonwood Ck. At LAA Flow,0.0
2026-08-26 13:58:38,Southern Owens Valley,LAA at Cottonwood Flow,462.0
2026-08-26 13:58:38,Southern Owens Valley,LAA at Cottonwood Level,9.0
2026-08-26 13:58:38,Southern Owens Valley,LAA at Cotton. Water Temp,74.6
2026-08-26 13:58:38,Southern Owens Valley,N. Haiwee Elevation,3757.1
2026-08-26 13:58:38,Southern Owens Valley,S. Haiwee Reservoir Elevation,3727.2
2026-08-26 13:58:38,Southern Owens Valley,Haiwee LAA #1 Current Flow,0.0
2026-08-26 13:58:38,Southern Owens Valley,Haiwee LAA #2 Current Flow,99.9
2026-08-26 13:58:38,Southern Owens Valley,Reinhackel Flow,2.9
2026-08-26 13:58:38,Southern Owens Valley,Lubkin Spillgate Outflow,0.0
2026-08-26 13:58:38,Southern Owens Valley,Cartago Spillgate Outflow,0.0
2026-08-26 13:58:38,Southern Owens Valley,Lone Pine Creek Flow,9.8
2026-08-26 13:58:38,Lower Owens River Project,LORP Intake Flow,80.0
2026-08-26 13:58:38,Lower Owens River Project,LORP at Mazourka Canyon Road,0.0
2026-08-26 13:58:38,Lower Owens River Project,LORP at Reinhackle Springs,56.0
2026-08-26 13:58:38,Lower Owens River Project,LORP Above Pumpstation,51.0
2026-08-26 13:58:38,Lower Owens River Project,LORP At Pump Station Discharge Flow,48.0
2026-08-26 13:58:38,Southern District,Haiwee LAA #2 Current Flow,99.9
2026-08-26 13:58:38,Southern District,S. Haiwee Reservoir Elevation,3727.2
2026-08-26 13:58:38,Southern District,Haiwee LAA #1 Current Flow,0.0
2026-08-26 13:58:38,Southern District,Fairmont Reservoir Elevation,3021.8
2026-08-26 13:58:38,Southern District,LAA #1 Flow at Fairmont Reservoir,244.4
2026-08-26 13:58:38,Southern District,LAA #2 Flow at Fairmont Res.,132.5
2026-08-26 13:58:38,Southern District,Bouquet Reservoir Inflow,0.0
2026-08-26 13:58:38,Southern District,Bouquet Reservoir Outflow,176.8
2026-08-26 13:58:38,Southern District,LAA #1 at Soledad Flow,233.7
2026-08-26 13:58:38,Southern District,LAA #2 at Soledad Flow,250.7
2026-08-26 13:58:39,Southern District,Bouquet Reservoir Elevation,2976.0
2026-08-26 14:13:39,Mono Basin,Lee Vining Intake Above Flow,32.6
2026-08-26 14:13:39,Mono Basin,Lee Vining Intake Below Flow,29.5
2026-08-26 14:13:39,Mono Basin,Mono Lk. Elevation,6382.2
2026-08-26 14:13:39,Mono Basin,Walker Ck. Above Conduit Flow,4.0
2026-08-26 14:13:39,Mono Basin,L.V. Conduit Below Intake Flow,6.2
2026-08-26 14:13:39,Mono Basin,Walker Ck. Under Conduit Flow,4.0
2026-08-26 14:13:39,Mono Basin,Parker Ck. Under Conduit Flow,11.0
2026-08-26 14:13:39,Mono Basin,Parker Ck. Above Conduit Flow,12.0
2026-08-26 14:13:39,Mono Basin,Grant Lk. Spill Flow,0.0
2026-08-26 14:13:39,Mono Basin,Mono Gate 1 Return Ditch Flow,38.6
2026-08-26 14:13:39,Mono Basin,Grant Lk. Elevation,7129.3
2026-08-26 14:13:39,Mono Basin,Grant Lk. Outflow,39.9
2026-08-26 14:13:39,Mono Basin,Rush Ck. at Damsite Flow,17.5
2026-08-26 14:13:39,Mono Basin,Flow to West Portal,0.0
2026-08-26 14:13:39,Long Valley,East Portal Flow,12.0
2026-08-26 14:13:39,Long Valley,OR Below EP Flow,56.0
2026-08-26 14:13:39,Long Valley,Hot Ck.at Hwy. Flow,7.0
2026-08-26 14:13:39,Long Valley,McGee Ck. Lower Sta. Flow,10.1
2026-08-26 14:13:39,Long Valley,Long Valley Elevation,6771.0
2026-08-26 14:13:39,Long Valley,Long Valley Current Outflow,580.9
2026-08-26 14:13:39,Long Valley,Rock Ck. Div. Flow,0.0
2026-08-26 14:13:39,Long Valley,Upper Gorge Total Release,41.0
2026-08-26 14:13:39,Long Valley,Release at Middle Gorge,0.0
2026-08-26 14:13:39,Northern Owens Valley,Rock Ck. At Owens River (PV) Flow,25.1
2026-08-26 14:13:39,Northern Owens Valley,Pleasant Valley Elevation,4385.7
2026-08-26 14:13:39,Northern Owens Valley,Pleasant Valley Outflow,493.0
2026-08-26 14:13:39,Northern Owens Valley,Baker Ck. At LA Station Flow,6.5
2026-08-26 14:13:39,Northern Owens Valley,Big Pine Ck. USGS Flow,35.1
2026-08-26 14:13:39,Northern Owens Valley,O.R. Below Big Pine,487.9
2026-08-26 14:13:39,Northern Owens Valley,Fish Springs At RR Flow,31.5
2026-08-26 14:13:39,Northern Owens Valley,Tinemaha Reservoir Outflow,475.0
2026-08-26 14:13:39,Northern Owens Valley,Bishop Creek Through Plant 6,119.7
2026-08-26 14:13:39,Northern Owens Valley,Bishop Creek Around Plant 6,7.0
2026-08-26 14:13:39,Southern Owens Valley,Tinemaha Reservoir Outflow,475.0
2026-08-26 14:13:39,Southern Owens Valley,Indep. Ck. At Junction Flow,4.5
2026-08-26 14:13:39,Southern Owens Valley,LAA at Alabama Flow,412.0
2026-08-26 14:13:39,Southern Owens Valley,LAA at Alabama Level,7.9
2026-08-26 14:13:39,Southern Owens Valley,LAA at Alabama Water Temp,73.3
2026-08-26 14:13:39,Southern Owens Valley,Cottonwood Ck. At LAA Flow,0.0
2026-08-26 14:13:39,Southern Owens Valley,LAA at Cottonwood Flow,463.0
2026-08-26 14:13:39,Southern Owens Valley,LAA at Cottonwood Level,9.0
2026-08-26 14:13:39,Southern Owens Valley,LAA at Cotton. Water Temp,74.9
2026-08-26 14:13:39,Southern Owens Valley,N. Haiwee Elevation,3757.1
2026-08-26 14:13:39,Southern Owens Valley,S. Haiwee Reservoir Elevation,3727.2
2026-08-26 14:13:39,Southern Owens Valley,Haiwee LAA #1 Current Flow,0.0
2026-08-26 14:13:39,Southern Owens Valley,Haiwee LAA #2 Current Flow,99.9
2026-08-26 14:13:39,Southern Owens Valley,Reinhackel Flow,2.9
2026-08-26 14:13:39,Southern Owens Valley,Lubkin Spillgate Outflow,0.0
2026-08-26 14:13:39,Southern Owens Valley,Cartago Spillgate Outflow,0.0
2026-08-26 14:13:39,Southern Owens Valley,Lone Pine Creek Flow,9.8
2026-08-26 14:13:39,Lower Owens River Project,LORP Intake Flow,80.0
2026-08-26 14:13:39,Lower Owens River Project,LORP at Mazourka Canyon Road,0.0
2026-08-26 14:13:39,Lower Owens River Project,LORP at Reinhackle Springs,56.0
2026-08-26 14:13:39,Lower Owens River Project,LORP Above Pumpstation,52.0
2026-08-26 14:13:39,Lower Owens River Project,LORP At Pump Station Discharge Flow,49.0
2026-08-26 14:13:39,Southern District,Haiwee LAA #2 Current Flow,99.9
2026-08-26 14:13:39,Southern District,S. Haiwee Reservoir Elevation,3727.2
2026-08-26 14:13:39,Southern District,Haiwee LAA #1 Current Flow,0.0
2026-08-26 14:13:39,Southern District,Fairmont Reservoir Elevation,3021.8
2026-08-26 14:13:39,Southern District,LAA #1 Flow at Fairmont Reservoir,244.7
2026-08-26 14:13:39,Southern District,LAA #2 Flow at Fairmont Res.,132.5
2026-08-26 14:13:39,Southern District,Bouquet Reservoir Elevation,2976.0
2026-08-26 14:13:39,Southern District,Bouquet Reservoir Inflow,0.0
2026-08-26 14:13:39,Southern District,Bouquet Reservoir Outflow,176.9
2026-08-26 14:13:39,Southern District,LAA #1 at Soledad Flow,233.7
2026-08-26 14:13:39,Southern District,LAA #2 at Soledad Flow,250.7
2026-08-26 14:28:38,Mono Basin,Lee Vining Intake Above Flow,32.6
2026-08-26 14:28:38,Mono Basin,Lee Vining Intake Below Flow,29.5
2026-08-26 14:28:38,Mono Basin,Mono Lk. Elevation,6382.2
2026-08-26 14:28:38,Mono Basin,Walker Ck. Above Conduit Flow,4.0
2026-08-26 14:28:38,Mono Basin,L.V. Conduit Below Intake Flow,6.2
2026-08-26 14:28:38,Mono Basin,Walker Ck. Under Conduit Flow,4.0
2026-08-26 14:28:38,Mono Basin,Parker Ck. Under Conduit Flow,11.0
2026-08-26 14:28:38,Mono Basin,Parker Ck. Above Conduit Flow,12.0
2026-08-26 14:28:38,Mono Basin,Grant Lk. Spill Flow,0.0
2026-08-26 14:28:38,Mono Basin,Mono Gate 1 Return Ditch Flow,38.7
2026-08-26 14:28:38,Mono Basin,Grant Lk. Elevation,7129.2
2026-08-26 14:28:38,Mono Basin,Grant Lk. Outflow,39.9
2026-08-26 14:28:38,Mono Basin,Rush Ck. at Damsite Flow,17.5
2026-08-26 14:28:38,Mono Basin,Flow to West Portal,0.0
2026-08-26 14:28:38,Long Valley,East Portal Flow,12.0
2026-08-26 14:28:38,Long Valley,OR Below EP Flow,56.0
2026-08-26 14:28:38,Long Valley,Hot Ck.at Hwy. Flow,7.0
2026-08-26 14:28:38,Long Valley,McGee Ck. Lower Sta. Flow,10.1
2026-08-26 14:28:38,Long Valley,Long Valley Elevation,6771.0
2026-08-26 14:28:38,Long Valley,Long Valley Current Outflow,581.5
2026-08-26 14:28:38,Long Valley,Rock Ck. Div. Flow,0.0
2026-08-26 14:28:38,Long Valley,Upper Gorge Total Release,40.6
2026-08-26 14:28:38,Long Valley,Release at Middle Gorge,0.0
2026-08-26 14:28:38,Northern Owens Valley,Rock Ck. At Owens River (PV) Flow,25.1
2026-08-26 14:28:38,Northern Owens Valley,Pleasant Valley Elevation,4385.7
2026-08-26 14:28:38,Northern Owens Valley,Pleasant Valley Outflow,493.3
2026-08-26 14:28:38,Northern Owens Valley,Baker Ck. At LA Station Flow,6.5
2026-08-26 14:28:38,Northern Owens Valley,Big Pine Ck. USGS Flow,35.1
2026-08-26 14:28:38,Northern Owens Valley,O.R. Below Big Pine,487.9
2026-08-26 14:28:38,Northern Owens Valley,Fish Springs At RR Flow,31.5
2026-08-26 14:28:38,Northern Owens Valley,Tinemaha Elevation,3862.0
2026-08-26 14:28:38,Northern Owens Valley,Tinemaha Reservoir Outflow,475.0
2026-08-26 14:28:38,Northern Owens Valley,Bishop Creek Through Plant 6,110.4
2026-08-26 14:28:38,Northern Owens Valley,Bishop Creek Around Plant 6,7.0
2026-08-26 14:28:38,Southern Owens Valley,Tinemaha Elevation,3862.0
2026-08-26 14:28:38,Southern Owens Valley,Tinemaha Reservoir Outflow,475.0
2026-08-26 14:28:38,Southern Owens Valley,Indep. Ck. At Junction Flow,4.5
2026-08-26 14:28:38,Southern Owens Valley,LAA at Alabama Flow,412.0
2026-08-26 14:28:38,Southern Owens Valley,LAA at Alabama Level,7.9
2026-08-26 14:28:38,Southern Owens Valley,LAA at Alabama Water Temp,73.3
2026-08-26 14:28:38,Southern Owens Valley,Cottonwood Ck. At LAA Flow,0.0
2026-08-26 14:28:38,Southern Owens Valley,LAA at Cottonwood Flow,463.0
2026-08-26 14:28:38,Southern Owens Valley,LAA at Cottonwood Level,9.0
2026-08-26 14:28:38,Southern Owens Valley,LAA at Cotton. Water Temp,74.9
2026-08-26 14:28:38,Southern Owens Valley,N. Haiwee Elevation,3757.1
2026-08-26 14:28:38,Southern Owens Valley,S. Haiwee Reservoir Elevation,3727.2
2026-08-26 14:28:38,Southern Owens Valley,Haiwee LAA #1 Current Flow,0.0
2026-08-26 14:28:38,Southern Owens Valley,Haiwee LAA #2 Current Flow,99.9
2026-08-26 14:28:38,Southern Owens Valley,Reinhackel Flow,2.9
2026-08-26 14:28:38,Southern Owens Valley,Lubkin Spillgate Outflow,0.0
2026-08-26 14:28:38,Southern Owens Valley,Cartago Spillgate Outflow,0.0
2026-08-26 14:28:38,Southern Owens Valley,Lone Pine Creek Flow,9.8
2026-08-26 14:28:38,Lower Owens River Project,LORP Intake Flow,80.0
2026-08-26 14:28:38,Lower Owens River Project,LORP at Mazourka Canyon Road,0.0
2026-08-26 14:28:38,Lower Owens River Project,LORP at Reinhackle Springs,57.0
2026-08-26 14:28:38,Lower Owens River Project,LORP Above Pumpstation,42.0
2026-08-26 14:28:38,Lower Owens River Project,LORP At Pump Station Discharge Flow,38.0
2026-08-26 14:28:38,Southern District,Haiwee LAA #2 Current Flow,99.9
2026-08-26 14:28:38,Southern District,S. Haiwee Reservoir Elevation,3727.2
2026-08-26 14:28:38,Southern District,Haiwee LAA #1 Current Flow,0.0
2026-08-26 14:28:38,Southern District,Fairmont Reservoir Elevation,3021.8
2026-08-26 14:28:38,Southern District,LAA #1 Flow at Fairmont Reservoir,246.3
2026-08-26 14:28:38,Southern District,LAA #2 Flow at Fairmont Res.,132.5
2026-08-26 14:28:38,Southern District,Bouquet Reservoir Elevation,2976.0
2026-08-26 14:28:38,Southern District,Bouquet Reservoir Inflow,0.0
2026-08-26 14:28:38,Southern District,Bouquet Reservoir Outflow,182.0
2026-08-26 14:28:38,Southern District,LAA #1 at Soledad Flow,233.7
2026-08-26 14:28:38,Southern District,LAA #2 at Soledad Flow,250.7
2026-08-26 14:43:39,Mono Basin,Lee Vining Intake Above Flow,32.5
2026-08-26 14:43:39,Mono Basin,Lee Vining Intake Below Flow,29.5
2026-08-26 14:43:39,Mono Basin,Walker Ck. Above Conduit Flow,4.0
2026-08-26 14:43:39,Mono Basin,L.V. Conduit Below Intake Flow,6.2
2026-08-26 14:43:39,Mono Basin,Walker Ck. Under Conduit Flow,4.0
2026-08-26 14:43:39,Mono Basin,Parker Ck. Under Conduit Flow,11.0
2026-08-26 14:43:39,Mono Basin,Parker Ck. Above Conduit Flow,12.0
2026-08-26 14:43:39,Mono Basin,Grant Lk. Spill Flow,0.0
2026-08-26 14:43:39,Mono Basin,Mono Gate 1 Return Ditch Flow,38.7
2026-08-26 14:43:39,Mono Basin,Grant Lk. Outflow,39.9
2026-08-26 14:43:39,Mono Basin,Rush Ck. at Damsite Flow,17.5
2026-08-26 14:43:39,Mono Basin,Flow to West Portal,0.0
2026-08-26 14:43:39,Long Valley,East Portal Flow,12.0
2026-08-26 14:43:39,Long Valley,OR Below EP Flow,56.0
2026-08-26 14:43:39,Long Valley,Hot Ck.at Hwy. Flow,7.0
2026-08-26 14:43:39,Long Valley,McGee Ck. Lower Sta. Flow,10.1
2026-08-26 14:43:39,Long Valley,Long Valley Current Outflow,581.5
2026-08-26 14:43:39,Long Valley,Rock Ck. Div. Flow,0.0
2026-08-26 14:43:39,Long Valley,Upper Gorge Total Release,40.5
2026-08-26 14:43:39,Long Valley,Release at Middle Gorge,0.0
2026-08-26 14:43:39,Northern Owens Valley,Rock Ck. At Owens River (PV) Flow,25.1
2026-08-26 14:43:39,Northern Owens Valley,Pleasant Valley Outflow,493.3
2026-08-26 14:43:39,Northern Owens Valley,Baker Ck. At LA Station Flow,6.5
2026-08-26 14:43:39,Northern Owens Valley,Big Pine Ck. USGS Flow,35.1
2026-08-26 14:43:39,Northern Owens Valley,O.R. Below Big Pine,488.7
2026-08-26 14:43:39,Northern Owens Valley,Fish Springs At RR Flow,31.5
2026-08-26 14:43:39,Northern Owens Valley,Tinemaha Reservoir Outflow,475.0
2026-08-26 14:43:39,Northern Owens Valley,Bishop Creek Through Plant 6,109.7
2026-08-26 14:43:39,Northern Owens Valley,Bishop Creek Around Plant 6,7.1
2026-08-26 14:43:39,Southern Owens Valley,Tinemaha Reservoir Outflow,475.0
2026-08-26 14:43:39,Southern Owens Valley,Indep. Ck. At Junction Flow,4.5
2026-08-26 14:43:39,Southern Owens Valley,LAA at Alabama Flow,412.0
2026-08-26 14:43:39,Southern Owens Valley,Cottonwood Ck. At LAA Flow,0.0
2026-08-26 14:43:39,Southern Owens Valley,LAA at Cottonwood Flow,463.0
2026-08-26 14:43:39,Southern Owens Valley,Haiwee LAA #1 Current Flow,0.0
2026-08-26 14:43:39,Southern Owens Valley,Haiwee LAA #2 Current Flow,99.9
2026-08-26 14:43:39,Southern Owens Valley,Reinhackel Flow,2.9
2026-08-26 14:43:39,Southern Owens Valley,Lubkin Spillgate Outflow,0.0
2026-08-26 14:43:39,Southern Owens Valley,Cartago Spillgate Outflow,0.0
2026-08-26 14:43:39,Southern Owens Valley,Lone Pine Creek Flow,9.8
2026-08-26 14:43:39,Lower Owens River Project,LORP Intake Flow,81.0
2026-08-26 14:43:39,Lower Owens River Project,LORP at Mazourka Canyon Road,0.0
2026-08-26 14:43:39,Lower Owens River Project,LORP at Reinhackle Springs,57.0
2026-08-26 14:43:39,Lower Owens River Project,LORP Above Pumpstation,41.0
2026-08-26 14:43:39,Lower Owens River Project,LORP At Pump Station Discharge Flow,37.0
2026-08-26 14:43:39,Southern District,Haiwee LAA #2 Current Flow,99.9
2026-08-26 14:43:39,Southern District,Haiwee LAA #1 Current Flow,0.0
2026-08-26 14:43:39,Southern District,LAA #1 Flow at Fairmont Reservoir,245.0
2026-08-26 14:43:39,Southern District,LAA #2 Flow at Fairmont Res.,132.5
2026-08-26 14:43:39,Southern District,Bouquet Reservoir Inflow,0.0
2026-08-26 14:43:39,Southern District,Bouquet Reservoir Outflow,176.5
2026-08-26 14:43:39,Southern District,LAA #1 at Soledad Flow,233.7
2026-08-26 14:43:39,Southern District,LAA #2 at Soledad Flow,250.7
2026-08-26 14:43:40,Mono Basin,Mono Lk. Elevation,6382.2
2026-08-26 14:43:40,Mono Basin,Grant Lk. Elevation,7129.2
2026-08-26 14:43:40,Long Valley,Long Valley Elevation,6771.0
2026-08-26 14:43:40,Northern Owens Valley,Pleasant Valley Elevation,4385.7
2026-08-26 14:43:40,Southern Owens Valley,LAA at Alabama Level,7.9
2026-08-26 14:43:40,Southern Owens Valley,LAA at Alabama Water Temp,73.3
2026-08-26 14:43:40,Southern Owens Valley,LAA at Cottonwood Level,9.0
2026-08-26 14:43:40,Southern Owens Valley,LAA at Cotton. Water Temp,75.1
2026-08-26 14:43:40,Southern Owens Valley,N. Haiwee Elevation,3757.1
2026-08-26 14:43:40,Southern Owens Valley,S. Haiwee Reservoir Elevation,3727.2
2026-08-26 14:43:40,Southern District,S. Haiwee Reservoir Elevation,3727.2
2026-08-26 14:43:40,Southern District,Fairmont Reservoir Elevation,3021.8
2026-08-26 14:43:40,Southern District,Bouquet Reservoir Elevation,2976.0
2026-08-26 14:58:38,Mono Basin,Lee Vining Intake Above Flow,32.5
2026-08-26 14:58:38,Mono Basin,Lee Vining Intake Below Flow,29.5
2026-08-26 14:58:38,Mono Basin,Mono Lk. Elevation,6382.2
2026-08-26 14:58:38,Mono Basin,Walker Ck. Above Conduit Flow,4.0
2026-08-26 14:58:38,Mono Basin,L.V. Conduit Below Intake Flow,6.2
2026-08-26 14:58:38,Mono Basin,Walker Ck. Under Conduit Flow,4.0
2026-08-26 14:58:38,Mono Basin,Parker Ck. Under Conduit Flow,11.0
2026-08-26 14:58:38,Mono Basin,Parker Ck. Above Conduit Flow,12.0
2026-08-26 14:58:38,Mono Basin,Grant Lk. Spill Flow,0.0
2026-08-26 14:58:38,Mono Basin,Mono Gate 1 Return Ditch Flow,38.7
2026-08-26 14:58:38,Mono Basin,Grant Lk. Elevation,7129.2
2026-08-26 14:58:38,Mono Basin,Grant Lk. Outflow,39.9
2026-08-26 14:58:38,Mono Basin,Rush Ck. at Damsite Flow,17.5
2026-08-26 14:58:38,Mono Basin,Flow to West Portal,0.0
2026-08-26 14:58:38,Long Valley,East Portal Flow,12.0
2026-08-26 14:58:38,Long Valley,OR Below EP Flow,56.0
2026-08-26 14:58:38,Long Valley,Hot Ck.at Hwy. Flow,7.0
2026-08-26 14:58:38,Long Valley,McGee Ck. Lower Sta. Flow,10.1
2026-08-26 14:58:38,Long Valley,Long Valley Elevation,6771.0
2026-08-26 14:58:38,Long Valley,Long Valley Current Outflow,581.5
2026-08-26 14:58:38,Long Valley,Rock Ck. Div. Flow,0.0
2026-08-26 14:58:38,Long Valley,Upper Gorge Total Release,41.0
2026-08-26 14:58:38,Long Valley,Release at Middle Gorge,0.0
2026-08-26 14:58:38,Northern Owens Valley,Rock Ck. At Owens River (PV) Flow,25.1
2026-08-26 14:58:38,Northern Owens Valley,Pleasant Valley Elevation,4385.7
2026-08-26 14:58:38,Northern Owens Valley,Pleasant Valley Outflow,493.3
2026-08-26 14:58:38,Northern Owens Valley,Baker Ck. At LA Station Flow,6.3
2026-08-26 14:58:38,Northern Owens Valley,Big Pine Ck. USGS Flow,35.1
2026-08-26 14:58:38,Northern Owens Valley,O.R. Below Big Pine,486.5
2026-08-26 14:58:38,Northern Owens Valley,Fish Springs At RR Flow,31.5
2026-08-26 14:58:38,Northern Owens Valley,Tinemaha Elevation,3862.0
2026-08-26 14:58:38,Northern Owens Valley,Tinemaha Reservoir Outflow,475.0
2026-08-26 14:58:38,Northern Owens Valley,Bishop Creek Through Plant 6,114.8
2026-08-26 14:58:38,Northern Owens Valley,Bishop Creek Around Plant 6,7.1
2026-08-26 14:58:38,Southern Owens Valley,Tinemaha Elevation,3862.0
2026-08-26 14:58:38,Southern Owens Valley,Tinemaha Reservoir Outflow,475.0
2026-08-26 14:58:38,Southern Owens Valley,Indep. Ck. At Junction Flow,4.5
2026-08-26 14:58:38,Southern Owens Valley,LAA at Alabama Flow,412.0
2026-08-26 14:58:38,Southern Owens Valley,LAA at Alabama Level,7.9
2026-08-26 14:58:38,Southern Owens Valley,LAA at Alabama Water Temp,73.3
2026-08-26 14:58:38,Southern Owens Valley,Cottonwood Ck. At LAA Flow,0.0
2026-08-26 14:58:38,Southern Owens Valley,LAA at Cottonwood Flow,463.0
2026-08-26 14:58:38,Southern Owens Valley,LAA at Cottonwood Level,9.0
2026-08-26 14:58:38,Southern Owens Valley,LAA at Cotton. Water Temp,75.1
2026-08-26 14:58:38,Southern Owens Valley,N. Haiwee Elevation,3757.1
2026-08-26 14:58:38,Southern Owens Valley,S. Haiwee Reservoir Elevation,3727.2
2026-08-26 14:58:38,Southern Owens Valley,Haiwee LAA #1 Current Flow,0.0
2026-08-26 14:58:38,Southern Owens Valley,Haiwee LAA #2 Current Flow,99.9
2026-08-26 14:58:38,Southern Owens Valley,Reinhackel Flow,2.9
2026-08-26 14:58:38,Southern Owens Valley,Lubkin Spillgate Outflow,0.0
2026-08-26 14:58:38,Southern Owens Valley,Cartago Spillgate Outflow,0.0
2026-08-26 14:58:38,Southern Owens Valley,Lone Pine Creek Flow,9.8
2026-08-26 14:58:38,Lower Owens River Project,LORP Intake Flow,81.0
2026-08-26 14:58:38,Lower Owens River Project,LORP at Mazourka Canyon Road,0.0
2026-08-26 14:58:38,Lower Owens River Project,LORP at Reinhackle Springs,57.0
2026-08-26 14:58:38,Lower Owens River Project,LORP Above Pumpstation,41.0
2026-08-26 14:58:38,Lower Owens River Project,LORP At Pump Station Discharge Flow,37.0
2026-08-26 14:58:38,Southern District,Haiwee LAA #2 Current Flow,99.9
2026-08-26 14:58:38,Southern District,S. Haiwee Reservoir Elevation,3727.2
2026-08-26 14:58:38,Southern District,Haiwee LAA #1 Current Flow,0.0
2026-08-26 14:58:38,Southern District,Fairmont Reservoir Elevation,3021.8
2026-08-26 14:58:38,Southern District,LAA #1 Flow at Fairmont Reservoir,243.6
2026-08-26 14:58:38,Southern District,LAA #2 Flow at Fairmont Res.,132.5
2026-08-26 14:58:38,Southern District,Bouquet Reservoir Elevation,2976.0
2026-08-26 14:58:38,Southern District,Bouquet Reservoir Inflow,0.0
2026-08-26 14:58:38,Southern District,Bouquet Reservoir Outflow,176.7
2026-08-26 14:58:38,Southern District,LAA #1 at Soledad Flow,233.7
2026-08-26 14:58:38,Southern District,LAA #2 at Soledad Flow,250.7
2026-08-26 15:13:39,Mono Basin,Lee Vining Intake Above Flow,32.2
2026-08-26 15:13:39,Mono Basin,Lee Vining Intake Below Flow,29.7
2026-08-26 15:13:39,Mono Basin,Mono Lk. Elevation,6382.2
2026-08-26 15:13:39,Mono Basin,Walker Ck. Above Conduit Flow,4.0
2026-08-26 15:13:39,Mono Basin,L.V. Conduit Below Intake Flow,6.1
2026-08-26 15:13:39,Mono Basin,Walker Ck. Under Conduit Flow,4.0
2026-08-26 15:13:39,Mono Basin,Parker Ck. Under Conduit Flow,11.0
2026-08-26 15:13:39,Mono Basin,Parker Ck. Above Conduit Flow,12.0
2026-08-26 15:13:39,Mono Basin,Grant Lk. Spill Flow,0.0
2026-08-26 15:13:39,Mono Basin,Mono Gate 1 Return Ditch Flow,38.7
2026-08-26 15:13:39,Mono Basin,Grant Lk. Elevation,7129.2
2026-08-26 15:13:39,Mono Basin,Grant Lk. Outflow,39.9
2026-08-26 15:13:39,Mono Basin,Rush Ck. at Damsite Flow,17.5
2026-08-26 15:13:39,Mono Basin,Flow to West Portal,0.0
2026-08-26 15:13:39,Long Valley,East Portal Flow,12.0
2026-08-26 15:13:39,Long Valley,OR Below EP Flow,56.0
2026-08-26 15:13:39,Long Valley,Hot Ck.at Hwy. Flow,7.0
2026-08-26 15:13:39,Long Valley,McGee Ck. Lower Sta. Flow,9.2
2026-08-26 15:13:39,Long Valley,Long Valley Elevation,6771.0
2026-08-26 15:13:39,Long Valley,Long Valley Current Outflow,581.5
2026-08-26 15:13:39,Long Valley,Rock Ck. Div. Flow,0.0
2026-08-26 15:13:39,Long Valley,Upper Gorge Total Release,40.8
2026-08-26 15:13:39,Long Valley,Release at Middle Gorge,0.0
2026-08-26 15:13:39,Northern Owens Valley,Rock Ck. At Owens River (PV) Flow,25.1
2026-08-26 15:13:39,Northern Owens Valley,Pleasant Valley Elevation,4385.8
2026-08-26 15:13:39,Northern Owens Valley,Pleasant Valley Outflow,493.7
2026-08-26 15:13:39,Northern Owens Valley,Baker Ck. At LA Station Flow,6.3
2026-08-26 15:13:39,Northern Owens Valley,Big Pine Ck. USGS Flow,35.1
2026-08-26 15:13:39,Northern Owens Valley,O.R. Below Big Pine,486.7
2026-08-26 15:13:39,Northern Owens Valley,Fish Springs At RR Flow,31.5
2026-08-26 15:13:39,Northern Owens Valley,Tinemaha Reservoir Outflow,475.0
2026-08-26 15:13:39,Northern Owens Valley,Bishop Creek Through Plant 6,111.9
2026-08-26 15:13:39,Northern Owens Valley,Bishop Creek Around Plant 6,7.0
2026-08-26 15:13:39,Southern Owens Valley,Tinemaha Reservoir Outflow,475.0
2026-08-26 15:13:39,Southern Owens Valley,Indep. Ck. At Junction Flow,4.5
2026-08-26 15:13:39,Southern Owens Valley,LAA at Alabama Flow,412.0
2026-08-26 15:13:39,Southern Owens Valley,LAA at Alabama Level,7.9
2026-08-26 15:13:39,Southern Owens Valley,LAA at Alabama Water Temp,73.3
2026-08-26 15:13:39,Southern Owens Valley,Cottonwood Ck. At LAA Flow,0.0
2026-08-26 15:13:39,Southern Owens Valley,LAA at Cottonwood Flow,463.0
2026-08-26 15:13:39,Southern Owens Valley,LAA at Cottonwood Level,9.0
2026-08-26 15:13:39,Southern Owens Valley,LAA at Cotton. Water Temp,75.2
2026-08-26 15:13:39,Southern Owens Valley,N. Haiwee Elevation,3757.1
2026-08-26 15:13:39,Southern Owens Valley,S. Haiwee Reservoir Elevation,3727.2
2026-08-26 15:13:39,Southern Owens Valley,Haiwee LAA #1 Current Flow,0.0
2026-08-26 15:13:39,Southern Owens Valley,Haiwee LAA #2 Current Flow,99.9
2026-08-26 15:13:39,Southern Owens Valley,Reinhackel Flow,2.9
2026-08-26 15:13:39,Southern Owens Valley,Lubkin Spillgate Outflow,0.0
2026-08-26 15:13:39,Southern Owens Valley,Cartago Spillgate Outflow,0.0
2026-08-26 15:13:39,Southern Owens Valley,Lone Pine Creek Flow,9.6
2026-08-26 15:13:39,Lower Owens River Project,LORP Intake Flow,81.0
2026-08-26 15:13:39,Lower Owens River Project,LORP at Mazourka Canyon Road,0.0
2026-08-26 15:13:39,Lower Owens River Project,LORP at Reinhackle Springs,57.0
2026-08-26 15:13:39,Lower Owens River Project,LORP Above Pumpstation,42.0
2026-08-26 15:13:39,Lower Owens River Project,LORP At Pump Station Discharge Flow,38.0
2026-08-26 15:13:39,Southern District,Haiwee LAA #2 Current Flow,99.9
2026-08-26 15:13:39,Southern District,S. Haiwee Reservoir Elevation,3727.2
2026-08-26 15:13:39,Southern District,Haiwee LAA #1 Current Flow,0.0
2026-08-26 15:13:39,Southern District,Fairmont Reservoir Elevation,3021.8
2026-08-26 15:13:39,Southern District,LAA #1 Flow at Fairmont Reservoir,244.3
2026-08-26 15:13:39,Southern District,LAA #2 Flow at Fairmont Res.,132.6
2026-08-26 15:13:39,Southern District,Bouquet Reservoir Elevation,2976.0
2026-08-26 15:13:39,Southern District,Bouquet Reservoir Inflow,0.0
2026-08-26 15:13:39,Southern District,Bouquet Reservoir Outflow,176.7
2026-08-26 15:13:39,Southern District,LAA #1 at Soledad Flow,233.7
2026-08-26 15:13:39,Southern District,LAA #2 at Soledad Flow,250.7
2026-08-26 15:28:38,Mono Basin,Lee Vining Intake Above Flow,32.2
2026-08-26 15:28:38,Mono Basin,Lee Vining Intake Below Flow,29.7
2026-08-26 15:28:38,Mono Basin,Walker Ck. Above Conduit Flow,4.0
2026-08-26 15:28:38,Mono Basin,L.V. Conduit Below Intake Flow,6.1
2026-08-26 15:28:38,Mono Basin,Walker Ck. Under Conduit Flow,4.0
2026-08-26 15:28:38,Mono Basin,Parker Ck. Under Conduit Flow,11.0
2026-08-26 15:28:38,Mono Basin,Parker Ck. Above Conduit Flow,12.0
2026-08-26 15:28:38,Mono Basin,Grant Lk. Spill Flow,0.0
2026-08-26 15:28:38,Mono Basin,Mono Gate 1 Return Ditch Flow,38.6
2026-08-26 15:28:38,Mono Basin,Grant Lk. Outflow,39.6
2026-08-26 15:28:38,Mono Basin,Rush Ck. at Damsite Flow,14.9
2026-08-26 15:28:38,Mono Basin,Flow to West Portal,0.0
2026-08-26 15:28:38,Long Valley,East Portal Flow,12.0
2026-08-26 15:28:38,Long Valley,OR Below EP Flow,56.0
2026-08-26 15:28:38,Long Valley,Hot Ck.at Hwy. Flow,7.0
2026-08-26 15:28:38,Long Valley,McGee Ck. Lower Sta. Flow,9.2
2026-08-26 15:28:38,Long Valley,Long Valley Current Outflow,585.2
2026-08-26 15:28:38,Long Valley,Rock Ck. Div. Flow,0.0
2026-08-26 15:28:38,Long Valley,Upper Gorge Total Release,41.3
2026-08-26 15:28:38,Long Valley,Release at Middle Gorge,0.0
2026-08-26 15:28:38,Northern Owens Valley,Rock Ck. At Owens River (PV) Flow,25.0
2026-08-26 15:28:38,Northern Owens Valley,Pleasant Valley Outflow,493.9
2026-08-26 15:28:38,Northern Owens Valley,Baker Ck. At LA Station Flow,6.3
2026-08-26 15:28:38,Northern Owens Valley,Big Pine Ck. USGS Flow,35.1
2026-08-26 15:28:38,Northern Owens Valley,O.R. Below Big Pine,486.2
2026-08-26 15:28:38,Northern Owens Valley,Fish Springs At RR Flow,31.5
2026-08-26 15:28:38,Northern Owens Valley,Tinemaha Reservoir Outflow,475.0
2026-08-26 15:28:38,Northern Owens Valley,Bishop Creek Through Plant 6,105.7
2026-08-26 15:28:38,Northern Owens Valley,Bishop Creek Around Plant 6,7.0
2026-08-26 15:28:38,Southern Owens Valley,Tinemaha Reservoir Outflow,475.0
2026-08-26 15:28:38,Southern Owens Valley,Indep. Ck. At Junction Flow,4.5
2026-08-26 15:28:38,Southern Owens Valley,LAA at Alabama Flow,412.0
2026-08-26 15:28:38,Southern Owens Valley,Cottonwood Ck. At LAA Flow,0.0
2026-08-26 15:28:38,Southern Owens Valley,LAA at Cottonwood Flow,463.0
2026-08-26 15:28:38,Southern Owens Valley,Haiwee LAA #1 Current Flow,0.0
2026-08-26 15:28:38,Southern Owens Valley,Haiwee LAA #2 Current Flow,99.9
2026-08-26 15:28:38,Southern Owens Valley,Reinhackel Flow,2.9
2026-08-26 15:28:38,Southern Owens Valley,Lubkin Spillgate Outflow,0.0
2026-08-26 15:28:38,Southern Owens Valley,Cartago Spillgate Outflow,0.0
2026-08-26 15:28:38,Southern Owens Valley,Lone Pine Creek Flow,9.6
2026-08-26 15:28:38,Lower Owens River Project,LORP Intake Flow,81.0
2026-08-26 15:28:38,Lower Owens River Project,LORP at Mazourka Canyon Road,0.0
2026-08-26 15:28:38,Lower Owens River Project,LORP at Reinhackle Springs,56.0
2026-08-26 15:28:38,Lower Owens River Project,LORP Above Pumpstation,40.0
2026-08-26 15:28:38,Lower Owens River Project,LORP At Pump Station Discharge Flow,37.0
2026-08-26 15:28:38,Southern District,Haiwee LAA #2 Current Flow,99.9
2026-08-26 15:28:38,Southern District,Haiwee LAA #1 Current Flow,0.0
2026-08-26 15:28:38,Southern District,LAA #1 Flow at Fairmont Reservoir,241.3
2026-08-26 15:28:38,Southern District,LAA #2 Flow at Fairmont Res.,132.6
2026-08-26 15:28:38,Southern District,Bouquet Reservoir Inflow,0.0
2026-08-26 15:28:38,Southern District,Bouquet Reservoir Outflow,176.5
2026-08-26 15:28:38,Southern District,LAA #1 at Soledad Flow,233.7
2026-08-26 15:28:38,Southern District,LAA #2 at Soledad Flow,250.7
2026-08-26 15:28:39,Mono Basin,Mono Lk. Elevation,6382.2
2026-08-26 15:28:39,Mono Basin,Grant Lk. Elevation,7129.3
2026-08-26 15:28:39,Long Valley,Long Valley Elevation,6771.0
2026-08-26 15:28:39,Northern Owens Valley,Pleasant Valley Elevation,4385.8
2026-08-26 15:28:39,Northern Owens Valley,Tinemaha Elevation,3862.0
2026-08-26 15:28:39,Southern Owens Valley,Tinemaha Elevation,3862.0
2026-08-26 15:28:39,Southern Owens Valley,LAA at Alabama Level,7.9
2026-08-26 15:28:39,Southern Owens Valley,LAA at Alabama Water Temp,73.3
2026-08-26 15:28:39,Southern Owens Valley,LAA at Cottonwood Level,9.0
2026-08-26 15:28:39,Southern Owens Valley,LAA at Cotton. Water Temp,75.2
2026-08-26 15:28:39,Southern Owens Valley,N. Haiwee Elevation,3757.1
2026-08-26 15:28:39,Southern Owens Valley,S. Haiwee Reservoir Elevation,3727.2
2026-08-26 15:28:39,Southern District,S. Haiwee Reservoir Elevation,3727.2
2026-08-26 15:28:39,Southern District,Fairmont Reservoir Elevation,3021.8
2026-08-26 15:28:39,Southern District,Bouquet Reservoir Elevation,2976.0
2026-08-26 15:43:39,Mono Basin,Lee Vining Intake Above Flow,32.1
2026-08-26 15:43:39,Mono Basin,Lee Vining Intake Below Flow,29.5
2026-08-26 15:43:39,Mono Basin,Walker Ck. Above Conduit Flow,4.0
2026-08-26 15:43:39,Mono Basin,L.V. Conduit Below Intake Flow,6.0
2026-08-26 15:43:39,Mono Basin,Walker Ck. Under Conduit Flow,4.0
2026-08-26 15:43:39,Mono Basin,Parker Ck. Under Conduit Flow,11.0
2026-08-26 15:43:39,Mono Basin,Parker Ck. Above Conduit Flow,12.0
2026-08-26 15:43:39,Mono Basin,Grant Lk. Spill Flow,0.0
2026-08-26 15:43:39,Mono Basin,Mono Gate 1 Return Ditch Flow,38.6
2026-08-26 15:43:39,Mono Basin,Grant Lk. Outflow,39.6
2026-08-26 15:43:39,Mono Basin,Rush Ck. at Damsite Flow,14.9
2026-08-26 15:43:39,Mono Basin,Flow to West Portal,0.0
2026-08-26 15:43:39,Long Valley,East Portal Flow,12.0
2026-08-26 15:43:39,Long Valley,OR Below EP Flow,56.0
2026-08-26 15:43:39,Long Valley,Hot Ck.at Hwy. Flow,7.0
2026-08-26 15:43:39,Long Valley,McGee Ck. Lower Sta. Flow,9.2
2026-08-26 15:43:39,Long Valley,Long Valley Current Outflow,585.2
2026-08-26 15:43:39,Long Valley,Rock Ck. Div. Flow,0.0
2026-08-26 15:43:39,Long Valley,Upper Gorge Total Release,40.7
2026-08-26 15:43:39,Long Valley,Release at Middle Gorge,0.0
2026-08-26 15:43:39,Northern Owens Valley,Rock Ck. At Owens River (PV) Flow,24.9
2026-08-26 15:43:39,Northern Owens Valley,Pleasant Valley Outflow,494.1
2026-08-26 15:43:39,Northern Owens Valley,Baker Ck. At LA Station Flow,6.3
2026-08-26 15:43:39,Northern Owens Valley,Big Pine Ck. USGS Flow,34.2
2026-08-26 15:43:39,Northern Owens Valley,O.R. Below Big Pine,484.3
2026-08-26 15:43:39,Northern Owens Valley,Fish Springs At RR Flow,31.5
2026-08-26 15:43:39,Northern Owens Valley,Tinemaha Reservoir Outflow,475.0
2026-08-26 15:43:39,Northern Owens Valley,Bishop Creek Through Plant 6,108.0
2026-08-26 15:43:39,Northern Owens Valley,Bishop Creek Around Plant 6,7.1
2026-08-26 15:43:39,Southern Owens Valley,Tinemaha Reservoir Outflow,475.0
2026-08-26 15:43:39,Southern Owens Valley,Indep. Ck. At Junction Flow,4.5
2026-08-26 15:43:39,Southern Owens Valley,LAA at Alabama Flow,412.0
2026-08-26 15:43:39,Southern Owens Valley,LAA at Alabama Water Temp,73.3
2026-08-26 15:43:39,Southern Owens Valley,Cottonwood Ck. At LAA Flow,0.0
2026-08-26 15:43:39,Southern Owens Valley,LAA at Cottonwood Flow,464.0
2026-08-26 15:43:39,Southern Owens Valley,LAA at Cotton. Water Temp,75.3
2026-08-26 15:43:39,Southern Owens Valley,Haiwee LAA #1 Current Flow,0.0
2026-08-26 15:43:39,Southern Owens Valley,Haiwee LAA #2 Current Flow,99.9
2026-08-26 15:43:39,Southern Owens Valley,Reinhackel Flow,2.9
2026-08-26 15:43:39,Southern Owens Valley,Lubkin Spillgate Outflow,0.0
2026-08-26 15:43:39,Southern Owens Valley,Cartago Spillgate Outflow,0.0
2026-08-26 15:43:39,Southern Owens Valley,Lone Pine Creek Flow,9.7
2026-08-26 15:43:39,Lower Owens River Project,LORP Intake Flow,81.0
2026-08-26 15:43:39,Lower Owens River Project,LORP at Mazourka Canyon Road,0.0
2026-08-26 15:43:39,Lower Owens River Project,LORP at Reinhackle Springs,56.0
2026-08-26 15:43:39,Lower Owens River Project,LORP Above Pumpstation,41.0
2026-08-26 15:43:39,Lower Owens River Project,LORP At Pump Station Discharge Flow,38.0
2026-08-26 15:43:39,Southern District,Haiwee LAA #2 Current Flow,99.9
2026-08-26 15:43:39,Southern District,Haiwee LAA #1 Current Flow,0.0
2026-08-26 15:43:39,Southern District,LAA #1 Flow at Fairmont Reservoir,243.3
2026-08-26 15:43:39,Southern District,LAA #2 Flow at Fairmont Res.,132.6
2026-08-26 15:43:39,Southern District,Bouquet Reservoir Inflow,0.0
2026-08-26 15:43:39,Southern District,Bouquet Reservoir Outflow,181.5
2026-08-26 15:43:39,Southern District,LAA #1 at Soledad Flow,233.7
2026-08-26 15:43:39,Southern District,LAA #2 at Soledad Flow,250.7
2026-08-26 15:43:40,Mono Basin,Mono Lk. Elevation,6382.2
2026-08-26 15:43:40,Mono Basin,Grant Lk. Elevation,7129.3
2026-08-26 15:43:40,Long Valley,Long Valley Elevation,6771.0
2026-08-26 15:43:40,Northern Owens Valley,Pleasant Valley Elevation,4385.8
2026-08-26 15:43:40,Southern Owens Valley,LAA at Alabama Level,7.9
2026-08-26 15:43:40,Southern Owens Valley,LAA at Cottonwood Level,9.0
2026-08-26 15:43:40,Southern Owens Valley,N. Haiwee Elevation,3757.1
2026-08-26 15:43:40,Southern Owens Valley,S. Haiwee Reservoir Elevation,3727.2
2026-08-26 15:43:40,Southern District,S. Haiwee Reservoir Elevation,3727.2
2026-08-26 15:43:40,Southern District,Fairmont Reservoir Elevation,3021.8
2026-08-26 15:43:40,Southern District,Bouquet Reservoir Elevation,2976.0
2026-08-26 15:58:38,Mono Basin,Lee Vining Intake Above Flow,32.1
2026-08-26 15:58:38,Mono Basin,Lee Vining Intake Below Flow,29.5
2026-08-26 15:58:38,Mono Basin,Walker Ck. Above Conduit Flow,4.0
2026-08-26 15:58:38,Mono Basin,L.V. Conduit Below Intake Flow,6.0
2026-08-26 15:58:38,Mono Basin,Walker Ck. Under Conduit Flow,4.0
2026-08-26 15:58:38,Mono Basin,Parker Ck. Under Conduit Flow,11.0
2026-08-26 15:58:38,Mono Basin,Parker Ck. Above Conduit Flow,12.0
2026-08-26 15:58:38,Mono Basin,Grant Lk. Spill Flow,0.0
2026-08-26 15:58:38,Mono Basin,Mono Gate 1 Return Ditch Flow,38.6
2026-08-26 15:58:38,Mono Basin,Grant Lk. Outflow,39.6
2026-08-26 15:58:38,Mono Basin,Rush Ck. at Damsite Flow,14.9
2026-08-26 15:58:38,Mono Basin,Flow to West Portal,0.0
2026-08-26 15:58:38,Long Valley,East Portal Flow,12.0
2026-08-26 15:58:38,Long Valley,OR Below EP Flow,56.0
2026-08-26 15:58:38,Long Valley,Hot Ck.at Hwy. Flow,7.0
2026-08-26 15:58:38,Long Valley,McGee Ck. Lower Sta. Flow,9.2
2026-08-26 15:58:38,Long Valley,Long Valley Current Outflow,585.2
2026-08-26 15:58:38,Long Valley,Rock Ck. Div. Flow,0.0
2026-08-26 15:58:38,Long Valley,Upper Gorge Total Release,40.6
2026-08-26 15:58:38,Long Valley,Release at Middle Gorge,0.0
2026-08-26 15:58:38,Northern Owens Valley,Rock Ck. At Owens River (PV) Flow,24.9
2026-08-26 15:58:38,Northern Owens Valley,Pleasant Valley Outflow,494.1
2026-08-26 15:58:38,Northern Owens Valley,Baker Ck. At LA Station Flow,6.3
2026-08-26 15:58:38,Northern Owens Valley,Big Pine Ck. USGS Flow,34.2
2026-08-26 15:58:38,Northern Owens Valley,O.R. Below Big Pine,485.1
2026-08-26 15:58:38,Northern Owens Valley,Fish Springs At RR Flow,31.5
2026-08-26 15:58:38,Northern Owens Valley,Tinemaha Reservoir Outflow,475.0
2026-08-26 15:58:38,Northern Owens Valley,Bishop Creek Through Plant 6,108.0
2026-08-26 15:58:38,Northern Owens Valley,Bishop Creek Around Plant 6,7.1
2026-08-26 15:58:38,Southern Owens Valley,Tinemaha Reservoir Outflow,475.0
2026-08-26 15:58:38,Southern Owens Valley,Indep. Ck. At Junction Flow,4.5
2026-08-26 15:58:38,Southern Owens Valley,LAA at Alabama Flow,412.0
2026-08-26 15:58:38,Southern Owens Valley,LAA at Alabama Level,7.9
2026-08-26 15:58:38,Southern Owens Valley,LAA at Alabama Water Temp,73.3
2026-08-26 15:58:38,Southern Owens Valley,Cottonwood Ck. At LAA Flow,0.0
2026-08-26 15:58:38,Southern Owens Valley,LAA at Cottonwood Flow,464.0
2026-08-26 15:58:38,Southern Owens Valley,LAA at Cottonwood Level,9.0
2026-08-26 15:58:38,Southern Owens Valley,LAA at Cotton. Water Temp,75.3
2026-08-26 15:58:38,Southern Owens Valley,Haiwee LAA #1 Current Flow,0.0
2026-08-26 15:58:38,Southern Owens Valley,Haiwee LAA #2 Current Flow,99.9
2026-08-26 15:58:38,Southern Owens Valley,Reinhackel Flow,2.9
2026-08-26 15:58:38,Southern Owens Valley,Lubkin Spillgate Outflow,0.0
2026-08-26 15:58:38,Southern Owens Valley,Cartago Spillgate Outflow,0.0
2026-08-26 15:58:38,Southern Owens Valley,Lone Pine Creek Flow,9.7
2026-08-26 15:58:38,Lower Owens River Project,LORP Intake Flow,81.0
2026-08-26 15:58:38,Lower Owens River Project,LORP at Mazourka Canyon Road,0.0
2026-08-26 15:58:38,Lower Owens River Project,LORP at Reinhackle Springs,56.0
2026-08-26 15:58:38,Lower Owens River Project,LORP Above Pumpstation,41.0
2026-08-26 15:58:38,Lower Owens River Project,LORP At Pump Station Discharge Flow,38.0
2026-08-26 15:58:38,Southern District,Haiwee LAA #2 Current Flow,99.9
2026-08-26 15:58:38,Southern District,Haiwee LAA #1 Current Flow,0.0
2026-08-26 15:58:38,Southern District,LAA #1 Flow at Fairmont Reservoir,244.4
2026-08-26 15:58:38,Southern District,LAA #2 Flow at Fairmont Res.,132.6
2026-08-26 15:58:38,Southern District,Bouquet Reservoir Inflow,0.0
2026-08-26 15:58:38,Southern District,Bouquet Reservoir Outflow,181.4
2026-08-26 15:58:38,Southern District,LAA #1 at Soledad Flow,233.7
2026-08-26 15:58:38,Southern District,LAA #2 at Soledad Flow,250.7
2026-08-26 15:58:39,Mono Basin,Mono Lk. Elevation,6382.2
2026-08-26 15:58:39,Mono Basin,Grant Lk. Elevation,7129.3
2026-08-26 15:58:39,Long Valley,Long Valley Elevation,6771.0
2026-08-26 15:58:39,Northern Owens Valley,Pleasant Valley Elevation,4385.9
2026-08-26 15:58:39,Northern Owens Valley,Tinemaha Elevation,3862.0
2026-08-26 15:58:39,Southern Owens Valley,Tinemaha Elevation,3862.0
2026-08-26 15:58:39,Southern Owens Valley,N. Haiwee Elevation,3757.1
2026-08-26 15:58:39,Southern Owens Valley,S. Haiwee Reservoir Elevation,3727.2
2026-08-26 15:58:39,Southern District,S. Haiwee Reservoir Elevation,3727.2
2026-08-26 15:58:39,Southern District,Fairmont Reservoir Elevation,3021.8
2026-08-26 15:58:39,Southern District,Bouquet Reservoir Elevation,2976.0
2026-08-26 16:13:38,Mono Basin,Lee Vining Intake Above Flow,32.4
2026-08-26 16:13:38,Mono Basin,Lee Vining Intake Below Flow,29.4
2026-08-26 16:13:38,Mono Basin,Walker Ck. Above Conduit Flow,4.0
2026-08-26 16:13:38,Mono Basin,L.V. Conduit Below Intake Flow,5.9
2026-08-26 16:13:38,Mono Basin,Walker Ck. Under Conduit Flow,4.0
2026-08-26 16:13:38,Mono Basin,Parker Ck. Under Conduit Flow,11.0
2026-08-26 16:13:38,Mono Basin,Parker Ck. Above Conduit Flow,12.0
2026-08-26 16:13:38,Mono Basin,Grant Lk. Spill Flow,0.0
2026-08-26 16:13:38,Mono Basin,Mono Gate 1 Return Ditch Flow,38.6
2026-08-26 16:13:38,Mono Basin,Grant Lk. Outflow,39.6
2026-08-26 16:13:38,Mono Basin,Rush Ck. at Damsite Flow,14.9
2026-08-26 16:13:38,Mono Basin,Flow to West Portal,0.0
2026-08-26 16:13:38,Long Valley,East Portal Flow,12.0
2026-08-26 16:13:38,Long Valley,OR Below EP Flow,56.0
2026-08-26 16:13:38,Long Valley,Hot Ck.at Hwy. Flow,7.0
2026-08-26 16:13:38,Long Valley,McGee Ck. Lower Sta. Flow,9.2
2026-08-26 16:13:38,Long Valley,Long Valley Current Outflow,585.2
2026-08-26 16:13:38,Long Valley,Rock Ck. Div. Flow,0.0
2026-08-26 16:13:38,Long Valley,Upper Gorge Total Release,40.8
2026-08-26 16:13:38,Long Valley,Release at Middle Gorge,0.0
2026-08-26 16:13:38,Northern Owens Valley,Rock Ck. At Owens River (PV) Flow,24.9
2026-08-26 16:13:38,Northern Owens Valley,Pleasant Valley Outflow,494.2
2026-08-26 16:13:38,Northern Owens Valley,Baker Ck. At LA Station Flow,6.3
2026-08-26 16:13:38,Northern Owens Valley,Big Pine Ck. USGS Flow,34.2
2026-08-26 16:13:38,Northern Owens Valley,O.R. Below Big Pine,485.1
2026-08-26 16:13:38,Northern Owens Valley,Fish Springs At RR Flow,31.5
2026-08-26 16:13:38,Northern Owens Valley,Tinemaha Reservoir Outflow,475.0
2026-08-26 16:13:38,Northern Owens Valley,Bishop Creek Through Plant 6,108.0
2026-08-26 16:13:38,Northern Owens Valley,Bishop Creek Around Plant 6,7.1
2026-08-26 16:13:38,Southern Owens Valley,Tinemaha Reservoir Outflow,475.0
2026-08-26 16:13:38,Southern Owens Valley,Indep. Ck. At Junction Flow,4.5
2026-08-26 16:13:38,Southern Owens Valley,LAA at Alabama Flow,412.0
2026-08-26 16:13:38,Southern Owens Valley,Cottonwood Ck. At LAA Flow,0.0
2026-08-26 16:13:38,Southern Owens Valley,LAA at Cottonwood Flow,464.0
2026-08-26 16:13:38,Southern Owens Valley,Haiwee LAA #1 Current Flow,0.0
2026-08-26 16:13:38,Southern Owens Valley,Haiwee LAA #2 Current Flow,99.9
2026-08-26 16:13:38,Southern Owens Valley,Reinhackel Flow,2.9
2026-08-26 16:13:38,Southern Owens Valley,Lubkin Spillgate Outflow,0.0
2026-08-26 16:13:38,Southern Owens Valley,Cartago Spillgate Outflow,0.0
2026-08-26 16:13:38,Southern Owens Valley,Lone Pine Creek Flow,9.4
2026-08-26 16:13:38,Lower Owens River Project,LORP Intake Flow,81.0
2026-08-26 16:13:38,Lower Owens River Project,LORP at Mazourka Canyon Road,0.0
2026-08-26 16:13:38,Lower Owens River Project,LORP at Reinhackle Springs,56.0
2026-08-26 16:13:38,Lower Owens River Project,LORP Above Pumpstation,41.0
2026-08-26 16:13:38,Lower Owens River Project,LORP At Pump Station Discharge Flow,37.0
2026-08-26 16:13:38,Southern District,Haiwee LAA #2 Current Flow,99.9
2026-08-26 16:13:38,Southern District,Haiwee LAA #1 Current Flow,0.0
2026-08-26 16:13:38,Southern District,LAA #1 Flow at Fairmont Reservoir,243.5
2026-08-26 16:13:38,Southern District,LAA #2 Flow at Fairmont Res.,132.6
2026-08-26 16:13:38,Southern District,Bouquet Reservoir Inflow,0.0
2026-08-26 16:13:38,Southern District,Bouquet Reservoir Outflow,181.4
2026-08-26 16:13:38,Southern District,LAA #1 at Soledad Flow,233.7
2026-08-26 16:13:38,Southern District,LAA #2 at Soledad Flow,250.7
2026-08-26 16:13:39,Mono Basin,Mono Lk. Elevation,6382.2
2026-08-26 16:13:39,Mono Basin,Grant Lk. Elevation,7129.3
2026-08-26 16:13:39,Long Valley,Long Valley Elevation,6771.0
2026-08-26 16:13:39,Northern Owens Valley,Pleasant Valley Elevation,4385.9
2026-08-26 16:13:39,Southern Owens Valley,LAA at Alabama Level,7.9
2026-08-26 16:13:39,Southern Owens Valley,LAA at Alabama Water Temp,73.6
2026-08-26 16:13:39,Southern Owens Valley,LAA at Cottonwood Level,9.0
2026-08-26 16:13:39,Southern Owens Valley,LAA at Cotton. Water Temp,75.3
2026-08-26 16:13:39,Southern Owens Valley,N. Haiwee Elevation,3757.1
2026-08-26 16:13:39,Southern Owens Valley,S. Haiwee Reservoir Elevation,3727.2
2026-08-26 16:13:39,Southern District,S. Haiwee Reservoir Elevation,3727.2
2026-08-26 16:13:39,Southern District,Fairmont Reservoir Elevation,3021.8
2026-08-26 16:13:39,Southern District,Bouquet Reservoir Elevation,2976.0
2026-08-26 16:28:38,Mono Basin,Lee Vining Intake Above Flow,32.4
2026-08-26 16:28:38,Mono Basin,Lee Vining Intake Below Flow,29.4
2026-08-26 16:28:38,Mono Basin,Mono Lk. Elevation,6382.2
2026-08-26 16:28:38,Mono Basin,Walker Ck. Above Conduit Flow,4.0
2026-08-26 16:28:38,Mono Basin,L.V. Conduit Below Intake Flow,5.9
2026-08-26 16:28:38,Mono Basin,Walker Ck. Under Conduit Flow,4.0
2026-08-26 16:28:38,Mono Basin,Parker Ck. Under Conduit Flow,11.0
2026-08-26 16:28:38,Mono Basin,Parker Ck. Above Conduit Flow,12.0
2026-08-26 16:28:38,Mono Basin,Grant Lk. Spill Flow,0.0
2026-08-26 16:28:38,Mono Basin,Mono Gate 1 Return Ditch Flow,38.5
2026-08-26 16:28:38,Mono Basin,Grant Lk. Elevation,7129.3
2026-08-26 16:28:38,Mono Basin,Grant Lk. Outflow,40.0
2026-08-26 16:28:38,Mono Basin,Rush Ck. at Damsite Flow,14.9
2026-08-26 16:28:38,Mono Basin,Flow to West Portal,0.0
2026-08-26 16:28:38,Long Valley,East Portal Flow,12.0
2026-08-26 16:28:38,Long Valley,OR Below EP Flow,56.0
2026-08-26 16:28:38,Long Valley,Hot Ck.at Hwy. Flow,7.0
2026-08-26 16:28:38,Long Valley,McGee Ck. Lower Sta. Flow,9.2
2026-08-26 16:28:38,Long Valley,Long Valley Elevation,6771.0
2026-08-26 16:28:38,Long Valley,Long Valley Current Outflow,588.3
2026-08-26 16:28:38,Long Valley,Rock Ck. Div. Flow,0.0
2026-08-26 16:28:38,Long Valley,Upper Gorge Total Release,41.2
2026-08-26 16:28:38,Long Valley,Release at Middle Gorge,0.0
2026-08-26 16:28:38,Northern Owens Valley,Rock Ck. At Owens River (PV) Flow,24.8
2026-08-26 16:28:38,Northern Owens Valley,Pleasant Valley Elevation,4385.9
2026-08-26 16:28:38,Northern Owens Valley,Pleasant Valley Outflow,494.3
2026-08-26 16:28:38,Northern Owens Valley,Baker Ck. At LA Station Flow,6.3
2026-08-26 16:28:38,Northern Owens Valley,Big Pine Ck. USGS Flow,34.2
2026-08-26 16:28:38,Northern Owens Valley,O.R. Below Big Pine,484.4
2026-08-26 16:28:38,Northern Owens Valley,Fish Springs At RR Flow,31.5
2026-08-26 16:28:38,Northern Owens Valley,Tinemaha Elevation,3862.0
2026-08-26 16:28:38,Northern Owens Valley,Tinemaha Reservoir Outflow,475.0
2026-08-26 16:28:38,Northern Owens Valley,Bishop Creek Through Plant 6,111.1
2026-08-26 16:28:38,Northern Owens Valley,Bishop Creek Around Plant 6,7.1
2026-08-26 16:28:38,Southern Owens Valley,Tinemaha Elevation,3862.0
2026-08-26 16:28:38,Southern Owens Valley,Tinemaha Reservoir Outflow,475.0
2026-08-26 16:28:38,Southern Owens Valley,Indep. Ck. At Junction Flow,4.5
2026-08-26 16:28:38,Southern Owens Valley,LAA at Alabama Flow,412.0
2026-08-26 16:28:38,Southern Owens Valley,LAA at Alabama Level,7.9
2026-08-26 16:28:38,Southern Owens Valley,LAA at Alabama Water Temp,73.6
2026-08-26 16:28:38,Southern Owens Valley,Cottonwood Ck. At LAA Flow,0.0
2026-08-26 16:28:38,Southern Owens Valley,LAA at Cottonwood Flow,464.0
2026-08-26 16:28:38,Southern Owens Valley,LAA at Cottonwood Level,9.0
2026-08-26 16:28:38,Southern Owens Valley,LAA at Cotton. Water Temp,75.3
2026-08-26 16:28:38,Southern Owens Valley,N. Haiwee Elevation,3757.1
2026-08-26 16:28:38,Southern Owens Valley,S. Haiwee Reservoir Elevation,3727.2
2026-08-26 16:28:38,Southern Owens Valley,Haiwee LAA #1 Current Flow,0.0
2026-08-26 16:28:38,Southern Owens Valley,Haiwee LAA #2 Current Flow,99.9
2026-08-26 16:28:38,Southern Owens Valley,Reinhackel Flow,2.9
2026-08-26 16:28:38,Southern Owens Valley,Lubkin Spillgate Outflow,0.0
2026-08-26 16:28:38,Southern Owens Valley,Cartago Spillgate Outflow,0.0
2026-08-26 16:28:38,Southern Owens Valley,Lone Pine Creek Flow,9.4
2026-08-26 16:28:38,Lower Owens River Project,LORP Intake Flow,81.0
2026-08-26 16:28:38,Lower Owens River Project,LORP at Mazourka Canyon Road,0.0
2026-08-26 16:28:38,Lower Owens River Project,LORP at Reinhackle Springs,58.0
2026-08-26 16:28:38,Lower Owens River Project,LORP Above Pumpstation,40.0
2026-08-26 16:28:38,Lower Owens River Project,LORP At Pump Station Discharge Flow,37.0
2026-08-26 16:28:38,Southern District,Haiwee LAA #2 Current Flow,99.9
2026-08-26 16:28:38,Southern District,S. Haiwee Reservoir Elevation,3727.2
2026-08-26 16:28:38,Southern District,Haiwee LAA #1 Current Flow,0.0
2026-08-26 16:28:38,Southern District,Fairmont Reservoir Elevation,3021.8
2026-08-26 16:28:38,Southern District,LAA #1 Flow at Fairmont Reservoir,244.2
2026-08-26 16:28:38,Southern District,LAA #2 Flow at Fairmont Res.,132.5
2026-08-26 16:28:38,Southern District,Bouquet Reservoir Elevation,2976.0
2026-08-26 16:28:38,Southern District,Bouquet Reservoir Inflow,0.0
2026-08-26 16:28:38,Southern District,Bouquet Reservoir Outflow,181.4
2026-08-26 16:28:38,Southern District,LAA #1 at Soledad Flow,233.7
2026-08-26 16:28:38,Southern District,LAA #2 at Soledad Flow,250.7
2026-08-26 16:43:39,Mono Basin,Lee Vining Intake Above Flow,33.4
2026-08-26 16:43:39,Mono Basin,Lee Vining Intake Below Flow,29.4
2026-08-26 16:43:39,Mono Basin,Walker Ck. Above Conduit Flow,4.0
2026-08-26 16:43:39,Mono Basin,L.V. Conduit Below Intake Flow,5.9
2026-08-26 16:43:39,Mono Basin,Walker Ck. Under Conduit Flow,4.0
2026-08-26 16:43:39,Mono Basin,Parker Ck. Under Conduit Flow,11.0
2026-08-26 16:43:39,Mono Basin,Parker Ck. Above Conduit Flow,12.0
2026-08-26 16:43:39,Mono Basin,Grant Lk. Spill Flow,0.0
2026-08-26 16:43:39,Mono Basin,Mono Gate 1 Return Ditch Flow,38.5
2026-08-26 16:43:39,Mono Basin,Grant Lk. Outflow,40.0
2026-08-26 16:43:39,Mono Basin,Rush Ck. at Damsite Flow,14.9
2026-08-26 16:43:39,Mono Basin,Flow to West Portal,0.0
2026-08-26 16:43:39,Long Valley,East Portal Flow,12.0
2026-08-26 16:43:39,Long Valley,OR Below EP Flow,56.0
2026-08-26 16:43:39,Long Valley,Hot Ck.at Hwy. Flow,7.0
2026-08-26 16:43:39,Long Valley,McGee Ck. Lower Sta. Flow,9.2
2026-08-26 16:43:39,Long Valley,Long Valley Current Outflow,588.3
2026-08-26 16:43:39,Long Valley,Rock Ck. Div. Flow,0.0
2026-08-26 16:43:39,Long Valley,Upper Gorge Total Release,41.1
2026-08-26 16:43:39,Long Valley,Release at Middle Gorge,0.0
2026-08-26 16:43:39,Northern Owens Valley,Rock Ck. At Owens River (PV) Flow,24.7
2026-08-26 16:43:39,Northern Owens Valley,Pleasant Valley Outflow,494.0
2026-08-26 16:43:39,Northern Owens Valley,Baker Ck. At LA Station Flow,6.3
2026-08-26 16:43:39,Northern Owens Valley,Big Pine Ck. USGS Flow,34.2
2026-08-26 16:43:39,Northern Owens Valley,O.R. Below Big Pine,485.5
2026-08-26 16:43:39,Northern Owens Valley,Fish Springs At RR Flow,31.5
2026-08-26 16:43:39,Northern Owens Valley,Tinemaha Reservoir Outflow,475.0
2026-08-26 16:43:39,Northern Owens Valley,Bishop Creek Through Plant 6,105.2
2026-08-26 16:43:39,Northern Owens Valley,Bishop Creek Around Plant 6,7.0
2026-08-26 16:43:39,Southern Owens Valley,Tinemaha Reservoir Outflow,475.0
2026-08-26 16:43:39,Southern Owens Valley,Indep. Ck. At Junction Flow,4.5
2026-08-26 16:43:39,Southern Owens Valley,LAA at Alabama Flow,412.0
2026-08-26 16:43:39,Southern Owens Valley,Cottonwood Ck. At LAA Flow,0.0
2026-08-26 16:43:39,Southern Owens Valley,LAA at Cottonwood Flow,464.0
2026-08-26 16:43:39,Southern Owens Valley,Haiwee LAA #1 Current Flow,0.0
2026-08-26 16:43:39,Southern Owens Valley,Haiwee LAA #2 Current Flow,99.9
2026-08-26 16:43:39,Southern Owens Valley,Reinhackel Flow,2.9
2026-08-26 16:43:39,Southern Owens Valley,Lubkin Spillgate Outflow,0.0
2026-08-26 16:43:39,Southern Owens Valley,Cartago Spillgate Outflow,0.0
2026-08-26 16:43:39,Southern Owens Valley,Lone Pine Creek Flow,9.5
2026-08-26 16:43:39,Lower Owens River Project,LORP Intake Flow,81.0
2026-08-26 16:43:39,Lower Owens River Project,LORP at Mazourka Canyon Road,0.0
2026-08-26 16:43:39,Lower Owens River Project,LORP at Reinhackle Springs,58.0
2026-08-26 16:43:39,Lower Owens River Project,LORP Above Pumpstation,51.0
2026-08-26 16:43:39,Lower Owens River Project,LORP At Pump Station Discharge Flow,48.0
2026-08-26 16:43:39,Southern District,Haiwee LAA #2 Current Flow,99.9
2026-08-26 16:43:39,Southern District,Haiwee LAA #1 Current Flow,0.0
2026-08-26 16:43:39,Southern District,LAA #1 Flow at Fairmont Reservoir,244.6
2026-08-26 16:43:39,Southern District,LAA #2 Flow at Fairmont Res.,132.5
2026-08-26 16:43:39,Southern District,Bouquet Reservoir Inflow,0.0
2026-08-26 16:43:39,Southern District,Bouquet Reservoir Outflow,183.7
2026-08-26 16:43:39,Southern District,LAA #1 at Soledad Flow,233.7
2026-08-26 16:43:39,Southern District,LAA #2 at Soledad Flow,250.7
2026-08-26 16:43:40,Mono Basin,Mono Lk. Elevation,6382.2
2026-08-26 16:43:40,Mono Basin,Grant Lk. Elevation,7129.3
2026-08-26 16:43:40,Long Valley,Long Valley Elevation,6771.0
2026-08-26 16:43:40,Northern Owens Valley,Pleasant Valley Elevation,4386.0
2026-08-26 16:43:40,Southern Owens Valley,LAA at Alabama Level,7.9
2026-08-26 16:43:40,Southern Owens Valley,LAA at Alabama Water Temp,73.6
2026-08-26 16:43:40,Southern Owens Valley,LAA at Cottonwood Level,9.0
2026-08-26 16:43:40,Southern Owens Valley,LAA at Cotton. Water Temp,75.3
2026-08-26 16:43:40,Southern Owens Valley,N. Haiwee Elevation,3757.1
2026-08-26 16:43:40,Southern Owens Valley,S. Haiwee Reservoir Elevation,3727.2
2026-08-26 16:43:40,Southern District,S. Haiwee Reservoir Elevation,3727.2
2026-08-26 16:43:40,Southern District,Fairmont Reservoir Elevation,3021.8
2026-08-26 16:43:40,Southern District,Bouquet Reservoir Elevation,2975.9
2026-08-26 16:58:38,Mono Basin,Lee Vining Intake Above Flow,33.4
2026-08-26 16:58:38,Mono Basin,Lee Vining Intake Below Flow,29.4
2026-08-26 16:58:38,Mono Basin,Walker Ck. Above Conduit Flow,4.0
2026-08-26 16:58:38,Mono Basin,L.V. Conduit Below Intake Flow,5.9
2026-08-26 16:58:38,Mono Basin,Walker Ck. Under Conduit Flow,4.0
2026-08-26 16:58:38,Mono Basin,Parker Ck. Under Conduit Flow,11.0
2026-08-26 16:58:38,Mono Basin,Parker Ck. Above Conduit Flow,12.0
2026-08-26 16:58:38,Mono Basin,Grant Lk. Spill Flow,0.0
2026-08-26 16:58:38,Mono Basin,Mono Gate 1 Return Ditch Flow,38.5
2026-08-26 16:58:38,Mono Basin,Grant Lk. Outflow,40.0
2026-08-26 16:58:38,Mono Basin,Rush Ck. at Damsite Flow,14.9
2026-08-26 16:58:38,Mono Basin,Flow to West Portal,0.0
2026-08-26 16:58:38,Long Valley,East Portal Flow,12.0
2026-08-26 16:58:38,Long Valley,OR Below EP Flow,56.0
2026-08-26 16:58:38,Long Valley,Hot Ck.at Hwy. Flow,7.0
2026-08-26 16:58:38,Long Valley,McGee Ck. Lower Sta. Flow,9.2
2026-08-26 16:58:38,Long Valley,Long Valley Current Outflow,588.3
2026-08-26 16:58:38,Long Valley,Rock Ck. Div. Flow,0.0
2026-08-26 16:58:38,Long Valley,Upper Gorge Total Release,40.8
2026-08-26 16:58:38,Long Valley,Release at Middle Gorge,0.0
2026-08-26 16:58:38,Northern Owens Valley,Rock Ck. At Owens River (PV) Flow,24.7
2026-08-26 16:58:38,Northern Owens Valley,Pleasant Valley Outflow,494.6
2026-08-26 16:58:38,Northern Owens Valley,Baker Ck. At LA Station Flow,6.3
2026-08-26 16:58:38,Northern Owens Valley,Big Pine Ck. USGS Flow,34.2
2026-08-26 16:58:38,Northern Owens Valley,O.R. Below Big Pine,484.4
2026-08-26 16:58:38,Northern Owens Valley,Fish Springs At RR Flow,31.5
2026-08-26 16:58:38,Northern Owens Valley,Tinemaha Reservoir Outflow,475.0
2026-08-26 16:58:38,Northern Owens Valley,Bishop Creek Through Plant 6,105.2
2026-08-26 16:58:38,Northern Owens Valley,Bishop Creek Around Plant 6,7.0
2026-08-26 16:58:38,Southern Owens Valley,Tinemaha Reservoir Outflow,475.0
2026-08-26 16:58:38,Southern Owens Valley,Indep. Ck. At Junction Flow,4.5
2026-08-26 16:58:38,Southern Owens Valley,LAA at Alabama Flow,412.0
2026-08-26 16:58:38,Southern Owens Valley,Cottonwood Ck. At LAA Flow,0.0
2026-08-26 16:58:38,Southern Owens Valley,LAA at Cottonwood Flow,464.0
2026-08-26 16:58:38,Southern Owens Valley,Haiwee LAA #1 Current Flow,0.0
2026-08-26 16:58:38,Southern Owens Valley,Haiwee LAA #2 Current Flow,99.9
2026-08-26 16:58:38,Southern Owens Valley,Reinhackel Flow,2.9
2026-08-26 16:58:38,Southern Owens Valley,Lubkin Spillgate Outflow,0.0
2026-08-26 16:58:38,Southern Owens Valley,Cartago Spillgate Outflow,0.0
2026-08-26 16:58:38,Southern Owens Valley,Lone Pine Creek Flow,9.5
2026-08-26 16:58:38,Lower Owens River Project,LORP Intake Flow,81.0
2026-08-26 16:58:38,Lower Owens River Project,LORP at Mazourka Canyon Road,0.0
2026-08-26 16:58:38,Lower Owens River Project,LORP at Reinhackle Springs,58.0
2026-08-26 16:58:38,Lower Owens River Project,LORP Above Pumpstation,51.0
2026-08-26 16:58:38,Lower Owens River Project,LORP At Pump Station Discharge Flow,48.0
2026-08-26 16:58:38,Southern District,Haiwee LAA #2 Current Flow,99.9
2026-08-26 16:58:38,Southern District,Haiwee LAA #1 Current Flow,0.0
2026-08-26 16:58:38,Southern District,LAA #1 Flow at Fairmont Reservoir,244.0
2026-08-26 16:58:38,Southern District,LAA #2 Flow at Fairmont Res.,132.5
2026-08-26 16:58:38,Southern District,Bouquet Reservoir Inflow,0.0
2026-08-26 16:58:38,Southern District,Bouquet Reservoir Outflow,190.2
2026-08-26 16:58:38,Southern District,LAA #1 at Soledad Flow,233.7
2026-08-26 16:58:38,Southern District,LAA #2 at Soledad Flow,250.7
2026-08-26 16:58:39,Mono Basin,Mono Lk. Elevation,6382.2
2026-08-26 16:58:39,Mono Basin,Grant Lk. Elevation,7129.3
2026-08-26 16:58:39,Long Valley,Long Valley Elevation,6771.0
2026-08-26 16:58:39,Northern Owens Valley,Pleasant Valley Elevation,4386.0
2026-08-26 16:58:39,Northern Owens Valley,Tinemaha Elevation,3862.0
2026-08-26 16:58:39,Southern Owens Valley,Tinemaha Elevation,3862.0
2026-08-26 16:58:39,Southern Owens Valley,LAA at Alabama Level,7.9
2026-08-26 16:58:39,Southern Owens Valley,LAA at Alabama Water Temp,73.6
2026-08-26 16:58:39,Southern Owens Valley,LAA at Cottonwood Level,9.0
2026-08-26 16:58:39,Southern Owens Valley,LAA at Cotton. Water Temp,75.3
2026-08-26 16:58:39,Southern Owens Valley,N. Haiwee Elevation,3757.1
2026-08-26 16:58:39,Southern Owens Valley,S. Haiwee Reservoir Elevation,3727.2
2026-08-26 16:58:39,Southern District,S. Haiwee Reservoir Elevation,3727.2
2026-08-26 16:58:39,Southern District,Fairmont Reservoir Elevation,3021.8
2026-08-26 16:58:39,Southern District,Bouquet Reservoir Elevation,2975.9
