date,district,source,value
2026-08-24 02:28:37,Northern Owens Valley,Tinemaha Elevation,3862.0
2026-08-24 02:28:37,Southern Owens Valley,Tinemaha Elevation,3862.0
2026-08-24 02:58:37,Northern Owens Valley,Tinemaha Elevation,3862.0
2026-08-24 02:58:37,Southern Owens Valley,Tinemaha Elevation,3862.0
2026-08-24 03:28:37,Northern Owens Valley,Tinemaha Elevation,3862.0
2026-08-24 03:28:37,Southern Owens Valley,Tinemaha Elevation,3862.0
2026-08-24 03:58:37,Northern Owens Valley,Tinemaha Elevation,3862.0
2026-08-24 03:58:37,Southern Owens Valley,Tinemaha Elevation,3862.0
2026-08-24 04:28:37,Northern Owens Valley,Tinemaha Elevation,3862.0
2026-08-24 04:28:37,Southern Owens Valley,Tinemaha Elevation,3862.0
2026-08-24 04:58:37,Northern Owens Valley,Tinemaha Elevation,3862.0
2026-08-24 04:58:37,Southern Owens Valley,Tinemaha Elevation,3862.0
2026-08-24 05:28:37,Northern Owens Valley,Tinemaha Elevation,3862.0
2026-08-24 05:28:37,Southern Owens Valley,Tinemaha Elevation,3862.0
2026-08-24 05:58:37,Northern Owens Valley,Tinemaha Elevation,3862.0
2026-08-24 05:58:37,Southern Owens Valley,Tinemaha Elevation,3862.0
2026-08-24 06:28:37,Northern Owens Valley,Tinemaha Elevation,3862.0
2026-08-24 06:28:37,Southern Owens Valley,Tinemaha Elevation,3862.0
2026-08-24 06:58:37,Northern Owens Valley,Tinemaha Elevation,3862.0
2026-08-24 06:58:37,Southern Owens Valley,Tinemaha Elevation,3862.0
2026-08-24 07:13:36,Long Valley,Upper Gorge Total Release,40.9
2026-08-24 07:13:36,Long Valley,Release at Middle Gorge,0.0
2026-08-24 07:13:36,Northern Owens Valley,Bishop Creek Through Plant 6,99.7
2026-08-24 07:13:36,Northern Owens Valley,Bishop Creek Around Plant 6,8.0
2026-08-24 07:13:36,Southern Owens Valley,Lone Pine Creek Flow,10.6
2026-08-24 07:13:36,Lower Owens River Project,LORP At Pump Station Discharge Flow,39.0
2026-08-24 07:28:37,Long Valley,Upper Gorge Total Release,40.3
2026-08-24 07:28:37,Long Valley,Release at Middle Gorge,0.0
2026-08-24 07:28:37,Northern Owens Valley,Tinemaha Elevation,3862.0
2026-08-24 07:28:37,Northern Owens Valley,Bishop Creek Through Plant 6,100.9
2026-08-24 07:28:37,Northern Owens Valley,Bishop Creek Around Plant 6,7.9
2026-08-24 07:28:37,Southern Owens Valley,Tinemaha Elevation,3862.0
2026-08-24 07:28:37,Southern Owens Valley,Lone Pine Creek Flow,10.6
2026-08-24 07:28:37,Lower Owens River Project,LORP At Pump Station Discharge Flow,38.0
2026-08-24 07:43:38,Long Valley,Upper Gorge Total Release,40.9
2026-08-24 07:43:38,Long Valley,Release at Middle Gorge,0.0
2026-08-24 07:43:38,Northern Owens Valley,Bishop Creek Through Plant 6,100.9
2026-08-24 07:43:38,Northern Owens Valley,Bishop Creek Around Plant 6,7.9
2026-08-24 07:43:38,Southern Owens Valley,Lone Pine Creek Flow,10.7
2026-08-24 07:43:38,Lower Owens River Project,LORP At Pump Station Discharge Flow,38.0
2026-08-24 07:58:36,Long Valley,Upper Gorge Total Release,40.8
2026-08-24 07:58:36,Long Valley,Release at Middle Gorge,0.0
2026-08-24 07:58:36,Northern Owens Valley,Bishop Creek Through Plant 6,98.6
2026-08-24 07:58:36,Northern Owens Valley,Bishop Creek Around Plant 6,7.6
2026-08-24 07:58:36,Southern Owens Valley,Lone Pine Creek Flow,10.7
2026-08-24 07:58:36,Lower Owens River Project,LORP At Pump Station Discharge Flow,38.0
2026-08-24 07:58:37,Northern Owens Valley,Tinemaha Elevation,3862.0
2026-08-24 07:58:37,Southern Owens Valley,Tinemaha Elevation,3862.0
2026-08-24 08:13:36,Mono Basin,Lee Vining Intake Above Flow,27.4
2026-08-24 08:13:36,Mono Basin,Lee Vining Intake Below Flow,26.5
2026-08-24 08:13:36,Mono Basin,Walker Ck. Above Conduit Flow,4.0
2026-08-24 08:13:36,Mono Basin,L.V. Conduit Below Intake Flow,0.6
2026-08-24 08:13:36,Mono Basin,Walker Ck. Under Conduit Flow,4.0
2026-08-24 08:13:36,Mono Basin,Parker Ck. Under Conduit Flow,13.0
2026-08-24 08:13:36,Mono Basin,Parker Ck. Above Conduit Flow,14.0
2026-08-24 08:13:36,Mono Basin,Grant Lk. Spill Flow,0.0
2026-08-24 08:13:36,Mono Basin,Mono Gate 1 Return Ditch Flow,39.1
2026-08-24 08:13:36,Mono Basin,Grant Lk. Outflow,39.2
2026-08-24 08:13:36,Mono Basin,Rush Ck. at Damsite Flow,9.9
2026-08-24 08:13:36,Mono Basin,Flow to West Portal,0.0
2026-08-24 08:13:36,Long Valley,East Portal Flow,12.0
2026-08-24 08:13:36,Long Valley,OR Below EP Flow,56.0
2026-08-24 08:13:36,Long Valley,Hot Ck.at Hwy. Flow,7.0
2026-08-24 08:13:36,Long Valley,McGee Ck. Lower Sta. Flow,10.9
2026-08-24 08:13:36,Long Valley,Long Valley Current Outflow,577.9
2026-08-24 08:13:36,Long Valley,Rock Ck. Div. Flow,0.0
2026-08-24 08:13:36,Long Valley,Upper Gorge Total Release,40.9
2026-08-24 08:13:36,Long Valley,Release at Middle Gorge,0.0
2026-08-24 08:13:36,Northern Owens Valley,Rock Ck. At Owens River (PV) Flow,26.2
2026-08-24 08:13:36,Northern Owens Valley,Pleasant Valley Outflow,486.4
2026-08-24 08:13:36,Northern Owens Valley,Baker Ck. At LA Station Flow,6.4
2026-08-24 08:13:36,Northern Owens Valley,Big Pine Ck. USGS Flow,40.2
2026-08-24 08:13:36,Northern Owens Valley,O.R. Below Big Pine,494.3
2026-08-24 08:13:36,Northern Owens Valley,Fish Springs At RR Flow,33.8
2026-08-24 08:13:36,Northern Owens Valley,Tinemaha Reservoir Outflow,476.6
2026-08-24 08:13:36,Northern Owens Valley,Bishop Creek Through Plant 6,98.6
2026-08-24 08:13:36,Northern Owens Valley,Bishop Creek Around Plant 6,7.6
2026-08-24 08:13:36,Southern Owens Valley,Tinemaha Reservoir Outflow,476.6
2026-08-24 08:13:36,Southern Owens Valley,Indep. Ck. At Junction Flow,5.3
2026-08-24 08:13:36,Southern Owens Valley,LAA at Alabama Flow,410.0
2026-08-24 08:13:36,Southern Owens Valley,Cottonwood Ck. At LAA Flow,0.0
2026-08-24 08:13:36,Southern Owens Valley,LAA at Cottonwood Flow,459.0
2026-08-24 08:13:36,Southern Owens Valley,Haiwee LAA #1 Current Flow,0.0
2026-08-24 08:13:36,Southern Owens Valley,Haiwee LAA #2 Current Flow,99.7
2026-08-24 08:13:36,Southern Owens Valley,Reinhackel Flow,2.9
2026-08-24 08:13:36,Southern Owens Valley,Lubkin Spillgate Outflow,0.6
2026-08-24 08:13:36,Southern Owens Valley,Cartago Spillgate Outflow,0.0
2026-08-24 08:13:36,Southern Owens Valley,Lone Pine Creek Flow,10.7
2026-08-24 08:13:36,Lower Owens River Project,LORP Intake Flow,81.0
2026-08-24 08:13:36,Lower Owens River Project,LORP at Mazourka Canyon Road,0.0
2026-08-24 08:13:36,Lower Owens River Project,LORP at Reinhackle Springs,65.0
2026-08-24 08:13:36,Lower Owens River Project,LORP Above Pumpstation,41.0
2026-08-24 08:13:36,Lower Owens River Project,LORP At Pump Station Discharge Flow,38.0
2026-08-24 08:13:36,Southern District,Haiwee LAA #2 Current Flow,99.7
2026-08-24 08:13:36,Southern District,Haiwee LAA #1 Current Flow,0.0
2026-08-24 08:13:36,Southern District,LAA #1 Flow at Fairmont Reservoir,243.2
2026-08-24 08:13:36,Southern District,LAA #2 Flow at Fairmont Res.,132.3
2026-08-24 08:13:36,Southern District,Bouquet Reservoir Inflow,0.0
2026-08-24 08:13:36,Southern District,Bouquet Reservoir Outflow,218.0
2026-08-24 08:13:36,Southern District,LAA #1 at Soledad Flow,279.9
2026-08-24 08:13:36,Southern District,LAA #2 at Soledad Flow,247.9
2026-08-24 08:13:37,Mono Basin,Mono Lk. Elevation,6382.2
2026-08-24 08:13:37,Mono Basin,Grant Lk. Elevation,7129.4
2026-08-24 08:13:37,Long Valley,Long Valley Elevation,6771.4
2026-08-24 08:13:37,Northern Owens Valley,Pleasant Valley Elevation,4384.0
2026-08-24 08:13:37,Southern Owens Valley,LAA at Alabama Level,7.9
2026-08-24 08:13:37,Southern Owens Valley,LAA at Alabama Water Temp,71.0
2026-08-24 08:13:37,Southern Owens Valley,LAA at Cottonwood Level,8.9
2026-08-24 08:13:37,Southern Owens Valley,LAA at Cotton. Water Temp,72.4
2026-08-24 08:13:37,Southern Owens Valley,N. Haiwee Elevation,3757.1
2026-08-24 08:13:37,Southern Owens Valley,S. Haiwee Reservoir Elevation,3726.6
2026-08-24 08:13:37,Southern District,S. Haiwee Reservoir Elevation,3726.6
2026-08-24 08:13:37,Southern District,Fairmont Reservoir Elevation,3022.2
2026-08-24 08:13:37,Southern District,Bouquet Reservoir Elevation,2977.7
2026-08-24 08:28:36,Mono Basin,Lee Vining Intake Above Flow,27.4
2026-08-24 08:28:36,Mono Basin,Lee Vining Intake Below Flow,26.5
2026-08-24 08:28:36,Mono Basin,Walker Ck. Above Conduit Flow,4.0
2026-08-24 08:28:36,Mono Basin,L.V. Conduit Below Intake Flow,0.6
2026-08-24 08:28:36,Mono Basin,Walker Ck. Under Conduit Flow,4.0
2026-08-24 08:28:36,Mono Basin,Parker Ck. Under Conduit Flow,13.0
2026-08-24 08:28:36,Mono Basin,Parker Ck. Above Conduit Flow,14.0
2026-08-24 08:28:36,Mono Basin,Grant Lk. Spill Flow,0.0
2026-08-24 08:28:36,Mono Basin,Mono Gate 1 Return Ditch Flow,39.0
2026-08-24 08:28:36,Mono Basin,Grant Lk. Outflow,39.4
2026-08-24 08:28:36,Mono Basin,Rush Ck. at Damsite Flow,9.9
2026-08-24 08:28:36,Mono Basin,Flow to West Portal,0.0
2026-08-24 08:28:36,Long Valley,East Portal Flow,12.0
2026-08-24 08:28:36,Long Valley,OR Below EP Flow,56.0
2026-08-24 08:28:36,Long Valley,Hot Ck.at Hwy. Flow,7.0
2026-08-24 08:28:36,Long Valley,McGee Ck. Lower Sta. Flow,10.9
2026-08-24 08:28:36,Long Valley,Long Valley Current Outflow,576.9
2026-08-24 08:28:36,Long Valley,Rock Ck. Div. Flow,0.0
2026-08-24 08:28:36,Long Valley,Upper Gorge Total Release,40.6
2026-08-24 08:28:36,Long Valley,Release at Middle Gorge,0.0
2026-08-24 08:28:36,Northern Owens Valley,Rock Ck. At Owens River (PV) Flow,26.2
2026-08-24 08:28:36,Northern Owens Valley,Pleasant Valley Outflow,485.8
2026-08-24 08:28:36,Northern Owens Valley,Baker Ck. At LA Station Flow,6.4
2026-08-24 08:28:36,Northern Owens Valley,Big Pine Ck. USGS Flow,40.4
2026-08-24 08:28:36,Northern Owens Valley,O.R. Below Big Pine,495.1
2026-08-24 08:28:36,Northern Owens Valley,Fish Springs At RR Flow,33.8
2026-08-24 08:28:36,Northern Owens Valley,Tinemaha Reservoir Outflow,476.6
2026-08-24 08:28:36,Northern Owens Valley,Bishop Creek Through Plant 6,100.1
2026-08-24 08:28:36,Northern Owens Valley,Bishop Creek Around Plant 6,7.5
2026-08-24 08:28:36,Southern Owens Valley,Tinemaha Reservoir Outflow,476.6
2026-08-24 08:28:36,Southern Owens Valley,Indep. Ck. At Junction Flow,5.3
2026-08-24 08:28:36,Southern Owens Valley,LAA at Alabama Flow,410.0
2026-08-24 08:28:36,Southern Owens Valley,Cottonwood Ck. At LAA Flow,0.0
2026-08-24 08:28:36,Southern Owens Valley,LAA at Cottonwood Flow,459.0
2026-08-24 08:28:36,Southern Owens Valley,Haiwee LAA #1 Current Flow,0.0
2026-08-24 08:28:36,Southern Owens Valley,Haiwee LAA #2 Current Flow,99.7
2026-08-24 08:28:36,Southern Owens Valley,Reinhackel Flow,2.9
2026-08-24 08:28:36,Southern Owens Valley,Lubkin Spillgate Outflow,0.7
2026-08-24 08:28:36,Southern Owens Valley,Cartago Spillgate Outflow,0.0
2026-08-24 08:28:36,Southern Owens Valley,Lone Pine Creek Flow,10.7
2026-08-24 08:28:36,Lower Owens River Project,LORP Intake Flow,81.0
2026-08-24 08:28:36,Lower Owens River Project,LORP at Mazourka Canyon Road,0.0
2026-08-24 08:28:36,Lower Owens River Project,LORP at Reinhackle Springs,66.0
2026-08-24 08:28:36,Lower Owens River Project,LORP Above Pumpstation,41.0
2026-08-24 08:28:36,Lower Owens River Project,LORP At Pump Station Discharge Flow,38.0
2026-08-24 08:28:36,Southern District,Haiwee LAA #2 Current Flow,99.7
2026-08-24 08:28:36,Southern District,Haiwee LAA #1 Current Flow,0.0
2026-08-24 08:28:36,Southern District,LAA #1 Flow at Fairmont Reservoir,243.3
2026-08-24 08:28:36,Southern District,LAA #2 Flow at Fairmont Res.,132.3
2026-08-24 08:28:36,Southern District,Bouquet Reservoir Inflow,0.0
2026-08-24 08:28:36,Southern District,Bouquet Reservoir Outflow,220.5
2026-08-24 08:28:36,Southern District,LAA #1 at Soledad Flow,279.9
2026-08-24 08:28:36,Southern District,LAA #2 at Soledad Flow,247.9
2026-08-24 08:28:37,Mono Basin,Mono Lk. Elevation,6382.2
2026-08-24 08:28:37,Mono Basin,Grant Lk. Elevation,7129.4
2026-08-24 08:28:37,Long Valley,Long Valley Elevation,6771.4
2026-08-24 08:28:37,Northern Owens Valley,Pleasant Valley Elevation,4384.0
2026-08-24 08:28:37,Northern Owens Valley,Tinemaha Elevation,3862.0
2026-08-24 08:28:37,Southern Owens Valley,Tinemaha Elevation,3862.0
2026-08-24 08:28:37,Southern Owens Valley,LAA at Alabama Level,7.9
2026-08-24 08:28:37,Southern Owens Valley,LAA at Alabama Water Temp,71.0
2026-08-24 08:28:37,Southern Owens Valley,LAA at Cottonwood Level,8.9
2026-08-24 08:28:37,Southern Owens Valley,LAA at Cotton. Water Temp,72.4
2026-08-24 08:28:37,Southern Owens Valley,N. Haiwee Elevation,3757.1
2026-08-24 08:28:37,Southern Owens Valley,S. Haiwee Reservoir Elevation,3726.6
2026-08-24 08:28:37,Southern District,S. Haiwee Reservoir Elevation,3726.6
2026-08-24 08:28:37,Southern District,Fairmont Reservoir Elevation,3022.2
2026-08-24 08:28:37,Southern District,Bouquet Reservoir Elevation,2977.7
2026-08-24 08:43:38,Mono Basin,Lee Vining Intake Above Flow,26.8
2026-08-24 08:43:38,Mono Basin,Lee Vining Intake Below Flow,26.8
2026-08-24 08:43:38,Mono Basin,Walker Ck. Above Conduit Flow,4.0
2026-08-24 08:43:38,Mono Basin,L.V. Conduit Below Intake Flow,0.6
2026-08-24 08:43:38,Mono Basin,Walker Ck. Under Conduit Flow,4.0
2026-08-24 08:43:38,Mono Basin,Parker Ck. Under Conduit Flow,13.0
2026-08-24 08:43:38,Mono Basin,Parker Ck. Above Conduit Flow,14.0
2026-08-24 08:43:38,Mono Basin,Grant Lk. Spill Flow,0.0
2026-08-24 08:43:38,Mono Basin,Mono Gate 1 Return Ditch Flow,39.0
2026-08-24 08:43:38,Mono Basin,Grant Lk. Outflow,39.4
2026-08-24 08:43:38,Mono Basin,Rush Ck. at Damsite Flow,9.9
2026-08-24 08:43:38,Mono Basin,Flow to West Portal,0.0
2026-08-24 08:43:38,Long Valley,East Portal Flow,12.0
2026-08-24 08:43:38,Long Valley,OR Below EP Flow,56.0
2026-08-24 08:43:38,Long Valley,Hot Ck.at Hwy. Flow,7.0
2026-08-24 08:43:38,Long Valley,McGee Ck. Lower Sta. Flow,10.9
2026-08-24 08:43:38,Long Valley,Long Valley Current Outflow,576.9
2026-08-24 08:43:38,Long Valley,Rock Ck. Div. Flow,0.0
2026-08-24 08:43:38,Long Valley,Upper Gorge Total Release,40.8
2026-08-24 08:43:38,Long Valley,Release at Middle Gorge,0.0
2026-08-24 08:43:38,Northern Owens Valley,Rock Ck. At Owens River (PV) Flow,26.2
2026-08-24 08:43:38,Northern Owens Valley,Pleasant Valley Outflow,487.0
2026-08-24 08:43:38,Northern Owens Valley,Baker Ck. At LA Station Flow,6.4
2026-08-24 08:43:38,Northern Owens Valley,Big Pine Ck. USGS Flow,40.4
2026-08-24 08:43:38,Northern Owens Valley,O.R. Below Big Pine,493.7
2026-08-24 08:43:38,Northern Owens Valley,Fish Springs At RR Flow,33.8
2026-08-24 08:43:38,Northern Owens Valley,Tinemaha Reservoir Outflow,476.6
2026-08-24 08:43:38,Northern Owens Valley,Bishop Creek Through Plant 6,100.3
2026-08-24 08:43:38,Northern Owens Valley,Bishop Creek Around Plant 6,7.4
2026-08-24 08:43:38,Southern Owens Valley,Tinemaha Reservoir Outflow,476.6
2026-08-24 08:43:38,Southern Owens Valley,Indep. Ck. At Junction Flow,5.3
2026-08-24 08:43:38,Southern Owens Valley,LAA at Alabama Flow,410.0
2026-08-24 08:43:38,Southern Owens Valley,LAA at Alabama Water Temp,70.9
2026-08-24 08:43:38,Southern Owens Valley,Cottonwood Ck. At LAA Flow,0.0
2026-08-24 08:43:38,Southern Owens Valley,LAA at Cottonwood Flow,459.0
2026-08-24 08:43:38,Southern Owens Valley,LAA at Cotton. Water Temp,72.4
2026-08-24 08:43:38,Southern Owens Valley,Haiwee LAA #1 Current Flow,0.0
2026-08-24 08:43:38,Southern Owens Valley,Haiwee LAA #2 Current Flow,99.7
2026-08-24 08:43:38,Southern Owens Valley,Reinhackel Flow,2.9
2026-08-24 08:43:38,Southern Owens Valley,Lubkin Spillgate Outflow,3.5
2026-08-24 08:43:38,Southern Owens Valley,Cartago Spillgate Outflow,0.0
2026-08-24 08:43:38,Southern Owens Valley,Lone Pine Creek Flow,10.7
2026-08-24 08:43:38,Lower Owens River Project,LORP Intake Flow,81.0
2026-08-24 08:43:38,Lower Owens River Project,LORP at Mazourka Canyon Road,0.0
2026-08-24 08:43:38,Lower Owens River Project,LORP at Reinhackle Springs,66.0
2026-08-24 08:43:38,Lower Owens River Project,LORP Above Pumpstation,41.0
2026-08-24 08:43:38,Lower Owens River Project,LORP At Pump Station Discharge Flow,38.0
2026-08-24 08:43:38,Southern District,Haiwee LAA #2 Current Flow,99.7
2026-08-24 08:43:38,Southern District,Haiwee LAA #1 Current Flow,0.0
2026-08-24 08:43:38,Southern District,LAA #1 Flow at Fairmont Reservoir,242.6
2026-08-24 08:43:38,Southern District,LAA #2 Flow at Fairmont Res.,132.3
2026-08-24 08:43:38,Southern District,Bouquet Reservoir Inflow,0.0
2026-08-24 08:43:38,Southern District,Bouquet Reservoir Outflow,218.9
2026-08-24 08:43:38,Southern District,LAA #1 at Soledad Flow,279.9
2026-08-24 08:43:38,Southern District,LAA #2 at Soledad Flow,247.9
2026-08-24 08:43:39,Mono Basin,Mono Lk. Elevation,6382.2
2026-08-24 08:43:39,Mono Basin,Grant Lk. Elevation,7129.4
2026-08-24 08:43:39,Long Valley,Long Valley Elevation,6771.4
2026-08-24 08:43:39,Northern Owens Valley,Pleasant Valley Elevation,4384.1
2026-08-24 08:43:39,Southern Owens Valley,LAA at Alabama Level,7.9
2026-08-24 08:43:39,Southern Owens Valley,LAA at Cottonwood Level,8.9
2026-08-24 08:43:39,Southern Owens Valley,N. Haiwee Elevation,3757.1
2026-08-24 08:43:39,Southern Owens Valley,S. Haiwee Reservoir Elevation,3726.6
2026-08-24 08:43:39,Southern District,S. Haiwee Reservoir Elevation,3726.6
2026-08-24 08:43:39,Southern District,Fairmont Reservoir Elevation,3022.2
2026-08-24 08:43:39,Southern District,Bouquet Reservoir Elevation,2977.7
2026-08-24 08:58:36,Mono Basin,Lee Vining Intake Above Flow,26.8
2026-08-24 08:58:36,Mono Basin,Lee Vining Intake Below Flow,26.8
2026-08-24 08:58:36,Mono Basin,Walker Ck. Above Conduit Flow,4.0
2026-08-24 08:58:36,Mono Basin,L.V. Conduit Below Intake Flow,0.6
2026-08-24 08:58:36,Mono Basin,Walker Ck. Under Conduit Flow,4.0
2026-08-24 08:58:36,Mono Basin,Parker Ck. Under Conduit Flow,13.0
2026-08-24 08:58:36,Mono Basin,Parker Ck. Above Conduit Flow,14.0
2026-08-24 08:58:36,Mono Basin,Grant Lk. Spill Flow,0.0
2026-08-24 08:58:36,Mono Basin,Mono Gate 1 Return Ditch Flow,39.0
2026-08-24 08:58:36,Mono Basin,Grant Lk. Outflow,39.4
2026-08-24 08:58:36,Mono Basin,Rush Ck. at Damsite Flow,9.9
2026-08-24 08:58:36,Mono Basin,Flow to West Portal,0.0
2026-08-24 08:58:36,Long Valley,East Portal Flow,12.0
2026-08-24 08:58:36,Long Valley,OR Below EP Flow,56.0
2026-08-24 08:58:36,Long Valley,Hot Ck.at Hwy. Flow,7.0
2026-08-24 08:58:36,Long Valley,McGee Ck. Lower Sta. Flow,10.9
2026-08-24 08:58:36,Long Valley,Long Valley Current Outflow,576.9
2026-08-24 08:58:36,Long Valley,Rock Ck. Div. Flow,0.0
2026-08-24 08:58:36,Long Valley,Upper Gorge Total Release,40.1
2026-08-24 08:58:36,Long Valley,Release at Middle Gorge,0.0
2026-08-24 08:58:36,Northern Owens Valley,Rock Ck. At Owens River (PV) Flow,26.2
2026-08-24 08:58:36,Northern Owens Valley,Pleasant Valley Outflow,486.1
2026-08-24 08:58:36,Northern Owens Valley,Baker Ck. At LA Station Flow,6.4
2026-08-24 08:58:36,Northern Owens Valley,Big Pine Ck. USGS Flow,40.4
2026-08-24 08:58:36,Northern Owens Valley,O.R. Below Big Pine,493.1
2026-08-24 08:58:36,Northern Owens Valley,Fish Springs At RR Flow,33.8
2026-08-24 08:58:36,Northern Owens Valley,Tinemaha Reservoir Outflow,476.6
2026-08-24 08:58:36,Northern Owens Valley,Bishop Creek Through Plant 6,100.3
2026-08-24 08:58:36,Northern Owens Valley,Bishop Creek Around Plant 6,7.4
2026-08-24 08:58:36,Southern Owens Valley,Tinemaha Reservoir Outflow,476.6
2026-08-24 08:58:36,Southern Owens Valley,Indep. Ck. At Junction Flow,5.3
2026-08-24 08:58:36,Southern Owens Valley,LAA at Alabama Flow,410.0
2026-08-24 08:58:36,Southern Owens Valley,Cottonwood Ck. At LAA Flow,0.0
2026-08-24 08:58:36,Southern Owens Valley,LAA at Cottonwood Flow,459.0
2026-08-24 08:58:36,Southern Owens Valley,Haiwee LAA #1 Current Flow,0.0
2026-08-24 08:58:36,Southern Owens Valley,Haiwee LAA #2 Current Flow,99.7
2026-08-24 08:58:36,Southern Owens Valley,Reinhackel Flow,2.9
2026-08-24 08:58:36,Southern Owens Valley,Lubkin Spillgate Outflow,0.0
2026-08-24 08:58:36,Southern Owens Valley,Cartago Spillgate Outflow,0.0
2026-08-24 08:58:36,Southern Owens Valley,Lone Pine Creek Flow,10.7
2026-08-24 08:58:36,Lower Owens River Project,LORP Intake Flow,81.0
2026-08-24 08:58:36,Lower Owens River Project,LORP at Mazourka Canyon Road,0.0
2026-08-24 08:58:36,Lower Owens River Project,LORP at Reinhackle Springs,66.0
2026-08-24 08:58:36,Lower Owens River Project,LORP Above Pumpstation,42.0
2026-08-24 08:58:36,Lower Owens River Project,LORP At Pump Station Discharge Flow,38.0
2026-08-24 08:58:36,Southern District,Haiwee LAA #2 Current Flow,99.7
2026-08-24 08:58:36,Southern District,Haiwee LAA #1 Current Flow,0.0
2026-08-24 08:58:36,Southern District,LAA #1 Flow at Fairmont Reservoir,242.7
2026-08-24 08:58:36,Southern District,LAA #2 Flow at Fairmont Res.,131.9
2026-08-24 08:58:36,Southern District,Bouquet Reservoir Inflow,0.0
2026-08-24 08:58:36,Southern District,Bouquet Reservoir Outflow,217.9
2026-08-24 08:58:36,Southern District,LAA #1 at Soledad Flow,279.9
2026-08-24 08:58:36,Southern District,LAA #2 at Soledad Flow,247.9
2026-08-24 08:58:37,Mono Basin,Mono Lk. Elevation,6382.2
2026-08-24 08:58:37,Mono Basin,Grant Lk. Elevation,7129.4
2026-08-24 08:58:37,Long Valley,Long Valley Elevation,6771.4
2026-08-24 08:58:37,Northern Owens Valley,Pleasant Valley Elevation,4384.1
2026-08-24 08:58:37,Northern Owens Valley,Tinemaha Elevation,3862.0
2026-08-24 08:58:37,Southern Owens Valley,Tinemaha Elevation,3862.0
2026-08-24 08:58:37,Southern Owens Valley,LAA at Alabama Level,7.9
2026-08-24 08:58:37,Southern Owens Valley,LAA at Alabama Water Temp,70.9
2026-08-24 08:58:37,Southern Owens Valley,LAA at Cottonwood Level,8.9
2026-08-24 08:58:37,Southern Owens Valley,LAA at Cotton. Water Temp,72.4
2026-08-24 08:58:37,Southern Owens Valley,N. Haiwee Elevation,3757.1
2026-08-24 08:58:37,Southern Owens Valley,S. Haiwee Reservoir Elevation,3726.6
2026-08-24 08:58:37,Southern District,S. Haiwee Reservoir Elevation,3726.6
2026-08-24 08:58:37,Southern District,Fairmont Reservoir Elevation,3022.2
2026-08-24 08:58:37,Southern District,Bouquet Reservoir Elevation,2977.7
2026-08-24 09:13:36,Mono Basin,Lee Vining Intake Above Flow,27.2
2026-08-24 09:13:36,Mono Basin,Lee Vining Intake Below Flow,26.9
2026-08-24 09:13:36,Mono Basin,Walker Ck. Above Conduit Flow,4.0
2026-08-24 09:13:36,Mono Basin,L.V. Conduit Below Intake Flow,0.6
2026-08-24 09:13:36,Mono Basin,Walker Ck. Under Conduit Flow,4.0
2026-08-24 09:13:36,Mono Basin,Parker Ck. Under Conduit Flow,13.0
2026-08-24 09:13:36,Mono Basin,Parker Ck. Above Conduit Flow,14.0
2026-08-24 09:13:36,Mono Basin,Grant Lk. Spill Flow,0.0
2026-08-24 09:13:36,Mono Basin,Mono Gate 1 Return Ditch Flow,39.0
2026-08-24 09:13:36,Mono Basin,Grant Lk. Outflow,39.4
2026-08-24 09:13:36,Mono Basin,Rush Ck. at Damsite Flow,9.9
2026-08-24 09:13:36,Mono Basin,Flow to West Portal,0.0
2026-08-24 09:13:36,Long Valley,East Portal Flow,12.0
2026-08-24 09:13:36,Long Valley,OR Below EP Flow,56.0
2026-08-24 09:13:36,Long Valley,Hot Ck.at Hwy. Flow,7.0
2026-08-24 09:13:36,Long Valley,McGee Ck. Lower Sta. Flow,10.9
2026-08-24 09:13:36,Long Valley,Long Valley Current Outflow,576.9
2026-08-24 09:13:36,Long Valley,Rock Ck. Div. Flow,0.0
2026-08-24 09:13:36,Long Valley,Upper Gorge Total Release,40.8
2026-08-24 09:13:36,Long Valley,Release at Middle Gorge,0.0
2026-08-24 09:13:36,Northern Owens Valley,Rock Ck. At Owens River (PV) Flow,26.2
2026-08-24 09:13:36,Northern Owens Valley,Pleasant Valley Outflow,486.8
2026-08-24 09:13:36,Northern Owens Valley,Baker Ck. At LA Station Flow,6.4
2026-08-24 09:13:36,Northern Owens Valley,Big Pine Ck. USGS Flow,40.4
2026-08-24 09:13:36,Northern Owens Valley,O.R. Below Big Pine,494.0
2026-08-24 09:13:36,Northern Owens Valley,Fish Springs At RR Flow,33.8
2026-08-24 09:13:36,Northern Owens Valley,Tinemaha Reservoir Outflow,476.6
2026-08-24 09:13:36,Northern Owens Valley,Bishop Creek Through Plant 6,100.3
2026-08-24 09:13:36,Northern Owens Valley,Bishop Creek Around Plant 6,7.4
2026-08-24 09:13:36,Southern Owens Valley,Tinemaha Reservoir Outflow,476.6
2026-08-24 09:13:36,Southern Owens Valley,Indep. Ck. At Junction Flow,5.3
2026-08-24 09:13:36,Southern Owens Valley,LAA at Alabama Flow,409.0
2026-08-24 09:13:36,Southern Owens Valley,Cottonwood Ck. At LAA Flow,0.0
2026-08-24 09:13:36,Southern Owens Valley,LAA at Cottonwood Flow,459.0
2026-08-24 09:13:36,Southern Owens Valley,Haiwee LAA #1 Current Flow,0.0
2026-08-24 09:13:36,Southern Owens Valley,Haiwee LAA #2 Current Flow,99.7
2026-08-24 09:13:36,Southern Owens Valley,Reinhackel Flow,2.9
2026-08-24 09:13:36,Southern Owens Valley,Lubkin Spillgate Outflow,0.0
2026-08-24 09:13:36,Southern Owens Valley,Cartago Spillgate Outflow,0.0
2026-08-24 09:13:36,Southern Owens Valley,Lone Pine Creek Flow,10.8
2026-08-24 09:13:36,Lower Owens River Project,LORP Intake Flow,81.0
2026-08-24 09:13:36,Lower Owens River Project,LORP at Mazourka Canyon Road,0.0
2026-08-24 09:13:36,Lower Owens River Project,LORP at Reinhackle Springs,66.0
2026-08-24 09:13:36,Lower Owens River Project,LORP Above Pumpstation,52.0
2026-08-24 09:13:36,Lower Owens River Project,LORP At Pump Station Discharge Flow,49.0
2026-08-24 09:13:36,Southern District,Haiwee LAA #2 Current Flow,99.7
2026-08-24 09:13:36,Southern District,Haiwee LAA #1 Current Flow,0.0
2026-08-24 09:13:36,Southern District,LAA #1 Flow at Fairmont Reservoir,242.6
2026-08-24 09:13:36,Southern District,LAA #2 Flow at Fairmont Res.,132.3
2026-08-24 09:13:36,Southern District,Bouquet Reservoir Inflow,0.0
2026-08-24 09:13:36,Southern District,Bouquet Reservoir Outflow,212.8
2026-08-24 09:13:36,Southern District,LAA #1 at Soledad Flow,279.9
2026-08-24 09:13:36,Southern District,LAA #2 at Soledad Flow,247.9
2026-08-24 09:13:37,Mono Basin,Mono Lk. Elevation,6382.2
2026-08-24 09:13:37,Mono Basin,Grant Lk. Elevation,7129.4
2026-08-24 09:13:37,Long Valley,Long Valley Elevation,6771.4
2026-08-24 09:13:37,Northern Owens Valley,Pleasant Valley Elevation,4384.1
2026-08-24 09:13:37,Southern Owens Valley,LAA at Alabama Level,7.9
2026-08-24 09:13:37,Southern Owens Valley,LAA at Alabama Water Temp,71.0
2026-08-24 09:13:37,Southern Owens Valley,LAA at Cottonwood Level,8.9
2026-08-24 09:13:37,Southern Owens Valley,LAA at Cotton. Water Temp,72.4
2026-08-24 09:13:37,Southern Owens Valley,N. Haiwee Elevation,3757.1
2026-08-24 09:13:37,Southern Owens Valley,S. Haiwee Reservoir Elevation,3726.6
2026-08-24 09:13:37,Southern District,S. Haiwee Reservoir Elevation,3726.6
2026-08-24 09:13:37,Southern District,Fairmont Reservoir Elevation,3022.2
2026-08-24 09:13:37,Southern District,Bouquet Reservoir Elevation,2977.7
2026-08-24 09:28:36,Mono Basin,Lee Vining Intake Above Flow,27.2
2026-08-24 09:28:36,Mono Basin,Lee Vining Intake Below Flow,26.9
2026-08-24 09:28:36,Mono Basin,Walker Ck. Above Conduit Flow,4.0
2026-08-24 09:28:36,Mono Basin,L.V. Conduit Below Intake Flow,0.6
2026-08-24 09:28:36,Mono Basin,Walker Ck. Under Conduit Flow,4.0
2026-08-24 09:28:36,Mono Basin,Parker Ck. Under Conduit Flow,13.0
2026-08-24 09:28:36,Mono Basin,Parker Ck. Above Conduit Flow,14.0
2026-08-24 09:28:36,Mono Basin,Grant Lk. Spill Flow,0.0
2026-08-24 09:28:36,Mono Basin,Mono Gate 1 Return Ditch Flow,39.0
2026-08-24 09:28:36,Mono Basin,Grant Lk. Outflow,39.9
2026-08-24 09:28:36,Mono Basin,Rush Ck. at Damsite Flow,9.9
2026-08-24 09:28:36,Mono Basin,Flow to West Portal,0.0
2026-08-24 09:28:36,Long Valley,East Portal Flow,12.0
2026-08-24 09:28:36,Long Valley,OR Below EP Flow,56.0
2026-08-24 09:28:36,Long Valley,Hot Ck.at Hwy. Flow,7.0
2026-08-24 09:28:36,Long Valley,McGee Ck. Lower Sta. Flow,10.9
2026-08-24 09:28:36,Long Valley,Long Valley Current Outflow,579.7
2026-08-24 09:28:36,Long Valley,Rock Ck. Div. Flow,0.0
2026-08-24 09:28:36,Long Valley,Upper Gorge Total Release,41.1
2026-08-24 09:28:36,Long Valley,Release at Middle Gorge,0.0
2026-08-24 09:28:36,Northern Owens Valley,Rock Ck. At Owens River (PV) Flow,26.2
2026-08-24 09:28:36,Northern Owens Valley,Pleasant Valley Outflow,487.7
2026-08-24 09:28:36,Northern Owens Valley,Baker Ck. At LA Station Flow,6.4
2026-08-24 09:28:36,Northern Owens Valley,Big Pine Ck. USGS Flow,40.4
2026-08-24 09:28:36,Northern Owens Valley,O.R. Below Big Pine,493.1
2026-08-24 09:28:36,Northern Owens Valley,Fish Springs At RR Flow,33.8
2026-08-24 09:28:36,Northern Owens Valley,Tinemaha Reservoir Outflow,476.6
2026-08-24 09:28:36,Northern Owens Valley,Bishop Creek Through Plant 6,100.6
2026-08-24 09:28:36,Northern Owens Valley,Bishop Creek Around Plant 6,7.3
2026-08-24 09:28:36,Southern Owens Valley,Tinemaha Reservoir Outflow,476.6
2026-08-24 09:28:36,Southern Owens Valley,Indep. Ck. At Junction Flow,5.3
2026-08-24 09:28:36,Southern Owens Valley,LAA at Alabama Flow,409.0
2026-08-24 09:28:36,Southern Owens Valley,Cottonwood Ck. At LAA Flow,0.0
2026-08-24 09:28:36,Southern Owens Valley,LAA at Cottonwood Flow,459.0
2026-08-24 09:28:36,Southern Owens Valley,Haiwee LAA #1 Current Flow,0.0
2026-08-24 09:28:36,Southern Owens Valley,Haiwee LAA #2 Current Flow,99.7
2026-08-24 09:28:36,Southern Owens Valley,Reinhackel Flow,2.9
2026-08-24 09:28:36,Southern Owens Valley,Lubkin Spillgate Outflow,0.0
2026-08-24 09:28:36,Southern Owens Valley,Cartago Spillgate Outflow,0.0
2026-08-24 09:28:36,Southern Owens Valley,Lone Pine Creek Flow,10.8
2026-08-24 09:28:36,Lower Owens River Project,LORP Intake Flow,81.0
2026-08-24 09:28:36,Lower Owens River Project,LORP at Mazourka Canyon Road,0.0
2026-08-24 09:28:36,Lower Owens River Project,LORP at Reinhackle Springs,62.0
2026-08-24 09:28:36,Lower Owens River Project,LORP Above Pumpstation,51.0
2026-08-24 09:28:36,Lower Owens River Project,LORP At Pump Station Discharge Flow,48.0
2026-08-24 09:28:36,Southern District,Haiwee LAA #2 Current Flow,99.7
2026-08-24 09:28:36,Southern District,Haiwee LAA #1 Current Flow,0.0
2026-08-24 09:28:36,Southern District,LAA #1 Flow at Fairmont Reservoir,243.2
2026-08-24 09:28:36,Southern District,LAA #2 Flow at Fairmont Res.,132.3
2026-08-24 09:28:36,Southern District,Bouquet Reservoir Inflow,0.0
2026-08-24 09:28:36,Southern District,Bouquet Reservoir Outflow,217.9
2026-08-24 09:28:36,Southern District,LAA #1 at Soledad Flow,279.9
2026-08-24 09:28:36,Southern District,LAA #2 at Soledad Flow,247.9
2026-08-24 09:28:37,Mono Basin,Mono Lk. Elevation,6382.2
2026-08-24 09:28:37,Mono Basin,Grant Lk. Elevation,7129.4
2026-08-24 09:28:37,Long Valley,Long Valley Elevation,6771.4
2026-08-24 09:28:37,Northern Owens Valley,Pleasant Valley Elevation,4384.2
2026-08-24 09:28:37,Northern Owens Valley,Tinemaha Elevation,3862.0
2026-08-24 09:28:37,Southern Owens Valley,Tinemaha Elevation,3862.0
2026-08-24 09:28:37,Southern Owens Valley,LAA at Alabama Level,7.9
2026-08-24 09:28:37,Southern Owens Valley,LAA at Alabama Water Temp,71.0
2026-08-24 09:28:37,Southern Owens Valley,LAA at Cottonwood Level,8.9
2026-08-24 09:28:37,Southern Owens Valley,LAA at Cotton. Water Temp,72.4
2026-08-24 09:28:37,Southern Owens Valley,N. Haiwee Elevation,3757.1
2026-08-24 09:28:37,Southern Owens Valley,S. Haiwee Reservoir Elevation,3726.6
2026-08-24 09:28:37,Southern District,S. Haiwee Reservoir Elevation,3726.6
2026-08-24 09:28:37,Southern District,Fairmont Reservoir Elevation,3022.2
2026-08-24 09:28:37,Southern District,Bouquet Reservoir Elevation,2977.7
2026-08-24 09:43:38,Mono Basin,Lee Vining Intake Above Flow,26.8
2026-08-24 09:43:38,Mono Basin,Lee Vining Intake Below Flow,26.9
2026-08-24 09:43:38,Mono Basin,Mono Lk. Elevation,6382.2
2026-08-24 09:43:38,Mono Basin,Walker Ck. Above Conduit Flow,4.0
2026-08-24 09:43:38,Mono Basin,L.V. Conduit Below Intake Flow,0.6
2026-08-24 09:43:38,Mono Basin,Walker Ck. Under Conduit Flow,4.0
2026-08-24 09:43:38,Mono Basin,Parker Ck. Under Conduit Flow,13.0
2026-08-24 09:43:38,Mono Basin,Parker Ck. Above Conduit Flow,14.0
2026-08-24 09:43:38,Mono Basin,Grant Lk. Spill Flow,0.0
2026-08-24 09:43:38,Mono Basin,Mono Gate 1 Return Ditch Flow,39.0
2026-08-24 09:43:38,Mono Basin,Grant Lk. Elevation,7129.4
2026-08-24 09:43:38,Mono Basin,Grant Lk. Outflow,39.9
2026-08-24 09:43:38,Mono Basin,Rush Ck. at Damsite Flow,9.9
2026-08-24 09:43:38,Mono Basin,Flow to West Portal,0.0
2026-08-24 09:43:38,Long Valley,East Portal Flow,12.0
2026-08-24 09:43:38,Long Valley,OR Below EP Flow,56.0
2026-08-24 09:43:38,Long Valley,Hot Ck.at Hwy. Flow,7.0
2026-08-24 09:43:38,Long Valley,McGee Ck. Lower Sta. Flow,10.9
2026-08-24 09:43:38,Long Valley,Long Valley Elevation,6771.4
2026-08-24 09:43:38,Long Valley,Long Valley Current Outflow,579.7
2026-08-24 09:43:38,Long Valley,Rock Ck. Div. Flow,0.0
2026-08-24 09:43:38,Long Valley,Upper Gorge Total Release,40.1
2026-08-24 09:43:38,Long Valley,Release at Middle Gorge,0.0
2026-08-24 09:43:38,Northern Owens Valley,Rock Ck. At Owens River (PV) Flow,26.2
2026-08-24 09:43:38,Northern Owens Valley,Pleasant Valley Elevation,4384.2
2026-08-24 09:43:38,Northern Owens Valley,Pleasant Valley Outflow,486.4
2026-08-24 09:43:38,Northern Owens Valley,Baker Ck. At LA Station Flow,6.4
2026-08-24 09:43:38,Northern Owens Valley,Big Pine Ck. USGS Flow,40.4
2026-08-24 09:43:38,Northern Owens Valley,O.R. Below Big Pine,493.0
2026-08-24 09:43:38,Northern Owens Valley,Fish Springs At RR Flow,33.8
2026-08-24 09:43:38,Northern Owens Valley,Tinemaha Reservoir Outflow,476.6
2026-08-24 09:43:38,Northern Owens Valley,Bishop Creek Through Plant 6,98.8
2026-08-24 09:43:38,Northern Owens Valley,Bishop Creek Around Plant 6,7.3
2026-08-24 09:43:38,Southern Owens Valley,Tinemaha Reservoir Outflow,476.6
2026-08-24 09:43:38,Southern Owens Valley,Indep. Ck. At Junction Flow,5.3
2026-08-24 09:43:38,Southern Owens Valley,LAA at Alabama Flow,409.0
2026-08-24 09:43:38,Southern Owens Valley,LAA at Alabama Level,7.9
2026-08-24 09:43:38,Southern Owens Valley,LAA at Alabama Water Temp,71.0
2026-08-24 09:43:38,Southern Owens Valley,Cottonwood Ck. At LAA Flow,0.0
2026-08-24 09:43:38,Southern Owens Valley,LAA at Cottonwood Flow,459.0
2026-08-24 09:43:38,Southern Owens Valley,LAA at Cottonwood Level,8.9
2026-08-24 09:43:38,Southern Owens Valley,LAA at Cotton. Water Temp,72.6
2026-08-24 09:43:38,Southern Owens Valley,N. Haiwee Elevation,3757.1
2026-08-24 09:43:38,Southern Owens Valley,S. Haiwee Reservoir Elevation,3726.6
2026-08-24 09:43:38,Southern Owens Valley,Haiwee LAA #1 Current Flow,0.0
2026-08-24 09:43:38,Southern Owens Valley,Haiwee LAA #2 Current Flow,99.7
2026-08-24 09:43:38,Southern Owens Valley,Reinhackel Flow,2.9
2026-08-24 09:43:38,Southern Owens Valley,Lubkin Spillgate Outflow,0.0
2026-08-24 09:43:38,Southern Owens Valley,Cartago Spillgate Outflow,0.0
2026-08-24 09:43:38,Southern Owens Valley,Lone Pine Creek Flow,10.8
2026-08-24 09:43:38,Lower Owens River Project,LORP Intake Flow,81.0
2026-08-24 09:43:38,Lower Owens River Project,LORP at Mazourka Canyon Road,0.0
2026-08-24 09:43:38,Lower Owens River Project,LORP at Reinhackle Springs,62.0
2026-08-24 09:43:38,Lower Owens River Project,LORP Above Pumpstation,51.0
2026-08-24 09:43:38,Lower Owens River Project,LORP At Pump Station Discharge Flow,48.0
2026-08-24 09:43:38,Southern District,Haiwee LAA #2 Current Flow,99.7
2026-08-24 09:43:38,Southern District,S. Haiwee Reservoir Elevation,3726.6
2026-08-24 09:43:38,Southern District,Haiwee LAA #1 Current Flow,0.0
2026-08-24 09:43:38,Southern District,Fairmont Reservoir Elevation,3022.2
2026-08-24 09:43:38,Southern District,LAA #1 Flow at Fairmont Reservoir,243.4
2026-08-24 09:43:38,Southern District,LAA #2 Flow at Fairmont Res.,132.3
2026-08-24 09:43:38,Southern District,Bouquet Reservoir Elevation,2977.7
2026-08-24 09:43:38,Southern District,Bouquet Reservoir Inflow,0.0
2026-08-24 09:43:38,Southern District,Bouquet Reservoir Outflow,218.0
2026-08-24 09:43:38,Southern District,LAA #1 at Soledad Flow,279.9
2026-08-24 09:43:38,Southern District,LAA #2 at Soledad Flow,247.9
2026-08-24 09:58:36,Mono Basin,Lee Vining Intake Above Flow,26.8
2026-08-24 09:58:36,Mono Basin,Lee Vining Intake Below Flow,26.9
2026-08-24 09:58:36,Mono Basin,Walker Ck. Above Conduit Flow,4.0
2026-08-24 09:58:36,Mono Basin,L.V. Conduit Below Intake Flow,0.6
2026-08-24 09:58:36,Mono Basin,Walker Ck. Under Conduit Flow,4.0
2026-08-24 09:58:36,Mono Basin,Parker Ck. Under Conduit Flow,13.0
2026-08-24 09:58:36,Mono Basin,Parker Ck. Above Conduit Flow,14.0
2026-08-24 09:58:36,Mono Basin,Grant Lk. Spill Flow,0.0
2026-08-24 09:58:36,Mono Basin,Mono Gate 1 Return Ditch Flow,39.0
2026-08-24 09:58:36,Mono Basin,Grant Lk. Outflow,39.9
2026-08-24 09:58:36,Mono Basin,Rush Ck. at Damsite Flow,9.9
2026-08-24 09:58:36,Mono Basin,Flow to West Portal,0.0
2026-08-24 09:58:36,Long Valley,East Portal Flow,9.0
2026-08-24 09:58:36,Long Valley,OR Below EP Flow,56.0
2026-08-24 09:58:36,Long Valley,Hot Ck.at Hwy. Flow,7.0
2026-08-24 09:58:36,Long Valley,McGee Ck. Lower Sta. Flow,10.9
2026-08-24 09:58:36,Long Valley,Long Valley Current Outflow,580.7
2026-08-24 09:58:36,Long Valley,Rock Ck. Div. Flow,0.0
2026-08-24 09:58:36,Long Valley,Upper Gorge Total Release,39.9
2026-08-24 09:58:36,Long Valley,Release at Middle Gorge,0.0
2026-08-24 09:58:36,Northern Owens Valley,Rock Ck. At Owens River (PV) Flow,26.2
2026-08-24 09:58:36,Northern Owens Valley,Pleasant Valley Outflow,487.2
2026-08-24 09:58:36,Northern Owens Valley,Baker Ck. At LA Station Flow,6.4
2026-08-24 09:58:36,Northern Owens Valley,Big Pine Ck. USGS Flow,40.4
2026-08-24 09:58:36,Northern Owens Valley,O.R. Below Big Pine,494.8
2026-08-24 09:58:36,Northern Owens Valley,Fish Springs At RR Flow,33.8
2026-08-24 09:58:36,Northern Owens Valley,Tinemaha Reservoir Outflow,476.6
2026-08-24 09:58:36,Northern Owens Valley,Bishop Creek Through Plant 6,98.8
2026-08-24 09:58:36,Northern Owens Valley,Bishop Creek Around Plant 6,7.3
2026-08-24 09:58:36,Southern Owens Valley,Tinemaha Reservoir Outflow,476.6
2026-08-24 09:58:36,Southern Owens Valley,Indep. Ck. At Junction Flow,5.3
2026-08-24 09:58:36,Southern Owens Valley,LAA at Alabama Flow,409.0
2026-08-24 09:58:36,Southern Owens Valley,Cottonwood Ck. At LAA Flow,0.0
2026-08-24 09:58:36,Southern Owens Valley,LAA at Cottonwood Flow,459.0
2026-08-24 09:58:36,Southern Owens Valley,Haiwee LAA #1 Current Flow,0.0
2026-08-24 09:58:36,Southern Owens Valley,Haiwee LAA #2 Current Flow,99.7
2026-08-24 09:58:36,Southern Owens Valley,Reinhackel Flow,2.9
2026-08-24 09:58:36,Southern Owens Valley,Lubkin Spillgate Outflow,0.0
2026-08-24 09:58:36,Southern Owens Valley,Cartago Spillgate Outflow,0.0
2026-08-24 09:58:36,Southern Owens Valley,Lone Pine Creek Flow,10.8
2026-08-24 09:58:36,Lower Owens River Project,LORP Intake Flow,81.0
2026-08-24 09:58:36,Lower Owens River Project,LORP at Mazourka Canyon Road,0.0
2026-08-24 09:58:36,Lower Owens River Project,LORP at Reinhackle Springs,62.0
2026-08-24 09:58:36,Lower Owens River Project,LORP Above Pumpstation,51.0
2026-08-24 09:58:36,Lower Owens River Project,LORP At Pump Station Discharge Flow,48.0
2026-08-24 09:58:36,Southern District,Haiwee LAA #2 Current Flow,99.7
2026-08-24 09:58:36,Southern District,Haiwee LAA #1 Current Flow,0.0
2026-08-24 09:58:36,Southern District,LAA #1 Flow at Fairmont Reservoir,242.5
2026-08-24 09:58:36,Southern District,LAA #2 Flow at Fairmont Res.,132.0
2026-08-24 09:58:36,Southern District,Bouquet Reservoir Inflow,0.0
2026-08-24 09:58:36,Southern District,Bouquet Reservoir Outflow,218.9
2026-08-24 09:58:36,Southern District,LAA #1 at Soledad Flow,279.9
2026-08-24 09:58:36,Southern District,LAA #2 at Soledad Flow,247.9
2026-08-24 09:58:37,Mono Basin,Mono Lk. Elevation,6382.2
2026-08-24 09:58:37,Mono Basin,Grant Lk. Elevation,7129.4
2026-08-24 09:58:37,Long Valley,Long Valley Elevation,6771.4
2026-08-24 09:58:37,Northern Owens Valley,Pleasant Valley Elevation,4384.2
2026-08-24 09:58:37,Northern Owens Valley,Tinemaha Elevation,3862.0
2026-08-24 09:58:37,Southern Owens Valley,Tinemaha Elevation,3862.0
2026-08-24 09:58:37,Southern Owens Valley,LAA at Alabama Level,7.9
2026-08-24 09:58:37,Southern Owens Valley,LAA at Alabama Water Temp,71.0
2026-08-24 09:58:37,Southern Owens Valley,LAA at Cottonwood Level,8.9
2026-08-24 09:58:37,Southern Owens Valley,LAA at Cotton. Water Temp,72.6
2026-08-24 09:58:37,Southern Owens Valley,N. Haiwee Elevation,3757.1
2026-08-24 09:58:37,Southern Owens Valley,S. Haiwee Reservoir Elevation,3726.6
2026-08-24 09:58:37,Southern District,S. Haiwee Reservoir Elevation,3726.6
2026-08-24 09:58:37,Southern District,Fairmont Reservoir Elevation,3022.2
2026-08-24 09:58:37,Southern District,Bouquet Reservoir Elevation,2977.7
2026-08-24 10:13:37,Mono Basin,Lee Vining Intake Above Flow,26.9
2026-08-24 10:13:37,Mono Basin,Lee Vining Intake Below Flow,27.1
2026-08-24 10:13:37,Mono Basin,Mono Lk. Elevation,6382.2
2026-08-24 10:13:37,Mono Basin,Walker Ck. Above Conduit Flow,4.0
2026-08-24 10:13:37,Mono Basin,L.V. Conduit Below Intake Flow,0.6
2026-08-24 10:13:37,Mono Basin,Walker Ck. Under Conduit Flow,4.0
2026-08-24 10:13:37,Mono Basin,Parker Ck. Under Conduit Flow,13.0
2026-08-24 10:13:37,Mono Basin,Parker Ck. Above Conduit Flow,14.0
2026-08-24 10:13:37,Mono Basin,Grant Lk. Spill Flow,0.0
2026-08-24 10:13:37,Mono Basin,Mono Gate 1 Return Ditch Flow,39.0
2026-08-24 10:13:37,Mono Basin,Grant Lk. Elevation,7129.4
2026-08-24 10:13:37,Mono Basin,Grant Lk. Outflow,39.9
2026-08-24 10:13:37,Mono Basin,Rush Ck. at Damsite Flow,9.9
2026-08-24 10:13:37,Mono Basin,Flow to West Portal,0.0
2026-08-24 10:13:37,Long Valley,East Portal Flow,12.0
2026-08-24 10:13:37,Long Valley,OR Below EP Flow,56.0
2026-08-24 10:13:37,Long Valley,Hot Ck.at Hwy. Flow,7.0
2026-08-24 10:13:37,Long Valley,McGee Ck. Lower Sta. Flow,10.9
2026-08-24 10:13:37,Long Valley,Long Valley Elevation,6771.4
2026-08-24 10:13:37,Long Valley,Long Valley Current Outflow,580.7
2026-08-24 10:13:37,Long Valley,Rock Ck. Div. Flow,0.0
2026-08-24 10:13:37,Long Valley,Upper Gorge Total Release,40.2
2026-08-24 10:13:37,Long Valley,Release at Middle Gorge,0.0
2026-08-24 10:13:37,Northern Owens Valley,Rock Ck. At Owens River (PV) Flow,26.2
2026-08-24 10:13:37,Northern Owens Valley,Pleasant Valley Elevation,4384.3
2026-08-24 10:13:37,Northern Owens Valley,Pleasant Valley Outflow,487.2
2026-08-24 10:13:37,Northern Owens Valley,Baker Ck. At LA Station Flow,6.4
2026-08-24 10:13:37,Northern Owens Valley,Big Pine Ck. USGS Flow,40.4
2026-08-24 10:13:37,Northern Owens Valley,O.R. Below Big Pine,495.6
2026-08-24 10:13:37,Northern Owens Valley,Fish Springs At RR Flow,33.8
2026-08-24 10:13:37,Northern Owens Valley,Tinemaha Reservoir Outflow,476.6
2026-08-24 10:13:37,Northern Owens Valley,Bishop Creek Through Plant 6,98.8
2026-08-24 10:13:37,Northern Owens Valley,Bishop Creek Around Plant 6,7.3
2026-08-24 10:13:37,Southern Owens Valley,Tinemaha Reservoir Outflow,476.6
2026-08-24 10:13:37,Southern Owens Valley,Indep. Ck. At Junction Flow,5.3
2026-08-24 10:13:37,Southern Owens Valley,LAA at Alabama Flow,409.0
2026-08-24 10:13:37,Southern Owens Valley,LAA at Alabama Level,7.9
2026-08-24 10:13:37,Southern Owens Valley,LAA at Alabama Water Temp,71.1
2026-08-24 10:13:37,Southern Owens Valley,Cottonwood Ck. At LAA Flow,0.0
2026-08-24 10:13:37,Southern Owens Valley,LAA at Cottonwood Flow,458.0
2026-08-24 10:13:37,Southern Owens Valley,LAA at Cottonwood Level,8.9
2026-08-24 10:13:37,Southern Owens Valley,LAA at Cotton. Water Temp,72.8
2026-08-24 10:13:37,Southern Owens Valley,N. Haiwee Elevation,3757.1
2026-08-24 10:13:37,Southern Owens Valley,S. Haiwee Reservoir Elevation,3726.6
2026-08-24 10:13:37,Southern Owens Valley,Haiwee LAA #1 Current Flow,0.0
2026-08-24 10:13:37,Southern Owens Valley,Haiwee LAA #2 Current Flow,99.6
2026-08-24 10:13:37,Southern Owens Valley,Reinhackel Flow,2.9
2026-08-24 10:13:37,Southern Owens Valley,Lubkin Spillgate Outflow,0.0
2026-08-24 10:13:37,Southern Owens Valley,Cartago Spillgate Outflow,0.0
2026-08-24 10:13:37,Southern Owens Valley,Lone Pine Creek Flow,10.7
2026-08-24 10:13:37,Lower Owens River Project,LORP Intake Flow,81.0
2026-08-24 10:13:37,Lower Owens River Project,LORP at Mazourka Canyon Road,0.0
2026-08-24 10:13:37,Lower Owens River Project,LORP at Reinhackle Springs,62.0
2026-08-24 10:13:37,Lower Owens River Project,LORP Above Pumpstation,52.0
2026-08-24 10:13:37,Lower Owens River Project,LORP At Pump Station Discharge Flow,49.0
2026-08-24 10:13:37,Southern District,Haiwee LAA #2 Current Flow,99.6
2026-08-24 10:13:37,Southern District,S. Haiwee Reservoir Elevation,3726.6
2026-08-24 10:13:37,Southern District,Haiwee LAA #1 Current Flow,0.0
2026-08-24 10:13:37,Southern District,Fairmont Reservoir Elevation,3022.2
2026-08-24 10:13:37,Southern District,LAA #1 Flow at Fairmont Reservoir,243.4
2026-08-24 10:13:37,Southern District,LAA #2 Flow at Fairmont Res.,132.4
2026-08-24 10:13:37,Southern District,Bouquet Reservoir Elevation,2977.7
2026-08-24 10:13:37,Southern District,Bouquet Reservoir Inflow,0.0
2026-08-24 10:13:37,Southern District,Bouquet Reservoir Outflow,219.9
2026-08-24 10:13:37,Southern District,LAA #1 at Soledad Flow,279.9
2026-08-24 10:13:37,Southern District,LAA #2 at Soledad Flow,247.9
2026-08-24 10:28:36,Mono Basin,Lee Vining Intake Above Flow,26.9
2026-08-24 10:28:36,Mono Basin,Lee Vining Intake Below Flow,27.1
2026-08-24 10:28:36,Mono Basin,Walker Ck. Above Conduit Flow,4.0
2026-08-24 10:28:36,Mono Basin,L.V. Conduit Below Intake Flow,0.6
2026-08-24 10:28:36,Mono Basin,Walker Ck. Under Conduit Flow,4.0
2026-08-24 10:28:36,Mono Basin,Parker Ck. Under Conduit Flow,13.0
2026-08-24 10:28:36,Mono Basin,Parker Ck. Above Conduit Flow,14.0
2026-08-24 10:28:36,Mono Basin,Grant Lk. Spill Flow,0.0
2026-08-24 10:28:36,Mono Basin,Mono Gate 1 Return Ditch Flow,39.0
2026-08-24 10:28:36,Mono Basin,Grant Lk. Outflow,39.8
2026-08-24 10:28:36,Mono Basin,Rush Ck. at Damsite Flow,9.9
2026-08-24 10:28:36,Mono Basin,Flow to West Portal,0.0
2026-08-24 10:28:36,Long Valley,East Portal Flow,12.0
2026-08-24 10:28:36,Long Valley,OR Below EP Flow,56.0
2026-08-24 10:28:36,Long Valley,Hot Ck.at Hwy. Flow,7.0
2026-08-24 10:28:36,Long Valley,McGee Ck. Lower Sta. Flow,10.9
2026-08-24 10:28:36,Long Valley,Long Valley Current Outflow,578.0
2026-08-24 10:28:36,Long Valley,Rock Ck. Div. Flow,0.0
2026-08-24 10:28:36,Long Valley,Upper Gorge Total Release,40.5
2026-08-24 10:28:36,Long Valley,Release at Middle Gorge,0.0
2026-08-24 10:28:36,Northern Owens Valley,Rock Ck. At Owens River (PV) Flow,26.2
2026-08-24 10:28:36,Northern Owens Valley,Pleasant Valley Outflow,487.2
2026-08-24 10:28:36,Northern Owens Valley,Baker Ck. At LA Station Flow,6.4
2026-08-24 10:28:36,Northern Owens Valley,Big Pine Ck. USGS Flow,40.4
2026-08-24 10:28:36,Northern Owens Valley,O.R. Below Big Pine,493.4
2026-08-24 10:28:36,Northern Owens Valley,Fish Springs At RR Flow,33.8
2026-08-24 10:28:36,Northern Owens Valley,Tinemaha Reservoir Outflow,476.6
2026-08-24 10:28:36,Northern Owens Valley,Bishop Creek Through Plant 6,98.8
2026-08-24 10:28:36,Northern Owens Valley,Bishop Creek Around Plant 6,7.3
2026-08-24 10:28:36,Southern Owens Valley,Tinemaha Reservoir Outflow,476.6
2026-08-24 10:28:36,Southern Owens Valley,Indep. Ck. At Junction Flow,5.3
2026-08-24 10:28:36,Southern Owens Valley,LAA at Alabama Flow,409.0
2026-08-24 10:28:36,Southern Owens Valley,Cottonwood Ck. At LAA Flow,0.0
2026-08-24 10:28:36,Southern Owens Valley,LAA at Cottonwood Flow,458.0
2026-08-24 10:28:36,Southern Owens Valley,Haiwee LAA #1 Current Flow,0.0
2026-08-24 10:28:36,Southern Owens Valley,Haiwee LAA #2 Current Flow,99.6
2026-08-24 10:28:36,Southern Owens Valley,Reinhackel Flow,2.9
2026-08-24 10:28:36,Southern Owens Valley,Lubkin Spillgate Outflow,0.0
2026-08-24 10:28:36,Southern Owens Valley,Cartago Spillgate Outflow,0.0
2026-08-24 10:28:36,Southern Owens Valley,Lone Pine Creek Flow,10.7
2026-08-24 10:28:36,Lower Owens River Project,LORP Intake Flow,81.0
2026-08-24 10:28:36,Lower Owens River Project,LORP at Mazourka Canyon Road,0.0
2026-08-24 10:28:36,Lower Owens River Project,LORP at Reinhackle Springs,63.0
2026-08-24 10:28:36,Lower Owens River Project,LORP Above Pumpstation,51.0
2026-08-24 10:28:36,Lower Owens River Project,LORP At Pump Station Discharge Flow,48.0
2026-08-24 10:28:36,Southern District,Haiwee LAA #2 Current Flow,99.6
2026-08-24 10:28:36,Southern District,Haiwee LAA #1 Current Flow,0.0
2026-08-24 10:28:36,Southern District,LAA #1 Flow at Fairmont Reservoir,243.3
2026-08-24 10:28:36,Southern District,LAA #2 Flow at Fairmont Res.,132.4
2026-08-24 10:28:36,Southern District,Bouquet Reservoir Inflow,0.0
2026-08-24 10:28:36,Southern District,Bouquet Reservoir Outflow,219.9
2026-08-24 10:28:36,Southern District,LAA #1 at Soledad Flow,279.9
2026-08-24 10:28:37,Mono Basin,Mono Lk. Elevation,6382.2
2026-08-24 10:28:37,Mono Basin,Grant Lk. Elevation,7129.4
2026-08-24 10:28:37,Long Valley,Long Valley Elevation,6771.4
2026-08-24 10:28:37,Northern Owens Valley,Pleasant Valley Elevation,4384.3
2026-08-24 10:28:37,Northern Owens Valley,Tinemaha Elevation,3862.0
2026-08-24 10:28:37,Southern Owens Valley,Tinemaha Elevation,3862.0
2026-08-24 10:28:37,Southern Owens Valley,LAA at Alabama Level,7.9
2026-08-24 10:28:37,Southern Owens Valley,LAA at Alabama Water Temp,71.1
2026-08-24 10:28:37,Southern Owens Valley,LAA at Cottonwood Level,8.9
2026-08-24 10:28:37,Southern Owens Valley,LAA at Cotton. Water Temp,72.8
2026-08-24 10:28:37,Southern Owens Valley,N. Haiwee Elevation,3757.1
2026-08-24 10:28:37,Southern Owens Valley,S. Haiwee Reservoir Elevation,3726.6
2026-08-24 10:28:37,Southern District,S. Haiwee Reservoir Elevation,3726.6
2026-08-24 10:28:37,Southern District,Fairmont Reservoir Elevation,3022.2
2026-08-24 10:28:37,Southern District,Bouquet Reservoir Elevation,2977.7
2026-08-24 10:28:37,Southern District,LAA #2 at Soledad Flow,247.8
2026-08-24 10:43:38,Mono Basin,Lee Vining Intake Above Flow,27.3
2026-08-24 10:43:38,Mono Basin,Lee Vining Intake Below Flow,27.0
2026-08-24 10:43:38,Mono Basin,Mono Lk. Elevation,6382.2
2026-08-24 10:43:38,Mono Basin,Walker Ck. Above Conduit Flow,4.0
2026-08-24 10:43:38,Mono Basin,L.V. Conduit Below Intake Flow,0.6
2026-08-24 10:43:38,Mono Basin,Walker Ck. Under Conduit Flow,4.0
2026-08-24 10:43:38,Mono Basin,Parker Ck. Under Conduit Flow,13.0
2026-08-24 10:43:38,Mono Basin,Parker Ck. Above Conduit Flow,14.0
2026-08-24 10:43:38,Mono Basin,Grant Lk. Spill Flow,0.0
2026-08-24 10:43:38,Mono Basin,Mono Gate 1 Return Ditch Flow,39.0
2026-08-24 10:43:38,Mono Basin,Grant Lk. Elevation,7129.4
2026-08-24 10:43:38,Mono Basin,Grant Lk. Outflow,39.8
2026-08-24 10:43:38,Mono Basin,Rush Ck. at Damsite Flow,9.9
2026-08-24 10:43:38,Mono Basin,Flow to West Portal,0.0
2026-08-24 10:43:38,Long Valley,East Portal Flow,12.0
2026-08-24 10:43:38,Long Valley,OR Below EP Flow,56.0
2026-08-24 10:43:38,Long Valley,Hot Ck.at Hwy. Flow,7.0
2026-08-24 10:43:38,Long Valley,McGee Ck. Lower Sta. Flow,10.9
2026-08-24 10:43:38,Long Valley,Long Valley Elevation,6771.4
2026-08-24 10:43:38,Long Valley,Long Valley Current Outflow,578.0
2026-08-24 10:43:38,Long Valley,Rock Ck. Div. Flow,0.0
2026-08-24 10:43:38,Long Valley,Upper Gorge Total Release,40.9
2026-08-24 10:43:38,Long Valley,Release at Middle Gorge,0.0
2026-08-24 10:43:38,Northern Owens Valley,Rock Ck. At Owens River (PV) Flow,26.2
2026-08-24 10:43:38,Northern Owens Valley,Pleasant Valley Elevation,4384.3
2026-08-24 10:43:38,Northern Owens Valley,Pleasant Valley Outflow,487.6
2026-08-24 10:43:38,Northern Owens Valley,Baker Ck. At LA Station Flow,6.4
2026-08-24 10:43:38,Northern Owens Valley,Big Pine Ck. USGS Flow,40.4
2026-08-24 10:43:38,Northern Owens Valley,O.R. Below Big Pine,494.7
2026-08-24 10:43:38,Northern Owens Valley,Fish Springs At RR Flow,33.8
2026-08-24 10:43:38,Northern Owens Valley,Tinemaha Reservoir Outflow,476.6
2026-08-24 10:43:38,Northern Owens Valley,Bishop Creek Through Plant 6,98.8
2026-08-24 10:43:38,Northern Owens Valley,Bishop Creek Around Plant 6,7.3
2026-08-24 10:43:38,Southern Owens Valley,Tinemaha Reservoir Outflow,476.6
2026-08-24 10:43:38,Southern Owens Valley,Indep. Ck. At Junction Flow,5.3
2026-08-24 10:43:38,Southern Owens Valley,LAA at Alabama Flow,409.0
2026-08-24 10:43:38,Southern Owens Valley,LAA at Alabama Level,7.9
2026-08-24 10:43:38,Southern Owens Valley,LAA at Alabama Water Temp,71.1
2026-08-24 10:43:38,Southern Owens Valley,Cottonwood Ck. At LAA Flow,0.0
2026-08-24 10:43:38,Southern Owens Valley,LAA at Cottonwood Flow,457.0
2026-08-24 10:43:38,Southern Owens Valley,LAA at Cottonwood Level,8.9
2026-08-24 10:43:38,Southern Owens Valley,LAA at Cotton. Water Temp,73.2
2026-08-24 10:43:38,Southern Owens Valley,N. Haiwee Elevation,3757.1
2026-08-24 10:43:38,Southern Owens Valley,S. Haiwee Reservoir Elevation,3726.6
2026-08-24 10:43:38,Southern Owens Valley,Haiwee LAA #1 Current Flow,0.0
2026-08-24 10:43:38,Southern Owens Valley,Haiwee LAA #2 Current Flow,99.6
2026-08-24 10:43:38,Southern Owens Valley,Reinhackel Flow,2.9
2026-08-24 10:43:38,Southern Owens Valley,Lubkin Spillgate Outflow,0.0
2026-08-24 10:43:38,Southern Owens Valley,Cartago Spillgate Outflow,0.0
2026-08-24 10:43:38,Southern Owens Valley,Lone Pine Creek Flow,10.5
2026-08-24 10:43:38,Lower Owens River Project,LORP Intake Flow,81.0
2026-08-24 10:43:38,Lower Owens River Project,LORP at Mazourka Canyon Road,0.0
2026-08-24 10:43:38,Lower Owens River Project,LORP at Reinhackle Springs,63.0
2026-08-24 10:43:38,Lower Owens River Project,LORP Above Pumpstation,51.0
2026-08-24 10:43:38,Lower Owens River Project,LORP At Pump Station Discharge Flow,48.0
2026-08-24 10:43:38,Southern District,Haiwee LAA #2 Current Flow,99.6
2026-08-24 10:43:38,Southern District,S. Haiwee Reservoir Elevation,3726.6
2026-08-24 10:43:38,Southern District,Haiwee LAA #1 Current Flow,0.0
2026-08-24 10:43:38,Southern District,Fairmont Reservoir Elevation,3022.2
2026-08-24 10:43:38,Southern District,LAA #1 Flow at Fairmont Reservoir,242.6
2026-08-24 10:43:38,Southern District,LAA #2 Flow at Fairmont Res.,132.4
2026-08-24 10:43:38,Southern District,Bouquet Reservoir Elevation,2977.7
2026-08-24 10:43:38,Southern District,Bouquet Reservoir Inflow,0.0
2026-08-24 10:43:38,Southern District,Bouquet Reservoir Outflow,219.9
2026-08-24 10:43:38,Southern District,LAA #1 at Soledad Flow,281.3
2026-08-24 10:43:38,Southern District,LAA #2 at Soledad Flow,247.8
2026-08-24 10:58:36,Mono Basin,Lee Vining Intake Above Flow,27.3
2026-08-24 10:58:36,Mono Basin,Lee Vining Intake Below Flow,27.0
2026-08-24 10:58:36,Mono Basin,Walker Ck. Above Conduit Flow,4.0
2026-08-24 10:58:36,Mono Basin,L.V. Conduit Below Intake Flow,0.6
2026-08-24 10:58:36,Mono Basin,Walker Ck. Under Conduit Flow,4.0
2026-08-24 10:58:36,Mono Basin,Parker Ck. Under Conduit Flow,13.0
2026-08-24 10:58:36,Mono Basin,Parker Ck. Above Conduit Flow,14.0
2026-08-24 10:58:36,Mono Basin,Grant Lk. Spill Flow,0.0
2026-08-24 10:58:36,Mono Basin,Mono Gate 1 Return Ditch Flow,39.0
2026-08-24 10:58:36,Mono Basin,Grant Lk. Outflow,39.4
2026-08-24 10:58:36,Mono Basin,Rush Ck. at Damsite Flow,9.9
2026-08-24 10:58:36,Mono Basin,Flow to West Portal,0.0
2026-08-24 10:58:36,Long Valley,East Portal Flow,12.0
2026-08-24 10:58:36,Long Valley,OR Below EP Flow,56.0
2026-08-24 10:58:36,Long Valley,Hot Ck.at Hwy. Flow,7.0
2026-08-24 10:58:36,Long Valley,McGee Ck. Lower Sta. Flow,10.9
2026-08-24 10:58:36,Long Valley,Long Valley Current Outflow,578.0
2026-08-24 10:58:36,Long Valley,Rock Ck. Div. Flow,0.0
2026-08-24 10:58:36,Long Valley,Upper Gorge Total Release,40.8
2026-08-24 10:58:36,Long Valley,Release at Middle Gorge,0.0
2026-08-24 10:58:36,Northern Owens Valley,Rock Ck. At Owens River (PV) Flow,26.2
2026-08-24 10:58:36,Northern Owens Valley,Pleasant Valley Outflow,487.9
2026-08-24 10:58:36,Northern Owens Valley,Baker Ck. At LA Station Flow,6.4
2026-08-24 10:58:36,Northern Owens Valley,Big Pine Ck. USGS Flow,40.4
2026-08-24 10:58:36,Northern Owens Valley,O.R. Below Big Pine,492.5
2026-08-24 10:58:36,Northern Owens Valley,Fish Springs At RR Flow,33.8
2026-08-24 10:58:36,Northern Owens Valley,Tinemaha Reservoir Outflow,476.6
2026-08-24 10:58:36,Northern Owens Valley,Bishop Creek Through Plant 6,98.8
2026-08-24 10:58:36,Northern Owens Valley,Bishop Creek Around Plant 6,7.3
2026-08-24 10:58:36,Southern Owens Valley,Tinemaha Reservoir Outflow,476.6
2026-08-24 10:58:36,Southern Owens Valley,Indep. Ck. At Junction Flow,5.3
2026-08-24 10:58:36,Southern Owens Valley,LAA at Alabama Flow,409.0
2026-08-24 10:58:36,Southern Owens Valley,Cottonwood Ck. At LAA Flow,0.0
2026-08-24 10:58:36,Southern Owens Valley,LAA at Cottonwood Flow,458.0
2026-08-24 10:58:36,Southern Owens Valley,Haiwee LAA #1 Current Flow,0.0
2026-08-24 10:58:36,Southern Owens Valley,Haiwee LAA #2 Current Flow,99.6
2026-08-24 10:58:36,Southern Owens Valley,Reinhackel Flow,2.9
2026-08-24 10:58:36,Southern Owens Valley,Lubkin Spillgate Outflow,0.0
2026-08-24 10:58:36,Southern Owens Valley,Cartago Spillgate Outflow,0.0
2026-08-24 10:58:36,Southern Owens Valley,Lone Pine Creek Flow,10.5
2026-08-24 10:58:36,Lower Owens River Project,LORP Intake Flow,81.0
2026-08-24 10:58:36,Lower Owens River Project,LORP at Mazourka Canyon Road,0.0
2026-08-24 10:58:36,Lower Owens River Project,LORP at Reinhackle Springs,63.0
2026-08-24 10:58:36,Lower Owens River Project,LORP Above Pumpstation,51.0
2026-08-24 10:58:36,Lower Owens River Project,LORP At Pump Station Discharge Flow,48.0
2026-08-24 10:58:36,Southern District,Haiwee LAA #2 Current Flow,99.6
2026-08-24 10:58:36,Southern District,Haiwee LAA #1 Current Flow,0.0
2026-08-24 10:58:36,Southern District,LAA #1 Flow at Fairmont Reservoir,242.6
2026-08-24 10:58:36,Southern District,LAA #2 Flow at Fairmont Res.,132.4
2026-08-24 10:58:36,Southern District,Bouquet Reservoir Inflow,0.0
2026-08-24 10:58:36,Southern District,Bouquet Reservoir Outflow,212.9
2026-08-24 10:58:36,Southern District,LAA #1 at Soledad Flow,281.3
2026-08-24 10:58:36,Southern District,LAA #2 at Soledad Flow,247.8
2026-08-24 10:58:37,Mono Basin,Mono Lk. Elevation,6382.2
2026-08-24 10:58:37,Mono Basin,Grant Lk. Elevation,7129.4
2026-08-24 10:58:37,Long Valley,Long Valley Elevation,6771.4
2026-08-24 10:58:37,Northern Owens Valley,Pleasant Valley Elevation,4384.3
2026-08-24 10:58:37,Northern Owens Valley,Tinemaha Elevation,3862.0
2026-08-24 10:58:37,Southern Owens Valley,Tinemaha Elevation,3862.0
2026-08-24 10:58:37,Southern Owens Valley,LAA at Alabama Level,7.9
2026-08-24 10:58:37,Southern Owens Valley,LAA at Alabama Water Temp,71.1
2026-08-24 10:58:37,Southern Owens Valley,LAA at Cottonwood Level,8.9
2026-08-24 10:58:37,Southern Owens Valley,LAA at Cotton. Water Temp,73.4
2026-08-24 10:58:37,Southern Owens Valley,N. Haiwee Elevation,3757.1
2026-08-24 10:58:37,Southern Owens Valley,S. Haiwee Reservoir Elevation,3726.6
2026-08-24 10:58:37,Southern District,S. Haiwee Reservoir Elevation,3726.6
2026-08-24 10:58:37,Southern District,Fairmont Reservoir Elevation,3022.2
2026-08-24 10:58:37,Southern District,Bouquet Reservoir Elevation,2977.6
2026-08-24 11:13:36,Mono Basin,Lee Vining Intake Above Flow,27.0
2026-08-24 11:13:36,Mono Basin,Lee Vining Intake Below Flow,26.9
2026-08-24 11:13:36,Mono Basin,Walker Ck. Above Conduit Flow,4.0
2026-08-24 11:13:36,Mono Basin,L.V. Conduit Below Intake Flow,0.6
2026-08-24 11:13:36,Mono Basin,Walker Ck. Under Conduit Flow,4.0
2026-08-24 11:13:36,Mono Basin,Parker Ck. Under Conduit Flow,13.0
2026-08-24 11:13:36,Mono Basin,Parker Ck. Above Conduit Flow,14.0
2026-08-24 11:13:36,Mono Basin,Grant Lk. Spill Flow,0.0
2026-08-24 11:13:36,Mono Basin,Mono Gate 1 Return Ditch Flow,39.0
2026-08-24 11:13:36,Mono Basin,Grant Lk. Outflow,39.4
2026-08-24 11:13:36,Mono Basin,Rush Ck. at Damsite Flow,9.9
2026-08-24 11:13:36,Mono Basin,Flow to West Portal,0.0
2026-08-24 11:13:36,Long Valley,East Portal Flow,12.0
2026-08-24 11:13:36,Long Valley,OR Below EP Flow,56.0
2026-08-24 11:13:36,Long Valley,Hot Ck.at Hwy. Flow,7.0
2026-08-24 11:13:36,Long Valley,McGee Ck. Lower Sta. Flow,10.9
2026-08-24 11:13:36,Long Valley,Long Valley Current Outflow,578.0
2026-08-24 11:13:36,Long Valley,Rock Ck. Div. Flow,0.0
2026-08-24 11:13:36,Long Valley,Upper Gorge Total Release,40.6
2026-08-24 11:13:36,Long Valley,Release at Middle Gorge,0.0
2026-08-24 11:13:36,Northern Owens Valley,Rock Ck. At Owens River (PV) Flow,26.2
2026-08-24 11:13:36,Northern Owens Valley,Pleasant Valley Outflow,487.0
2026-08-24 11:13:36,Northern Owens Valley,Baker Ck. At LA Station Flow,6.4
2026-08-24 11:13:36,Northern Owens Valley,Big Pine Ck. USGS Flow,40.4
2026-08-24 11:13:36,Northern Owens Valley,O.R. Below Big Pine,492.9
2026-08-24 11:13:36,Northern Owens Valley,Fish Springs At RR Flow,33.8
2026-08-24 11:13:36,Northern Owens Valley,Tinemaha Reservoir Outflow,477.5
2026-08-24 11:13:36,Northern Owens Valley,Bishop Creek Through Plant 6,98.8
2026-08-24 11:13:36,Northern Owens Valley,Bishop Creek Around Plant 6,7.3
2026-08-24 11:13:36,Southern Owens Valley,Tinemaha Reservoir Outflow,477.5
2026-08-24 11:13:36,Southern Owens Valley,Indep. Ck. At Junction Flow,5.3
2026-08-24 11:13:36,Southern Owens Valley,LAA at Alabama Flow,410.0
2026-08-24 11:13:36,Southern Owens Valley,LAA at Alabama Level,7.9
2026-08-24 11:13:36,Southern Owens Valley,LAA at Alabama Water Temp,71.5
2026-08-24 11:13:36,Southern Owens Valley,Cottonwood Ck. At LAA Flow,0.0
2026-08-24 11:13:36,Southern Owens Valley,LAA at Cottonwood Flow,458.0
2026-08-24 11:13:36,Southern Owens Valley,LAA at Cottonwood Level,8.9
2026-08-24 11:13:36,Southern Owens Valley,LAA at Cotton. Water Temp,73.5
2026-08-24 11:13:36,Southern Owens Valley,Haiwee LAA #1 Current Flow,0.0
2026-08-24 11:13:36,Southern Owens Valley,Haiwee LAA #2 Current Flow,99.6
2026-08-24 11:13:36,Southern Owens Valley,Reinhackel Flow,2.9
2026-08-24 11:13:36,Southern Owens Valley,Lubkin Spillgate Outflow,0.0
2026-08-24 11:13:36,Southern Owens Valley,Cartago Spillgate Outflow,0.0
2026-08-24 11:13:36,Southern Owens Valley,Lone Pine Creek Flow,10.6
2026-08-24 11:13:36,Lower Owens River Project,LORP Intake Flow,81.0
2026-08-24 11:13:36,Lower Owens River Project,LORP at Mazourka Canyon Road,0.0
2026-08-24 11:13:36,Lower Owens River Project,LORP at Reinhackle Springs,63.0
2026-08-24 11:13:36,Lower Owens River Project,LORP Above Pumpstation,51.0
2026-08-24 11:13:36,Lower Owens River Project,LORP At Pump Station Discharge Flow,48.0
2026-08-24 11:13:36,Southern District,Haiwee LAA #2 Current Flow,99.6
2026-08-24 11:13:36,Southern District,Haiwee LAA #1 Current Flow,0.0
2026-08-24 11:13:36,Southern District,LAA #1 Flow at Fairmont Reservoir,242.8
2026-08-24 11:13:36,Southern District,LAA #2 Flow at Fairmont Res.,132.4
2026-08-24 11:13:36,Southern District,Bouquet Reservoir Inflow,0.0
2026-08-24 11:13:36,Southern District,Bouquet Reservoir Outflow,217.5
2026-08-24 11:13:36,Southern District,LAA #1 at Soledad Flow,281.3
2026-08-24 11:13:36,Southern District,LAA #2 at Soledad Flow,247.8
2026-08-24 11:13:37,Mono Basin,Mono Lk. Elevation,6382.2
2026-08-24 11:13:37,Mono Basin,Grant Lk. Elevation,7129.4
2026-08-24 11:13:37,Long Valley,Long Valley Elevation,6771.4
2026-08-24 11:13:37,Northern Owens Valley,Pleasant Valley Elevation,4384.4
2026-08-24 11:13:37,Southern Owens Valley,N. Haiwee Elevation,3757.1
2026-08-24 11:13:37,Southern Owens Valley,S. Haiwee Reservoir Elevation,3726.6
2026-08-24 11:13:37,Southern District,S. Haiwee Reservoir Elevation,3726.6
2026-08-24 11:13:37,Southern District,Fairmont Reservoir Elevation,3022.2
2026-08-24 11:13:37,Southern District,Bouquet Reservoir Elevation,2977.6
2026-08-24 11:28:37,Mono Basin,Lee Vining Intake Above Flow,27.0
2026-08-24 11:28:37,Mono Basin,Lee Vining Intake Below Flow,26.9
2026-08-24 11:28:37,Mono Basin,Mono Lk. Elevation,6382.2
2026-08-24 11:28:37,Mono Basin,Walker Ck. Above Conduit Flow,4.0
2026-08-24 11:28:37,Mono Basin,L.V. Conduit Below Intake Flow,0.6
2026-08-24 11:28:37,Mono Basin,Walker Ck. Under Conduit Flow,4.0
2026-08-24 11:28:37,Mono Basin,Parker Ck. Under Conduit Flow,13.0
2026-08-24 11:28:37,Mono Basin,Parker Ck. Above Conduit Flow,14.0
2026-08-24 11:28:37,Mono Basin,Grant Lk. Spill Flow,0.0
2026-08-24 11:28:37,Mono Basin,Mono Gate 1 Return Ditch Flow,38.9
2026-08-24 11:28:37,Mono Basin,Grant Lk. Elevation,7129.3
2026-08-24 11:28:37,Mono Basin,Grant Lk. Outflow,39.5
2026-08-24 11:28:37,Mono Basin,Rush Ck. at Damsite Flow,9.9
2026-08-24 11:28:37,Mono Basin,Flow to West Portal,0.0
2026-08-24 11:28:37,Long Valley,East Portal Flow,12.0
2026-08-24 11:28:37,Long Valley,OR Below EP Flow,56.0
2026-08-24 11:28:37,Long Valley,Hot Ck.at Hwy. Flow,7.0
2026-08-24 11:28:37,Long Valley,McGee Ck. Lower Sta. Flow,10.9
2026-08-24 11:28:37,Long Valley,Long Valley Elevation,6771.4
2026-08-24 11:28:37,Long Valley,Long Valley Current Outflow,575.7
2026-08-24 11:28:37,Long Valley,Rock Ck. Div. Flow,0.0
2026-08-24 11:28:37,Long Valley,Upper Gorge Total Release,40.5
2026-08-24 11:28:37,Long Valley,Release at Middle Gorge,0.0
2026-08-24 11:28:37,Northern Owens Valley,Rock Ck. At Owens River (PV) Flow,26.2
2026-08-24 11:28:37,Northern Owens Valley,Pleasant Valley Elevation,4384.4
2026-08-24 11:28:37,Northern Owens Valley,Pleasant Valley Outflow,487.8
2026-08-24 11:28:37,Northern Owens Valley,Baker Ck. At LA Station Flow,6.4
2026-08-24 11:28:37,Northern Owens Valley,Big Pine Ck. USGS Flow,40.4
2026-08-24 11:28:37,Northern Owens Valley,O.R. Below Big Pine,493.6
2026-08-24 11:28:37,Northern Owens Valley,Fish Springs At RR Flow,33.8
2026-08-24 11:28:37,Northern Owens Valley,Tinemaha Elevation,3862.0
2026-08-24 11:28:37,Northern Owens Valley,Tinemaha Reservoir Outflow,477.5
2026-08-24 11:28:37,Northern Owens Valley,Bishop Creek Through Plant 6,98.8
2026-08-24 11:28:37,Northern Owens Valley,Bishop Creek Around Plant 6,7.3
2026-08-24 11:28:37,Southern Owens Valley,Tinemaha Elevation,3862.0
2026-08-24 11:28:37,Southern Owens Valley,Tinemaha Reservoir Outflow,477.5
2026-08-24 11:28:37,Southern Owens Valley,Indep. Ck. At Junction Flow,5.3
2026-08-24 11:28:37,Southern Owens Valley,LAA at Alabama Flow,410.0
2026-08-24 11:28:37,Southern Owens Valley,LAA at Alabama Level,7.9
2026-08-24 11:28:37,Southern Owens Valley,LAA at Alabama Water Temp,71.5
2026-08-24 11:28:37,Southern Owens Valley,Cottonwood Ck. At LAA Flow,0.0
2026-08-24 11:28:37,Southern Owens Valley,LAA at Cottonwood Flow,458.0
2026-08-24 11:28:37,Southern Owens Valley,LAA at Cottonwood Level,8.9
2026-08-24 11:28:37,Southern Owens Valley,LAA at Cotton. Water Temp,73.6
2026-08-24 11:28:37,Southern Owens Valley,N. Haiwee Elevation,3757.1
2026-08-24 11:28:37,Southern Owens Valley,S. Haiwee Reservoir Elevation,3726.6
2026-08-24 11:28:37,Southern Owens Valley,Haiwee LAA #1 Current Flow,0.0
2026-08-24 11:28:37,Southern Owens Valley,Haiwee LAA #2 Current Flow,99.6
2026-08-24 11:28:37,Southern Owens Valley,Reinhackel Flow,2.9
2026-08-24 11:28:37,Southern Owens Valley,Lubkin Spillgate Outflow,0.0
2026-08-24 11:28:37,Southern Owens Valley,Cartago Spillgate Outflow,0.0
2026-08-24 11:28:37,Southern Owens Valley,Lone Pine Creek Flow,10.6
2026-08-24 11:28:37,Lower Owens River Project,LORP Intake Flow,81.0
2026-08-24 11:28:37,Lower Owens River Project,LORP at Mazourka Canyon Road,0.0
2026-08-24 11:28:37,Lower Owens River Project,LORP at Reinhackle Springs,64.0
2026-08-24 11:28:37,Lower Owens River Project,LORP Above Pumpstation,41.0
2026-08-24 11:28:37,Lower Owens River Project,LORP At Pump Station Discharge Flow,38.0
2026-08-24 11:28:37,Southern District,Haiwee LAA #2 Current Flow,99.6
2026-08-24 11:28:37,Southern District,S. Haiwee Reservoir Elevation,3726.6
2026-08-24 11:28:37,Southern District,Haiwee LAA #1 Current Flow,0.0
2026-08-24 11:28:37,Southern District,Fairmont Reservoir Elevation,3022.2
2026-08-24 11:28:37,Southern District,LAA #1 Flow at Fairmont Reservoir,242.6
2026-08-24 11:28:37,Southern District,LAA #2 Flow at Fairmont Res.,132.4
2026-08-24 11:28:37,Southern District,Bouquet Reservoir Elevation,2977.6
2026-08-24 11:28:37,Southern District,Bouquet Reservoir Inflow,0.0
2026-08-24 11:28:37,Southern District,Bouquet Reservoir Outflow,217.5
2026-08-24 11:28:37,Southern District,LAA #1 at Soledad Flow,281.3
2026-08-24 11:28:37,Southern District,LAA #2 at Soledad Flow,247.8
2026-08-24 11:43:38,Mono Basin,Lee Vining Intake Above Flow,26.4
2026-08-24 11:43:38,Mono Basin,Lee Vining Intake Below Flow,27.5
2026-08-24 11:43:38,Mono Basin,Mono Lk. Elevation,6382.2
2026-08-24 11:43:38,Mono Basin,Walker Ck. Above Conduit Flow,4.0
2026-08-24 11:43:38,Mono Basin,L.V. Conduit Below Intake Flow,0.6
2026-08-24 11:43:38,Mono Basin,Walker Ck. Under Conduit Flow,4.0
2026-08-24 11:43:38,Mono Basin,Parker Ck. Under Conduit Flow,13.0
2026-08-24 11:43:38,Mono Basin,Parker Ck. Above Conduit Flow,14.0
2026-08-24 11:43:38,Mono Basin,Grant Lk. Spill Flow,0.0
2026-08-24 11:43:38,Mono Basin,Mono Gate 1 Return Ditch Flow,38.9
2026-08-24 11:43:38,Mono Basin,Grant Lk. Elevation,7129.3
2026-08-24 11:43:38,Mono Basin,Grant Lk. Outflow,39.5
2026-08-24 11:43:38,Mono Basin,Rush Ck. at Damsite Flow,9.9
2026-08-24 11:43:38,Mono Basin,Flow to West Portal,0.0
2026-08-24 11:43:38,Long Valley,East Portal Flow,12.0
2026-08-24 11:43:38,Long Valley,OR Below EP Flow,56.0
2026-08-24 11:43:38,Long Valley,Hot Ck.at Hwy. Flow,7.0
2026-08-24 11:43:38,Long Valley,McGee Ck. Lower Sta. Flow,10.9
2026-08-24 11:43:38,Long Valley,Long Valley Elevation,6771.4
2026-08-24 11:43:38,Long Valley,Long Valley Current Outflow,580.7
2026-08-24 11:43:38,Long Valley,Rock Ck. Div. Flow,0.0
2026-08-24 11:43:38,Long Valley,Upper Gorge Total Release,40.4
2026-08-24 11:43:38,Long Valley,Release at Middle Gorge,0.0
2026-08-24 11:43:38,Northern Owens Valley,Rock Ck. At Owens River (PV) Flow,26.2
2026-08-24 11:43:38,Northern Owens Valley,Pleasant Valley Elevation,4384.4
2026-08-24 11:43:38,Northern Owens Valley,Pleasant Valley Outflow,488.2
2026-08-24 11:43:38,Northern Owens Valley,Baker Ck. At LA Station Flow,6.4
2026-08-24 11:43:38,Northern Owens Valley,Big Pine Ck. USGS Flow,40.4
2026-08-24 11:43:38,Northern Owens Valley,O.R. Below Big Pine,492.1
2026-08-24 11:43:38,Northern Owens Valley,Fish Springs At RR Flow,33.8
2026-08-24 11:43:38,Northern Owens Valley,Tinemaha Reservoir Outflow,477.5
2026-08-24 11:43:38,Northern Owens Valley,Bishop Creek Through Plant 6,98.8
2026-08-24 11:43:38,Northern Owens Valley,Bishop Creek Around Plant 6,7.3
2026-08-24 11:43:38,Southern Owens Valley,Tinemaha Reservoir Outflow,477.5
2026-08-24 11:43:38,Southern Owens Valley,Indep. Ck. At Junction Flow,5.3
2026-08-24 11:43:38,Southern Owens Valley,LAA at Alabama Flow,410.0
2026-08-24 11:43:38,Southern Owens Valley,LAA at Alabama Level,7.9
2026-08-24 11:43:38,Southern Owens Valley,LAA at Alabama Water Temp,71.5
2026-08-24 11:43:38,Southern Owens Valley,Cottonwood Ck. At LAA Flow,0.0
2026-08-24 11:43:38,Southern Owens Valley,LAA at Cottonwood Flow,458.0
2026-08-24 11:43:38,Southern Owens Valley,LAA at Cottonwood Level,8.9
2026-08-24 11:43:38,Southern Owens Valley,LAA at Cotton. Water Temp,73.8
2026-08-24 11:43:38,Southern Owens Valley,N. Haiwee Elevation,3757.1
2026-08-24 11:43:38,Southern Owens Valley,S. Haiwee Reservoir Elevation,3726.6
2026-08-24 11:43:38,Southern Owens Valley,Haiwee LAA #1 Current Flow,0.0
2026-08-24 11:43:38,Southern Owens Valley,Haiwee LAA #2 Current Flow,99.6
2026-08-24 11:43:38,Southern Owens Valley,Reinhackel Flow,2.9
2026-08-24 11:43:38,Southern Owens Valley,Lubkin Spillgate Outflow,0.0
2026-08-24 11:43:38,Southern Owens Valley,Cartago Spillgate Outflow,0.0
2026-08-24 11:43:38,Southern Owens Valley,Lone Pine Creek Flow,10.5
2026-08-24 11:43:38,Lower Owens River Project,LORP Intake Flow,80.0
2026-08-24 11:43:38,Lower Owens River Project,LORP at Mazourka Canyon Road,0.0
2026-08-24 11:43:38,Lower Owens River Project,LORP at Reinhackle Springs,64.0
2026-08-24 11:43:38,Lower Owens River Project,LORP Above Pumpstation,41.0
2026-08-24 11:43:38,Lower Owens River Project,LORP At Pump Station Discharge Flow,38.0
2026-08-24 11:43:38,Southern District,Haiwee LAA #2 Current Flow,99.6
2026-08-24 11:43:38,Southern District,S. Haiwee Reservoir Elevation,3726.6
2026-08-24 11:43:38,Southern District,Haiwee LAA #1 Current Flow,0.0
2026-08-24 11:43:38,Southern District,Fairmont Reservoir Elevation,3022.2
2026-08-24 11:43:38,Southern District,LAA #1 Flow at Fairmont Reservoir,242.9
2026-08-24 11:43:38,Southern District,LAA #2 Flow at Fairmont Res.,132.0
2026-08-24 11:43:38,Southern District,Bouquet Reservoir Elevation,2977.6
2026-08-24 11:43:38,Southern District,Bouquet Reservoir Inflow,0.0
2026-08-24 11:43:38,Southern District,Bouquet Reservoir Outflow,217.6
2026-08-24 11:43:38,Southern District,LAA #1 at Soledad Flow,281.3
2026-08-24 11:43:38,Southern District,LAA #2 at Soledad Flow,247.8
2026-08-24 11:58:36,Mono Basin,Lee Vining Intake Above Flow,26.4
2026-08-24 11:58:36,Mono Basin,Lee Vining Intake Below Flow,27.5
2026-08-24 11:58:36,Mono Basin,Mono Lk. Elevation,6382.2
2026-08-24 11:58:36,Mono Basin,Walker Ck. Above Conduit Flow,4.0
2026-08-24 11:58:36,Mono Basin,L.V. Conduit Below Intake Flow,0.6
2026-08-24 11:58:36,Mono Basin,Walker Ck. Under Conduit Flow,4.0
2026-08-24 11:58:36,Mono Basin,Parker Ck. Under Conduit Flow,13.0
2026-08-24 11:58:36,Mono Basin,Parker Ck. Above Conduit Flow,14.0
2026-08-24 11:58:36,Mono Basin,Grant Lk. Spill Flow,0.0
2026-08-24 11:58:36,Mono Basin,Mono Gate 1 Return Ditch Flow,38.8
2026-08-24 11:58:36,Mono Basin,Grant Lk. Elevation,7129.4
2026-08-24 11:58:36,Mono Basin,Grant Lk. Outflow,39.7
2026-08-24 11:58:36,Mono Basin,Rush Ck. at Damsite Flow,9.9
2026-08-24 11:58:36,Mono Basin,Flow to West Portal,0.0
2026-08-24 11:58:36,Long Valley,East Portal Flow,12.0
2026-08-24 11:58:36,Long Valley,OR Below EP Flow,56.0
2026-08-24 11:58:36,Long Valley,Hot Ck.at Hwy. Flow,7.0
2026-08-24 11:58:36,Long Valley,McGee Ck. Lower Sta. Flow,10.9
2026-08-24 11:58:36,Long Valley,Long Valley Elevation,6771.4
2026-08-24 11:58:36,Long Valley,Long Valley Current Outflow,578.2
2026-08-24 11:58:36,Long Valley,Rock Ck. Div. Flow,0.0
2026-08-24 11:58:36,Long Valley,Upper Gorge Total Release,39.9
2026-08-24 11:58:36,Long Valley,Release at Middle Gorge,0.0
2026-08-24 11:58:36,Northern Owens Valley,Rock Ck. At Owens River (PV) Flow,26.7
2026-08-24 11:58:36,Northern Owens Valley,Pleasant Valley Elevation,4384.5
2026-08-24 11:58:36,Northern Owens Valley,Pleasant Valley Outflow,487.7
2026-08-24 11:58:36,Northern Owens Valley,Baker Ck. At LA Station Flow,6.4
2026-08-24 11:58:36,Northern Owens Valley,Big Pine Ck. USGS Flow,40.4
2026-08-24 11:58:36,Northern Owens Valley,O.R. Below Big Pine,492.5
2026-08-24 11:58:36,Northern Owens Valley,Fish Springs At RR Flow,33.8
2026-08-24 11:58:36,Northern Owens Valley,Tinemaha Elevation,3862.0
2026-08-24 11:58:36,Northern Owens Valley,Tinemaha Reservoir Outflow,477.5
2026-08-24 11:58:36,Northern Owens Valley,Bishop Creek Through Plant 6,98.8
2026-08-24 11:58:36,Northern Owens Valley,Bishop Creek Around Plant 6,7.3
2026-08-24 11:58:36,Southern Owens Valley,Tinemaha Elevation,3862.0
2026-08-24 11:58:36,Southern Owens Valley,Tinemaha Reservoir Outflow,477.5
2026-08-24 11:58:36,Southern Owens Valley,Indep. Ck. At Junction Flow,5.3
2026-08-24 11:58:36,Southern Owens Valley,LAA at Alabama Flow,410.0
2026-08-24 11:58:36,Southern Owens Valley,LAA at Alabama Level,7.9
2026-08-24 11:58:36,Southern Owens Valley,LAA at Alabama Water Temp,71.5
2026-08-24 11:58:36,Southern Owens Valley,Cottonwood Ck. At LAA Flow,0.0
2026-08-24 11:58:36,Southern Owens Valley,LAA at Cottonwood Flow,458.0
2026-08-24 11:58:36,Southern Owens Valley,LAA at Cottonwood Level,8.9
2026-08-24 11:58:36,Southern Owens Valley,LAA at Cotton. Water Temp,73.8
2026-08-24 11:58:36,Southern Owens Valley,N. Haiwee Elevation,3757.1
2026-08-24 11:58:36,Southern Owens Valley,S. Haiwee Reservoir Elevation,3726.6
2026-08-24 11:58:36,Southern Owens Valley,Haiwee LAA #1 Current Flow,0.0
2026-08-24 11:58:36,Southern Owens Valley,Haiwee LAA #2 Current Flow,99.6
2026-08-24 11:58:36,Southern Owens Valley,Reinhackel Flow,2.9
2026-08-24 11:58:36,Southern Owens Valley,Lubkin Spillgate Outflow,0.0
2026-08-24 11:58:36,Southern Owens Valley,Cartago Spillgate Outflow,0.0
2026-08-24 11:58:36,Southern Owens Valley,Lone Pine Creek Flow,10.5
2026-08-24 11:58:36,Lower Owens River Project,LORP Intake Flow,80.0
2026-08-24 11:58:36,Lower Owens River Project,LORP at Mazourka Canyon Road,0.0
2026-08-24 11:58:36,Lower Owens River Project,LORP at Reinhackle Springs,64.0
2026-08-24 11:58:36,Lower Owens River Project,LORP Above Pumpstation,41.0
2026-08-24 11:58:36,Lower Owens River Project,LORP At Pump Station Discharge Flow,38.0
2026-08-24 11:58:36,Southern District,Haiwee LAA #2 Current Flow,99.6
2026-08-24 11:58:36,Southern District,S. Haiwee Reservoir Elevation,3726.6
2026-08-24 11:58:36,Southern District,Haiwee LAA #1 Current Flow,0.0
2026-08-24 11:58:36,Southern District,Fairmont Reservoir Elevation,3022.2
2026-08-24 11:58:36,Southern District,LAA #1 Flow at Fairmont Reservoir,243.0
2026-08-24 11:58:36,Southern District,LAA #2 Flow at Fairmont Res.,132.4
2026-08-24 11:58:36,Southern District,Bouquet Reservoir Elevation,2977.6
2026-08-24 11:58:36,Southern District,Bouquet Reservoir Inflow,0.0
2026-08-24 11:58:36,Southern District,Bouquet Reservoir Outflow,217.8
2026-08-24 11:58:36,Southern District,LAA #1 at Soledad Flow,281.3
2026-08-24 11:58:36,Southern District,LAA #2 at Soledad Flow,247.8
2026-08-24 12:13:37,Mono Basin,Lee Vining Intake Above Flow,27.5
2026-08-24 12:13:37,Mono Basin,Lee Vining Intake Below Flow,28.7
2026-08-24 12:13:37,Mono Basin,Mono Lk. Elevation,6382.2
2026-08-24 12:13:37,Mono Basin,Walker Ck. Above Conduit Flow,4.0
2026-08-24 12:13:37,Mono Basin,L.V. Conduit Below Intake Flow,0.6
2026-08-24 12:13:37,Mono Basin,Walker Ck. Under Conduit Flow,4.0
2026-08-24 12:13:37,Mono Basin,Parker Ck. Under Conduit Flow,13.0
2026-08-24 12:13:37,Mono Basin,Parker Ck. Above Conduit Flow,14.0
2026-08-24 12:13:37,Mono Basin,Grant Lk. Spill Flow,0.0
2026-08-24 12:13:37,Mono Basin,Mono Gate 1 Return Ditch Flow,38.8
2026-08-24 12:13:37,Mono Basin,Grant Lk. Elevation,7129.4
2026-08-24 12:13:37,Mono Basin,Grant Lk. Outflow,39.7
2026-08-24 12:13:37,Mono Basin,Rush Ck. at Damsite Flow,9.9
2026-08-24 12:13:37,Mono Basin,Flow to West Portal,0.0
2026-08-24 12:13:37,Long Valley,East Portal Flow,12.0
2026-08-24 12:13:37,Long Valley,OR Below EP Flow,56.0
2026-08-24 12:13:37,Long Valley,Hot Ck.at Hwy. Flow,7.0
2026-08-24 12:13:37,Long Valley,McGee Ck. Lower Sta. Flow,10.7
2026-08-24 12:13:37,Long Valley,Long Valley Elevation,6771.4
2026-08-24 12:13:37,Long Valley,Long Valley Current Outflow,578.6
2026-08-24 12:13:37,Long Valley,Rock Ck. Div. Flow,0.0
2026-08-24 12:13:37,Long Valley,Upper Gorge Total Release,40.0
2026-08-24 12:13:37,Long Valley,Release at Middle Gorge,0.0
2026-08-24 12:13:37,Northern Owens Valley,Rock Ck. At Owens River (PV) Flow,28.6
2026-08-24 12:13:37,Northern Owens Valley,Pleasant Valley Elevation,4384.5
2026-08-24 12:13:37,Northern Owens Valley,Pleasant Valley Outflow,488.8
2026-08-24 12:13:37,Northern Owens Valley,Baker Ck. At LA Station Flow,6.5
2026-08-24 12:13:37,Northern Owens Valley,Big Pine Ck. USGS Flow,40.4
2026-08-24 12:13:37,Northern Owens Valley,O.R. Below Big Pine,491.7
2026-08-24 12:13:37,Northern Owens Valley,Fish Springs At RR Flow,33.8
2026-08-24 12:13:37,Northern Owens Valley,Tinemaha Reservoir Outflow,476.6
2026-08-24 12:13:37,Northern Owens Valley,Bishop Creek Through Plant 6,98.8
2026-08-24 12:13:37,Northern Owens Valley,Bishop Creek Around Plant 6,7.3
2026-08-24 12:13:37,Southern Owens Valley,Tinemaha Reservoir Outflow,476.6
2026-08-24 12:13:37,Southern Owens Valley,Indep. Ck. At Junction Flow,5.3
2026-08-24 12:13:37,Southern Owens Valley,LAA at Alabama Flow,410.0
2026-08-24 12:13:37,Southern Owens Valley,LAA at Alabama Level,7.9
2026-08-24 12:13:37,Southern Owens Valley,LAA at Alabama Water Temp,72.0
2026-08-24 12:13:37,Southern Owens Valley,Cottonwood Ck. At LAA Flow,0.0
2026-08-24 12:13:37,Southern Owens Valley,LAA at Cottonwood Flow,459.0
2026-08-24 12:13:37,Southern Owens Valley,LAA at Cottonwood Level,8.9
2026-08-24 12:13:37,Southern Owens Valley,LAA at Cotton. Water Temp,74.1
2026-08-24 12:13:37,Southern Owens Valley,N. Haiwee Elevation,3757.1
2026-08-24 12:13:37,Southern Owens Valley,S. Haiwee Reservoir Elevation,3726.6
2026-08-24 12:13:37,Southern Owens Valley,Haiwee LAA #1 Current Flow,0.0
2026-08-24 12:13:37,Southern Owens Valley,Haiwee LAA #2 Current Flow,99.6
2026-08-24 12:13:37,Southern Owens Valley,Reinhackel Flow,2.9
2026-08-24 12:13:37,Southern Owens Valley,Lubkin Spillgate Outflow,0.0
2026-08-24 12:13:37,Southern Owens Valley,Cartago Spillgate Outflow,0.0
2026-08-24 12:13:37,Southern Owens Valley,Lone Pine Creek Flow,10.5
2026-08-24 12:13:37,Lower Owens River Project,LORP Intake Flow,80.0
2026-08-24 12:13:37,Lower Owens River Project,LORP at Mazourka Canyon Road,0.0
2026-08-24 12:13:37,Lower Owens River Project,LORP at Reinhackle Springs,64.0
2026-08-24 12:13:37,Lower Owens River Project,LORP Above Pumpstation,41.0
2026-08-24 12:13:37,Lower Owens River Project,LORP At Pump Station Discharge Flow,38.0
2026-08-24 12:13:37,Southern District,Haiwee LAA #2 Current Flow,99.6
2026-08-24 12:13:37,Southern District,S. Haiwee Reservoir Elevation,3726.6
2026-08-24 12:13:37,Southern District,Haiwee LAA #1 Current Flow,0.0
2026-08-24 12:13:37,Southern District,Fairmont Reservoir Elevation,3022.2
2026-08-24 12:13:37,Southern District,LAA #1 Flow at Fairmont Reservoir,243.7
2026-08-24 12:13:37,Southern District,LAA #2 Flow at Fairmont Res.,132.4
2026-08-24 12:13:37,Southern District,Bouquet Reservoir Elevation,2977.6
2026-08-24 12:13:37,Southern District,Bouquet Reservoir Inflow,0.0
2026-08-24 12:13:37,Southern District,Bouquet Reservoir Outflow,220.3
2026-08-24 12:13:37,Southern District,LAA #1 at Soledad Flow,281.3
2026-08-24 12:13:37,Southern District,LAA #2 at Soledad Flow,247.8
2026-08-24 12:28:36,Mono Basin,Lee Vining Intake Above Flow,27.5
2026-08-24 12:28:36,Mono Basin,Lee Vining Intake Below Flow,28.7
2026-08-24 12:28:36,Mono Basin,Walker Ck. Above Conduit Flow,4.0
2026-08-24 12:28:36,Mono Basin,L.V. Conduit Below Intake Flow,0.6
2026-08-24 12:28:36,Mono Basin,Walker Ck. Under Conduit Flow,4.0
2026-08-24 12:28:36,Mono Basin,Parker Ck. Under Conduit Flow,13.0
2026-08-24 12:28:36,Mono Basin,Parker Ck. Above Conduit Flow,14.0
2026-08-24 12:28:36,Mono Basin,Grant Lk. Spill Flow,0.0
2026-08-24 12:28:36,Mono Basin,Mono Gate 1 Return Ditch Flow,38.8
2026-08-24 12:28:36,Mono Basin,Grant Lk. Outflow,39.8
2026-08-24 12:28:36,Mono Basin,Rush Ck. at Damsite Flow,9.9
2026-08-24 12:28:36,Mono Basin,Flow to West Portal,0.0
2026-08-24 12:28:36,Long Valley,East Portal Flow,12.0
2026-08-24 12:28:36,Long Valley,OR Below EP Flow,56.0
2026-08-24 12:28:36,Long Valley,Hot Ck.at Hwy. Flow,6.0
2026-08-24 12:28:36,Long Valley,McGee Ck. Lower Sta. Flow,10.7
2026-08-24 12:28:36,Long Valley,Long Valley Current Outflow,580.3
2026-08-24 12:28:36,Long Valley,Rock Ck. Div. Flow,0.0
2026-08-24 12:28:36,Long Valley,Upper Gorge Total Release,40.4
2026-08-24 12:28:36,Long Valley,Release at Middle Gorge,0.0
2026-08-24 12:28:36,Northern Owens Valley,Rock Ck. At Owens River (PV) Flow,26.9
2026-08-24 12:28:36,Northern Owens Valley,Pleasant Valley Outflow,488.3
2026-08-24 12:28:36,Northern Owens Valley,Baker Ck. At LA Station Flow,6.5
2026-08-24 12:28:36,Northern Owens Valley,Big Pine Ck. USGS Flow,38.2
2026-08-24 12:28:36,Northern Owens Valley,O.R. Below Big Pine,492.8
2026-08-24 12:28:36,Northern Owens Valley,Fish Springs At RR Flow,34.5
2026-08-24 12:28:36,Northern Owens Valley,Tinemaha Reservoir Outflow,476.6
2026-08-24 12:28:36,Northern Owens Valley,Bishop Creek Through Plant 6,96.9
2026-08-24 12:28:36,Northern Owens Valley,Bishop Creek Around Plant 6,6.9
2026-08-24 12:28:36,Southern Owens Valley,Tinemaha Reservoir Outflow,476.6
2026-08-24 12:28:36,Southern Owens Valley,Indep. Ck. At Junction Flow,5.3
2026-08-24 12:28:36,Southern Owens Valley,LAA at Alabama Flow,411.0
2026-08-24 12:28:36,Southern Owens Valley,Cottonwood Ck. At LAA Flow,0.0
2026-08-24 12:28:36,Southern Owens Valley,LAA at Cottonwood Flow,459.0
2026-08-24 12:28:36,Southern Owens Valley,Haiwee LAA #1 Current Flow,0.0
2026-08-24 12:28:36,Southern Owens Valley,Haiwee LAA #2 Current Flow,99.6
2026-08-24 12:28:36,Southern Owens Valley,Reinhackel Flow,2.9
2026-08-24 12:28:36,Southern Owens Valley,Lubkin Spillgate Outflow,0.7
2026-08-24 12:28:36,Southern Owens Valley,Cartago Spillgate Outflow,0.0
2026-08-24 12:28:36,Southern Owens Valley,Lone Pine Creek Flow,10.5
2026-08-24 12:28:36,Lower Owens River Project,LORP Intake Flow,80.0
2026-08-24 12:28:36,Lower Owens River Project,LORP at Mazourka Canyon Road,0.0
2026-08-24 12:28:36,Lower Owens River Project,LORP at Reinhackle Springs,62.0
2026-08-24 12:28:36,Lower Owens River Project,LORP Above Pumpstation,48.0
2026-08-24 12:28:36,Lower Owens River Project,LORP At Pump Station Discharge Flow,45.0
2026-08-24 12:28:36,Southern District,Haiwee LAA #2 Current Flow,99.6
2026-08-24 12:28:36,Southern District,Haiwee LAA #1 Current Flow,0.0
2026-08-24 12:28:36,Southern District,LAA #1 Flow at Fairmont Reservoir,243.2
2026-08-24 12:28:36,Southern District,LAA #2 Flow at Fairmont Res.,132.4
2026-08-24 12:28:36,Southern District,Bouquet Reservoir Inflow,0.0
2026-08-24 12:28:36,Southern District,Bouquet Reservoir Outflow,216.3
2026-08-24 12:28:36,Southern District,LAA #1 at Soledad Flow,281.3
2026-08-24 12:28:36,Southern District,LAA #2 at Soledad Flow,247.8
2026-08-24 12:28:37,Mono Basin,Mono Lk. Elevation,6382.2
2026-08-24 12:28:37,Mono Basin,Grant Lk. Elevation,7129.4
2026-08-24 12:28:37,Long Valley,Long Valley Elevation,6771.4
2026-08-24 12:28:37,Northern Owens Valley,Pleasant Valley Elevation,4384.5
2026-08-24 12:28:37,Northern Owens Valley,Tinemaha Elevation,3862.0
2026-08-24 12:28:37,Southern Owens Valley,Tinemaha Elevation,3862.0
2026-08-24 12:28:37,Southern Owens Valley,LAA at Alabama Level,7.9
2026-08-24 12:28:37,Southern Owens Valley,LAA at Alabama Water Temp,72.1
2026-08-24 12:28:37,Southern Owens Valley,LAA at Cottonwood Level,8.9
2026-08-24 12:28:37,Southern Owens Valley,LAA at Cotton. Water Temp,74.1
2026-08-24 12:28:37,Southern Owens Valley,N. Haiwee Elevation,3757.1
2026-08-24 12:28:37,Southern Owens Valley,S. Haiwee Reservoir Elevation,3726.6
2026-08-24 12:28:37,Southern District,S. Haiwee Reservoir Elevation,3726.6
2026-08-24 12:28:37,Southern District,Fairmont Reservoir Elevation,3022.2
2026-08-24 12:28:37,Southern District,Bouquet Reservoir Elevation,2977.6
2026-08-24 12:43:38,Mono Basin,Lee Vining Intake Above Flow,27.4
2026-08-24 12:43:38,Mono Basin,Lee Vining Intake Below Flow,27.8
2026-08-24 12:43:38,Mono Basin,Mono Lk. Elevation,6382.2
2026-08-24 12:43:38,Mono Basin,Walker Ck. Above Conduit Flow,4.0
2026-08-24 12:43:38,Mono Basin,L.V. Conduit Below Intake Flow,0.6
2026-08-24 12:43:38,Mono Basin,Walker Ck. Under Conduit Flow,4.0
2026-08-24 12:43:38,Mono Basin,Parker Ck. Under Conduit Flow,13.0
2026-08-24 12:43:38,Mono Basin,Parker Ck. Above Conduit Flow,14.0
2026-08-24 12:43:38,Mono Basin,Grant Lk. Spill Flow,0.0
2026-08-24 12:43:38,Mono Basin,Mono Gate 1 Return Ditch Flow,38.8
2026-08-24 12:43:38,Mono Basin,Grant Lk. Elevation,7129.4
2026-08-24 12:43:38,Mono Basin,Grant Lk. Outflow,39.8
2026-08-24 12:43:38,Mono Basin,Rush Ck. at Damsite Flow,9.9
2026-08-24 12:43:38,Mono Basin,Flow to West Portal,0.0
2026-08-24 12:43:38,Long Valley,East Portal Flow,12.0
2026-08-24 12:43:38,Long Valley,OR Below EP Flow,56.0
2026-08-24 12:43:38,Long Valley,Hot Ck.at Hwy. Flow,6.0
2026-08-24 12:43:38,Long Valley,McGee Ck. Lower Sta. Flow,10.7
2026-08-24 12:43:38,Long Valley,Long Valley Elevation,6771.4
2026-08-24 12:43:38,Long Valley,Long Valley Current Outflow,580.3
2026-08-24 12:43:38,Long Valley,Rock Ck. Div. Flow,0.0
2026-08-24 12:43:38,Long Valley,Upper Gorge Total Release,39.8
2026-08-24 12:43:38,Long Valley,Release at Middle Gorge,0.0
2026-08-24 12:43:38,Northern Owens Valley,Rock Ck. At Owens River (PV) Flow,26.3
2026-08-24 12:43:38,Northern Owens Valley,Pleasant Valley Elevation,4384.6
2026-08-24 12:43:38,Northern Owens Valley,Pleasant Valley Outflow,489.1
2026-08-24 12:43:38,Northern Owens Valley,Baker Ck. At LA Station Flow,6.5
2026-08-24 12:43:38,Northern Owens Valley,Big Pine Ck. USGS Flow,38.2
2026-08-24 12:43:38,Northern Owens Valley,O.R. Below Big Pine,494.1
2026-08-24 12:43:38,Northern Owens Valley,Fish Springs At RR Flow,34.5
2026-08-24 12:43:38,Northern Owens Valley,Tinemaha Reservoir Outflow,476.6
2026-08-24 12:43:38,Northern Owens Valley,Bishop Creek Through Plant 6,97.4
2026-08-24 12:43:38,Northern Owens Valley,Bishop Creek Around Plant 6,6.9
2026-08-24 12:43:38,Southern Owens Valley,Tinemaha Reservoir Outflow,476.6
2026-08-24 12:43:38,Southern Owens Valley,Indep. Ck. At Junction Flow,4.7
2026-08-24 12:43:38,Southern Owens Valley,LAA at Alabama Flow,411.0
2026-08-24 12:43:38,Southern Owens Valley,LAA at Alabama Level,7.9
2026-08-24 12:43:38,Southern Owens Valley,LAA at Alabama Water Temp,72.1
2026-08-24 12:43:38,Southern Owens Valley,Cottonwood Ck. At LAA Flow,0.0
2026-08-24 12:43:38,Southern Owens Valley,LAA at Cottonwood Flow,459.0
2026-08-24 12:43:38,Southern Owens Valley,LAA at Cottonwood Level,8.9
2026-08-24 12:43:38,Southern Owens Valley,LAA at Cotton. Water Temp,74.3
2026-08-24 12:43:38,Southern Owens Valley,N. Haiwee Elevation,3757.1
2026-08-24 12:43:38,Southern Owens Valley,S. Haiwee Reservoir Elevation,3726.6
2026-08-24 12:43:38,Southern Owens Valley,Haiwee LAA #1 Current Flow,0.0
2026-08-24 12:43:38,Southern Owens Valley,Haiwee LAA #2 Current Flow,99.6
2026-08-24 12:43:38,Southern Owens Valley,Reinhackel Flow,2.9
2026-08-24 12:43:38,Southern Owens Valley,Lubkin Spillgate Outflow,0.0
2026-08-24 12:43:38,Southern Owens Valley,Cartago Spillgate Outflow,0.0
2026-08-24 12:43:38,Southern Owens Valley,Lone Pine Creek Flow,10.4
2026-08-24 12:43:38,Lower Owens River Project,LORP Intake Flow,80.0
2026-08-24 12:43:38,Lower Owens River Project,LORP at Mazourka Canyon Road,0.0
2026-08-24 12:43:38,Lower Owens River Project,LORP at Reinhackle Springs,62.0
2026-08-24 12:43:38,Lower Owens River Project,LORP Above Pumpstation,51.0
2026-08-24 12:43:38,Lower Owens River Project,LORP At Pump Station Discharge Flow,48.0
2026-08-24 12:43:38,Southern District,Haiwee LAA #2 Current Flow,99.6
2026-08-24 12:43:38,Southern District,S. Haiwee Reservoir Elevation,3726.6
2026-08-24 12:43:38,Southern District,Haiwee LAA #1 Current Flow,0.0
2026-08-24 12:43:38,Southern District,Fairmont Reservoir Elevation,3022.2
2026-08-24 12:43:38,Southern District,LAA #1 Flow at Fairmont Reservoir,244.2
2026-08-24 12:43:38,Southern District,LAA #2 Flow at Fairmont Res.,132.0
2026-08-24 12:43:38,Southern District,Bouquet Reservoir Elevation,2977.6
2026-08-24 12:43:38,Southern District,Bouquet Reservoir Inflow,0.0
2026-08-24 12:43:38,Southern District,Bouquet Reservoir Outflow,221.8
2026-08-24 12:43:38,Southern District,LAA #1 at Soledad Flow,281.3
2026-08-24 12:43:38,Southern District,LAA #2 at Soledad Flow,247.8
2026-08-24 12:58:36,Mono Basin,Lee Vining Intake Above Flow,27.4
2026-08-24 12:58:36,Mono Basin,Lee Vining Intake Below Flow,27.8
2026-08-24 12:58:36,Mono Basin,Walker Ck. Above Conduit Flow,4.0
2026-08-24 12:58:36,Mono Basin,L.V. Conduit Below Intake Flow,0.6
2026-08-24 12:58:36,Mono Basin,Walker Ck. Under Conduit Flow,4.0
2026-08-24 12:58:36,Mono Basin,Parker Ck. Under Conduit Flow,13.0
2026-08-24 12:58:36,Mono Basin,Parker Ck. Above Conduit Flow,14.0
2026-08-24 12:58:36,Mono Basin,Grant Lk. Spill Flow,0.0
2026-08-24 12:58:36,Mono Basin,Mono Gate 1 Return Ditch Flow,38.8
2026-08-24 12:58:36,Mono Basin,Grant Lk. Outflow,39.8
2026-08-24 12:58:36,Mono Basin,Rush Ck. at Damsite Flow,9.9
2026-08-24 12:58:36,Mono Basin,Flow to West Portal,0.0
2026-08-24 12:58:36,Long Valley,East Portal Flow,12.0
2026-08-24 12:58:36,Long Valley,OR Below EP Flow,56.0
2026-08-24 12:58:36,Long Valley,Hot Ck.at Hwy. Flow,6.0
2026-08-24 12:58:36,Long Valley,McGee Ck. Lower Sta. Flow,10.7
2026-08-24 12:58:36,Long Valley,Long Valley Current Outflow,580.3
2026-08-24 12:58:36,Long Valley,Rock Ck. Div. Flow,0.0
2026-08-24 12:58:36,Long Valley,Upper Gorge Total Release,39.9
2026-08-24 12:58:36,Long Valley,Release at Middle Gorge,0.0
2026-08-24 12:58:36,Northern Owens Valley,Rock Ck. At Owens River (PV) Flow,26.0
2026-08-24 12:58:36,Northern Owens Valley,Pleasant Valley Outflow,489.1
2026-08-24 12:58:36,Northern Owens Valley,Baker Ck. At LA Station Flow,6.5
2026-08-24 12:58:36,Northern Owens Valley,Big Pine Ck. USGS Flow,38.2
2026-08-24 12:58:36,Northern Owens Valley,O.R. Below Big Pine,492.3
2026-08-24 12:58:36,Northern Owens Valley,Fish Springs At RR Flow,34.5
2026-08-24 12:58:36,Northern Owens Valley,Tinemaha Reservoir Outflow,476.6
2026-08-24 12:58:36,Northern Owens Valley,Bishop Creek Through Plant 6,97.4
2026-08-24 12:58:36,Northern Owens Valley,Bishop Creek Around Plant 6,6.9
2026-08-24 12:58:36,Southern Owens Valley,Tinemaha Reservoir Outflow,476.6
2026-08-24 12:58:36,Southern Owens Valley,Indep. Ck. At Junction Flow,4.7
2026-08-24 12:58:36,Southern Owens Valley,LAA at Alabama Flow,411.0
2026-08-24 12:58:36,Southern Owens Valley,Cottonwood Ck. At LAA Flow,0.0
2026-08-24 12:58:36,Southern Owens Valley,LAA at Cottonwood Flow,458.0
2026-08-24 12:58:36,Southern Owens Valley,Haiwee LAA #1 Current Flow,0.0
2026-08-24 12:58:36,Southern Owens Valley,Haiwee LAA #2 Current Flow,99.6
2026-08-24 12:58:36,Southern Owens Valley,Reinhackel Flow,2.9
2026-08-24 12:58:36,Southern Owens Valley,Lubkin Spillgate Outflow,0.0
2026-08-24 12:58:36,Southern Owens Valley,Cartago Spillgate Outflow,0.0
2026-08-24 12:58:36,Southern Owens Valley,Lone Pine Creek Flow,10.4
2026-08-24 12:58:36,Lower Owens River Project,LORP Intake Flow,80.0
2026-08-24 12:58:36,Lower Owens River Project,LORP at Mazourka Canyon Road,0.0
2026-08-24 12:58:36,Lower Owens River Project,LORP at Reinhackle Springs,62.0
2026-08-24 12:58:36,Lower Owens River Project,LORP Above Pumpstation,51.0
2026-08-24 12:58:36,Lower Owens River Project,LORP At Pump Station Discharge Flow,48.0
2026-08-24 12:58:36,Southern District,Haiwee LAA #2 Current Flow,99.6
2026-08-24 12:58:36,Southern District,Haiwee LAA #1 Current Flow,0.0
2026-08-24 12:58:36,Southern District,LAA #1 Flow at Fairmont Reservoir,243.1
2026-08-24 12:58:36,Southern District,LAA #2 Flow at Fairmont Res.,132.4
2026-08-24 12:58:36,Southern District,Bouquet Reservoir Inflow,0.0
2026-08-24 12:58:36,Southern District,Bouquet Reservoir Outflow,221.5
2026-08-24 12:58:36,Southern District,LAA #1 at Soledad Flow,281.3
2026-08-24 12:58:36,Southern District,LAA #2 at Soledad Flow,247.8
2026-08-24 12:58:37,Mono Basin,Mono Lk. Elevation,6382.2
2026-08-24 12:58:37,Mono Basin,Grant Lk. Elevation,7129.4
2026-08-24 12:58:37,Long Valley,Long Valley Elevation,6771.4
2026-08-24 12:58:37,Northern Owens Valley,Pleasant Valley Elevation,4384.6
2026-08-24 12:58:37,Northern Owens Valley,Tinemaha Elevation,3862.0
2026-08-24 12:58:37,Southern Owens Valley,Tinemaha Elevation,3862.0
2026-08-24 12:58:37,Southern Owens Valley,LAA at Alabama Level,7.9
2026-08-24 12:58:37,Southern Owens Valley,LAA at Alabama Water Temp,72.1
2026-08-24 12:58:37,Southern Owens Valley,LAA at Cottonwood Level,8.9
2026-08-24 12:58:37,Southern Owens Valley,LAA at Cotton. Water Temp,74.4
2026-08-24 12:58:37,Southern Owens Valley,N. Haiwee Elevation,3757.1
2026-08-24 12:58:37,Southern Owens Valley,S. Haiwee Reservoir Elevation,3726.6
2026-08-24 12:58:37,Southern District,S. Haiwee Reservoir Elevation,3726.6
2026-08-24 12:58:37,Southern District,Fairmont Reservoir Elevation,3022.2
2026-08-24 12:58:37,Southern District,Bouquet Reservoir Elevation,2977.6
2026-08-24 13:13:36,Mono Basin,Lee Vining Intake Above Flow,27.2
2026-08-24 13:13:36,Mono Basin,Lee Vining Intake Below Flow,27.6
2026-08-24 13:13:36,Mono Basin,Walker Ck. Above Conduit Flow,4.0
2026-08-24 13:13:36,Mono Basin,L.V. Conduit Below Intake Flow,0.6
2026-08-24 13:13:36,Mono Basin,Walker Ck. Under Conduit Flow,4.0
2026-08-24 13:13:36,Mono Basin,Parker Ck. Under Conduit Flow,13.0
2026-08-24 13:13:36,Mono Basin,Parker Ck. Above Conduit Flow,14.0
2026-08-24 13:13:36,Mono Basin,Grant Lk. Spill Flow,0.0
2026-08-24 13:13:36,Mono Basin,Mono Gate 1 Return Ditch Flow,38.8
2026-08-24 13:13:36,Mono Basin,Grant Lk. Outflow,39.8
2026-08-24 13:13:36,Mono Basin,Rush Ck. at Damsite Flow,9.9
2026-08-24 13:13:36,Mono Basin,Flow to West Portal,0.0
2026-08-24 13:13:36,Long Valley,East Portal Flow,12.0
2026-08-24 13:13:36,Long Valley,OR Below EP Flow,56.0
2026-08-24 13:13:36,Long Valley,Hot Ck.at Hwy. Flow,6.0
2026-08-24 13:13:36,Long Valley,McGee Ck. Lower Sta. Flow,10.7
2026-08-24 13:13:36,Long Valley,Long Valley Current Outflow,580.3
2026-08-24 13:13:36,Long Valley,Rock Ck. Div. Flow,0.0
2026-08-24 13:13:36,Northern Owens Valley,Rock Ck. At Owens River (PV) Flow,26.0
2026-08-24 13:13:36,Northern Owens Valley,Pleasant Valley Outflow,489.0
2026-08-24 13:13:36,Northern Owens Valley,Baker Ck. At LA Station Flow,6.5
2026-08-24 13:13:36,Northern Owens Valley,Big Pine Ck. USGS Flow,38.2
2026-08-24 13:13:36,Northern Owens Valley,O.R. Below Big Pine,492.6
2026-08-24 13:13:36,Northern Owens Valley,Fish Springs At RR Flow,34.5
2026-08-24 13:13:36,Northern Owens Valley,Tinemaha Reservoir Outflow,475.8
2026-08-24 13:13:36,Southern Owens Valley,Tinemaha Reservoir Outflow,475.8
2026-08-24 13:13:36,Southern Owens Valley,Indep. Ck. At Junction Flow,4.7
2026-08-24 13:13:36,Southern Owens Valley,LAA at Alabama Flow,411.0
2026-08-24 13:13:36,Southern Owens Valley,Cottonwood Ck. At LAA Flow,0.0
2026-08-24 13:13:36,Southern Owens Valley,LAA at Cottonwood Flow,458.0
2026-08-24 13:13:36,Southern Owens Valley,Haiwee LAA #1 Current Flow,0.0
2026-08-24 13:13:36,Southern Owens Valley,Haiwee LAA #2 Current Flow,99.6
2026-08-24 13:13:36,Southern Owens Valley,Reinhackel Flow,2.9
2026-08-24 13:13:36,Southern Owens Valley,Lubkin Spillgate Outflow,0.0
2026-08-24 13:13:36,Southern Owens Valley,Cartago Spillgate Outflow,0.0
2026-08-24 13:13:36,Lower Owens River Project,LORP Intake Flow,80.0
2026-08-24 13:13:36,Lower Owens River Project,LORP at Mazourka Canyon Road,0.0
2026-08-24 13:13:36,Lower Owens River Project,LORP at Reinhackle Springs,62.0
2026-08-24 13:13:36,Lower Owens River Project,LORP Above Pumpstation,52.0
2026-08-24 13:13:36,Southern District,Haiwee LAA #2 Current Flow,99.6
2026-08-24 13:13:36,Southern District,Haiwee LAA #1 Current Flow,0.0
2026-08-24 13:13:36,Southern District,LAA #1 Flow at Fairmont Reservoir,242.8
2026-08-24 13:13:36,Southern District,LAA #2 Flow at Fairmont Res.,132.4
2026-08-24 13:13:36,Southern District,Bouquet Reservoir Inflow,0.0
2026-08-24 13:13:36,Southern District,Bouquet Reservoir Outflow,221.5
2026-08-24 13:13:36,Southern District,LAA #1 at Soledad Flow,281.3
2026-08-24 13:13:36,Southern District,LAA #2 at Soledad Flow,247.8
2026-08-24 13:13:37,Mono Basin,Mono Lk. Elevation,6382.2
2026-08-24 13:13:37,Mono Basin,Grant Lk. Elevation,7129.4
2026-08-24 13:13:37,Long Valley,Long Valley Elevation,6771.4
2026-08-24 13:13:37,Northern Owens Valley,Pleasant Valley Elevation,4384.6
2026-08-24 13:13:37,Southern Owens Valley,LAA at Alabama Level,7.9
2026-08-24 13:13:37,Southern Owens Valley,LAA at Alabama Water Temp,72.6
2026-08-24 13:13:37,Southern Owens Valley,LAA at Cottonwood Level,8.9
2026-08-24 13:13:37,Southern Owens Valley,LAA at Cotton. Water Temp,74.5
2026-08-24 13:13:37,Southern Owens Valley,N. Haiwee Elevation,3757.1
2026-08-24 13:13:37,Southern Owens Valley,S. Haiwee Reservoir Elevation,3726.6
2026-08-24 13:13:37,Southern District,S. Haiwee Reservoir Elevation,3726.6
2026-08-24 13:13:37,Southern District,Fairmont Reservoir Elevation,3022.2
2026-08-24 13:13:37,Southern District,Bouquet Reservoir Elevation,2977.6
2026-08-24 13:28:36,Mono Basin,Lee Vining Intake Above Flow,27.2
2026-08-24 13:28:36,Mono Basin,Lee Vining Intake Below Flow,27.6
2026-08-24 13:28:36,Mono Basin,Walker Ck. Above Conduit Flow,4.0
2026-08-24 13:28:36,Mono Basin,L.V. Conduit Below Intake Flow,0.6
2026-08-24 13:28:36,Mono Basin,Walker Ck. Under Conduit Flow,4.0
2026-08-24 13:28:36,Mono Basin,Parker Ck. Under Conduit Flow,13.0
2026-08-24 13:28:36,Mono Basin,Parker Ck. Above Conduit Flow,14.0
2026-08-24 13:28:36,Mono Basin,Grant Lk. Spill Flow,0.0
2026-08-24 13:28:36,Mono Basin,Mono Gate 1 Return Ditch Flow,38.7
2026-08-24 13:28:36,Mono Basin,Grant Lk. Outflow,39.7
2026-08-24 13:28:36,Mono Basin,Rush Ck. at Damsite Flow,9.9
2026-08-24 13:28:36,Mono Basin,Flow to West Portal,0.0
2026-08-24 13:28:36,Long Valley,East Portal Flow,12.0
2026-08-24 13:28:36,Long Valley,OR Below EP Flow,56.0
2026-08-24 13:28:36,Long Valley,Hot Ck.at Hwy. Flow,6.0
2026-08-24 13:28:36,Long Valley,McGee Ck. Lower Sta. Flow,10.7
2026-08-24 13:28:36,Long Valley,Long Valley Current Outflow,579.8
2026-08-24 13:28:36,Long Valley,Rock Ck. Div. Flow,0.0
2026-08-24 13:28:36,Northern Owens Valley,Rock Ck. At Owens River (PV) Flow,25.8
2026-08-24 13:28:36,Northern Owens Valley,Pleasant Valley Outflow,488.8
2026-08-24 13:28:36,Northern Owens Valley,Baker Ck. At LA Station Flow,6.5
2026-08-24 13:28:36,Northern Owens Valley,Big Pine Ck. USGS Flow,38.2
2026-08-24 13:28:36,Northern Owens Valley,O.R. Below Big Pine,493.0
2026-08-24 13:28:36,Northern Owens Valley,Fish Springs At RR Flow,34.5
2026-08-24 13:28:36,Northern Owens Valley,Tinemaha Reservoir Outflow,475.8
2026-08-24 13:28:36,Southern Owens Valley,Tinemaha Reservoir Outflow,475.8
2026-08-24 13:28:36,Southern Owens Valley,Indep. Ck. At Junction Flow,4.7
2026-08-24 13:28:36,Southern Owens Valley,LAA at Alabama Flow,411.0
2026-08-24 13:28:36,Southern Owens Valley,Cottonwood Ck. At LAA Flow,0.0
2026-08-24 13:28:36,Southern Owens Valley,LAA at Cottonwood Flow,458.0
2026-08-24 13:28:36,Southern Owens Valley,Haiwee LAA #1 Current Flow,0.0
2026-08-24 13:28:36,Southern Owens Valley,Haiwee LAA #2 Current Flow,99.6
2026-08-24 13:28:36,Southern Owens Valley,Reinhackel Flow,2.9
2026-08-24 13:28:36,Southern Owens Valley,Lubkin Spillgate Outflow,0.0
2026-08-24 13:28:36,Southern Owens Valley,Cartago Spillgate Outflow,0.0
2026-08-24 13:28:36,Lower Owens River Project,LORP Intake Flow,80.0
2026-08-24 13:28:36,Lower Owens River Project,LORP at Mazourka Canyon Road,0.0
2026-08-24 13:28:36,Lower Owens River Project,LORP at Reinhackle Springs,64.0
2026-08-24 13:28:36,Lower Owens River Project,LORP Above Pumpstation,50.0
2026-08-24 13:28:36,Southern District,Haiwee LAA #2 Current Flow,99.6
2026-08-24 13:28:36,Southern District,Haiwee LAA #1 Current Flow,0.0
2026-08-24 13:28:36,Southern District,LAA #1 Flow at Fairmont Reservoir,243.2
2026-08-24 13:28:36,Southern District,LAA #2 Flow at Fairmont Res.,132.4
2026-08-24 13:28:36,Southern District,Bouquet Reservoir Inflow,0.0
2026-08-24 13:28:36,Southern District,Bouquet Reservoir Outflow,226.1
2026-08-24 13:28:36,Southern District,LAA #1 at Soledad Flow,281.3
2026-08-24 13:28:36,Southern District,LAA #2 at Soledad Flow,247.8
2026-08-24 13:28:37,Mono Basin,Mono Lk. Elevation,6382.2
2026-08-24 13:28:37,Mono Basin,Grant Lk. Elevation,7129.4
2026-08-24 13:28:37,Long Valley,Long Valley Elevation,6771.4
2026-08-24 13:28:37,Northern Owens Valley,Pleasant Valley Elevation,4384.7
2026-08-24 13:28:37,Northern Owens Valley,Tinemaha Elevation,3862.0
2026-08-24 13:28:37,Southern Owens Valley,Tinemaha Elevation,3862.0
2026-08-24 13:28:37,Southern Owens Valley,LAA at Alabama Level,7.9
2026-08-24 13:28:37,Southern Owens Valley,LAA at Alabama Water Temp,72.6
2026-08-24 13:28:37,Southern Owens Valley,LAA at Cottonwood Level,8.9
2026-08-24 13:28:37,Southern Owens Valley,LAA at Cotton. Water Temp,74.5
2026-08-24 13:28:37,Southern Owens Valley,N. Haiwee Elevation,3757.1
2026-08-24 13:28:37,Southern Owens Valley,S. Haiwee Reservoir Elevation,3726.6
2026-08-24 13:28:37,Southern District,S. Haiwee Reservoir Elevation,3726.6
2026-08-24 13:28:37,Southern District,Fairmont Reservoir Elevation,3022.2
2026-08-24 13:28:37,Southern District,Bouquet Reservoir Elevation,2977.6
2026-08-24 13:43:38,Mono Basin,Lee Vining Intake Above Flow,26.8
2026-08-24 13:43:38,Mono Basin,Lee Vining Intake Below Flow,27.2
2026-08-24 13:43:38,Mono Basin,Mono Lk. Elevation,6382.2
2026-08-24 13:43:38,Mono Basin,Walker Ck. Above Conduit Flow,4.0
2026-08-24 13:43:38,Mono Basin,L.V. Conduit Below Intake Flow,0.6
2026-08-24 13:43:38,Mono Basin,Walker Ck. Under Conduit Flow,4.0
2026-08-24 13:43:38,Mono Basin,Parker Ck. Under Conduit Flow,13.0
2026-08-24 13:43:38,Mono Basin,Parker Ck. Above Conduit Flow,14.0
2026-08-24 13:43:38,Mono Basin,Grant Lk. Spill Flow,0.0
2026-08-24 13:43:38,Mono Basin,Mono Gate 1 Return Ditch Flow,38.7
2026-08-24 13:43:38,Mono Basin,Grant Lk. Elevation,7129.4
2026-08-24 13:43:38,Mono Basin,Grant Lk. Outflow,39.7
2026-08-24 13:43:38,Mono Basin,Rush Ck. at Damsite Flow,9.9
2026-08-24 13:43:38,Mono Basin,Flow to West Portal,0.0
2026-08-24 13:43:38,Long Valley,East Portal Flow,12.0
2026-08-24 13:43:38,Long Valley,OR Below EP Flow,56.0
2026-08-24 13:43:38,Long Valley,Hot Ck.at Hwy. Flow,6.0
2026-08-24 13:43:38,Long Valley,McGee Ck. Lower Sta. Flow,10.7
2026-08-24 13:43:38,Long Valley,Long Valley Elevation,6771.4
2026-08-24 13:43:38,Long Valley,Long Valley Current Outflow,579.8
2026-08-24 13:43:38,Long Valley,Rock Ck. Div. Flow,0.0
2026-08-24 13:43:38,Northern Owens Valley,Rock Ck. At Owens River (PV) Flow,25.7
2026-08-24 13:43:38,Northern Owens Valley,Pleasant Valley Elevation,4384.7
2026-08-24 13:43:38,Northern Owens Valley,Pleasant Valley Outflow,489.0
2026-08-24 13:43:38,Northern Owens Valley,Baker Ck. At LA Station Flow,6.5
2026-08-24 13:43:38,Northern Owens Valley,Big Pine Ck. USGS Flow,38.2
2026-08-24 13:43:38,Northern Owens Valley,O.R. Below Big Pine,492.3
2026-08-24 13:43:38,Northern Owens Valley,Fish Springs At RR Flow,34.5
2026-08-24 13:43:38,Northern Owens Valley,Tinemaha Reservoir Outflow,475.8
2026-08-24 13:43:38,Southern Owens Valley,Tinemaha Reservoir Outflow,475.8
2026-08-24 13:43:38,Southern Owens Valley,Indep. Ck. At Junction Flow,4.7
2026-08-24 13:43:38,Southern Owens Valley,LAA at Alabama Flow,412.0
2026-08-24 13:43:38,Southern Owens Valley,LAA at Alabama Level,7.9
2026-08-24 13:43:38,Southern Owens Valley,LAA at Alabama Water Temp,73.0
2026-08-24 13:43:38,Southern Owens Valley,Cottonwood Ck. At LAA Flow,0.0
2026-08-24 13:43:38,Southern Owens Valley,LAA at Cottonwood Flow,458.0
2026-08-24 13:43:38,Southern Owens Valley,LAA at Cottonwood Level,8.9
2026-08-24 13:43:38,Southern Owens Valley,LAA at Cotton. Water Temp,74.7
2026-08-24 13:43:38,Southern Owens Valley,N. Haiwee Elevation,3757.1
2026-08-24 13:43:38,Southern Owens Valley,S. Haiwee Reservoir Elevation,3726.6
2026-08-24 13:43:38,Southern Owens Valley,Haiwee LAA #1 Current Flow,0.0
2026-08-24 13:43:38,Southern Owens Valley,Haiwee LAA #2 Current Flow,99.6
2026-08-24 13:43:38,Southern Owens Valley,Reinhackel Flow,2.9
2026-08-24 13:43:38,Southern Owens Valley,Lubkin Spillgate Outflow,0.0
2026-08-24 13:43:38,Southern Owens Valley,Cartago Spillgate Outflow,0.0
2026-08-24 13:43:38,Lower Owens River Project,LORP Intake Flow,80.0
2026-08-24 13:43:38,Lower Owens River Project,LORP at Mazourka Canyon Road,0.0
2026-08-24 13:43:38,Lower Owens River Project,LORP at Reinhackle Springs,64.0
2026-08-24 13:43:38,Lower Owens River Project,LORP Above Pumpstation,51.0
2026-08-24 13:43:38,Southern District,Haiwee LAA #2 Current Flow,99.6
2026-08-24 13:43:38,Southern District,S. Haiwee Reservoir Elevation,3726.6
2026-08-24 13:43:38,Southern District,Haiwee LAA #1 Current Flow,0.0
2026-08-24 13:43:38,Southern District,Fairmont Reservoir Elevation,3022.2
2026-08-24 13:43:38,Southern District,LAA #1 Flow at Fairmont Reservoir,244.2
2026-08-24 13:43:38,Southern District,LAA #2 Flow at Fairmont Res.,132.4
2026-08-24 13:43:38,Southern District,Bouquet Reservoir Elevation,2977.6
2026-08-24 13:43:38,Southern District,Bouquet Reservoir Inflow,0.0
2026-08-24 13:43:38,Southern District,Bouquet Reservoir Outflow,226.1
2026-08-24 13:43:38,Southern District,LAA #1 at Soledad Flow,281.3
2026-08-24 13:43:38,Southern District,LAA #2 at Soledad Flow,247.8
2026-08-24 13:58:36,Mono Basin,Lee Vining Intake Above Flow,26.8
2026-08-24 13:58:36,Mono Basin,Lee Vining Intake Below Flow,27.2
2026-08-24 13:58:36,Mono Basin,Walker Ck. Above Conduit Flow,4.0
2026-08-24 13:58:36,Mono Basin,L.V. Conduit Below Intake Flow,0.6
2026-08-24 13:58:36,Mono Basin,Walker Ck. Under Conduit Flow,4.0
2026-08-24 13:58:36,Mono Basin,Parker Ck. Under Conduit Flow,13.0
2026-08-24 13:58:36,Mono Basin,Parker Ck. Above Conduit Flow,14.0
2026-08-24 13:58:36,Mono Basin,Grant Lk. Spill Flow,0.0
2026-08-24 13:58:36,Mono Basin,Mono Gate 1 Return Ditch Flow,38.7
2026-08-24 13:58:36,Mono Basin,Grant Lk. Outflow,39.7
2026-08-24 13:58:36,Mono Basin,Rush Ck. at Damsite Flow,9.9
2026-08-24 13:58:36,Mono Basin,Flow to West Portal,0.0
2026-08-24 13:58:36,Long Valley,East Portal Flow,12.0
2026-08-24 13:58:36,Long Valley,OR Below EP Flow,56.0
2026-08-24 13:58:36,Long Valley,Hot Ck.at Hwy. Flow,6.0
2026-08-24 13:58:36,Long Valley,McGee Ck. Lower Sta. Flow,10.7
2026-08-24 13:58:36,Long Valley,Long Valley Current Outflow,575.0
2026-08-24 13:58:36,Long Valley,Rock Ck. Div. Flow,0.0
2026-08-24 13:58:36,Northern Owens Valley,Rock Ck. At Owens River (PV) Flow,25.7
2026-08-24 13:58:36,Northern Owens Valley,Pleasant Valley Outflow,488.6
2026-08-24 13:58:36,Northern Owens Valley,Baker Ck. At LA Station Flow,6.5
2026-08-24 13:58:36,Northern Owens Valley,Big Pine Ck. USGS Flow,38.2
2026-08-24 13:58:36,Northern Owens Valley,O.R. Below Big Pine,491.2
2026-08-24 13:58:36,Northern Owens Valley,Fish Springs At RR Flow,34.5
2026-08-24 13:58:36,Northern Owens Valley,Tinemaha Reservoir Outflow,475.8
2026-08-24 13:58:36,Southern Owens Valley,Tinemaha Reservoir Outflow,475.8
2026-08-24 13:58:36,Southern Owens Valley,Indep. Ck. At Junction Flow,4.7
2026-08-24 13:58:36,Southern Owens Valley,LAA at Alabama Flow,412.0
2026-08-24 13:58:36,Southern Owens Valley,Cottonwood Ck. At LAA Flow,0.0
2026-08-24 13:58:36,Southern Owens Valley,LAA at Cottonwood Flow,458.0
2026-08-24 13:58:36,Southern Owens Valley,Haiwee LAA #1 Current Flow,0.0
2026-08-24 13:58:36,Southern Owens Valley,Haiwee LAA #2 Current Flow,99.6
2026-08-24 13:58:36,Southern Owens Valley,Reinhackel Flow,2.9
2026-08-24 13:58:36,Southern Owens Valley,Lubkin Spillgate Outflow,0.0
2026-08-24 13:58:36,Southern Owens Valley,Cartago Spillgate Outflow,0.0
2026-08-24 13:58:36,Lower Owens River Project,LORP Intake Flow,80.0
2026-08-24 13:58:36,Lower Owens River Project,LORP at Mazourka Canyon Road,0.0
2026-08-24 13:58:36,Lower Owens River Project,LORP at Reinhackle Springs,64.0
2026-08-24 13:58:36,Lower Owens River Project,LORP Above Pumpstation,50.0
2026-08-24 13:58:36,Southern District,Haiwee LAA #2 Current Flow,99.6
2026-08-24 13:58:36,Southern District,Haiwee LAA #1 Current Flow,0.0
2026-08-24 13:58:36,Southern District,LAA #1 Flow at Fairmont Reservoir,242.9
2026-08-24 13:58:36,Southern District,LAA #2 Flow at Fairmont Res.,132.4
2026-08-24 13:58:36,Southern District,Bouquet Reservoir Inflow,0.0
2026-08-24 13:58:36,Southern District,Bouquet Reservoir Outflow,231.3
2026-08-24 13:58:36,Southern District,LAA #1 at Soledad Flow,281.3
2026-08-24 13:58:36,Southern District,LAA #2 at Soledad Flow,247.8
2026-08-24 13:58:37,Mono Basin,Mono Lk. Elevation,6382.2
2026-08-24 13:58:37,Mono Basin,Grant Lk. Elevation,7129.4
2026-08-24 13:58:37,Long Valley,Long Valley Elevation,6771.4
2026-08-24 13:58:37,Northern Owens Valley,Pleasant Valley Elevation,4384.7
2026-08-24 13:58:37,Northern Owens Valley,Tinemaha Elevation,3862.0
2026-08-24 13:58:37,Southern Owens Valley,Tinemaha Elevation,3862.0
2026-08-24 13:58:37,Southern Owens Valley,LAA at Alabama Level,7.9
2026-08-24 13:58:37,Southern Owens Valley,LAA at Alabama Water Temp,73.0
2026-08-24 13:58:37,Southern Owens Valley,LAA at Cottonwood Level,8.9
2026-08-24 13:58:37,Southern Owens Valley,LAA at Cotton. Water Temp,74.8
2026-08-24 13:58:37,Southern Owens Valley,N. Haiwee Elevation,3757.1
2026-08-24 13:58:37,Southern Owens Valley,S. Haiwee Reservoir Elevation,3726.6
2026-08-24 13:58:37,Southern District,S. Haiwee Reservoir Elevation,3726.6
2026-08-24 13:58:37,Southern District,Fairmont Reservoir Elevation,3022.2
2026-08-24 13:58:37,Southern District,Bouquet Reservoir Elevation,2977.5
